keyword,search_volume,rank,difficulty,main_intent,cpc,etv,page,url
hồ hoàn kiếm,368000,65,15,commercial,$0.14,773,Hồ Hoàn Kiếm, Hà Nội,https://vietgoing.com/destination/248-ho-hoan-kiem.html
lăng chủ tịch hồ chí minh,246000,82,0,informational,$0.07,517,Lăng Chủ Tịch Hồ Chí Minh, Hà Nội,https://vietgoing.com/destination/835-lang-chu-tich-ho-chi-minh.html
khách sạn gần đây,201000,15,4,commercial,$0.30,1026,Top 10 khách sạn gần Phố Đi Bộ Hà Nội giá rẻ tiện nghi ...,https://vietgoing.com/top/122-top-10-khach-san-gan-pho-di-bo-ha-noi-gia-re-tien-nghi-nhat-hien-nay.html
cầu rồng,110000,92,0,informational,$0.07,231,Cầu Rồng Đà Nẵng,https://vietgoing.com/destination/140-cau-rong-da-nang.html
bãi sau,90500,62,0,informational,$0.13,191,Bãi Sau (Bãi Thùy Vân), Vũng Tàu,https://vietgoing.com/destination/508-bai-sau-bai-thuy-van.html
công viên hòa bình,90500,90,0,commercial,$0.07,191,Công viên, Khu vui chơi nổi tiếng ở Hòa Bình,https://vietgoing.com/destination/city-3-hoa-binh.html?type=C%C3%B4ng+vi%C3%AAn,+Khu+vui+ch%C6%A1i
nhà hát lớn hà nội,90500,51,4,informational,$0.14,191,Nhà Hát Lớn Hà Nội,https://vietgoing.com/destination/333-nha-hat-lon-ha-noi.html
sầm sơn,90500,66,9,commercial,$0.30,191,Biển Sầm Sơn, Thanh Hóa,https://vietgoing.com/destination/96-bien-sam-son.html
công viên yên sở,74000,44,0,informational,$0.05,156,Công viên Yên Sở, Hà Nội,https://vietgoing.com/destination/268-cong-vien-yen-so.html
hoàng thành thăng long,74000,59,5,informational,$0.09,156,Hoàng Thành Thăng Long, Hà Nội,https://vietgoing.com/destination/688-hoang-thanh-thang-long.html
chùa tam chúc,60500,53,6,commercial,$0.08,128,Chùa Tam Chúc, Hà Nam,https://vietgoing.com/destination/12-chua-tam-chuc.html
grand world phú quốc,60500,33,7,commercial,$0.36,128,Grand World Phú Quốc,https://vietgoing.com/destination/1026-grand-world-phu-quoc.html
hang múa,60500,51,0,commercial,$0.15,128,Hang Múa Ninh Bình giá mới nhất, giảm đến 30%,https://vietgoing.com/hotel/2059-hang-mua-ninh-binh.html
mũi né,60500,64,6,commercial,$0.50,128,Mũi Né, Phan Thiết,https://vietgoing.com/destination/306-mui-ne.html
vĩnh hy,60500,76,6,informational,$0.35,128,Vịnh Vĩnh Hy, Ninh Thuận,https://vietgoing.com/destination/302-vinh-vinh-hy.html
chùa thiên mụ,49500,78,3,informational,$0.06,104,Chùa Thiên Mụ Huế,https://vietgoing.com/destination/158-chua-thien-mu-hue.html
hồ hoàn kiếm hàng trống hoàn kiếm hà nội,49500,30,15,commercial,$0.15,104,Hồ Hoàn Kiếm, Hà Nội,https://vietgoing.com/destination/248-ho-hoan-kiem.html
long hải,49500,77,0,navigational,$0.42,104,Biển Long Hải, Vũng Tàu,https://vietgoing.com/destination/412-bien-long-hai.html
nông trại cún puppy farm,49500,75,0,commercial,$0.08,104,Trang Trại Cún - Nông Trại Cún - Puppy Farm, Đà Lạt,https://vietgoing.com/destination/638-trang-trai-cun-nong-trai-cun-puppy-farm.html
tà xùa,49500,65,0,commercial,$0.19,104,Tà Xùa, Sơn La,https://vietgoing.com/destination/263-ta-xua.html
bãi biển mỹ khê,40500,79,0,informational,$0.13,86,Bãi Biển Mỹ Khê, Đà Nẵng,https://vietgoing.com/destination/320-bai-bien-my-khe.html
bãi sau vũng tàu,40500,68,0,informational,$0.19,86,Bãi Sau (Bãi Thùy Vân), Vũng Tàu,https://vietgoing.com/destination/508-bai-sau-bai-thuy-van.html
bảo tàng quảng ninh,40500,77,0,navigational,$0.05,86,Bảo Tàng Quảng Ninh,https://vietgoing.com/destination/862-bao-tang-quang-ninh.html
chùa bà châu đốc,40500,54,0,informational,$0.05,86,Chùa Bà - Châu Đốc, An Giang,https://vietgoing.com/destination/927-chua-ba-chau-doc.html
chùa trấn quốc,40500,81,0,informational,$0.05,86,Chùa Trấn Quốc, Hà Nội,https://vietgoing.com/destination/332-chua-tran-quoc.html
hotel gần đây,40500,21,7,navigational,$0.19,94,Top 10 khách sạn gần sân bay Tân Sơn Nhất đẹp, giá rẻ ...,https://vietgoing.com/top/118-top-10-khach-san-gan-san-bay-tan-son-nhat-dep-gia-re-tien-nghi.html
hoàn kiếm,40500,85,6,commercial,$0.12,86,Hồ Hoàn Kiếm, Hà Nội,https://vietgoing.com/destination/248-ho-hoan-kiem.html
hồ tuyền lâm,40500,90,0,informational,$0.13,86,Hồ Tuyền Lâm, Đà Lạt,https://vietgoing.com/destination/380-ho-tuyen-lam.html
miếu bà chúa xứ núi sam,40500,63,0,informational,$0.09,86,Miếu Bà Chúa Xứ Núi Sam, An Giang,https://vietgoing.com/destination/589-mieu-ba-chua-xu-nui-sam.html
new world saigon hotel,40500,21,0,commercial,$0.96,94,Khách sạn New World Saigon Hotel Hồ Chí Minh,https://vietgoing.com/hotel/2823-new-world-saigon-hotel.html
núi cấm,40500,49,0,informational,--,86,Cẩm nang du lịch Núi Cẩm - An Giang từ A đến Z mới nhất,https://vietgoing.com/article/253-cam-nang-du-lich-nui-cam-an-giang-tu-a-den-z-moi-nhat.html
phú lộc,40500,59,0,informational,--,86,Địa điểm du lịch nổi tiếng ở Phú Lộc, Huế,https://vietgoing.com/destination/district-358-huyen-phu-loc.html
quảng trường lâm viên,40500,50,0,commercial,$0.06,86,Quảng Trường Lâm Viên, Đà Lạt,https://vietgoing.com/destination/254-quang-truong-lam-vien.html
tháp bà ponagar,40500,86,3,informational,$0.11,86,Tháp Bà Ponagar, Nha Trang,https://vietgoing.com/destination/179-thap-ba-ponagar.html
đin,40500,44,0,informational,$0.08,86,Đèo Pha Đin, Điện Biên,https://vietgoing.com/destination/270-deo-pha-din.html
đường bùi viện,40500,86,0,informational,$0.09,86,Phố Đi Bộ Bùi Viện, Hồ Chí Minh,https://vietgoing.com/destination/757-pho-di-bo-bui-vien.html
đền bà chúa kho,40500,32,0,informational,$0.03,86,Đền Bà Chúa Kho, Bắc Ninh,https://vietgoing.com/destination/11-den-ba-chua-kho.html
an thới,33100,37,0,informational,$0.75,70,Quần Đảo An Thới, Phú Quốc,https://vietgoing.com/destination/1054-quan-dao-an-thoi.html
biển mỹ khê,33100,80,0,informational,$0.58,70,Bãi Biển Mỹ Khê, Đà Nẵng,https://vietgoing.com/destination/320-bai-bien-my-khe.html
bãi trước,33100,39,5,informational,$0.08,70,Bãi Trước (Bãi Tầm Dương), Vũng Tàu,https://vietgoing.com/destination/1046-bai-truoc-bai-tam-duong.html
bến nhà rồng,33100,88,6,commercial,$0.09,70,Bến Nhà Rồng - Bảo Tàng Hồ Chí Minh,https://vietgoing.com/destination/679-ben-nha-rong-bao-tang-ho-chi-minh.html
centara mirage resort mũi né,33100,17,9,commercial,$0.53,143,Centara Mirage Resort Mũi Né Phan Thiết,https://vietgoing.com/hotel/495-centara-mirage-resort-mui-ne.html
chùa linh phước,33100,80,0,informational,$0.10,70,Chùa Linh Phước, Đà Lạt,https://vietgoing.com/destination/235-chua-linh-phuoc.html
chợ bình tây,33100,65,0,informational,$0.13,70,Chợ Lớn Mới - Chợ Bình Tây, Hồ Chí Minh,https://vietgoing.com/destination/681-cho-lon-moi-cho-binh-tay.html
khách sạn vũng tàu,33100,39,10,commercial,$0.73,70,Top 10 khách sạn Vũng Tàu giá rẻ gần biển được đặt ...,https://vietgoing.com/top/53-top-10-khach-san-vung-tau-gia-re-gan-bien-duoc-dat-nhieu-nhat.html
lăng khải định,33100,65,0,commercial,$0.08,70,Lăng Khải Định, Huế,https://vietgoing.com/destination/156-lang-khai-dinh.html
moana sapa,33100,13,0,commercial,$0.70,196,Moana Sapa,https://vietgoing.com/destination/1039-moana-sapa.html
mũi nghinh phong,33100,13,0,commercial,$0.06,196,Mũi Nghinh Phong, Vũng Tàu,https://vietgoing.com/destination/414-mui-nghinh-phong.html
mộc châu,33100,73,0,commercial,$0.18,70,Địa điểm du lịch ở Mộc Châu, Sơn La,https://vietgoing.com/destination/district-88-huyen-moc-chau.html
quán âm phật đài,33100,57,0,informational,$0.12,70,Chùa Nam Hải Quan Âm, Bạc Liêu,https://vietgoing.com/destination/529-chua-nam-hai-quan-am.html
royal hotel,33100,39,0,commercial,$0.41,70,Khách sạn Royal Hotel Hà Nội,https://vietgoing.com/hotel/2860-royal-hotel-ha-noi.html
tam chúc,33100,67,7,commercial,$0.24,70,Chùa Tam Chúc, Hà Nam,https://vietgoing.com/destination/12-chua-tam-chuc.html
tam coc bich dong,33100,84,0,commercial,$0.20,70,Tam Cốc Bích Động, Ninh Bình,https://vietgoing.com/destination/1017-tam-coc-bich-dong.html
tam cốc bích động,33100,29,0,commercial,$0.13,70,Tam Cốc Bích Động, Ninh Bình,https://vietgoing.com/destination/1017-tam-coc-bich-dong.html
thung lũng tình yêu,33100,72,0,commercial,$0.09,70,Thung Lũng Tình Yêu, Đà Lạt,https://vietgoing.com/destination/207-thung-lung-tinh-yeu.html
thạnh phú,33100,45,0,informational,$0.39,70,Địa điểm du lịch nổi tiếng ở Thạnh Phú, Bến Tre,https://vietgoing.com/destination/district-613-huyen-thanh-phu.html
vinpearl safari phú quốc,33100,52,18,commercial,$0.81,70,Vinpearl Safari Phú Quốc,https://vietgoing.com/destination/428-vinpearl-safari-phu-quoc.html
yên sở,33100,83,0,informational,$0.04,70,Công viên Yên Sở, Hà Nội,https://vietgoing.com/destination/268-cong-vien-yen-so.html
đại lải,33100,58,0,informational,$0.30,70,Hồ Đại Lải, Vĩnh Phúc,https://vietgoing.com/destination/752-ho-dai-lai.html
đền đô,33100,63,0,informational,$0.07,70,Đền Đô, Bắc Ninh,https://vietgoing.com/destination/37-den-do.html
đồi chè cầu đất,33100,88,0,commercial,$0.11,70,Đồi chè Cầu Đất, Đà Lạt,https://vietgoing.com/destination/549-doi-che-cau-dat.html
bãi xép,27100,79,0,informational,$0.18,57,Gành Ông - Bãi Xép, Phú Yên,https://vietgoing.com/destination/467-ganh-ong-bai-xep.html
bãi đá ông địa,27100,59,0,informational,$0.13,57,Bãi Đá Ông Địa, Phan Thiết,https://vietgoing.com/destination/614-bai-da-ong-dia.html
bùi viện,27100,59,0,informational,$0.17,57,Phố Đi Bộ Bùi Viện, Hồ Chí Minh,https://vietgoing.com/destination/757-pho-di-bo-bui-vien.html
chợ đầm,27100,60,0,informational,$0.13,57,Chợ Đầm Nha Trang,https://vietgoing.com/destination/458-cho-dam-nha-trang.html
eo gió,27100,78,0,informational,$0.03,57,Eo Gió, Quy Nhơn,https://vietgoing.com/destination/338-eo-gio.html
fan si pan,27100,36,16,commercial,$0.49,57,Đỉnh Fansipan, Sapa,https://vietgoing.com/destination/2-dinh-fansipan.html
fansipan,27100,69,2,informational,$0.49,57,Đỉnh Fansipan, Sapa,https://vietgoing.com/destination/2-dinh-fansipan.html
hải đăng vũng tàu,27100,77,0,informational,$0.06,57,Hải Đăng Vũng Tàu,https://vietgoing.com/destination/413-hai-dang-vung-tau.html
hồ thủy tiên,27100,64,0,commercial,$0.06,57,Hồ Thủy Tiên, Huế,https://vietgoing.com/destination/905-ho-thuy-tien.html
hồ đại lải,27100,56,0,informational,$0.14,57,Hồ Đại Lải, Vĩnh Phúc,https://vietgoing.com/destination/752-ho-dai-lai.html
khu du lịch bửu long,27100,43,0,informational,$0.03,57,Khu Du Lịch Bửu Long, Đồng Nai,https://vietgoing.com/destination/765-khu-du-lich-buu-long.html
khách sạn gần nhất,27100,24,0,commercial,$0.20,57,Top 10 khách sạn gần sân bay Tân Sơn Nhất đẹp, giá rẻ ...,https://vietgoing.com/top/118-top-10-khach-san-gan-san-bay-tan-son-nhat-dep-gia-re-tien-nghi.html
liễu giai,27100,5,0,informational,$0.08,1271,Top 8 khách sạn Hà Nội khu vực Liễu Giai siêu đẹp giá tốt ...,https://vietgoing.com/top/694-top-8-khach-san-ha-noi-khu-vuc-lieu-giai-sieu-dep-gia-tot-nhat.html
long mỹ,27100,63,0,commercial,--,57,Địa điểm du lịch nổi tiếng ở Long Mỹ, Hậu Giang,https://vietgoing.com/destination/district-685-huyen-long-my.html
làng cổ đường lâm,27100,56,0,informational,$0.04,57,Làng Cổ Đường Lâm, Hà Nội,https://vietgoing.com/destination/699-lang-co-duong-lam.html
park hyatt saigon hotel,27100,28,20,commercial,$0.30,57,Khách sạn Park Hyatt Saigon Hotel Hồ Chí Minh,https://vietgoing.com/hotel/3603-park-hyatt-saigon-hotel.html
sông nho quế,27100,54,0,commercial,$0.20,57,Sông Nho Quế, Hà Giang,https://vietgoing.com/destination/243-song-nho-que.html
sầm sơn thanh hóa,27100,54,10,informational,$0.27,57,Biển Sầm Sơn, Thanh Hóa,https://vietgoing.com/destination/96-bien-sam-son.html
thành phố phan rang tháp chàm,27100,56,0,informational,$0.24,57,Cẩm nang du lịch Phan Rang - Tháp Chàm từ A đến Z mới ...,https://vietgoing.com/article/309-cam-nang-du-lich-phan-rang-thap-cham-tu-a-den-z-moi-nhat.html
thác bản giốc,27100,67,0,commercial,$0.07,57,Thác Bản Giốc, Cao Bằng,https://vietgoing.com/destination/85-thac-ban-gioc.html
văn bàn,27100,60,0,commercial,$0.32,57,Địa điểm du lịch nổi tiếng ở Văn Bàn, Lào Cai,https://vietgoing.com/destination/district-63-huyen-van-ban.html
vịnh nha trang,27100,31,0,commercial,$0.42,57,Vịnh Nha Trang,https://vietgoing.com/destination/760-vinh-nha-trang.html
vịnh vĩnh hy,27100,70,0,commercial,$0.19,57,Vịnh Vĩnh Hy, Ninh Thuận,https://vietgoing.com/destination/302-vinh-vinh-hy.html
xẻo quýt,27100,82,0,commercial,$0.33,57,Khu du lịch Xẻo Quýt, Đồng Tháp,https://vietgoing.com/destination/773-khu-du-lich-xeo-quyt.html
đền trần,27100,49,0,transactional,$0.08,57,Đền Trần, Nam Định,https://vietgoing.com/destination/15-den-tran.html
bãi biển dốc lết,22200,59,5,informational,$0.07,47,Biển Dốc Lết, Khánh Hòa,https://vietgoing.com/destination/182-bien-doc-let.html
bình châu,22200,30,5,informational,$0.26,47,Khu Du Lịch Bình Châu, Bà Rịa - Vũng Tàu,https://vietgoing.com/destination/497-khu-du-lich-binh-chau.html
bảo tàng áo dài,22200,60,0,informational,$0.08,47,Bảo Tàng Áo Dài, Hồ Chí Minh,https://vietgoing.com/destination/506-bao-tang-ao-dai.html
chùa hàng,22200,16,0,commercial,$0.06,96,Chùa Dư Hàng, Hải Phòng,https://vietgoing.com/destination/948-chua-du-hang.html
cát bà,22200,69,6,commercial,$0.53,47,Đảo Cát Bà, Cát Hải,https://vietgoing.com/destination/66-dao-cat-ba.html
gold city,22200,6,15,commercial,$1.41,751,Gold City Hotel Tây Ninh giá mới nhất, giảm đến 30%,https://vietgoing.com/hotel/1527-gold-city-hotel-tay-ninh.html
khu du lịch sinh thái thung nham ninh bình,22200,45,8,commercial,$0.14,47,Resort Khu Du Lịch Sinh Thái Thung Nham Ninh Bình,https://vietgoing.com/hotel/951-khu-du-lich-sinh-thai-thung-nham-ninh-binh.html
khách sạn sheraton sài gòn,22200,28,0,commercial,$0.44,47,Sheraton Saigon Grand Opera Hotel Ho Chi Minh Hồ Chí ...,https://vietgoing.com/hotel/3893-sheraton-saigon-grand-opera-hotel-ho-chi-minh.html
khách sạn đà lạt,22200,49,0,commercial,$0.73,47,Top 10 khách sạn Đà Lạt được đặt nhiều nhất 2026,https://vietgoing.com/top/167-top-10-khach-san-da-lat-duoc-dat-nhieu-nhat.html
ky co beach,22200,48,0,commercial,$0.80,47,Kỳ Co, Quy Nhơn,https://vietgoing.com/destination/339-ky-co.html
lagi,22200,28,0,commercial,$0.53,47,Cẩm nang du lịch LaGi - Bình Thuận từ A đến Z mới nhất,https://vietgoing.com/article/274-cam-nang-du-lich-lagi-binh-thuan-tu-a-den-z-moi-nhat.html
làng chài mũi né,22200,47,0,commercial,$0.10,47,Làng Chài Mũi Né, Phan Thiết,https://vietgoing.com/destination/618-lang-chai-mui-ne.html
làng hoa sa đéc,22200,73,0,informational,$0.29,47,Làng Hoa Sa Đéc, Đồng Tháp,https://vietgoing.com/destination/422-lang-hoa-sa-dec.html
mù cang chải,22200,72,0,commercial,$0.27,47,Mù Cang Chải, Yên Bái,https://vietgoing.com/destination/107-mu-cang-chai.html
mũi điện,22200,54,0,commercial,--,47,Mũi Điện Phú Yên,https://vietgoing.com/destination/194-mui-dien-phu-yen.html
nghĩa hưng,22200,54,0,informational,--,47,Địa điểm du lịch nổi tiếng ở Nghĩa Hưng, Nam Định,https://vietgoing.com/destination/district-258-huyen-nghia-hung.html
nha trang bay,22200,86,1,commercial,$0.18,47,Khách sạn tốt nhất tại Nha Trang,https://vietgoing.com/hotel/district-420-thanh-pho-nha-trang.html?dich-vu[0]=%C4%90%C6%B0a+%C4%91%C3%B3n+s%C3%A2n+bay+mi%E1%BB%85n+ph%C3%AD&sort=price-asc&canh-quan[0]=Gi%C3%A1p+bi%E1%BB%83n&utm_web=25
ong lang beach,22200,51,0,commercial,$0.79,47,Bãi Biển Ông Lang Phú Quốc,https://vietgoing.com/destination/217-bai-bien-ong-lang-phu-quoc.html
tam coc,22200,75,0,commercial,$0.65,47,Tam Cốc Bích Động, Ninh Bình,https://vietgoing.com/destination/1017-tam-coc-bich-dong.html
tri tôn,22200,81,0,commercial,$0.02,47,Địa điểm du lịch nổi tiếng ở Tri Tôn, An Giang,https://vietgoing.com/destination/district-651-huyen-tri-ton.html
tà xùa ở đâu,22200,64,0,informational,$0.04,47,Tà Xùa, Sơn La,https://vietgoing.com/destination/263-ta-xua.html
vân hòa,22200,40,0,commercial,$0.09,47,Cao Nguyên Vân Hòa, Phú Yên,https://vietgoing.com/destination/809-cao-nguyen-van-hoa.html
đảo phú quý,22200,68,1,informational,$0.16,47,Đảo Phú Quý, Bình Thuận,https://vietgoing.com/destination/512-dao-phu-quy.html
đảo tuần châu,22200,63,3,informational,$0.04,47,Đảo Tuần Châu, Hạ Long,https://vietgoing.com/destination/1022-dao-tuan-chau.html
đền kiếp bạc,22200,40,0,informational,--,47,Đền Kiếp Bạc, Hải Dương,https://vietgoing.com/destination/40-den-kiep-bac.html
đồi cát đỏ,22200,89,0,informational,$0.21,47,Đồi Cát Bay, Bình Thuận,https://vietgoing.com/destination/208-doi-cat-bay.html
asteria mui ne resort,18100,46,0,navigational,$0.34,39,Asteria Mũi Né Resort Phan Thiết,https://vietgoing.com/hotel/3552-asteria-mui-ne-resort.html
biển nhật lệ,18100,53,0,informational,$0.17,39,Bãi Biển Nhật Lệ, Quảng Bình,https://vietgoing.com/destination/279-bai-bien-nhat-le.html
bãi biển đồ sơn,18100,27,0,informational,$0.01,39,Bãi biển Đồ Sơn, Hải Phòng,https://vietgoing.com/destination/992-bai-bien-do-son.html
bửu long,18100,47,0,informational,$0.03,39,Khu Du Lịch Bửu Long, Đồng Nai,https://vietgoing.com/destination/765-khu-du-lich-buu-long.html
chùa bửu long,18100,40,0,informational,$0.09,39,Chùa Bửu Long, Hồ Chí Minh,https://vietgoing.com/destination/972-chua-buu-long.html
chùa long sơn,18100,86,0,informational,$0.05,39,Chùa Long Sơn, Nha Trang,https://vietgoing.com/destination/177-chua-long-son.html
chợ hàn,18100,61,0,commercial,$0.13,39,Chợ Hàn, Đà Nẵng,https://vietgoing.com/destination/144-cho-han.html
cù lao chàm,18100,57,12,commercial,$0.23,39,Cẩm nang Du lịch Cù Lao Chàm từ A đến Z mới nhất,https://vietgoing.com/article/202-cam-nang-du-lich-cu-lao-cham-tu-a-den-z-moi-nhat.html
cầu thuận phước,18100,63,0,informational,--,39,Cầu Thuận Phước, Đà Nẵng,https://vietgoing.com/destination/139-cau-thuan-phuoc.html
cột cờ hà nội,18100,76,0,commercial,$0.07,39,Cột Cờ Hà Nội,https://vietgoing.com/destination/887-cot-co-ha-noi.html
dolce by wyndham hanoi golden lake,18100,29,18,commercial,$0.56,39,Khách sạn Dolce by Wyndham Hà Nội Golden Lake,https://vietgoing.com/hotel/1358-dolce-by-wyndham-ha-noi-golden-lake.html
ga đà lạt,18100,95,0,commercial,$0.12,39,Ga Đà Lạt,https://vietgoing.com/destination/234-ga-da-lat.html
ghềnh bàng,18100,51,0,informational,$0.06,39,Ghềnh Bàng, Đà Nẵng,https://vietgoing.com/destination/894-ghenh-bang.html
hang sơn đoòng,18100,72,2,informational,$0.44,39,Hang Sơn Đoòng, Quảng Bình,https://vietgoing.com/destination/547-hang-son-doong.html
hòn chồng,18100,79,0,commercial,$0.08,39,Hòn Chồng Hòn Vợ, Nha Trang,https://vietgoing.com/destination/456-hon-chong-hon-vo.html
khách sạn mường thanh grand hà nội,18100,36,0,navigational,$0.25,39,Khách sạn Mường Thanh Grand Hà Nội Centre Hotel,https://vietgoing.com/hotel/1354-muong-thanh-grand-ha-noi-centre-hotel.html
khách sạn nha trang,18100,40,10,commercial,$1.31,39,10 khách sạn Nha Trang sang trọng nhất 2025,https://vietgoing.com/top/38-10-khach-san-nha-trang-sang-trong-nhat.html
khách sạn tân sơn nhất,18100,37,0,informational,$0.54,39,Top 10 khách sạn gần sân bay Tân Sơn Nhất đẹp, giá rẻ ...,https://vietgoing.com/top/118-top-10-khach-san-gan-san-bay-tan-son-nhat-dep-gia-re-tien-nghi.html
langbiang,18100,65,0,commercial,$0.09,39,Núi Langbiang, Lâm Đồng,https://vietgoing.com/destination/232-nui-langbiang.html
liberty central saigon riverside hotel,18100,15,6,commercial,$0.78,93,Hệ thống khách sạn Liberty Central Sài Gòn 2025,https://vietgoing.com/top/414-he-thong-khach-san-liberty-central-sai-gon.html
làng cù lần,18100,64,0,informational,$0.17,39,Làng Cù Lần, Lâm Đồng,https://vietgoing.com/destination/643-lang-cu-lan.html
mandala retreats kim bôi,18100,35,0,commercial,$0.31,39,Khách sạn Mandala Retreats Kim Bôi Hòa Bình,https://vietgoing.com/hotel/316-mandala-retreats-kim-boi.html
melia vinpearl danang riverfront,18100,40,0,commercial,$0.53,39,Khách sạn Meliá Vinpearl Đà Nẵng Riverfront,https://vietgoing.com/hotel/407-melia-vinpearl-da-nang-riverfront.html
merperle dalat hotel,18100,54,10,navigational,$0.41,39,Khách sạn MerPerle Đà Lạt Hotel,https://vietgoing.com/hotel/3692-merperle-da-lat-hotel.html
mũi kê gà,18100,67,0,commercial,$0.24,39,Hải Đăng Kê Gà, Bình Thuận,https://vietgoing.com/destination/609-hai-dang-ke-ga.html
mộ đại tướng võ nguyên giáp,18100,58,0,transactional,$0.11,39,Mộ Đại Tướng Võ Nguyên Giáp, Quảng Bình,https://vietgoing.com/destination/277-mo-dai-tuong-vo-nguyen-giap.html
nhà công tử bạc liêu,18100,62,0,informational,$0.07,39,Nhà Công Tử Bạc Liêu,https://vietgoing.com/destination/251-nha-cong-tu-bac-lieu.html
sun plaza sapa,18100,18,0,commercial,$0.36,60,Sun Plaza Sapa,https://vietgoing.com/destination/877-sun-plaza-sapa.html
suối cá thần cẩm lương,18100,25,0,informational,--,39,Suối Cá Thần Cẩm Lương, Thanh Hóa,https://vietgoing.com/destination/561-suoi-ca-than-cam-luong.html
tt lăng cô,18100,58,0,informational,$0.49,39,Lăng Cô, Huế,https://vietgoing.com/destination/154-lang-co.html
tuyệt tình cốc,18100,83,0,informational,$0.21,39,Tuyệt Tình Cốc, Ninh Bình,https://vietgoing.com/destination/24-tuyet-tinh-coc.html
vedana huế,18100,51,2,commercial,$0.27,39,Vedana Lagoon Resort & Spa Huế - Vietgoing.com,https://vietgoing.com/hotel/729-vedana-lagoon-resort-spa-hue.html
vedana lagoon,18100,56,9,commercial,$0.27,39,Vedana Lagoon Resort & Spa Huế - Vietgoing.com,https://vietgoing.com/hotel/729-vedana-lagoon-resort-spa-hue.html
vedana resort huế,18100,41,5,commercial,$0.27,39,Vedana Lagoon Resort & Spa Huế - Vietgoing.com,https://vietgoing.com/hotel/729-vedana-lagoon-resort-spa-hue.html
vinholidays fiesta phú quốc,18100,41,0,commercial,$0.83,39,VinHolidays Fiesta Phú Quốc,https://vietgoing.com/hotel/396-vinholidays-fiesta-phu-quoc.html
văn miếu,18100,44,13,informational,$0.03,39,Văn Miếu - Quốc Tử Giám, Hà Nội,https://vietgoing.com/destination/330-van-mieu-quoc-tu-giam.html
vĩnh bảo,18100,62,0,informational,--,39,Bãi biển, Vịnh, Đảo nổi tiếng ở Vĩnh Bảo, Hải Phòng,https://vietgoing.com/destination/district-227-huyen-vinh-bao.html?type=B%C3%A3i+bi%E1%BB%83n,+V%E1%BB%8Bnh,+%C4%90%E1%BA%A3o
vịnh lan hạ,18100,71,8,commercial,$0.44,39,Vịnh Lan Hạ, Cát Hải,https://vietgoing.com/destination/62-vinh-lan-ha.html
vịnh đà nẵng,18100,71,0,commercial,$0.02,39,Bãi biển, Vịnh, Đảo nổi tiếng ở Sơn Trà, Đà Nẵng,https://vietgoing.com/destination/district-363-quan-son-tra.html?type=B%C3%A3i+bi%E1%BB%83n,+V%E1%BB%8Bnh,+%C4%90%E1%BA%A3o
yên lạc,18100,74,0,informational,$0.05,39,Địa điểm du lịch nổi tiếng ở Yên Lạc, Vĩnh Phúc,https://vietgoing.com/destination/district-178-huyen-yen-lac.html
đường hầm điêu khắc,18100,41,0,commercial,$0.07,39,Đường Hầm Điêu Khắc, Đà Lạt,https://vietgoing.com/destination/634-duong-ham-dieu-khac.html
đại nội huế,18100,80,0,commercial,$0.08,39,Đại Nội Huế,https://vietgoing.com/destination/157-dai-noi-hue.html
đỉnh bàn cờ,18100,52,0,commercial,$0.06,39,Đỉnh Bàn Cờ Đà Nẵng,https://vietgoing.com/destination/993-dinh-ban-co-da-nang.html
a la carte danang beach,14800,11,1,commercial,$0.43,135,Khách sạn À La Carte Đà Nẵng Beach Hotel,https://vietgoing.com/hotel/678-a-la-carte-da-nang-beach-hotel.html
amiana resort nha trang,14800,36,5,commercial,$0.55,30,Amiana Resort Nha Trang,https://vietgoing.com/hotel/285-amiana-resort-nha-trang.html
biển thiên cầm,14800,62,0,informational,$0.69,32,Biển Thiên Cầm, Hà Tĩnh,https://vietgoing.com/destination/308-bien-thien-cam.html
bãi biển an bàng,14800,49,0,informational,$0.22,32,Bãi Biển An Bàng, Hội An,https://vietgoing.com/destination/10-bai-bien-an-bang.html
bãi biển thuận an,14800,14,0,informational,$0.01,83,Bãi Biển Thuận An, Huế,https://vietgoing.com/destination/621-bai-bien-thuan-an.html
bãi trường,14800,71,0,informational,$0.16,32,Bãi Trường Phú Quốc,https://vietgoing.com/destination/1029-bai-truong-phu-quoc.html
citadines marina halong,14800,51,0,commercial,$0.90,32,Khách sạn Citadines Marina Hạ Long,https://vietgoing.com/hotel/2682-citadines-marina-ha-long.html
cô tô,14800,66,0,commercial,$0.26,32,Đảo Cô Tô, Quảng Ninh,https://vietgoing.com/destination/244-dao-co-to.html
cầu mây tam đảo,14800,22,0,informational,$0.08,33,Cầu Mây Tam Đảo,https://vietgoing.com/destination/748-cau-may-tam-dao.html
cầu nguyệt viên,14800,18,0,informational,$0.16,49,Làng Nguyệt Viên, Thanh Hóa,https://vietgoing.com/destination/128-lang-nguyet-vien.html
dinh cậu,14800,53,0,informational,$0.14,32,Mũi Dinh Cậu, Phú Quốc,https://vietgoing.com/destination/1025-mui-dinh-cau.html
hang rái,14800,45,0,informational,$0.29,32,Hang Rái, Ninh Thuận,https://vietgoing.com/destination/180-hang-rai.html
homestay đà lạt,14800,29,2,navigational,$0.41,32,Top 10 homestay Đà Lạt được du khách yêu thích nhất 2026,https://vietgoing.com/top/401-top-10-homestay-da-lat-duoc-du-khach-yeu-thich-nhat.html
hotel grand saigon,14800,25,10,commercial,$0.64,32,Khách sạn Grand Saigon Hotel Hồ Chí Minh,https://vietgoing.com/hotel/1551-grand-saigon-hotel.html
hoàng thị loan,14800,20,0,informational,$0.05,36,Khu Mộ Bà Hoàng Thị Loan, Nghệ An,https://vietgoing.com/destination/710-khu-mo-ba-hoang-thi-loan.html
hòn rơm,14800,47,0,navigational,$0.22,32,Khu du lịch Hòn Rơm, Phan Thiết,https://vietgoing.com/destination/209-khu-du-lich-hon-rom.html
hòn đá bạc,14800,70,0,informational,--,32,Hòn Đá Bạc - Cà Mau,https://vietgoing.com/destination/313-hon-da-bac-ca-mau.html
hưng nguyên,14800,79,0,informational,$0.11,32,Địa điểm du lịch nổi tiếng ở Hưng Nguyên, Nghệ An,https://vietgoing.com/destination/district-318-huyen-hung-nguyen.html
hội quán phước kiến,14800,30,0,commercial,$0.29,32,Hội Quán Phước Kiến, Hội An,https://vietgoing.com/destination/152-hoi-quan-phuoc-kien.html
khách sạn hoàng long,14800,43,0,commercial,$0.20,32,Hoàng Long Hotel Phan Thiết Phan Thiết - Mũi Né giá mới ...,https://vietgoing.com/hotel/2133-hoang-long-hotel-phan-thiet.html
krông năng,14800,64,0,informational,$0.02,32,Địa điểm du lịch nổi tiếng ở Krông Năng, Đắk Lắk,https://vietgoing.com/destination/district-480-huyen-krong-nang.html
long thuận,14800,53,0,informational,$0.07,32,Long Thuan Hotel & Resort Ninh Thuận,https://vietgoing.com/hotel/3062-long-thuan-hotel-resort.html
melia hồ tràm,14800,60,10,commercial,$0.29,32,Meliá Hồ Tràm Beach Resort Vũng Tàu Bà Rịa,https://vietgoing.com/hotel/74-melia-ho-tram-beach-resort-vung-tau.html
mercure vũng tàu,14800,23,12,commercial,$0.35,32,Khách sạn Mercure Vũng Tàu Hotel,https://vietgoing.com/hotel/273-mercure-vung-tau-hotel.html
movenpick resort cam ranh,14800,50,24,commercial,$0.40,32,Movenpick Resort Cam Ranh Khánh Hòa,https://vietgoing.com/hotel/2931-movenpick-resort-cam-ranh.html
mui ne,14800,58,16,commercial,$1.12,32,Mũi Né, Phan Thiết,https://vietgoing.com/destination/306-mui-ne.html
mũi nghê,14800,37,0,informational,$0.19,32,Mũi Nghê Đà Nẵng,https://vietgoing.com/destination/1044-mui-nghe-da-nang.html
nhà bên suối,14800,8,0,informational,$0.19,292,Homestay Stream House Nhà Bên Suối Sóc Sơn Hà Nội,https://vietgoing.com/hotel/690-stream-house-nha-ben-suoi-soc-son.html
novotel hà nội thái hà,14800,41,0,commercial,$0.17,32,Novotel Hà Nội Thái Hà Hotel giá mới nhất, giảm đến 30%,https://vietgoing.com/hotel/1649-novotel-ha-noi-thai-ha-hotel.html
peridot grand luxury boutique hotel,14800,23,0,commercial,$0.72,32,Khách sạn Peridot Grand Luxury Boutique Hotel Hà Nội,https://vietgoing.com/hotel/2655-peridot-grand-luxury-boutique-hotel.html
phù cừ,14800,61,0,commercial,--,32,Địa điểm du lịch nổi tiếng ở Phù Cừ, Hưng Yên,https://vietgoing.com/destination/district-239-huyen-phu-cu.html
phú riềng,14800,54,4,commercial,$0.07,32,Địa điểm du lịch nổi tiếng ở Phú Riềng, Bình Phước,https://vietgoing.com/destination/district-518-huyen-phu-rieng.html
premier residences phu quoc emerald bay managed by accor,14800,15,7,navigational,$0.98,76,Premier Residences Phú Quốc Emerald Bay Managed by ...,https://vietgoing.com/hotel/2298-premier-residences-phu-quoc-emerald-bay-managed-by-accor-hotel.html
quán gió tam đảo,14800,8,0,commercial,--,292,Quán Gió Tam Đảo,https://vietgoing.com/destination/92-quan-gio-tam-dao.html
resort vĩnh hy,14800,20,0,commercial,$0.32,36,Resort Vĩnh Hy Ninh Thuận giá mới nhất, giảm đến 30%,https://vietgoing.com/hotel/3180-resort-vinh-hy.html
ruby hotel,14800,31,4,commercial,$0.46,32,Khách sạn Ruby Hotel Nha Trang,https://vietgoing.com/hotel/528-ruby-hotel-nha-trang.html
selectum noa resort cam ranh,14800,70,0,commercial,$0.28,32,Resort Selectum Noa Cam Ranh Khánh Hòa,https://vietgoing.com/hotel/1160-selectum-noa-cam-ranh.html
serena resort kim bôi,14800,34,5,commercial,$0.41,30,Serena Resort Kim Bôi Hòa Bình,https://vietgoing.com/hotel/22-serena-resort-kim-boi-hoa-binh.html
sheraton saigon grand opera hotel,14800,21,0,commercial,$0.45,35,Sheraton Saigon Grand Opera Hotel Ho Chi Minh Hồ Chí ...,https://vietgoing.com/hotel/3893-sheraton-saigon-grand-opera-hotel-ho-chi-minh.html
suối,14800,33,0,informational,$0.19,32,Khám phá 12 con suối đẹp nhất ở Huế - Điểm dừng chân ...,https://vietgoing.com/article/381-kham-pha-12-con-suoi-dep-nhat-o-hue-diem-dung-chan-ly-tuong-cho-mua-he-mat-me.html
thiền viện trúc lâm,14800,88,0,informational,$0.08,32,Thiền Viện Trúc Lâm, Đà Lạt,https://vietgoing.com/destination/201-thien-vien-truc-lam.html
thác voi,14800,53,0,commercial,$0.46,32,Thác Voi, Lâm Đồng,https://vietgoing.com/destination/239-thac-voi.html
thác đray nur,14800,60,0,informational,$0.04,32,Thác Dray Nur, Đắk Lắk,https://vietgoing.com/destination/265-thac-dray-nur.html
tà nung,14800,40,0,commercial,$0.13,32,Đèo Tà Nung, Đà Lạt,https://vietgoing.com/destination/237-deo-ta-nung.html
tây yên tử,14800,35,0,informational,$0.01,32,Chùa Tây Yên Tử, Bắc Giang,https://vietgoing.com/destination/8-chua-tay-yen-tu.html
vien dong hotel,14800,39,4,navigational,$0.64,32,Khách sạn Viễn Đông Hotel Hồ Chí Minh,https://vietgoing.com/hotel/1509-vien-dong-hotel-ho-chi-minh.html
vincom plaza hạ long,14800,21,0,commercial,$0.99,35,Vincom Plaza Hạ Long,https://vietgoing.com/destination/225-vincom-plaza-ha-long.html
vinpearl resort & spa phú quốc,14800,34,3,commercial,$0.91,32,Vinpearl Resort & Spa Phú Quốc,https://vietgoing.com/hotel/404-vinpearl-resort-spa-phu-quoc.html
wyndham grand phu quoc,14800,44,3,commercial,$0.44,32,Khách sạn Wyndham Grand Phú Quốc,https://vietgoing.com/hotel/366-wyndham-grand-phu-quoc.html
đảo cô tô,14800,48,0,commercial,$0.01,32,Đảo Cô Tô, Quảng Ninh,https://vietgoing.com/destination/244-dao-co-to.html
đảo lý sơn,14800,65,9,informational,$0.21,32,Đảo Lý Sơn, Quảng Ngãi,https://vietgoing.com/destination/162-dao-ly-son.html
ana mandara cam ranh,12100,49,9,commercial,$0.23,26,Resort Ana Mandara Cam Ranh Khánh Hòa,https://vietgoing.com/hotel/2246-ana-mandara-cam-ranh.html
asteria mũi né,12100,42,0,commercial,$0.29,26,Asteria Mũi Né Resort Phan Thiết,https://vietgoing.com/hotel/3552-asteria-mui-ne-resort.html
best western premier sonasea phu quoc,12100,24,0,commercial,$0.36,26,Resort Best Western Premier Sonasea Phú Quốc,https://vietgoing.com/hotel/380-best-western-premier-sonasea-phu-quoc.html
biển hải tiến,12100,55,0,informational,$0.40,26,Biển Hải Tiến, Thanh Hóa,https://vietgoing.com/destination/125-bien-hai-tien.html
bãi biển long hải,12100,20,0,informational,$0.18,30,Biển Long Hải, Vũng Tàu,https://vietgoing.com/destination/412-bien-long-hai.html
bình ba,12100,63,0,commercial,$0.29,26,Đảo Bình Ba, Khánh Hòa,https://vietgoing.com/destination/183-dao-binh-ba.html
bảo tàng dân tộc học,12100,28,2,informational,$0.02,26,Bảo tàng Dân tộc học Việt Nam, Hà Nội,https://vietgoing.com/destination/447-bao-tang-dan-toc-hoc-viet-nam.html
chùa bút tháp,12100,52,0,commercial,$0.09,26,Chùa Bút Tháp, Bắc Ninh,https://vietgoing.com/destination/35-chua-but-thap.html
chùa cái bầu,12100,66,0,commercial,--,26,Chùa Cái Bầu, Quảng Ninh,https://vietgoing.com/destination/21-chua-cai-bau.html
chùa dơi,12100,51,0,informational,--,26,Chùa Dơi (Chùa Mã Tộc), Sóc Trăng,https://vietgoing.com/destination/250-chua-doi-chua-ma-toc.html
chùa linh ẩn,12100,23,0,informational,$0.10,26,Chùa Linh Ẩn, Đà Lạt,https://vietgoing.com/destination/240-chua-linh-an.html
chùa quan thế âm,12100,19,0,informational,$0.04,33,Chùa Quan Thế Âm Bồ Tát, Vũng Tàu,https://vietgoing.com/destination/740-chua-quan-the-am-bo-tat.html
chùa quán thế âm,12100,22,0,informational,$0.04,27,Chùa Quan Thế Âm Bồ Tát, Vũng Tàu,https://vietgoing.com/destination/740-chua-quan-the-am-bo-tat.html
chùa tây thiên,12100,16,0,informational,$0.01,53,Thiền Viện Trúc Lâm Tây Thiên, Tam Đảo,https://vietgoing.com/destination/9-thien-vien-truc-lam-tay-thien.html
cầu kính bạch long,12100,12,0,commercial,$0.07,91,Vé Cầu Kính Bạch Long Mộc Châu giá mới nhất 2026,https://vietgoing.com/ticket/22-ve-cau-kinh-bach-long-moc-chau.html
cầu trần thị lý,12100,38,0,informational,$0.02,26,Cầu Trần Thị Lý, Đà Nẵng,https://vietgoing.com/destination/668-cau-tran-thi-ly.html
ea kar,12100,62,1,commercial,--,26,Địa điểm du lịch nổi tiếng ở Ea Kar, Đắk Lắk,https://vietgoing.com/destination/district-481-huyen-ea-kar.html
havana nha trang,12100,42,9,commercial,$0.55,26,Havana Nha Trang Hotel giá mới nhất, giảm đến 30%,https://vietgoing.com/hotel/1087-havana-nha-trang-hotel.html
havana nha trang hotel,12100,19,16,commercial,$0.55,33,Havana Nha Trang Hotel giá mới nhất, giảm đến 30%,https://vietgoing.com/hotel/1087-havana-nha-trang-hotel.html
hàm ninh,12100,67,0,informational,$0.38,26,Làng Chài Hàm Ninh, Phú Quốc,https://vietgoing.com/destination/1028-lang-chai-ham-ninh.html
hải hòa,12100,34,0,commercial,--,26,Biển Hải Hòa, Thanh Hóa,https://vietgoing.com/destination/134-bien-hai-hoa.html
intercontinental hà nội westlake,12100,24,2,commercial,$0.45,26,Khách sạn InterContinental Hanoi Westlake Hà Nội,https://vietgoing.com/hotel/2680-intercontinental-hanoi-westlake.html
khu du lịch biển cồn vành,12100,31,0,commercial,--,26,Biển Cồn Vành, Thái Bình,https://vietgoing.com/destination/732-bien-con-vanh.html
khu du lịch lang biang,12100,55,0,commercial,$0.07,26,Núi Langbiang, Lâm Đồng,https://vietgoing.com/destination/232-nui-langbiang.html
khách sạn caravelle sài gòn,12100,39,3,commercial,$0.36,26,Khách sạn Caravelle Sài Gòn Hotel Hồ Chí Minh,https://vietgoing.com/hotel/2111-caravelle-sai-gon-hotel.html
khách sạn lotte sài gòn,12100,34,0,commercial,$0.32,26,Khách sạn Lotte Hotel Sài Gòn Hồ Chí Minh,https://vietgoing.com/hotel/1647-lotte-hotel-sai-gon.html
khách sạn mường thanh luxury sài gòn,12100,24,4,commercial,$0.52,26,Hệ Thống Khách Sạn Mường Thanh Sài Gòn 2025,https://vietgoing.com/top/415-he-thong-khach-san-muong-thanh-sai-gon.html
khách sạn quận 1,12100,9,0,commercial,$0.86,182,Top 8 khách sạn 5 sao Quận 1 cao cấp sang chảnh nhất ...,https://vietgoing.com/top/82-top-8-khach-san-5-sao-quan-1-cao-cap-sang-chanh-nhat-hien-nay.html
khách sạn thanh bình,12100,27,0,commercial,$0.16,26,Khách sạn Thanh Bình Hotel Sài Gòn Hồ Chí Minh,https://vietgoing.com/hotel/1226-thanh-binh-hotel-sai-gon.html
kk sapa hotel,12100,18,3,commercial,$0.58,40,Khách sạn KK Sapa Hotel,https://vietgoing.com/hotel/6-kk-sapa-hotel.html
lotte hotel saigon,12100,24,0,commercial,$0.54,26,Khách sạn Lotte Hotel Sài Gòn Hồ Chí Minh,https://vietgoing.com/hotel/1647-lotte-hotel-sai-gon.html
melia danang beach resort,12100,28,0,commercial,$0.48,26,Meliá Danang Beach Resort Đà Nẵng,https://vietgoing.com/hotel/2249-melia-danang-beach-resort.html
meritel hanoi,12100,15,13,commercial,$0.90,62,Khách sạn Meritel Hanoi Hotel Hà Nội,https://vietgoing.com/hotel/2642-meritel-hanoi-hotel.html
movenpick phan thiết,12100,50,24,commercial,$0.36,26,Movenpick Resort Phan Thiết Bình Thuận,https://vietgoing.com/hotel/3043-movenpick-resort-phan-thiet.html
movenpick resort waverly phu quoc,12100,47,12,commercial,$0.51,26,Movenpick Resort Waverly Phú Quốc,https://vietgoing.com/hotel/28-movenpick-resort-waverly-phu-quoc.html
muine bay resort,12100,22,10,commercial,$0.49,27,Muine Bay Resort Phan Thiết Phan Thiết - Mũi Né,https://vietgoing.com/hotel/448-muine-bay-resort-phan-thiet.html
mường thanh luxury nha trang,12100,28,1,commercial,$0.42,26,Khách sạn Mường Thanh Luxury Nha Trang Hotel,https://vietgoing.com/hotel/293-muong-thanh-luxury-nha-trang-hotel.html
nam an retreat,12100,38,5,commercial,$0.27,26,Khu nghỉ dưỡng Naman Retreat Đà Nẵng,https://vietgoing.com/hotel/2930-naman-retreat-da-nang.html
nam an retreat da nang,12100,48,1,commercial,$0.27,26,Khu nghỉ dưỡng Naman Retreat Đà Nẵng,https://vietgoing.com/hotel/2930-naman-retreat-da-nang.html
naman retreat,12100,25,3,commercial,$0.27,24,Khu nghỉ dưỡng Naman Retreat Đà Nẵng,https://vietgoing.com/hotel/2930-naman-retreat-da-nang.html
nghĩa trang liệt sĩ trường sơn,12100,34,0,commercial,--,26,Nghĩa Trang Liệt Sĩ Trường Sơn, Quảng Bình,https://vietgoing.com/destination/576-nghia-trang-liet-si-truong-son.html
nhà bên rừng,12100,42,0,informational,$0.20,26,Homestay Nhà Bên Rừng - U Lesa Sóc Sơn Hà Nội,https://vietgoing.com/hotel/689-nha-ben-rung-u-lesa-soc-son.html
novotel đà nẵng,12100,60,0,commercial,$0.41,26,Khách sạn Novotel Danang Premier Han River Đà Nẵng,https://vietgoing.com/hotel/3642-novotel-danang-premier-han-river.html
núi hàm rồng,12100,66,0,informational,$0.03,26,Núi Hàm Rồng Sapa,https://vietgoing.com/destination/1-nui-ham-rong-sapa.html
núi tà cú,12100,57,0,informational,$0.76,26,Khu du lịch Núi Tà Cú, Bình Thuận,https://vietgoing.com/destination/446-khu-du-lich-nui-ta-cu.html
phật tích,12100,72,0,informational,$0.16,26,Chùa Phật Tích, Bắc Ninh,https://vietgoing.com/destination/36-chua-phat-tich.html
premier pearl hotel,12100,10,0,commercial,$0.46,137,Review Premier Pearl Vũng Tàu - Khách sạn có view biển ...,https://vietgoing.com/article/917-review-premier-pearl-vung-tau-khach-san-co-view-bien-trieu-do.html
pullman vũng tàu,12100,28,9,commercial,$0.33,26,Khách sạn Pullman Vũng Tàu,https://vietgoing.com/hotel/264-pullman-vung-tau.html
quê bác,12100,73,0,informational,--,26,Làng Sen - Quê Bác, Nghệ An,https://vietgoing.com/destination/117-lang-sen-que-bac.html
quảng trường tam đảo,12100,6,0,informational,$0.04,409,Quảng Trường Trung Tâm Tam Đảo,https://vietgoing.com/destination/697-quang-truong-trung-tam-tam-dao.html
regent phu quoc,12100,39,21,commercial,$0.52,26,Regent Phú Quốc Resort giá mới nhất, giảm đến 30%,https://vietgoing.com/hotel/2831-regent-phu-quoc-resort.html
rubens boutique hotel,12100,16,0,commercial,$0.46,53,Rubens Boutique Hotel Phan Thiết Phan Thiết - Mũi Né ...,https://vietgoing.com/hotel/2125-rubens-boutique-hotel-phan-thiet.html
rừng thông bản áng,12100,36,0,commercial,$0.16,26,Rừng Thông Bản Áng, Mộc Châu,https://vietgoing.com/destination/77-rung-thong-ban-ang.html
sa đéc,12100,86,12,informational,$0.03,26,Làng Hoa Sa Đéc, Đồng Tháp,https://vietgoing.com/destination/422-lang-hoa-sa-dec.html
seashells phu quoc hotel & spa,12100,47,4,commercial,$0.73,26,Khách sạn Seashells Phú Quốc Hotel & Spa,https://vietgoing.com/hotel/531-seashells-phu-quoc-hotel-spa.html
silverland ben thanh,12100,19,0,commercial,$0.97,33,Khách sạn Silverland Bến Thành Hotel Hồ Chí Minh,https://vietgoing.com/hotel/3604-silverland-ben-thanh-hotel.html
silverland may hotel,12100,18,0,commercial,$0.46,40,Khách sạn Silverland Mây Hotel Hồ Chí Minh,https://vietgoing.com/hotel/2405-silverland-may-hotel.html
six senses ninh vân bay,12100,49,0,commercial,$0.40,26,Resort Six Senses Ninh Vân Bay Khánh Hòa,https://vietgoing.com/hotel/3731-six-senses-ninh-van-bay.html
thanh khê,12100,63,0,informational,$0.08,26,Khách sạn tốt nhất tại Thanh Khê, Đà Nẵng,https://vietgoing.com/hotel/district-361-quan-thanh-khe.html
the mira central park hotel,12100,10,0,commercial,$0.53,137,Khách sạn The Mira Central Park Hotel Đồng Nai,https://vietgoing.com/hotel/3286-the-mira-central-park-hotel.html
the pearl hội an,12100,15,0,commercial,$0.54,62,Khách sạn The Pearl Hội An,https://vietgoing.com/hotel/2241-the-pearl-hoi-an.html
thiền viện trúc lâm chánh giác,12100,26,0,informational,--,26,Thiền Viện Trúc Lâm Chánh Giác, Tiền Giang,https://vietgoing.com/destination/327-thien-vien-truc-lam-chanh-giac.html
thiền viện trúc lâm đà lạt,12100,10,0,informational,$0.08,137,Thiền Viện Trúc Lâm, Đà Lạt,https://vietgoing.com/destination/201-thien-vien-truc-lam.html
thung lũng mận nà ka,12100,54,0,informational,$0.02,26,Thung lũng mận Nà Ka, Mộc Châu,https://vietgoing.com/destination/601-thung-lung-man-na-ka.html
trà cổ,12100,82,0,transactional,$0.01,26,Cẩm nang du lịch Trà Cổ từ A đến Z mới nhất,https://vietgoing.com/article/343-cam-nang-du-lich-tra-co-tu-a-den-z-moi-nhat.html
trường thpt chuyên quốc học huế,12100,46,0,informational,--,26,Trường Quốc Học Huế,https://vietgoing.com/destination/898-truong-quoc-hoc-hue.html
tân lạc,12100,31,0,informational,--,26,Khách sạn tốt nhất tại Tân Lạc, Hòa Bình,https://vietgoing.com/hotel/district-109-huyen-tan-lac.html
victory hotel,12100,32,0,commercial,$0.55,26,Khách sạn Victory Hotel Vũng Tàu 4 sao,https://vietgoing.com/hotel/3839-victory-hotel-vung-tau-4-sao.html
victory hotel saigon,12100,23,0,commercial,$0.62,26,Khách sạn Victory Hotel Sài Gòn Hồ Chí Minh,https://vietgoing.com/hotel/1491-victory-hotel-sai-gon.html
victory hotel vũng tàu,12100,7,0,commercial,$0.38,310,Khách sạn Victory Hotel Vũng Tàu 4 sao,https://vietgoing.com/hotel/3839-victory-hotel-vung-tau-4-sao.html
vinpearl resort & golf nam hội an,12100,27,13,commercial,$1.31,26,Vinpearl Resort & Golf Nam Hội An Quảng Nam,https://vietgoing.com/hotel/409-vinpearl-resort-golf-nam-hoi-an.html
vinwonders cửa hội,12100,39,0,informational,$1.00,26,Vé VinWonders Cửa Hội giá mới nhất 2026,https://vietgoing.com/ticket/40-ve-vinwonders-cua-hoi.html
viện hải dương học nha trang,12100,66,5,informational,$0.22,26,Viện Hải Dương Học, Nha Trang,https://vietgoing.com/destination/191-vien-hai-duong-hoc.html
vườn hoa thành phố đà lạt,12100,51,0,commercial,$0.15,26,Vườn hoa thành phố Đà Lạt,https://vietgoing.com/destination/203-vuon-hoa-thanh-pho-da-lat.html
vườn thú zoodoo,12100,66,0,informational,$0.18,26,Vườn Thú ZooDoo Đà Lạt, Lâm Đồng,https://vietgoing.com/destination/630-vuon-thu-zoodoo-da-lat.html
wink hotel saigon centre,12100,35,6,commercial,$0.61,26,Khách sạn Wink Hotel Sài Gòn Centre Hồ Chí Minh,https://vietgoing.com/hotel/1685-wink-hotel-sai-gon-centre.html
xóm lèo đà lạt,12100,32,0,commercial,$0.20,26,Hướng dẫn đường đi đến xóm Lèo, nơi ngắm hoàng hôn ...,https://vietgoing.com/article/536-huong-dan-duong-di-den-xom-leo-noi-ngam-hoang-hon-dep-nhat-nhi-da-lat.html
đầm vân long,12100,75,0,commercial,$0.09,26,Đầm Vân Long, Ninh Bình,https://vietgoing.com/destination/43-dam-van-long.html
đền công đồng bắc lệ,12100,12,0,informational,--,91,Đền Công Đồng Bắc Lệ, Lạng Sơn,https://vietgoing.com/destination/25-den-cong-dong-bac-le.html
đền trần thái bình,12100,67,0,informational,--,26,Đền Trần (Thái Bình),https://vietgoing.com/destination/59-den-tran-thai-binh.html
đồi vọng cảnh,12100,38,0,informational,$0.05,26,Đồi Vọng Cảnh - Huế,https://vietgoing.com/destination/891-doi-vong-canh-hue.html
angsana quan lạn,9900,19,0,commercial,$0.44,27,Khách sạn Angsana Quan Lạn Hotel Quảng Ninh,https://vietgoing.com/hotel/3787-angsana-quan-lan-hotel.html
ba tri,9900,69,0,informational,--,21,Địa điểm du lịch nổi tiếng ở Ba Tri, Bến Tre,https://vietgoing.com/destination/district-612-huyen-ba-tri.html
bel marina hoi an resort,9900,23,0,commercial,$0.82,21,Resort Bel Marina Hội An - Vietgoing.com,https://vietgoing.com/hotel/1691-bel-marina-hoi-an.html
bui vien,9900,36,0,informational,$0.68,21,Phố Đi Bộ Bùi Viện, Hồ Chí Minh,https://vietgoing.com/destination/757-pho-di-bo-bui-vien.html
buôn đôn,9900,71,0,informational,--,21,Trung tâm Du lịch Buôn Đôn, Đắk Lắk,https://vietgoing.com/destination/659-trung-tam-du-lich-buon-don.html
bãi biển cổ thạch,9900,36,0,informational,$0.05,21,Bãi Đá Cổ Thạch, Bình Thuận,https://vietgoing.com/destination/610-bai-da-co-thach.html
bãi biển hải hòa,9900,16,0,informational,--,43,Biển Hải Hòa, Thanh Hóa,https://vietgoing.com/destination/134-bien-hai-hoa.html
bãi biển quy nhơn,9900,86,0,commercial,$0.14,21,Bãi Biển Quy Nhơn,https://vietgoing.com/destination/1040-bai-bien-quy-nhon.html
bãi biển sun world hạ long,9900,8,0,commercial,$0.03,196,Bãi Tắm Sun World Hạ Long,https://vietgoing.com/destination/1015-bai-tam-sun-world-ha-long.html
bãi biển thiên cầm,9900,41,0,informational,$0.01,21,Biển Thiên Cầm, Hà Tĩnh,https://vietgoing.com/destination/308-bien-thien-cam.html
bãi tắm cam bình,9900,48,0,commercial,$0.10,21,Cam Bình Resort Bình Thuận giá mới nhất, giảm đến 30%,https://vietgoing.com/hotel/3284-cam-binh-resort.html
bãi tắm cẩm bình,9900,85,0,informational,$0.10,21,Cam Bình Resort Bình Thuận giá mới nhất, giảm đến 30%,https://vietgoing.com/hotel/3284-cam-binh-resort.html
bãi tắm sao,9900,33,0,informational,$0.31,21,Bãi Sao Phú Quốc,https://vietgoing.com/destination/213-bai-sao-phu-quoc.html
bãi tắm thủy tiên,9900,23,0,commercial,$0.11,21,Top 4 khách sạn và villa Vũng Tàu gần bãi tắm Thủy Tiên ...,https://vietgoing.com/top/518-top-4-khach-san-va-villa-vung-tau-gan-bai-tam-thuy-tien.html
bản lác,9900,45,1,commercial,$0.11,21,Bản Lác, Hòa Bình,https://vietgoing.com/destination/74-ban-lac.html
bảo hà,9900,51,0,informational,--,21,Đền Bảo Hà Lào Cai,https://vietgoing.com/destination/857-den-bao-ha-lao-cai.html
chika farm,9900,33,0,commercial,$0.12,21,Chika Farm, nông trại cừu mới toanh ở Đà Lạt,https://vietgoing.com/article/546-chika-farm-nong-trai-cuu-moi-toanh-o-da-lat.html
chùa cao linh,9900,17,0,informational,$0.65,43,Chùa Cao Linh, Hải Phòng,https://vietgoing.com/destination/738-chua-cao-linh.html
chùa ông,9900,68,0,informational,$0.02,21,Chùa Ông (Cần Thơ),https://vietgoing.com/destination/246-chua-ong-can-tho.html
cáp treo hòn thơm,9900,76,0,informational,$0.24,21,Vé Cáp Treo Hòn Thơm Phú Quốc giá mới nhất 2026,https://vietgoing.com/ticket/5-ve-cap-treo-hon-thom-phu-quoc.html
cây cô đơn tà xùa,9900,71,0,commercial,--,21,Tà Xùa, Sơn La,https://vietgoing.com/destination/263-ta-xua.html
cầu hôn phú quốc,9900,49,0,commercial,$0.17,21,Cầu Hôn Phú Quốc,https://vietgoing.com/destination/1024-cau-hon-phu-quoc.html
cửa hội,9900,56,0,commercial,$0.03,21,VinWonders Cửa Hội, Nghệ An,https://vietgoing.com/destination/1060-vinwonders-cua-hoi.html
cửa khẩu tân thanh,9900,6,0,commercial,--,335,Cửa Khẩu Tân Thanh, Lạng Sơn,https://vietgoing.com/destination/299-cua-khau-tan-thanh.html
da nang mikazuki japanese resorts & spa,9900,35,9,commercial,$0.70,21,Đà Nẵng Mikazuki Japanese Resorts & Spa,https://vietgoing.com/hotel/1818-da-nang-mikazuki-japanese-resorts-spa.html
danang-mikazuki japanese resort & spa,9900,31,8,commercial,$0.70,21,Đà Nẵng Mikazuki Japanese Resorts & Spa,https://vietgoing.com/hotel/1818-da-nang-mikazuki-japanese-resorts-spa.html
dinh bảo đại,9900,82,0,commercial,$0.13,21,Dinh Bảo Đại Đà Lạt,https://vietgoing.com/destination/198-dinh-bao-dai-da-lat.html
dlg hotel da nang,9900,19,0,commercial,$0.73,27,Khách sạn DLG Hotel Đà Nẵng,https://vietgoing.com/hotel/656-dlg-hotel-da-nang.html
dlg hotel danang,9900,31,0,commercial,$0.73,21,Khách sạn DLG Hotel Đà Nẵng,https://vietgoing.com/hotel/656-dlg-hotel-da-nang.html
dream dragon resort,9900,41,0,commercial,$0.29,21,Dream Dragon Resort - Đồi Rồng Resort Hải Phòng,https://vietgoing.com/hotel/2965-dream-dragon-resort-doi-rong-resort.html
dốc thẩm mã,9900,22,0,commercial,$0.02,22,Dốc Thẩm Mã, Hà Giang,https://vietgoing.com/destination/555-doc-tham-ma.html
emerald hồ tràm resort,9900,22,0,commercial,$0.34,22,Emerald Hồ Tràm Resort Vũng Tàu Bà Rịa,https://vietgoing.com/hotel/3690-emerald-ho-tram-resort-vung-tau.html
flamingo cát bà beach resort,9900,52,6,commercial,$0.34,21,Flamingo Cát Bà Beach Resort,https://vietgoing.com/hotel/615-flamingo-cat-ba-beach-resort.html
flc ha long bay,9900,46,10,commercial,$1.26,21,Khách sạn FLC Hạ Long Bay Golf Club & Luxury Resort,https://vietgoing.com/hotel/341-flc-ha-long-bay-golf-club-luxury-resort.html
fusion suites vũng tàu,9900,68,0,commercial,$0.51,21,Fusion Suites Vũng Tàu giá mới nhất, giảm đến 30%,https://vietgoing.com/hotel/313-fusion-suites-vung-tau.html
gành dầu,9900,88,0,commercial,$0.40,21,Mũi Gành Dầu Phú Quốc,https://vietgoing.com/destination/224-mui-ganh-dau-phu-quoc.html
hoi an four seasons hotel,9900,40,24,commercial,$1.03,21,Hội An Four Seasons giá mới nhất, giảm đến 30%,https://vietgoing.com/hotel/1449-hoi-an-four-seasons.html
hòn dấu resort,9900,44,0,navigational,$0.36,21,Hòn Dấu Resort, Hải Phòng,https://vietgoing.com/destination/344-hon-dau-resort.html
hồ bán nguyệt,9900,7,0,commercial,$0.06,254,Hồ Bán Nguyệt, Hưng Yên,https://vietgoing.com/destination/131-ho-ban-nguyet.html
hồ kẻ gỗ,9900,53,0,informational,--,21,Hồ Kẻ Gỗ, Hà Tĩnh,https://vietgoing.com/destination/311-ho-ke-go.html
ice jungle,9900,32,0,commercial,$0.59,21,Ice Jungle Phú Quốc,https://vietgoing.com/destination/124-ice-jungle-phu-quoc.html
imperial vũng tàu,9900,40,11,commercial,$0.45,21,The Imperial Hotel Vũng Tàu giá mới nhất, giảm đến 30%,https://vietgoing.com/hotel/73-the-imperial-hotel-vung-tau.html
jw marriott phu quoc,9900,79,21,commercial,$0.63,21,JW Marriott Emerald Bay Resort & Spa Phú Quốc,https://vietgoing.com/hotel/128-jw-marriott-emerald-bay-resort-spa-phu-quoc.html
khu du lịch ba hồ,9900,40,0,informational,$0.21,21,Khu du lịch sinh thái Ba Hồ, Khánh Hòa,https://vietgoing.com/destination/730-khu-du-lich-sinh-thai-ba-ho.html
khách sạn công đoàn,9900,50,0,navigational,$0.16,21,Khách sạn Công Đoàn Việt Nam Hotel Hà Nội,https://vietgoing.com/hotel/2376-cong-doan-viet-nam-hotel.html
khách sạn fortuna hà nội,9900,40,0,commercial,$0.40,21,Khách sạn Fortuna Hotel Hà Nội,https://vietgoing.com/hotel/1725-fortuna-hotel-ha-noi.html
khách sạn huế,9900,26,12,commercial,$0.96,21,Khách sạn Huế giá chỉ từ 410000₫,https://vietgoing.com/hotel/city-46-hue.html
khách sạn hạ long,9900,48,24,navigational,$0.73,21,Top 10 khách sạn Hạ Long giá rẻ, đẹp ngất ngây giá mới ...,https://vietgoing.com/top/134-top-10-khach-san-ha-long-gia-re-dep-ngat-ngay-gia-moi-nhat.html
khách sạn mường thanh luxury đà nẵng,9900,19,3,commercial,$0.87,27,Hệ Thống Khách Sạn Mường Thanh Đà Nẵng 2025,https://vietgoing.com/top/163-he-thong-khach-san-muong-thanh-da-nang.html
khách sạn đệ nhất,9900,16,0,commercial,$0.46,43,Khách sạn Đệ Nhất - First Hotel Hồ Chí Minh,https://vietgoing.com/hotel/1693-de-nhat-first-hotel-ho-chi-minh.html
la luna coffee hạ long,9900,31,0,commercial,--,21,Điểm danh 4 quán cà phê không gian đẹp ở Hạ Long,https://vietgoing.com/article/456-diem-danh-4-quan-ca-phe-khong-gian-dep-o-ha-long.html
le sands oceanfront danang hotel,9900,30,0,commercial,$0.58,21,Khách sạn Le Sands Oceanfront Hotel Đà Nẵng,https://vietgoing.com/hotel/702-le-sands-oceanfront-hotel-da-nang.html
làng chài nhơn lý,9900,41,0,commercial,$0.45,21,Làng chài Nhơn Lý, Quy Nhơn,https://vietgoing.com/destination/478-lang-chai-nhon-ly.html
làng cà phê trung nguyên,9900,45,0,commercial,$0.80,21,Làng Cà Phê Trung Nguyên, Đắk Lắk,https://vietgoing.com/destination/266-lang-ca-phe-trung-nguyen.html
làng sen,9900,40,0,commercial,$0.07,21,Làng Sen - Quê Bác, Nghệ An,https://vietgoing.com/destination/117-lang-sen-que-bac.html
làng vạn phúc,9900,34,0,commercial,$0.04,21,Làng lụa Vạn Phúc - Hà Đông,https://vietgoing.com/destination/687-lang-lua-van-phuc-lang-lua-ha-dong.html
lý sơn,9900,56,2,informational,$0.32,21,Đảo Lý Sơn, Quảng Ngãi,https://vietgoing.com/destination/162-dao-ly-son.html
lăng bác hồ,9900,79,0,informational,$0.07,21,Lăng Chủ Tịch Hồ Chí Minh, Hà Nội,https://vietgoing.com/destination/835-lang-chu-tich-ho-chi-minh.html
mandala cham bay mũi né,9900,17,0,commercial,$0.35,43,Khách sạn Mandala Cham Bay Mũi Né Phan Thiết,https://vietgoing.com/hotel/3027-mandala-cham-bay-mui-ne.html
melia ba vì mountain retreat,9900,46,0,commercial,$0.25,21,Khu nghỉ dưỡng Melia Ba Vì Mountain Retreat Hà Nội,https://vietgoing.com/hotel/527-melia-ba-vi-mountain-retreat.html
meliá ho tram beach resort,9900,45,38,commercial,$0.64,21,Meliá Hồ Tràm Beach Resort Vũng Tàu Bà Rịa,https://vietgoing.com/hotel/74-melia-ho-tram-beach-resort-vung-tau.html
mia saigon luxury boutique hotel,9900,14,18,commercial,$0.53,56,Khách sạn Mia Saigon Luxury Boutique Hotel Hồ Chí Minh,https://vietgoing.com/hotel/562-mia-saigon-luxury-boutique-hotel.html
mường thanh grand sài gòn centre hotel,9900,26,0,commercial,$0.38,21,Mường Thanh Grand Sài Gòn Centre Hotel Hồ Chí Minh ...,https://vietgoing.com/hotel/1314-muong-thanh-grand-sai-gon-centre-hotel.html
nam giang,9900,65,0,commercial,--,21,Địa điểm du lịch nổi tiếng ở Nam Giang, Quảng Nam,https://vietgoing.com/destination/district-376-huyen-nam-giang.html
nature hotel,9900,47,0,commercial,$0.31,21,Khách sạn Nature Hotel Lê Đại Hành Đà Lạt,https://vietgoing.com/hotel/4004-nature-hotel-le-dai-hanh.html
new world phu quoc resort,9900,31,15,commercial,$0.56,21,Khu nghỉ dưỡng New World Phú Quốc Resort,https://vietgoing.com/hotel/425-new-world-phu-quoc-resort.html
nghĩa lộ,9900,51,0,commercial,--,21,Địa điểm du lịch nổi tiếng ở Nghĩa Lộ, Yên Bái,https://vietgoing.com/destination/district-95-thi-xa-nghia-lo.html
nhà nghỉ lan anh,9900,60,0,informational,$0.16,21,Lan Anh Hotel Đà Lạt giá mới nhất, giảm đến 30%,https://vietgoing.com/hotel/2910-lan-anh-hotel-da-lat.html
nhị thanh,9900,58,0,commercial,$0.38,21,Chùa Tam Giáo - Động Nhị Thanh, Lạng Sơn,https://vietgoing.com/destination/29-chua-tam-giao-dong-nhi-thanh.html
pamela,9900,56,33,navigational,$0.04,21,Pamela Angel Hotel Cát Bà giá mới nhất, giảm đến 30%,https://vietgoing.com/hotel/3064-pamela-angel-hotel.html
paragon saigon hotel,9900,26,0,commercial,$0.78,21,Khách sạn Paragon Saigon Hotel Hồ Chí Minh,https://vietgoing.com/hotel/3977-paragon-saigon-hotel.html
phan rang,9900,31,0,commercial,$0.57,21,Cẩm nang du lịch Phan Rang - Tháp Chàm từ A đến Z mới ...,https://vietgoing.com/article/309-cam-nang-du-lich-phan-rang-thap-cham-tu-a-den-z-moi-nhat.html
phố cổ đồng văn,9900,67,0,informational,$0.02,21,Phố Cổ Đồng Văn, Hà Giang,https://vietgoing.com/destination/54-pho-co-dong-van.html
phố lò sũ,9900,11,0,commercial,$0.09,91,Top 8 khách sạn phố Lò Sũ Hà Nội - thuận tiện di chuyển, ...,https://vietgoing.com/top/677-top-8-khach-san-pho-lo-su-ha-noi-thuan-tien-di-chuyen-gan-ho-guom.html
phố ô quan chưởng,9900,20,0,transactional,$0.24,24,Ô Quan Chưởng, Hà Nội,https://vietgoing.com/destination/937-o-quan-chuong.html
pistachio hotel sapa,9900,21,24,commercial,$0.74,23,Khách sạn Pistachio Hotel Sapa,https://vietgoing.com/hotel/3-pistachio-hotel-sapa.html
premier village phu quoc resort,9900,51,6,commercial,$0.61,21,Premier Village Phú Quốc Resort - Vietgoing.com,https://vietgoing.com/hotel/2347-premier-village-phu-quoc-resort.html
quang hanh,9900,23,4,commercial,$0.29,21,Suối khoáng Yoko Onsen Quang Hanh Quảng Ninh 1 ngày,https://vietgoing.com/tour/145-ha-noi-suoi-khoang-yoko-onsen-quang-hanh-quang-ninh-1-ngay.html
quinter central nha trang,9900,17,0,commercial,$0.52,43,Khách sạn Quinter Central Nha Trang,https://vietgoing.com/hotel/288-quinter-central-nha-trang.html
quảng trường 2/4,9900,6,0,commercial,$0.21,335,Quảng Trường 2/4 Nha Trang,https://vietgoing.com/destination/189-quang-truong-24-nha-trang.html
quảng trường đà lạt,9900,84,0,commercial,$0.09,21,Quảng Trường Lâm Viên, Đà Lạt,https://vietgoing.com/destination/254-quang-truong-lam-vien.html
resort mũi né,9900,21,7,commercial,$0.51,23,Top 10 resort Mũi Né hồ bơi vô cực - sang chảnh, riêng tư ...,https://vietgoing.com/top/1004-top-10-resort-mui-ne-ho-boi-vo-cuc-sang-chanh-rieng-tu-sieu-dang-o.html
rạch vẹm,9900,66,0,informational,$0.18,21,Làng Chài Rạch Vẹm Phú Quốc,https://vietgoing.com/destination/921-lang-chai-rach-vem-phu-quoc.html
signature by m village lê thánh tôn,9900,10,0,commercial,$0.43,112,Signature by M Village Lê Thánh Tôn Hồ Chí Minh giá chỉ ...,https://vietgoing.com/hotel/3985-signature-by-m-village-le-thanh-ton-ho-chi-minh.html
signature by m village thợ nhuộm,9900,9,0,commercial,$0.67,149,Khách sạn Signature by M Village Thợ Nhuộm Hà Nội,https://vietgoing.com/hotel/3993-signature-by-m-village-tho-nhuom-ha-noi.html
sol by melia phu quoc,9900,37,0,commercial,$0.44,21,Resort Sol by Meliá Phú Quốc,https://vietgoing.com/hotel/46-sol-by-melia-phu-quoc.html
sonata resort,9900,28,4,commercial,$0.30,21,Sonata Resort & Spa Phan Thiết Phan Thiết - Mũi Né,https://vietgoing.com/hotel/630-sonata-resort-spa-phan-thiet.html
sunset beach resort & spa,9900,16,0,navigational,$0.30,43,Sunset Beach Resort & Spa Phú Quốc,https://vietgoing.com/hotel/141-sunset-beach-resort-spa-phu-quoc.html
t-ritz saigon hotel & apartment,9900,18,0,commercial,$0.42,33,Khách sạn T-Ritz Hotel & Apartment Sài Gòn Hồ Chí Minh,https://vietgoing.com/hotel/2215-t-ritz-hotel-apartment-sai-gon.html
the arena cam ranh,9900,54,0,commercial,$0.65,21,The Arena Cam Ranh Resort Khánh Hòa,https://vietgoing.com/hotel/3656-the-arena-cam-ranh-resort.html
the empyrean cam ranh beach resort,9900,19,2,commercial,$0.39,27,The Empyrean Cam Ranh Beach Resort Khánh Hòa,https://vietgoing.com/hotel/3175-the-empyrean-cam-ranh-beach-resort.html
the mira hotel,9900,26,0,commercial,$0.61,21,Khách sạn The Mira Hotel Bình Dương,https://vietgoing.com/hotel/808-the-mira-hotel-binh-duong.html
the myst dong khoi,9900,27,3,navigational,$0.78,21,Khách sạn The Myst Đồng Khởi Hotel Sài Gòn Hồ Chí Minh,https://vietgoing.com/hotel/2208-the-myst-dong-khoi-hotel-sai-gon.html
thác dải yếm,9900,81,0,commercial,$0.03,21,Thác Dải Yếm, Mộc Châu,https://vietgoing.com/destination/76-thac-dai-yem.html
thới lai,9900,68,0,informational,$0.03,21,Địa điểm du lịch nổi tiếng ở Thới Lai, Cần Thơ,https://vietgoing.com/destination/district-678-huyen-thoi-lai.html
tms hotel da nang beach,9900,43,0,commercial,$0.62,21,Khách sạn TMS Hotel Beach Đà Nẵng,https://vietgoing.com/hotel/658-tms-hotel-beach-da-nang.html
tropicana park,9900,75,0,commercial,$0.10,21,công viên giải trí quy mô lớn sắp xuất hiện tại Hồ Tràm,https://vietgoing.com/article/495-tropicana-park-cong-vien-giai-tri-quy-mo-lon-sap-xuat-hien-tai-ho-tram.html
vinh nghệ an,9900,34,0,informational,$0.31,21,Top 7 điểm du lịch không thể bỏ qua khi đến Thành phố ...,https://vietgoing.com/article/199-top-7-diem-du-lich-khong-the-bo-qua-khi-den-thanh-pho-vinh-nghe-an.html
vũng liêm,9900,47,0,commercial,--,21,Địa điểm du lịch nổi tiếng ở Vũng Liêm, Vĩnh Long,https://vietgoing.com/destination/district-627-huyen-vung-liem.html
yarra ocean suites danang,9900,13,0,commercial,$0.66,59,Khách sạn Yarra Ocean Suites Đà Nẵng,https://vietgoing.com/hotel/2674-yarra-ocean-suites-da-nang.html
ðền cửa ông,9900,42,0,transactional,--,21,Đền Cửa Ông, Quảng Ninh,https://vietgoing.com/destination/18-den-cua-ong.html
đại lộc,9900,51,0,informational,$0.09,21,Địa điểm du lịch nổi tiếng ở Đại Lộc, Quảng Nam,https://vietgoing.com/destination/district-372-huyen-dai-loc.html
đảo quan lạn,9900,66,0,informational,$0.55,21,Đảo Quan Lạn, Quảng Ninh,https://vietgoing.com/destination/120-dao-quan-lan.html
đền chợ củi thờ quan hoàng mười,9900,28,0,commercial,--,21,Tour du lịch Đền Chợ Củi - Thờ Quan Hoàng Mười khởi ...,https://vietgoing.com/tour/dest-310-den-cho-cui-tho-quan-hoang-muoi.html?loai-tour=Kh%E1%BB%9Fi+h%C3%A0nh+h%C3%A0ng+th%C3%A1ng&sort=price-desc
đồi hoa hướng dương nghệ an,9900,16,0,informational,$0.01,43,Cánh đồng hoa hướng dương - Nghệ An,https://vietgoing.com/destination/291-canh-dong-hoa-huong-duong-nghe-an.html
đồi thiên an,9900,39,0,informational,--,21,Đồi Thiên An, Huế,https://vietgoing.com/destination/834-doi-thien-an.html
đồi đa phú,9900,28,0,commercial,$0.16,21,Đồi Đa Phú Đà Lạt,https://vietgoing.com/destination/915-doi-da-phu-da-lat.html
đức huệ,9900,65,0,commercial,$0.01,21,Địa điểm du lịch nổi tiếng ở Đức Huệ, Long An,https://vietgoing.com/destination/district-587-huyen-duc-hue.html
airport saigon hotel,8100,39,0,commercial,$0.48,18,Khách sạn Airport Sài Gòn Hotel Hồ Chí Minh,https://vietgoing.com/hotel/1915-airport-sai-gon-hotel.html
alibu resort nha trang,8100,41,0,commercial,$0.47,18,Alibu Resort Nha Trang giá mới nhất, giảm đến 30%,https://vietgoing.com/hotel/1953-alibu-resort-nha-trang.html
anatole hotel hanoi,8100,26,0,commercial,$0.52,18,Khách sạn Anatole Hotel Hà Nội,https://vietgoing.com/hotel/1208-anatole-hotel-ha-noi.html
annata beach hotel,8100,22,0,commercial,$0.48,18,Khách sạn Annata Beach Hotel Vũng Tàu,https://vietgoing.com/hotel/277-annata-beach-hotel-vung-tau.html
annova nha trang hotel,8100,11,1,commercial,$0.51,74,Khách sạn Annova Nha Trang Hotel,https://vietgoing.com/hotel/3458-annova-nha-trang-hotel.html
army hotel,8100,9,0,commercial,$0.31,122,Khách sạn Army Hotel Hà Nội,https://vietgoing.com/hotel/1838-army-hotel-ha-noi.html
bamboo sapa hotel,8100,21,2,commercial,$0.54,19,Khách sạn Bamboo Sapa Hotel,https://vietgoing.com/hotel/9-bamboo-sapa-hotel.html
biển sầm sơn,8100,58,0,commercial,$0.19,18,Biển Sầm Sơn, Thanh Hóa,https://vietgoing.com/destination/96-bien-sam-son.html
bliss hoi an beach resort & wellness,8100,21,0,commercial,$0.28,19,Khách sạn Bliss Hội An Beach Resort & Wellness Quảng ...,https://vietgoing.com/hotel/1656-bliss-hoi-an-beach-resort-wellness.html
boma resort nha trang,8100,19,0,commercial,$0.61,22,Boma Resort Nha Trang giá mới nhất, giảm đến 30%,https://vietgoing.com/hotel/2968-boma-resort-nha-trang.html
bãi biển hồ cốc,8100,29,0,commercial,$0.15,18,Bãi biển Hồ Cốc, Bà Rịa - Vũng Tàu,https://vietgoing.com/destination/499-bai-bien-ho-coc.html
bãi biển ninh chữ,8100,25,0,informational,$0.22,18,Biển Ninh Chữ, Ninh Thuận,https://vietgoing.com/destination/415-bien-ninh-chu.html
bãi dài,8100,75,5,informational,$0.10,18,Khu du lịch Bãi Dài, Khánh Hòa,https://vietgoing.com/destination/192-khu-du-lich-bai-dai.html
bãi dài nha trang,8100,44,0,informational,$0.15,18,Khu du lịch Bãi Dài, Khánh Hòa,https://vietgoing.com/destination/192-khu-du-lich-bai-dai.html
bãi lữ,8100,13,0,commercial,--,48,Khu Du Lịch Bãi Lữ, Nghệ An,https://vietgoing.com/destination/709-khu-du-lich-bai-lu.html
bãi tắm mỹ khê,8100,76,0,informational,$0.09,18,Bãi Biển Mỹ Khê, Đà Nẵng,https://vietgoing.com/destination/320-bai-bien-my-khe.html
bãi đá nhảy,8100,17,0,informational,--,35,Bãi Biển Đá Nhảy, Quảng Bình,https://vietgoing.com/destination/552-bai-bien-da-nhay.html
bến thuyền hẻm tu sản,8100,83,0,commercial,$0.02,18,Hẻm Tu Sản, Hà Giang,https://vietgoing.com/destination/723-hem-tu-san.html
champa island nha trang resort hotel & spa,8100,30,0,commercial,$0.77,18,Khách sạn Champa Island Nha Trang Resort,https://vietgoing.com/hotel/498-champa-island-nha-trang-resort.html
check hà nội,8100,16,0,navigational,--,35,Top 8 địa điểm Check in Hà Nội siêu hot cho ngày cuối tuần,https://vietgoing.com/article/397-top-8-dia-diem-check-in-ha-noi-sieu-hot-cho-ngay-cuoi-tuan.html
chùa bích động,8100,39,0,informational,$0.08,18,Chùa Bích Động, Ninh Bình,https://vietgoing.com/destination/714-chua-bich-dong.html
chùa giác lâm,8100,59,2,informational,$0.08,18,Chùa Giác Lâm, Hồ Chí Minh,https://vietgoing.com/destination/680-chua-giac-lam.html
chùa linh quy pháp ấn,8100,52,0,commercial,$0.18,18,Chùa Linh Quy Pháp Ấn, Lâm Đồng,https://vietgoing.com/destination/275-chua-linh-quy-phap-an.html
chùa thiên hưng,8100,27,0,informational,--,18,Chùa Thiên Hưng, Bình Định,https://vietgoing.com/destination/482-chua-thien-hung.html
comodo nha trang hotel,8100,56,0,commercial,$0.44,18,Khách sạn Asteria Comodo Nha Trang Hotel,https://vietgoing.com/hotel/453-asteria-comodo-nha-trang-hotel.html
cà ná,8100,40,0,commercial,$0.74,18,Bãi Biển Cà Ná, Ninh Thuận,https://vietgoing.com/destination/437-bai-bien-ca-na.html
cầu rồng đà nẵng,8100,56,0,informational,$0.32,18,Cầu Rồng Đà Nẵng,https://vietgoing.com/destination/140-cau-rong-da-nang.html
cồn khương,8100,53,0,commercial,$0.33,18,Cồn Khương Cần Thơ giá mới nhất, giảm đến 30%,https://vietgoing.com/hotel/853-con-khuong-can-tho.html
củ chi hồ chí minh,8100,32,15,informational,--,18,Địa Đạo Củ Chi, Hồ Chí Minh,https://vietgoing.com/destination/678-dia-dao-cu-chi.html
cửa ông,8100,44,0,transactional,--,18,Đền Cửa Ông, Quảng Ninh,https://vietgoing.com/destination/18-den-cua-ong.html
december hotel,8100,15,0,commercial,$0.34,42,Khách sạn December Hotel Nha Trang,https://vietgoing.com/hotel/2493-december-hotel-nha-trang.html
dhawa ho tram,8100,48,0,commercial,$0.47,18,Khách sạn Dhawa Hồ Tràm Bà Rịa - Vũng Tàu,https://vietgoing.com/hotel/3615-dhawa-ho-tram.html
eden ocean view đà nẵng,8100,10,0,commercial,$0.33,92,Khách Sạn Eden Ocean View Hotel Đà Nẵng,https://vietgoing.com/hotel/749-eden-ocean-view-hotel-da-nang.html
emeralda resort ninh binh,8100,44,7,commercial,$0.73,18,Emeralda Resort Ninh Bình giá mới nhất, giảm đến 30%,https://vietgoing.com/hotel/239-emeralda-resort-ninh-binh.html
fairfield by marriott south binh duong,8100,28,0,informational,$0.53,18,Khách sạn Fairfield By Marriott South Bình Dương,https://vietgoing.com/hotel/1934-fairfield-by-marriott-south-binh-duong.html
gia viễn,8100,51,0,transactional,$0.03,18,Địa điểm du lịch nổi tiếng ở Gia Viễn, Ninh Bình,https://vietgoing.com/destination/district-267-huyen-gia-vien.html
glory resort,8100,24,0,commercial,$0.12,18,Glory Resort Hà Nội giá mới nhất, giảm đến 30%,https://vietgoing.com/hotel/44-glory-resort.html
golden lotus hotel da nang,8100,15,0,commercial,$0.51,42,Khách sạn Golden Lotus Hotel Đà Nẵng,https://vietgoing.com/hotel/310-golden-lotus-hotel-da-nang.html
grand gosia hotel,8100,24,0,commercial,$0.27,18,Khách sạn Grand Gosia Hotel Nha Trang,https://vietgoing.com/hotel/1147-grand-gosia-hotel-nha-trang.html
grand vista hotel,8100,5,0,commercial,$0.48,380,Khách sạn Grand Vista Hotel Hà Nội,https://vietgoing.com/hotel/1270-grand-vista-hotel-ha-noi.html
hang múa mua caves,8100,69,0,informational,$0.07,18,Hang Múa, Ninh Bình,https://vietgoing.com/destination/19-hang-mua.html
hotel de l'amour tam đảo,8100,18,0,commercial,$0.34,27,Khách sạn Hôtel de l'Amour Tam Đảo,https://vietgoing.com/hotel/3605-hotel-de-l-amour-tam-dao.html
hoàng thành,8100,80,13,informational,$0.04,18,Hoàng Thành Thăng Long, Hà Nội,https://vietgoing.com/destination/688-hoang-thanh-thang-long.html
hải tiến,8100,46,0,informational,$0.32,18,Biển Hải Tiến, Thanh Hóa,https://vietgoing.com/destination/125-bien-hai-tien.html
hữu lũng,8100,54,0,informational,--,18,Địa điểm du lịch nổi tiếng ở Hữu Lũng, Lạng Sơn,https://vietgoing.com/destination/district-130-huyen-huu-lung.html
ibis styles vũng tàu,8100,42,10,commercial,$0.37,18,Ibis Styles Vũng Tàu Hotel giá mới nhất, giảm đến 30%,https://vietgoing.com/hotel/271-ibis-styles-vung-tau-hotel.html
khu du lịch cầu kính rồng mây,8100,78,0,informational,$0.18,18,Cầu Kính Rồng Mây, Lai Châu,https://vietgoing.com/destination/273-cau-kinh-rong-may.html
khách sạn gần sân bay tân sơn nhất,8100,12,0,informational,$0.98,61,Top 10 khách sạn gần sân bay Tân Sơn Nhất đẹp, giá rẻ ...,https://vietgoing.com/top/118-top-10-khach-san-gan-san-bay-tan-son-nhat-dep-gia-re-tien-nghi.html
khách sạn havana nha trang,8100,41,9,commercial,$0.30,18,Havana Nha Trang Hotel giá mới nhất, giảm đến 30%,https://vietgoing.com/hotel/1087-havana-nha-trang-hotel.html
khách sạn hoa lư,8100,11,0,commercial,$0.31,74,Khách sạn Hoa Lư Ninh Bình Hotel,https://vietgoing.com/hotel/895-hoa-lu-ninh-binh-hotel.html
khách sạn hải âu,8100,16,0,commercial,$0.32,35,Khách sạn Hải Âu Quy Nhơn - Khu 5 Tầng,https://vietgoing.com/hotel/83-hai-au-quy-nhon-khu-5-tang.html
khách sạn kỳ hòa,8100,35,0,commercial,$0.40,18,Kỳ Hòa Hotel Hồ Chí Minh giá mới nhất, giảm đến 30%,https://vietgoing.com/hotel/2809-ky-hoa-hotel-ho-chi-minh.html
khách sạn le meridien sài gòn,8100,15,5,navigational,$0.26,42,Khách sạn Le Méridien Saigon Hồ Chí Minh,https://vietgoing.com/hotel/3938-le-meridien-saigon.html
khách sạn mường thanh buôn ma thuột,8100,29,0,commercial,$0.70,18,Mường Thanh Luxury Buôn Ma Thuột Hotel Đắk Lắk giá ...,https://vietgoing.com/hotel/1539-muong-thanh-luxury-buon-ma-thuot-hotel.html
khách sạn mường thanh grand xa la,8100,32,0,commercial,$0.41,18,Khách sạn Mường Thanh Grand Xa La Hà Nội,https://vietgoing.com/hotel/1365-muong-thanh-grand-xa-la-ha-noi.html
khách sạn mường thanh luxury cần thơ,8100,15,0,commercial,$0.59,42,Khách sạn Mường Thanh Luxury Cần Thơ Hotel,https://vietgoing.com/hotel/801-muong-thanh-luxury-can-tho-hotel.html
khách sạn mường thanh thanh hoá,8100,35,0,commercial,$0.40,18,Khách sạn Mường Thanh Grand Thanh Hóa Hotel,https://vietgoing.com/hotel/695-muong-thanh-grand-thanh-hoa-hotel.html
khách sạn sheraton cần thơ,8100,54,3,commercial,$0.44,18,Sheraton Cần Thơ giá mới nhất, giảm đến 30%,https://vietgoing.com/hotel/374-sheraton-can-tho.html
khách sạn thắng lợi,8100,54,0,navigational,$0.39,18,Khách sạn Thắng Lợi Hotel Hà Nội,https://vietgoing.com/hotel/1355-thang-loi-hotel-ha-noi.html
khách sạn windsor,8100,12,0,navigational,$0.43,61,Khách sạn Windsor Plaza Hotel Hồ Chí Minh,https://vietgoing.com/hotel/2858-windsor-plaza-hotel.html
la vela hue hotel,8100,24,0,commercial,$0.61,18,Khách sạn La Vela Hotel Huế,https://vietgoing.com/hotel/3533-la-vela-hotel-hue.html
lady hill sapa resort,8100,23,0,commercial,$0.42,18,Lady Hill Sapa Resort,https://vietgoing.com/hotel/3526-lady-hill-sapa-resort.html
lao chải,8100,16,0,commercial,$0.14,35,Bản Lao Chải Sapa,https://vietgoing.com/destination/524-ban-lao-chai-sapa.html
le jardin hotel haute couture,8100,12,0,commercial,$0.46,61,Khách sạn Le Jardin Hotel Haute Couture Hà Nội,https://vietgoing.com/hotel/2450-le-jardin-hotel-haute-couture-ha-noi.html
liberty central nha trang,8100,44,0,commercial,$0.73,18,Khách sạn Liberty Central Hotel Nha Trang,https://vietgoing.com/hotel/876-liberty-central-hotel-nha-trang.html
liberty central saigon centre,8100,32,0,commercial,$0.75,18,Hệ thống khách sạn Liberty Central Sài Gòn 2025,https://vietgoing.com/top/414-he-thong-khach-san-liberty-central-sai-gon.html
liberty central saigon hotel,8100,18,19,commercial,$0.75,27,Hệ thống khách sạn Liberty Central Sài Gòn 2025,https://vietgoing.com/top/414-he-thong-khach-san-liberty-central-sai-gon.html
libra hotel nha trang,8100,33,0,commercial,$0.54,18,Khách sạn Libra Nha Trang Hotel,https://vietgoing.com/hotel/650-libra-nha-trang-hotel.html
làng nổi tân lập,8100,25,0,informational,$0.27,18,Cẩm nang du lịch Làng Nổi Tân Lập từ A đến Z mới nhất,https://vietgoing.com/article/341-cam-nang-du-lich-lang-noi-tan-lap-tu-a-den-z-moi-nhat.html
làng văn hóa các dân tộc,8100,51,0,informational,$0.03,18,Làng Văn Hóa Các Dân Tộc Việt Nam, Hà Nội,https://vietgoing.com/destination/372-lang-van-hoa-cac-dan-toc-viet-nam.html
lăng minh mạng,8100,28,0,commercial,$0.05,18,Lăng Minh Mạng, Huế,https://vietgoing.com/destination/682-lang-minh-mang.html
lạc thủy,8100,46,0,informational,--,18,Địa điểm du lịch ở Lạc Thủy, Hòa Bình,https://vietgoing.com/destination/district-113-huyen-lac-thuy.html
lộc hà,8100,62,6,informational,--,18,Địa điểm du lịch nổi tiếng ở Lộc Hà, Hà Tĩnh,https://vietgoing.com/destination/district-331-huyen-loc-ha.html
ma thiên lãnh,8100,58,0,informational,$0.05,18,Ma Thiên Lãnh, Tây Ninh,https://vietgoing.com/destination/593-ma-thien-lanh.html
mandila beach hotel,8100,44,8,commercial,$0.58,18,Khách sạn Mandila Beach Hotel Đà Nẵng,https://vietgoing.com/hotel/1072-mandila-beach-hotel-da-nang.html
mangata beachfront hotel,8100,24,1,commercial,$0.39,18,Khách sạn Mangata Beachfront Hotel Đà Nẵng,https://vietgoing.com/hotel/3017-mangata-beachfront-hotel.html
melia vinpearl cam ranh beach resort,8100,48,0,commercial,$0.33,18,Meliá Vinpearl Cam Ranh Beach Resort Khánh Hòa,https://vietgoing.com/hotel/391-melia-vinpearl-cam-ranh-beach-resort.html
mikazuki đà nẵng,8100,43,16,commercial,$0.57,18,Đà Nẵng Mikazuki Japanese Resorts & Spa,https://vietgoing.com/hotel/1818-da-nang-mikazuki-japanese-resorts-spa.html
minawa kenhga resort & spa ninh binh,8100,20,0,commercial,$0.23,20,Minawa Kenhga Resort & Spa Ninh Bình,https://vietgoing.com/hotel/2996-minawa-kenhga-resort-spa-ninh-binh.html
minh toan safi ocean hotel,8100,27,0,navigational,$0.53,18,Khách sạn Minh Toàn SAFI Ocean Hotel Đà Nẵng,https://vietgoing.com/hotel/1099-minh-toan-safi-ocean-hotel-da-nang.html
movenpick cam ranh,8100,46,10,commercial,$0.36,18,Movenpick Resort Cam Ranh Khánh Hòa,https://vietgoing.com/hotel/2931-movenpick-resort-cam-ranh.html
mường thanh luxury phú thọ hotel,8100,33,0,commercial,$0.59,18,Khách sạn Mường Thanh Luxury Việt Trì Phú Thọ,https://vietgoing.com/hotel/2670-muong-thanh-luxury-viet-tri.html
mỏ cày nam,8100,67,0,informational,--,18,Địa điểm du lịch nổi tiếng ở Mỏ Cày Nam, Bến Tre,https://vietgoing.com/destination/district-609-huyen-mo-cay-nam.html
nam du,8100,71,0,informational,$0.62,18,Quần Đảo Nam Du, Kiên Giang,https://vietgoing.com/destination/596-quan-dao-nam-du.html
nhà nghỉ gia bảo,8100,12,0,commercial,$0.13,61,Khách sạn Gia Bảo Hotel Móng Cái Quảng Ninh,https://vietgoing.com/hotel/3150-gia-bao-hotel-mong-cai.html
nhơn hải,8100,68,0,commercial,$0.04,18,Làng Chài Nhơn Hải, Quy Nhơn,https://vietgoing.com/destination/492-lang-chai-nhon-hai.html
ninh binh legend hotel,8100,13,0,commercial,$0.58,48,Khách sạn Ninh Bình Legend Hotel,https://vietgoing.com/hotel/258-ninh-binh-legend-hotel.html
ninh vân,8100,44,0,informational,$0.05,18,Vịnh Ninh Vân, Khánh Hòa,https://vietgoing.com/destination/453-vinh-ninh-van.html
núi thần tài,8100,56,4,commercial,$0.28,18,Núi Thần Tài, Đà Nẵng,https://vietgoing.com/destination/159-nui-than-tai.html
núi voi,8100,67,0,informational,--,18,Núi Voi, Hải Phòng,https://vietgoing.com/destination/797-nui-voi.html
phuc long luxury danang,8100,15,0,commercial,$0.61,42,Khách sạn Phuc Long Luxury Hotel Đà Nẵng,https://vietgoing.com/hotel/3965-phuc-long-luxury-hotel-da-nang.html
quán gió,8100,17,0,commercial,$0.15,35,Quán Gió Tam Đảo,https://vietgoing.com/destination/92-quan-gio-tam-dao.html
radisson resort phan thiết,8100,21,0,commercial,$0.40,19,Radisson Resort Phan Thiết Phan Thiết - Mũi Né,https://vietgoing.com/hotel/1503-radisson-resort-phan-thiet.html
resort phan thiết,8100,25,8,commercial,$0.43,18,Top 5 resort Phan Thiết riêng tư tuyệt đối cho kỳ nghỉ đẳng ...,https://vietgoing.com/top/1000-top-5-resort-phan-thiet-rieng-tu-tuyet-doi-cho-ky-nghi-dang-cap.html
resort quy nhơn,8100,17,3,informational,$0.33,35,Top 9 Resort Quy Nhơn Bình Định giá rẻ đẹp view biển ...,https://vietgoing.com/top/67-top-9-resort-quy-nhon-binh-dinh-gia-re-dep-view-bien-cuc-cuon-hut.html
santori,8100,27,2,commercial,$0.59,18,Khách sạn Santori Hotel & Spa Đà Nẵng,https://vietgoing.com/hotel/2407-santori-hotel-spa-da-nang.html
sel de mer hotel & suites,8100,26,0,commercial,$0.60,18,Khách sạn Sel De Mer Hotel & Suites Đà Nẵng,https://vietgoing.com/hotel/974-sel-de-mer-hotel-suites-da-nang.html
shilla monogram quangnam danang,8100,39,6,commercial,$0.19,18,Resort Shilla Monogram Đà Nẵng Quảng Nam,https://vietgoing.com/hotel/2264-shilla-monogram-da-nang.html
silverland yen hotel,8100,12,0,navigational,$0.58,61,Khách sạn Silverland Yen Hotel Hồ Chí Minh,https://vietgoing.com/hotel/1440-silverland-yen-hotel-ho-chi-minh.html
suối tiên mũi né,8100,62,0,commercial,$0.11,18,Suối Tiên - Mũi Né, Phan Thiết,https://vietgoing.com/destination/617-suoi-tien-mui-ne.html
tam cốc,8100,74,0,commercial,$0.12,18,Tam Cốc Bích Động, Ninh Bình,https://vietgoing.com/destination/1017-tam-coc-bich-dong.html
the anam cam ranh,8100,49,21,commercial,$0.28,18,Resort The Anam Cam Ranh Khánh Hòa,https://vietgoing.com/hotel/1775-the-anam-cam-ranh.html
the empyrean nha trang,8100,22,0,commercial,$0.43,18,Khách sạn The Empyrean Nha Trang Hotel,https://vietgoing.com/hotel/1469-the-empyrean-nha-trang-hotel.html
the imperial hotel vung tau,8100,52,8,commercial,$0.66,18,Khách sạn The Imperial Hotel Vũng Tàu,https://vietgoing.com/hotel/73-the-imperial-hotel-vung-tau.html
the odys boutique hotel,8100,9,0,commercial,$0.51,122,Khách sạn The Odys Boutique Hotel Sài Gòn Hồ Chí Minh,https://vietgoing.com/hotel/1424-the-odys-boutique-hotel-sai-gon.html
the oriental jade hotel,8100,15,5,commercial,$0.60,42,Khách sạn The Oriental Jade Hotel & Spa Hà Nội,https://vietgoing.com/hotel/1212-the-oriental-jade-hotel-spa-ha-noi.html
the sailing bay beach resort,8100,39,0,commercial,$0.35,18,The Sailing Bay Beach Resort Mũi Né Phan Thiết,https://vietgoing.com/hotel/607-the-sailing-bay-beach-resort-mui-ne.html
the yacht hotel by dc,8100,22,0,commercial,$0.39,18,Khách sạn The Yacht Hotel by DC Hạ Long,https://vietgoing.com/hotel/3370-the-yacht-hotel-by-dc-ha-long.html
thuận an beach,8100,53,0,commercial,$0.14,18,Bãi Biển Thuận An, Huế,https://vietgoing.com/destination/621-bai-bien-thuan-an.html
thác bạc,8100,56,0,informational,$0.08,18,Thác Bạc - Sapa,https://vietgoing.com/destination/274-thac-bac-sapa.html
thác pongour,8100,56,0,commercial,$0.06,18,Thác Pongour, Lâm Đồng,https://vietgoing.com/destination/648-thac-pongour.html
tháp chăm po sah inư,8100,49,0,informational,$0.04,18,Tháp Chàm Poshanư (Po Sah Inu), Phan Thiết,https://vietgoing.com/destination/211-thap-cham-poshanu-po-sah-inu.html
tháp nhạn,8100,67,0,transactional,--,18,Tháp Nhạn Phú Yên,https://vietgoing.com/destination/473-thap-nhan-phu-yen.html
thảo viên resort,8100,41,0,commercial,$0.15,18,Khu nghỉ dưỡng Thảo Viên Hà Nội,https://vietgoing.com/hotel/1494-thao-vien-ha-noi.html
tri tôn an giang,8100,16,0,informational,$0.09,35,Top 9 điểm chụp hình đẹp "ngất ngây" tại Tri Tôn, An Giang,https://vietgoing.com/article/171-top-9-diem-chup-hinh-dep-ngat-ngay-tai-tri-ton-an-giang.html
trung lương,8100,49,0,informational,$0.05,18,Khu dã ngoại Trung Lương, Bình Định,https://vietgoing.com/destination/491-khu-da-ngoai-trung-luong.html
tui blue nha trang,8100,44,0,commercial,$0.52,18,Khách sạn TUI BLUE Hotel Nha Trang,https://vietgoing.com/hotel/3652-tui-blue-hotel-nha-trang.html
tuy hòa phú yên,8100,70,0,commercial,$0.17,18,Khám phá các điểm du lịch ở Thành phố Tuy Hòa ( Phú Yên),https://vietgoing.com/article/294-kham-pha-cac-diem-du-lich-o-thanh-pho-tuy-hoa-phu-yen.html
tuần châu,8100,53,2,commercial,$0.15,18,Tuần Châu, Hạ Long,https://vietgoing.com/destination/82-tuan-chau.html
tả van,8100,54,0,commercial,$0.19,18,Giàng Tả Chải - Tả Van, Sapa,https://vietgoing.com/destination/526-giang-ta-chai-ta-van.html
viện hải dương học,8100,90,3,informational,$0.16,18,Viện Hải Dương Học, Nha Trang,https://vietgoing.com/destination/191-vien-hai-duong-hoc.html
vườn quốc gia bạch mã,8100,68,6,informational,$0.11,18,Vườn Quốc Gia Bạch Mã Huế,https://vietgoing.com/destination/683-vuon-quoc-gia-bach-ma-hue.html
vạn giã,8100,17,0,commercial,--,35,Vạn Giã Nha Trang, Khánh Hòa,https://vietgoing.com/destination/343-van-gia-nha-trang.html
windsor plaza hotel,8100,31,0,commercial,$1.13,18,Khách sạn Windsor Plaza Hotel Hồ Chí Minh,https://vietgoing.com/hotel/2858-windsor-plaza-hotel.html
wyndham garden,8100,42,0,commercial,$0.37,18,Khách sạn Wyndham Garden Hoi An Hotel Hội An,https://vietgoing.com/hotel/2742-wyndham-garden-hoi-an-hotel.html
wyndham grand phú quốc,8100,39,16,commercial,$0.29,18,Khách sạn Wyndham Grand Phú Quốc,https://vietgoing.com/hotel/366-wyndham-grand-phu-quoc.html
đèo ngang,8100,43,0,informational,--,18,Đèo Ngang, Quảng Bình,https://vietgoing.com/destination/562-deo-ngang.html
đèo ngoạn mục,8100,54,0,informational,$0.59,18,Đèo Ngoạn Mục, Ninh Thuận,https://vietgoing.com/destination/931-deo-ngoan-muc.html
đại lãnh,8100,63,0,informational,--,18,Biển Đại Lãnh, Nha Trang,https://vietgoing.com/destination/457-bien-dai-lanh.html
đảo,8100,59,0,informational,$0.19,18,Top 8 hòn đảo đẹp nhất Việt Nam nhất định phải đi một lần ...,https://vietgoing.com/article/390-top-8-hon-dao-dep-nhat-viet-nam-nhat-dinh-phai-di-mot-lan-trong-doi.html
đảo bình ba,8100,70,0,commercial,$0.21,18,Đảo Bình Ba, Khánh Hòa,https://vietgoing.com/destination/183-dao-binh-ba.html
đảo nam du,8100,66,0,informational,$0.18,18,Quần Đảo Nam Du, Kiên Giang,https://vietgoing.com/destination/596-quan-dao-nam-du.html
đảo phú quý ở đâu,8100,76,1,informational,$0.06,18,Đảo Phú Quý, Bình Thuận,https://vietgoing.com/destination/512-dao-phu-quy.html
đầm ô loan,8100,68,0,commercial,$0.19,18,Đầm Ô Loan - Phú Yên,https://vietgoing.com/destination/474-dam-o-loan-phu-yen.html
đền hùng phú thọ,8100,41,6,informational,$0.01,18,Đền Hùng, Phú Thọ,https://vietgoing.com/destination/13-den-hung.html
đền mẫu đồng đăng,8100,12,0,informational,--,61,Đền Mẫu Đồng Đăng, Lạng Sơn,https://vietgoing.com/destination/20-den-mau-dong-dang.html
đồi cát quang phú,8100,15,0,informational,--,42,Đồi Cát Quang Phú, Quảng Bình,https://vietgoing.com/destination/278-doi-cat-quang-phu.html
adora art hotel,6600,26,0,commercial,$0.91,14,Khách sạn Adora Art Hotel Sài Gòn Hồ Chí Minh,https://vietgoing.com/hotel/1585-adora-art-hotel-sai-gon.html
aira boutique hanoi hotel & spa,6600,14,5,commercial,$0.76,37,Đánh giá Khách sạn Aira Boutique Hanoi Hotel & Spa,https://vietgoing.com/article/989-danh-gia-khach-san-aira-boutique-hanoi-hotel-spa.html
an sơn hồ đà lạt,6600,41,0,commercial,$0.10,14,An Sơn Hồ Đà Lạt,https://vietgoing.com/destination/913-an-son-ho-da-lat.html
anantara mui ne resort,6600,23,19,commercial,$0.57,14,Anantara Spa at Anantara Mui Ne Resort, Phan Thiết,https://vietgoing.com/destination/515-anantara-spa-at-anantara-mui-ne-resort.html
anantara mũi ne resort,6600,68,19,commercial,$0.57,14,Tour du lịch Anantara Spa at Anantara Mui Ne Resort trọn ...,https://vietgoing.com/tour/dest-515-anantara-spa-at-anantara-mui-ne-resort.html
anya premier hotel quy nhon,6600,26,0,commercial,$0.46,14,Khách sạn Anya Premier Quy Nhơn Hotel,https://vietgoing.com/hotel/82-anya-premier-quy-nhon-hotel.html
au lac legend hotel,6600,20,0,commercial,$0.75,16,Khách sạn Âu Lạc Legend Hotel Hồ Chí Minh,https://vietgoing.com/hotel/1431-au-lac-legend-hotel-ho-chi-minh.html
azerai ke ga bay,6600,47,6,commercial,$0.68,14,Azerai Kê Gà Bay Resort Phan Thiết Bình Thuận,https://vietgoing.com/hotel/653-azerai-ke-ga-bay-resort-phan-thiet.html
bao son international hotel,6600,18,0,commercial,$0.66,22,Khách sạn Bảo Sơn International Hà Nội Hotel,https://vietgoing.com/hotel/344-bao-son-international-ha-noi-hotel.html
bái đính,6600,71,4,commercial,$0.08,14,Chùa Bái Đính, Ninh Bình,https://vietgoing.com/destination/1016-chua-bai-dinh.html
bãi biển gành dầu,6600,51,0,informational,$0.12,14,Mũi Gành Dầu Phú Quốc,https://vietgoing.com/destination/224-mui-ganh-dau-phu-quoc.html
bãi kinh đồi qin,6600,20,0,informational,--,16,Bãi Kinh - Đảo Bình Hưng, Ninh Thuận,https://vietgoing.com/destination/441-bai-kinh-dao-binh-hung.html
bãi trước vũng tàu,6600,42,0,informational,$0.24,14,Bãi Trước (Bãi Tầm Dương), Vũng Tàu,https://vietgoing.com/destination/1046-bai-truoc-bai-tam-duong.html
bùn khoáng nóng i-resort nha trang,6600,33,0,commercial,$0.28,14,Bùn khoáng nóng I-Resort Nha Trang,https://vietgoing.com/destination/433-bun-khoang-nong-i-resort-nha-trang.html
bưng riềng,6600,66,0,transactional,--,14,Khu bảo tồn thiên nhiên Bình Châu - Phước Bửu, Bà Rịa,https://vietgoing.com/destination/500-khu-bao-ton-thien-nhien-binh-chau-phuoc-buu.html
bản cát cát,6600,31,0,transactional,$0.07,14,Bản Cát Cát Sapa,https://vietgoing.com/destination/3-ban-cat-cat-sapa.html
bảo tàng 3d art in paradise,6600,46,0,informational,$0.33,14,Bảo Tàng 3D Art In Paradise Đà Nẵng,https://vietgoing.com/destination/725-bao-tang-3d-art-in-paradise-da-nang.html
bến thuyền tam cốc,6600,78,0,informational,$0.04,14,Tam Cốc Bích Động, Ninh Bình,https://vietgoing.com/destination/1017-tam-coc-bich-dong.html
cam ranh riviera beach resort & spa,6600,27,0,commercial,$0.38,14,Cam Ranh Riviera Beach Resort & Spa Khánh Hòa,https://vietgoing.com/hotel/2236-cam-ranh-riviera-beach-resort-spa.html
cam ranh riviera beach resort and spa,6600,25,0,commercial,$0.38,14,Cam Ranh Riviera Beach Resort & Spa Khánh Hòa,https://vietgoing.com/hotel/2236-cam-ranh-riviera-beach-resort-spa.html
canvas hotel,6600,37,0,commercial,$0.33,14,Khách sạn Canvas Beach Đà Nẵng Hotel,https://vietgoing.com/hotel/677-canvas-beach-da-nang-hotel.html
central hotel,6600,34,16,commercial,$0.61,14,Khách sạn Central Hotel Thanh Hoá Thanh Hóa,https://vietgoing.com/hotel/883-central-hotel-thanh-hoa.html
central palace hotel,6600,20,0,commercial,$0.50,16,Khách sạn Central Palace Hotel Sài Gòn Hồ Chí Minh,https://vietgoing.com/hotel/1005-central-palace-hotel-sai-gon.html
chicland danang beach hotel,6600,20,0,commercial,$0.67,16,Khách sạn Chicland Beach Hotel Đà Nẵng,https://vietgoing.com/hotel/1116-chicland-beach-hotel-da-nang.html
châu phú,6600,39,0,commercial,--,14,Địa điểm du lịch nổi tiếng ở Châu Phú, An Giang,https://vietgoing.com/destination/district-649-huyen-chau-phu.html
chùa bửu long thủ đức,6600,37,0,informational,--,14,Chùa Bửu Long, Hồ Chí Minh,https://vietgoing.com/destination/972-chua-buu-long.html
chùa tam chúc kim bảng hà nam,6600,37,0,commercial,--,14,Chùa Tam Chúc, Hà Nam,https://vietgoing.com/destination/12-chua-tam-chuc.html
chùa trấn quốc nằm ở đâu tại việt nam,6600,57,0,informational,$0.01,14,Chùa Trấn Quốc, Hà Nội,https://vietgoing.com/destination/332-chua-tran-quoc.html
chùa từ vân,6600,25,0,informational,$0.27,14,Chùa Từ Vân, Khánh Hòa,https://vietgoing.com/destination/528-chua-tu-van.html
chợ bình châu,6600,22,0,informational,--,15,Khu Du Lịch Bình Châu, Bà Rịa - Vũng Tàu,https://vietgoing.com/destination/497-khu-du-lich-binh-chau.html
chợ cốc lếu,6600,30,0,informational,$0.03,14,Chợ Cốc Lếu, Lào Cai,https://vietgoing.com/destination/875-cho-coc-leu.html
chợ long khánh,6600,39,0,informational,--,14,Chợ, trung tâm thương mại nổi tiếng ở Long Khánh, Đồng ...,https://vietgoing.com/destination/district-538-thi-xa-long-khanh.html?type=Ch%E1%BB%A3,+trung+t%C3%A2m+th%C6%B0%C6%A1ng+m%E1%BA%A1i
citadines bayfront nha trang,6600,43,0,commercial,$1.01,14,Khách sạn Citadines Bayfront Nha Trang Hotel,https://vietgoing.com/hotel/2238-citadines-bayfront-nha-trang-hotel.html
citadines central binh duong,6600,42,0,commercial,$0.52,14,Khách sạn Citadines Central Bình Dương Hotel,https://vietgoing.com/hotel/2210-citadines-central-binh-duong-hotel.html
cochin zen hotel,6600,18,0,commercial,$0.94,22,Khách sạn Cochin Zen Hotel Hồ Chí Minh,https://vietgoing.com/hotel/1331-cochin-zen-hotel-ho-chi-minh.html
crown hotel,6600,11,0,commercial,$0.51,61,Khách sạn Crown Hotel Nha Trang,https://vietgoing.com/hotel/3902-crown-hotel-nha-trang.html
cá sấu hoa cà,6600,58,0,informational,$0.07,14,Khu bảo tồn Cá Sấu Hoa Cà, Hồ Chí Minh,https://vietgoing.com/destination/502-khu-bao-ton-ca-sau-hoa-ca.html
cây đa 13 gốc,6600,35,0,transactional,--,14,Cây đa 13 gốc, Hải Phòng,https://vietgoing.com/destination/990-cay-da-13-goc.html
cù lao mái nhà,6600,70,0,informational,$0.93,14,Cù Lao Mái Nhà, Phú Yên,https://vietgoing.com/destination/912-cu-lao-mai-nha.html
cù lao thới sơn,6600,37,0,informational,$0.29,14,Cù lao Thới Sơn, Tiền Giang,https://vietgoing.com/destination/966-cu-lao-thoi-son.html
delasea ha long hotel,6600,27,0,commercial,$0.64,14,DeLaSea Hạ Long Hotel giá mới nhất, giảm đến 30%,https://vietgoing.com/hotel/213-delasea-ha-long-hotel.html
diamond bay hotel,6600,17,1,navigational,$0.47,29,Khách sạn Diamond Bay Hotel Nha Trang,https://vietgoing.com/hotel/1717-diamond-bay-hotel-nha-trang.html
diamond sea hotel,6600,38,0,commercial,$0.71,14,Khách sạn Diamond Sea Hotel Đà Nẵng,https://vietgoing.com/hotel/534-diamond-sea-hotel-da-nang.html
doc let beach,6600,49,0,commercial,$0.75,14,Biển Dốc Lết, Khánh Hòa,https://vietgoing.com/destination/182-bien-doc-let.html
domaine de marie,6600,72,0,commercial,$0.37,14,Nhà Thờ Domaine De Marie Đà Lạt,https://vietgoing.com/destination/900-nha-tho-domaine-de-marie-da-lat.html
du lịch biển thạnh phú,6600,59,0,informational,--,14,Địa điểm du lịch nổi tiếng ở Thạnh Phú, Bến Tre,https://vietgoing.com/destination/district-613-huyen-thanh-phu.html
fivitel da nang hotel,6600,18,0,commercial,$0.58,22,Khách sạn Fivitel Đà Nẵng Hotel,https://vietgoing.com/hotel/529-fivitel-da-nang-hotel.html
fivitel danang hotel,6600,18,0,commercial,$0.58,22,Khách sạn Fivitel Đà Nẵng Hotel,https://vietgoing.com/hotel/529-fivitel-da-nang-hotel.html
flc quy nhơn,6600,24,0,commercial,$0.46,14,Hệ Thống FLC Quy Nhơn 2025,https://vietgoing.com/top/162-he-thong-flc-quy-nhon.html
fleur de lys hotel quy nhon,6600,35,0,commercial,$0.57,14,Khách sạn Fleur De Lys Hotel Quy Nhơn,https://vietgoing.com/hotel/363-fleur-de-lys-hotel-quy-nhon.html
grand gold hotel,6600,17,0,commercial,$0.51,29,Khách sạn Grand Gold Hotel Đà Nẵng Đà Nẵng,https://vietgoing.com/hotel/3231-grand-gold-hotel-da-nang.html
grand lee hotel,6600,11,0,commercial,$0.74,61,Khách sạn Grand Lee Hotel Hồ Chí Minh,https://vietgoing.com/hotel/1631-grand-lee-hotel-ho-chi-minh.html
grand phoenix hotel bac ninh,6600,11,0,commercial,$0.50,61,Khách sạn Grand Phoenix Hotel Bắc Ninh,https://vietgoing.com/hotel/800-grand-phoenix-hotel-bac-ninh.html
grand sunrise palace hội an,6600,23,0,commercial,$0.28,14,Khách sạn Grand Sunrise Palace Hội An,https://vietgoing.com/hotel/3056-grand-sunrise-palace.html
green beach hotel nha trang,6600,20,0,commercial,$0.60,16,Khách sạn Green Beach Hotel Nha Trang,https://vietgoing.com/hotel/3980-green-beach-hotel-nha-trang.html
happy life grand hotel & sky bar,6600,25,0,commercial,$0.49,14,Khách sạn Happy Life Grand Hotel & Sky Bar Hồ Chí Minh,https://vietgoing.com/hotel/3978-happy-life-grand-hotel-sky-bar-ho-chi-minh.html
happy life green hotel,6600,15,0,commercial,$0.42,34,Khách sạn Happy Life Green Hotel Hồ Chí Minh,https://vietgoing.com/hotel/3979-happy-life-green-hotel-ho-chi-minh.html
hidden mansions saigon resort,6600,23,0,commercial,$0.53,14,Hidden Mansions Sài Gòn Resort Hồ Chí Minh,https://vietgoing.com/hotel/3808-hidden-mansions-sai-gon-resort.html
hilton garden inn da nang,6600,25,0,commercial,$0.89,14,Khách sạn Hilton Garden Inn Đà Nẵng Hotel,https://vietgoing.com/hotel/2955-hilton-garden-inn-da-nang-hotel.html
hoi an beach resort,6600,16,0,commercial,$0.73,29,Victoria Hội An Beach Resort & Spa,https://vietgoing.com/hotel/510-victoria-hoi-an-beach-resort-spa.html
hotel de la coupole sapa mgallery collection,6600,36,3,commercial,$0.31,14,Khách sạn Hotel De La Coupole - Mgallery Sapa,https://vietgoing.com/hotel/4-hotel-de-la-coupole-mgallery-sapa.html
hoàn mỹ resort ninh chữ,6600,14,0,commercial,$0.31,37,Hoàn Mỹ Resort Ninh Chử Ninh Thuận,https://vietgoing.com/hotel/3141-hoan-my-resort-ninh-chu.html
hòn tre,6600,47,0,informational,$0.17,14,Đảo Hòn Tre Nha Trang,https://vietgoing.com/destination/597-dao-hon-tre-nha-trang.html
hòn trống mái sầm sơn,6600,22,0,informational,$0.10,15,Hòn Trống Mái, Thanh Hóa,https://vietgoing.com/destination/97-hon-trong-mai.html
hải đăng an thới,6600,80,0,informational,$0.21,14,Quần Đảo An Thới, Phú Quốc,https://vietgoing.com/destination/1054-quan-dao-an-thoi.html
hải đăng kê gà,6600,41,0,commercial,$0.07,14,Hải Đăng Kê Gà, Bình Thuận,https://vietgoing.com/destination/609-hai-dang-ke-ga.html
hồ xuân hương đà lạt,6600,54,0,commercial,$0.07,14,Hồ Xuân Hương Đà Lạt,https://vietgoing.com/destination/633-ho-xuan-huong-da-lat.html
hội an beach resort,6600,22,0,commercial,$0.73,15,Victoria Hội An Beach Resort & Spa,https://vietgoing.com/hotel/510-victoria-hoi-an-beach-resort-spa.html
ibis styles,6600,61,2,commercial,$0.35,14,Khách sạn Ibis Styles Vũng Tàu Hotel,https://vietgoing.com/hotel/271-ibis-styles-vung-tau-hotel.html
indochine palace hotel hue,6600,16,0,commercial,$0.57,29,Khách sạn Indochine Palace Huế,https://vietgoing.com/hotel/742-indochine-palace-hue.html
indochine palace huế,6600,15,0,informational,$0.57,34,Indochine Palace Huế giá mới nhất, giảm đến 30%,https://vietgoing.com/hotel/742-indochine-palace-hue.html
intercontinental đà nẵng,6600,28,7,navigational,$0.20,14,InterContinental Đà Nẵng Sun Peninsula Resort,https://vietgoing.com/hotel/797-intercontinental-da-nang-sun-peninsula-resort.html
khu du lịch cáp treo đà lạt,6600,34,0,informational,$0.10,14,Tour du lịch Đồi Robin Đà Lạt - Khu du lịch cáp treo Đà Lạt, ...,https://vietgoing.com/tour/dest-632-doi-robin-da-lat-khu-du-lich-cap-treo-da-lat.html
khách sạn 3 sao,6600,37,0,informational,$0.29,14,Top 11 khách sạn 3 sao Ba Đình Hà Nội giá tốt được yêu ...,https://vietgoing.com/top/707-top-11-khach-san-3-sao-ba-dinh-ha-noi-gia-tot-duoc-yeu-thich-nhat.html
khách sạn 4 sao,6600,5,0,commercial,$0.23,310,Top 15 khách sạn 4 sao ở Sapa đáng để trải nghiệm 2025,https://vietgoing.com/top/290-top-15-khach-san-4-sao-o-sapa-dang-de-trai-nghiem.html
khách sạn 5 sao,6600,24,0,informational,$0.29,14,Top 15 khách sạn 5 sao đẳng cấp, tiện nghi nhất Hà Nội ...,https://vietgoing.com/top/103-top-15-khach-san-5-sao-dang-cap-tien-nghi-nhat-ha-noi.html
khách sạn công đoàn việt nam,6600,5,0,navigational,$0.27,310,Khách sạn Công Đoàn Việt Nam Hotel Hà Nội,https://vietgoing.com/hotel/2376-cong-doan-viet-nam-hotel.html
khách sạn duy tân,6600,8,0,commercial,$0.22,131,Khách sạn Duy Tân Hotel Vinh Nghệ An,https://vietgoing.com/hotel/2124-duy-tan-hotel-vinh.html
khách sạn hoàng yến,6600,64,0,commercial,$0.27,14,Hệ thống khách sạn Hoàng Yến Quy Nhơn 2025,https://vietgoing.com/top/364-he-thong-khach-san-hoang-yen-quy-nhon.html
khách sạn liberty central saigon citypoint,6600,38,19,commercial,$0.22,14,Liberty Central Sài Gòn Citypoint Hotel Hồ Chí Minh giá ...,https://vietgoing.com/hotel/1004-liberty-central-sai-gon-citypoint-hotel.html
khách sạn mường thanh luxury hà nam,6600,33,0,commercial,$0.50,14,Khách sạn Mường Thanh Luxury Hà Nam Hotel,https://vietgoing.com/hotel/1406-muong-thanh-luxury-ha-nam-hotel.html
khách sạn mường thanh luxury sông lam,6600,37,0,commercial,$0.66,14,Khách sạn Mường Thanh Luxury Sông Lam Hotel Nghệ An,https://vietgoing.com/hotel/1605-muong-thanh-luxury-song-lam-hotel.html
khách sạn quy nhơn,6600,38,3,commercial,$0.93,14,Top 10 khách sạn Quy Nhơn giá rẻ có bể bơi view cực đẹp ...,https://vietgoing.com/top/150-top-10-khach-san-quy-nhon-gia-re-co-be-boi-view-cuc-dep.html
kings hotel,6600,49,0,navigational,$0.56,14,Khách sạn Kings Hotel Đà Lạt,https://vietgoing.com/hotel/171-kings-hotel-da-lat.html
la siesta hoi an resort & spa,6600,16,1,commercial,$0.67,29,La Siesta Hội An Resort & Spa,https://vietgoing.com/hotel/2234-la-siesta-hoi-an-resort-spa.html
la siesta hoi an spa,6600,37,0,commercial,$0.67,14,La Siesta Hội An Resort & Spa giá mới nhất, giảm đến 30%,https://vietgoing.com/hotel/2234-la-siesta-hoi-an-resort-spa.html
la sinfonía del rey hotel & spa,6600,13,0,commercial,$0.43,39,Khách sạn La Sinfonía del Rey Hotel & Spa Hà Nội,https://vietgoing.com/hotel/597-la-sinfonia-del-rey-hotel-spa-ha-noi.html
lagi bình thuận,6600,44,0,informational,$0.33,14,Cẩm nang du lịch LaGi - Bình Thuận từ A đến Z mới nhất,https://vietgoing.com/article/274-cam-nang-du-lich-lagi-binh-thuan-tu-a-den-z-moi-nhat.html
legacy yên tử,6600,46,7,commercial,$0.32,14,Legacy Yên Tử - MGallery, Quảng Ninh,https://vietgoing.com/destination/258-legacy-yen-tu-mgallery.html
lotus village resort,6600,31,0,commercial,$0.44,14,Resort Lotus Village Mũi Né Phan Thiết,https://vietgoing.com/hotel/2108-lotus-village-mui-ne.html
lotus village resort mui ne,6600,19,0,commercial,$0.44,18,Resort Lotus Village Mũi Né Phan Thiết,https://vietgoing.com/hotel/2108-lotus-village-mui-ne.html
lucky hotel,6600,54,0,commercial,$0.53,14,Khách sạn Lucky 2 Hotel Quảng Nam,https://vietgoing.com/hotel/2284-lucky-2-hotel-quang-nam.html
làng chài nhơn hải,6600,47,0,commercial,$0.01,14,Làng Chài Nhơn Hải, Quy Nhơn,https://vietgoing.com/destination/492-lang-chai-nhon-hai.html
lăng cô,6600,12,7,commercial,$0.45,50,Cẩm nang du lịch Vịnh Lăng Cô từ A đến Z mới nhất,https://vietgoing.com/article/311-cam-nang-du-lich-vinh-lang-co-tu-a-den-z-moi-nhat.html
lạc sơn,6600,56,0,informational,--,14,Địa điểm du lịch nổi tiếng ở Lạc Sơn, Hòa Bình,https://vietgoing.com/destination/district-111-huyen-lac-son.html
m village hotel thợ nhuộm,6600,11,0,commercial,$0.50,61,Khách sạn M Village Hotel Thợ Nhuộm Hà Nội,https://vietgoing.com/hotel/3996-m-village-hotel-tho-nhuom-ha-noi.html
marina bay vung tau resort & spa,6600,38,3,commercial,$0.40,14,Marina Bay Vũng Tàu Resort & Spa,https://vietgoing.com/hotel/843-marina-bay-vung-tau-resort-spa.html
maris hotel nha trang,6600,17,0,commercial,$0.50,29,Maris Hotel Nha Trang giá mới nhất, giảm đến 30%,https://vietgoing.com/hotel/2569-maris-hotel-nha-trang.html
meliá vinpearl hue,6600,46,0,commercial,$0.28,14,Meliá Vinpearl Thừa Thiên Huế,https://vietgoing.com/hotel/376-melia-vinpearl-thua-thien-hue.html
merperle crystal palace,6600,37,0,informational,$0.27,14,Khách sạn MerPerle Crystal Palace Hồ Chí Minh,https://vietgoing.com/hotel/724-merperle-crystal-palace.html
mk premier boutique hotel,6600,11,0,commercial,$0.65,61,Khách sạn MK Premier Boutique Hotel Hà Nội,https://vietgoing.com/hotel/1733-mk-premier-boutique-hotel-ha-noi.html
muong thanh grand hà nội centre hotel,6600,15,0,commercial,$0.56,34,Khách sạn Mường Thanh Grand Hà Nội Centre Hotel,https://vietgoing.com/hotel/1354-muong-thanh-grand-ha-noi-centre-hotel.html
muong thanh luxury da nang hotel,6600,12,4,commercial,$0.84,50,Hệ Thống Khách Sạn Mường Thanh Đà Nẵng 2025,https://vietgoing.com/top/163-he-thong-khach-san-muong-thanh-da-nang.html
muong thanh luxury saigon hotel,6600,15,4,commercial,$0.68,34,Hệ Thống Khách Sạn Mường Thanh Sài Gòn 2026,https://vietgoing.com/top/415-he-thong-khach-san-muong-thanh-sai-gon.html
mường thanh grand hà nội centre hotel,6600,10,0,commercial,$0.56,71,Khách sạn Mường Thanh Grand Hà Nội Centre Hotel,https://vietgoing.com/hotel/1354-muong-thanh-grand-ha-noi-centre-hotel.html
mường thanh holiday mui ne hotel,6600,24,0,commercial,$0.60,14,Khách sạn Mường Thanh Holiday Mũi Né Hotel Phan Thiết,https://vietgoing.com/hotel/450-muong-thanh-holiday-mui-ne-hotel.html
mộ hàn mặc tử,6600,74,0,commercial,$0.04,14,Đồi Thi nhân Hàn Mặc Tử, Quy Nhơn,https://vietgoing.com/destination/368-doi-thi-nhan-han-mac-tu.html
nesta hotel đà nẵng,6600,26,0,commercial,$0.37,14,Khách sạn Nesta Hotel Đà Nẵng,https://vietgoing.com/hotel/1159-nesta-hotel-da-nang.html
nghĩa trang hàng dương,6600,52,0,commercial,$0.11,14,Nghĩa Trang Hàng Dương (Mộ Cô Võ Thị Sáu), Bà Rịa,https://vietgoing.com/destination/399-nghia-trang-hang-duong-mo-co-vo-thi-sau.html
nhà nghỉ thanh xuân,6600,40,0,commercial,$0.22,14,Khách sạn tốt nhất tại Thanh Xuân, Hà Nội,https://vietgoing.com/hotel/district-9-quan-thanh-xuan.html
nhà vọng cảnh,6600,68,0,informational,$0.07,14,Đồi Vọng Cảnh, Đà Lạt,https://vietgoing.com/destination/200-doi-vong-canh.html
northern charm hotel,6600,14,0,commercial,$0.39,37,Khách sạn Northern Charm Hotel Hồ Chí Minh,https://vietgoing.com/hotel/1037-northern-charm-hotel-ho-chi-minh.html
novotel phu quoc,6600,36,18,commercial,$0.49,14,Novotel Phú Quốc Resort giá mới nhất, giảm đến 30%,https://vietgoing.com/hotel/478-novotel-phu-quoc-resort.html
ocean dunes resort,6600,25,0,commercial,$0.34,14,Ocean Dunes Resort Phan Thiết Phan Thiết - Mũi Né,https://vietgoing.com/hotel/480-ocean-dunes-resort-phan-thiet.html
orchids saigon hotel,6600,19,0,commercial,$0.88,18,Khách sạn Orchids Sài Gòn Hotel Hồ Chí Minh,https://vietgoing.com/hotel/1734-orchids-sai-gon-hotel.html
paradise suites halong hotel,6600,22,0,commercial,$0.59,15,Khách sạn Paradise Suites Hotel Hạ Long,https://vietgoing.com/hotel/307-paradise-suites-hotel-ha-long.html
paradise suites hotel,6600,29,0,commercial,$0.59,14,Khách sạn Paradise Suites Hotel Hạ Long,https://vietgoing.com/hotel/307-paradise-suites-hotel-ha-long.html
paris deli danang beach hotel,6600,11,0,commercial,$0.61,61,Khách sạn Paris Deli Danang Beach Hotel Đà Nẵng,https://vietgoing.com/hotel/578-paris-deli-danang-beach-hotel.html
phố liễu giai,6600,25,0,informational,$0.40,14,Top 8 khách sạn Hà Nội khu vực Liễu Giai siêu đẹp giá tốt ...,https://vietgoing.com/top/694-top-8-khach-san-ha-noi-khu-vuc-lieu-giai-sieu-dep-gia-tot-nhat.html
premier pearl hotel vung tau,6600,31,0,commercial,$0.49,14,Khách sạn Premier Pearl Hotel Vũng Tàu,https://vietgoing.com/hotel/1771-premier-pearl-hotel-vung-tau.html
pu luong,6600,58,5,commercial,$0.80,14,Khu bảo tồn thiên nhiên Pù Luông, Thanh Hóa,https://vietgoing.com/destination/114-khu-bao-ton-thien-nhien-pu-luong.html
pù luông thanh hóa,6600,69,0,commercial,$0.13,14,Khu bảo tồn thiên nhiên Pù Luông, Thanh Hóa,https://vietgoing.com/destination/114-khu-bao-ton-thien-nhien-pu-luong.html
queen hotel,6600,36,1,commercial,$0.40,14,Queen Hotel Sài Gòn Airport Hồ Chí Minh giá ...,https://vietgoing.com/hotel/2292-queen-hotel-sai-gon-airport.html
ramana saigon hotel,6600,50,0,commercial,$0.72,14,Khách sạn Ramana Hotel Sài Gòn Hồ Chí Minh,https://vietgoing.com/hotel/1466-ramana-hotel-sai-gon.html
renaissance hoi an resort & spa,6600,40,0,commercial,$0.31,14,Renaissance Hội An Resort & Spa - Vietgoing.com,https://vietgoing.com/hotel/418-renaissance-hoi-an-resort-spa.html
rex hanoi hotel,6600,44,0,commercial,$0.72,14,Khách sạn Rex Hà Nội Hotel,https://vietgoing.com/hotel/1858-rex-ha-noi-hotel.html
rosamia da nang hotel,6600,29,1,commercial,$0.55,14,Khách sạn Rosamia Hotel Đà Nẵng,https://vietgoing.com/hotel/1196-rosamia-hotel-da-nang.html
rosamia danang hotel,6600,21,0,commercial,$0.55,16,Khách sạn Rosamia Hotel Đà Nẵng,https://vietgoing.com/hotel/1196-rosamia-hotel-da-nang.html
santa luxury hotel,6600,14,0,commercial,$0.47,37,Khách sạn Santa Luxury Đà Nẵng Hotel,https://vietgoing.com/hotel/2387-santa-luxury-da-nang-hotel.html
seahorse resort & spa,6600,47,0,commercial,$0.41,14,Seahorse Resort & Spa Mũi Né Phan Thiết,https://vietgoing.com/hotel/2050-seahorse-resort-spa-mui-ne.html
seahorse resort vietnam,6600,79,2,navigational,$0.41,14,Seahorse Resort & Spa Mũi Né Phan Thiết,https://vietgoing.com/hotel/2050-seahorse-resort-spa-mui-ne.html
seaside boutique resort quy nhon,6600,22,0,commercial,$0.65,15,Seaside Boutique Resort Quy Nhơn,https://vietgoing.com/hotel/617-seaside-boutique-resort-quy-nhon.html
seava hồ tràm,6600,46,2,commercial,$0.26,14,Resort Seava Hồ Tràm Beach Bà Rịa - Vũng Tàu,https://vietgoing.com/hotel/850-seava-ho-tram-beach.html
shilla monogram danang,6600,25,0,commercial,$0.39,14,Resort Shilla Monogram Đà Nẵng Quảng Nam,https://vietgoing.com/hotel/2264-shilla-monogram-da-nang.html
somerset hoa binh hanoi,6600,21,0,commercial,$0.41,16,Khách sạn Somerset Hòa Bình Hà Nội Hotel,https://vietgoing.com/hotel/1963-somerset-hoa-binh-ha-noi-hotel.html
splendid premium hotel,6600,11,0,commercial,$0.58,61,Khách sạn Splendid Premium Hotel Hà Nội,https://vietgoing.com/hotel/3954-splendid-premium-hotel-ha-noi.html
tam coc garden,6600,37,0,commercial,$0.77,14,Resort Tam Cốc Garden - Authentic & Natural Ninh Bình,https://vietgoing.com/hotel/1823-tam-coc-garden-authentic-natural.html
the cap hotel,6600,23,0,commercial,$0.42,14,Khách sạn The Cap Hotel Vũng Tàu,https://vietgoing.com/hotel/75-the-cap-hotel-vung-tau.html
trân châu beach & resort,6600,13,0,commercial,$0.30,39,Trân Châu Beach & Resort Phước Hải Bà Rịa - Vũng Tàu,https://vietgoing.com/hotel/2455-tran-chau-beach-resort-phuoc-hai.html
tt mèo vạc,6600,60,3,informational,--,14,5 điểm du lịch nổi tiếng ở Mèo Vạc Hà Giang,https://vietgoing.com/article/315-5-diem-du-lich-noi-tieng-o-meo-vac-ha-giang.html
ttc hotel phan thiết,6600,39,0,commercial,$0.68,14,TTC Hotel Premium Phan Thiết Phan Thiết - Mũi Né giá ...,https://vietgoing.com/hotel/621-ttc-hotel-premium-phan-thiet.html
tà xùa bắc yên sơn la,6600,49,0,informational,$0.04,14,Tà Xùa, Sơn La,https://vietgoing.com/destination/263-ta-xua.html
venus hotel tam đảo,6600,21,0,commercial,$0.43,16,Khách sạn Venus Hotel Tam Đảo,https://vietgoing.com/hotel/324-venus-hotel-tam-dao.html
vesna hotel nha trang,6600,28,0,commercial,$0.48,14,Khách sạn Vesna Hotel Nha Trang,https://vietgoing.com/hotel/287-vesna-hotel-nha-trang.html
vinpearl land nha trang,6600,41,12,commercial,$0.37,14,Vinpearl Land Nha Trang,https://vietgoing.com/destination/188-vinpearl-land-nha-trang.html
vân hồ,6600,57,0,informational,--,14,Địa điểm du lịch nổi tiếng ở Vân Hồ, Sơn La,https://vietgoing.com/destination/district-93-huyen-van-ho.html
vé cáp treo núi bà đen,6600,21,0,navigational,$0.17,16,Vé Cáp Treo Núi Bà Đen (Sun World Ba Den Mountain),https://vietgoing.com/ticket/10-ve-cap-treo-nui-ba-den-sun-world-ba-den-mountain.html
vườn nho thái an,6600,27,0,commercial,$0.01,14,Tour du lịch Vườn Nho Thái An trọn gói giá rẻ - Vietgoing,https://vietgoing.com/tour/dest-417-vuon-nho-thai-an.html
vườn quốc gia tam đảo,6600,73,0,informational,$0.01,14,Vườn Quốc Gia Tam Đảo,https://vietgoing.com/destination/750-vuon-quoc-gia-tam-dao.html
vạn phát riverside,6600,42,0,commercial,$0.30,14,Khách sạn Vạn Phát Riverside Hotel Cần Thơ,https://vietgoing.com/hotel/1463-van-phat-riverside-hotel-can-tho.html
y tý,6600,61,0,informational,$0.14,14,Y Tý, Lào Cai,https://vietgoing.com/destination/926-y-ty.html
ô quan chưởng,6600,13,0,transactional,$0.39,39,Ô Quan Chưởng, Hà Nội,https://vietgoing.com/destination/937-o-quan-chuong.html
đường mòn hồ chí minh,6600,74,0,informational,$0.02,14,Đường Trường Sơn - Đường Mòn Hồ Chí Minh, Quảng Trị,https://vietgoing.com/destination/586-duong-truong-son-duong-mon-ho-chi-minh.html
đảo cát bà,6600,48,0,informational,$0.11,14,Đảo Cát Bà, Cát Hải,https://vietgoing.com/destination/66-dao-cat-ba.html
đảo khỉ,6600,50,4,commercial,$0.15,14,Đảo Khỉ, Nha Trang,https://vietgoing.com/destination/206-dao-khi.html
đền bà triệu,6600,64,0,informational,$0.31,14,Đền Bà Triệu, Thanh Hóa,https://vietgoing.com/destination/100-den-ba-trieu.html
đền trần nam định,6600,42,0,informational,--,14,Đền Trần, Nam Định,https://vietgoing.com/destination/15-den-tran.html
động ngườm ngao,6600,47,0,informational,$0.50,14,Động Ngườm Ngao, Cao Bằng,https://vietgoing.com/destination/84-dong-nguom-ngao.html
động thiên đường,6600,76,6,informational,$0.04,14,Động Thiên Đường, Quảng Bình,https://vietgoing.com/destination/172-dong-thien-duong.html
acnos hotel,5400,12,0,navigational,$0.35,41,Khách sạn Acnos Hotel Hồ Chí Minh,https://vietgoing.com/hotel/4117-acnos-hotel-ho-chi-minh.html
adora hotel,5400,19,0,commercial,$0.74,15,Khách sạn Adora Hotel Bến Thành Hồ Chí Minh,https://vietgoing.com/hotel/560-adora-hotel-ben-thanh.html
amaya retreat,5400,9,0,commercial,$0.33,81,Amaya Retreat Sóc Sơn - Lodge, Spa & Restaurant Hà ...,https://vietgoing.com/hotel/946-amaya-retreat-soc-son-lodge-spa-restaurant.html
amira hotel hanoi,5400,30,0,commercial,$0.65,12,Khách sạn Amira Hotel Hà Nội,https://vietgoing.com/hotel/2773-amira-hotel-ha-noi.html
an phu hotel,5400,14,0,commercial,$0.48,31,Review khách sạn An Phú Hotel Phú Quốc - Trải nghiệm ...,https://vietgoing.com/article/468-review-khach-san-an-phu-hotel-phu-quoc-trai-nghiem-nghi-duong-dang-cap-giua-long-thien-nhien.html
anantara hoi an,5400,19,5,commercial,$0.76,15,Anantara Hội An Resort giá mới nhất, giảm đến 30%,https://vietgoing.com/hotel/444-anantara-hoi-an-resort.html
anantara hoi an resort,5400,44,0,commercial,$0.76,12,Anantara Hội An Resort giá mới nhất, giảm đến 30%,https://vietgoing.com/hotel/444-anantara-hoi-an-resort.html
anantara hội an resort,5400,17,1,commercial,$0.76,24,Top 10 resort ở Hội An được đặt nhiều nhất 2026,https://vietgoing.com/top/403-top-10-resort-o-hoi-an-duoc-dat-nhieu-nhat.html
angsana lang co,5400,48,6,commercial,$0.44,12,Resort Angsana Lăng Cô Huế,https://vietgoing.com/hotel/991-angsana-lang-co-hue.html
avana retreat,5400,51,0,commercial,$0.49,12,Resort Avana Retreat Mai Châu Hòa Bình,https://vietgoing.com/hotel/247-avana-retreat-mai-chau.html
avanti hotel saigon,5400,14,0,commercial,$0.80,31,Khách sạn Avanti Hotel Sài Gòn Hồ Chí Minh,https://vietgoing.com/hotel/2025-avanti-hotel-sai-gon.html
bendecir hotel & spa,5400,17,1,commercial,$0.45,24,Khách sạn Bendecir Hotel & Spa Hà Nội,https://vietgoing.com/hotel/1821-bendecir-hotel-spa-ha-noi.html
biển cửa lò,5400,48,0,commercial,$0.08,12,Biển Cửa Lò,https://vietgoing.com/destination/101-bien-cua-lo.html
biển hà tiên,5400,27,0,commercial,$0.22,12,Biển Hà Tiên, Kiên Giang,https://vietgoing.com/destination/761-bien-ha-tien.html
biển hải hòa,5400,28,0,informational,--,12,Biển Hải Hòa, Thanh Hóa,https://vietgoing.com/destination/134-bien-hai-hoa.html
biệt thự hoa hồng,5400,22,0,informational,$0.16,12,Roses Villa - Biệt Thự Hoa Hồng Tam Đảo,https://vietgoing.com/hotel/349-roses-villa-biet-thu-hoa-hong-tam-dao.html
bãi biển thuỳ vân vũng tàu,5400,33,0,informational,$0.16,12,Bãi Sau (Bãi Thùy Vân), Vũng Tàu,https://vietgoing.com/destination/508-bai-sau-bai-thuy-van.html
bãi bàng,5400,13,0,navigational,--,32,Bãi Bàng - Hòn Sơn, Kiên Giang,https://vietgoing.com/destination/594-bai-bang-hon-son.html
bãi tranh,5400,39,0,commercial,$0.17,12,Bãi Tranh Nha Trang,https://vietgoing.com/destination/175-bai-tranh-nha-trang.html
bãi tắm hồng vàn,5400,34,0,commercial,--,12,Bãi Biển Vàn Chảy, Quảng Ninh,https://vietgoing.com/destination/112-bai-bien-van-chay.html
bãi đá móng rồng,5400,45,0,commercial,--,12,Bãi Đá Móng Rồng, Quảng Ninh,https://vietgoing.com/destination/111-bai-da-mong-rong.html
bình liêu,5400,27,0,commercial,$0.37,12,10 điểm đến không thể bỏ qua khi tới Bình Liêu (Quảng ...,https://vietgoing.com/article/277-10-diem-den-khong-the-bo-qua-khi-toi-binh-lieu-quang-ninh.html
bình xuyên vĩnh phúc,5400,72,0,informational,$0.08,12,Địa điểm du lịch nổi tiếng ở Bình Xuyên, Vĩnh Phúc,https://vietgoing.com/destination/district-176-huyen-binh-xuyen.html
bình đại,5400,57,0,commercial,--,12,Tour du lịch Huyện Bình Đại, Bến Tre trọn gói giá rẻ,https://vietgoing.com/tour/district-611-huyen-binh-dai.html
bạch mã,5400,72,9,commercial,$0.05,12,Vườn Quốc Gia Bạch Mã Huế,https://vietgoing.com/destination/683-vuon-quoc-gia-bach-ma-hue.html
bảo tàng điêu khắc chăm đà nẵng,5400,69,0,commercial,$0.06,12,Bảo tàng Điêu khắc Chăm Đà Nẵng,https://vietgoing.com/destination/684-bao-tang-dieu-khac-cham-da-nang.html
camia resort & spa,5400,31,0,commercial,$0.73,12,Camia Resort & Spa Phú Quốc,https://vietgoing.com/hotel/135-camia-resort-spa-phu-quoc.html
cao nguyên đá đồng văn,5400,73,0,informational,$0.02,12,Cao Nguyên Đá Đồng Văn, Hà Giang,https://vietgoing.com/destination/554-cao-nguyen-da-dong-van.html
century riverside hotel hue,5400,36,0,commercial,$0.69,12,Khách sạn Century Riverside Hotel Huế,https://vietgoing.com/hotel/752-century-riverside-hotel-hue.html
cho ben thanh vietnam,5400,72,14,informational,$0.21,12,Chợ Bến Thành, Hồ Chí Minh,https://vietgoing.com/destination/530-cho-ben-thanh.html
chùa sắc tứ khải đoan,5400,48,0,informational,$0.19,12,Chùa Sắc Tứ Khải Đoan, Đắk Lắk,https://vietgoing.com/destination/267-chua-sac-tu-khai-doan.html
chợ bình tiên,5400,58,0,commercial,$0.05,12,Chợ Lớn Mới - Chợ Bình Tây, Hồ Chí Minh,https://vietgoing.com/destination/681-cho-lon-moi-cho-binh-tay.html
cicilia hotel & spa,5400,17,3,commercial,$0.26,24,Khách sạn Cicilia Hotel & Spa Đà Nẵng,https://vietgoing.com/hotel/546-cicilia-hotel-spa-da-nang.html
classy holiday hotel & spa,5400,15,0,commercial,$0.42,28,Khách sạn Classy Holiday Hotel & Spa Hà Nội,https://vietgoing.com/hotel/2489-classy-holiday-hotel-spa-ha-noi.html
crown retreat resort quy nhơn,5400,60,0,commercial,$0.34,12,Crown Retreat Resort Quy Nhơn Bình Định,https://vietgoing.com/hotel/415-crown-retreat-resort-quy-nhon.html
cát house,5400,25,0,commercial,$0.16,12,Homestay Cát Cát Garden House Sapa,https://vietgoing.com/hotel/958-cat-cat-garden-house-sapa.html
cư kuin,5400,78,0,informational,--,12,Địa điểm du lịch nổi tiếng ở Cư Kuin, Đắk Lắk,https://vietgoing.com/destination/district-487-huyen-cu-kuin.html
cầu thị nại,5400,56,0,commercial,--,12,Cầu Thị Nại, Quy Nhơn,https://vietgoing.com/destination/369-cau-thi-nai.html
cầu treo kon tu rằng,5400,75,0,informational,--,12,Cầu Treo Kon Klor, Kon Tum,https://vietgoing.com/destination/954-cau-treo-kon-klor.html
cồn đen,5400,17,0,commercial,--,24,Biển Cồn Đen, Thái Bình,https://vietgoing.com/destination/733-bien-con-den.html
d'qua hotel,5400,32,0,commercial,$0.35,12,Khách sạn D'Qua Hotel Nha Trang,https://vietgoing.com/hotel/3280-d-qua-hotel-nha-trang.html
dhawa hồ tràm,5400,48,0,commercial,$0.35,12,Khách sạn Dhawa Hồ Tràm Bà Rịa - Vũng Tàu,https://vietgoing.com/hotel/3615-dhawa-ho-tram.html
diamond bay resort & spa,5400,29,0,commercial,$0.51,12,Diamond Bay Resort & Spa Nha Trang,https://vietgoing.com/hotel/897-diamond-bay-resort-spa-nha-trang.html
diamond westlake suites,5400,16,0,commercial,$1.11,24,Khách sạn Diamond Westlake Suites Hanoi Hà Nội,https://vietgoing.com/hotel/600-diamond-westlake-suites-hanoi.html
dusit princess moonrise beach resort,5400,27,0,commercial,$0.83,12,Dusit Princess Moonrise Beach Resort Phú Quốc,https://vietgoing.com/hotel/123-dusit-princess-moonrise-beach-resort-phu-quoc.html
dốc lết,5400,80,6,informational,$0.20,12,Biển Dốc Lết, Khánh Hòa,https://vietgoing.com/destination/182-bien-doc-let.html
elios hotel,5400,11,0,navigational,$0.77,50,Khách sạn Elios Hotel Hồ Chí Minh Hồ Chí Minh,https://vietgoing.com/hotel/2517-elios-hotel-ho-chi-minh.html
emeralda ninh bình,5400,60,0,commercial,$0.36,12,Emeralda Resort Ninh Bình giá mới nhất, giảm đến 30%,https://vietgoing.com/hotel/239-emeralda-resort-ninh-binh.html
emm hue hotel,5400,19,0,commercial,$0.65,15,ÊMM Hotel Huế giá mới nhất, giảm đến 30%,https://vietgoing.com/hotel/519-emm-hotel-hue.html
everland hotel,5400,17,0,commercial,$0.55,24,Everland Hotel Đà Nẵng giá mới nhất, giảm đến 30%,https://vietgoing.com/hotel/679-everland-hotel-da-nang.html
fleur de lys resort & spa long hai,5400,25,7,commercial,$0.69,12,Fleur De Lys Resort & Spa Long Hải Bà Rịa - Vũng Tàu,https://vietgoing.com/hotel/1320-fleur-de-lys-resort-spa-long-hai.html
fraser residence hà nội,5400,36,0,commercial,$0.42,12,Khách sạn Fraser Residence Hà Nội,https://vietgoing.com/hotel/3449-fraser-residence-ha-noi.html
fte ba dinh hotel,5400,11,0,commercial,$0.47,50,Khách sạn FTE Ba Đình Hotel Hà Nội,https://vietgoing.com/hotel/1366-fte-ba-dinh-hotel-ha-noi.html
ga cáp treo sun world fansipan legend,5400,72,13,commercial,$0.06,12,Vé Cáp Treo Sapa Fansipan Legend 2 Chiều,https://vietgoing.com/ticket/1-ve-cap-treo-sapa-fansipan-legend-2-chieu.html
golden star hotel,5400,13,0,commercial,$0.33,32,Khách sạn Golden Star Hotel Hồ Chí Minh,https://vietgoing.com/hotel/3438-golden-star-hotel-ho-chi-minh.html
goldient boutique hotel,5400,34,0,commercial,$0.51,12,Khách sạn Goldient Boutique Hotel Đà Lạt,https://vietgoing.com/hotel/3963-goldient-boutique-hotel-da-lat.html
grand hotel du lac hanoi,5400,10,0,commercial,$1.01,62,Khách sạn Grand Hôtel du LAC Hà Nội,https://vietgoing.com/hotel/3802-grand-hotel-du-lac-ha-noi.html
grand tourane hotel danang,5400,16,0,commercial,$0.64,24,Khách sạn Grand Tourane Hotel Đà Nẵng,https://vietgoing.com/hotel/483-grand-tourane-hotel-da-nang.html
hadana boutique resort hoi an,5400,18,0,commercial,$0.61,18,Khách sạn Hadana Boutique Resort Hội An,https://vietgoing.com/hotel/1690-hadana-boutique-resort-hoi-an.html
hanoi le jardin hotel & spa,5400,34,0,commercial,$0.60,12,Khách sạn Le Jardin Hotel & Spa Hà Nội,https://vietgoing.com/hotel/626-le-jardin-hotel-spa-ha-noi.html
hanoian central hotel & spa,5400,23,0,commercial,$0.83,12,Khách sạn Hanoian Central Hotel & Spa Hà Nội,https://vietgoing.com/hotel/351-hanoian-central-hotel-spa-ha-noi.html
hilton đà nẵng,5400,27,4,commercial,$0.74,12,Hilton Đà Nẵng Hotel giá mới nhất, giảm đến 30%,https://vietgoing.com/hotel/2424-hilton-da-nang-hotel.html
hotel quận 1,5400,29,0,commercial,$2.71,12,Khách sạn tốt nhất tại Quận 1, Hồ Chí Minh,https://vietgoing.com/hotel/district-556-quan-1.html
hòn một,5400,34,0,informational,$0.11,12,Hòn Một, Nha Trang,https://vietgoing.com/destination/190-hon-mot.html
hòn thơm,5400,73,0,informational,$0.25,12,Hòn Thơm, Phú Quốc,https://vietgoing.com/destination/1033-hon-thom.html
hòn tằm,5400,82,6,informational,$0.23,12,Hòn Tằm, Nha Trang,https://vietgoing.com/destination/455-hon-tam.html
hồ cốc,5400,43,0,commercial,$0.21,12,Bãi biển Hồ Cốc, Bà Rịa - Vũng Tàu,https://vietgoing.com/destination/499-bai-bien-ho-coc.html
intercontinental hanoi westlake,5400,10,0,commercial,$0.58,62,Khách sạn InterContinental Hanoi Westlake Hà Nội,https://vietgoing.com/hotel/2680-intercontinental-hanoi-westlake.html
intercontinental nha trang,5400,24,1,navigational,$0.70,11,Khách sạn InterContinental Nha Trang,https://vietgoing.com/hotel/284-intercontinental-nha-trang.html
intercontinental phu quoc long beach resort,5400,45,31,navigational,$0.37,12,InterContinental Long Beach Resort Phú Quốc,https://vietgoing.com/hotel/126-intercontinental-long-beach-resort-phu-quoc.html
khu du lịch sinh thái tràng an,5400,26,0,informational,$0.06,12,Khu Du Lịch Sinh Thái Tràng An, Ninh Bình,https://vietgoing.com/destination/17-khu-du-lich-sinh-thai-trang-an.html
khu du lịch vinh sang,5400,48,0,informational,$0.01,12,Khu Du Lịch Vinh Sang, Vĩnh Long,https://vietgoing.com/destination/820-khu-du-lich-vinh-sang.html
khu du lịch vườn xoài,5400,28,2,informational,--,12,Khu du lịch sinh thái Vườn Xoài, Đồng Nai,https://vietgoing.com/destination/924-khu-du-lich-sinh-thai-vuon-xoai.html
khách sạn bông sen sài gòn,5400,15,0,commercial,$0.59,28,Khách sạn Bông Sen Hotel Sài Gòn Hồ Chí Minh,https://vietgoing.com/hotel/1414-bong-sen-hotel-sai-gon.html
khách sạn cầu giấy,5400,30,0,navigational,$0.50,12,Khách sạn 3 sao tốt nhất tại Cầu Giấy, Hà Nội,https://vietgoing.com/hotel/district-5-quan-cau-giay.html?star=3
khách sạn gần đây nhất,5400,27,0,commercial,$0.23,12,Top 10 khách sạn gần Phố Đi Bộ Hà Nội giá rẻ tiện nghi ...,https://vietgoing.com/top/122-top-10-khach-san-gan-pho-di-bo-ha-noi-gia-re-tien-nghi-nhat-hien-nay.html
khách sạn hoàng sơn peace,5400,24,0,commercial,$0.19,12,Hoang Son Peace Hotel Ninh Bình giá mới nhất, giảm đến ...,https://vietgoing.com/hotel/2835-hoang-son-peace-hotel.html
khách sạn hội an,5400,39,19,commercial,$0.99,12,Top 12 khách sạn ở trung tâm Hội An có view siêu đẹp 2026,https://vietgoing.com/top/408-top-12-khach-san-o-trung-tam-hoi-an-co-view-sieu-dep.html
khách sạn phú quốc,5400,54,11,commercial,$0.76,12,Khách sạn tốt nhất tại Phú Quốc,https://vietgoing.com/hotel/district-666-thanh-pho-phu-quoc.html
khách sạn quận 10,5400,56,0,commercial,$0.49,12,Top 7 khách sạn Quận 10 TP. Hồ Chí Minh tiện nghi, giá tốt ...,https://vietgoing.com/top/900-top-7-khach-san-quan-10-tp-ho-chi-minh-tien-nghi-gia-tot-vi-tri-dep.html
khách sạn riverside,5400,36,0,commercial,$0.28,12,Khách sạn Riverside Hotel Hồ Chí Minh,https://vietgoing.com/hotel/3613-riverside-hotel-ho-chi-minh.html
khách sạn sapa,5400,31,7,commercial,$0.65,12,Khách sạn Sapa giá chỉ từ 416000₫,https://vietgoing.com/hotel/district-62-huyen-sapa.html
khách sạn sài gòn đà lạt,5400,35,0,navigational,$0.40,12,Saigon Đà Lạt Hotel giá mới nhất, giảm đến 30%,https://vietgoing.com/hotel/166-saigon-da-lat-hotel.html
khách sạn the reed ninh bình,5400,22,0,commercial,$0.26,12,Khách sạn The Reed Hotel Ninh Bình,https://vietgoing.com/hotel/254-the-reed-hotel-ninh-binh.html
khách sạn thiên ân,5400,9,0,commercial,$0.21,79,Khách sạn Thiên Ân Hotel Huế,https://vietgoing.com/hotel/3358-thien-an-hotel-hue.html
koi resort and spa hoi an,5400,26,0,commercial,$0.67,12,KOI Resort And Spa Hội An giá mới nhất, giảm đến 30%,https://vietgoing.com/hotel/1569-koi-resort-and-spa-hoi-an.html
krông bông,5400,68,0,informational,--,12,Địa điểm du lịch nổi tiếng ở Krông Bông, Đắk Lắk,https://vietgoing.com/destination/district-483-huyen-krong-bong.html
kỳ co,5400,74,5,commercial,$0.08,12,Kỳ Co, Quy Nhơn,https://vietgoing.com/destination/339-ky-co.html
la charm hoi an hotel & spa,5400,18,0,commercial,$0.47,17,Khách sạn La Charm Hoi An Hotel Hội An,https://vietgoing.com/hotel/2952-la-charm-hoi-an-hotel.html
la charme hoi an hotel & spa,5400,16,0,commercial,$0.47,--,Khách sạn La Charm Hoi An Hotel Hội An,https://vietgoing.com/hotel/2952-la-charm-hoi-an-hotel.html
la siesta premium hang be hotel,5400,20,0,commercial,$0.72,13,Khách sạn La Siesta Premium Hàng Bè Hotel Hà Nội,https://vietgoing.com/hotel/2154-la-siesta-premium-hang-be-hotel.html
liberty hotel saigon parkview,5400,33,0,commercial,$0.88,12,Khách sạn Liberty Hotel Sài Gòn Parkview Hồ Chí Minh,https://vietgoing.com/hotel/1448-liberty-hotel-sai-gon-parkview.html
lucky sun hotel,5400,20,0,commercial,$0.70,13,Khách sạn Lucky Sun Hotel Nha Trang,https://vietgoing.com/hotel/372-lucky-sun-hotel-nha-trang.html
làng văn hóa các dân tộc việt nam,5400,47,0,informational,$0.02,12,Làng Văn Hóa Các Dân Tộc Việt Nam, Hà Nội,https://vietgoing.com/destination/372-lang-van-hoa-cac-dan-toc-viet-nam.html
lăng chủ tịch,5400,52,0,transactional,$0.07,12,Lăng Chủ Tịch Hồ Chí Minh, Hà Nội,https://vietgoing.com/destination/835-lang-chu-tich-ho-chi-minh.html
lương sơn hòa bình,5400,52,0,informational,--,12,Địa điểm du lịch ở Lương Sơn, Hòa Bình - Vietgoing.com,https://vietgoing.com/destination/district-106-huyen-luong-son.html
mai hotel,5400,37,0,commercial,$0.39,12,Khách sạn Mai Hotel Vũng Tàu,https://vietgoing.com/hotel/3901-mai-hotel-vung-tau.html
mandala hotel & spa bac ninh,5400,26,0,commercial,$0.46,12,Mandala Hotel & Spa Bắc Ninh giá mới nhất, giảm đến 30%,https://vietgoing.com/hotel/3582-mandala-hotel-spa-bac-ninh.html
melia vinpearl phu quoc,5400,35,0,commercial,$0.51,12,Khu nghỉ dưỡng Meliá Vinpearl Phú Quốc,https://vietgoing.com/hotel/2400-melia-vinpearl-phu-quoc.html
meliá vinpearl thanh hoa,5400,20,0,commercial,$0.45,13,Meliá Vinpearl Thanh Hoá Thanh Hóa,https://vietgoing.com/hotel/386-melia-vinpearl-thanh-hoa.html
mercury phu quoc resort,5400,51,0,commercial,$0.64,12,Mercury Phú Quốc Resort & Villas,https://vietgoing.com/hotel/520-mercury-phu-quoc-resort-villas.html
minh toan galaxy hotel,5400,35,0,commercial,$0.60,12,Khách sạn Minh Toàn Galaxy Hotel Đà Nẵng,https://vietgoing.com/hotel/536-minh-toan-galaxy-hotel-da-nang.html
monarque hotel,5400,17,0,commercial,$0.57,24,Khách sạn Monarque Hotel Đà Nẵng,https://vietgoing.com/hotel/556-monarque-hotel-da-nang.html
muong thanh luxury phu quoc hotel,5400,16,1,commercial,$0.67,24,Review khách sạn Mường Thanh Luxury Phú Quốc Hotel,https://vietgoing.com/article/388-review-khach-san-muong-thanh-luxury-phu-quoc-hotel-noi-ky-nghi-mo-uoc-tro-thanh-hien-thuc.html
mường thanh holiday mộc châu,5400,46,0,commercial,$0.39,12,Mường Thanh Holiday Mộc Châu 3 ngày 2 đêm, ưu đãi tới ...,https://vietgoing.com/combo/782-combo-moc-chau-muong-thanh-holiday-moc-chau-3-ngay-2-dem.html
mẫu sơn,5400,43,0,informational,--,12,Linh Địa Cổ Mẫu Sơn, Lạng Sơn,https://vietgoing.com/destination/300-linh-dia-co-mau-son.html
mộc hóa,5400,48,0,commercial,--,12,Địa điểm du lịch nổi tiếng ở Mộc Hóa, Long An,https://vietgoing.com/destination/district-584-huyen-moc-hoa.html
nam từ liêm hà nội,5400,90,0,informational,$0.04,12,Địa điểm du lịch nổi tiếng ở Nam Từ Liêm, Hà Nội,https://vietgoing.com/destination/district-13-quan-nam-tu-liem.html
navada beach hotel,5400,27,0,commercial,$0.65,12,Navada Beach Hotel Nha Trang giá mới nhất, giảm đến 30%,https://vietgoing.com/hotel/1610-navada-beach-hotel-nha-trang.html
new world hoiana beach resort,5400,56,0,navigational,$0.56,12,Khách sạn New World Hoiana Beach Resort Quảng Nam,https://vietgoing.com/hotel/3868-new-world-hoiana-beach-resort.html
new world hoiana hotel,5400,17,0,navigational,$0.54,24,Khách sạn New World Hoiana Hotel Quảng Nam,https://vietgoing.com/hotel/2247-new-world-hoiana-hotel.html
nghĩa trang liệt sĩ,5400,67,8,commercial,$0.04,12,Nghĩa Trang Liệt Sĩ Trường Sơn, Quảng Bình,https://vietgoing.com/destination/576-nghia-trang-liet-si-truong-son.html
nghĩa trang trường sơn,5400,52,0,commercial,--,12,Nghĩa Trang Liệt Sĩ Trường Sơn, Quảng Bình,https://vietgoing.com/destination/576-nghia-trang-liet-si-truong-son.html
nha trang palace hotel,5400,21,0,commercial,$0.85,13,Nha Trang Palace Hotel giá mới nhất, giảm đến 30%,https://vietgoing.com/hotel/911-nha-trang-palace-hotel.html
nho quan ninh bình,5400,54,0,commercial,$0.55,12,Địa điểm du lịch nổi tiếng ở Nho Quan, Ninh Bình,https://vietgoing.com/destination/district-266-huyen-nho-quan.html
nhà cụ hoàng xuân đường quê ngoại bác hồ,5400,98,0,informational,--,12,Làng Hoàng Trù, Nghệ An,https://vietgoing.com/destination/118-lang-hoang-tru.html
nhà khách chính phủ,5400,11,0,commercial,$0.20,50,Nhà khách chính phủ, Hà Nội,https://vietgoing.com/destination/388-nha-khach-chinh-phu.html
nhà khách t78,5400,41,0,commercial,$0.33,12,Khách sạn T78 Hotel Nha Trang,https://vietgoing.com/hotel/3090-t78-hotel-nha-trang.html
nhà nghỉ cát tường,5400,8,0,commercial,$0.14,107,Khách sạn Cát Tường Hotel Đà Lạt,https://vietgoing.com/hotel/3774-cat-tuong-hotel-da-lat.html
nhà nghỉ minh quân,5400,20,0,commercial,$0.10,13,Khách sạn Minh Quân Hotel Đà Nẵng,https://vietgoing.com/hotel/3433-minh-quan-hotel-da-nang.html
nhà tù phú quốc,5400,75,0,informational,$0.09,12,Nhà Tù Phú Quốc,https://vietgoing.com/destination/215-nha-tu-phu-quoc.html
ninh chữ,5400,31,0,informational,$0.25,12,Biển Ninh Chữ, Ninh Thuận,https://vietgoing.com/destination/415-bien-ninh-chu.html
oakwood ha long,5400,22,0,informational,$0.58,12,Khu nghỉ dưỡng Oakwood Hạ Long,https://vietgoing.com/hotel/215-oakwood-ha-long.html
orchid hotel,5400,11,0,navigational,$0.59,50,Orchid Hotel Huế giá mới nhất, giảm đến 30%,https://vietgoing.com/hotel/1456-orchid-hotel-hue.html
pao's sapa leisure hotel,5400,62,5,commercial,$0.81,12,Khách sạn Pao's Sapa Leisure Hotel,https://vietgoing.com/hotel/1-pao-s-sapa-leisure-hotel.html
paradise hotel,5400,21,0,commercial,$0.58,13,Khách sạn Paradise Hotel Móng Cái Quảng Ninh,https://vietgoing.com/hotel/3144-paradise-hotel-mong-cai.html
phan rang tháp chàm,5400,33,1,commercial,$0.44,12,Cẩm nang du lịch Phan Rang - Tháp Chàm từ A đến Z mới ...,https://vietgoing.com/article/309-cam-nang-du-lich-phan-rang-thap-cham-tu-a-den-z-moi-nhat.html
phố cầu gỗ,5400,25,0,informational,$0.25,12,Top 7 khách sạn đẹp phố Cầu Gỗ - trung tâm ẩm thực ...,https://vietgoing.com/top/683-top-7-khach-san-dep-pho-cau-go-trung-tam-am-thuc-pho-co-ha-noi.html
phố tây huế,5400,72,0,informational,$0.02,12,Phố Đi Bộ Huế,https://vietgoing.com/destination/906-pho-di-bo-hue.html
pullman phu quoc beach resort,5400,22,0,commercial,$0.60,12,Pullman Phú Quốc Beach Resort - Vietgoing.com,https://vietgoing.com/hotel/85-pullman-phu-quoc-beach-resort.html
quê garden,5400,57,0,informational,$0.08,12,QUE Garden Đà Lạt,https://vietgoing.com/destination/637-que-garden-da-lat.html
quản bạ,5400,62,0,informational,$1.45,12,Cổng trời Quản Bạ, Hà Giang,https://vietgoing.com/destination/50-cong-troi-quan-ba.html
radisson blu resort cam ranh,5400,25,0,commercial,$0.30,12,Radisson Blu Resort Cam Ranh Khánh Hòa,https://vietgoing.com/hotel/2666-radisson-blu-resort-cam-ranh.html
radisson blu resort phu quoc,5400,30,1,commercial,$0.39,12,Radisson Blu Resort Phú Quốc,https://vietgoing.com/hotel/129-radisson-blu-resort-phu-quoc.html
radisson resort mũi né,5400,37,0,commercial,$0.34,12,Radisson Resort Phan Thiết Phan Thiết - Mũi Né,https://vietgoing.com/hotel/1503-radisson-resort-phan-thiet.html
regalia gold hotel,5400,24,2,commercial,$0.83,12,Khách sạn Regalia Gold Hotel Nha Trang,https://vietgoing.com/hotel/1722-regalia-gold-hotel-nha-trang.html
resort victoria hội an,5400,29,0,commercial,$0.53,12,Victoria Hội An Beach Resort & Spa,https://vietgoing.com/hotel/510-victoria-hoi-an-beach-resort-spa.html
resort vũng tàu,5400,30,4,commercial,$0.45,12,Top 6 resort ở Vũng Tàu được đặt nhiều nhất 2026,https://vietgoing.com/top/146-top-6-resort-o-vung-tau-duoc-dat-nhieu-nhat.html
reyna hotel hanoi,5400,15,3,commercial,$0.36,28,Khách sạn Reyna Hotel Hà Nội,https://vietgoing.com/hotel/2442-reyna-hotel-ha-noi.html
romana resort,5400,19,2,commercial,$0.43,15,Romana Resort & Spa Mũi Né Phan Thiết,https://vietgoing.com/hotel/435-romana-resort-spa-mui-ne.html
ruby star hotel,5400,32,0,commercial,$0.43,12,Khách sạn Ruby Star Hotel Đà Nẵng,https://vietgoing.com/hotel/3384-ruby-star-hotel-da-nang.html
rừng thông mơ farm & bistro,5400,36,0,commercial,$0.18,12,Hẹn hò ở nhà hàng Mơ Bistro Đà Lạt giữa rừng thông view ...,https://vietgoing.com/article/73-hen-ho-o-nha-hang-mo-bistro-da-lat-giua-rung-thong-view-dep-lang-man.html
safari phú quốc,5400,52,16,commercial,$0.85,12,Vinpearl Safari Phú Quốc,https://vietgoing.com/destination/428-vinpearl-safari-phu-quoc.html
sammy hotel vũng tàu,5400,17,0,commercial,$0.48,24,Khách sạn Sammy Hotel Vũng Tàu,https://vietgoing.com/hotel/2776-sammy-hotel-vung-tau.html
sapa charm hotel,5400,14,0,commercial,$0.31,31,Khách sạn Sapa Charm Hotel,https://vietgoing.com/hotel/19-sapa-charm-hotel.html
sata hotel,5400,18,0,commercial,$0.32,18,Khách sạn Sata Hotel Nha Trang,https://vietgoing.com/hotel/2435-sata-hotel-nha-trang.html
satoyama village,5400,8,0,commercial,$0.29,107,Satoyama Village Hòa Bình giá mới nhất, giảm đến 30%,https://vietgoing.com/hotel/1169-satoyama-village-hoa-binh.html
sbh gloria hue,5400,19,0,informational,$0.18,15,SBH Gloria Resort Huế giá mới nhất, giảm đến 30%,https://vietgoing.com/hotel/2973-sbh-gloria-resort-hue.html
sea link beach,5400,28,0,commercial,$0.58,12,Sea Links Beach Hotel Mũi Né Phan Thiết,https://vietgoing.com/hotel/1613-sea-links-beach-hotel-mui-ne.html
sea link beach hotel,5400,17,1,commercial,$0.58,24,Khách sạn Sea Links Beach Hotel Mũi Né Phan Thiết,https://vietgoing.com/hotel/1613-sea-links-beach-hotel-mui-ne.html
sea links beach hotel,5400,19,0,commercial,$0.58,15,Khách sạn Sea Links Beach Hotel Mũi Né Phan Thiết,https://vietgoing.com/hotel/1613-sea-links-beach-hotel-mui-ne.html
sekong hotel da nang beach,5400,7,0,commercial,$0.43,139,Khách sạn Sekong Hotel Đà Nẵng,https://vietgoing.com/hotel/1069-sekong-hotel-da-nang.html
senna hue hotel,5400,47,0,commercial,$0.67,12,Khách sạn Senna Hotel Huế,https://vietgoing.com/hotel/730-senna-hotel-hue.html
sheraton nha trang,5400,46,5,commercial,$0.56,12,Khách sạn Sheraton Nha Trang Hotel & Spa,https://vietgoing.com/hotel/286-sheraton-nha-trang-hotel-spa.html
sheraton saigon,5400,44,6,commercial,$0.60,12,Sheraton Saigon Grand Opera Hotel Ho Chi Minh Hồ Chí ...,https://vietgoing.com/hotel/3893-sheraton-saigon-grand-opera-hotel-ho-chi-minh.html
sila urban living,5400,16,0,navigational,$0.60,24,Khách sạn SILA Urban Living Hồ Chí Minh Hotel,https://vietgoing.com/hotel/2841-sila-urban-living-ho-chi-minh-hotel.html
silk path grand sapa resort & spa,5400,35,13,commercial,$0.79,12,Silk Path Grand Resort & Spa Sapa,https://vietgoing.com/hotel/2-silk-path-grand-resort-spa-sapa.html
silverland jolie hotel,5400,33,0,commercial,$0.62,12,Khách sạn Silverland Jolie Hotel Hồ Chí Minh,https://vietgoing.com/hotel/2273-silverland-jolie-hotel-ho-chi-minh.html
silverland sakyo,5400,30,0,commercial,$0.67,12,Khách sạn Silverland Sakyo Hotel & Spa Hồ Chí Minh,https://vietgoing.com/hotel/1442-silverland-sakyo-hotel-spa-ho-chi-minh.html
silverland sakyo hotel & spa,5400,11,0,commercial,$0.67,50,Khách sạn Silverland Sakyo Hotel & Spa Hồ Chí Minh,https://vietgoing.com/hotel/1442-silverland-sakyo-hotel-spa-ho-chi-minh.html
six senses côn đảo,5400,68,25,commercial,$0.58,12,Resort Six Senses Côn Đảo Bà Rịa - Vũng Tàu,https://vietgoing.com/hotel/2664-six-senses-con-dao.html
somerset feliz ho chi minh city,5400,17,0,commercial,$0.34,24,Khách sạn Somerset Feliz Hồ Chí Minh Hotel,https://vietgoing.com/hotel/2231-somerset-feliz-ho-chi-minh-hotel.html
sun spa resort,5400,28,0,commercial,$0.62,12,Sun Spa Resort & Villa Quảng Bình,https://vietgoing.com/hotel/915-sun-spa-resort-villa-quang-binh.html
sunrise central hotel,5400,19,0,commercial,$0.62,15,Khách sạn Sunrise Central Hotel Sài Gòn Hồ Chí Minh,https://vietgoing.com/hotel/1415-sunrise-central-hotel-sai-gon.html
sunspa resort,5400,25,0,commercial,$0.62,12,Sun Spa Resort & Villa Quảng Bình,https://vietgoing.com/hotel/915-sun-spa-resort-villa-quang-binh.html
suối mỡ bắc giang,5400,60,0,informational,--,12,Khu du lịch Suối Mỡ, Bắc Giang,https://vietgoing.com/destination/31-khu-du-lich-suoi-mo.html
suối nước mooc,5400,42,0,informational,$0.07,12,Suối nước Moọc, Quảng Bình,https://vietgoing.com/destination/284-suoi-nuoc-mooc.html
the shells resort and spa phu quoc,5400,24,0,commercial,$0.61,12,The Shells Resort & Spa Phú Quốc,https://vietgoing.com/hotel/398-the-shells-resort-spa-phu-quoc.html
the signature hoi an,5400,15,0,commercial,$0.45,28,Khu nghỉ dưỡng The Signature Hội An,https://vietgoing.com/hotel/3856-the-signature-hoi-an.html
the watson premium halong hotel,5400,12,0,navigational,$0.70,41,Khách sạn The Watson Premium Hạ Long Hotel,https://vietgoing.com/hotel/64-the-watson-premium-ha-long-hotel.html
the western hill hotel,5400,27,0,commercial,$0.63,12,Khách sạn The Western Hill Hotel Đà Lạt,https://vietgoing.com/hotel/175-the-western-hill-hotel-da-lat.html
thiền viện trúc lâm tây thiên,5400,35,0,informational,$0.04,12,Thiền Viện Trúc Lâm Tây Thiên, Tam Đảo,https://vietgoing.com/destination/9-thien-vien-truc-lam-tay-thien.html
thiền viện vạn hạnh,5400,27,0,commercial,$0.06,12,Thiền viện Vạn Hạnh, Đà Lạt,https://vietgoing.com/destination/470-thien-vien-van-hanh.html
thung lũng vàng,5400,91,0,commercial,$0.07,12,Thung Lũng Vàng, Lâm Đồng,https://vietgoing.com/destination/231-thung-lung-vang.html
thác prenn,5400,49,0,commercial,$0.01,12,Thác Prenn Đà Lạt,https://vietgoing.com/destination/635-thac-prenn-da-lat.html
thốt nốt cần thơ,5400,22,0,informational,$0.06,12,Địa điểm du lịch nổi tiếng ở Thốt Nốt, Cần Thơ,https://vietgoing.com/destination/district-674-quan-thot-not.html
trà cú,5400,68,0,informational,--,12,Địa điểm du lịch nổi tiếng ở Trà Cú, Trà Vinh,https://vietgoing.com/destination/district-621-huyen-tra-cu.html
tú lệ,5400,31,3,commercial,$0.27,12,Bản Tú Lệ, Yên Bái,https://vietgoing.com/destination/108-ban-tu-le.html
valentine hotel,5400,12,0,commercial,$0.43,41,Khách sạn Valentine Hotel Hồ Chí Minh,https://vietgoing.com/hotel/3072-valentine-hotel-ho-chi-minh.html
victoria hoi an beach resort,5400,37,0,commercial,$0.53,12,Victoria Hội An Beach Resort & Spa,https://vietgoing.com/hotel/510-victoria-hoi-an-beach-resort-spa.html
victoria resort hoi an,5400,37,0,commercial,$0.53,12,Victoria Hội An Beach Resort & Spa,https://vietgoing.com/hotel/510-victoria-hoi-an-beach-resort-spa.html
ville de mont mountain resort,5400,27,0,commercial,$0.31,12,Ville De Mont Mountain Sapa giá mới nhất, giảm đến 30%,https://vietgoing.com/hotel/1162-ville-de-mont-mountain-sapa.html
vinpearl cửa hội,5400,74,0,commercial,$0.69,12,Meliá Vinpearl Cửa Hội Beach Resort Cửa Lò,https://vietgoing.com/hotel/387-melia-vinpearl-cua-hoi-beach-resort.html
vinpearl land,5400,28,6,navigational,$0.64,12,Vinpearl Land Nha Trang,https://vietgoing.com/destination/188-vinpearl-land-nha-trang.html
vinpearl land nam hội an đại lý bình minh,5400,34,2,commercial,--,12,VinWonders Nam Hội An, Quảng Nam,https://vietgoing.com/destination/791-vinwonders-nam-hoi-an.html
vinpearl resort & spa ha long,5400,56,0,commercial,$0.95,12,Vinpearl Resort & Spa Hạ Long giá mới nhất, giảm đến 30%,https://vietgoing.com/hotel/390-vinpearl-resort-spa-ha-long.html
vĩnh châu,5400,65,0,informational,--,12,Địa điểm du lịch nổi tiếng ở Vĩnh Châu, Sóc Trăng,https://vietgoing.com/destination/district-696-thi-xa-vinh-chau.html
vĩnh hy ở đâu,5400,62,5,commercial,$0.25,12,Vịnh Vĩnh Hy, Ninh Thuận,https://vietgoing.com/destination/302-vinh-vinh-hy.html
vũng chùa đảo yến,5400,51,0,commercial,$0.04,12,Vũng Chùa - Đảo Yến, Quảng Bình,https://vietgoing.com/destination/550-vung-chua-dao-yen.html
vũng rô,5400,81,0,commercial,--,12,Vịnh Vũng Rô Phú Yên,https://vietgoing.com/destination/193-vinh-vung-ro-phu-yen.html
vườn vua,5400,47,1,commercial,$0.18,12,Vườn Vua Resort & Villas, Phú Thọ,https://vietgoing.com/destination/255-vuon-vua-resort-villas.html
vịnh vân phong,5400,42,0,informational,$0.09,12,Vịnh Vân Phong, Khánh Hòa,https://vietgoing.com/destination/454-vinh-van-phong.html
winsuites saigon hotel,5400,25,0,commercial,$0.76,12,Khách sạn Winsuites Sài Gòn Hồ Chí Minh,https://vietgoing.com/hotel/1417-winsuites-sai-gon.html
wyndham grand kn paradise cam ranh,5400,37,0,commercial,$0.29,12,Resort Wyndham Grand KN Paradise Cam Ranh Khánh Hòa,https://vietgoing.com/hotel/3654-wyndham-grand-kn-paradise-cam-ranh.html
xoan retreat,5400,32,0,informational,$0.20,12,Khu nghỉ dưỡng Xoan Retreat Đà Bắc Hòa Bình,https://vietgoing.com/hotel/3318-xoan-retreat-da-bac.html
êmm hotel hoi an,5400,31,0,commercial,$0.42,12,Khách sạn ÊMM Hotel Hội An,https://vietgoing.com/hotel/516-emm-hotel-hoi-an.html
êmm hotel hue,5400,27,2,commercial,$0.65,12,ÊMM Hotel Huế giá mới nhất, giảm đến 30%,https://vietgoing.com/hotel/519-emm-hotel-hue.html
êmm hotel huế,5400,30,2,commercial,$0.65,12,ÊMM Hotel Huế giá mới nhất, giảm đến 30%,https://vietgoing.com/hotel/519-emm-hotel-hue.html
đường hoa sa đéc,5400,40,0,informational,$0.23,12,Làng Hoa Sa Đéc, Đồng Tháp,https://vietgoing.com/destination/422-lang-hoa-sa-dec.html
đường đi bộ huế,5400,65,0,commercial,$0.01,12,Phố Đi Bộ Huế,https://vietgoing.com/destination/906-pho-di-bo-hue.html
đầm lập an,5400,75,0,informational,$0.20,12,Đầm Lập An, Huế,https://vietgoing.com/destination/833-dam-lap-an.html
đền độc cước,5400,24,0,informational,$0.30,12,Đền Độc Cước, Thanh Hóa,https://vietgoing.com/destination/99-den-doc-cuoc.html
đỉnh fansipan,5400,63,0,commercial,$0.24,12,Đỉnh Fansipan, Sapa,https://vietgoing.com/destination/2-dinh-fansipan.html
đồi cát nam cương,5400,63,0,commercial,$0.02,12,Đồi Cát Nam Cương, Ninh Thuận,https://vietgoing.com/destination/304-doi-cat-nam-cuong.html
đức trọng lâm đồng,5400,29,0,informational,$0.33,12,Các điểm tham quan du lịch ở huyện Đức Trọng Lâm Đồng,https://vietgoing.com/article/329-cac-diem-tham-quan-du-lich-o-huyen-duc-trong-lam-dong.html
acnos grand hotel,4400,11,0,navigational,$0.54,41,Khách sạn Acnos Grand Hotel Hồ Chí Minh,https://vietgoing.com/hotel/1941-acnos-grand-hotel-ho-chi-minh.html
adaline hotel and suite,4400,14,0,commercial,$0.30,25,Khách sạn Adaline Hotel And Suite Đà Nẵng,https://vietgoing.com/hotel/1902-adaline-hotel-and-suite-da-nang.html
alagon city hotel & spa,4400,12,0,commercial,$0.55,33,Khách sạn Alagon City Hotel & Spa Hồ Chí Minh,https://vietgoing.com/hotel/1043-alagon-city-hotel-spa-ho-chi-minh.html
allezboo resort,4400,34,0,commercial,$0.51,10,Allezboo Beach Resort & Spa Phan Thiết Phan Thiết,https://vietgoing.com/hotel/446-allezboo-beach-resort-spa-phan-thiet.html
aloha hotel vũng tàu,4400,6,0,commercial,$0.21,149,Khách sạn Aloha Hotel Vũng Tàu,https://vietgoing.com/hotel/3935-aloha-hotel-vung-tau.html
altara suites,4400,38,0,commercial,$0.67,10,Khách sạn Altara Suites Đà Nẵng,https://vietgoing.com/hotel/487-altara-suites-da-nang.html
amarin resort,4400,34,0,commercial,$0.49,10,Amarin Resort & Spa Phú Quốc,https://vietgoing.com/hotel/456-amarin-resort-spa-phu-quoc.html
amour resort bavi,4400,26,0,commercial,$0.39,10,Amour Resort Bavi Hà Nội,https://vietgoing.com/hotel/2654-amour-resort-bavi.html
an homestay,4400,5,0,commercial,$0.84,207,Ẩn Homestay Phan Thiết - Mũi Né,https://vietgoing.com/hotel/3069-an-homestay.html
an house,4400,11,0,commercial,$0.65,41,Homestay An House Quy Nhơn,https://vietgoing.com/hotel/2274-an-house-quy-nhon.html
an-tuyền lâm,4400,29,0,informational,$0.03,10,Hồ Tuyền Lâm, Đà Lạt,https://vietgoing.com/destination/380-ho-tuyen-lam.html
aquamarine resort cam ranh,4400,41,0,commercial,$0.27,10,Aquamarine Resort Hotel Cam Ranh Khánh Hòa,https://vietgoing.com/hotel/3844-aquamarine-resort-hotel-cam-ranh.html
aquasun hotel phú quốc,4400,15,0,commercial,$0.31,23,Khách sạn Aquasun Hotel Phú Quốc,https://vietgoing.com/hotel/2300-aquasun-hotel-phu-quoc.html
athena hotel,4400,23,0,commercial,$0.55,10,Khách sạn Athena Hotel Hồ Chí Minh,https://vietgoing.com/hotel/2807-athena-hotel-ho-chi-minh.html
boton blue hotel & spa,4400,40,0,commercial,$0.68,10,Khách sạn Boton Blue Hotel & Spa Nha Trang,https://vietgoing.com/hotel/298-boton-blue-hotel-spa-nha-trang.html
bãi biển sơn trà,4400,41,0,informational,$0.27,10,Bãi biển, Vịnh, Đảo nổi tiếng ở Sơn Trà, Đà Nẵng,https://vietgoing.com/destination/district-363-quan-son-tra.html?type=B%C3%A3i+bi%E1%BB%83n,+V%E1%BB%8Bnh,+%C4%90%E1%BA%A3o
bãi rạng,4400,54,0,navigational,$0.07,10,Bãi Rạng, Phan Thiết,https://vietgoing.com/destination/613-bai-rang.html
bình long bình phước,4400,75,0,informational,--,10,Địa điểm du lịch nổi tiếng ở Bình Long, Bình Phước,https://vietgoing.com/destination/district-510-thi-xa-binh-long.html
bản mòng sapa mong village resort sapa,4400,43,0,commercial,$0.13,10,The Mong Village Resort & Spa Sapa,https://vietgoing.com/hotel/60-the-mong-village-resort-spa-sapa.html
calista sai gon hotel,4400,14,0,navigational,$0.59,25,Khách sạn Calista Sài Gòn Hotel Hồ Chí Minh,https://vietgoing.com/hotel/1874-calista-sai-gon-hotel.html
calista saigon hotel,4400,13,0,navigational,$0.59,26,Khách sạn Calista Sài Gòn Hotel Hồ Chí Minh,https://vietgoing.com/hotel/1874-calista-sai-gon-hotel.html
carillon boutique hotel,4400,10,0,commercial,$0.41,50,Khách sạn Carillon Boutique Hotel Hà Nội,https://vietgoing.com/hotel/590-carillon-boutique-hotel.html
chuồn chuồn nghĩa lộ,4400,21,0,informational,$0.10,11,Dragonfly Nghĩa Lộ Yên Bái giá mới nhất, giảm đến 30%,https://vietgoing.com/hotel/1363-chuon-chuon-nghia-lo-dragonfly-nghia-lo.html
chùa bà,4400,93,0,informational,$0.04,10,Chùa Bà - Châu Đốc, An Giang,https://vietgoing.com/destination/927-chua-ba-chau-doc.html
chùa bổ đà,4400,55,0,commercial,--,10,Chùa Bổ Đà, Bắc Giang,https://vietgoing.com/destination/30-chua-bo-da.html
chùa hộ pháp thích ca phật đài,4400,51,0,commercial,$0.08,10,Chùa Thích Ca Phật Đài, Vũng Tàu,https://vietgoing.com/destination/956-chua-thich-ca-phat-dai.html
chùa tàu,4400,24,0,commercial,$0.10,10,Chùa Tàu Đà Lạt - Chùa Thiên Vương Cổ Sát,https://vietgoing.com/destination/646-chua-tau-da-lat-chua-thien-vuong-co-sat.html
chợ thới lai,4400,22,0,informational,--,10,Chợ, trung tâm thương mại nổi tiếng ở Thới Lai, Cần Thơ,https://vietgoing.com/destination/district-678-huyen-thoi-lai.html?type=Ch%E1%BB%A3,+trung+t%C3%A2m+th%C6%B0%C6%A1ng+m%E1%BA%A1i
chợ vũng liêm,4400,18,0,commercial,--,15,Chợ, trung tâm thương mại nổi tiếng ở Vũng Liêm, Vĩnh Long,https://vietgoing.com/destination/district-627-huyen-vung-liem.html?type=Ch%E1%BB%A3,+trung+t%C3%A2m+th%C6%B0%C6%A1ng+m%E1%BA%A1i
cosmos hotel danang,4400,15,0,commercial,$0.57,23,Khách sạn Cosmos Hotel Đà Nẵng,https://vietgoing.com/hotel/1559-cosmos-hotel-da-nang.html
cáp treo núi bà đen,4400,34,0,navigational,$0.11,10,Vé Cáp Treo Núi Bà Đen (Sun World Ba Den Mountain),https://vietgoing.com/ticket/10-ve-cap-treo-nui-ba-den-sun-world-ba-den-mountain.html
cô tô ở đâu,4400,75,0,commercial,--,10,Đảo Cô Tô, Quảng Ninh,https://vietgoing.com/destination/244-dao-co-to.html
công viên 7 kỳ quan,4400,5,0,commercial,--,207,Công Viên 7 Kỳ Quan Thế Giới, Long An,https://vietgoing.com/destination/328-cong-vien-7-ky-quan-the-gioi.html
công viên hồ bán nguyệt,4400,70,0,commercial,$0.06,10,Hồ Bán Nguyệt, Hưng Yên,https://vietgoing.com/destination/131-ho-ban-nguyet.html
cảnh dương,4400,50,0,informational,--,10,Bãi biển Cảnh Dương, Huế,https://vietgoing.com/destination/622-bai-bien-canh-duong.html
cầu kính mộc châu,4400,33,0,informational,$0.07,10,Vé Cầu Kính Bạch Long Mộc Châu giá mới nhất 2026,https://vietgoing.com/ticket/22-ve-cau-kinh-bach-long-moc-chau.html
cầu kính rồng mây,4400,70,0,commercial,$0.15,10,Cầu Kính Rồng Mây, Lai Châu,https://vietgoing.com/destination/273-cau-kinh-rong-may.html
cầu tràng tiền,4400,83,0,commercial,--,10,Cầu Tràng Tiền, Huế,https://vietgoing.com/destination/890-cau-trang-tien.html
cổng tò vò,4400,37,0,informational,--,10,Cổng Tò Vò, Quảng Ngãi,https://vietgoing.com/destination/166-cong-to-vo.html
dendro gold,4400,28,0,transactional,$0.33,10,Khách sạn Dendro Gold Nha Trang Hotel,https://vietgoing.com/hotel/878-dendro-gold-nha-trang-hotel.html
diamond bay condotel resort,4400,55,0,navigational,$0.87,10,Hệ thống khách sạn và resort nghỉ dưỡng Diamond Bay ...,https://vietgoing.com/top/361-he-thong-khach-san-va-resort-nghi-duong-diamond-bay-nha-trang.html
diễn lâm,4400,87,0,informational,--,10,Tour du lịch Khu sinh thái Mường Thanh Diễn Lâm trọn ...,https://vietgoing.com/tour/dest-290-khu-sinh-thai-muong-thanh-dien-lam.html
draco hotel & suites,4400,12,0,commercial,$0.46,33,Khách sạn Draco Hotel & Suites Đà Nẵng,https://vietgoing.com/hotel/1145-draco-hotel-suites-da-nang.html
du lịch hẻm tu sản,4400,38,0,commercial,--,10,Hẻm Tu Sản, Hà Giang,https://vietgoing.com/destination/723-hem-tu-san.html
du lịch quy nhơn,4400,23,20,informational,$0.23,10,Khám phá 10 điểm du lịch Quy Nhơn đẹp nhất,https://vietgoing.com/article/173-kham-pha-10-diem-du-lich-quy-nhon-dep-nhat.html
edensee dalat,4400,72,14,commercial,$0.57,10,Đà Lạt Edensee Lake Resort & Spa,https://vietgoing.com/hotel/69-da-lat-edensee-lake-resort-spa.html
elephants hotel,4400,10,0,commercial,$0.56,50,Khách sạn Elephants Hotel Buôn Ma Thuột Đắk Lắk,https://vietgoing.com/hotel/1730-elephants-hotel-buon-ma-thuot.html
eo gió bãi ngang,4400,33,0,informational,$0.03,10,Eo Gió, Quy Nhơn,https://vietgoing.com/destination/338-eo-gio.html
fati boutique hotel & apartment,4400,13,0,commercial,$0.39,26,Khách sạn Fati Boutique Hotel & Apartment Vũng Tàu,https://vietgoing.com/hotel/2096-fati-boutique-hotel-apartment-vung-tau.html
flc city hotel beach quy nhơn,4400,47,0,commercial,$0.56,10,FLC City Hotel Beach Quy Nhơn giá mới nhất, giảm đến 30%,https://vietgoing.com/hotel/338-flc-city-hotel-beach-quy-nhon.html
flc thanh hóa,4400,54,1,commercial,$0.31,10,Khách sạn FLC Luxury Hotel Sầm Sơn Thanh Hóa,https://vietgoing.com/hotel/342-flc-luxury-hotel-sam-son.html
florida nha trang hotel,4400,19,0,navigational,$0.59,12,Khách sạn Florida Hotel Nha Trang,https://vietgoing.com/hotel/1247-florida-hotel-nha-trang.html
front beach,4400,25,0,commercial,$0.31,10,Khách sạn Raon Front Beach Hotel Hội An,https://vietgoing.com/hotel/3333-raon-front-beach-hotel-hoi-an.html
gia bảo hotel,4400,35,0,commercial,$0.38,10,Khách sạn Gia Bảo Hotel Móng Cái Quảng Ninh,https://vietgoing.com/hotel/3150-gia-bao-hotel-mong-cai.html
gold plaza hotel da nang,4400,15,0,commercial,$0.50,23,Gold Plaza Hotel Đà Nẵng giá mới nhất, giảm đến 30%,https://vietgoing.com/hotel/1033-gold-plaza-hotel-da-nang.html
grand ocean luxury boutique,4400,14,0,commercial,$0.55,25,Khách sạn Grand Ocean Luxury Boutique Đà Nẵng,https://vietgoing.com/hotel/2390-grand-ocean-luxury-boutique.html
grand sunrise boutique hotel,4400,23,0,commercial,$0.57,10,Khách sạn Grand Sunrise Boutique Hotel Đà Nẵng,https://vietgoing.com/hotel/545-grand-sunrise-boutique-hotel-da-nang.html
green homestay,4400,10,0,commercial,$0.56,50,Green Homestay Bến Tre giá mới nhất, giảm đến 30%,https://vietgoing.com/hotel/3514-green-homestay-ben-tre.html
green world hotel nha trang,4400,17,0,commercial,$0.61,19,Khách sạn Green World Hotel Nha Trang,https://vietgoing.com/hotel/2509-green-world-hotel-nha-trang.html
hanami hotel danang,4400,24,6,commercial,$1.01,10,Khách sạn Hanami Hotel Đà Nẵng,https://vietgoing.com/hotel/1903-hanami-hotel-da-nang.html
hanoi emerald hotel,4400,34,0,navigational,$0.43,10,Khách sạn Hanoi Emerald Waters Classy Hotel Hà Nội,https://vietgoing.com/hotel/2631-hanoi-emerald-waters-classy-hotel.html
happiness hotel,4400,13,0,commercial,$0.58,26,Khách sạn Happiness Hotel Quy Nhơn,https://vietgoing.com/hotel/3776-happiness-hotel-quy-nhon.html
ho tram beach boutique resort & spa,4400,20,0,commercial,$0.53,11,Hồ Tràm Beach Boutique Resort & Spa Vũng Tàu Bà Rịa,https://vietgoing.com/hotel/593-ho-tram-beach-boutique-resort-spa-vung-tau.html
ho tram beach boutique resort and spa,4400,15,0,commercial,$0.53,23,Hồ Tràm Beach Boutique Resort & Spa Vũng Tàu Bà Rịa,https://vietgoing.com/hotel/593-ho-tram-beach-boutique-resort-spa-vung-tau.html
hoi an central boutique hotel & spa,4400,24,0,commercial,$0.35,10,Khách sạn Hội An Central Boutique Hotel & Spa,https://vietgoing.com/hotel/1676-hoi-an-central-boutique-hotel-spa.html
home hotel,4400,29,0,commercial,$0.51,10,Khách sạn Home Hotel Sài Gòn Hồ Chí Minh,https://vietgoing.com/hotel/1421-home-hotel-sai-gon.html
hon tam resort,4400,61,3,commercial,$1.48,10,Hòn Tằm, Nha Trang,https://vietgoing.com/destination/455-hon-tam.html
hotel de la coupole,4400,58,1,commercial,$0.56,10,Khách sạn Hotel De La Coupole - Mgallery Sapa,https://vietgoing.com/hotel/4-hotel-de-la-coupole-mgallery-sapa.html
hotel happy,4400,26,0,commercial,$0.85,10,Happy Hotel Phú Quốc giá mới nhất, giảm đến 30%,https://vietgoing.com/hotel/2519-happy-hotel-phu-quoc.html
hoàng su phì,4400,72,2,informational,$1.00,10,Ruộng bậc thang Hoàng Su Phì, Hà Giang,https://vietgoing.com/destination/389-ruong-bac-thang-hoang-su-phi.html
hàm tân,4400,80,0,informational,--,10,Địa điểm du lịch nổi tiếng ở Hàm Tân, Bình Thuận,https://vietgoing.com/destination/district-444-huyen-ham-tan.html
hòn bà lagi beach resort,4400,29,0,commercial,$0.34,10,Hòn Bà Lagi Beach Resort Bình Thuận,https://vietgoing.com/hotel/1097-hon-ba-lagi-beach-resort-binh-thuan.html
hòn tằm resort,4400,36,0,commercial,$0.61,10,Hòn Tằm Resort Nha Trang,https://vietgoing.com/hotel/3203-hon-tam-resort-nha-trang.html
hải đăng gành đèn,4400,57,0,commercial,--,10,Gành Đèn Phú Yên,https://vietgoing.com/destination/808-ganh-den-phu-yen.html
hồ tram beach boutique resort & spa,4400,22,0,commercial,$0.53,10,Hồ Tràm Beach Boutique Resort & Spa Vũng Tàu Bà Rịa,https://vietgoing.com/hotel/593-ho-tram-beach-boutique-resort-spa-vung-tau.html
hồ tràm beach boutique resort & spa,4400,24,0,commercial,$0.53,10,Hồ Tràm Beach Boutique Resort & Spa Vũng Tàu Bà Rịa,https://vietgoing.com/hotel/593-ho-tram-beach-boutique-resort-spa-vung-tau.html
hội an central boutique hotel & spa,4400,14,0,commercial,$0.35,25,Khách sạn Hội An Central Boutique Hotel & Spa,https://vietgoing.com/hotel/1676-hoi-an-central-boutique-hotel-spa.html
ibis vũng tàu,4400,36,11,commercial,$0.38,10,Ibis Styles Vũng Tàu Hotel giá mới nhất, giảm đến 30%,https://vietgoing.com/hotel/271-ibis-styles-vung-tau-hotel.html
intercontinental resort danang,4400,46,6,navigational,$0.26,10,InterContinental Đà Nẵng Sun Peninsula Resort,https://vietgoing.com/hotel/797-intercontinental-da-nang-sun-peninsula-resort.html
khe nước lạnh,4400,27,0,transactional,--,10,Khe Nước Lạnh - Quảng Bình,https://vietgoing.com/destination/569-khe-nuoc-lanh-quang-binh.html
khu du lịch cát cát sapa,4400,31,0,commercial,$0.05,10,Bản Cát Cát Sapa,https://vietgoing.com/destination/3-ban-cat-cat-sapa.html
khu du lịch suối mỡ,4400,32,0,commercial,$0.01,10,Khu du lịch Suối Mỡ, Bắc Giang,https://vietgoing.com/destination/31-khu-du-lich-suoi-mo.html
khách sạn bay hồ chí minh,4400,11,0,commercial,$0.33,41,Khách sạn Bay Hotel Hồ Chí Minh,https://vietgoing.com/hotel/1603-bay-hotel-ho-chi-minh.html
khách sạn capella hà nội,4400,61,11,commercial,$0.28,9,Khách sạn Capella Hanoi Hotel Hà Nội,https://vietgoing.com/hotel/2356-capella-hanoi-hotel.html
khách sạn hoàng sơn,4400,37,0,commercial,$0.09,10,Hoang Son Peace Hotel Ninh Bình giá chỉ ...,https://vietgoing.com/hotel/2835-hoang-son-peace-hotel.html
khách sạn hồng hà,4400,47,0,commercial,$0.25,10,Khách sạn Hồng Hà Hotel Hà Nội,https://vietgoing.com/hotel/459-hong-ha-hotel.html
khách sạn hữu nghị,4400,19,0,navigational,$0.19,12,Khách sạn Hữu Nghị Hotel Nghệ An,https://vietgoing.com/hotel/2349-huu-nghi-hotel-nghe-an.html
khách sạn imperial nha trang,4400,38,0,commercial,$0.50,10,Khách sạn Imperial Hotel Nha Trang,https://vietgoing.com/hotel/877-imperial-hotel-nha-trang.html
khách sạn lam giang,4400,26,0,commercial,$0.40,10,Lam Giang Hotel Vinh Nghệ An giá mới nhất, giảm đến 30%,https://vietgoing.com/hotel/2119-lam-giang-hotel-vinh.html
khách sạn lan anh,4400,32,0,navigational,$0.37,10,Lan Anh Hotel Đà Lạt giá mới nhất, giảm đến 30%,https://vietgoing.com/hotel/2910-lan-anh-hotel-da-lat.html
khách sạn mường thanh cửa đông,4400,30,0,commercial,$0.46,10,Khách sạn Mường Thanh Grand Cửa Đông Hotel Nghệ An,https://vietgoing.com/hotel/1574-muong-thanh-grand-cua-dong-hotel.html
khách sạn mường thanh grand bắc giang,4400,16,0,commercial,$0.36,19,Khách sạn Mường Thanh Grand Bắc Giang Hotel,https://vietgoing.com/hotel/1439-muong-thanh-grand-bac-giang-hotel.html
khách sạn mường thanh grand cửa lò,4400,20,0,commercial,$0.39,11,Khách sạn Mường Thanh Grand Cửa Lò Hotel,https://vietgoing.com/hotel/2120-muong-thanh-grand-cua-lo-hotel.html
khách sạn mường thanh holiday huế,4400,27,0,commercial,$0.39,10,Khách sạn Mường Thanh Holiday Huế Hotel,https://vietgoing.com/hotel/769-muong-thanh-holiday-hue-hotel.html
khách sạn mường thanh luxury nhật lệ,4400,38,0,commercial,$0.27,10,Khách sạn Mường Thanh Luxury Nhật Lệ Hotel Quảng Bình,https://vietgoing.com/hotel/772-muong-thanh-luxury-nhat-le-hotel-quang-binh.html
khách sạn mường thanh luxury sông hàn,4400,27,0,commercial,$0.80,10,Khách sạn Mường Thanh Luxury Sông Hàn Đà Nẵng,https://vietgoing.com/hotel/557-muong-thanh-luxury-song-han.html
khách sạn new world,4400,55,0,commercial,$0.52,10,Khách sạn New World Saigon Hotel Hồ Chí Minh,https://vietgoing.com/hotel/2823-new-world-saigon-hotel.html
khách sạn ngọc châu,4400,21,0,commercial,$0.24,11,Khách sạn Ngọc Châu Hotel Phú Quốc,https://vietgoing.com/hotel/613-ngoc-chau-hotel-phu-quoc.html
khách sạn ninh bình,4400,10,0,commercial,$0.74,50,Top 10 khách sạn Ninh Bình giá rẻ gần Tràng An được đặt ...,https://vietgoing.com/top/77-top-10-khach-san-ninh-binh-gia-re-gan-trang-an-duoc-dat-nhieu-nhat.html
khách sạn phượng hoàng,4400,23,0,commercial,$0.17,10,Khách sạn Phượng Hoàng 3 Hotel Thanh Hóa,https://vietgoing.com/hotel/881-phuong-hoang-3-hotel-thanh-hoa.html
khách sạn quận 3,4400,10,0,commercial,$0.58,50,Top 10 khách sạn Quận 3 TP.HCM đẹp, sang xịn được ...,https://vietgoing.com/top/94-top-10-khach-san-quan-3-tphcm-dep-sang-xin-duoc-yeu-thich-nhat.html
khách sạn quận 7,4400,20,0,commercial,$0.59,11,Khách sạn tốt nhất tại Quận 7, Hồ Chí Minh,https://vietgoing.com/hotel/district-574-quan-7.html
khách sạn radisson đà nẵng,4400,44,0,commercial,$0.24,10,Khách sạn Radisson Đà Nẵng Hotel,https://vietgoing.com/hotel/1110-radisson-da-nang-hotel.html
khách sạn seashore,4400,24,0,commercial,$0.69,10,Khách sạn Seashore Hotel & Apartment Đà Nẵng,https://vietgoing.com/hotel/1070-seashore-hotel-apartment-da-nang.html