keyword,cluster,cluster_type,geo_scope,intent,vol,imp,clicks,ctr,kd_comp,source,action_plan,group,score,yoy,bid_high
du lịch cần thơ sóc trăng bạc liêu cà mau,Bạc Liêu Trip,Tổng hợp,Out-of-scope Bạc Liêu,Informational,50,N/A,N/A,N/A,Planner (Trung bình),data/google_planner/can-tho/Keyword Stats 2026-02-23 at 11_18_37.csv,Viết guide/review; ưu tiên long-tail; tạo topic hub và internal link về trang dịch vụ,B,55.00000000000001,0%,"10,017"
tour can tho soc trang bac lieu ca mau,Bạc Liêu Trip,Di chuyển,Out-of-scope Bạc Liêu,Commercial Investigation,50,N/A,N/A,N/A,Planner (Cao),data/google_planner/can-tho/Keyword Stats 2026-02-23 at 11_18_37.csv,Viết bài top-list/so sánh; map vào cluster hub; bổ sung schema + ảnh/UGC,B,50.0,0%,0
cần thơ sóc trăng bạc liêu cà mau,Bạc Liêu Trip,Tổng hợp,Out-of-scope Bạc Liêu,Informational,50,N/A,N/A,N/A,Planner (Thấp),data/google_planner/can-tho/Keyword Stats 2026-02-23 at 11_18_37.csv,Viết guide/review; ưu tiên long-tail; tạo topic hub và internal link về trang dịch vụ,B,50.0,0%,0
ninh kiều riverside,Bến Ninh Kiều,Địa danh tham quan / Văn hóa - Lịch sử,In-scope Cần Thơ,Informational,500,N/A,N/A,N/A,Planner (Trung bình),data/google_planner/can-tho/Keyword Stats 2026-02-23 at 11_18_37.csv,Viết guide/review; ưu tiên long-tail; tạo topic hub và internal link về trang dịch vụ,B,550.0,0%,"9,102"
ninh kiều 2,Bến Ninh Kiều,Địa danh tham quan / Văn hóa - Lịch sử,In-scope Cần Thơ,Informational,500,N/A,N/A,N/A,Planner (Trung bình),data/google_planner/can-tho/Keyword Stats 2026-02-23 at 11_18_37.csv,Viết guide/review; ưu tiên long-tail; tạo topic hub và internal link về trang dịch vụ,B,550.0,0%,"11,860"
bến ninh kiều về đêm,Bến Ninh Kiều,Địa danh tham quan / Văn hóa - Lịch sử,In-scope Cần Thơ,Commercial Investigation,500,N/A,N/A,N/A,Planner (Thấp),data/google_planner/can-tho/Keyword Stats 2026-02-23 at 11_18_37.csv,Viết bài top-list/so sánh; map vào cluster hub; bổ sung schema + ảnh/UGC,B,550.0,0%,"5,605"
ks ninh kieu,Bến Ninh Kiều,Địa danh tham quan / Văn hóa - Lịch sử,In-scope Cần Thơ,Informational,50,N/A,N/A,N/A,Planner (Trung bình),data/google_planner/can-tho/Keyword Stats 2026-02-23 at 11_18_37.csv,Viết guide/review; ưu tiên long-tail; tạo topic hub và internal link về trang dịch vụ,B,55.00000000000001,0%,"14,131"
ninh kieu riverside can tho,Bến Ninh Kiều,Địa danh tham quan / Văn hóa - Lịch sử,In-scope Cần Thơ,Informational,50,N/A,N/A,N/A,Planner (Trung bình),data/google_planner/can-tho/Keyword Stats 2026-02-23 at 11_18_37.csv,Viết guide/review; ưu tiên long-tail; tạo topic hub và internal link về trang dịch vụ,B,55.00000000000001,0%,"12,233"
ks bến ninh kiều,Bến Ninh Kiều,Địa danh tham quan / Văn hóa - Lịch sử,In-scope Cần Thơ,Informational,50,N/A,N/A,N/A,Planner (Cao),data/google_planner/can-tho/Keyword Stats 2026-02-23 at 11_18_37.csv,Viết guide/review; ưu tiên long-tail; tạo topic hub và internal link về trang dịch vụ,B,55.00000000000001,0%,"12,379"
ks ninh kiều 1,Bến Ninh Kiều,Địa danh tham quan / Văn hóa - Lịch sử,In-scope Cần Thơ,Informational,50,N/A,N/A,N/A,Planner (Trung bình),data/google_planner/can-tho/Keyword Stats 2026-02-23 at 11_18_37.csv,Viết guide/review; ưu tiên long-tail; tạo topic hub và internal link về trang dịch vụ,B,55.00000000000001,0%,"5,134"
ks ninh kieu can tho,Bến Ninh Kiều,Địa danh tham quan / Văn hóa - Lịch sử,In-scope Cần Thơ,Informational,50,N/A,N/A,N/A,Planner (Cao),data/google_planner/can-tho/Keyword Stats 2026-02-23 at 11_18_37.csv,Viết guide/review; ưu tiên long-tail; tạo topic hub và internal link về trang dịch vụ,B,55.00000000000001,0%,"6,205"
du lịch bến ninh kiều cần thơ,Bến Ninh Kiều,Địa danh tham quan / Văn hóa - Lịch sử,In-scope Cần Thơ,Informational,50,N/A,N/A,N/A,Planner (Thấp),data/google_planner/can-tho/Keyword Stats 2026-02-23 at 11_18_37.csv,Viết guide/review; ưu tiên long-tail; tạo topic hub và internal link về trang dịch vụ,B,55.00000000000001,0%,"6,657"
ks gần bến ninh kiều,Bến Ninh Kiều,Địa danh tham quan / Văn hóa - Lịch sử,In-scope Cần Thơ,Informational,50,N/A,N/A,N/A,Planner (Cao),data/google_planner/can-tho/Keyword Stats 2026-02-23 at 11_18_37.csv,Viết guide/review; ưu tiên long-tail; tạo topic hub và internal link về trang dịch vụ,B,55.00000000000001,0%,"18,539"
ks ninh kiều 2 cần thơ,Bến Ninh Kiều,Địa danh tham quan / Văn hóa - Lịch sử,In-scope Cần Thơ,Informational,50,N/A,N/A,N/A,Planner (Trung bình),data/google_planner/can-tho/Keyword Stats 2026-02-23 at 11_18_37.csv,Viết guide/review; ưu tiên long-tail; tạo topic hub và internal link về trang dịch vụ,B,55.00000000000001,0%,"13,169"
ks ninh kiều 1 cần thơ,Bến Ninh Kiều,Địa danh tham quan / Văn hóa - Lịch sử,In-scope Cần Thơ,Informational,50,N/A,N/A,N/A,Planner (Trung bình),data/google_planner/can-tho/Keyword Stats 2026-02-23 at 11_18_37.csv,Viết guide/review; ưu tiên long-tail; tạo topic hub và internal link về trang dịch vụ,B,55.00000000000001,0%,"5,713"
ks ninh kiều riverside cần thơ,Bến Ninh Kiều,Địa danh tham quan / Văn hóa - Lịch sử,In-scope Cần Thơ,Informational,50,N/A,N/A,N/A,Planner (Cao),data/google_planner/can-tho/Keyword Stats 2026-02-23 at 11_18_37.csv,Viết guide/review; ưu tiên long-tail; tạo topic hub và internal link về trang dịch vụ,B,55.00000000000001,0%,"11,411"
ninh kiều 2 cần thơ,Bến Ninh Kiều,Địa danh tham quan / Văn hóa - Lịch sử,In-scope Cần Thơ,Informational,50,N/A,N/A,N/A,Planner (Trung bình),data/google_planner/can-tho/Keyword Stats 2026-02-23 at 11_18_37.csv,Viết guide/review; ưu tiên long-tail; tạo topic hub và internal link về trang dịch vụ,B,55.00000000000001,0%,"16,525"
riverside ninh kieu,Bến Ninh Kiều,Địa danh tham quan / Văn hóa - Lịch sử,In-scope Cần Thơ,Informational,50,N/A,N/A,N/A,Planner (Trung bình),data/google_planner/can-tho/Keyword Stats 2026-02-23 at 11_18_37.csv,Viết guide/review; ưu tiên long-tail; tạo topic hub và internal link về trang dịch vụ,B,55.00000000000001,0%,"10,360"
du lịch bến ninh kiều,Bến Ninh Kiều,Địa danh tham quan / Văn hóa - Lịch sử,In-scope Cần Thơ,Informational,50,N/A,N/A,N/A,Planner (Thấp),data/google_planner/can-tho/Keyword Stats 2026-02-23 at 11_18_37.csv,Viết guide/review; ưu tiên long-tail; tạo topic hub và internal link về trang dịch vụ,B,50.0,0%,0
du lịch cần thơ bến ninh kiều,Bến Ninh Kiều,Địa danh tham quan / Văn hóa - Lịch sử,In-scope Cần Thơ,Informational,50,N/A,N/A,N/A,Planner (Thấp),data/google_planner/can-tho/Keyword Stats 2026-02-23 at 11_18_37.csv,Viết guide/review; ưu tiên long-tail; tạo topic hub và internal link về trang dịch vụ,B,50.0,0%,0
du lịch ninh kiều cần thơ,Bến Ninh Kiều,Địa danh tham quan / Văn hóa - Lịch sử,In-scope Cần Thơ,Informational,50,N/A,N/A,N/A,Planner (Cao),data/google_planner/can-tho/Keyword Stats 2026-02-23 at 11_18_37.csv,Viết guide/review; ưu tiên long-tail; tạo topic hub và internal link về trang dịch vụ,B,50.0,0%,0
khu du lịch bến ninh kiều,Bến Ninh Kiều,Địa danh tham quan / Văn hóa - Lịch sử,In-scope Cần Thơ,Informational,50,N/A,N/A,N/A,Planner (Thấp),data/google_planner/can-tho/Keyword Stats 2026-02-23 at 11_18_37.csv,Viết guide/review; ưu tiên long-tail; tạo topic hub và internal link về trang dịch vụ,B,50.0,0%,0
khu du lịch bến ninh kiều cần thơ,Bến Ninh Kiều,Địa danh tham quan / Văn hóa - Lịch sử,In-scope Cần Thơ,Informational,50,N/A,N/A,N/A,Planner (Thấp),data/google_planner/can-tho/Keyword Stats 2026-02-23 at 11_18_37.csv,Viết guide/review; ưu tiên long-tail; tạo topic hub và internal link về trang dịch vụ,B,50.0,0%,0
ninh kiều riverside 4 sao,Bến Ninh Kiều,Địa danh tham quan / Văn hóa - Lịch sử,In-scope Cần Thơ,Informational,50,N/A,N/A,N/A,Planner (Thấp),data/google_planner/can-tho/Keyword Stats 2026-02-23 at 11_18_37.csv,Viết guide/review; ưu tiên long-tail; tạo topic hub và internal link về trang dịch vụ,B,50.0,0%,0
ttc ninh kiều,Bến Ninh Kiều,Địa danh tham quan / Văn hóa - Lịch sử,In-scope Cần Thơ,Informational,50,N/A,N/A,N/A,Planner (Trung bình),data/google_planner/can-tho/Keyword Stats 2026-02-23 at 11_18_37.csv,Viết guide/review; ưu tiên long-tail; tạo topic hub và internal link về trang dịch vụ,B,50.0,0%,0
du lịch cần thơ bến tre,Bến Tre Trip,Tổng hợp,Out-of-scope Bến Tre,Informational,50,N/A,N/A,N/A,Planner (Cao),data/google_planner/can-tho/Keyword Stats 2026-02-23 at 11_18_37.csv,Viết guide/review; ưu tiên long-tail; tạo topic hub và internal link về trang dịch vụ,B,55.00000000000001,0%,"9,850"
tour ben tre can tho,Bến Tre Trip,Di chuyển,Out-of-scope Bến Tre,Commercial Investigation,50,N/A,N/A,N/A,Planner (Cao),data/google_planner/can-tho/Keyword Stats 2026-02-23 at 11_18_37.csv,Viết bài top-list/so sánh; map vào cluster hub; bổ sung schema + ảnh/UGC,B,55.00000000000001,0%,"15,848"
cần thơ bến tre,Bến Tre Trip,Tổng hợp,Out-of-scope Bến Tre,Informational,50,N/A,N/A,N/A,Planner (Thấp),data/google_planner/can-tho/Keyword Stats 2026-02-23 at 11_18_37.csv,Viết guide/review; ưu tiên long-tail; tạo topic hub và internal link về trang dịch vụ,B,50.0,0%,0
du lịch bến tre cần thơ,Bến Tre Trip,Tổng hợp,Out-of-scope Bến Tre,Informational,50,N/A,N/A,N/A,Planner (Không xác định),data/google_planner/can-tho/Keyword Stats 2026-02-23 at 11_18_37.csv,Viết guide/review; ưu tiên long-tail; tạo topic hub và internal link về trang dịch vụ,B,50.0,-100.0%,0
tour sài gòn bến tre cần thơ,Bến Tre Trip,Di chuyển,Out-of-scope Bến Tre,Commercial Investigation,50,N/A,N/A,N/A,Planner (Cao),data/google_planner/can-tho/Keyword Stats 2026-02-23 at 11_18_37.csv,Viết bài top-list/so sánh; map vào cluster hub; bổ sung schema + ảnh/UGC,B,50.0,0%,0
chợ nỗi cần thơ,Chợ nổi Cái Răng,Địa danh tham quan / Văn hóa - Lịch sử,In-scope Cần Thơ,Informational,5000,N/A,N/A,N/A,Planner (Thấp),data/google_planner/can-tho/Keyword Stats 2026-02-23 at 11_18_37.csv,Viết guide/review; ưu tiên long-tail; tạo topic hub và internal link về trang dịch vụ,B,5500.0,0%,"4,084"
chợ cái răng cần thơ,Chợ nổi Cái Răng,Địa danh tham quan / Văn hóa - Lịch sử,In-scope Cần Thơ,Informational,500,N/A,N/A,N/A,Planner (Thấp),data/google_planner/can-tho/Keyword Stats 2026-02-23 at 11_18_37.csv,Viết guide/review; ưu tiên long-tail; tạo topic hub và internal link về trang dịch vụ,B,550.0,0%,"4,598"
cần thơ chợ nổi,Chợ nổi Cái Răng,Địa danh tham quan / Văn hóa - Lịch sử,In-scope Cần Thơ,Informational,500,N/A,N/A,N/A,Planner (Thấp),data/google_planner/can-tho/Keyword Stats 2026-02-23 at 11_18_37.csv,Viết guide/review; ưu tiên long-tail; tạo topic hub và internal link về trang dịch vụ,B,550.0,0%,"4,082"
chợ nổi cái răng ở cần thơ,Chợ nổi Cái Răng,Địa danh tham quan / Văn hóa - Lịch sử,In-scope Cần Thơ,Informational,50,N/A,N/A,N/A,Planner (Thấp),data/google_planner/can-tho/Keyword Stats 2026-02-23 at 11_18_37.csv,Viết guide/review; ưu tiên long-tail; tạo topic hub và internal link về trang dịch vụ,B,55.00000000000001,0%,"15,063"
cần thơ chợ nổi cái răng,Chợ nổi Cái Răng,Địa danh tham quan / Văn hóa - Lịch sử,In-scope Cần Thơ,Informational,50,N/A,N/A,N/A,Planner (Thấp),data/google_planner/can-tho/Keyword Stats 2026-02-23 at 11_18_37.csv,Viết guide/review; ưu tiên long-tail; tạo topic hub và internal link về trang dịch vụ,B,55.00000000000001,0%,"6,423"
du lịch chợ nổi cần thơ,Chợ nổi Cái Răng,Địa danh tham quan / Văn hóa - Lịch sử,In-scope Cần Thơ,Informational,50,N/A,N/A,N/A,Planner (Cao),data/google_planner/can-tho/Keyword Stats 2026-02-23 at 11_18_37.csv,Viết guide/review; ưu tiên long-tail; tạo topic hub và internal link về trang dịch vụ,B,55.00000000000001,0%,"3,536"
kinh nghiệm đi chợ nổi cần thơ,Chợ nổi Cái Răng,Địa danh tham quan / Văn hóa - Lịch sử,In-scope Cần Thơ,Commercial Investigation,50,N/A,N/A,N/A,Planner (Thấp),data/google_planner/can-tho/Keyword Stats 2026-02-23 at 11_18_37.csv,Viết bài top-list/so sánh; map vào cluster hub; bổ sung schema + ảnh/UGC,B,55.00000000000001,0%,"3,895"
đi chợ nổi cần thơ,Chợ nổi Cái Răng,Địa danh tham quan / Văn hóa - Lịch sử,In-scope Cần Thơ,Informational,50,N/A,N/A,N/A,Planner (Trung bình),data/google_planner/can-tho/Keyword Stats 2026-02-23 at 11_18_37.csv,Viết guide/review; ưu tiên long-tail; tạo topic hub và internal link về trang dịch vụ,B,55.00000000000001,0%,"5,131"
chợ nổi cai rang can tho,Chợ nổi Cái Răng,Địa danh tham quan / Văn hóa - Lịch sử,In-scope Cần Thơ,Informational,50,N/A,N/A,N/A,Planner (Thấp),data/google_planner/can-tho/Keyword Stats 2026-02-23 at 11_18_37.csv,Viết guide/review; ưu tiên long-tail; tạo topic hub và internal link về trang dịch vụ,B,50.0,0%,0
chợ nổi phong điền ở cần thơ,Chợ nổi Cái Răng,Địa danh tham quan / Văn hóa - Lịch sử,In-scope Cần Thơ,Informational,50,N/A,N/A,N/A,Planner (Thấp),data/google_planner/can-tho/Keyword Stats 2026-02-23 at 11_18_37.csv,Viết guide/review; ưu tiên long-tail; tạo topic hub và internal link về trang dịch vụ,B,50.0,0%,0
chợ nổi phụng hiệp ở cần thơ,Chợ nổi Cái Răng,Địa danh tham quan / Văn hóa - Lịch sử,In-scope Cần Thơ,Informational,50,N/A,N/A,N/A,Planner (Thấp),data/google_planner/can-tho/Keyword Stats 2026-02-23 at 11_18_37.csv,Viết guide/review; ưu tiên long-tail; tạo topic hub và internal link về trang dịch vụ,B,50.0,0%,0
chợ nổi tiếng ở cần thơ,Chợ nổi Cái Răng,Địa danh tham quan / Văn hóa - Lịch sử,In-scope Cần Thơ,Informational,50,N/A,N/A,N/A,Planner (Thấp),data/google_planner/can-tho/Keyword Stats 2026-02-23 at 11_18_37.csv,Viết guide/review; ưu tiên long-tail; tạo topic hub và internal link về trang dịch vụ,B,50.0,0%,0
các chợ nổi ở cần thơ,Chợ nổi Cái Răng,Địa danh tham quan / Văn hóa - Lịch sử,In-scope Cần Thơ,Informational,50,N/A,N/A,N/A,Planner (Thấp),data/google_planner/can-tho/Keyword Stats 2026-02-23 at 11_18_37.csv,Viết guide/review; ưu tiên long-tail; tạo topic hub và internal link về trang dịch vụ,B,50.0,0%,0
cần thơ có chợ nổi tiếng nào,Chợ nổi Cái Răng,Địa danh tham quan / Văn hóa - Lịch sử,In-scope Cần Thơ,Informational,50,N/A,N/A,N/A,Planner (Thấp),data/google_planner/can-tho/Keyword Stats 2026-02-23 at 11_18_37.csv,Viết guide/review; ưu tiên long-tail; tạo topic hub và internal link về trang dịch vụ,B,50.0,0%,0
di cho noi can tho,Chợ nổi Cái Răng,Địa danh tham quan / Văn hóa - Lịch sử,In-scope Cần Thơ,Informational,50,N/A,N/A,N/A,Planner (Thấp),data/google_planner/can-tho/Keyword Stats 2026-02-23 at 11_18_37.csv,Viết guide/review; ưu tiên long-tail; tạo topic hub và internal link về trang dịch vụ,B,50.0,0%,0
tham quan chợ nổi cần thơ,Chợ nổi Cái Răng,Địa danh tham quan / Văn hóa - Lịch sử,In-scope Cần Thơ,Informational,50,N/A,N/A,N/A,Planner (Trung bình),data/google_planner/can-tho/Keyword Stats 2026-02-23 at 11_18_37.csv,Viết guide/review; ưu tiên long-tail; tạo topic hub và internal link về trang dịch vụ,B,50.0,0%,0
tour du lịch từ cần thơ đi cà mau,Cà Mau Trip,Di chuyển,Out-of-scope Cà Mau,Commercial Investigation,50,N/A,N/A,N/A,Planner (Cao),data/google_planner/can-tho/Keyword Stats 2026-02-23 at 11_18_37.csv,Viết bài top-list/so sánh; map vào cluster hub; bổ sung schema + ảnh/UGC,B,55.00000000000001,0%,"9,719"
du lich can tho ca mau,Cà Mau Trip,Tổng hợp,Out-of-scope Cà Mau,Informational,50,N/A,N/A,N/A,Planner (Cao),data/google_planner/can-tho/Keyword Stats 2026-02-23 at 11_18_37.csv,Viết guide/review; ưu tiên long-tail; tạo topic hub và internal link về trang dịch vụ,B,55.00000000000001,0%,"6,254"
can tho ca mau,Cà Mau Trip,Tổng hợp,Out-of-scope Cà Mau,Informational,50,N/A,N/A,N/A,Planner (Thấp),data/google_planner/can-tho/Keyword Stats 2026-02-23 at 11_18_37.csv,Viết guide/review; ưu tiên long-tail; tạo topic hub và internal link về trang dịch vụ,B,50.0,0%,0
cần thơ đi mũi cà mau,Cà Mau Trip,Tổng hợp,Out-of-scope Cà Mau,Informational,50,N/A,N/A,N/A,Planner (Thấp),data/google_planner/can-tho/Keyword Stats 2026-02-23 at 11_18_37.csv,Viết guide/review; ưu tiên long-tail; tạo topic hub và internal link về trang dịch vụ,B,50.0,0%,0
con son can tho,Cồn Sơn,Địa danh tham quan / Văn hóa - Lịch sử,In-scope Cần Thơ,Informational,50,N/A,N/A,N/A,Planner (Trung bình),data/google_planner/can-tho/Keyword Stats 2026-02-23 at 11_18_37.csv,Viết guide/review; ưu tiên long-tail; tạo topic hub và internal link về trang dịch vụ,B,55.00000000000001,0%,"11,636"
du lich con son can tho,Cồn Sơn,Địa danh tham quan / Văn hóa - Lịch sử,In-scope Cần Thơ,Informational,50,N/A,N/A,N/A,Planner (Trung bình),data/google_planner/can-tho/Keyword Stats 2026-02-23 at 11_18_37.csv,Viết guide/review; ưu tiên long-tail; tạo topic hub và internal link về trang dịch vụ,B,55.00000000000001,0%,"13,822"
giá vé tham quan cồn sơn cần thơ,Cồn Sơn,Địa danh tham quan / Văn hóa - Lịch sử,In-scope Cần Thơ,Transaction,50,N/A,N/A,N/A,Planner (Thấp),data/google_planner/can-tho/Keyword Stats 2026-02-23 at 11_18_37.csv,"Tạo landing chuyển đổi (giá/vé/đặt chỗ), gom vào cluster page + build backlink nội bộ",B,55.00000000000001,0%,"3,756"
khu du lich con son can tho,Cồn Sơn,Địa danh tham quan / Văn hóa - Lịch sử,In-scope Cần Thơ,Informational,50,N/A,N/A,N/A,Planner (Trung bình),data/google_planner/can-tho/Keyword Stats 2026-02-23 at 11_18_37.csv,Viết guide/review; ưu tiên long-tail; tạo topic hub và internal link về trang dịch vụ,B,55.00000000000001,0%,"4,209"
bến tàu khách du lịch cần thơ,Di chuyển Cần Thơ,Di chuyển,In-scope Cần Thơ,Commercial Investigation,500,N/A,N/A,N/A,Planner (Thấp),data/google_planner/can-tho/Keyword Stats 2026-02-23 at 11_18_37.csv,Viết bài top-list/so sánh; map vào cluster hub; bổ sung schema + ảnh/UGC,B,500.0,0%,0
viettourist cần thơ,Di chuyển Cần Thơ,Di chuyển,In-scope Cần Thơ,Informational,50,N/A,N/A,N/A,Planner (Trung bình),data/google_planner/can-tho/Keyword Stats 2026-02-23 at 11_18_37.csv,Viết guide/review; ưu tiên long-tail; tạo topic hub và internal link về trang dịch vụ,B,55.00000000000001,0%,"2,825"
xe điện du lịch cần thơ,Di chuyển Cần Thơ,Di chuyển,In-scope Cần Thơ,Commercial Investigation,50,N/A,N/A,N/A,Planner (Trung bình),data/google_planner/can-tho/Keyword Stats 2026-02-23 at 11_18_37.csv,Viết bài top-list/so sánh; map vào cluster hub; bổ sung schema + ảnh/UGC,B,55.00000000000001,0%,"17,140"
bến tàu chợ nổi cần thơ,Di chuyển Cần Thơ,Di chuyển,In-scope Cần Thơ,Commercial Investigation,50,N/A,N/A,N/A,Planner (Trung bình),data/google_planner/can-tho/Keyword Stats 2026-02-23 at 11_18_37.csv,Viết bài top-list/so sánh; map vào cluster hub; bổ sung schema + ảnh/UGC,B,50.0,0%,0
bến tàu cần thơ,Di chuyển Cần Thơ,Di chuyển,In-scope Cần Thơ,Commercial Investigation,50,N/A,N/A,N/A,Planner (Thấp),data/google_planner/can-tho/Keyword Stats 2026-02-23 at 11_18_37.csv,Viết bài top-list/so sánh; map vào cluster hub; bổ sung schema + ảnh/UGC,B,50.0,0%,0
tàu du lịch cần thơ,Di chuyển Cần Thơ,Di chuyển,In-scope Cần Thơ,Commercial Investigation,50,N/A,N/A,N/A,Planner (Thấp),data/google_planner/can-tho/Keyword Stats 2026-02-23 at 11_18_37.csv,Viết bài top-list/so sánh; map vào cluster hub; bổ sung schema + ảnh/UGC,B,50.0,0%,0
tàu tham quan chợ nổi cái răng bến ninh kiều,Di chuyển Cần Thơ,Di chuyển,In-scope Cần Thơ,Commercial Investigation,50,N/A,N/A,N/A,Planner (Không xác định),data/google_planner/can-tho/Keyword Stats 2026-02-23 at 11_18_37.csv,Viết bài top-list/so sánh; map vào cluster hub; bổ sung schema + ảnh/UGC,B,50.0,0%,0
resort vinh thanh huế,Huế Trip,Lưu trú,Out-of-scope Huế,Commercial Investigation,N/A,1918,44,2.29%,N/A (N/A),data/google_search_console/Queries.csv,"Refresh bài top-list, thêm bảng so sánh + schema FAQ/Review; tối ưu title để tăng CTR",A,44.0,N/A,N/A
tour cần thơ hà giang,Hà Giang Trip,Di chuyển,Out-of-scope Hà Giang,Commercial Investigation,50,N/A,N/A,N/A,Planner (Trung bình),data/google_planner/can-tho/Keyword Stats 2026-02-23 at 11_18_37.csv,Viết bài top-list/so sánh; map vào cluster hub; bổ sung schema + ảnh/UGC,B,55.00000000000001,0%,"6,910"
du lịch hà nội cần thơ,Hà Nội Trip,Tổng hợp,Out-of-scope Hà Nội,Informational,50,N/A,N/A,N/A,Planner (Trung bình),data/google_planner/can-tho/Keyword Stats 2026-02-23 at 11_18_37.csv,Viết guide/review; ưu tiên long-tail; tạo topic hub và internal link về trang dịch vụ,B,50.0,0%,0
tour du lịch hà nội cần thơ,Hà Nội Trip,Di chuyển,Out-of-scope Hà Nội,Commercial Investigation,50,N/A,N/A,N/A,Planner (Cao),data/google_planner/can-tho/Keyword Stats 2026-02-23 at 11_18_37.csv,Viết bài top-list/so sánh; map vào cluster hub; bổ sung schema + ảnh/UGC,B,50.0,0%,0
tour du lịch hà nội cần thơ côn đảo,Hà Nội Trip,Di chuyển,Out-of-scope Hà Nội,Commercial Investigation,50,N/A,N/A,N/A,Planner (Thấp),data/google_planner/can-tho/Keyword Stats 2026-02-23 at 11_18_37.csv,Viết bài top-list/so sánh; map vào cluster hub; bổ sung schema + ảnh/UGC,B,50.0,0%,0
khách sạn hòa bình cần thơ,Hòa Bình Trip,Lưu trú,Out-of-scope Hòa Bình,Commercial Investigation,50,N/A,N/A,N/A,Planner (Thấp),data/google_planner/can-tho/Keyword Stats 2026-02-23 at 11_18_37.csv,Viết bài top-list/so sánh; map vào cluster hub; bổ sung schema + ảnh/UGC,B,75.0,0%,0
khách sạn hải dương cần thơ,Hải Dương Trip,Lưu trú,Out-of-scope Hải Dương,Commercial Investigation,500,N/A,N/A,N/A,Planner (Trung bình),data/google_planner/can-tho/Keyword Stats 2026-02-23 at 11_18_37.csv,Viết bài top-list/so sánh; map vào cluster hub; bổ sung schema + ảnh/UGC,B,825.0,-90.0%,"25,060"
tour du lịch hải phòng cần thơ,Hải Phòng Trip,Di chuyển,Out-of-scope Hải Phòng,Commercial Investigation,50,N/A,N/A,N/A,Planner (Trung bình),data/google_planner/can-tho/Keyword Stats 2026-02-23 at 11_18_37.csv,Viết bài top-list/so sánh; map vào cluster hub; bổ sung schema + ảnh/UGC,B,50.0,0%,0
tour hải phòng cần thơ,Hải Phòng Trip,Di chuyển,Out-of-scope Hải Phòng,Commercial Investigation,50,N/A,N/A,N/A,Planner (Trung bình),data/google_planner/can-tho/Keyword Stats 2026-02-23 at 11_18_37.csv,Viết bài top-list/so sánh; map vào cluster hub; bổ sung schema + ảnh/UGC,B,50.0,0%,0
khach san hau giang can tho,Hậu Giang Trip,Lưu trú,Out-of-scope Hậu Giang,Commercial Investigation,50,N/A,N/A,N/A,Planner (Trung bình),data/google_planner/can-tho/Keyword Stats 2026-02-23 at 11_18_37.csv,Viết bài top-list/so sánh; map vào cluster hub; bổ sung schema + ảnh/UGC,B,82.50000000000001,0%,"13,369"
khách sạn hau giang 2 cần thơ,Hậu Giang Trip,Lưu trú,Out-of-scope Hậu Giang,Commercial Investigation,50,N/A,N/A,N/A,Planner (Trung bình),data/google_planner/can-tho/Keyword Stats 2026-02-23 at 11_18_37.csv,Viết bài top-list/so sánh; map vào cluster hub; bổ sung schema + ảnh/UGC,B,82.50000000000001,0%,"11,906"
khách sạn hậu giang 1 cần thơ,Hậu Giang Trip,Lưu trú,Out-of-scope Hậu Giang,Commercial Investigation,50,N/A,N/A,N/A,Planner (Thấp),data/google_planner/can-tho/Keyword Stats 2026-02-23 at 11_18_37.csv,Viết bài top-list/so sánh; map vào cluster hub; bổ sung schema + ảnh/UGC,B,82.50000000000001,0%,"17,797"
hau giang hotel can tho,Hậu Giang Trip,Lưu trú,Out-of-scope Hậu Giang,Commercial Investigation,50,N/A,N/A,N/A,Planner (Trung bình),data/google_planner/can-tho/Keyword Stats 2026-02-23 at 11_18_37.csv,Viết bài top-list/so sánh; map vào cluster hub; bổ sung schema + ảnh/UGC,B,75.0,0%,0
hau giang 2 hotel can tho,Hậu Giang Trip,Lưu trú,Out-of-scope Hậu Giang,Commercial Investigation,50,N/A,N/A,N/A,Planner (Cao),data/google_planner/can-tho/Keyword Stats 2026-02-23 at 11_18_37.csv,Viết bài top-list/so sánh; map vào cluster hub; bổ sung schema + ảnh/UGC,B,75.0,0%,0
khách sạn hậu giang 3 sao cần thơ,Hậu Giang Trip,Lưu trú,Out-of-scope Hậu Giang,Commercial Investigation,50,N/A,N/A,N/A,Planner (Không xác định),data/google_planner/can-tho/Keyword Stats 2026-02-23 at 11_18_37.csv,Viết bài top-list/so sánh; map vào cluster hub; bổ sung schema + ảnh/UGC,B,75.0,0%,0
khách sạn hậu giang ở cần thơ,Hậu Giang Trip,Lưu trú,Out-of-scope Hậu Giang,Commercial Investigation,50,N/A,N/A,N/A,Planner (Cao),data/google_planner/can-tho/Keyword Stats 2026-02-23 at 11_18_37.csv,Viết bài top-list/so sánh; map vào cluster hub; bổ sung schema + ảnh/UGC,B,75.0,0%,0
số điện thoại khách sạn hậu giang cần thơ,Hậu Giang Trip,Lưu trú,Out-of-scope Hậu Giang,Commercial Investigation,50,N/A,N/A,N/A,Planner (Trung bình),data/google_planner/can-tho/Keyword Stats 2026-02-23 at 11_18_37.csv,Viết bài top-list/so sánh; map vào cluster hub; bổ sung schema + ảnh/UGC,B,75.0,0%,0
ks hậu giang 2 cần thơ,Hậu Giang Trip,Tổng hợp,Out-of-scope Hậu Giang,Informational,50,N/A,N/A,N/A,Planner (Cao),data/google_planner/can-tho/Keyword Stats 2026-02-23 at 11_18_37.csv,Viết guide/review; ưu tiên long-tail; tạo topic hub và internal link về trang dịch vụ,B,55.00000000000001,0%,"11,427"
ks hậu giang cần thơ,Hậu Giang Trip,Tổng hợp,Out-of-scope Hậu Giang,Informational,50,N/A,N/A,N/A,Planner (Trung bình),data/google_planner/can-tho/Keyword Stats 2026-02-23 at 11_18_37.csv,Viết guide/review; ưu tiên long-tail; tạo topic hub và internal link về trang dịch vụ,B,55.00000000000001,0%,"14,759"
mỹ khánh cần thơ,KDL Mỹ Khánh,Địa danh tham quan / Văn hóa - Lịch sử,In-scope Cần Thơ,Informational,500,N/A,N/A,N/A,Planner (Thấp),data/google_planner/can-tho/Keyword Stats 2026-02-23 at 11_18_37.csv,Viết guide/review; ưu tiên long-tail; tạo topic hub và internal link về trang dịch vụ,B,550.0,0%,"13,244"
giá vé mỹ khánh cần thơ,KDL Mỹ Khánh,Địa danh tham quan / Văn hóa - Lịch sử,In-scope Cần Thơ,Transaction,50,N/A,N/A,N/A,Planner (Thấp),data/google_planner/can-tho/Keyword Stats 2026-02-23 at 11_18_37.csv,"Tạo landing chuyển đổi (giá/vé/đặt chỗ), gom vào cluster page + build backlink nội bộ",B,50.0,0%,0
khu sinh thái mỹ khánh cần thơ,KDL Mỹ Khánh,Địa danh tham quan / Văn hóa - Lịch sử,In-scope Cần Thơ,Informational,50,N/A,N/A,N/A,Planner (Thấp),data/google_planner/can-tho/Keyword Stats 2026-02-23 at 11_18_37.csv,Viết guide/review; ưu tiên long-tail; tạo topic hub và internal link về trang dịch vụ,B,50.0,0%,0
làng mỹ khánh cần thơ,KDL Mỹ Khánh,Địa danh tham quan / Văn hóa - Lịch sử,In-scope Cần Thơ,Informational,50,N/A,N/A,N/A,Planner (Thấp),data/google_planner/can-tho/Keyword Stats 2026-02-23 at 11_18_37.csv,Viết guide/review; ưu tiên long-tail; tạo topic hub và internal link về trang dịch vụ,B,50.0,0%,0
mỹ khánh cần thơ 2022,KDL Mỹ Khánh,Địa danh tham quan / Văn hóa - Lịch sử,In-scope Cần Thơ,Informational,50,N/A,N/A,N/A,Planner (Không xác định),data/google_planner/can-tho/Keyword Stats 2026-02-23 at 11_18_37.csv,Viết guide/review; ưu tiên long-tail; tạo topic hub và internal link về trang dịch vụ,B,50.0,0%,0
khách sạn 4 sao cần thơ,Khách sạn 4 sao Cần Thơ,Lưu trú,In-scope Cần Thơ,Commercial Investigation,500,N/A,N/A,N/A,Planner (Cao),data/google_planner/can-tho/Keyword Stats 2026-02-23 at 11_18_37.csv,Viết bài top-list/so sánh; map vào cluster hub; bổ sung schema + ảnh/UGC,B,825.0,0%,"13,306"
các khách sạn 4 sao ở cần thơ,Khách sạn 4 sao Cần Thơ,Lưu trú,In-scope Cần Thơ,Commercial Investigation,50,N/A,N/A,N/A,Planner (Cao),data/google_planner/can-tho/Keyword Stats 2026-02-23 at 11_18_37.csv,Viết bài top-list/so sánh; map vào cluster hub; bổ sung schema + ảnh/UGC,B,82.50000000000001,0%,"2,319"
khách sạn 4 sao ở cần thơ,Khách sạn 4 sao Cần Thơ,Lưu trú,In-scope Cần Thơ,Commercial Investigation,50,N/A,N/A,N/A,Planner (Cao),data/google_planner/can-tho/Keyword Stats 2026-02-23 at 11_18_37.csv,Viết bài top-list/so sánh; map vào cluster hub; bổ sung schema + ảnh/UGC,B,82.50000000000001,-90.0%,"7,867"
khách sạn 4 sao tại cần thơ,Khách sạn 4 sao Cần Thơ,Lưu trú,In-scope Cần Thơ,Commercial Investigation,50,N/A,N/A,N/A,Planner (Cao),data/google_planner/can-tho/Keyword Stats 2026-02-23 at 11_18_37.csv,Viết bài top-list/so sánh; map vào cluster hub; bổ sung schema + ảnh/UGC,B,82.50000000000001,0%,"6,499"
khách sạn ninh kiều 4 sao cần thơ,Khách sạn 4 sao Cần Thơ,Lưu trú,In-scope Cần Thơ,Commercial Investigation,50,N/A,N/A,N/A,Planner (Cao),data/google_planner/can-tho/Keyword Stats 2026-02-23 at 11_18_37.csv,Viết bài top-list/so sánh; map vào cluster hub; bổ sung schema + ảnh/UGC,B,82.50000000000001,0%,"9,296"
khach san can tho 4 sao,Khách sạn 4 sao Cần Thơ,Lưu trú,In-scope Cần Thơ,Commercial Investigation,50,N/A,N/A,N/A,Planner (Cao),data/google_planner/can-tho/Keyword Stats 2026-02-23 at 11_18_37.csv,Viết bài top-list/so sánh; map vào cluster hub; bổ sung schema + ảnh/UGC,B,75.0,0%,0
khach san 5 sao can tho,Khách sạn 5 sao Cần Thơ,Lưu trú,In-scope Cần Thơ,Commercial Investigation,50,N/A,N/A,N/A,Planner (Trung bình),data/google_planner/can-tho/Keyword Stats 2026-02-23 at 11_18_37.csv,Viết bài top-list/so sánh; map vào cluster hub; bổ sung schema + ảnh/UGC,B,82.50000000000001,0%,"21,481"
khach san can tho 5 sao,Khách sạn 5 sao Cần Thơ,Lưu trú,In-scope Cần Thơ,Commercial Investigation,50,N/A,N/A,N/A,Planner (Trung bình),data/google_planner/can-tho/Keyword Stats 2026-02-23 at 11_18_37.csv,Viết bài top-list/so sánh; map vào cluster hub; bổ sung schema + ảnh/UGC,B,82.50000000000001,0%,"17,336"
khách sạn 5 sao cần thơ ninh kiều,Khách sạn 5 sao Cần Thơ,Lưu trú,In-scope Cần Thơ,Commercial Investigation,50,N/A,N/A,N/A,Planner (Cao),data/google_planner/can-tho/Keyword Stats 2026-02-23 at 11_18_37.csv,Viết bài top-list/so sánh; map vào cluster hub; bổ sung schema + ảnh/UGC,B,82.50000000000001,0%,"21,586"
khách sạn 5 sao tại cần thơ,Khách sạn 5 sao Cần Thơ,Lưu trú,In-scope Cần Thơ,Commercial Investigation,50,N/A,N/A,N/A,Planner (Trung bình),data/google_planner/can-tho/Keyword Stats 2026-02-23 at 11_18_37.csv,Viết bài top-list/so sánh; map vào cluster hub; bổ sung schema + ảnh/UGC,B,82.50000000000001,0%,"7,926"
resort 5 sao cần thơ,Khách sạn 5 sao Cần Thơ,Lưu trú,In-scope Cần Thơ,Commercial Investigation,50,N/A,N/A,N/A,Planner (Trung bình),data/google_planner/can-tho/Keyword Stats 2026-02-23 at 11_18_37.csv,Viết bài top-list/so sánh; map vào cluster hub; bổ sung schema + ảnh/UGC,B,82.50000000000001,-90.0%,"5,783"
resort 5 sao ở cần thơ,Khách sạn 5 sao Cần Thơ,Lưu trú,In-scope Cần Thơ,Commercial Investigation,50,N/A,N/A,N/A,Planner (Cao),data/google_planner/can-tho/Keyword Stats 2026-02-23 at 11_18_37.csv,Viết bài top-list/so sánh; map vào cluster hub; bổ sung schema + ảnh/UGC,B,82.50000000000001,0%,"7,791"
resort cần thơ 5 sao,Khách sạn 5 sao Cần Thơ,Lưu trú,In-scope Cần Thơ,Commercial Investigation,50,N/A,N/A,N/A,Planner (Cao),data/google_planner/can-tho/Keyword Stats 2026-02-23 at 11_18_37.csv,Viết bài top-list/so sánh; map vào cluster hub; bổ sung schema + ảnh/UGC,B,82.50000000000001,0%,"6,081"
khach san 5 sao o can tho,Khách sạn 5 sao Cần Thơ,Lưu trú,In-scope Cần Thơ,Commercial Investigation,50,N/A,N/A,N/A,Planner (Cao),data/google_planner/can-tho/Keyword Stats 2026-02-23 at 11_18_37.csv,Viết bài top-list/so sánh; map vào cluster hub; bổ sung schema + ảnh/UGC,B,75.0,0%,0
khách sạn 5 sao mường thanh cần thơ,Khách sạn 5 sao Cần Thơ,Lưu trú,In-scope Cần Thơ,Commercial Investigation,50,N/A,N/A,N/A,Planner (Cao),data/google_planner/can-tho/Keyword Stats 2026-02-23 at 11_18_37.csv,Viết bài top-list/so sánh; map vào cluster hub; bổ sung schema + ảnh/UGC,B,75.0,0%,0
can tho eco resort,Khách sạn Cần Thơ,Lưu trú,In-scope Cần Thơ,Commercial Investigation,50000,N/A,N/A,N/A,Planner (Thấp),data/google_planner/can-tho/Keyword Stats 2026-02-23 at 11_18_37.csv,Viết bài top-list/so sánh; map vào cluster hub; bổ sung schema + ảnh/UGC,B,82500.00000000001,-90.0%,"10,817"
lion hotel cần thơ,Khách sạn Cần Thơ,Lưu trú,In-scope Cần Thơ,Commercial Investigation,5000,N/A,N/A,N/A,Planner (Cao),data/google_planner/can-tho/Keyword Stats 2026-02-23 at 11_18_37.csv,Viết bài top-list/so sánh; map vào cluster hub; bổ sung schema + ảnh/UGC,B,9750.0,900.0%,"32,277"
lavender hotel cần thơ,Khách sạn Cần Thơ,Lưu trú,In-scope Cần Thơ,Commercial Investigation,5000,N/A,N/A,N/A,Planner (Thấp),data/google_planner/can-tho/Keyword Stats 2026-02-23 at 11_18_37.csv,Viết bài top-list/so sánh; map vào cluster hub; bổ sung schema + ảnh/UGC,B,9750.0,900.0%,"21,209"
khach san ttc can tho,Khách sạn Cần Thơ,Lưu trú,In-scope Cần Thơ,Commercial Investigation,5000,N/A,N/A,N/A,Planner (Thấp),data/google_planner/can-tho/Keyword Stats 2026-02-23 at 11_18_37.csv,Viết bài top-list/so sánh; map vào cluster hub; bổ sung schema + ảnh/UGC,B,8250.0,0%,"17,797"
iris hotel cần thơ,Khách sạn Cần Thơ,Lưu trú,In-scope Cần Thơ,Commercial Investigation,5000,N/A,N/A,N/A,Planner (Trung bình),data/google_planner/can-tho/Keyword Stats 2026-02-23 at 11_18_37.csv,Viết bài top-list/so sánh; map vào cluster hub; bổ sung schema + ảnh/UGC,B,8250.0,0%,"14,818"
kp hotel cần thơ,Khách sạn Cần Thơ,Lưu trú,In-scope Cần Thơ,Commercial Investigation,5000,N/A,N/A,N/A,Planner (Thấp),data/google_planner/can-tho/Keyword Stats 2026-02-23 at 11_18_37.csv,Viết bài top-list/so sánh; map vào cluster hub; bổ sung schema + ảnh/UGC,B,8250.0,0%,"17,232"
ttc hotel cần thơ,Khách sạn Cần Thơ,Lưu trú,In-scope Cần Thơ,Commercial Investigation,5000,N/A,N/A,N/A,Planner (Thấp),data/google_planner/can-tho/Keyword Stats 2026-02-23 at 11_18_37.csv,Viết bài top-list/so sánh; map vào cluster hub; bổ sung schema + ảnh/UGC,B,8250.0,0%,"17,797"
eco resort cần thơ,Khách sạn Cần Thơ,Lưu trú,In-scope Cần Thơ,Commercial Investigation,5000,N/A,N/A,N/A,Planner (Trung bình),data/google_planner/can-tho/Keyword Stats 2026-02-23 at 11_18_37.csv,Viết bài top-list/so sánh; map vào cluster hub; bổ sung schema + ảnh/UGC,B,8250.0,0%,"8,739"
nesta hotel can tho,Khách sạn Cần Thơ,Lưu trú,In-scope Cần Thơ,Commercial Investigation,5000,N/A,N/A,N/A,Planner (Thấp),data/google_planner/can-tho/Keyword Stats 2026-02-23 at 11_18_37.csv,Viết bài top-list/so sánh; map vào cluster hub; bổ sung schema + ảnh/UGC,B,8250.0,0%,"14,595"
khách sạn apple cần thơ,Khách sạn Cần Thơ,Lưu trú,In-scope Cần Thơ,Commercial Investigation,5000,N/A,N/A,N/A,Planner (Thấp),data/google_planner/can-tho/Keyword Stats 2026-02-23 at 11_18_37.csv,Viết bài top-list/so sánh; map vào cluster hub; bổ sung schema + ảnh/UGC,B,8250.0,0%,"9,832"
holiday one hotel cần thơ,Khách sạn Cần Thơ,Lưu trú,In-scope Cần Thơ,Commercial Investigation,5000,N/A,N/A,N/A,Planner (Thấp),data/google_planner/can-tho/Keyword Stats 2026-02-23 at 11_18_37.csv,Viết bài top-list/so sánh; map vào cluster hub; bổ sung schema + ảnh/UGC,B,8250.0,0%,"16,361"
hotel holiday one can tho,Khách sạn Cần Thơ,Lưu trú,In-scope Cần Thơ,Commercial Investigation,5000,N/A,N/A,N/A,Planner (Thấp),data/google_planner/can-tho/Keyword Stats 2026-02-23 at 11_18_37.csv,Viết bài top-list/so sánh; map vào cluster hub; bổ sung schema + ảnh/UGC,B,8250.0,0%,"16,361"
khách sạn sheraton cần thơ,Khách sạn Cần Thơ,Lưu trú,In-scope Cần Thơ,Commercial Investigation,8100,N/A,N/A,N/A,Low (3),data/seo_insider/advance_search_report.csv,Viết bài top-list/so sánh; map vào cluster hub; bổ sung schema + ảnh/UGC,B,7857.0,N/A,N/A
khách sạn cồn khương cần thơ,Khách sạn Cần Thơ,Lưu trú,In-scope Cần Thơ,Commercial Investigation,500,N/A,N/A,N/A,Planner (Cao),data/google_planner/can-tho/Keyword Stats 2026-02-23 at 11_18_37.csv,Viết bài top-list/so sánh; map vào cluster hub; bổ sung schema + ảnh/UGC,B,975.0,900.0%,"15,471"
khách sạn fit cần thơ,Khách sạn Cần Thơ,Lưu trú,In-scope Cần Thơ,Commercial Investigation,500,N/A,N/A,N/A,Planner (Cao),data/google_planner/can-tho/Keyword Stats 2026-02-23 at 11_18_37.csv,Viết bài top-list/so sánh; map vào cluster hub; bổ sung schema + ảnh/UGC,B,975.0,900.0%,"11,948"
victoria cần thơ resort,Khách sạn Cần Thơ,Lưu trú,In-scope Cần Thơ,Commercial Investigation,500,N/A,N/A,N/A,Planner (Cao),data/google_planner/can-tho/Keyword Stats 2026-02-23 at 11_18_37.csv,Viết bài top-list/so sánh; map vào cluster hub; bổ sung schema + ảnh/UGC,B,975.0,900.0%,"13,066"
khách sạn hân gia cần thơ,Khách sạn Cần Thơ,Lưu trú,In-scope Cần Thơ,Transaction,500,N/A,N/A,N/A,Planner (Trung bình),data/google_planner/can-tho/Keyword Stats 2026-02-23 at 11_18_37.csv,"Tạo landing chuyển đổi (giá/vé/đặt chỗ), gom vào cluster page + build backlink nội bộ",B,975.0,900.0%,"53,662"
khách sạn miền tây cần thơ,Khách sạn Cần Thơ,Lưu trú,In-scope Cần Thơ,Commercial Investigation,500,N/A,N/A,N/A,Planner (Trung bình),data/google_planner/can-tho/Keyword Stats 2026-02-23 at 11_18_37.csv,Viết bài top-list/so sánh; map vào cluster hub; bổ sung schema + ảnh/UGC,B,975.0,900.0%,"9,783"
khách sạn pandora cần thơ,Khách sạn Cần Thơ,Lưu trú,In-scope Cần Thơ,Commercial Investigation,500,N/A,N/A,N/A,Planner (Thấp),data/google_planner/can-tho/Keyword Stats 2026-02-23 at 11_18_37.csv,Viết bài top-list/so sánh; map vào cluster hub; bổ sung schema + ảnh/UGC,B,975.0,900.0%,"9,299"
khách sạn tina 3 cần thơ,Khách sạn Cần Thơ,Lưu trú,In-scope Cần Thơ,Commercial Investigation,500,N/A,N/A,N/A,Planner (Thấp),data/google_planner/can-tho/Keyword Stats 2026-02-23 at 11_18_37.csv,Viết bài top-list/so sánh; map vào cluster hub; bổ sung schema + ảnh/UGC,B,975.0,900.0%,"18,438"
villa cần thơ,Khách sạn Cần Thơ,Lưu trú,In-scope Cần Thơ,Commercial Investigation,500,N/A,N/A,N/A,Planner (Thấp),data/google_planner/can-tho/Keyword Stats 2026-02-23 at 11_18_37.csv,Viết bài top-list/so sánh; map vào cluster hub; bổ sung schema + ảnh/UGC,B,825.0,0%,"15,559"
hotel cần thơ,Khách sạn Cần Thơ,Lưu trú,In-scope Cần Thơ,Commercial Investigation,500,N/A,N/A,N/A,Planner (Trung bình),data/google_planner/can-tho/Keyword Stats 2026-02-23 at 11_18_37.csv,Viết bài top-list/so sánh; map vào cluster hub; bổ sung schema + ảnh/UGC,B,825.0,0%,"39,744"
khách sạn vinpearl cân thơ,Khách sạn Cần Thơ,Lưu trú,In-scope Cần Thơ,Commercial Investigation,500,N/A,N/A,N/A,Planner (Cao),data/google_planner/can-tho/Keyword Stats 2026-02-23 at 11_18_37.csv,Viết bài top-list/so sánh; map vào cluster hub; bổ sung schema + ảnh/UGC,B,825.0,-90.0%,"8,383"
west hotel cần thơ,Khách sạn Cần Thơ,Lưu trú,In-scope Cần Thơ,Commercial Investigation,500,N/A,N/A,N/A,Planner (Trung bình),data/google_planner/can-tho/Keyword Stats 2026-02-23 at 11_18_37.csv,Viết bài top-list/so sánh; map vào cluster hub; bổ sung schema + ảnh/UGC,B,825.0,0%,"15,855"
vinpearl hotel cần thơ,Khách sạn Cần Thơ,Lưu trú,In-scope Cần Thơ,Commercial Investigation,500,N/A,N/A,N/A,Planner (Trung bình),data/google_planner/can-tho/Keyword Stats 2026-02-23 at 11_18_37.csv,Viết bài top-list/so sánh; map vào cluster hub; bổ sung schema + ảnh/UGC,B,825.0,0%,"14,859"
cồn khương resort cần thơ,Khách sạn Cần Thơ,Lưu trú,In-scope Cần Thơ,Commercial Investigation,500,N/A,N/A,N/A,Planner (Cao),data/google_planner/can-tho/Keyword Stats 2026-02-23 at 11_18_37.csv,Viết bài top-list/so sánh; map vào cluster hub; bổ sung schema + ảnh/UGC,B,825.0,0%,"12,727"
apple hotel cần thơ,Khách sạn Cần Thơ,Lưu trú,In-scope Cần Thơ,Commercial Investigation,500,N/A,N/A,N/A,Planner (Cao),data/google_planner/can-tho/Keyword Stats 2026-02-23 at 11_18_37.csv,Viết bài top-list/so sánh; map vào cluster hub; bổ sung schema + ảnh/UGC,B,825.0,0%,"12,465"
lion 3 hotel cần thơ,Khách sạn Cần Thơ,Lưu trú,In-scope Cần Thơ,Commercial Investigation,500,N/A,N/A,N/A,Planner (Trung bình),data/google_planner/can-tho/Keyword Stats 2026-02-23 at 11_18_37.csv,Viết bài top-list/so sánh; map vào cluster hub; bổ sung schema + ảnh/UGC,B,825.0,0%,"14,702"
international hotel cần thơ,Khách sạn Cần Thơ,Lưu trú,In-scope Cần Thơ,Commercial Investigation,500,N/A,N/A,N/A,Planner (Cao),data/google_planner/can-tho/Keyword Stats 2026-02-23 at 11_18_37.csv,Viết bài top-list/so sánh; map vào cluster hub; bổ sung schema + ảnh/UGC,B,825.0,0%,"17,127"
khách sạn lion 3 cần thơ,Khách sạn Cần Thơ,Lưu trú,In-scope Cần Thơ,Commercial Investigation,500,N/A,N/A,N/A,Planner (Cao),data/google_planner/can-tho/Keyword Stats 2026-02-23 at 11_18_37.csv,Viết bài top-list/so sánh; map vào cluster hub; bổ sung schema + ảnh/UGC,B,825.0,0%,"13,353"
khách sạn đông hà cần thơ,Khách sạn Cần Thơ,Lưu trú,In-scope Cần Thơ,Commercial Investigation,500,N/A,N/A,N/A,Planner (Trung bình),data/google_planner/can-tho/Keyword Stats 2026-02-23 at 11_18_37.csv,Viết bài top-list/so sánh; map vào cluster hub; bổ sung schema + ảnh/UGC,B,825.0,0%,"11,581"
vinpearl cần thơ hotel,Khách sạn Cần Thơ,Lưu trú,In-scope Cần Thơ,Commercial Investigation,500,N/A,N/A,N/A,Planner (Trung bình),data/google_planner/can-tho/Keyword Stats 2026-02-23 at 11_18_37.csv,Viết bài top-list/so sánh; map vào cluster hub; bổ sung schema + ảnh/UGC,B,825.0,0%,"14,859"
victoria resort cần thơ,Khách sạn Cần Thơ,Lưu trú,In-scope Cần Thơ,Commercial Investigation,500,N/A,N/A,N/A,Planner (Cao),data/google_planner/can-tho/Keyword Stats 2026-02-23 at 11_18_37.csv,Viết bài top-list/so sánh; map vào cluster hub; bổ sung schema + ảnh/UGC,B,825.0,-90.0%,"8,099"
khách sạn riverside cần thơ,Khách sạn Cần Thơ,Lưu trú,In-scope Cần Thơ,Commercial Investigation,500,N/A,N/A,N/A,Planner (Trung bình),data/google_planner/can-tho/Keyword Stats 2026-02-23 at 11_18_37.csv,Viết bài top-list/so sánh; map vào cluster hub; bổ sung schema + ảnh/UGC,B,825.0,0%,"10,795"
cần thơ resort,Khách sạn Cần Thơ,Lưu trú,In-scope Cần Thơ,Commercial Investigation,500,N/A,N/A,N/A,Planner (Cao),data/google_planner/can-tho/Keyword Stats 2026-02-23 at 11_18_37.csv,Viết bài top-list/so sánh; map vào cluster hub; bổ sung schema + ảnh/UGC,B,825.0,-90.0%,"6,712"
khách sạn ở cần thơ giá rẻ,Khách sạn Cần Thơ,Lưu trú,In-scope Cần Thơ,Transaction,500,N/A,N/A,N/A,Planner (Cao),data/google_planner/can-tho/Keyword Stats 2026-02-23 at 11_18_37.csv,"Tạo landing chuyển đổi (giá/vé/đặt chỗ), gom vào cluster page + build backlink nội bộ",B,825.0,-90.0%,"78,765"
khách sạn đường 30 4 cần thơ,Khách sạn Cần Thơ,Lưu trú,In-scope Cần Thơ,Commercial Investigation,500,N/A,N/A,N/A,Planner (Cao),data/google_planner/can-tho/Keyword Stats 2026-02-23 at 11_18_37.csv,Viết bài top-list/so sánh; map vào cluster hub; bổ sung schema + ảnh/UGC,B,825.0,-90.0%,"22,873"
aura hotel cần thơ,Khách sạn Cần Thơ,Lưu trú,In-scope Cần Thơ,Commercial Investigation,500,N/A,N/A,N/A,Planner (Thấp),data/google_planner/can-tho/Keyword Stats 2026-02-23 at 11_18_37.csv,Viết bài top-list/so sánh; map vào cluster hub; bổ sung schema + ảnh/UGC,B,825.0,-90.0%,"21,425"
khách sạn holiday 2 cần thơ,Khách sạn Cần Thơ,Lưu trú,In-scope Cần Thơ,Commercial Investigation,500,N/A,N/A,N/A,Planner (Cao),data/google_planner/can-tho/Keyword Stats 2026-02-23 at 11_18_37.csv,Viết bài top-list/so sánh; map vào cluster hub; bổ sung schema + ảnh/UGC,B,825.0,-90.0%,"7,169"
can tho khach san,Khách sạn Cần Thơ,Lưu trú,In-scope Cần Thơ,Commercial Investigation,500,N/A,N/A,N/A,Planner (Cao),data/google_planner/can-tho/Keyword Stats 2026-02-23 at 11_18_37.csv,Viết bài top-list/so sánh; map vào cluster hub; bổ sung schema + ảnh/UGC,B,825.0,0%,"49,671"
khách sạn nam cần thơ,Khách sạn Cần Thơ,Lưu trú,In-scope Cần Thơ,Commercial Investigation,500,N/A,N/A,N/A,Planner (Trung bình),data/google_planner/can-tho/Keyword Stats 2026-02-23 at 11_18_37.csv,Viết bài top-list/so sánh; map vào cluster hub; bổ sung schema + ảnh/UGC,B,825.0,-90.0%,"9,367"
khách sạn con voi cần thơ,Khách sạn Cần Thơ,Lưu trú,In-scope Cần Thơ,Commercial Investigation,500,N/A,N/A,N/A,Planner (Trung bình),data/google_planner/can-tho/Keyword Stats 2026-02-23 at 11_18_37.csv,Viết bài top-list/so sánh; map vào cluster hub; bổ sung schema + ảnh/UGC,B,825.0,-90.0%,"14,717"
khách sạn gần đại học cần thơ,Khách sạn Cần Thơ,Lưu trú,In-scope Cần Thơ,Commercial Investigation,500,N/A,N/A,N/A,Planner (Cao),data/google_planner/can-tho/Keyword Stats 2026-02-23 at 11_18_37.csv,Viết bài top-list/so sánh; map vào cluster hub; bổ sung schema + ảnh/UGC,B,825.0,-90.0%,"32,454"
resort eco cần thơ,Khách sạn Cần Thơ,Lưu trú,In-scope Cần Thơ,Commercial Investigation,500,N/A,N/A,N/A,Planner (Trung bình),data/google_planner/can-tho/Keyword Stats 2026-02-23 at 11_18_37.csv,Viết bài top-list/so sánh; map vào cluster hub; bổ sung schema + ảnh/UGC,B,825.0,0%,"5,793"
khách sạn thanh thủy cần thơ,Khách sạn Cần Thơ,Lưu trú,In-scope Cần Thơ,Commercial Investigation,500,N/A,N/A,N/A,Planner (Trung bình),data/google_planner/can-tho/Keyword Stats 2026-02-23 at 11_18_37.csv,Viết bài top-list/so sánh; map vào cluster hub; bổ sung schema + ảnh/UGC,B,825.0,-90.0%,"19,775"
khách sạn thanh thủy 3 cần thơ,Khách sạn Cần Thơ,Lưu trú,In-scope Cần Thơ,Commercial Investigation,500,N/A,N/A,N/A,Planner (Thấp),data/google_planner/can-tho/Keyword Stats 2026-02-23 at 11_18_37.csv,Viết bài top-list/so sánh; map vào cluster hub; bổ sung schema + ảnh/UGC,B,825.0,0%,"45,476"
asia hotel cần thơ,Khách sạn Cần Thơ,Lưu trú,In-scope Cần Thơ,Commercial Investigation,500,N/A,N/A,N/A,Planner (Thấp),data/google_planner/can-tho/Keyword Stats 2026-02-23 at 11_18_37.csv,Viết bài top-list/so sánh; map vào cluster hub; bổ sung schema + ảnh/UGC,B,825.0,0%,"25,385"
ct morning hostel khách sạn ở cần thơ,Khách sạn Cần Thơ,Lưu trú,In-scope Cần Thơ,Commercial Investigation,500,N/A,N/A,N/A,Planner (Cao),data/google_planner/can-tho/Keyword Stats 2026-02-23 at 11_18_37.csv,Viết bài top-list/so sánh; map vào cluster hub; bổ sung schema + ảnh/UGC,B,825.0,-90.0%,"22,393"
eco resort cần thơ địa chỉ,Khách sạn Cần Thơ,Lưu trú,In-scope Cần Thơ,Commercial Investigation,500,N/A,N/A,N/A,Planner (Thấp),data/google_planner/can-tho/Keyword Stats 2026-02-23 at 11_18_37.csv,Viết bài top-list/so sánh; map vào cluster hub; bổ sung schema + ảnh/UGC,B,825.0,-90.0%,"5,780"
hotel vinpearl cần thơ,Khách sạn Cần Thơ,Lưu trú,In-scope Cần Thơ,Commercial Investigation,500,N/A,N/A,N/A,Planner (Trung bình),data/google_planner/can-tho/Keyword Stats 2026-02-23 at 11_18_37.csv,Viết bài top-list/so sánh; map vào cluster hub; bổ sung schema + ảnh/UGC,B,825.0,0%,"14,859"
khách sạn á châu cần thơ,Khách sạn Cần Thơ,Lưu trú,In-scope Cần Thơ,Commercial Investigation,500,N/A,N/A,N/A,Planner (Cao),data/google_planner/can-tho/Keyword Stats 2026-02-23 at 11_18_37.csv,Viết bài top-list/so sánh; map vào cluster hub; bổ sung schema + ảnh/UGC,B,825.0,0%,"13,504"
khách sạn vạn phát riverside cần thơ,Khách sạn Cần Thơ,Lưu trú,In-scope Cần Thơ,Commercial Investigation,500,N/A,N/A,N/A,Planner (Trung bình),data/google_planner/can-tho/Keyword Stats 2026-02-23 at 11_18_37.csv,Viết bài top-list/so sánh; map vào cluster hub; bổ sung schema + ảnh/UGC,B,825.0,0%,"10,397"
khách sạn asia cần thơ,Khách sạn Cần Thơ,Lưu trú,In-scope Cần Thơ,Commercial Investigation,500,N/A,N/A,N/A,Planner (Trung bình),data/google_planner/can-tho/Keyword Stats 2026-02-23 at 11_18_37.csv,Viết bài top-list/so sánh; map vào cluster hub; bổ sung schema + ảnh/UGC,B,825.0,0%,"15,558"
khách sạn gần trường đại học cần thơ,Khách sạn Cần Thơ,Lưu trú,In-scope Cần Thơ,Commercial Investigation,500,N/A,N/A,N/A,Planner (Cao),data/google_planner/can-tho/Keyword Stats 2026-02-23 at 11_18_37.csv,Viết bài top-list/so sánh; map vào cluster hub; bổ sung schema + ảnh/UGC,B,825.0,0%,"83,842"
khách sạn kiến an cần thơ,Khách sạn Cần Thơ,Lưu trú,In-scope Cần Thơ,Commercial Investigation,500,N/A,N/A,N/A,Planner (Trung bình),data/google_planner/can-tho/Keyword Stats 2026-02-23 at 11_18_37.csv,Viết bài top-list/so sánh; map vào cluster hub; bổ sung schema + ảnh/UGC,B,825.0,0%,"11,427"
khách sạn mê kông cần thơ,Khách sạn Cần Thơ,Lưu trú,In-scope Cần Thơ,Commercial Investigation,500,N/A,N/A,N/A,Planner (Trung bình),data/google_planner/can-tho/Keyword Stats 2026-02-23 at 11_18_37.csv,Viết bài top-list/so sánh; map vào cluster hub; bổ sung schema + ảnh/UGC,B,825.0,0%,"7,012"
khách sạn ngân long cần thơ,Khách sạn Cần Thơ,Lưu trú,In-scope Cần Thơ,Commercial Investigation,500,N/A,N/A,N/A,Planner (Thấp),data/google_planner/can-tho/Keyword Stats 2026-02-23 at 11_18_37.csv,Viết bài top-list/so sánh; map vào cluster hub; bổ sung schema + ảnh/UGC,B,825.0,0%,"15,828"
kiến an hotel cần thơ,Khách sạn Cần Thơ,Lưu trú,In-scope Cần Thơ,Commercial Investigation,500,N/A,N/A,N/A,Planner (Thấp),data/google_planner/can-tho/Keyword Stats 2026-02-23 at 11_18_37.csv,Viết bài top-list/so sánh; map vào cluster hub; bổ sung schema + ảnh/UGC,B,825.0,-90.0%,"22,474"
mis hotel cần thơ,Khách sạn Cần Thơ,Lưu trú,In-scope Cần Thơ,Commercial Investigation,500,N/A,N/A,N/A,Planner (Thấp),data/google_planner/can-tho/Keyword Stats 2026-02-23 at 11_18_37.csv,Viết bài top-list/so sánh; map vào cluster hub; bổ sung schema + ảnh/UGC,B,825.0,0%,"17,501"
sky view hotel cần thơ,Khách sạn Cần Thơ,Lưu trú,In-scope Cần Thơ,Commercial Investigation,500,N/A,N/A,N/A,Planner (Thấp),data/google_planner/can-tho/Keyword Stats 2026-02-23 at 11_18_37.csv,Viết bài top-list/so sánh; map vào cluster hub; bổ sung schema + ảnh/UGC,B,825.0,0%,"7,490"
sunny hotel cần thơ,Khách sạn Cần Thơ,Lưu trú,In-scope Cần Thơ,Commercial Investigation,500,N/A,N/A,N/A,Planner (Thấp),data/google_planner/can-tho/Keyword Stats 2026-02-23 at 11_18_37.csv,Viết bài top-list/so sánh; map vào cluster hub; bổ sung schema + ảnh/UGC,B,825.0,-90.0%,"5,102"
khách sạn hữu thiện cần thơ,Khách sạn Cần Thơ,Lưu trú,In-scope Cần Thơ,Commercial Investigation,50,N/A,N/A,N/A,Planner (Thấp),data/google_planner/can-tho/Keyword Stats 2026-02-23 at 11_18_37.csv,Viết bài top-list/so sánh; map vào cluster hub; bổ sung schema + ảnh/UGC,B,97.5,900.0%,"30,231"
senior hotel cần thơ,Khách sạn Cần Thơ,Lưu trú,In-scope Cần Thơ,Commercial Investigation,50,N/A,N/A,N/A,Planner (Thấp),data/google_planner/can-tho/Keyword Stats 2026-02-23 at 11_18_37.csv,Viết bài top-list/so sánh; map vào cluster hub; bổ sung schema + ảnh/UGC,B,97.5,900.0%,"19,849"
resort cân thơ,Khách sạn Cần Thơ,Lưu trú,In-scope Cần Thơ,Commercial Investigation,50,N/A,N/A,N/A,Planner (Cao),data/google_planner/can-tho/Keyword Stats 2026-02-23 at 11_18_37.csv,Viết bài top-list/so sánh; map vào cluster hub; bổ sung schema + ảnh/UGC,B,82.50000000000001,0%,"8,570"
khách sạn ở can tho,Khách sạn Cần Thơ,Lưu trú,In-scope Cần Thơ,Commercial Investigation,50,N/A,N/A,N/A,Planner (Cao),data/google_planner/can-tho/Keyword Stats 2026-02-23 at 11_18_37.csv,Viết bài top-list/so sánh; map vào cluster hub; bổ sung schema + ảnh/UGC,B,82.50000000000001,0%,"52,888"
khach san tai can tho,Khách sạn Cần Thơ,Lưu trú,In-scope Cần Thơ,Commercial Investigation,50,N/A,N/A,N/A,Planner (Cao),data/google_planner/can-tho/Keyword Stats 2026-02-23 at 11_18_37.csv,Viết bài top-list/so sánh; map vào cluster hub; bổ sung schema + ảnh/UGC,B,82.50000000000001,0%,"37,898"
khach san gia re can tho,Khách sạn Cần Thơ,Lưu trú,In-scope Cần Thơ,Transaction,50,N/A,N/A,N/A,Planner (Cao),data/google_planner/can-tho/Keyword Stats 2026-02-23 at 11_18_37.csv,"Tạo landing chuyển đổi (giá/vé/đặt chỗ), gom vào cluster page + build backlink nội bộ",B,82.50000000000001,0%,"54,511"
đặt phòng khách sạn cần thơ,Khách sạn Cần Thơ,Lưu trú,In-scope Cần Thơ,Commercial Investigation,50,N/A,N/A,N/A,Planner (Cao),data/google_planner/can-tho/Keyword Stats 2026-02-23 at 11_18_37.csv,Viết bài top-list/so sánh; map vào cluster hub; bổ sung schema + ảnh/UGC,B,82.50000000000001,0%,"128,687"
khach san nesta can tho,Khách sạn Cần Thơ,Lưu trú,In-scope Cần Thơ,Commercial Investigation,50,N/A,N/A,N/A,Planner (Cao),data/google_planner/can-tho/Keyword Stats 2026-02-23 at 11_18_37.csv,Viết bài top-list/so sánh; map vào cluster hub; bổ sung schema + ảnh/UGC,B,82.50000000000001,0%,"6,932"
khach san van phat can tho,Khách sạn Cần Thơ,Lưu trú,In-scope Cần Thơ,Commercial Investigation,50,N/A,N/A,N/A,Planner (Trung bình),data/google_planner/can-tho/Keyword Stats 2026-02-23 at 11_18_37.csv,Viết bài top-list/so sánh; map vào cluster hub; bổ sung schema + ảnh/UGC,B,82.50000000000001,0%,"9,880"
khach san 3 sao can tho,Khách sạn Cần Thơ,Lưu trú,In-scope Cần Thơ,Commercial Investigation,50,N/A,N/A,N/A,Planner (Cao),data/google_planner/can-tho/Keyword Stats 2026-02-23 at 11_18_37.csv,Viết bài top-list/so sánh; map vào cluster hub; bổ sung schema + ảnh/UGC,B,82.50000000000001,0%,"13,093"
khách sạn victoria can tho,Khách sạn Cần Thơ,Lưu trú,In-scope Cần Thơ,Commercial Investigation,50,N/A,N/A,N/A,Planner (Trung bình),data/google_planner/can-tho/Keyword Stats 2026-02-23 at 11_18_37.csv,Viết bài top-list/so sánh; map vào cluster hub; bổ sung schema + ảnh/UGC,B,82.50000000000001,0%,"8,479"
khach san holiday can tho,Khách sạn Cần Thơ,Lưu trú,In-scope Cần Thơ,Commercial Investigation,50,N/A,N/A,N/A,Planner (Cao),data/google_planner/can-tho/Keyword Stats 2026-02-23 at 11_18_37.csv,Viết bài top-list/so sánh; map vào cluster hub; bổ sung schema + ảnh/UGC,B,82.50000000000001,0%,"9,407"
khach san west can tho,Khách sạn Cần Thơ,Lưu trú,In-scope Cần Thơ,Commercial Investigation,50,N/A,N/A,N/A,Planner (Cao),data/google_planner/can-tho/Keyword Stats 2026-02-23 at 11_18_37.csv,Viết bài top-list/so sánh; map vào cluster hub; bổ sung schema + ảnh/UGC,B,82.50000000000001,0%,"7,791"
đặt khách sạn cần thơ,Khách sạn Cần Thơ,Lưu trú,In-scope Cần Thơ,Commercial Investigation,50,N/A,N/A,N/A,Planner (Cao),data/google_planner/can-tho/Keyword Stats 2026-02-23 at 11_18_37.csv,Viết bài top-list/so sánh; map vào cluster hub; bổ sung schema + ảnh/UGC,B,82.50000000000001,0%,"39,850"
khach san lion can tho,Khách sạn Cần Thơ,Lưu trú,In-scope Cần Thơ,Commercial Investigation,50,N/A,N/A,N/A,Planner (Trung bình),data/google_planner/can-tho/Keyword Stats 2026-02-23 at 11_18_37.csv,Viết bài top-list/so sánh; map vào cluster hub; bổ sung schema + ảnh/UGC,B,82.50000000000001,-90.0%,"20,899"
khach san gan san bay can tho,Khách sạn Cần Thơ,Lưu trú,In-scope Cần Thơ,Commercial Investigation,50,N/A,N/A,N/A,Planner (Cao),data/google_planner/can-tho/Keyword Stats 2026-02-23 at 11_18_37.csv,Viết bài top-list/so sánh; map vào cluster hub; bổ sung schema + ảnh/UGC,B,82.50000000000001,0%,"15,611"
khách sạn đẹp cần thơ,Khách sạn Cần Thơ,Lưu trú,In-scope Cần Thơ,Commercial Investigation,50,N/A,N/A,N/A,Planner (Cao),data/google_planner/can-tho/Keyword Stats 2026-02-23 at 11_18_37.csv,Viết bài top-list/so sánh; map vào cluster hub; bổ sung schema + ảnh/UGC,B,82.50000000000001,-90.0%,"25,805"
ttc hotel premium cần thơ,Khách sạn Cần Thơ,Lưu trú,In-scope Cần Thơ,Commercial Investigation,50,N/A,N/A,N/A,Planner (Trung bình),data/google_planner/can-tho/Keyword Stats 2026-02-23 at 11_18_37.csv,Viết bài top-list/so sánh; map vào cluster hub; bổ sung schema + ảnh/UGC,B,82.50000000000001,0%,"7,522"
book khách sạn cần thơ,Khách sạn Cần Thơ,Lưu trú,In-scope Cần Thơ,Commercial Investigation,50,N/A,N/A,N/A,Planner (Cao),data/google_planner/can-tho/Keyword Stats 2026-02-23 at 11_18_37.csv,Viết bài top-list/so sánh; map vào cluster hub; bổ sung schema + ảnh/UGC,B,82.50000000000001,0%,"87,479"
resort o can tho,Khách sạn Cần Thơ,Lưu trú,In-scope Cần Thơ,Commercial Investigation,50,N/A,N/A,N/A,Planner (Cao),data/google_planner/can-tho/Keyword Stats 2026-02-23 at 11_18_37.csv,Viết bài top-list/so sánh; map vào cluster hub; bổ sung schema + ảnh/UGC,B,82.50000000000001,0%,"34,548"
azerai cần thơ resort,Khách sạn Cần Thơ,Lưu trú,In-scope Cần Thơ,Commercial Investigation,50,N/A,N/A,N/A,Planner (Cao),data/google_planner/can-tho/Keyword Stats 2026-02-23 at 11_18_37.csv,Viết bài top-list/so sánh; map vào cluster hub; bổ sung schema + ảnh/UGC,B,82.50000000000001,-90.0%,"14,279"
khach san linh phuong can tho,Khách sạn Cần Thơ,Lưu trú,In-scope Cần Thơ,Commercial Investigation,50,N/A,N/A,N/A,Planner (Trung bình),data/google_planner/can-tho/Keyword Stats 2026-02-23 at 11_18_37.csv,Viết bài top-list/so sánh; map vào cluster hub; bổ sung schema + ảnh/UGC,B,82.50000000000001,0%,"26,768"
khach san tot o can tho,Khách sạn Cần Thơ,Lưu trú,In-scope Cần Thơ,Commercial Investigation,50,N/A,N/A,N/A,Planner (Cao),data/google_planner/can-tho/Keyword Stats 2026-02-23 at 11_18_37.csv,Viết bài top-list/so sánh; map vào cluster hub; bổ sung schema + ảnh/UGC,B,82.50000000000001,0%,"6,563"
khach san vincom can tho,Khách sạn Cần Thơ,Lưu trú,In-scope Cần Thơ,Commercial Investigation,50,N/A,N/A,N/A,Planner (Trung bình),data/google_planner/can-tho/Keyword Stats 2026-02-23 at 11_18_37.csv,Viết bài top-list/so sánh; map vào cluster hub; bổ sung schema + ảnh/UGC,B,82.50000000000001,0%,"5,817"
khách sạn đẹp ở cần thơ,Khách sạn Cần Thơ,Lưu trú,In-scope Cần Thơ,Commercial Investigation,50,N/A,N/A,N/A,Planner (Cao),data/google_planner/can-tho/Keyword Stats 2026-02-23 at 11_18_37.csv,Viết bài top-list/so sánh; map vào cluster hub; bổ sung schema + ảnh/UGC,B,82.50000000000001,0%,"11,445"
đặt khách sạn ở cần thơ,Khách sạn Cần Thơ,Lưu trú,In-scope Cần Thơ,Commercial Investigation,50,N/A,N/A,N/A,Planner (Cao),data/google_planner/can-tho/Keyword Stats 2026-02-23 at 11_18_37.csv,Viết bài top-list/so sánh; map vào cluster hub; bổ sung schema + ảnh/UGC,B,82.50000000000001,0%,"174,716"
dat phong khach san can tho,Khách sạn Cần Thơ,Lưu trú,In-scope Cần Thơ,Transaction,50,N/A,N/A,N/A,Planner (Trung bình),data/google_planner/can-tho/Keyword Stats 2026-02-23 at 11_18_37.csv,"Tạo landing chuyển đổi (giá/vé/đặt chỗ), gom vào cluster page + build backlink nội bộ",B,82.50000000000001,0%,"45,008"
cần thơ hotel,Khách sạn Cần Thơ,Lưu trú,In-scope Cần Thơ,Commercial Investigation,50,N/A,N/A,N/A,Planner (Thấp),data/google_planner/can-tho/Keyword Stats 2026-02-23 at 11_18_37.csv,Viết bài top-list/so sánh; map vào cluster hub; bổ sung schema + ảnh/UGC,B,82.50000000000001,0%,"48,889"
đặt phòng khách sạn ở cần thơ,Khách sạn Cần Thơ,Lưu trú,In-scope Cần Thơ,Commercial Investigation,50,N/A,N/A,N/A,Planner (Cao),data/google_planner/can-tho/Keyword Stats 2026-02-23 at 11_18_37.csv,Viết bài top-list/so sánh; map vào cluster hub; bổ sung schema + ảnh/UGC,B,82.50000000000001,0%,"229,911"
resort con khuong can tho,Khách sạn Cần Thơ,Lưu trú,In-scope Cần Thơ,Commercial Investigation,50,N/A,N/A,N/A,Planner (Cao),data/google_planner/can-tho/Keyword Stats 2026-02-23 at 11_18_37.csv,Viết bài top-list/so sánh; map vào cluster hub; bổ sung schema + ảnh/UGC,B,82.50000000000001,0%,"39,474"
khách sạn ở cần thơ gần chợ nổi cái răng,Khách sạn Cần Thơ,Lưu trú,In-scope Cần Thơ,Commercial Investigation,50,N/A,N/A,N/A,Planner (Cao),data/google_planner/can-tho/Keyword Stats 2026-02-23 at 11_18_37.csv,Viết bài top-list/so sánh; map vào cluster hub; bổ sung schema + ảnh/UGC,B,82.50000000000001,0%,"8,569"
khách sạn gần chợ đêm cần thơ,Khách sạn Cần Thơ,Lưu trú,In-scope Cần Thơ,Commercial Investigation,50,N/A,N/A,N/A,Planner (Trung bình),data/google_planner/can-tho/Keyword Stats 2026-02-23 at 11_18_37.csv,Viết bài top-list/so sánh; map vào cluster hub; bổ sung schema + ảnh/UGC,B,82.50000000000001,0%,"20,360"
khách sạn ở thành phố cần thơ,Khách sạn Cần Thơ,Lưu trú,In-scope Cần Thơ,Commercial Investigation,50,N/A,N/A,N/A,Planner (Cao),data/google_planner/can-tho/Keyword Stats 2026-02-23 at 11_18_37.csv,Viết bài top-list/so sánh; map vào cluster hub; bổ sung schema + ảnh/UGC,B,82.50000000000001,0%,"62,099"
khách sạn cần thơ có hồ bơi,Khách sạn Cần Thơ,Lưu trú,In-scope Cần Thơ,Commercial Investigation,50,N/A,N/A,N/A,Planner (Cao),data/google_planner/can-tho/Keyword Stats 2026-02-23 at 11_18_37.csv,Viết bài top-list/so sánh; map vào cluster hub; bổ sung schema + ảnh/UGC,B,82.50000000000001,0%,"14,533"
fortuneland hotel cần thơ,Khách sạn Cần Thơ,Lưu trú,In-scope Cần Thơ,Commercial Investigation,50,N/A,N/A,N/A,Planner (Trung bình),data/google_planner/can-tho/Keyword Stats 2026-02-23 at 11_18_37.csv,Viết bài top-list/so sánh; map vào cluster hub; bổ sung schema + ảnh/UGC,B,82.50000000000001,0%,"6,207"
khach san hoang son can tho,Khách sạn Cần Thơ,Lưu trú,In-scope Cần Thơ,Commercial Investigation,50,N/A,N/A,N/A,Planner (Cao),data/google_planner/can-tho/Keyword Stats 2026-02-23 at 11_18_37.csv,Viết bài top-list/so sánh; map vào cluster hub; bổ sung schema + ảnh/UGC,B,82.50000000000001,0%,"7,124"
khach san quoc te can tho,Khách sạn Cần Thơ,Lưu trú,In-scope Cần Thơ,Commercial Investigation,50,N/A,N/A,N/A,Planner (Cao),data/google_planner/can-tho/Keyword Stats 2026-02-23 at 11_18_37.csv,Viết bài top-list/so sánh; map vào cluster hub; bổ sung schema + ảnh/UGC,B,82.50000000000001,0%,"9,008"
khách sạn tại thành phố cần thơ,Khách sạn Cần Thơ,Lưu trú,In-scope Cần Thơ,Commercial Investigation,50,N/A,N/A,N/A,Planner (Cao),data/google_planner/can-tho/Keyword Stats 2026-02-23 at 11_18_37.csv,Viết bài top-list/so sánh; map vào cluster hub; bổ sung schema + ảnh/UGC,B,82.50000000000001,0%,"43,117"
holiday 2 hotel can tho,Khách sạn Cần Thơ,Lưu trú,In-scope Cần Thơ,Commercial Investigation,50,N/A,N/A,N/A,Planner (Cao),data/google_planner/can-tho/Keyword Stats 2026-02-23 at 11_18_37.csv,Viết bài top-list/so sánh; map vào cluster hub; bổ sung schema + ảnh/UGC,B,82.50000000000001,0%,"19,997"
khách sạn cần thơ view đẹp,Khách sạn Cần Thơ,Lưu trú,In-scope Cần Thơ,Commercial Investigation,50,N/A,N/A,N/A,Planner (Cao),data/google_planner/can-tho/Keyword Stats 2026-02-23 at 11_18_37.csv,Viết bài top-list/so sánh; map vào cluster hub; bổ sung schema + ảnh/UGC,B,82.50000000000001,-90.0%,"16,436"
khach san huynh lac can tho,Khách sạn Cần Thơ,Lưu trú,In-scope Cần Thơ,Commercial Investigation,50,N/A,N/A,N/A,Planner (Cao),data/google_planner/can-tho/Keyword Stats 2026-02-23 at 11_18_37.csv,Viết bài top-list/so sánh; map vào cluster hub; bổ sung schema + ảnh/UGC,B,82.50000000000001,0%,"14,930"
resort victoria cần thơ,Khách sạn Cần Thơ,Lưu trú,In-scope Cần Thơ,Commercial Investigation,50,N/A,N/A,N/A,Planner (Cao),data/google_planner/can-tho/Keyword Stats 2026-02-23 at 11_18_37.csv,Viết bài top-list/so sánh; map vào cluster hub; bổ sung schema + ảnh/UGC,B,82.50000000000001,0%,"6,492"
khách sạn vạn lộc cần thơ,Khách sạn Cần Thơ,Lưu trú,In-scope Cần Thơ,Commercial Investigation,50,N/A,N/A,N/A,Planner (Thấp),data/google_planner/can-tho/Keyword Stats 2026-02-23 at 11_18_37.csv,Viết bài top-list/so sánh; map vào cluster hub; bổ sung schema + ảnh/UGC,B,82.50000000000001,0%,"12,240"
gạo homestay cần thơ,Khách sạn Cần Thơ,Lưu trú,In-scope Cần Thơ,Commercial Investigation,50,N/A,N/A,N/A,Planner (Thấp),data/google_planner/can-tho/Keyword Stats 2026-02-23 at 11_18_37.csv,Viết bài top-list/so sánh; map vào cluster hub; bổ sung schema + ảnh/UGC,B,82.50000000000001,0%,"19,651"
khách sạn cần thơ có bồn tắm,Khách sạn Cần Thơ,Lưu trú,In-scope Cần Thơ,Commercial Investigation,50,N/A,N/A,N/A,Planner (Cao),data/google_planner/can-tho/Keyword Stats 2026-02-23 at 11_18_37.csv,Viết bài top-list/so sánh; map vào cluster hub; bổ sung schema + ảnh/UGC,B,82.50000000000001,0%,"15,422"
azerai resort can tho,Khách sạn Cần Thơ,Lưu trú,In-scope Cần Thơ,Commercial Investigation,50,N/A,N/A,N/A,Planner (Cao),data/google_planner/can-tho/Keyword Stats 2026-02-23 at 11_18_37.csv,Viết bài top-list/so sánh; map vào cluster hub; bổ sung schema + ảnh/UGC,B,82.50000000000001,0%,"35,319"
khách sạn kp hotel cần thơ,Khách sạn Cần Thơ,Lưu trú,In-scope Cần Thơ,Commercial Investigation,50,N/A,N/A,N/A,Planner (Cao),data/google_planner/can-tho/Keyword Stats 2026-02-23 at 11_18_37.csv,Viết bài top-list/so sánh; map vào cluster hub; bổ sung schema + ảnh/UGC,B,82.50000000000001,0%,"17,278"
khách sạn ở tp cần thơ,Khách sạn Cần Thơ,Lưu trú,In-scope Cần Thơ,Commercial Investigation,50,N/A,N/A,N/A,Planner (Cao),data/google_planner/can-tho/Keyword Stats 2026-02-23 at 11_18_37.csv,Viết bài top-list/so sánh; map vào cluster hub; bổ sung schema + ảnh/UGC,B,82.50000000000001,0%,"52,908"
khách sạn tây đô cần thơ,Khách sạn Cần Thơ,Lưu trú,In-scope Cần Thơ,Commercial Investigation,50,N/A,N/A,N/A,Planner (Thấp),data/google_planner/can-tho/Keyword Stats 2026-02-23 at 11_18_37.csv,Viết bài top-list/so sánh; map vào cluster hub; bổ sung schema + ảnh/UGC,B,82.50000000000001,-90.0%,"6,711"
khách sạn anh đào cần thơ,Khách sạn Cần Thơ,Lưu trú,In-scope Cần Thơ,Commercial Investigation,50,N/A,N/A,N/A,Planner (Trung bình),data/google_planner/can-tho/Keyword Stats 2026-02-23 at 11_18_37.csv,Viết bài top-list/so sánh; map vào cluster hub; bổ sung schema + ảnh/UGC,B,82.50000000000001,0%,"17,224"
khách sạn gần chợ nổi cần thơ,Khách sạn Cần Thơ,Lưu trú,In-scope Cần Thơ,Commercial Investigation,50,N/A,N/A,N/A,Planner (Cao),data/google_planner/can-tho/Keyword Stats 2026-02-23 at 11_18_37.csv,Viết bài top-list/so sánh; map vào cluster hub; bổ sung schema + ảnh/UGC,B,82.50000000000001,0%,"9,868"
khách sạn cái răng cần thơ,Khách sạn Cần Thơ,Lưu trú,In-scope Cần Thơ,Commercial Investigation,50,N/A,N/A,N/A,Planner (Cao),data/google_planner/can-tho/Keyword Stats 2026-02-23 at 11_18_37.csv,Viết bài top-list/so sánh; map vào cluster hub; bổ sung schema + ảnh/UGC,B,82.50000000000001,0%,"15,622"
hotel ở cần thơ,Khách sạn Cần Thơ,Lưu trú,In-scope Cần Thơ,Commercial Investigation,50,N/A,N/A,N/A,Planner (Cao),data/google_planner/can-tho/Keyword Stats 2026-02-23 at 11_18_37.csv,Viết bài top-list/so sánh; map vào cluster hub; bổ sung schema + ảnh/UGC,B,82.50000000000001,0%,"22,287"
khách sạn đường 3 2 cần thơ,Khách sạn Cần Thơ,Lưu trú,In-scope Cần Thơ,Commercial Investigation,50,N/A,N/A,N/A,Planner (Cao),data/google_planner/can-tho/Keyword Stats 2026-02-23 at 11_18_37.csv,Viết bài top-list/so sánh; map vào cluster hub; bổ sung schema + ảnh/UGC,B,82.50000000000001,-90.0%,"11,458"
khách sạn giá rẻ tại cần thơ,Khách sạn Cần Thơ,Lưu trú,In-scope Cần Thơ,Transaction,50,N/A,N/A,N/A,Planner (Trung bình),data/google_planner/can-tho/Keyword Stats 2026-02-23 at 11_18_37.csv,"Tạo landing chuyển đổi (giá/vé/đặt chỗ), gom vào cluster page + build backlink nội bộ",B,82.50000000000001,0%,"121,654"
review khách sạn cần thơ,Khách sạn Cần Thơ,Lưu trú,In-scope Cần Thơ,Commercial Investigation,50,N/A,N/A,N/A,Planner (Cao),data/google_planner/can-tho/Keyword Stats 2026-02-23 at 11_18_37.csv,Viết bài top-list/so sánh; map vào cluster hub; bổ sung schema + ảnh/UGC,B,82.50000000000001,0%,"23,503"
hotel cần thơ giá rẻ,Khách sạn Cần Thơ,Lưu trú,In-scope Cần Thơ,Transaction,50,N/A,N/A,N/A,Planner (Cao),data/google_planner/can-tho/Keyword Stats 2026-02-23 at 11_18_37.csv,"Tạo landing chuyển đổi (giá/vé/đặt chỗ), gom vào cluster page + build backlink nội bộ",B,82.50000000000001,0%,"29,209"
khach san phuong nga can tho,Khách sạn Cần Thơ,Lưu trú,In-scope Cần Thơ,Commercial Investigation,50,N/A,N/A,N/A,Planner (Trung bình),data/google_planner/can-tho/Keyword Stats 2026-02-23 at 11_18_37.csv,Viết bài top-list/so sánh; map vào cluster hub; bổ sung schema + ảnh/UGC,B,82.50000000000001,0%,"23,027"
tìm khách sạn ở cần thơ,Khách sạn Cần Thơ,Lưu trú,In-scope Cần Thơ,Commercial Investigation,50,N/A,N/A,N/A,Planner (Cao),data/google_planner/can-tho/Keyword Stats 2026-02-23 at 11_18_37.csv,Viết bài top-list/so sánh; map vào cluster hub; bổ sung schema + ảnh/UGC,B,82.50000000000001,0%,"54,913"
rich hotel cần thơ,Khách sạn Cần Thơ,Lưu trú,In-scope Cần Thơ,Commercial Investigation,50,N/A,N/A,N/A,Planner (Cao),data/google_planner/can-tho/Keyword Stats 2026-02-23 at 11_18_37.csv,Viết bài top-list/so sánh; map vào cluster hub; bổ sung schema + ảnh/UGC,B,82.50000000000001,-90.0%,"29,498"
vạn phát hotel cần thơ,Khách sạn Cần Thơ,Lưu trú,In-scope Cần Thơ,Commercial Investigation,50,N/A,N/A,N/A,Planner (Trung bình),data/google_planner/can-tho/Keyword Stats 2026-02-23 at 11_18_37.csv,Viết bài top-list/so sánh; map vào cluster hub; bổ sung schema + ảnh/UGC,B,82.50000000000001,0%,"17,919"
an hotel can tho,Khách sạn Cần Thơ,Lưu trú,In-scope Cần Thơ,Commercial Investigation,50,N/A,N/A,N/A,Planner (Trung bình),data/google_planner/can-tho/Keyword Stats 2026-02-23 at 11_18_37.csv,Viết bài top-list/so sánh; map vào cluster hub; bổ sung schema + ảnh/UGC,B,82.50000000000001,-90.0%,"15,582"
khách sạn mekong rose cần thơ,Khách sạn Cần Thơ,Lưu trú,In-scope Cần Thơ,Commercial Investigation,50,N/A,N/A,N/A,Planner (Trung bình),data/google_planner/can-tho/Keyword Stats 2026-02-23 at 11_18_37.csv,Viết bài top-list/so sánh; map vào cluster hub; bổ sung schema + ảnh/UGC,B,82.50000000000001,0%,"5,562"
anh dao hotel can tho,Khách sạn Cần Thơ,Lưu trú,In-scope Cần Thơ,Commercial Investigation,50,N/A,N/A,N/A,Planner (Thấp),data/google_planner/can-tho/Keyword Stats 2026-02-23 at 11_18_37.csv,Viết bài top-list/so sánh; map vào cluster hub; bổ sung schema + ảnh/UGC,B,82.50000000000001,0%,"32,849"
anh đào hotel cần thơ,Khách sạn Cần Thơ,Lưu trú,In-scope Cần Thơ,Commercial Investigation,50,N/A,N/A,N/A,Planner (Thấp),data/google_planner/can-tho/Keyword Stats 2026-02-23 at 11_18_37.csv,Viết bài top-list/so sánh; map vào cluster hub; bổ sung schema + ảnh/UGC,B,82.50000000000001,0%,"13,638"
anh đào mekong hotel cần thơ,Khách sạn Cần Thơ,Lưu trú,In-scope Cần Thơ,Commercial Investigation,50,N/A,N/A,N/A,Planner (Trung bình),data/google_planner/can-tho/Keyword Stats 2026-02-23 at 11_18_37.csv,Viết bài top-list/so sánh; map vào cluster hub; bổ sung schema + ảnh/UGC,B,82.50000000000001,0%,"16,313"
casa eco mekong resort cần thơ,Khách sạn Cần Thơ,Lưu trú,In-scope Cần Thơ,Commercial Investigation,50,N/A,N/A,N/A,Planner (Trung bình),data/google_planner/can-tho/Keyword Stats 2026-02-23 at 11_18_37.csv,Viết bài top-list/so sánh; map vào cluster hub; bổ sung schema + ảnh/UGC,B,82.50000000000001,0%,"6,029"
con voi hotel cần thơ,Khách sạn Cần Thơ,Lưu trú,In-scope Cần Thơ,Commercial Investigation,50,N/A,N/A,N/A,Planner (Trung bình),data/google_planner/can-tho/Keyword Stats 2026-02-23 at 11_18_37.csv,Viết bài top-list/so sánh; map vào cluster hub; bổ sung schema + ảnh/UGC,B,82.50000000000001,0%,"13,504"
các khách sạn cần thơ,Khách sạn Cần Thơ,Lưu trú,In-scope Cần Thơ,Commercial Investigation,50,N/A,N/A,N/A,Planner (Cao),data/google_planner/can-tho/Keyword Stats 2026-02-23 at 11_18_37.csv,Viết bài top-list/so sánh; map vào cluster hub; bổ sung schema + ảnh/UGC,B,82.50000000000001,0%,"32,660"
các khách sạn tại cần thơ,Khách sạn Cần Thơ,Lưu trú,In-scope Cần Thơ,Commercial Investigation,50,N/A,N/A,N/A,Planner (Cao),data/google_planner/can-tho/Keyword Stats 2026-02-23 at 11_18_37.csv,Viết bài top-list/so sánh; map vào cluster hub; bổ sung schema + ảnh/UGC,B,82.50000000000001,0%,"10,375"
các khách sạn tốt ở cần thơ,Khách sạn Cần Thơ,Lưu trú,In-scope Cần Thơ,Commercial Investigation,50,N/A,N/A,N/A,Planner (Cao),data/google_planner/can-tho/Keyword Stats 2026-02-23 at 11_18_37.csv,Viết bài top-list/so sánh; map vào cluster hub; bổ sung schema + ảnh/UGC,B,82.50000000000001,0%,"30,449"
các khách sạn đẹp ở cần thơ,Khách sạn Cần Thơ,Lưu trú,In-scope Cần Thơ,Commercial Investigation,50,N/A,N/A,N/A,Planner (Cao),data/google_planner/can-tho/Keyword Stats 2026-02-23 at 11_18_37.csv,Viết bài top-list/so sánh; map vào cluster hub; bổ sung schema + ảnh/UGC,B,82.50000000000001,0%,"14,580"
các resort ở cần thơ,Khách sạn Cần Thơ,Lưu trú,In-scope Cần Thơ,Commercial Investigation,50,N/A,N/A,N/A,Planner (Cao),data/google_planner/can-tho/Keyword Stats 2026-02-23 at 11_18_37.csv,Viết bài top-list/so sánh; map vào cluster hub; bổ sung schema + ảnh/UGC,B,82.50000000000001,0%,"6,990"
cần thơ eco resort địa chỉ,Khách sạn Cần Thơ,Lưu trú,In-scope Cần Thơ,Commercial Investigation,50,N/A,N/A,N/A,Planner (Thấp),data/google_planner/can-tho/Keyword Stats 2026-02-23 at 11_18_37.csv,Viết bài top-list/so sánh; map vào cluster hub; bổ sung schema + ảnh/UGC,B,82.50000000000001,0%,"7,984"
dona hotel cần thơ,Khách sạn Cần Thơ,Lưu trú,In-scope Cần Thơ,Commercial Investigation,50,N/A,N/A,N/A,Planner (Trung bình),data/google_planner/can-tho/Keyword Stats 2026-02-23 at 11_18_37.csv,Viết bài top-list/so sánh; map vào cluster hub; bổ sung schema + ảnh/UGC,B,82.50000000000001,0%,"17,719"
giá khách sạn ở cần thơ,Khách sạn Cần Thơ,Lưu trú,In-scope Cần Thơ,Transaction,50,N/A,N/A,N/A,Planner (Cao),data/google_planner/can-tho/Keyword Stats 2026-02-23 at 11_18_37.csv,"Tạo landing chuyển đổi (giá/vé/đặt chỗ), gom vào cluster page + build backlink nội bộ",B,82.50000000000001,0%,"9,778"
giá khách sạn tại cần thơ,Khách sạn Cần Thơ,Lưu trú,In-scope Cần Thơ,Transaction,50,N/A,N/A,N/A,Planner (Cao),data/google_planner/can-tho/Keyword Stats 2026-02-23 at 11_18_37.csv,"Tạo landing chuyển đổi (giá/vé/đặt chỗ), gom vào cluster page + build backlink nội bộ",B,82.50000000000001,0%,"36,123"
giá phòng khách sạn iris cần thơ,Khách sạn Cần Thơ,Lưu trú,In-scope Cần Thơ,Transaction,50,N/A,N/A,N/A,Planner (Cao),data/google_planner/can-tho/Keyword Stats 2026-02-23 at 11_18_37.csv,"Tạo landing chuyển đổi (giá/vé/đặt chỗ), gom vào cluster page + build backlink nội bộ",B,82.50000000000001,0%,"7,635"
giá phòng khách sạn ttc cần thơ,Khách sạn Cần Thơ,Lưu trú,In-scope Cần Thơ,Transaction,50,N/A,N/A,N/A,Planner (Trung bình),data/google_planner/can-tho/Keyword Stats 2026-02-23 at 11_18_37.csv,"Tạo landing chuyển đổi (giá/vé/đặt chỗ), gom vào cluster page + build backlink nội bộ",B,82.50000000000001,0%,"2,427"
holiday hotel cần thơ,Khách sạn Cần Thơ,Lưu trú,In-scope Cần Thơ,Commercial Investigation,50,N/A,N/A,N/A,Planner (Trung bình),data/google_planner/can-tho/Keyword Stats 2026-02-23 at 11_18_37.csv,Viết bài top-list/so sánh; map vào cluster hub; bổ sung schema + ảnh/UGC,B,82.50000000000001,-90.0%,"25,969"
homestay tại cần thơ,Khách sạn Cần Thơ,Lưu trú,In-scope Cần Thơ,Commercial Investigation,50,N/A,N/A,N/A,Planner (Thấp),data/google_planner/can-tho/Keyword Stats 2026-02-23 at 11_18_37.csv,Viết bài top-list/so sánh; map vào cluster hub; bổ sung schema + ảnh/UGC,B,82.50000000000001,0%,"9,001"
hotel nhà mình cần thơ,Khách sạn Cần Thơ,Lưu trú,In-scope Cần Thơ,Commercial Investigation,50,N/A,N/A,N/A,Planner (Thấp),data/google_planner/can-tho/Keyword Stats 2026-02-23 at 11_18_37.csv,Viết bài top-list/so sánh; map vào cluster hub; bổ sung schema + ảnh/UGC,B,82.50000000000001,0%,"10,049"
hoàng sơn hotel cần thơ,Khách sạn Cần Thơ,Lưu trú,In-scope Cần Thơ,Commercial Investigation,50,N/A,N/A,N/A,Planner (Trung bình),data/google_planner/can-tho/Keyword Stats 2026-02-23 at 11_18_37.csv,Viết bài top-list/so sánh; map vào cluster hub; bổ sung schema + ảnh/UGC,B,82.50000000000001,0%,"28,183"
huỳnh lạc hotel cần thơ,Khách sạn Cần Thơ,Lưu trú,In-scope Cần Thơ,Commercial Investigation,50,N/A,N/A,N/A,Planner (Cao),data/google_planner/can-tho/Keyword Stats 2026-02-23 at 11_18_37.csv,Viết bài top-list/so sánh; map vào cluster hub; bổ sung schema + ảnh/UGC,B,82.50000000000001,0%,"8,515"
khách sạn 2 sao cần thơ,Khách sạn Cần Thơ,Lưu trú,In-scope Cần Thơ,Commercial Investigation,50,N/A,N/A,N/A,Planner (Trung bình),data/google_planner/can-tho/Keyword Stats 2026-02-23 at 11_18_37.csv,Viết bài top-list/so sánh; map vào cluster hub; bổ sung schema + ảnh/UGC,B,82.50000000000001,0%,"13,327"
khach san anh dao can tho,Khách sạn Cần Thơ,Lưu trú,In-scope Cần Thơ,Commercial Investigation,50,N/A,N/A,N/A,Planner (Trung bình),data/google_planner/can-tho/Keyword Stats 2026-02-23 at 11_18_37.csv,Viết bài top-list/so sánh; map vào cluster hub; bổ sung schema + ảnh/UGC,B,82.50000000000001,0%,"40,690"
khach san cantho,Khách sạn Cần Thơ,Lưu trú,In-scope Cần Thơ,Commercial Investigation,50,N/A,N/A,N/A,Planner (Cao),data/google_planner/can-tho/Keyword Stats 2026-02-23 at 11_18_37.csv,Viết bài top-list/so sánh; map vào cluster hub; bổ sung schema + ảnh/UGC,B,82.50000000000001,0%,"15,775"
khách sạn cửu long cần thơ,Khách sạn Cần Thơ,Lưu trú,In-scope Cần Thơ,Commercial Investigation,50,N/A,N/A,N/A,Planner (Thấp),data/google_planner/can-tho/Keyword Stats 2026-02-23 at 11_18_37.csv,Viết bài top-list/so sánh; map vào cluster hub; bổ sung schema + ảnh/UGC,B,82.50000000000001,0%,"22,131"
khach san dep can tho,Khách sạn Cần Thơ,Lưu trú,In-scope Cần Thơ,Commercial Investigation,50,N/A,N/A,N/A,Planner (Cao),data/google_planner/can-tho/Keyword Stats 2026-02-23 at 11_18_37.csv,Viết bài top-list/so sánh; map vào cluster hub; bổ sung schema + ảnh/UGC,B,82.50000000000001,0%,"11,427"
khach san dep o can tho,Khách sạn Cần Thơ,Lưu trú,In-scope Cần Thơ,Commercial Investigation,50,N/A,N/A,N/A,Planner (Cao),data/google_planner/can-tho/Keyword Stats 2026-02-23 at 11_18_37.csv,Viết bài top-list/so sánh; map vào cluster hub; bổ sung schema + ảnh/UGC,B,82.50000000000001,0%,"19,128"
khach san dong ha can tho,Khách sạn Cần Thơ,Lưu trú,In-scope Cần Thơ,Commercial Investigation,50,N/A,N/A,N/A,Planner (Cao),data/google_planner/can-tho/Keyword Stats 2026-02-23 at 11_18_37.csv,Viết bài top-list/so sánh; map vào cluster hub; bổ sung schema + ảnh/UGC,B,82.50000000000001,0%,"7,489"
khach san fortuneland hotel can tho,Khách sạn Cần Thơ,Lưu trú,In-scope Cần Thơ,Commercial Investigation,50,N/A,N/A,N/A,Planner (Cao),data/google_planner/can-tho/Keyword Stats 2026-02-23 at 11_18_37.csv,Viết bài top-list/so sánh; map vào cluster hub; bổ sung schema + ảnh/UGC,B,82.50000000000001,0%,"7,348"
khách sạn kim khánh cần thơ,Khách sạn Cần Thơ,Lưu trú,In-scope Cần Thơ,Commercial Investigation,50,N/A,N/A,N/A,Planner (Thấp),data/google_planner/can-tho/Keyword Stats 2026-02-23 at 11_18_37.csv,Viết bài top-list/so sánh; map vào cluster hub; bổ sung schema + ảnh/UGC,B,82.50000000000001,0%,"20,794"
khách sạn kim long cần thơ,Khách sạn Cần Thơ,Lưu trú,In-scope Cần Thơ,Commercial Investigation,50,N/A,N/A,N/A,Planner (Trung bình),data/google_planner/can-tho/Keyword Stats 2026-02-23 at 11_18_37.csv,Viết bài top-list/so sánh; map vào cluster hub; bổ sung schema + ảnh/UGC,B,82.50000000000001,0%,"15,620"
khách sạn lam kiều cần thơ,Khách sạn Cần Thơ,Lưu trú,In-scope Cần Thơ,Commercial Investigation,50,N/A,N/A,N/A,Planner (Trung bình),data/google_planner/can-tho/Keyword Stats 2026-02-23 at 11_18_37.csv,Viết bài top-list/so sánh; map vào cluster hub; bổ sung schema + ảnh/UGC,B,82.50000000000001,0%,"18,342"
khách sạn nam môn cần thơ,Khách sạn Cần Thơ,Lưu trú,In-scope Cần Thơ,Commercial Investigation,50,N/A,N/A,N/A,Planner (Thấp),data/google_planner/can-tho/Keyword Stats 2026-02-23 at 11_18_37.csv,Viết bài top-list/so sánh; map vào cluster hub; bổ sung schema + ảnh/UGC,B,82.50000000000001,0%,"4,728"
khach san ngoc lam can tho,Khách sạn Cần Thơ,Lưu trú,In-scope Cần Thơ,Commercial Investigation,50,N/A,N/A,N/A,Planner (Cao),data/google_planner/can-tho/Keyword Stats 2026-02-23 at 11_18_37.csv,Viết bài top-list/so sánh; map vào cluster hub; bổ sung schema + ảnh/UGC,B,82.50000000000001,0%,"9,349"
khách sạn phương nam cần thơ,Khách sạn Cần Thơ,Lưu trú,In-scope Cần Thơ,Commercial Investigation,50,N/A,N/A,N/A,Planner (Thấp),data/google_planner/can-tho/Keyword Stats 2026-02-23 at 11_18_37.csv,Viết bài top-list/so sánh; map vào cluster hub; bổ sung schema + ảnh/UGC,B,82.50000000000001,0%,"14,843"
khách sạn thái tuấn cần thơ,Khách sạn Cần Thơ,Lưu trú,In-scope Cần Thơ,Commercial Investigation,50,N/A,N/A,N/A,Planner (Thấp),data/google_planner/can-tho/Keyword Stats 2026-02-23 at 11_18_37.csv,Viết bài top-list/so sánh; map vào cluster hub; bổ sung schema + ảnh/UGC,B,82.50000000000001,0%,"12,723"
khách sạn thanh thủy 2 cần thơ,Khách sạn Cần Thơ,Lưu trú,In-scope Cần Thơ,Commercial Investigation,50,N/A,N/A,N/A,Planner (Thấp),data/google_planner/can-tho/Keyword Stats 2026-02-23 at 11_18_37.csv,Viết bài top-list/so sánh; map vào cluster hub; bổ sung schema + ảnh/UGC,B,82.50000000000001,0%,"10,385"
khách sạn vạn kim hưng cần thơ,Khách sạn Cần Thơ,Lưu trú,In-scope Cần Thơ,Commercial Investigation,50,N/A,N/A,N/A,Planner (Thấp),data/google_planner/can-tho/Keyword Stats 2026-02-23 at 11_18_37.csv,Viết bài top-list/so sánh; map vào cluster hub; bổ sung schema + ảnh/UGC,B,82.50000000000001,0%,"20,495"
khu resort cần thơ,Khách sạn Cần Thơ,Lưu trú,In-scope Cần Thơ,Commercial Investigation,50,N/A,N/A,N/A,Planner (Trung bình),data/google_planner/can-tho/Keyword Stats 2026-02-23 at 11_18_37.csv,Viết bài top-list/so sánh; map vào cluster hub; bổ sung schema + ảnh/UGC,B,82.50000000000001,0%,"6,753"
khách sạn 2 sao ở cần thơ,Khách sạn Cần Thơ,Lưu trú,In-scope Cần Thơ,Commercial Investigation,50,N/A,N/A,N/A,Planner (Trung bình),data/google_planner/can-tho/Keyword Stats 2026-02-23 at 11_18_37.csv,Viết bài top-list/so sánh; map vào cluster hub; bổ sung schema + ảnh/UGC,B,82.50000000000001,0%,"13,553"
khách sạn 3 * cần thơ,Khách sạn Cần Thơ,Lưu trú,In-scope Cần Thơ,Commercial Investigation,50,N/A,N/A,N/A,Planner (Trung bình),data/google_planner/can-tho/Keyword Stats 2026-02-23 at 11_18_37.csv,Viết bài top-list/so sánh; map vào cluster hub; bổ sung schema + ảnh/UGC,B,82.50000000000001,0%,"3,442"
khách sạn 3 sao tại cần thơ,Khách sạn Cần Thơ,Lưu trú,In-scope Cần Thơ,Commercial Investigation,50,N/A,N/A,N/A,Planner (Cao),data/google_planner/can-tho/Keyword Stats 2026-02-23 at 11_18_37.csv,Viết bài top-list/so sánh; map vào cluster hub; bổ sung schema + ảnh/UGC,B,82.50000000000001,-90.0%,"7,621"
khách sạn 30 4 cần thơ,Khách sạn Cần Thơ,Lưu trú,In-scope Cần Thơ,Commercial Investigation,50,N/A,N/A,N/A,Planner (Cao),data/google_planner/can-tho/Keyword Stats 2026-02-23 at 11_18_37.csv,Viết bài top-list/so sánh; map vào cluster hub; bổ sung schema + ảnh/UGC,B,82.50000000000001,0%,"24,506"
khách sạn 31 cần thơ,Khách sạn Cần Thơ,Lưu trú,In-scope Cần Thơ,Commercial Investigation,50,N/A,N/A,N/A,Planner (Trung bình),data/google_planner/can-tho/Keyword Stats 2026-02-23 at 11_18_37.csv,Viết bài top-list/so sánh; map vào cluster hub; bổ sung schema + ảnh/UGC,B,82.50000000000001,0%,"19,918"
khách sạn 31b cần thơ,Khách sạn Cần Thơ,Lưu trú,In-scope Cần Thơ,Commercial Investigation,50,N/A,N/A,N/A,Planner (Trung bình),data/google_planner/can-tho/Keyword Stats 2026-02-23 at 11_18_37.csv,Viết bài top-list/so sánh; map vào cluster hub; bổ sung schema + ảnh/UGC,B,82.50000000000001,0%,"15,764"
khách sạn an bình cần thơ,Khách sạn Cần Thơ,Lưu trú,In-scope Cần Thơ,Commercial Investigation,50,N/A,N/A,N/A,Planner (Thấp),data/google_planner/can-tho/Keyword Stats 2026-02-23 at 11_18_37.csv,Viết bài top-list/so sánh; map vào cluster hub; bổ sung schema + ảnh/UGC,B,82.50000000000001,0%,"20,056"
khách sạn an cần thơ,Khách sạn Cần Thơ,Lưu trú,In-scope Cần Thơ,Commercial Investigation,50,N/A,N/A,N/A,Planner (Trung bình),data/google_planner/can-tho/Keyword Stats 2026-02-23 at 11_18_37.csv,Viết bài top-list/so sánh; map vào cluster hub; bổ sung schema + ảnh/UGC,B,82.50000000000001,0%,"9,369"
khách sạn anh thư cần thơ,Khách sạn Cần Thơ,Lưu trú,In-scope Cần Thơ,Commercial Investigation,50,N/A,N/A,N/A,Planner (Thấp),data/google_planner/can-tho/Keyword Stats 2026-02-23 at 11_18_37.csv,Viết bài top-list/so sánh; map vào cluster hub; bổ sung schema + ảnh/UGC,B,82.50000000000001,0%,"13,428"
khách sạn anh đào 2 cần thơ,Khách sạn Cần Thơ,Lưu trú,In-scope Cần Thơ,Commercial Investigation,50,N/A,N/A,N/A,Planner (Trung bình),data/google_planner/can-tho/Keyword Stats 2026-02-23 at 11_18_37.csv,Viết bài top-list/so sánh; map vào cluster hub; bổ sung schema + ảnh/UGC,B,82.50000000000001,0%,"11,903"
khách sạn anh đào mekong 2 cần thơ,Khách sạn Cần Thơ,Lưu trú,In-scope Cần Thơ,Commercial Investigation,50,N/A,N/A,N/A,Planner (Trung bình),data/google_planner/can-tho/Keyword Stats 2026-02-23 at 11_18_37.csv,Viết bài top-list/so sánh; map vào cluster hub; bổ sung schema + ảnh/UGC,B,82.50000000000001,0%,"11,219"
khách sạn anh đào mekong cần thơ,Khách sạn Cần Thơ,Lưu trú,In-scope Cần Thơ,Commercial Investigation,50,N/A,N/A,N/A,Planner (Trung bình),data/google_planner/can-tho/Keyword Stats 2026-02-23 at 11_18_37.csv,Viết bài top-list/so sánh; map vào cluster hub; bổ sung schema + ảnh/UGC,B,82.50000000000001,0%,"14,733"
khách sạn apple hotel cần thơ,Khách sạn Cần Thơ,Lưu trú,In-scope Cần Thơ,Commercial Investigation,50,N/A,N/A,N/A,Planner (Cao),data/google_planner/can-tho/Keyword Stats 2026-02-23 at 11_18_37.csv,Viết bài top-list/so sánh; map vào cluster hub; bổ sung schema + ảnh/UGC,B,82.50000000000001,0%,"7,836"
khách sạn bình dân cần thơ,Khách sạn Cần Thơ,Lưu trú,In-scope Cần Thơ,Commercial Investigation,50,N/A,N/A,N/A,Planner (Trung bình),data/google_planner/can-tho/Keyword Stats 2026-02-23 at 11_18_37.csv,Viết bài top-list/so sánh; map vào cluster hub; bổ sung schema + ảnh/UGC,B,82.50000000000001,0%,"107,381"
khách sạn cwd cần thơ,Khách sạn Cần Thơ,Lưu trú,In-scope Cần Thơ,Commercial Investigation,50,N/A,N/A,N/A,Planner (Trung bình),data/google_planner/can-tho/Keyword Stats 2026-02-23 at 11_18_37.csv,Viết bài top-list/so sánh; map vào cluster hub; bổ sung schema + ảnh/UGC,B,82.50000000000001,0%,"10,394"
khách sạn cái khế cần thơ,Khách sạn Cần Thơ,Lưu trú,In-scope Cần Thơ,Commercial Investigation,50,N/A,N/A,N/A,Planner (Cao),data/google_planner/can-tho/Keyword Stats 2026-02-23 at 11_18_37.csv,Viết bài top-list/so sánh; map vào cluster hub; bổ sung schema + ảnh/UGC,B,82.50000000000001,0%,"19,958"
khách sạn cát phượng cần thơ,Khách sạn Cần Thơ,Lưu trú,In-scope Cần Thơ,Commercial Investigation,50,N/A,N/A,N/A,Planner (Thấp),data/google_planner/can-tho/Keyword Stats 2026-02-23 at 11_18_37.csv,Viết bài top-list/so sánh; map vào cluster hub; bổ sung schema + ảnh/UGC,B,82.50000000000001,0%,"29,865"
khách sạn có bồn tắm cần thơ,Khách sạn Cần Thơ,Lưu trú,In-scope Cần Thơ,Commercial Investigation,50,N/A,N/A,N/A,Planner (Cao),data/google_planner/can-tho/Keyword Stats 2026-02-23 at 11_18_37.csv,Viết bài top-list/so sánh; map vào cluster hub; bổ sung schema + ảnh/UGC,B,82.50000000000001,0%,"11,735"
khách sạn có hồ bơi cần thơ,Khách sạn Cần Thơ,Lưu trú,In-scope Cần Thơ,Commercial Investigation,50,N/A,N/A,N/A,Planner (Trung bình),data/google_planner/can-tho/Keyword Stats 2026-02-23 at 11_18_37.csv,Viết bài top-list/so sánh; map vào cluster hub; bổ sung schema + ảnh/UGC,B,82.50000000000001,0%,"25,399"
khách sạn công đoàn 30 cần thơ,Khách sạn Cần Thơ,Lưu trú,In-scope Cần Thơ,Commercial Investigation,50,N/A,N/A,N/A,Planner (Trung bình),data/google_planner/can-tho/Keyword Stats 2026-02-23 at 11_18_37.csv,Viết bài top-list/so sánh; map vào cluster hub; bổ sung schema + ảnh/UGC,B,82.50000000000001,0%,"13,788"
khách sạn cần thơ gần chợ nổi,Khách sạn Cần Thơ,Lưu trú,In-scope Cần Thơ,Commercial Investigation,50,N/A,N/A,N/A,Planner (Cao),data/google_planner/can-tho/Keyword Stats 2026-02-23 at 11_18_37.csv,Viết bài top-list/so sánh; map vào cluster hub; bổ sung schema + ảnh/UGC,B,82.50000000000001,0%,"22,955"
khách sạn cần thơ gần chợ đêm,Khách sạn Cần Thơ,Lưu trú,In-scope Cần Thơ,Commercial Investigation,50,N/A,N/A,N/A,Planner (Cao),data/google_planner/can-tho/Keyword Stats 2026-02-23 at 11_18_37.csv,Viết bài top-list/so sánh; map vào cluster hub; bổ sung schema + ảnh/UGC,B,82.50000000000001,0%,"10,128"
khách sạn cần thơ gần sân bay,Khách sạn Cần Thơ,Lưu trú,In-scope Cần Thơ,Commercial Investigation,50,N/A,N/A,N/A,Planner (Cao),data/google_planner/can-tho/Keyword Stats 2026-02-23 at 11_18_37.csv,Viết bài top-list/so sánh; map vào cluster hub; bổ sung schema + ảnh/UGC,B,82.50000000000001,0%,"23,329"
khách sạn cần thơ gần trung tâm,Khách sạn Cần Thơ,Lưu trú,In-scope Cần Thơ,Commercial Investigation,50,N/A,N/A,N/A,Planner (Cao),data/google_planner/can-tho/Keyword Stats 2026-02-23 at 11_18_37.csv,Viết bài top-list/so sánh; map vào cluster hub; bổ sung schema + ảnh/UGC,B,82.50000000000001,0%,"57,822"
khách sạn cần thơ đường 3 2,Khách sạn Cần Thơ,Lưu trú,In-scope Cần Thơ,Commercial Investigation,50,N/A,N/A,N/A,Planner (Cao),data/google_planner/can-tho/Keyword Stats 2026-02-23 at 11_18_37.csv,Viết bài top-list/so sánh; map vào cluster hub; bổ sung schema + ảnh/UGC,B,82.50000000000001,0%,"5,713"
khách sạn cần thơ đường 30 4,Khách sạn Cần Thơ,Lưu trú,In-scope Cần Thơ,Commercial Investigation,50,N/A,N/A,N/A,Planner (Cao),data/google_planner/can-tho/Keyword Stats 2026-02-23 at 11_18_37.csv,Viết bài top-list/so sánh; map vào cluster hub; bổ sung schema + ảnh/UGC,B,82.50000000000001,0%,"20,715"
khách sạn cần thơ đẹp,Khách sạn Cần Thơ,Lưu trú,In-scope Cần Thơ,Commercial Investigation,50,N/A,N/A,N/A,Planner (Cao),data/google_planner/can-tho/Keyword Stats 2026-02-23 at 11_18_37.csv,Viết bài top-list/so sánh; map vào cluster hub; bổ sung schema + ảnh/UGC,B,82.50000000000001,0%,"31,793"
khách sạn gia hân cần thơ,Khách sạn Cần Thơ,Lưu trú,In-scope Cần Thơ,Transaction,50,N/A,N/A,N/A,Planner (Trung bình),data/google_planner/can-tho/Keyword Stats 2026-02-23 at 11_18_37.csv,"Tạo landing chuyển đổi (giá/vé/đặt chỗ), gom vào cluster page + build backlink nội bộ",B,82.50000000000001,-90.0%,"34,375"
khách sạn gần bệnh viện phương châu cần thơ,Khách sạn Cần Thơ,Lưu trú,In-scope Cần Thơ,Commercial Investigation,50,N/A,N/A,N/A,Planner (Cao),data/google_planner/can-tho/Keyword Stats 2026-02-23 at 11_18_37.csv,Viết bài top-list/so sánh; map vào cluster hub; bổ sung schema + ảnh/UGC,B,82.50000000000001,0%,"15,071"
khách sạn gần sân vận động cần thơ,Khách sạn Cần Thơ,Lưu trú,In-scope Cần Thơ,Commercial Investigation,50,N/A,N/A,N/A,Planner (Trung bình),data/google_planner/can-tho/Keyword Stats 2026-02-23 at 11_18_37.csv,Viết bài top-list/so sánh; map vào cluster hub; bổ sung schema + ảnh/UGC,B,82.50000000000001,0%,"9,825"
khách sạn gần trung tâm cần thơ,Khách sạn Cần Thơ,Lưu trú,In-scope Cần Thơ,Commercial Investigation,50,N/A,N/A,N/A,Planner (Trung bình),data/google_planner/can-tho/Keyword Stats 2026-02-23 at 11_18_37.csv,Viết bài top-list/so sánh; map vào cluster hub; bổ sung schema + ảnh/UGC,B,82.50000000000001,0%,"98,884"
khách sạn gần trường đại học y dược cần thơ,Khách sạn Cần Thơ,Lưu trú,In-scope Cần Thơ,Commercial Investigation,50,N/A,N/A,N/A,Planner (Cao),data/google_planner/can-tho/Keyword Stats 2026-02-23 at 11_18_37.csv,Viết bài top-list/so sánh; map vào cluster hub; bổ sung schema + ảnh/UGC,B,82.50000000000001,0%,"14,543"
khách sạn gần đại học y dược cần thơ,Khách sạn Cần Thơ,Lưu trú,In-scope Cần Thơ,Commercial Investigation,50,N/A,N/A,N/A,Planner (Cao),data/google_planner/can-tho/Keyword Stats 2026-02-23 at 11_18_37.csv,Viết bài top-list/so sánh; map vào cluster hub; bổ sung schema + ảnh/UGC,B,82.50000000000001,0%,"42,936"
khách sạn hoa anh đào cần thơ,Khách sạn Cần Thơ,Lưu trú,In-scope Cần Thơ,Commercial Investigation,50,N/A,N/A,N/A,Planner (Cao),data/google_planner/can-tho/Keyword Stats 2026-02-23 at 11_18_37.csv,Viết bài top-list/so sánh; map vào cluster hub; bổ sung schema + ảnh/UGC,B,82.50000000000001,0%,"5,690"
khách sạn holiday one hotel cần thơ,Khách sạn Cần Thơ,Lưu trú,In-scope Cần Thơ,Commercial Investigation,50,N/A,N/A,N/A,Planner (Cao),data/google_planner/can-tho/Keyword Stats 2026-02-23 at 11_18_37.csv,Viết bài top-list/so sánh; map vào cluster hub; bổ sung schema + ảnh/UGC,B,82.50000000000001,0%,"9,665"
khách sạn hoàng anh cần thơ,Khách sạn Cần Thơ,Lưu trú,In-scope Cần Thơ,Commercial Investigation,50,N/A,N/A,N/A,Planner (Trung bình),data/google_planner/can-tho/Keyword Stats 2026-02-23 at 11_18_37.csv,Viết bài top-list/so sánh; map vào cluster hub; bổ sung schema + ảnh/UGC,B,82.50000000000001,0%,"31,163"
khách sạn hoàng lộc phát cần thơ,Khách sạn Cần Thơ,Lưu trú,In-scope Cần Thơ,Commercial Investigation,50,N/A,N/A,N/A,Planner (Trung bình),data/google_planner/can-tho/Keyword Stats 2026-02-23 at 11_18_37.csv,Viết bài top-list/so sánh; map vào cluster hub; bổ sung schema + ảnh/UGC,B,82.50000000000001,0%,"13,720"
khách sạn huy hoàng cần thơ,Khách sạn Cần Thơ,Lưu trú,In-scope Cần Thơ,Commercial Investigation,50,N/A,N/A,N/A,Planner (Thấp),data/google_planner/can-tho/Keyword Stats 2026-02-23 at 11_18_37.csv,Viết bài top-list/so sánh; map vào cluster hub; bổ sung schema + ảnh/UGC,B,82.50000000000001,0%,"29,967"
khách sạn hà phương cần thơ,Khách sạn Cần Thơ,Lưu trú,In-scope Cần Thơ,Commercial Investigation,50,N/A,N/A,N/A,Planner (Thấp),data/google_planner/can-tho/Keyword Stats 2026-02-23 at 11_18_37.csv,Viết bài top-list/so sánh; map vào cluster hub; bổ sung schema + ảnh/UGC,B,82.50000000000001,-90.0%,"9,933"
khách sạn hùng thi cần thơ,Khách sạn Cần Thơ,Lưu trú,In-scope Cần Thơ,Commercial Investigation,50,N/A,N/A,N/A,Planner (Trung bình),data/google_planner/can-tho/Keyword Stats 2026-02-23 at 11_18_37.csv,Viết bài top-list/so sánh; map vào cluster hub; bổ sung schema + ảnh/UGC,B,82.50000000000001,0%,"12,790"
khách sạn hưng lợi cần thơ,Khách sạn Cần Thơ,Lưu trú,In-scope Cần Thơ,Commercial Investigation,50,N/A,N/A,N/A,Planner (Thấp),data/google_planner/can-tho/Keyword Stats 2026-02-23 at 11_18_37.csv,Viết bài top-list/so sánh; map vào cluster hub; bổ sung schema + ảnh/UGC,B,82.50000000000001,-90.0%,"13,568"
khách sạn hưng phú cần thơ,Khách sạn Cần Thơ,Lưu trú,In-scope Cần Thơ,Commercial Investigation,50,N/A,N/A,N/A,Planner (Cao),data/google_planner/can-tho/Keyword Stats 2026-02-23 at 11_18_37.csv,Viết bài top-list/so sánh; map vào cluster hub; bổ sung schema + ảnh/UGC,B,82.50000000000001,-90.0%,"22,074"
khách sạn hưng thịnh cần thơ,Khách sạn Cần Thơ,Lưu trú,In-scope Cần Thơ,Commercial Investigation,50,N/A,N/A,N/A,Planner (Trung bình),data/google_planner/can-tho/Keyword Stats 2026-02-23 at 11_18_37.csv,Viết bài top-list/so sánh; map vào cluster hub; bổ sung schema + ảnh/UGC,B,82.50000000000001,0%,"7,237"
khách sạn hồng đào 2 cần thơ,Khách sạn Cần Thơ,Lưu trú,In-scope Cần Thơ,Commercial Investigation,50,N/A,N/A,N/A,Planner (Trung bình),data/google_planner/can-tho/Keyword Stats 2026-02-23 at 11_18_37.csv,Viết bài top-list/so sánh; map vào cluster hub; bổ sung schema + ảnh/UGC,B,82.50000000000001,0%,"6,490"
khách sạn kim lan ở cần thơ,Khách sạn Cần Thơ,Lưu trú,In-scope Cần Thơ,Commercial Investigation,50,N/A,N/A,N/A,Planner (Trung bình),data/google_planner/can-tho/Keyword Stats 2026-02-23 at 11_18_37.csv,Viết bài top-list/so sánh; map vào cluster hub; bổ sung schema + ảnh/UGC,B,82.50000000000001,0%,"6,873"
khách sạn kim lân cần thơ,Khách sạn Cần Thơ,Lưu trú,In-scope Cần Thơ,Commercial Investigation,50,N/A,N/A,N/A,Planner (Trung bình),data/google_planner/can-tho/Keyword Stats 2026-02-23 at 11_18_37.csv,Viết bài top-list/so sánh; map vào cluster hub; bổ sung schema + ảnh/UGC,B,82.50000000000001,0%,"13,423"
khách sạn kim ngân cần thơ,Khách sạn Cần Thơ,Lưu trú,In-scope Cần Thơ,Commercial Investigation,50,N/A,N/A,N/A,Planner (Trung bình),data/google_planner/can-tho/Keyword Stats 2026-02-23 at 11_18_37.csv,Viết bài top-list/so sánh; map vào cluster hub; bổ sung schema + ảnh/UGC,B,82.50000000000001,0%,"10,853"
khách sạn kim phụng ngân cần thơ,Khách sạn Cần Thơ,Lưu trú,In-scope Cần Thơ,Commercial Investigation,50,N/A,N/A,N/A,Planner (Thấp),data/google_planner/can-tho/Keyword Stats 2026-02-23 at 11_18_37.csv,Viết bài top-list/so sánh; map vào cluster hub; bổ sung schema + ảnh/UGC,B,82.50000000000001,0%,"9,379"
khách sạn linh cường cần thơ,Khách sạn Cần Thơ,Lưu trú,In-scope Cần Thơ,Commercial Investigation,50,N/A,N/A,N/A,Planner (Trung bình),data/google_planner/can-tho/Keyword Stats 2026-02-23 at 11_18_37.csv,Viết bài top-list/so sánh; map vào cluster hub; bổ sung schema + ảnh/UGC,B,82.50000000000001,0%,"18,519"
khách sạn linh phương 2 cần thơ,Khách sạn Cần Thơ,Lưu trú,In-scope Cần Thơ,Commercial Investigation,50,N/A,N/A,N/A,Planner (Trung bình),data/google_planner/can-tho/Keyword Stats 2026-02-23 at 11_18_37.csv,Viết bài top-list/so sánh; map vào cluster hub; bổ sung schema + ảnh/UGC,B,82.50000000000001,0%,"10,493"
khách sạn linh phương 1 cần thơ,Khách sạn Cần Thơ,Lưu trú,In-scope Cần Thơ,Commercial Investigation,50,N/A,N/A,N/A,Planner (Trung bình),data/google_planner/can-tho/Keyword Stats 2026-02-23 at 11_18_37.csv,Viết bài top-list/so sánh; map vào cluster hub; bổ sung schema + ảnh/UGC,B,82.50000000000001,0%,"13,077"
khách sạn linh phương 3 cần thơ,Khách sạn Cần Thơ,Lưu trú,In-scope Cần Thơ,Commercial Investigation,50,N/A,N/A,N/A,Planner (Cao),data/google_planner/can-tho/Keyword Stats 2026-02-23 at 11_18_37.csv,Viết bài top-list/so sánh; map vào cluster hub; bổ sung schema + ảnh/UGC,B,82.50000000000001,0%,"8,564"
khách sạn linh phương 5 cần thơ,Khách sạn Cần Thơ,Lưu trú,In-scope Cần Thơ,Commercial Investigation,50,N/A,N/A,N/A,Planner (Trung bình),data/google_planner/can-tho/Keyword Stats 2026-02-23 at 11_18_37.csv,Viết bài top-list/so sánh; map vào cluster hub; bổ sung schema + ảnh/UGC,B,82.50000000000001,0%,"13,244"
khách sạn linh phương 6 cần thơ,Khách sạn Cần Thơ,Lưu trú,In-scope Cần Thơ,Commercial Investigation,50,N/A,N/A,N/A,Planner (Cao),data/google_planner/can-tho/Keyword Stats 2026-02-23 at 11_18_37.csv,Viết bài top-list/so sánh; map vào cluster hub; bổ sung schema + ảnh/UGC,B,82.50000000000001,0%,"16,545"
khách sạn lion hotel cần thơ,Khách sạn Cần Thơ,Lưu trú,In-scope Cần Thơ,Commercial Investigation,50,N/A,N/A,N/A,Planner (Cao),data/google_planner/can-tho/Keyword Stats 2026-02-23 at 11_18_37.csv,Viết bài top-list/so sánh; map vào cluster hub; bổ sung schema + ảnh/UGC,B,82.50000000000001,0%,"15,636"
khách sạn lê my cần thơ,Khách sạn Cần Thơ,Lưu trú,In-scope Cần Thơ,Commercial Investigation,50,N/A,N/A,N/A,Planner (Cao),data/google_planner/can-tho/Keyword Stats 2026-02-23 at 11_18_37.csv,Viết bài top-list/so sánh; map vào cluster hub; bổ sung schema + ảnh/UGC,B,82.50000000000001,0%,"21,855"
khách sạn lớn nhất cần thơ,Khách sạn Cần Thơ,Lưu trú,In-scope Cần Thơ,Commercial Investigation,50,N/A,N/A,N/A,Planner (Cao),data/google_planner/can-tho/Keyword Stats 2026-02-23 at 11_18_37.csv,Viết bài top-list/so sánh; map vào cluster hub; bổ sung schema + ảnh/UGC,B,82.50000000000001,0%,"9,497"
khách sạn lớn ở cần thơ,Khách sạn Cần Thơ,Lưu trú,In-scope Cần Thơ,Commercial Investigation,50,N/A,N/A,N/A,Planner (Cao),data/google_planner/can-tho/Keyword Stats 2026-02-23 at 11_18_37.csv,Viết bài top-list/so sánh; map vào cluster hub; bổ sung schema + ảnh/UGC,B,82.50000000000001,0%,"6,351"
khách sạn madella cần thơ,Khách sạn Cần Thơ,Lưu trú,In-scope Cần Thơ,Commercial Investigation,50,N/A,N/A,N/A,Planner (Cao),data/google_planner/can-tho/Keyword Stats 2026-02-23 at 11_18_37.csv,Viết bài top-list/so sánh; map vào cluster hub; bổ sung schema + ảnh/UGC,B,82.50000000000001,0%,"25,280"
khách sạn mekong 66 cần thơ,Khách sạn Cần Thơ,Lưu trú,In-scope Cần Thơ,Commercial Investigation,50,N/A,N/A,N/A,Planner (Thấp),data/google_planner/can-tho/Keyword Stats 2026-02-23 at 11_18_37.csv,Viết bài top-list/so sánh; map vào cluster hub; bổ sung schema + ảnh/UGC,B,82.50000000000001,0%,"5,713"
khách sạn mes cần thơ,Khách sạn Cần Thơ,Lưu trú,In-scope Cần Thơ,Commercial Investigation,50,N/A,N/A,N/A,Planner (Trung bình),data/google_planner/can-tho/Keyword Stats 2026-02-23 at 11_18_37.csv,Viết bài top-list/so sánh; map vào cluster hub; bổ sung schema + ảnh/UGC,B,82.50000000000001,0%,"13,109"
khách sạn midmost cần thơ,Khách sạn Cần Thơ,Lưu trú,In-scope Cần Thơ,Commercial Investigation,50,N/A,N/A,N/A,Planner (Trung bình),data/google_planner/can-tho/Keyword Stats 2026-02-23 at 11_18_37.csv,Viết bài top-list/so sánh; map vào cluster hub; bổ sung schema + ảnh/UGC,B,82.50000000000001,0%,"16,361"
khách sạn milan cần thơ,Khách sạn Cần Thơ,Lưu trú,In-scope Cần Thơ,Commercial Investigation,50,N/A,N/A,N/A,Planner (Thấp),data/google_planner/can-tho/Keyword Stats 2026-02-23 at 11_18_37.csv,Viết bài top-list/so sánh; map vào cluster hub; bổ sung schema + ảnh/UGC,B,82.50000000000001,0%,"7,271"
khách sạn minh minh nam cần thơ,Khách sạn Cần Thơ,Lưu trú,In-scope Cần Thơ,Commercial Investigation,50,N/A,N/A,N/A,Planner (Thấp),data/google_planner/can-tho/Keyword Stats 2026-02-23 at 11_18_37.csv,Viết bài top-list/so sánh; map vào cluster hub; bổ sung schema + ảnh/UGC,B,82.50000000000001,0%,"8,906"
khách sạn monaco cần thơ,Khách sạn Cần Thơ,Lưu trú,In-scope Cần Thơ,Commercial Investigation,50,N/A,N/A,N/A,Planner (Trung bình),data/google_planner/can-tho/Keyword Stats 2026-02-23 at 11_18_37.csv,Viết bài top-list/so sánh; map vào cluster hub; bổ sung schema + ảnh/UGC,B,82.50000000000001,0%,"16,084"
khách sạn mậu thân cần thơ,Khách sạn Cần Thơ,Lưu trú,In-scope Cần Thơ,Commercial Investigation,50,N/A,N/A,N/A,Planner (Trung bình),data/google_planner/can-tho/Keyword Stats 2026-02-23 at 11_18_37.csv,Viết bài top-list/so sánh; map vào cluster hub; bổ sung schema + ảnh/UGC,B,82.50000000000001,0%,"63,427"
khách sạn mới cần thơ,Khách sạn Cần Thơ,Lưu trú,In-scope Cần Thơ,Commercial Investigation,50,N/A,N/A,N/A,Planner (Cao),data/google_planner/can-tho/Keyword Stats 2026-02-23 at 11_18_37.csv,Viết bài top-list/so sánh; map vào cluster hub; bổ sung schema + ảnh/UGC,B,82.50000000000001,0%,"32,533"
khách sạn mới xây ở cần thơ,Khách sạn Cần Thơ,Lưu trú,In-scope Cần Thơ,Commercial Investigation,50,N/A,N/A,N/A,Planner (Cao),data/google_planner/can-tho/Keyword Stats 2026-02-23 at 11_18_37.csv,Viết bài top-list/so sánh; map vào cluster hub; bổ sung schema + ảnh/UGC,B,82.50000000000001,0%,"15,401"
khách sạn mới ở cần thơ,Khách sạn Cần Thơ,Lưu trú,In-scope Cần Thơ,Commercial Investigation,50,N/A,N/A,N/A,Planner (Cao),data/google_planner/can-tho/Keyword Stats 2026-02-23 at 11_18_37.csv,Viết bài top-list/so sánh; map vào cluster hub; bổ sung schema + ảnh/UGC,B,82.50000000000001,0%,"8,815"
khách sạn mỹ kim cần thơ,Khách sạn Cần Thơ,Lưu trú,In-scope Cần Thơ,Commercial Investigation,50,N/A,N/A,N/A,Planner (Trung bình),data/google_planner/can-tho/Keyword Stats 2026-02-23 at 11_18_37.csv,Viết bài top-list/so sánh; map vào cluster hub; bổ sung schema + ảnh/UGC,B,82.50000000000001,0%,"14,025"
khách sạn nam bộ boutique cần thơ,Khách sạn Cần Thơ,Lưu trú,In-scope Cần Thơ,Commercial Investigation,50,N/A,N/A,N/A,Planner (Cao),data/google_planner/can-tho/Keyword Stats 2026-02-23 at 11_18_37.csv,Viết bài top-list/so sánh; map vào cluster hub; bổ sung schema + ảnh/UGC,B,82.50000000000001,0%,"12,206"
khách sạn nam bộ cần thơ,Khách sạn Cần Thơ,Lưu trú,In-scope Cần Thơ,Commercial Investigation,50,N/A,N/A,N/A,Planner (Cao),data/google_planner/can-tho/Keyword Stats 2026-02-23 at 11_18_37.csv,Viết bài top-list/so sánh; map vào cluster hub; bổ sung schema + ảnh/UGC,B,82.50000000000001,0%,"6,071"
khách sạn nam sông hậu cần thơ,Khách sạn Cần Thơ,Lưu trú,In-scope Cần Thơ,Commercial Investigation,50,N/A,N/A,N/A,Planner (Trung bình),data/google_planner/can-tho/Keyword Stats 2026-02-23 at 11_18_37.csv,Viết bài top-list/so sánh; map vào cluster hub; bổ sung schema + ảnh/UGC,B,82.50000000000001,0%,"8,263"
khách sạn nam đô 2 cần thơ,Khách sạn Cần Thơ,Lưu trú,In-scope Cần Thơ,Commercial Investigation,50,N/A,N/A,N/A,Planner (Cao),data/google_planner/can-tho/Keyword Stats 2026-02-23 at 11_18_37.csv,Viết bài top-list/so sánh; map vào cluster hub; bổ sung schema + ảnh/UGC,B,82.50000000000001,0%,"15,614"
khách sạn nam đô cần thơ,Khách sạn Cần Thơ,Lưu trú,In-scope Cần Thơ,Commercial Investigation,50,N/A,N/A,N/A,Planner (Trung bình),data/google_planner/can-tho/Keyword Stats 2026-02-23 at 11_18_37.csv,Viết bài top-list/so sánh; map vào cluster hub; bổ sung schema + ảnh/UGC,B,82.50000000000001,0%,"14,245"
khách sạn netstar cần thơ,Khách sạn Cần Thơ,Lưu trú,In-scope Cần Thơ,Commercial Investigation,50,N/A,N/A,N/A,Planner (Trung bình),data/google_planner/can-tho/Keyword Stats 2026-02-23 at 11_18_37.csv,Viết bài top-list/so sánh; map vào cluster hub; bổ sung schema + ảnh/UGC,B,82.50000000000001,0%,"9,402"
khách sạn nguyễn văn cừ cần thơ,Khách sạn Cần Thơ,Lưu trú,In-scope Cần Thơ,Commercial Investigation,50,N/A,N/A,N/A,Planner (Cao),data/google_planner/can-tho/Keyword Stats 2026-02-23 at 11_18_37.csv,Viết bài top-list/so sánh; map vào cluster hub; bổ sung schema + ảnh/UGC,B,82.50000000000001,0%,"61,786"
khách sạn nhà mình cần thơ,Khách sạn Cần Thơ,Lưu trú,In-scope Cần Thơ,Commercial Investigation,50,N/A,N/A,N/A,Planner (Thấp),data/google_planner/can-tho/Keyword Stats 2026-02-23 at 11_18_37.csv,Viết bài top-list/so sánh; map vào cluster hub; bổ sung schema + ảnh/UGC,B,82.50000000000001,0%,"12,381"
khách sạn number one cần thơ,Khách sạn Cần Thơ,Lưu trú,In-scope Cần Thơ,Commercial Investigation,50,N/A,N/A,N/A,Planner (Trung bình),data/google_planner/can-tho/Keyword Stats 2026-02-23 at 11_18_37.csv,Viết bài top-list/so sánh; map vào cluster hub; bổ sung schema + ảnh/UGC,B,82.50000000000001,0%,"7,791"
khách sạn nổi tiếng ở cần thơ,Khách sạn Cần Thơ,Lưu trú,In-scope Cần Thơ,Commercial Investigation,50,N/A,N/A,N/A,Planner (Cao),data/google_planner/can-tho/Keyword Stats 2026-02-23 at 11_18_37.csv,Viết bài top-list/so sánh; map vào cluster hub; bổ sung schema + ảnh/UGC,B,82.50000000000001,0%,"5,046"
khách sạn phú mỹ cần thơ,Khách sạn Cần Thơ,Lưu trú,In-scope Cần Thơ,Commercial Investigation,50,N/A,N/A,N/A,Planner (Trung bình),data/google_planner/can-tho/Keyword Stats 2026-02-23 at 11_18_37.csv,Viết bài top-list/so sánh; map vào cluster hub; bổ sung schema + ảnh/UGC,B,82.50000000000001,0%,"13,107"
khách sạn phú uy cần thơ,Khách sạn Cần Thơ,Lưu trú,In-scope Cần Thơ,Commercial Investigation,50,N/A,N/A,N/A,Planner (Thấp),data/google_planner/can-tho/Keyword Stats 2026-02-23 at 11_18_37.csv,Viết bài top-list/so sánh; map vào cluster hub; bổ sung schema + ảnh/UGC,B,82.50000000000001,0%,"6,309"
khách sạn phương linh 2 cần thơ,Khách sạn Cần Thơ,Lưu trú,In-scope Cần Thơ,Commercial Investigation,50,N/A,N/A,N/A,Planner (Trung bình),data/google_planner/can-tho/Keyword Stats 2026-02-23 at 11_18_37.csv,Viết bài top-list/so sánh; map vào cluster hub; bổ sung schema + ảnh/UGC,B,82.50000000000001,0%,"11,946"
khách sạn phương linh 3 cần thơ,Khách sạn Cần Thơ,Lưu trú,In-scope Cần Thơ,Commercial Investigation,50,N/A,N/A,N/A,Planner (Trung bình),data/google_planner/can-tho/Keyword Stats 2026-02-23 at 11_18_37.csv,Viết bài top-list/so sánh; map vào cluster hub; bổ sung schema + ảnh/UGC,B,82.50000000000001,0%,"9,552"
khách sạn phương linh cần thơ,Khách sạn Cần Thơ,Lưu trú,In-scope Cần Thơ,Commercial Investigation,50,N/A,N/A,N/A,Planner (Thấp),data/google_planner/can-tho/Keyword Stats 2026-02-23 at 11_18_37.csv,Viết bài top-list/so sánh; map vào cluster hub; bổ sung schema + ảnh/UGC,B,82.50000000000001,0%,"7,124"
khách sạn phương thuý cần thơ,Khách sạn Cần Thơ,Lưu trú,In-scope Cần Thơ,Commercial Investigation,50,N/A,N/A,N/A,Planner (Cao),data/google_planner/can-tho/Keyword Stats 2026-02-23 at 11_18_37.csv,Viết bài top-list/so sánh; map vào cluster hub; bổ sung schema + ảnh/UGC,B,82.50000000000001,0%,"11,761"
khách sạn phường cái khế cần thơ,Khách sạn Cần Thơ,Lưu trú,In-scope Cần Thơ,Commercial Investigation,50,N/A,N/A,N/A,Planner (Cao),data/google_planner/can-tho/Keyword Stats 2026-02-23 at 11_18_37.csv,Viết bài top-list/so sánh; map vào cluster hub; bổ sung schema + ảnh/UGC,B,82.50000000000001,0%,"23,677"
khách sạn queen cần thơ,Khách sạn Cần Thơ,Lưu trú,In-scope Cần Thơ,Commercial Investigation,50,N/A,N/A,N/A,Planner (Trung bình),data/google_planner/can-tho/Keyword Stats 2026-02-23 at 11_18_37.csv,Viết bài top-list/so sánh; map vào cluster hub; bổ sung schema + ảnh/UGC,B,82.50000000000001,0%,"27,059"
khách sạn rich cần thơ,Khách sạn Cần Thơ,Lưu trú,In-scope Cần Thơ,Commercial Investigation,50,N/A,N/A,N/A,Planner (Cao),data/google_planner/can-tho/Keyword Stats 2026-02-23 at 11_18_37.csv,Viết bài top-list/so sánh; map vào cluster hub; bổ sung schema + ảnh/UGC,B,82.50000000000001,0%,"20,717"
khách sạn rẻ cần thơ,Khách sạn Cần Thơ,Lưu trú,In-scope Cần Thơ,Commercial Investigation,50,N/A,N/A,N/A,Planner (Trung bình),data/google_planner/can-tho/Keyword Stats 2026-02-23 at 11_18_37.csv,Viết bài top-list/so sánh; map vào cluster hub; bổ sung schema + ảnh/UGC,B,82.50000000000001,0%,"133,849"
khách sạn senior cần thơ,Khách sạn Cần Thơ,Lưu trú,In-scope Cần Thơ,Commercial Investigation,50,N/A,N/A,N/A,Planner (Trung bình),data/google_planner/can-tho/Keyword Stats 2026-02-23 at 11_18_37.csv,Viết bài top-list/so sánh; map vào cluster hub; bổ sung schema + ảnh/UGC,B,82.50000000000001,0%,"6,798"
khách sạn song anh cần thơ,Khách sạn Cần Thơ,Lưu trú,In-scope Cần Thơ,Commercial Investigation,50,N/A,N/A,N/A,Planner (Trung bình),data/google_planner/can-tho/Keyword Stats 2026-02-23 at 11_18_37.csv,Viết bài top-list/so sánh; map vào cluster hub; bổ sung schema + ảnh/UGC,B,82.50000000000001,-90.0%,"19,477"
khách sạn spring cần thơ,Khách sạn Cần Thơ,Lưu trú,In-scope Cần Thơ,Commercial Investigation,50,N/A,N/A,N/A,Planner (Trung bình),data/google_planner/can-tho/Keyword Stats 2026-02-23 at 11_18_37.csv,Viết bài top-list/so sánh; map vào cluster hub; bổ sung schema + ảnh/UGC,B,82.50000000000001,0%,"11,167"
khách sạn sunny cần thơ,Khách sạn Cần Thơ,Lưu trú,In-scope Cần Thơ,Commercial Investigation,50,N/A,N/A,N/A,Planner (Thấp),data/google_planner/can-tho/Keyword Stats 2026-02-23 at 11_18_37.csv,Viết bài top-list/so sánh; map vào cluster hub; bổ sung schema + ảnh/UGC,B,82.50000000000001,0%,"21,695"
khách sạn sơn hà cần thơ,Khách sạn Cần Thơ,Lưu trú,In-scope Cần Thơ,Commercial Investigation,50,N/A,N/A,N/A,Planner (Thấp),data/google_planner/can-tho/Keyword Stats 2026-02-23 at 11_18_37.csv,Viết bài top-list/so sánh; map vào cluster hub; bổ sung schema + ảnh/UGC,B,82.50000000000001,0%,"11,587"
khách sạn thanh tùng cần thơ,Khách sạn Cần Thơ,Lưu trú,In-scope Cần Thơ,Commercial Investigation,50,N/A,N/A,N/A,Planner (Trung bình),data/google_planner/can-tho/Keyword Stats 2026-02-23 at 11_18_37.csv,Viết bài top-list/so sánh; map vào cluster hub; bổ sung schema + ảnh/UGC,B,82.50000000000001,0%,"12,657"
khách sạn thi thơ cần thơ,Khách sạn Cần Thơ,Lưu trú,In-scope Cần Thơ,Commercial Investigation,50,N/A,N/A,N/A,Planner (Cao),data/google_planner/can-tho/Keyword Stats 2026-02-23 at 11_18_37.csv,Viết bài top-list/so sánh; map vào cluster hub; bổ sung schema + ảnh/UGC,B,82.50000000000001,0%,"13,083"
khách sạn thu nguyễn cần thơ,Khách sạn Cần Thơ,Lưu trú,In-scope Cần Thơ,Commercial Investigation,50,N/A,N/A,N/A,Planner (Thấp),data/google_planner/can-tho/Keyword Stats 2026-02-23 at 11_18_37.csv,Viết bài top-list/so sánh; map vào cluster hub; bổ sung schema + ảnh/UGC,B,82.50000000000001,0%,"25,400"
khách sạn thành hiếu cần thơ,Khách sạn Cần Thơ,Lưu trú,In-scope Cần Thơ,Commercial Investigation,50,N/A,N/A,N/A,Planner (Thấp),data/google_planner/can-tho/Keyword Stats 2026-02-23 at 11_18_37.csv,Viết bài top-list/so sánh; map vào cluster hub; bổ sung schema + ảnh/UGC,B,82.50000000000001,0%,"6,165"
khách sạn thành đạt cần thơ,Khách sạn Cần Thơ,Lưu trú,In-scope Cần Thơ,Commercial Investigation,50,N/A,N/A,N/A,Planner (Thấp),data/google_planner/can-tho/Keyword Stats 2026-02-23 at 11_18_37.csv,Viết bài top-list/so sánh; map vào cluster hub; bổ sung schema + ảnh/UGC,B,82.50000000000001,0%,"7,466"
khách sạn thơ phan cần thơ,Khách sạn Cần Thơ,Lưu trú,In-scope Cần Thơ,Commercial Investigation,50,N/A,N/A,N/A,Planner (Trung bình),data/google_planner/can-tho/Keyword Stats 2026-02-23 at 11_18_37.csv,Viết bài top-list/so sánh; map vào cluster hub; bổ sung schema + ảnh/UGC,B,82.50000000000001,0%,"25,228"
khách sạn thốt nốt cần thơ,Khách sạn Cần Thơ,Lưu trú,In-scope Cần Thơ,Commercial Investigation,50,N/A,N/A,N/A,Planner (Cao),data/google_planner/can-tho/Keyword Stats 2026-02-23 at 11_18_37.csv,Viết bài top-list/so sánh; map vào cluster hub; bổ sung schema + ảnh/UGC,B,82.50000000000001,-90.0%,"14,634"
khách sạn tina 2 cần thơ,Khách sạn Cần Thơ,Lưu trú,In-scope Cần Thơ,Commercial Investigation,50,N/A,N/A,N/A,Planner (Trung bình),data/google_planner/can-tho/Keyword Stats 2026-02-23 at 11_18_37.csv,Viết bài top-list/so sánh; map vào cluster hub; bổ sung schema + ảnh/UGC,B,82.50000000000001,0%,"11,693"
khách sạn tina cần thơ,Khách sạn Cần Thơ,Lưu trú,In-scope Cần Thơ,Commercial Investigation,50,N/A,N/A,N/A,Planner (Trung bình),data/google_planner/can-tho/Keyword Stats 2026-02-23 at 11_18_37.csv,Viết bài top-list/so sánh; map vào cluster hub; bổ sung schema + ảnh/UGC,B,82.50000000000001,-90.0%,"27,491"
khách sạn trung tâm thành phố cần thơ,Khách sạn Cần Thơ,Lưu trú,In-scope Cần Thơ,Commercial Investigation,50,N/A,N/A,N/A,Planner (Cao),data/google_planner/can-tho/Keyword Stats 2026-02-23 at 11_18_37.csv,Viết bài top-list/so sánh; map vào cluster hub; bổ sung schema + ảnh/UGC,B,82.50000000000001,0%,"33,152"
khách sạn trên đường 30 4 cần thơ,Khách sạn Cần Thơ,Lưu trú,In-scope Cần Thơ,Commercial Investigation,50,N/A,N/A,N/A,Planner (Cao),data/google_planner/can-tho/Keyword Stats 2026-02-23 at 11_18_37.csv,Viết bài top-list/so sánh; map vào cluster hub; bổ sung schema + ảnh/UGC,B,82.50000000000001,0%,"26,695"
khách sạn trên đường nguyễn văn cừ cần thơ,Khách sạn Cần Thơ,Lưu trú,In-scope Cần Thơ,Commercial Investigation,50,N/A,N/A,N/A,Planner (Trung bình),data/google_planner/can-tho/Keyword Stats 2026-02-23 at 11_18_37.csv,Viết bài top-list/so sánh; map vào cluster hub; bổ sung schema + ảnh/UGC,B,82.50000000000001,0%,"42,823"
khách sạn ttc premium cần thơ,Khách sạn Cần Thơ,Lưu trú,In-scope Cần Thơ,Commercial Investigation,50,N/A,N/A,N/A,Planner (Cao),data/google_planner/can-tho/Keyword Stats 2026-02-23 at 11_18_37.csv,Viết bài top-list/so sánh; map vào cluster hub; bổ sung schema + ảnh/UGC,B,82.50000000000001,0%,"4,868"
khách sạn tulip cần thơ,Khách sạn Cần Thơ,Lưu trú,In-scope Cần Thơ,Commercial Investigation,50,N/A,N/A,N/A,Planner (Trung bình),data/google_planner/can-tho/Keyword Stats 2026-02-23 at 11_18_37.csv,Viết bài top-list/so sánh; map vào cluster hub; bổ sung schema + ảnh/UGC,B,82.50000000000001,0%,"8,297"
khách sạn tân lộc cần thơ,Khách sạn Cần Thơ,Lưu trú,In-scope Cần Thơ,Commercial Investigation,50,N/A,N/A,N/A,Planner (Trung bình),data/google_planner/can-tho/Keyword Stats 2026-02-23 at 11_18_37.csv,Viết bài top-list/so sánh; map vào cluster hub; bổ sung schema + ảnh/UGC,B,82.50000000000001,0%,"17,756"
khách sạn tân tây đô cần thơ,Khách sạn Cần Thơ,Lưu trú,In-scope Cần Thơ,Commercial Investigation,50,N/A,N/A,N/A,Planner (Thấp),data/google_planner/can-tho/Keyword Stats 2026-02-23 at 11_18_37.csv,Viết bài top-list/so sánh; map vào cluster hub; bổ sung schema + ảnh/UGC,B,82.50000000000001,0%,"20,516"
khách sạn tăng hà cần thơ,Khách sạn Cần Thơ,Lưu trú,In-scope Cần Thơ,Commercial Investigation,50,N/A,N/A,N/A,Planner (Trung bình),data/google_planner/can-tho/Keyword Stats 2026-02-23 at 11_18_37.csv,Viết bài top-list/so sánh; map vào cluster hub; bổ sung schema + ảnh/UGC,B,82.50000000000001,0%,"9,364"
khách sạn tại tp cần thơ,Khách sạn Cần Thơ,Lưu trú,In-scope Cần Thơ,Commercial Investigation,50,N/A,N/A,N/A,Planner (Cao),data/google_planner/can-tho/Keyword Stats 2026-02-23 at 11_18_37.csv,Viết bài top-list/so sánh; map vào cluster hub; bổ sung schema + ảnh/UGC,B,82.50000000000001,0%,"67,837"
khách sạn tốt cần thơ,Khách sạn Cần Thơ,Lưu trú,In-scope Cần Thơ,Commercial Investigation,50,N/A,N/A,N/A,Planner (Cao),data/google_planner/can-tho/Keyword Stats 2026-02-23 at 11_18_37.csv,Viết bài top-list/so sánh; map vào cluster hub; bổ sung schema + ảnh/UGC,B,82.50000000000001,0%,"27,456"
khách sạn tốt nhất cần thơ,Khách sạn Cần Thơ,Lưu trú,In-scope Cần Thơ,Commercial Investigation,50,N/A,N/A,N/A,Planner (Cao),data/google_planner/can-tho/Keyword Stats 2026-02-23 at 11_18_37.csv,Viết bài top-list/so sánh; map vào cluster hub; bổ sung schema + ảnh/UGC,B,82.50000000000001,0%,"30,009"
khách sạn view đẹp cần thơ,Khách sạn Cần Thơ,Lưu trú,In-scope Cần Thơ,Commercial Investigation,50,N/A,N/A,N/A,Planner (Cao),data/google_planner/can-tho/Keyword Stats 2026-02-23 at 11_18_37.csv,Viết bài top-list/so sánh; map vào cluster hub; bổ sung schema + ảnh/UGC,B,82.50000000000001,0%,"21,781"
khách sạn vin cần thơ,Khách sạn Cần Thơ,Lưu trú,In-scope Cần Thơ,Commercial Investigation,50,N/A,N/A,N/A,Planner (Cao),data/google_planner/can-tho/Keyword Stats 2026-02-23 at 11_18_37.csv,Viết bài top-list/so sánh; map vào cluster hub; bổ sung schema + ảnh/UGC,B,82.50000000000001,0%,"16,880"
khách sạn vàng hotel cần thơ,Khách sạn Cần Thơ,Lưu trú,In-scope Cần Thơ,Commercial Investigation,50,N/A,N/A,N/A,Planner (Trung bình),data/google_planner/can-tho/Keyword Stats 2026-02-23 at 11_18_37.csv,Viết bài top-list/so sánh; map vào cluster hub; bổ sung schema + ảnh/UGC,B,82.50000000000001,0%,"31,751"
khách sạn west hotel cần thơ,Khách sạn Cần Thơ,Lưu trú,In-scope Cần Thơ,Commercial Investigation,50,N/A,N/A,N/A,Planner (Cao),data/google_planner/can-tho/Keyword Stats 2026-02-23 at 11_18_37.csv,Viết bài top-list/so sánh; map vào cluster hub; bổ sung schema + ảnh/UGC,B,82.50000000000001,0%,"21,535"
khách sạn winter spring cần thơ,Khách sạn Cần Thơ,Lưu trú,In-scope Cần Thơ,Commercial Investigation,50,N/A,N/A,N/A,Planner (Trung bình),data/google_planner/can-tho/Keyword Stats 2026-02-23 at 11_18_37.csv,Viết bài top-list/so sánh; map vào cluster hub; bổ sung schema + ảnh/UGC,B,82.50000000000001,0%,"14,185"
khách sạn đô na cần thơ,Khách sạn Cần Thơ,Lưu trú,In-scope Cần Thơ,Commercial Investigation,50,N/A,N/A,N/A,Planner (Cao),data/google_planner/can-tho/Keyword Stats 2026-02-23 at 11_18_37.csv,Viết bài top-list/so sánh; map vào cluster hub; bổ sung schema + ảnh/UGC,B,82.50000000000001,0%,"11,799"
khách sạn đông dương cần thơ,Khách sạn Cần Thơ,Lưu trú,In-scope Cần Thơ,Commercial Investigation,50,N/A,N/A,N/A,Planner (Trung bình),data/google_planner/can-tho/Keyword Stats 2026-02-23 at 11_18_37.csv,Viết bài top-list/so sánh; map vào cluster hub; bổ sung schema + ảnh/UGC,B,82.50000000000001,0%,"14,682"
khách sạn đông hà fortuneland cần thơ,Khách sạn Cần Thơ,Lưu trú,In-scope Cần Thơ,Commercial Investigation,50,N/A,N/A,N/A,Planner (Trung bình),data/google_planner/can-tho/Keyword Stats 2026-02-23 at 11_18_37.csv,Viết bài top-list/so sánh; map vào cluster hub; bổ sung schema + ảnh/UGC,B,82.50000000000001,0%,"9,153"
khách sạn đăng khoa cần thơ,Khách sạn Cần Thơ,Lưu trú,In-scope Cần Thơ,Commercial Investigation,50,N/A,N/A,N/A,Planner (Trung bình),data/google_planner/can-tho/Keyword Stats 2026-02-23 at 11_18_37.csv,Viết bài top-list/so sánh; map vào cluster hub; bổ sung schema + ảnh/UGC,B,82.50000000000001,-90.0%,"17,376"
khách sạn đường cách mạng tháng 8 cần thơ,Khách sạn Cần Thơ,Lưu trú,In-scope Cần Thơ,Commercial Investigation,50,N/A,N/A,N/A,Planner (Trung bình),data/google_planner/can-tho/Keyword Stats 2026-02-23 at 11_18_37.csv,Viết bài top-list/so sánh; map vào cluster hub; bổ sung schema + ảnh/UGC,B,82.50000000000001,0%,"24,937"
khách sạn đường hai bà trưng cần thơ,Khách sạn Cần Thơ,Lưu trú,In-scope Cần Thơ,Commercial Investigation,50,N/A,N/A,N/A,Planner (Cao),data/google_planner/can-tho/Keyword Stats 2026-02-23 at 11_18_37.csv,Viết bài top-list/so sánh; map vào cluster hub; bổ sung schema + ảnh/UGC,B,82.50000000000001,0%,"13,092"
khách sạn đường lê lợi cần thơ,Khách sạn Cần Thơ,Lưu trú,In-scope Cần Thơ,Commercial Investigation,50,N/A,N/A,N/A,Planner (Trung bình),data/google_planner/can-tho/Keyword Stats 2026-02-23 at 11_18_37.csv,Viết bài top-list/so sánh; map vào cluster hub; bổ sung schema + ảnh/UGC,B,82.50000000000001,0%,"49,877"
khách sạn đường lý tự trọng cần thơ,Khách sạn Cần Thơ,Lưu trú,In-scope Cần Thơ,Commercial Investigation,50,N/A,N/A,N/A,Planner (Cao),data/google_planner/can-tho/Keyword Stats 2026-02-23 at 11_18_37.csv,Viết bài top-list/so sánh; map vào cluster hub; bổ sung schema + ảnh/UGC,B,82.50000000000001,0%,"47,541"
khách sạn đường mậu thân cần thơ,Khách sạn Cần Thơ,Lưu trú,In-scope Cần Thơ,Commercial Investigation,50,N/A,N/A,N/A,Planner (Trung bình),data/google_planner/can-tho/Keyword Stats 2026-02-23 at 11_18_37.csv,Viết bài top-list/so sánh; map vào cluster hub; bổ sung schema + ảnh/UGC,B,82.50000000000001,-90.0%,"12,476"
khách sạn đường nguyễn an ninh cần thơ,Khách sạn Cần Thơ,Lưu trú,In-scope Cần Thơ,Commercial Investigation,50,N/A,N/A,N/A,Planner (Cao),data/google_planner/can-tho/Keyword Stats 2026-02-23 at 11_18_37.csv,Viết bài top-list/so sánh; map vào cluster hub; bổ sung schema + ảnh/UGC,B,82.50000000000001,0%,"30,325"
khách sạn đường nguyễn trãi cần thơ,Khách sạn Cần Thơ,Lưu trú,In-scope Cần Thơ,Commercial Investigation,50,N/A,N/A,N/A,Planner (Cao),data/google_planner/can-tho/Keyword Stats 2026-02-23 at 11_18_37.csv,Viết bài top-list/so sánh; map vào cluster hub; bổ sung schema + ảnh/UGC,B,82.50000000000001,0%,"51,196"
khách sạn đường nguyễn văn cừ cần thơ,Khách sạn Cần Thơ,Lưu trú,In-scope Cần Thơ,Commercial Investigation,50,N/A,N/A,N/A,Planner (Trung bình),data/google_planner/can-tho/Keyword Stats 2026-02-23 at 11_18_37.csv,Viết bài top-list/so sánh; map vào cluster hub; bổ sung schema + ảnh/UGC,B,82.50000000000001,0%,"51,860"
khách sạn đường nguyễn văn cừ nối dài cần thơ,Khách sạn Cần Thơ,Lưu trú,In-scope Cần Thơ,Commercial Investigation,50,N/A,N/A,N/A,Planner (Trung bình),data/google_planner/can-tho/Keyword Stats 2026-02-23 at 11_18_37.csv,Viết bài top-list/so sánh; map vào cluster hub; bổ sung schema + ảnh/UGC,B,82.50000000000001,0%,"9,639"
khách sạn đường nguyễn văn linh cần thơ,Khách sạn Cần Thơ,Lưu trú,In-scope Cần Thơ,Commercial Investigation,50,N/A,N/A,N/A,Planner (Trung bình),data/google_planner/can-tho/Keyword Stats 2026-02-23 at 11_18_37.csv,Viết bài top-list/so sánh; map vào cluster hub; bổ sung schema + ảnh/UGC,B,82.50000000000001,0%,"126,386"
khách sạn đường nguyễn đệ cần thơ,Khách sạn Cần Thơ,Lưu trú,In-scope Cần Thơ,Commercial Investigation,50,N/A,N/A,N/A,Planner (Trung bình),data/google_planner/can-tho/Keyword Stats 2026-02-23 at 11_18_37.csv,Viết bài top-list/so sánh; map vào cluster hub; bổ sung schema + ảnh/UGC,B,82.50000000000001,0%,"27,346"
khách sạn đường võ văn kiệt cần thơ,Khách sạn Cần Thơ,Lưu trú,In-scope Cần Thơ,Commercial Investigation,50,N/A,N/A,N/A,Planner (Trung bình),data/google_planner/can-tho/Keyword Stats 2026-02-23 at 11_18_37.csv,Viết bài top-list/so sánh; map vào cluster hub; bổ sung schema + ảnh/UGC,B,82.50000000000001,0%,"52,740"
khách sạn đại nam cần thơ,Khách sạn Cần Thơ,Lưu trú,In-scope Cần Thơ,Commercial Investigation,50,N/A,N/A,N/A,Planner (Thấp),data/google_planner/can-tho/Keyword Stats 2026-02-23 at 11_18_37.csv,Viết bài top-list/so sánh; map vào cluster hub; bổ sung schema + ảnh/UGC,B,82.50000000000001,0%,"10,592"
khách sạn đẹp nhất cần thơ,Khách sạn Cần Thơ,Lưu trú,In-scope Cần Thơ,Commercial Investigation,50,N/A,N/A,N/A,Planner (Cao),data/google_planner/can-tho/Keyword Stats 2026-02-23 at 11_18_37.csv,Viết bài top-list/so sánh; map vào cluster hub; bổ sung schema + ảnh/UGC,B,82.50000000000001,0%,"20,193"
khách sạn đẹp tại cần thơ,Khách sạn Cần Thơ,Lưu trú,In-scope Cần Thơ,Commercial Investigation,50,N/A,N/A,N/A,Planner (Cao),data/google_planner/can-tho/Keyword Stats 2026-02-23 at 11_18_37.csv,Viết bài top-list/so sánh; map vào cluster hub; bổ sung schema + ảnh/UGC,B,82.50000000000001,0%,"15,522"
khách sạn ở cần thơ có hồ bơi,Khách sạn Cần Thơ,Lưu trú,In-scope Cần Thơ,Commercial Investigation,50,N/A,N/A,N/A,Planner (Cao),data/google_planner/can-tho/Keyword Stats 2026-02-23 at 11_18_37.csv,Viết bài top-list/so sánh; map vào cluster hub; bổ sung schema + ảnh/UGC,B,82.50000000000001,0%,"47,188"
khách sạn ở cần thơ đẹp,Khách sạn Cần Thơ,Lưu trú,In-scope Cần Thơ,Commercial Investigation,50,N/A,N/A,N/A,Planner (Cao),data/google_planner/can-tho/Keyword Stats 2026-02-23 at 11_18_37.csv,Viết bài top-list/so sánh; map vào cluster hub; bổ sung schema + ảnh/UGC,B,82.50000000000001,0%,"30,125"
khách sạn ở trung tâm cần thơ,Khách sạn Cần Thơ,Lưu trú,In-scope Cần Thơ,Commercial Investigation,50,N/A,N/A,N/A,Planner (Cao),data/google_planner/can-tho/Keyword Stats 2026-02-23 at 11_18_37.csv,Viết bài top-list/so sánh; map vào cluster hub; bổ sung schema + ảnh/UGC,B,82.50000000000001,0%,"28,694"
khách sạn ở trung tâm thành phố cần thơ,Khách sạn Cần Thơ,Lưu trú,In-scope Cần Thơ,Commercial Investigation,50,N/A,N/A,N/A,Planner (Cao),data/google_planner/can-tho/Keyword Stats 2026-02-23 at 11_18_37.csv,Viết bài top-list/so sánh; map vào cluster hub; bổ sung schema + ảnh/UGC,B,82.50000000000001,0%,"42,271"
kim thơ hotel cần thơ,Khách sạn Cần Thơ,Lưu trú,In-scope Cần Thơ,Commercial Investigation,50,N/A,N/A,N/A,Planner (Trung bình),data/google_planner/can-tho/Keyword Stats 2026-02-23 at 11_18_37.csv,Viết bài top-list/so sánh; map vào cluster hub; bổ sung schema + ảnh/UGC,B,82.50000000000001,0%,"17,817"
lee hotel cần thơ,Khách sạn Cần Thơ,Lưu trú,In-scope Cần Thơ,Commercial Investigation,50,N/A,N/A,N/A,Planner (Trung bình),data/google_planner/can-tho/Keyword Stats 2026-02-23 at 11_18_37.csv,Viết bài top-list/so sánh; map vào cluster hub; bổ sung schema + ảnh/UGC,B,82.50000000000001,-90.0%,"10,388"
linh phương 2 hotel cần thơ,Khách sạn Cần Thơ,Lưu trú,In-scope Cần Thơ,Commercial Investigation,50,N/A,N/A,N/A,Planner (Cao),data/google_planner/can-tho/Keyword Stats 2026-02-23 at 11_18_37.csv,Viết bài top-list/so sánh; map vào cluster hub; bổ sung schema + ảnh/UGC,B,82.50000000000001,0%,"27,303"
lion 7 hotel cần thơ,Khách sạn Cần Thơ,Lưu trú,In-scope Cần Thơ,Commercial Investigation,50,N/A,N/A,N/A,Planner (Trung bình),data/google_planner/can-tho/Keyword Stats 2026-02-23 at 11_18_37.csv,Viết bài top-list/so sánh; map vào cluster hub; bổ sung schema + ảnh/UGC,B,82.50000000000001,0%,"17,140"
lion hotel 3 cần thơ,Khách sạn Cần Thơ,Lưu trú,In-scope Cần Thơ,Commercial Investigation,50,N/A,N/A,N/A,Planner (Cao),data/google_planner/can-tho/Keyword Stats 2026-02-23 at 11_18_37.csv,Viết bài top-list/so sánh; map vào cluster hub; bổ sung schema + ảnh/UGC,B,82.50000000000001,0%,"7,791"
madella hotel cần thơ,Khách sạn Cần Thơ,Lưu trú,In-scope Cần Thơ,Commercial Investigation,50,N/A,N/A,N/A,Planner (Cao),data/google_planner/can-tho/Keyword Stats 2026-02-23 at 11_18_37.csv,Viết bài top-list/so sánh; map vào cluster hub; bổ sung schema + ảnh/UGC,B,82.50000000000001,-90.0%,"24,077"
nesta cần thơ hotel,Khách sạn Cần Thơ,Lưu trú,In-scope Cần Thơ,Commercial Investigation,50,N/A,N/A,N/A,Planner (Trung bình),data/google_planner/can-tho/Keyword Stats 2026-02-23 at 11_18_37.csv,Viết bài top-list/so sánh; map vào cluster hub; bổ sung schema + ảnh/UGC,B,82.50000000000001,-90.0%,"9,565"
phương nga hotel cần thơ,Khách sạn Cần Thơ,Lưu trú,In-scope Cần Thơ,Commercial Investigation,50,N/A,N/A,N/A,Planner (Thấp),data/google_planner/can-tho/Keyword Stats 2026-02-23 at 11_18_37.csv,Viết bài top-list/so sánh; map vào cluster hub; bổ sung schema + ảnh/UGC,B,82.50000000000001,0%,"28,736"
phòng khách sạn cần thơ,Khách sạn Cần Thơ,Lưu trú,In-scope Cần Thơ,Commercial Investigation,50,N/A,N/A,N/A,Planner (Cao),data/google_planner/can-tho/Keyword Stats 2026-02-23 at 11_18_37.csv,Viết bài top-list/so sánh; map vào cluster hub; bổ sung schema + ảnh/UGC,B,82.50000000000001,0%,"40,319"
phương thuý hotel cần thơ,Khách sạn Cần Thơ,Lưu trú,In-scope Cần Thơ,Commercial Investigation,50,N/A,N/A,N/A,Planner (Trung bình),data/google_planner/can-tho/Keyword Stats 2026-02-23 at 11_18_37.csv,Viết bài top-list/so sánh; map vào cluster hub; bổ sung schema + ảnh/UGC,B,82.50000000000001,0%,"14,165"
pink hotel cần thơ,Khách sạn Cần Thơ,Lưu trú,In-scope Cần Thơ,Commercial Investigation,50,N/A,N/A,N/A,Planner (Trung bình),data/google_planner/can-tho/Keyword Stats 2026-02-23 at 11_18_37.csv,Viết bài top-list/so sánh; map vào cluster hub; bổ sung schema + ảnh/UGC,B,82.50000000000001,0%,"17,140"
resort cần thơ azerai,Khách sạn Cần Thơ,Lưu trú,In-scope Cần Thơ,Commercial Investigation,50,N/A,N/A,N/A,Planner (Cao),data/google_planner/can-tho/Keyword Stats 2026-02-23 at 11_18_37.csv,Viết bài top-list/so sánh; map vào cluster hub; bổ sung schema + ảnh/UGC,B,82.50000000000001,0%,"10,128"
resort cần thơ cồn khương,Khách sạn Cần Thơ,Lưu trú,In-scope Cần Thơ,Commercial Investigation,50,N/A,N/A,N/A,Planner (Cao),data/google_planner/can-tho/Keyword Stats 2026-02-23 at 11_18_37.csv,Viết bài top-list/so sánh; map vào cluster hub; bổ sung schema + ảnh/UGC,B,82.50000000000001,0%,"6,810"
resort cần thơ đẹp,Khách sạn Cần Thơ,Lưu trú,In-scope Cần Thơ,Commercial Investigation,50,N/A,N/A,N/A,Planner (Cao),data/google_planner/can-tho/Keyword Stats 2026-02-23 at 11_18_37.csv,Viết bài top-list/so sánh; map vào cluster hub; bổ sung schema + ảnh/UGC,B,82.50000000000001,0%,"6,311"
resort mỹ khánh cần thơ,Khách sạn Cần Thơ,Lưu trú,In-scope Cần Thơ,Commercial Investigation,50,N/A,N/A,N/A,Planner (Trung bình),data/google_planner/can-tho/Keyword Stats 2026-02-23 at 11_18_37.csv,Viết bài top-list/so sánh; map vào cluster hub; bổ sung schema + ảnh/UGC,B,82.50000000000001,0%,"8,843"
resort thành đạt cần thơ,Khách sạn Cần Thơ,Lưu trú,In-scope Cần Thơ,Commercial Investigation,50,N/A,N/A,N/A,Planner (Thấp),data/google_planner/can-tho/Keyword Stats 2026-02-23 at 11_18_37.csv,Viết bài top-list/so sánh; map vào cluster hub; bổ sung schema + ảnh/UGC,B,82.50000000000001,0%,"9,089"
resort tại cần thơ,Khách sạn Cần Thơ,Lưu trú,In-scope Cần Thơ,Commercial Investigation,50,N/A,N/A,N/A,Planner (Cao),data/google_planner/can-tho/Keyword Stats 2026-02-23 at 11_18_37.csv,Viết bài top-list/so sánh; map vào cluster hub; bổ sung schema + ảnh/UGC,B,82.50000000000001,0%,"10,263"
resort đẹp cần thơ,Khách sạn Cần Thơ,Lưu trú,In-scope Cần Thơ,Commercial Investigation,50,N/A,N/A,N/A,Planner (Cao),data/google_planner/can-tho/Keyword Stats 2026-02-23 at 11_18_37.csv,Viết bài top-list/so sánh; map vào cluster hub; bổ sung schema + ảnh/UGC,B,82.50000000000001,0%,"11,004"
resort đẹp nhất cần thơ,Khách sạn Cần Thơ,Lưu trú,In-scope Cần Thơ,Commercial Investigation,50,N/A,N/A,N/A,Planner (Cao),data/google_planner/can-tho/Keyword Stats 2026-02-23 at 11_18_37.csv,Viết bài top-list/so sánh; map vào cluster hub; bổ sung schema + ảnh/UGC,B,82.50000000000001,0%,"6,373"
resort đẹp ở cần thơ,Khách sạn Cần Thơ,Lưu trú,In-scope Cần Thơ,Commercial Investigation,50,N/A,N/A,N/A,Planner (Cao),data/google_planner/can-tho/Keyword Stats 2026-02-23 at 11_18_37.csv,Viết bài top-list/so sánh; map vào cluster hub; bổ sung schema + ảnh/UGC,B,82.50000000000001,0%,"12,079"
ruby hotel cần thơ,Khách sạn Cần Thơ,Lưu trú,In-scope Cần Thơ,Commercial Investigation,50,N/A,N/A,N/A,Planner (Trung bình),data/google_planner/can-tho/Keyword Stats 2026-02-23 at 11_18_37.csv,Viết bài top-list/so sánh; map vào cluster hub; bổ sung schema + ảnh/UGC,B,82.50000000000001,0%,"10,075"
sheraton hotel cần thơ,Khách sạn Cần Thơ,Lưu trú,In-scope Cần Thơ,Commercial Investigation,50,N/A,N/A,N/A,Planner (Trung bình),data/google_planner/can-tho/Keyword Stats 2026-02-23 at 11_18_37.csv,Viết bài top-list/so sánh; map vào cluster hub; bổ sung schema + ảnh/UGC,B,82.50000000000001,0%,"7,837"
song anh hotel cần thơ,Khách sạn Cần Thơ,Lưu trú,In-scope Cần Thơ,Commercial Investigation,50,N/A,N/A,N/A,Planner (Trung bình),data/google_planner/can-tho/Keyword Stats 2026-02-23 at 11_18_37.csv,Viết bài top-list/so sánh; map vào cluster hub; bổ sung schema + ảnh/UGC,B,82.50000000000001,0%,"17,709"
spring hotel cần thơ,Khách sạn Cần Thơ,Lưu trú,In-scope Cần Thơ,Commercial Investigation,50,N/A,N/A,N/A,Planner (Thấp),data/google_planner/can-tho/Keyword Stats 2026-02-23 at 11_18_37.csv,Viết bài top-list/so sánh; map vào cluster hub; bổ sung schema + ảnh/UGC,B,82.50000000000001,0%,"22,074"
số điện thoại resort cồn khương cần thơ,Khách sạn Cần Thơ,Lưu trú,In-scope Cần Thơ,Commercial Investigation,50,N/A,N/A,N/A,Planner (Trung bình),data/google_planner/can-tho/Keyword Stats 2026-02-23 at 11_18_37.csv,Viết bài top-list/so sánh; map vào cluster hub; bổ sung schema + ảnh/UGC,B,82.50000000000001,0%,"13,959"
thuê khách sạn cần thơ,Khách sạn Cần Thơ,Lưu trú,In-scope Cần Thơ,Transaction,50,N/A,N/A,N/A,Planner (Cao),data/google_planner/can-tho/Keyword Stats 2026-02-23 at 11_18_37.csv,"Tạo landing chuyển đổi (giá/vé/đặt chỗ), gom vào cluster page + build backlink nội bộ",B,82.50000000000001,0%,"69,069"
thuê khách sạn ở cần thơ,Khách sạn Cần Thơ,Lưu trú,In-scope Cần Thơ,Transaction,50,N/A,N/A,N/A,Planner (Cao),data/google_planner/can-tho/Keyword Stats 2026-02-23 at 11_18_37.csv,"Tạo landing chuyển đổi (giá/vé/đặt chỗ), gom vào cluster page + build backlink nội bộ",B,82.50000000000001,0%,"127,573"
thuê villa cần thơ,Khách sạn Cần Thơ,Lưu trú,In-scope Cần Thơ,Transaction,50,N/A,N/A,N/A,Planner (Trung bình),data/google_planner/can-tho/Keyword Stats 2026-02-23 at 11_18_37.csv,"Tạo landing chuyển đổi (giá/vé/đặt chỗ), gom vào cluster page + build backlink nội bộ",B,82.50000000000001,0%,"16,420"
thành đạt resort cần thơ,Khách sạn Cần Thơ,Lưu trú,In-scope Cần Thơ,Commercial Investigation,50,N/A,N/A,N/A,Planner (Thấp),data/google_planner/can-tho/Keyword Stats 2026-02-23 at 11_18_37.csv,Viết bài top-list/so sánh; map vào cluster hub; bổ sung schema + ảnh/UGC,B,82.50000000000001,0%,"10,209"
tina 2 hotel cần thơ,Khách sạn Cần Thơ,Lưu trú,In-scope Cần Thơ,Commercial Investigation,50,N/A,N/A,N/A,Planner (Trung bình),data/google_planner/can-tho/Keyword Stats 2026-02-23 at 11_18_37.csv,Viết bài top-list/so sánh; map vào cluster hub; bổ sung schema + ảnh/UGC,B,82.50000000000001,0%,"9,698"
top khách sạn cần thơ,Khách sạn Cần Thơ,Lưu trú,In-scope Cần Thơ,Commercial Investigation,50,N/A,N/A,N/A,Planner (Cao),data/google_planner/can-tho/Keyword Stats 2026-02-23 at 11_18_37.csv,Viết bài top-list/so sánh; map vào cluster hub; bổ sung schema + ảnh/UGC,B,82.50000000000001,0%,"17,151"
ttc khách sạn cần thơ,Khách sạn Cần Thơ,Lưu trú,In-scope Cần Thơ,Commercial Investigation,50,N/A,N/A,N/A,Planner (Cao),data/google_planner/can-tho/Keyword Stats 2026-02-23 at 11_18_37.csv,Viết bài top-list/so sánh; map vào cluster hub; bổ sung schema + ảnh/UGC,B,82.50000000000001,0%,"11,439"
tulip hotel cần thơ,Khách sạn Cần Thơ,Lưu trú,In-scope Cần Thơ,Commercial Investigation,50,N/A,N/A,N/A,Planner (Cao),data/google_planner/can-tho/Keyword Stats 2026-02-23 at 11_18_37.csv,Viết bài top-list/so sánh; map vào cluster hub; bổ sung schema + ảnh/UGC,B,82.50000000000001,0%,"13,182"
tây hồ hotel cần thơ,Khách sạn Cần Thơ,Lưu trú,In-scope Cần Thơ,Commercial Investigation,50,N/A,N/A,N/A,Planner (Thấp),data/google_planner/can-tho/Keyword Stats 2026-02-23 at 11_18_37.csv,Viết bài top-list/so sánh; map vào cluster hub; bổ sung schema + ảnh/UGC,B,82.50000000000001,0%,"10,019"
vàng hotel cần thơ,Khách sạn Cần Thơ,Lưu trú,In-scope Cần Thơ,Commercial Investigation,50,N/A,N/A,N/A,Planner (Trung bình),data/google_planner/can-tho/Keyword Stats 2026-02-23 at 11_18_37.csv,Viết bài top-list/so sánh; map vào cluster hub; bổ sung schema + ảnh/UGC,B,82.50000000000001,0%,"13,656"
villa ở cần thơ,Khách sạn Cần Thơ,Lưu trú,In-scope Cần Thơ,Commercial Investigation,50,N/A,N/A,N/A,Planner (Trung bình),data/google_planner/can-tho/Keyword Stats 2026-02-23 at 11_18_37.csv,Viết bài top-list/so sánh; map vào cluster hub; bổ sung schema + ảnh/UGC,B,82.50000000000001,0%,"22,034"
vạn phát riverside hotel cần thơ,Khách sạn Cần Thơ,Lưu trú,In-scope Cần Thơ,Commercial Investigation,50,N/A,N/A,N/A,Planner (Thấp),data/google_planner/can-tho/Keyword Stats 2026-02-23 at 11_18_37.csv,Viết bài top-list/so sánh; map vào cluster hub; bổ sung schema + ảnh/UGC,B,82.50000000000001,0%,"14,961"
đi cần thơ nên ở khách sạn nào,Khách sạn Cần Thơ,Lưu trú,In-scope Cần Thơ,Commercial Investigation,50,N/A,N/A,N/A,Planner (Cao),data/google_planner/can-tho/Keyword Stats 2026-02-23 at 11_18_37.csv,Viết bài top-list/so sánh; map vào cluster hub; bổ sung schema + ảnh/UGC,B,82.50000000000001,0%,"41,968"
đặt phòng khách sạn tại cần thơ,Khách sạn Cần Thơ,Lưu trú,In-scope Cần Thơ,Commercial Investigation,50,N/A,N/A,N/A,Planner (Cao),data/google_planner/can-tho/Keyword Stats 2026-02-23 at 11_18_37.csv,Viết bài top-list/so sánh; map vào cluster hub; bổ sung schema + ảnh/UGC,B,82.50000000000001,0%,"127,414"
khach san can tho gia re,Khách sạn Cần Thơ,Lưu trú,In-scope Cần Thơ,Transaction,50,N/A,N/A,N/A,Planner (Trung bình),data/google_planner/can-tho/Keyword Stats 2026-02-23 at 11_18_37.csv,"Tạo landing chuyển đổi (giá/vé/đặt chỗ), gom vào cluster page + build backlink nội bộ",B,75.0,0%,0
khách sạn iris can tho,Khách sạn Cần Thơ,Lưu trú,In-scope Cần Thơ,Commercial Investigation,50,N/A,N/A,N/A,Planner (Trung bình),data/google_planner/can-tho/Keyword Stats 2026-02-23 at 11_18_37.csv,Viết bài top-list/so sánh; map vào cluster hub; bổ sung schema + ảnh/UGC,B,75.0,0%,0
khách sạn kim tho cần thơ,Khách sạn Cần Thơ,Lưu trú,In-scope Cần Thơ,Commercial Investigation,50,N/A,N/A,N/A,Planner (Cao),data/google_planner/can-tho/Keyword Stats 2026-02-23 at 11_18_37.csv,Viết bài top-list/so sánh; map vào cluster hub; bổ sung schema + ảnh/UGC,B,75.0,0%,0
khach san aura can tho,Khách sạn Cần Thơ,Lưu trú,In-scope Cần Thơ,Commercial Investigation,50,N/A,N/A,N/A,Planner (Không xác định),data/google_planner/can-tho/Keyword Stats 2026-02-23 at 11_18_37.csv,Viết bài top-list/so sánh; map vào cluster hub; bổ sung schema + ảnh/UGC,B,75.0,-100.0%,0
khach san thanh pho can tho,Khách sạn Cần Thơ,Lưu trú,In-scope Cần Thơ,Commercial Investigation,50,N/A,N/A,N/A,Planner (Cao),data/google_planner/can-tho/Keyword Stats 2026-02-23 at 11_18_37.csv,Viết bài top-list/so sánh; map vào cluster hub; bổ sung schema + ảnh/UGC,B,75.0,0%,0
khach san can tho 3 sao,Khách sạn Cần Thơ,Lưu trú,In-scope Cần Thơ,Commercial Investigation,50,N/A,N/A,N/A,Planner (Cao),data/google_planner/can-tho/Keyword Stats 2026-02-23 at 11_18_37.csv,Viết bài top-list/so sánh; map vào cluster hub; bổ sung schema + ảnh/UGC,B,75.0,0%,0
khach san holiday one can tho,Khách sạn Cần Thơ,Lưu trú,In-scope Cần Thơ,Commercial Investigation,50,N/A,N/A,N/A,Planner (Trung bình),data/google_planner/can-tho/Keyword Stats 2026-02-23 at 11_18_37.csv,Viết bài top-list/so sánh; map vào cluster hub; bổ sung schema + ảnh/UGC,B,75.0,0%,0
resort azerai can tho,Khách sạn Cần Thơ,Lưu trú,In-scope Cần Thơ,Commercial Investigation,50,N/A,N/A,N/A,Planner (Cao),data/google_planner/can-tho/Keyword Stats 2026-02-23 at 11_18_37.csv,Viết bài top-list/so sánh; map vào cluster hub; bổ sung schema + ảnh/UGC,B,75.0,0%,0
khach san tp can tho,Khách sạn Cần Thơ,Lưu trú,In-scope Cần Thơ,Commercial Investigation,50,N/A,N/A,N/A,Planner (Thấp),data/google_planner/can-tho/Keyword Stats 2026-02-23 at 11_18_37.csv,Viết bài top-list/so sánh; map vào cluster hub; bổ sung schema + ảnh/UGC,B,75.0,0%,0
khách sạn lan vy cần thơ,Khách sạn Cần Thơ,Lưu trú,In-scope Cần Thơ,Commercial Investigation,50,N/A,N/A,N/A,Planner (Thấp),data/google_planner/can-tho/Keyword Stats 2026-02-23 at 11_18_37.csv,Viết bài top-list/so sánh; map vào cluster hub; bổ sung schema + ảnh/UGC,B,75.0,0%,0
khach san trung tam can tho,Khách sạn Cần Thơ,Lưu trú,In-scope Cần Thơ,Commercial Investigation,50,N/A,N/A,N/A,Planner (Cao),data/google_planner/can-tho/Keyword Stats 2026-02-23 at 11_18_37.csv,Viết bài top-list/so sánh; map vào cluster hub; bổ sung schema + ảnh/UGC,B,75.0,0%,0
vien hotel cần thơ,Khách sạn Cần Thơ,Lưu trú,In-scope Cần Thơ,Commercial Investigation,50,N/A,N/A,N/A,Planner (Thấp),data/google_planner/can-tho/Keyword Stats 2026-02-23 at 11_18_37.csv,Viết bài top-list/so sánh; map vào cluster hub; bổ sung schema + ảnh/UGC,B,75.0,0%,0
cac khach san o can tho,Khách sạn Cần Thơ,Lưu trú,In-scope Cần Thơ,Commercial Investigation,50,N/A,N/A,N/A,Planner (Cao),data/google_planner/can-tho/Keyword Stats 2026-02-23 at 11_18_37.csv,Viết bài top-list/so sánh; map vào cluster hub; bổ sung schema + ảnh/UGC,B,75.0,0%,0
khách sạn công đoàn cân thơ,Khách sạn Cần Thơ,Lưu trú,In-scope Cần Thơ,Commercial Investigation,50,N/A,N/A,N/A,Planner (Cao),data/google_planner/can-tho/Keyword Stats 2026-02-23 at 11_18_37.csv,Viết bài top-list/so sánh; map vào cluster hub; bổ sung schema + ảnh/UGC,B,75.0,0%,0
khach san international can tho,Khách sạn Cần Thơ,Lưu trú,In-scope Cần Thơ,Commercial Investigation,50,N/A,N/A,N/A,Planner (Cao),data/google_planner/can-tho/Keyword Stats 2026-02-23 at 11_18_37.csv,Viết bài top-list/so sánh; map vào cluster hub; bổ sung schema + ảnh/UGC,B,75.0,0%,0
khach san gia re o can tho,Khách sạn Cần Thơ,Lưu trú,In-scope Cần Thơ,Transaction,50,N/A,N/A,N/A,Planner (Cao),data/google_planner/can-tho/Keyword Stats 2026-02-23 at 11_18_37.csv,"Tạo landing chuyển đổi (giá/vé/đặt chỗ), gom vào cluster page + build backlink nội bộ",B,75.0,0%,0
khach san co ho boi o can tho,Khách sạn Cần Thơ,Lưu trú,In-scope Cần Thơ,Commercial Investigation,50,N/A,N/A,N/A,Planner (Không xác định),data/google_planner/can-tho/Keyword Stats 2026-02-23 at 11_18_37.csv,Viết bài top-list/so sánh; map vào cluster hub; bổ sung schema + ảnh/UGC,B,75.0,-100.0%,0
khach san lavender can tho,Khách sạn Cần Thơ,Lưu trú,In-scope Cần Thơ,Commercial Investigation,50,N/A,N/A,N/A,Planner (Cao),data/google_planner/can-tho/Keyword Stats 2026-02-23 at 11_18_37.csv,Viết bài top-list/so sánh; map vào cluster hub; bổ sung schema + ảnh/UGC,B,75.0,0%,0
gia khach san can tho,Khách sạn Cần Thơ,Lưu trú,In-scope Cần Thơ,Transaction,50,N/A,N/A,N/A,Planner (Không xác định),data/google_planner/can-tho/Keyword Stats 2026-02-23 at 11_18_37.csv,"Tạo landing chuyển đổi (giá/vé/đặt chỗ), gom vào cluster page + build backlink nội bộ",B,75.0,-100.0%,0
khach san mekong can tho,Khách sạn Cần Thơ,Lưu trú,In-scope Cần Thơ,Commercial Investigation,50,N/A,N/A,N/A,Planner (Thấp),data/google_planner/can-tho/Keyword Stats 2026-02-23 at 11_18_37.csv,Viết bài top-list/so sánh; map vào cluster hub; bổ sung schema + ảnh/UGC,B,75.0,0%,0
khach san fortuneland can tho,Khách sạn Cần Thơ,Lưu trú,In-scope Cần Thơ,Commercial Investigation,50,N/A,N/A,N/A,Planner (Cao),data/google_planner/can-tho/Keyword Stats 2026-02-23 at 11_18_37.csv,Viết bài top-list/so sánh; map vào cluster hub; bổ sung schema + ảnh/UGC,B,75.0,0%,0
khách sạn hanh phuc can tho,Khách sạn Cần Thơ,Lưu trú,In-scope Cần Thơ,Commercial Investigation,50,N/A,N/A,N/A,Planner (Không xác định),data/google_planner/can-tho/Keyword Stats 2026-02-23 at 11_18_37.csv,Viết bài top-list/so sánh; map vào cluster hub; bổ sung schema + ảnh/UGC,B,75.0,-100.0%,0
vạn lộc hotel cần thơ,Khách sạn Cần Thơ,Lưu trú,In-scope Cần Thơ,Commercial Investigation,50,N/A,N/A,N/A,Planner (Trung bình),data/google_planner/can-tho/Keyword Stats 2026-02-23 at 11_18_37.csv,Viết bài top-list/so sánh; map vào cluster hub; bổ sung schema + ảnh/UGC,B,75.0,0%,0
đặt khách sạn cần thơ giá rẻ,Khách sạn Cần Thơ,Lưu trú,In-scope Cần Thơ,Transaction,50,N/A,N/A,N/A,Planner (Không xác định),data/google_planner/can-tho/Keyword Stats 2026-02-23 at 11_18_37.csv,"Tạo landing chuyển đổi (giá/vé/đặt chỗ), gom vào cluster page + build backlink nội bộ",B,75.0,0%,0
tim khach san can tho,Khách sạn Cần Thơ,Lưu trú,In-scope Cần Thơ,Commercial Investigation,50,N/A,N/A,N/A,Planner (Cao),data/google_planner/can-tho/Keyword Stats 2026-02-23 at 11_18_37.csv,Viết bài top-list/so sánh; map vào cluster hub; bổ sung schema + ảnh/UGC,B,75.0,0%,0
khách sạn diễm minh cần thơ,Khách sạn Cần Thơ,Lưu trú,In-scope Cần Thơ,Commercial Investigation,50,N/A,N/A,N/A,Planner (Thấp),data/google_planner/can-tho/Keyword Stats 2026-02-23 at 11_18_37.csv,Viết bài top-list/so sánh; map vào cluster hub; bổ sung schema + ảnh/UGC,B,75.0,0%,0
khach san tay nam can tho,Khách sạn Cần Thơ,Lưu trú,In-scope Cần Thơ,Commercial Investigation,50,N/A,N/A,N/A,Planner (Không xác định),data/google_planner/can-tho/Keyword Stats 2026-02-23 at 11_18_37.csv,Viết bài top-list/so sánh; map vào cluster hub; bổ sung schema + ảnh/UGC,B,75.0,-100.0%,0
đặt khách sạn tại cần thơ,Khách sạn Cần Thơ,Lưu trú,In-scope Cần Thơ,Commercial Investigation,50,N/A,N/A,N/A,Planner (Cao),data/google_planner/can-tho/Keyword Stats 2026-02-23 at 11_18_37.csv,Viết bài top-list/so sánh; map vào cluster hub; bổ sung schema + ảnh/UGC,B,75.0,0%,0
khach san dona can tho,Khách sạn Cần Thơ,Lưu trú,In-scope Cần Thơ,Commercial Investigation,50,N/A,N/A,N/A,Planner (Cao),data/google_planner/can-tho/Keyword Stats 2026-02-23 at 11_18_37.csv,Viết bài top-list/so sánh; map vào cluster hub; bổ sung schema + ảnh/UGC,B,75.0,0%,0
khach san vang can tho,Khách sạn Cần Thơ,Lưu trú,In-scope Cần Thơ,Commercial Investigation,50,N/A,N/A,N/A,Planner (Trung bình),data/google_planner/can-tho/Keyword Stats 2026-02-23 at 11_18_37.csv,Viết bài top-list/so sánh; map vào cluster hub; bổ sung schema + ảnh/UGC,B,75.0,0%,0
khach san 3 sao o can tho,Khách sạn Cần Thơ,Lưu trú,In-scope Cần Thơ,Commercial Investigation,50,N/A,N/A,N/A,Planner (Cao),data/google_planner/can-tho/Keyword Stats 2026-02-23 at 11_18_37.csv,Viết bài top-list/so sánh; map vào cluster hub; bổ sung schema + ảnh/UGC,B,75.0,0%,0
dat khach san can tho,Khách sạn Cần Thơ,Lưu trú,In-scope Cần Thơ,Transaction,50,N/A,N/A,N/A,Planner (Cao),data/google_planner/can-tho/Keyword Stats 2026-02-23 at 11_18_37.csv,"Tạo landing chuyển đổi (giá/vé/đặt chỗ), gom vào cluster page + build backlink nội bộ",B,75.0,0%,0
khách sạn phương đông can tho,Khách sạn Cần Thơ,Lưu trú,In-scope Cần Thơ,Commercial Investigation,50,N/A,N/A,N/A,Planner (Không xác định),data/google_planner/can-tho/Keyword Stats 2026-02-23 at 11_18_37.csv,Viết bài top-list/so sánh; map vào cluster hub; bổ sung schema + ảnh/UGC,B,75.0,0%,0
amy hotel cần thơ,Khách sạn Cần Thơ,Lưu trú,In-scope Cần Thơ,Commercial Investigation,50,N/A,N/A,N/A,Planner (Cao),data/google_planner/can-tho/Keyword Stats 2026-02-23 at 11_18_37.csv,Viết bài top-list/so sánh; map vào cluster hub; bổ sung schema + ảnh/UGC,B,75.0,0%,0
khach san tay ho can tho,Khách sạn Cần Thơ,Lưu trú,In-scope Cần Thơ,Commercial Investigation,50,N/A,N/A,N/A,Planner (Không xác định),data/google_planner/can-tho/Keyword Stats 2026-02-23 at 11_18_37.csv,Viết bài top-list/so sánh; map vào cluster hub; bổ sung schema + ảnh/UGC,B,75.0,-100.0%,0
amore hotel cần thơ,Khách sạn Cần Thơ,Lưu trú,In-scope Cần Thơ,Commercial Investigation,50,N/A,N/A,N/A,Planner (Thấp),data/google_planner/can-tho/Keyword Stats 2026-02-23 at 11_18_37.csv,Viết bài top-list/so sánh; map vào cluster hub; bổ sung schema + ảnh/UGC,B,75.0,0%,0
apple hotel cần thơ số điện thoại,Khách sạn Cần Thơ,Lưu trú,In-scope Cần Thơ,Commercial Investigation,50,N/A,N/A,N/A,Planner (Thấp),data/google_planner/can-tho/Keyword Stats 2026-02-23 at 11_18_37.csv,Viết bài top-list/so sánh; map vào cluster hub; bổ sung schema + ảnh/UGC,B,75.0,0%,0
art hotel cần thơ,Khách sạn Cần Thơ,Lưu trú,In-scope Cần Thơ,Commercial Investigation,50,N/A,N/A,N/A,Planner (Không xác định),data/google_planner/can-tho/Keyword Stats 2026-02-23 at 11_18_37.csv,Viết bài top-list/so sánh; map vào cluster hub; bổ sung schema + ảnh/UGC,B,75.0,0%,0
cafe resort cồn khương cần thơ,Khách sạn Cần Thơ,Lưu trú,In-scope Cần Thơ,Commercial Investigation,50,N/A,N/A,N/A,Planner (Trung bình),data/google_planner/can-tho/Keyword Stats 2026-02-23 at 11_18_37.csv,Viết bài top-list/so sánh; map vào cluster hub; bổ sung schema + ảnh/UGC,B,75.0,0%,0
cali hotel cần thơ,Khách sạn Cần Thơ,Lưu trú,In-scope Cần Thơ,Commercial Investigation,50,N/A,N/A,N/A,Planner (Không xác định),data/google_planner/can-tho/Keyword Stats 2026-02-23 at 11_18_37.csv,Viết bài top-list/so sánh; map vào cluster hub; bổ sung schema + ảnh/UGC,B,75.0,-100.0%,0
các khách sạn 3 sao ở cần thơ,Khách sạn Cần Thơ,Lưu trú,In-scope Cần Thơ,Commercial Investigation,50,N/A,N/A,N/A,Planner (Cao),data/google_planner/can-tho/Keyword Stats 2026-02-23 at 11_18_37.csv,Viết bài top-list/so sánh; map vào cluster hub; bổ sung schema + ảnh/UGC,B,75.0,0%,0
danh sách khách sạn cần thơ,Khách sạn Cần Thơ,Lưu trú,In-scope Cần Thơ,Commercial Investigation,50,N/A,N/A,N/A,Planner (Cao),data/google_planner/can-tho/Keyword Stats 2026-02-23 at 11_18_37.csv,Viết bài top-list/so sánh; map vào cluster hub; bổ sung schema + ảnh/UGC,B,75.0,0%,0
danh sách khách sạn ở cần thơ,Khách sạn Cần Thơ,Lưu trú,In-scope Cần Thơ,Commercial Investigation,50,N/A,N/A,N/A,Planner (Không xác định),data/google_planner/can-tho/Keyword Stats 2026-02-23 at 11_18_37.csv,Viết bài top-list/so sánh; map vào cluster hub; bổ sung schema + ảnh/UGC,B,75.0,-100.0%,0
dong nam hotel can tho,Khách sạn Cần Thơ,Lưu trú,In-scope Cần Thơ,Commercial Investigation,50,N/A,N/A,N/A,Planner (Không xác định),data/google_planner/can-tho/Keyword Stats 2026-02-23 at 11_18_37.csv,Viết bài top-list/so sánh; map vào cluster hub; bổ sung schema + ảnh/UGC,B,75.0,-100.0%,0
giá phòng khách sạn cần thơ,Khách sạn Cần Thơ,Lưu trú,In-scope Cần Thơ,Transaction,50,N/A,N/A,N/A,Planner (Cao),data/google_planner/can-tho/Keyword Stats 2026-02-23 at 11_18_37.csv,"Tạo landing chuyển đổi (giá/vé/đặt chỗ), gom vào cluster page + build backlink nội bộ",B,75.0,0%,0
giá khách sạn vinpearl cần thơ,Khách sạn Cần Thơ,Lưu trú,In-scope Cần Thơ,Transaction,50,N/A,N/A,N/A,Planner (Không xác định),data/google_planner/can-tho/Keyword Stats 2026-02-23 at 11_18_37.csv,"Tạo landing chuyển đổi (giá/vé/đặt chỗ), gom vào cluster page + build backlink nội bộ",B,75.0,-100.0%,0
giá phòng khách sạn kim thơ cần thơ,Khách sạn Cần Thơ,Lưu trú,In-scope Cần Thơ,Transaction,50,N/A,N/A,N/A,Planner (Không xác định),data/google_planner/can-tho/Keyword Stats 2026-02-23 at 11_18_37.csv,"Tạo landing chuyển đổi (giá/vé/đặt chỗ), gom vào cluster page + build backlink nội bộ",B,75.0,0%,0
giá phòng khách sạn tại cần thơ,Khách sạn Cần Thơ,Lưu trú,In-scope Cần Thơ,Transaction,50,N/A,N/A,N/A,Planner (Cao),data/google_planner/can-tho/Keyword Stats 2026-02-23 at 11_18_37.csv,"Tạo landing chuyển đổi (giá/vé/đặt chỗ), gom vào cluster page + build backlink nội bộ",B,75.0,0%,0
giá phòng khách sạn vinpearl cần thơ,Khách sạn Cần Thơ,Lưu trú,In-scope Cần Thơ,Transaction,50,N/A,N/A,N/A,Planner (Cao),data/google_planner/can-tho/Keyword Stats 2026-02-23 at 11_18_37.csv,"Tạo landing chuyển đổi (giá/vé/đặt chỗ), gom vào cluster page + build backlink nội bộ",B,75.0,0%,0
giá phòng khách sạn ở cần thơ,Khách sạn Cần Thơ,Lưu trú,In-scope Cần Thơ,Transaction,50,N/A,N/A,N/A,Planner (Cao),data/google_planner/can-tho/Keyword Stats 2026-02-23 at 11_18_37.csv,"Tạo landing chuyển đổi (giá/vé/đặt chỗ), gom vào cluster page + build backlink nội bộ",B,75.0,0%,0
giới thiệu khách sạn ttc cần thơ,Khách sạn Cần Thơ,Lưu trú,In-scope Cần Thơ,Commercial Investigation,50,N/A,N/A,N/A,Planner (Không xác định),data/google_planner/can-tho/Keyword Stats 2026-02-23 at 11_18_37.csv,Viết bài top-list/so sánh; map vào cluster hub; bổ sung schema + ảnh/UGC,B,75.0,0%,0
hạnh phúc hotel cần thơ,Khách sạn Cần Thơ,Lưu trú,In-scope Cần Thơ,Commercial Investigation,50,N/A,N/A,N/A,Planner (Thấp),data/google_planner/can-tho/Keyword Stats 2026-02-23 at 11_18_37.csv,Viết bài top-list/so sánh; map vào cluster hub; bổ sung schema + ảnh/UGC,B,75.0,0%,0
happy hotel cần thơ,Khách sạn Cần Thơ,Lưu trú,In-scope Cần Thơ,Commercial Investigation,50,N/A,N/A,N/A,Planner (Thấp),data/google_planner/can-tho/Keyword Stats 2026-02-23 at 11_18_37.csv,Viết bài top-list/so sánh; map vào cluster hub; bổ sung schema + ảnh/UGC,B,75.0,0%,0
henry iris hotel cần thơ,Khách sạn Cần Thơ,Lưu trú,In-scope Cần Thơ,Commercial Investigation,50,N/A,N/A,N/A,Planner (Thấp),data/google_planner/can-tho/Keyword Stats 2026-02-23 at 11_18_37.csv,Viết bài top-list/so sánh; map vào cluster hub; bổ sung schema + ảnh/UGC,B,75.0,0%,0
homestay cần thơ gần chợ nổi cái răng,Khách sạn Cần Thơ,Lưu trú,In-scope Cần Thơ,Commercial Investigation,50,N/A,N/A,N/A,Planner (Cao),data/google_planner/can-tho/Keyword Stats 2026-02-23 at 11_18_37.csv,Viết bài top-list/so sánh; map vào cluster hub; bổ sung schema + ảnh/UGC,B,75.0,0%,0
hotel bồ câu cần thơ,Khách sạn Cần Thơ,Lưu trú,In-scope Cần Thơ,Commercial Investigation,50,N/A,N/A,N/A,Planner (Không xác định),data/google_planner/can-tho/Keyword Stats 2026-02-23 at 11_18_37.csv,Viết bài top-list/so sánh; map vào cluster hub; bổ sung schema + ảnh/UGC,B,75.0,-100.0%,0
hotel in cần thơ,Khách sạn Cần Thơ,Lưu trú,In-scope Cần Thơ,Commercial Investigation,50,N/A,N/A,N/A,Planner (Trung bình),data/google_planner/can-tho/Keyword Stats 2026-02-23 at 11_18_37.csv,Viết bài top-list/so sánh; map vào cluster hub; bổ sung schema + ảnh/UGC,B,75.0,0%,0
hotel thành hiếu cần thơ,Khách sạn Cần Thơ,Lưu trú,In-scope Cần Thơ,Commercial Investigation,50,N/A,N/A,N/A,Planner (Thấp),data/google_planner/can-tho/Keyword Stats 2026-02-23 at 11_18_37.csv,Viết bài top-list/so sánh; map vào cluster hub; bổ sung schema + ảnh/UGC,B,75.0,0%,0
hotel vàng cần thơ,Khách sạn Cần Thơ,Lưu trú,In-scope Cần Thơ,Commercial Investigation,50,N/A,N/A,N/A,Planner (Trung bình),data/google_planner/can-tho/Keyword Stats 2026-02-23 at 11_18_37.csv,Viết bài top-list/so sánh; map vào cluster hub; bổ sung schema + ảnh/UGC,B,75.0,0%,0
huỳnh lập hotel cần thơ,Khách sạn Cần Thơ,Lưu trú,In-scope Cần Thơ,Commercial Investigation,50,N/A,N/A,N/A,Planner (Cao),data/google_planner/can-tho/Keyword Stats 2026-02-23 at 11_18_37.csv,Viết bài top-list/so sánh; map vào cluster hub; bổ sung schema + ảnh/UGC,B,75.0,0%,0
hà phương hotel cần thơ,Khách sạn Cần Thơ,Lưu trú,In-scope Cần Thơ,Commercial Investigation,50,N/A,N/A,N/A,Planner (Không xác định),data/google_planner/can-tho/Keyword Stats 2026-02-23 at 11_18_37.csv,Viết bài top-list/so sánh; map vào cluster hub; bổ sung schema + ảnh/UGC,B,75.0,-100.0%,0
hân gia hotel cần thơ,Khách sạn Cần Thơ,Lưu trú,In-scope Cần Thơ,Transaction,50,N/A,N/A,N/A,Planner (Thấp),data/google_planner/can-tho/Keyword Stats 2026-02-23 at 11_18_37.csv,"Tạo landing chuyển đổi (giá/vé/đặt chỗ), gom vào cluster page + build backlink nội bộ",B,75.0,0%,0
khach san anh dao mekong can tho,Khách sạn Cần Thơ,Lưu trú,In-scope Cần Thơ,Commercial Investigation,50,N/A,N/A,N/A,Planner (Trung bình),data/google_planner/can-tho/Keyword Stats 2026-02-23 at 11_18_37.csv,Viết bài top-list/so sánh; map vào cluster hub; bổ sung schema + ảnh/UGC,B,75.0,0%,0
khach san cong doan can tho,Khách sạn Cần Thơ,Lưu trú,In-scope Cần Thơ,Commercial Investigation,50,N/A,N/A,N/A,Planner (Thấp),data/google_planner/can-tho/Keyword Stats 2026-02-23 at 11_18_37.csv,Viết bài top-list/so sánh; map vào cluster hub; bổ sung schema + ảnh/UGC,B,75.0,0%,0
khách sạn dạ thảo cần thơ,Khách sạn Cần Thơ,Lưu trú,In-scope Cần Thơ,Commercial Investigation,50,N/A,N/A,N/A,Planner (Thấp),data/google_planner/can-tho/Keyword Stats 2026-02-23 at 11_18_37.csv,Viết bài top-list/so sánh; map vào cluster hub; bổ sung schema + ảnh/UGC,B,75.0,0%,0
khach san dong nam can tho,Khách sạn Cần Thơ,Lưu trú,In-scope Cần Thơ,Commercial Investigation,50,N/A,N/A,N/A,Planner (Thấp),data/google_planner/can-tho/Keyword Stats 2026-02-23 at 11_18_37.csv,Viết bài top-list/so sánh; map vào cluster hub; bổ sung schema + ảnh/UGC,B,75.0,0%,0
khach san duong nguyen van cu can tho,Khách sạn Cần Thơ,Lưu trú,In-scope Cần Thơ,Commercial Investigation,50,N/A,N/A,N/A,Planner (Trung bình),data/google_planner/can-tho/Keyword Stats 2026-02-23 at 11_18_37.csv,Viết bài top-list/so sánh; map vào cluster hub; bổ sung schema + ảnh/UGC,B,75.0,0%,0
khach san gan cho noi cai rang can tho,Khách sạn Cần Thơ,Lưu trú,In-scope Cần Thơ,Commercial Investigation,50,N/A,N/A,N/A,Planner (Không xác định),data/google_planner/can-tho/Keyword Stats 2026-02-23 at 11_18_37.csv,Viết bài top-list/so sánh; map vào cluster hub; bổ sung schema + ảnh/UGC,B,75.0,-100.0%,0
khách sạn hoàn cầu cần thơ,Khách sạn Cần Thơ,Lưu trú,In-scope Cần Thơ,Commercial Investigation,50,N/A,N/A,N/A,Planner (Thấp),data/google_planner/can-tho/Keyword Stats 2026-02-23 at 11_18_37.csv,Viết bài top-list/so sánh; map vào cluster hub; bổ sung schema + ảnh/UGC,B,75.0,0%,0
khach san hong dao can tho,Khách sạn Cần Thơ,Lưu trú,In-scope Cần Thơ,Commercial Investigation,50,N/A,N/A,N/A,Planner (Không xác định),data/google_planner/can-tho/Keyword Stats 2026-02-23 at 11_18_37.csv,Viết bài top-list/so sánh; map vào cluster hub; bổ sung schema + ảnh/UGC,B,75.0,-100.0%,0
khách sạn kim thuỷ ngân hà cần thơ,Khách sạn Cần Thơ,Lưu trú,In-scope Cần Thơ,Commercial Investigation,50,N/A,N/A,N/A,Planner (Trung bình),data/google_planner/can-tho/Keyword Stats 2026-02-23 at 11_18_37.csv,Viết bài top-list/so sánh; map vào cluster hub; bổ sung schema + ảnh/UGC,B,75.0,0%,0
khach san kp can tho,Khách sạn Cần Thơ,Lưu trú,In-scope Cần Thơ,Commercial Investigation,50,N/A,N/A,N/A,Planner (Cao),data/google_planner/can-tho/Keyword Stats 2026-02-23 at 11_18_37.csv,Viết bài top-list/so sánh; map vào cluster hub; bổ sung schema + ảnh/UGC,B,75.0,0%,0
khách sạn minh nguyệt cần thơ,Khách sạn Cần Thơ,Lưu trú,In-scope Cần Thơ,Commercial Investigation,50,N/A,N/A,N/A,Planner (Thấp),data/google_planner/can-tho/Keyword Stats 2026-02-23 at 11_18_37.csv,Viết bài top-list/so sánh; map vào cluster hub; bổ sung schema + ảnh/UGC,B,75.0,0%,0
khách sạn mùa xuân cần thơ,Khách sạn Cần Thơ,Lưu trú,In-scope Cần Thơ,Transaction,50,N/A,N/A,N/A,Planner (Trung bình),data/google_planner/can-tho/Keyword Stats 2026-02-23 at 11_18_37.csv,"Tạo landing chuyển đổi (giá/vé/đặt chỗ), gom vào cluster page + build backlink nội bộ",B,75.0,0%,0
khach san my ngoc can tho,Khách sạn Cần Thơ,Lưu trú,In-scope Cần Thơ,Commercial Investigation,50,N/A,N/A,N/A,Planner (Cao),data/google_planner/can-tho/Keyword Stats 2026-02-23 at 11_18_37.csv,Viết bài top-list/so sánh; map vào cluster hub; bổ sung schema + ảnh/UGC,B,75.0,0%,0
khach san ngoc thuy can tho,Khách sạn Cần Thơ,Lưu trú,In-scope Cần Thơ,Commercial Investigation,50,N/A,N/A,N/A,Planner (Thấp),data/google_planner/can-tho/Keyword Stats 2026-02-23 at 11_18_37.csv,Viết bài top-list/so sánh; map vào cluster hub; bổ sung schema + ảnh/UGC,B,75.0,0%,0
khach san o can tho 3 sao,Khách sạn Cần Thơ,Lưu trú,In-scope Cần Thơ,Commercial Investigation,50,N/A,N/A,N/A,Planner (Cao),data/google_planner/can-tho/Keyword Stats 2026-02-23 at 11_18_37.csv,Viết bài top-list/so sánh; map vào cluster hub; bổ sung schema + ảnh/UGC,B,75.0,0%,0
khach san phuong dong can tho,Khách sạn Cần Thơ,Lưu trú,In-scope Cần Thơ,Commercial Investigation,50,N/A,N/A,N/A,Planner (Thấp),data/google_planner/can-tho/Keyword Stats 2026-02-23 at 11_18_37.csv,Viết bài top-list/so sánh; map vào cluster hub; bổ sung schema + ảnh/UGC,B,75.0,0%,0
khach san ruby can tho,Khách sạn Cần Thơ,Lưu trú,In-scope Cần Thơ,Commercial Investigation,50,N/A,N/A,N/A,Planner (Thấp),data/google_planner/can-tho/Keyword Stats 2026-02-23 at 11_18_37.csv,Viết bài top-list/so sánh; map vào cluster hub; bổ sung schema + ảnh/UGC,B,75.0,0%,0
khach san tay do can tho,Khách sạn Cần Thơ,Lưu trú,In-scope Cần Thơ,Commercial Investigation,50,N/A,N/A,N/A,Planner (Thấp),data/google_planner/can-tho/Keyword Stats 2026-02-23 at 11_18_37.csv,Viết bài top-list/so sánh; map vào cluster hub; bổ sung schema + ảnh/UGC,B,75.0,0%,0
khach san thien ly can tho,Khách sạn Cần Thơ,Lưu trú,In-scope Cần Thơ,Commercial Investigation,50,N/A,N/A,N/A,Planner (Thấp),data/google_planner/can-tho/Keyword Stats 2026-02-23 at 11_18_37.csv,Viết bài top-list/so sánh; map vào cluster hub; bổ sung schema + ảnh/UGC,B,75.0,0%,0
khoa phú hotel cần thơ,Khách sạn Cần Thơ,Lưu trú,In-scope Cần Thơ,Commercial Investigation,50,N/A,N/A,N/A,Planner (Cao),data/google_planner/can-tho/Keyword Stats 2026-02-23 at 11_18_37.csv,Viết bài top-list/so sánh; map vào cluster hub; bổ sung schema + ảnh/UGC,B,75.0,0%,0
khu resort cồn khương cần thơ,Khách sạn Cần Thơ,Lưu trú,In-scope Cần Thơ,Commercial Investigation,50,N/A,N/A,N/A,Planner (Cao),data/google_planner/can-tho/Keyword Stats 2026-02-23 at 11_18_37.csv,Viết bài top-list/so sánh; map vào cluster hub; bổ sung schema + ảnh/UGC,B,75.0,0%,0
khách sạn 1 sao cần thơ,Khách sạn Cần Thơ,Lưu trú,In-scope Cần Thơ,Commercial Investigation,50,N/A,N/A,N/A,Planner (Trung bình),data/google_planner/can-tho/Keyword Stats 2026-02-23 at 11_18_37.csv,Viết bài top-list/so sánh; map vào cluster hub; bổ sung schema + ảnh/UGC,B,75.0,0%,0
khách sạn 1 sao ở cần thơ,Khách sạn Cần Thơ,Lưu trú,In-scope Cần Thơ,Commercial Investigation,50,N/A,N/A,N/A,Planner (Thấp),data/google_planner/can-tho/Keyword Stats 2026-02-23 at 11_18_37.csv,Viết bài top-list/so sánh; map vào cluster hub; bổ sung schema + ảnh/UGC,B,75.0,0%,0
khách sạn 119 cần thơ,Khách sạn Cần Thơ,Lưu trú,In-scope Cần Thơ,Commercial Investigation,50,N/A,N/A,N/A,Planner (Thấp),data/google_planner/can-tho/Keyword Stats 2026-02-23 at 11_18_37.csv,Viết bài top-list/so sánh; map vào cluster hub; bổ sung schema + ảnh/UGC,B,75.0,0%,0
khách sạn 17 châu văn liêm cần thơ,Khách sạn Cần Thơ,Lưu trú,In-scope Cần Thơ,Commercial Investigation,50,N/A,N/A,N/A,Planner (Cao),data/google_planner/can-tho/Keyword Stats 2026-02-23 at 11_18_37.csv,Viết bài top-list/so sánh; map vào cluster hub; bổ sung schema + ảnh/UGC,B,75.0,0%,0
khách sạn 17 cần thơ,Khách sạn Cần Thơ,Lưu trú,In-scope Cần Thơ,Commercial Investigation,50,N/A,N/A,N/A,Planner (Thấp),data/google_planner/can-tho/Keyword Stats 2026-02-23 at 11_18_37.csv,Viết bài top-list/so sánh; map vào cluster hub; bổ sung schema + ảnh/UGC,B,75.0,0%,0
khách sạn 178 cần thơ,Khách sạn Cần Thơ,Lưu trú,In-scope Cần Thơ,Commercial Investigation,50,N/A,N/A,N/A,Planner (Thấp),data/google_planner/can-tho/Keyword Stats 2026-02-23 at 11_18_37.csv,Viết bài top-list/so sánh; map vào cluster hub; bổ sung schema + ảnh/UGC,B,75.0,0%,0
khách sạn 199 châu văn liêm cần thơ,Khách sạn Cần Thơ,Lưu trú,In-scope Cần Thơ,Commercial Investigation,50,N/A,N/A,N/A,Planner (Không xác định),data/google_planner/can-tho/Keyword Stats 2026-02-23 at 11_18_37.csv,Viết bài top-list/so sánh; map vào cluster hub; bổ sung schema + ảnh/UGC,B,75.0,0%,0
khách sạn 199 cần thơ,Khách sạn Cần Thơ,Lưu trú,In-scope Cần Thơ,Commercial Investigation,50,N/A,N/A,N/A,Planner (Không xác định),data/google_planner/can-tho/Keyword Stats 2026-02-23 at 11_18_37.csv,Viết bài top-list/so sánh; map vào cluster hub; bổ sung schema + ảnh/UGC,B,75.0,-100.0%,0
khách sạn 2 sao tại cần thơ,Khách sạn Cần Thơ,Lưu trú,In-scope Cần Thơ,Commercial Investigation,50,N/A,N/A,N/A,Planner (Trung bình),data/google_planner/can-tho/Keyword Stats 2026-02-23 at 11_18_37.csv,Viết bài top-list/so sánh; map vào cluster hub; bổ sung schema + ảnh/UGC,B,75.0,0%,0
khách sạn 3 sao cần thơ giá rẻ,Khách sạn Cần Thơ,Lưu trú,In-scope Cần Thơ,Transaction,50,N/A,N/A,N/A,Planner (Trung bình),data/google_planner/can-tho/Keyword Stats 2026-02-23 at 11_18_37.csv,"Tạo landing chuyển đổi (giá/vé/đặt chỗ), gom vào cluster page + build backlink nội bộ",B,75.0,0%,0
khách sạn aluny cần thơ,Khách sạn Cần Thơ,Lưu trú,In-scope Cần Thơ,Commercial Investigation,50,N/A,N/A,N/A,Planner (Không xác định),data/google_planner/can-tho/Keyword Stats 2026-02-23 at 11_18_37.csv,Viết bài top-list/so sánh; map vào cluster hub; bổ sung schema + ảnh/UGC,B,75.0,-100.0%,0
khách sạn amazon 1 cần thơ,Khách sạn Cần Thơ,Lưu trú,In-scope Cần Thơ,Commercial Investigation,50,N/A,N/A,N/A,Planner (Thấp),data/google_planner/can-tho/Keyword Stats 2026-02-23 at 11_18_37.csv,Viết bài top-list/so sánh; map vào cluster hub; bổ sung schema + ảnh/UGC,B,75.0,0%,0
khách sạn amazon 2 cần thơ,Khách sạn Cần Thơ,Lưu trú,In-scope Cần Thơ,Commercial Investigation,50,N/A,N/A,N/A,Planner (Không xác định),data/google_planner/can-tho/Keyword Stats 2026-02-23 at 11_18_37.csv,Viết bài top-list/so sánh; map vào cluster hub; bổ sung schema + ảnh/UGC,B,75.0,0%,0
khách sạn amazon cần thơ,Khách sạn Cần Thơ,Lưu trú,In-scope Cần Thơ,Commercial Investigation,50,N/A,N/A,N/A,Planner (Cao),data/google_planner/can-tho/Keyword Stats 2026-02-23 at 11_18_37.csv,Viết bài top-list/so sánh; map vào cluster hub; bổ sung schema + ảnh/UGC,B,75.0,0%,0
khách sạn amore cần thơ,Khách sạn Cần Thơ,Lưu trú,In-scope Cần Thơ,Commercial Investigation,50,N/A,N/A,N/A,Planner (Thấp),data/google_planner/can-tho/Keyword Stats 2026-02-23 at 11_18_37.csv,Viết bài top-list/so sánh; map vào cluster hub; bổ sung schema + ảnh/UGC,B,75.0,0%,0
khách sạn amy cần thơ,Khách sạn Cần Thơ,Lưu trú,In-scope Cần Thơ,Commercial Investigation,50,N/A,N/A,N/A,Planner (Trung bình),data/google_planner/can-tho/Keyword Stats 2026-02-23 at 11_18_37.csv,Viết bài top-list/so sánh; map vào cluster hub; bổ sung schema + ảnh/UGC,B,75.0,0%,0
khách sạn an bình 66 cần thơ,Khách sạn Cần Thơ,Lưu trú,In-scope Cần Thơ,Commercial Investigation,50,N/A,N/A,N/A,Planner (Thấp),data/google_planner/can-tho/Keyword Stats 2026-02-23 at 11_18_37.csv,Viết bài top-list/so sánh; map vào cluster hub; bổ sung schema + ảnh/UGC,B,75.0,0%,0
khách sạn an nam corner cần thơ,Khách sạn Cần Thơ,Lưu trú,In-scope Cần Thơ,Commercial Investigation,50,N/A,N/A,N/A,Planner (Không xác định),data/google_planner/can-tho/Keyword Stats 2026-02-23 at 11_18_37.csv,Viết bài top-list/so sánh; map vào cluster hub; bổ sung schema + ảnh/UGC,B,75.0,0%,0
khách sạn anh thơ cần thơ,Khách sạn Cần Thơ,Lưu trú,In-scope Cần Thơ,Commercial Investigation,50,N/A,N/A,N/A,Planner (Trung bình),data/google_planner/can-tho/Keyword Stats 2026-02-23 at 11_18_37.csv,Viết bài top-list/so sánh; map vào cluster hub; bổ sung schema + ảnh/UGC,B,75.0,0%,0
khách sạn aurora cần thơ,Khách sạn Cần Thơ,Lưu trú,In-scope Cần Thơ,Commercial Investigation,50,N/A,N/A,N/A,Planner (Không xác định),data/google_planner/can-tho/Keyword Stats 2026-02-23 at 11_18_37.csv,Viết bài top-list/so sánh; map vào cluster hub; bổ sung schema + ảnh/UGC,B,75.0,0%,0
khách sạn bình dân ở cần thơ,Khách sạn Cần Thơ,Lưu trú,In-scope Cần Thơ,Commercial Investigation,50,N/A,N/A,N/A,Planner (Cao),data/google_planner/can-tho/Keyword Stats 2026-02-23 at 11_18_37.csv,Viết bài top-list/so sánh; map vào cluster hub; bổ sung schema + ảnh/UGC,B,75.0,0%,0
khách sạn cali cần thơ,Khách sạn Cần Thơ,Lưu trú,In-scope Cần Thơ,Commercial Investigation,50,N/A,N/A,N/A,Planner (Trung bình),data/google_planner/can-tho/Keyword Stats 2026-02-23 at 11_18_37.csv,Viết bài top-list/so sánh; map vào cluster hub; bổ sung schema + ảnh/UGC,B,75.0,0%,0
khách sạn có bồn tắm tại cần thơ,Khách sạn Cần Thơ,Lưu trú,In-scope Cần Thơ,Commercial Investigation,50,N/A,N/A,N/A,Planner (Thấp),data/google_planner/can-tho/Keyword Stats 2026-02-23 at 11_18_37.csv,Viết bài top-list/so sánh; map vào cluster hub; bổ sung schema + ảnh/UGC,B,75.0,0%,0
khách sạn có bồn tắm ở cần thơ,Khách sạn Cần Thơ,Lưu trú,In-scope Cần Thơ,Commercial Investigation,50,N/A,N/A,N/A,Planner (Trung bình),data/google_planner/can-tho/Keyword Stats 2026-02-23 at 11_18_37.csv,Viết bài top-list/so sánh; map vào cluster hub; bổ sung schema + ảnh/UGC,B,75.0,0%,0
khách sạn có hồ bơi tại cần thơ,Khách sạn Cần Thơ,Lưu trú,In-scope Cần Thơ,Commercial Investigation,50,N/A,N/A,N/A,Planner (Cao),data/google_planner/can-tho/Keyword Stats 2026-02-23 at 11_18_37.csv,Viết bài top-list/so sánh; map vào cluster hub; bổ sung schema + ảnh/UGC,B,75.0,0%,0
khách sạn công đoàn ở cần thơ,Khách sạn Cần Thơ,Lưu trú,In-scope Cần Thơ,Commercial Investigation,50,N/A,N/A,N/A,Planner (Không xác định),data/google_planner/can-tho/Keyword Stats 2026-02-23 at 11_18_37.csv,Viết bài top-list/so sánh; map vào cluster hub; bổ sung schema + ảnh/UGC,B,75.0,-100.0%,0
khách sạn cần thơ 2 sao,Khách sạn Cần Thơ,Lưu trú,In-scope Cần Thơ,Commercial Investigation,50,N/A,N/A,N/A,Planner (Cao),data/google_planner/can-tho/Keyword Stats 2026-02-23 at 11_18_37.csv,Viết bài top-list/so sánh; map vào cluster hub; bổ sung schema + ảnh/UGC,B,75.0,0%,0
khách sạn cần thơ booking,Khách sạn Cần Thơ,Lưu trú,In-scope Cần Thơ,Transaction,50,N/A,N/A,N/A,Planner (Cao),data/google_planner/can-tho/Keyword Stats 2026-02-23 at 11_18_37.csv,"Tạo landing chuyển đổi (giá/vé/đặt chỗ), gom vào cluster page + build backlink nội bộ",B,75.0,0%,0
khách sạn cần thơ giá tốt,Khách sạn Cần Thơ,Lưu trú,In-scope Cần Thơ,Transaction,50,N/A,N/A,N/A,Planner (Cao),data/google_planner/can-tho/Keyword Stats 2026-02-23 at 11_18_37.csv,"Tạo landing chuyển đổi (giá/vé/đặt chỗ), gom vào cluster page + build backlink nội bộ",B,75.0,0%,0
khách sạn cần thơ vàng,Khách sạn Cần Thơ,Lưu trú,In-scope Cần Thơ,Commercial Investigation,50,N/A,N/A,N/A,Planner (Thấp),data/google_planner/can-tho/Keyword Stats 2026-02-23 at 11_18_37.csv,Viết bài top-list/so sánh; map vào cluster hub; bổ sung schema + ảnh/UGC,B,75.0,0%,0
khách sạn cần thơ vàng hotel,Khách sạn Cần Thơ,Lưu trú,In-scope Cần Thơ,Commercial Investigation,50,N/A,N/A,N/A,Planner (Không xác định),data/google_planner/can-tho/Keyword Stats 2026-02-23 at 11_18_37.csv,Viết bài top-list/so sánh; map vào cluster hub; bổ sung schema + ảnh/UGC,B,75.0,-100.0%,0
khách sạn fortune cần thơ,Khách sạn Cần Thơ,Lưu trú,In-scope Cần Thơ,Commercial Investigation,50,N/A,N/A,N/A,Planner (Thấp),data/google_planner/can-tho/Keyword Stats 2026-02-23 at 11_18_37.csv,Viết bài top-list/so sánh; map vào cluster hub; bổ sung schema + ảnh/UGC,B,75.0,0%,0
khách sạn gia linh cần thơ,Khách sạn Cần Thơ,Lưu trú,In-scope Cần Thơ,Transaction,50,N/A,N/A,N/A,Planner (Không xác định),data/google_planner/can-tho/Keyword Stats 2026-02-23 at 11_18_37.csv,"Tạo landing chuyển đổi (giá/vé/đặt chỗ), gom vào cluster page + build backlink nội bộ",B,75.0,-100.0%,0
khách sạn giá bình dân ở cần thơ,Khách sạn Cần Thơ,Lưu trú,In-scope Cần Thơ,Transaction,50,N/A,N/A,N/A,Planner (Cao),data/google_planner/can-tho/Keyword Stats 2026-02-23 at 11_18_37.csv,"Tạo landing chuyển đổi (giá/vé/đặt chỗ), gom vào cluster page + build backlink nội bộ",B,75.0,0%,0
khách sạn giá rẻ tp cần thơ,Khách sạn Cần Thơ,Lưu trú,In-scope Cần Thơ,Transaction,50,N/A,N/A,N/A,Planner (Cao),data/google_planner/can-tho/Keyword Stats 2026-02-23 at 11_18_37.csv,"Tạo landing chuyển đổi (giá/vé/đặt chỗ), gom vào cluster page + build backlink nội bộ",B,75.0,0%,0
khách sạn giá tốt cần thơ,Khách sạn Cần Thơ,Lưu trú,In-scope Cần Thơ,Transaction,50,N/A,N/A,N/A,Planner (Không xác định),data/google_planner/can-tho/Keyword Stats 2026-02-23 at 11_18_37.csv,"Tạo landing chuyển đổi (giá/vé/đặt chỗ), gom vào cluster page + build backlink nội bộ",B,75.0,-100.0%,0
khách sạn giá tốt ở cần thơ,Khách sạn Cần Thơ,Lưu trú,In-scope Cần Thơ,Transaction,50,N/A,N/A,N/A,Planner (Cao),data/google_planner/can-tho/Keyword Stats 2026-02-23 at 11_18_37.csv,"Tạo landing chuyển đổi (giá/vé/đặt chỗ), gom vào cluster page + build backlink nội bộ",B,75.0,0%,0
khách sạn golf cần thơ,Khách sạn Cần Thơ,Lưu trú,In-scope Cần Thơ,Commercial Investigation,50,N/A,N/A,N/A,Planner (Trung bình),data/google_planner/can-tho/Keyword Stats 2026-02-23 at 11_18_37.csv,Viết bài top-list/so sánh; map vào cluster hub; bổ sung schema + ảnh/UGC,B,75.0,0%,0
khách sạn gần sân bay cần thơ nhất,Khách sạn Cần Thơ,Lưu trú,In-scope Cần Thơ,Commercial Investigation,50,N/A,N/A,N/A,Planner (Thấp),data/google_planner/can-tho/Keyword Stats 2026-02-23 at 11_18_37.csv,Viết bài top-list/so sánh; map vào cluster hub; bổ sung schema + ảnh/UGC,B,75.0,0%,0
khách sạn gần trường đại học tây đô cần thơ,Khách sạn Cần Thơ,Lưu trú,In-scope Cần Thơ,Commercial Investigation,50,N/A,N/A,N/A,Planner (Không xác định),data/google_planner/can-tho/Keyword Stats 2026-02-23 at 11_18_37.csv,Viết bài top-list/so sánh; map vào cluster hub; bổ sung schema + ảnh/UGC,B,75.0,-100.0%,0
khách sạn happy cần thơ,Khách sạn Cần Thơ,Lưu trú,In-scope Cần Thơ,Commercial Investigation,50,N/A,N/A,N/A,Planner (Thấp),data/google_planner/can-tho/Keyword Stats 2026-02-23 at 11_18_37.csv,Viết bài top-list/so sánh; map vào cluster hub; bổ sung schema + ảnh/UGC,B,75.0,0%,0
khách sạn hello 1 cần thơ,Khách sạn Cần Thơ,Lưu trú,In-scope Cần Thơ,Commercial Investigation,50,N/A,N/A,N/A,Planner (Không xác định),data/google_planner/can-tho/Keyword Stats 2026-02-23 at 11_18_37.csv,Viết bài top-list/so sánh; map vào cluster hub; bổ sung schema + ảnh/UGC,B,75.0,-100.0%,0
khách sạn hello cần thơ,Khách sạn Cần Thơ,Lưu trú,In-scope Cần Thơ,Commercial Investigation,50,N/A,N/A,N/A,Planner (Thấp),data/google_planner/can-tho/Keyword Stats 2026-02-23 at 11_18_37.csv,Viết bài top-list/so sánh; map vào cluster hub; bổ sung schema + ảnh/UGC,B,75.0,0%,0
khách sạn henry iris cần thơ,Khách sạn Cần Thơ,Lưu trú,In-scope Cần Thơ,Commercial Investigation,50,N/A,N/A,N/A,Planner (Thấp),data/google_planner/can-tho/Keyword Stats 2026-02-23 at 11_18_37.csv,Viết bài top-list/so sánh; map vào cluster hub; bổ sung schema + ảnh/UGC,B,75.0,0%,0
khách sạn hoa diên vĩ cần thơ,Khách sạn Cần Thơ,Lưu trú,In-scope Cần Thơ,Commercial Investigation,50,N/A,N/A,N/A,Planner (Thấp),data/google_planner/can-tho/Keyword Stats 2026-02-23 at 11_18_37.csv,Viết bài top-list/so sánh; map vào cluster hub; bổ sung schema + ảnh/UGC,B,75.0,0%,0
khách sạn hoa phượng cần thơ,Khách sạn Cần Thơ,Lưu trú,In-scope Cần Thơ,Commercial Investigation,50,N/A,N/A,N/A,Planner (Thấp),data/google_planner/can-tho/Keyword Stats 2026-02-23 at 11_18_37.csv,Viết bài top-list/so sánh; map vào cluster hub; bổ sung schema + ảnh/UGC,B,75.0,0%,0
khách sạn holiday 1 cần thơ,Khách sạn Cần Thơ,Lưu trú,In-scope Cần Thơ,Commercial Investigation,50,N/A,N/A,N/A,Planner (Cao),data/google_planner/can-tho/Keyword Stats 2026-02-23 at 11_18_37.csv,Viết bài top-list/so sánh; map vào cluster hub; bổ sung schema + ảnh/UGC,B,75.0,0%,0
khách sạn holiday cần thơ 3 sao,Khách sạn Cần Thơ,Lưu trú,In-scope Cần Thơ,Commercial Investigation,50,N/A,N/A,N/A,Planner (Thấp),data/google_planner/can-tho/Keyword Stats 2026-02-23 at 11_18_37.csv,Viết bài top-list/so sánh; map vào cluster hub; bổ sung schema + ảnh/UGC,B,75.0,0%,0
khách sạn hoàng gia cần thơ,Khách sạn Cần Thơ,Lưu trú,In-scope Cần Thơ,Transaction,50,N/A,N/A,N/A,Planner (Thấp),data/google_planner/can-tho/Keyword Stats 2026-02-23 at 11_18_37.csv,"Tạo landing chuyển đổi (giá/vé/đặt chỗ), gom vào cluster page + build backlink nội bộ",B,75.0,0%,0
khách sạn hoàng hải đăng 1 cần thơ,Khách sạn Cần Thơ,Lưu trú,In-scope Cần Thơ,Commercial Investigation,50,N/A,N/A,N/A,Planner (Trung bình),data/google_planner/can-tho/Keyword Stats 2026-02-23 at 11_18_37.csv,Viết bài top-list/so sánh; map vào cluster hub; bổ sung schema + ảnh/UGC,B,75.0,0%,0
khách sạn hoàng hải đăng cần thơ,Khách sạn Cần Thơ,Lưu trú,In-scope Cần Thơ,Commercial Investigation,50,N/A,N/A,N/A,Planner (Không xác định),data/google_planner/can-tho/Keyword Stats 2026-02-23 at 11_18_37.csv,Viết bài top-list/so sánh; map vào cluster hub; bổ sung schema + ảnh/UGC,B,75.0,-100.0%,0
khách sạn huyền trân cần thơ,Khách sạn Cần Thơ,Lưu trú,In-scope Cần Thơ,Commercial Investigation,50,N/A,N/A,N/A,Planner (Thấp),data/google_planner/can-tho/Keyword Stats 2026-02-23 at 11_18_37.csv,Viết bài top-list/so sánh; map vào cluster hub; bổ sung schema + ảnh/UGC,B,75.0,0%,0
khách sạn huỳnh lập 2 cần thơ,Khách sạn Cần Thơ,Lưu trú,In-scope Cần Thơ,Commercial Investigation,50,N/A,N/A,N/A,Planner (Không xác định),data/google_planner/can-tho/Keyword Stats 2026-02-23 at 11_18_37.csv,Viết bài top-list/so sánh; map vào cluster hub; bổ sung schema + ảnh/UGC,B,75.0,0%,0
khách sạn huỳnh lập cần thơ,Khách sạn Cần Thơ,Lưu trú,In-scope Cần Thơ,Commercial Investigation,50,N/A,N/A,N/A,Planner (Trung bình),data/google_planner/can-tho/Keyword Stats 2026-02-23 at 11_18_37.csv,Viết bài top-list/so sánh; map vào cluster hub; bổ sung schema + ảnh/UGC,B,75.0,0%,0
khách sạn huỳnh thanh cần thơ,Khách sạn Cần Thơ,Lưu trú,In-scope Cần Thơ,Commercial Investigation,50,N/A,N/A,N/A,Planner (Trung bình),data/google_planner/can-tho/Keyword Stats 2026-02-23 at 11_18_37.csv,Viết bài top-list/so sánh; map vào cluster hub; bổ sung schema + ảnh/UGC,B,75.0,0%,0
khách sạn hà phương laviel cần thơ,Khách sạn Cần Thơ,Lưu trú,In-scope Cần Thơ,Commercial Investigation,50,N/A,N/A,N/A,Planner (Không xác định),data/google_planner/can-tho/Keyword Stats 2026-02-23 at 11_18_37.csv,Viết bài top-list/so sánh; map vào cluster hub; bổ sung schema + ảnh/UGC,B,75.0,0%,0
khách sạn hùng vương cần thơ,Khách sạn Cần Thơ,Lưu trú,In-scope Cần Thơ,Commercial Investigation,50,N/A,N/A,N/A,Planner (Trung bình),data/google_planner/can-tho/Keyword Stats 2026-02-23 at 11_18_37.csv,Viết bài top-list/so sánh; map vào cluster hub; bổ sung schema + ảnh/UGC,B,75.0,0%,0
khách sạn hạnh phát cần thơ,Khách sạn Cần Thơ,Lưu trú,In-scope Cần Thơ,Commercial Investigation,50,N/A,N/A,N/A,Planner (Thấp),data/google_planner/can-tho/Keyword Stats 2026-02-23 at 11_18_37.csv,Viết bài top-list/so sánh; map vào cluster hub; bổ sung schema + ảnh/UGC,B,75.0,0%,0
khách sạn hải đăng cần thơ,Khách sạn Cần Thơ,Lưu trú,In-scope Cần Thơ,Commercial Investigation,50,N/A,N/A,N/A,Planner (Thấp),data/google_planner/can-tho/Keyword Stats 2026-02-23 at 11_18_37.csv,Viết bài top-list/so sánh; map vào cluster hub; bổ sung schema + ảnh/UGC,B,75.0,0%,0
khách sạn hồng phát cần thơ,Khách sạn Cần Thơ,Lưu trú,In-scope Cần Thơ,Commercial Investigation,50,N/A,N/A,N/A,Planner (Thấp),data/google_planner/can-tho/Keyword Stats 2026-02-23 at 11_18_37.csv,Viết bài top-list/so sánh; map vào cluster hub; bổ sung schema + ảnh/UGC,B,75.0,0%,0
khách sạn hồng đào cần thơ,Khách sạn Cần Thơ,Lưu trú,In-scope Cần Thơ,Commercial Investigation,50,N/A,N/A,N/A,Planner (Thấp),data/google_planner/can-tho/Keyword Stats 2026-02-23 at 11_18_37.csv,Viết bài top-list/so sánh; map vào cluster hub; bổ sung schema + ảnh/UGC,B,75.0,-90.0%,0
khách sạn khoa phú cần thơ,Khách sạn Cần Thơ,Lưu trú,In-scope Cần Thơ,Commercial Investigation,50,N/A,N/A,N/A,Planner (Thấp),data/google_planner/can-tho/Keyword Stats 2026-02-23 at 11_18_37.csv,Viết bài top-list/so sánh; map vào cluster hub; bổ sung schema + ảnh/UGC,B,75.0,0%,0
khách sạn kim bên cần thơ,Khách sạn Cần Thơ,Lưu trú,In-scope Cần Thơ,Commercial Investigation,50,N/A,N/A,N/A,Planner (Không xác định),data/google_planner/can-tho/Keyword Stats 2026-02-23 at 11_18_37.csv,Viết bài top-list/so sánh; map vào cluster hub; bổ sung schema + ảnh/UGC,B,75.0,-100.0%,0
khách sạn kim phụng cần thơ,Khách sạn Cần Thơ,Lưu trú,In-scope Cần Thơ,Commercial Investigation,50,N/A,N/A,N/A,Planner (Trung bình),data/google_planner/can-tho/Keyword Stats 2026-02-23 at 11_18_37.csv,Viết bài top-list/so sánh; map vào cluster hub; bổ sung schema + ảnh/UGC,B,75.0,0%,0
khách sạn lee cần thơ,Khách sạn Cần Thơ,Lưu trú,In-scope Cần Thơ,Commercial Investigation,50,N/A,N/A,N/A,Planner (Cao),data/google_planner/can-tho/Keyword Stats 2026-02-23 at 11_18_37.csv,Viết bài top-list/so sánh; map vào cluster hub; bổ sung schema + ảnh/UGC,B,75.0,0%,0
khách sạn lâm hoàng cần thơ,Khách sạn Cần Thơ,Lưu trú,In-scope Cần Thơ,Commercial Investigation,50,N/A,N/A,N/A,Planner (Thấp),data/google_planner/can-tho/Keyword Stats 2026-02-23 at 11_18_37.csv,Viết bài top-list/so sánh; map vào cluster hub; bổ sung schema + ảnh/UGC,B,75.0,0%,0
khách sạn lê hà cần thơ,Khách sạn Cần Thơ,Lưu trú,In-scope Cần Thơ,Commercial Investigation,50,N/A,N/A,N/A,Planner (Không xác định),data/google_planner/can-tho/Keyword Stats 2026-02-23 at 11_18_37.csv,Viết bài top-list/so sánh; map vào cluster hub; bổ sung schema + ảnh/UGC,B,75.0,-100.0%,0
khách sạn lê kiều cần thơ,Khách sạn Cần Thơ,Lưu trú,In-scope Cần Thơ,Commercial Investigation,50,N/A,N/A,N/A,Planner (Trung bình),data/google_planner/can-tho/Keyword Stats 2026-02-23 at 11_18_37.csv,Viết bài top-list/so sánh; map vào cluster hub; bổ sung schema + ảnh/UGC,B,75.0,0%,0
khách sạn mekong 69 cần thơ,Khách sạn Cần Thơ,Lưu trú,In-scope Cần Thơ,Commercial Investigation,50,N/A,N/A,N/A,Planner (Thấp),data/google_planner/can-tho/Keyword Stats 2026-02-23 at 11_18_37.csv,Viết bài top-list/so sánh; map vào cluster hub; bổ sung schema + ảnh/UGC,B,75.0,0%,0
khách sạn minh nhựt cần thơ,Khách sạn Cần Thơ,Lưu trú,In-scope Cần Thơ,Commercial Investigation,50,N/A,N/A,N/A,Planner (Thấp),data/google_planner/can-tho/Keyword Stats 2026-02-23 at 11_18_37.csv,Viết bài top-list/so sánh; map vào cluster hub; bổ sung schema + ảnh/UGC,B,75.0,0%,0
khách sạn mis hostel cần thơ,Khách sạn Cần Thơ,Lưu trú,In-scope Cần Thơ,Commercial Investigation,50,N/A,N/A,N/A,Planner (Thấp),data/google_planner/can-tho/Keyword Stats 2026-02-23 at 11_18_37.csv,Viết bài top-list/so sánh; map vào cluster hub; bổ sung schema + ảnh/UGC,B,75.0,0%,0
khách sạn mạnh phát cần thơ,Khách sạn Cần Thơ,Lưu trú,In-scope Cần Thơ,Commercial Investigation,50,N/A,N/A,N/A,Planner (Thấp),data/google_planner/can-tho/Keyword Stats 2026-02-23 at 11_18_37.csv,Viết bài top-list/so sánh; map vào cluster hub; bổ sung schema + ảnh/UGC,B,75.0,0%,0
khách sạn mỹ khánh cần thơ,Khách sạn Cần Thơ,Lưu trú,In-scope Cần Thơ,Commercial Investigation,50,N/A,N/A,N/A,Planner (Trung bình),data/google_planner/can-tho/Keyword Stats 2026-02-23 at 11_18_37.csv,Viết bài top-list/so sánh; map vào cluster hub; bổ sung schema + ảnh/UGC,B,75.0,0%,0
khách sạn mỹ kim mekong cần thơ,Khách sạn Cần Thơ,Lưu trú,In-scope Cần Thơ,Commercial Investigation,50,N/A,N/A,N/A,Planner (Không xác định),data/google_planner/can-tho/Keyword Stats 2026-02-23 at 11_18_37.csv,Viết bài top-list/so sánh; map vào cluster hub; bổ sung schema + ảnh/UGC,B,75.0,0%,0
khách sạn nam môn 2 cần thơ,Khách sạn Cần Thơ,Lưu trú,In-scope Cần Thơ,Commercial Investigation,50,N/A,N/A,N/A,Planner (Trung bình),data/google_planner/can-tho/Keyword Stats 2026-02-23 at 11_18_37.csv,Viết bài top-list/so sánh; map vào cluster hub; bổ sung schema + ảnh/UGC,B,75.0,0%,0
khách sạn nam sơn cần thơ,Khách sạn Cần Thơ,Lưu trú,In-scope Cần Thơ,Commercial Investigation,50,N/A,N/A,N/A,Planner (Thấp),data/google_planner/can-tho/Keyword Stats 2026-02-23 at 11_18_37.csv,Viết bài top-list/so sánh; map vào cluster hub; bổ sung schema + ảnh/UGC,B,75.0,0%,0
khách sạn ngân hà cần thơ,Khách sạn Cần Thơ,Lưu trú,In-scope Cần Thơ,Commercial Investigation,50,N/A,N/A,N/A,Planner (Thấp),data/google_planner/can-tho/Keyword Stats 2026-02-23 at 11_18_37.csv,Viết bài top-list/so sánh; map vào cluster hub; bổ sung schema + ảnh/UGC,B,75.0,0%,0
khách sạn ngô đăng cần thơ,Khách sạn Cần Thơ,Lưu trú,In-scope Cần Thơ,Commercial Investigation,50,N/A,N/A,N/A,Planner (Không xác định),data/google_planner/can-tho/Keyword Stats 2026-02-23 at 11_18_37.csv,Viết bài top-list/so sánh; map vào cluster hub; bổ sung schema + ảnh/UGC,B,75.0,0%,0
khách sạn nhật hạ 1 cần thơ,Khách sạn Cần Thơ,Lưu trú,In-scope Cần Thơ,Commercial Investigation,50,N/A,N/A,N/A,Planner (Thấp),data/google_planner/can-tho/Keyword Stats 2026-02-23 at 11_18_37.csv,Viết bài top-list/so sánh; map vào cluster hub; bổ sung schema + ảnh/UGC,B,75.0,0%,0
khách sạn nhật hạ cần thơ,Khách sạn Cần Thơ,Lưu trú,In-scope Cần Thơ,Commercial Investigation,50,N/A,N/A,N/A,Planner (Thấp),data/google_planner/can-tho/Keyword Stats 2026-02-23 at 11_18_37.csv,Viết bài top-list/so sánh; map vào cluster hub; bổ sung schema + ảnh/UGC,B,75.0,0%,0
khách sạn olympus cần thơ,Khách sạn Cần Thơ,Lưu trú,In-scope Cần Thơ,Commercial Investigation,50,N/A,N/A,N/A,Planner (Không xác định),data/google_planner/can-tho/Keyword Stats 2026-02-23 at 11_18_37.csv,Viết bài top-list/so sánh; map vào cluster hub; bổ sung schema + ảnh/UGC,B,75.0,-100.0%,0
khách sạn phong nhã cần thơ,Khách sạn Cần Thơ,Lưu trú,In-scope Cần Thơ,Commercial Investigation,50,N/A,N/A,N/A,Planner (Cao),data/google_planner/can-tho/Keyword Stats 2026-02-23 at 11_18_37.csv,Viết bài top-list/so sánh; map vào cluster hub; bổ sung schema + ảnh/UGC,B,75.0,0%,0
khách sạn phú an cần thơ,Khách sạn Cần Thơ,Lưu trú,In-scope Cần Thơ,Commercial Investigation,50,N/A,N/A,N/A,Planner (Cao),data/google_planner/can-tho/Keyword Stats 2026-02-23 at 11_18_37.csv,Viết bài top-list/so sánh; map vào cluster hub; bổ sung schema + ảnh/UGC,B,75.0,0%,0
khách sạn phúc long cần thơ,Khách sạn Cần Thơ,Lưu trú,In-scope Cần Thơ,Commercial Investigation,50,N/A,N/A,N/A,Planner (Trung bình),data/google_planner/can-tho/Keyword Stats 2026-02-23 at 11_18_37.csv,Viết bài top-list/so sánh; map vào cluster hub; bổ sung schema + ảnh/UGC,B,75.0,0%,0
khách sạn phương anh cần thơ,Khách sạn Cần Thơ,Lưu trú,In-scope Cần Thơ,Commercial Investigation,50,N/A,N/A,N/A,Planner (Thấp),data/google_planner/can-tho/Keyword Stats 2026-02-23 at 11_18_37.csv,Viết bài top-list/so sánh; map vào cluster hub; bổ sung schema + ảnh/UGC,B,75.0,0%,0
khách sạn phương nguyễn cần thơ,Khách sạn Cần Thơ,Lưu trú,In-scope Cần Thơ,Commercial Investigation,50,N/A,N/A,N/A,Planner (Thấp),data/google_planner/can-tho/Keyword Stats 2026-02-23 at 11_18_37.csv,Viết bài top-list/so sánh; map vào cluster hub; bổ sung schema + ảnh/UGC,B,75.0,0%,0
khách sạn phương quang cần thơ,Khách sạn Cần Thơ,Lưu trú,In-scope Cần Thơ,Commercial Investigation,50,N/A,N/A,N/A,Planner (Thấp),data/google_planner/can-tho/Keyword Stats 2026-02-23 at 11_18_37.csv,Viết bài top-list/so sánh; map vào cluster hub; bổ sung schema + ảnh/UGC,B,75.0,0%,0
khách sạn phương thắng cần thơ,Khách sạn Cần Thơ,Lưu trú,In-scope Cần Thơ,Commercial Investigation,50,N/A,N/A,N/A,Planner (Thấp),data/google_planner/can-tho/Keyword Stats 2026-02-23 at 11_18_37.csv,Viết bài top-list/so sánh; map vào cluster hub; bổ sung schema + ảnh/UGC,B,75.0,0%,0
khách sạn phượng trân cần thơ,Khách sạn Cần Thơ,Lưu trú,In-scope Cần Thơ,Commercial Investigation,50,N/A,N/A,N/A,Planner (Không xác định),data/google_planner/can-tho/Keyword Stats 2026-02-23 at 11_18_37.csv,Viết bài top-list/so sánh; map vào cluster hub; bổ sung schema + ảnh/UGC,B,75.0,-100.0%,0
khách sạn quang sang cần thơ,Khách sạn Cần Thơ,Lưu trú,In-scope Cần Thơ,Commercial Investigation,50,N/A,N/A,N/A,Planner (Trung bình),data/google_planner/can-tho/Keyword Stats 2026-02-23 at 11_18_37.csv,Viết bài top-list/so sánh; map vào cluster hub; bổ sung schema + ảnh/UGC,B,75.0,0%,0
khách sạn quốc trung cần thơ,Khách sạn Cần Thơ,Lưu trú,In-scope Cần Thơ,Commercial Investigation,50,N/A,N/A,N/A,Planner (Không xác định),data/google_planner/can-tho/Keyword Stats 2026-02-23 at 11_18_37.csv,Viết bài top-list/so sánh; map vào cluster hub; bổ sung schema + ảnh/UGC,B,75.0,0%,0
khách sạn rẻ đẹp ở cần thơ,Khách sạn Cần Thơ,Lưu trú,In-scope Cần Thơ,Commercial Investigation,50,N/A,N/A,N/A,Planner (Không xác định),data/google_planner/can-tho/Keyword Stats 2026-02-23 at 11_18_37.csv,Viết bài top-list/so sánh; map vào cluster hub; bổ sung schema + ảnh/UGC,B,75.0,-100.0%,0
khách sạn rẻ ở cần thơ,Khách sạn Cần Thơ,Lưu trú,In-scope Cần Thơ,Commercial Investigation,50,N/A,N/A,N/A,Planner (Trung bình),data/google_planner/can-tho/Keyword Stats 2026-02-23 at 11_18_37.csv,Viết bài top-list/so sánh; map vào cluster hub; bổ sung schema + ảnh/UGC,B,75.0,0%,0
khách sạn sky view cần thơ,Khách sạn Cần Thơ,Lưu trú,In-scope Cần Thơ,Commercial Investigation,50,N/A,N/A,N/A,Planner (Trung bình),data/google_planner/can-tho/Keyword Stats 2026-02-23 at 11_18_37.csv,Viết bài top-list/so sánh; map vào cluster hub; bổ sung schema + ảnh/UGC,B,75.0,0%,0
khách sạn skyview cần thơ,Khách sạn Cần Thơ,Lưu trú,In-scope Cần Thơ,Commercial Investigation,50,N/A,N/A,N/A,Planner (Thấp),data/google_planner/can-tho/Keyword Stats 2026-02-23 at 11_18_37.csv,Viết bài top-list/so sánh; map vào cluster hub; bổ sung schema + ảnh/UGC,B,75.0,0%,0
khách sạn sân bay cần thơ,Khách sạn Cần Thơ,Lưu trú,In-scope Cần Thơ,Commercial Investigation,50,N/A,N/A,N/A,Planner (Cao),data/google_planner/can-tho/Keyword Stats 2026-02-23 at 11_18_37.csv,Viết bài top-list/so sánh; map vào cluster hub; bổ sung schema + ảnh/UGC,B,75.0,0%,0
khách sạn thanh bình cần thơ,Khách sạn Cần Thơ,Lưu trú,In-scope Cần Thơ,Commercial Investigation,50,N/A,N/A,N/A,Planner (Thấp),data/google_planner/can-tho/Keyword Stats 2026-02-23 at 11_18_37.csv,Viết bài top-list/so sánh; map vào cluster hub; bổ sung schema + ảnh/UGC,B,75.0,0%,0
khách sạn thanh hương cần thơ,Khách sạn Cần Thơ,Lưu trú,In-scope Cần Thơ,Commercial Investigation,50,N/A,N/A,N/A,Planner (Thấp),data/google_planner/can-tho/Keyword Stats 2026-02-23 at 11_18_37.csv,Viết bài top-list/so sánh; map vào cluster hub; bổ sung schema + ảnh/UGC,B,75.0,0%,0
khách sạn thanh hằng cần thơ,Khách sạn Cần Thơ,Lưu trú,In-scope Cần Thơ,Commercial Investigation,50,N/A,N/A,N/A,Planner (Thấp),data/google_planner/can-tho/Keyword Stats 2026-02-23 at 11_18_37.csv,Viết bài top-list/so sánh; map vào cluster hub; bổ sung schema + ảnh/UGC,B,75.0,0%,0
khách sạn thanh long cần thơ,Khách sạn Cần Thơ,Lưu trú,In-scope Cần Thơ,Commercial Investigation,50,N/A,N/A,N/A,Planner (Thấp),data/google_planner/can-tho/Keyword Stats 2026-02-23 at 11_18_37.csv,Viết bài top-list/so sánh; map vào cluster hub; bổ sung schema + ảnh/UGC,B,75.0,0%,0
khách sạn thanh thế cần thơ,Khách sạn Cần Thơ,Lưu trú,In-scope Cần Thơ,Commercial Investigation,50,N/A,N/A,N/A,Planner (Thấp),data/google_planner/can-tho/Keyword Stats 2026-02-23 at 11_18_37.csv,Viết bài top-list/so sánh; map vào cluster hub; bổ sung schema + ảnh/UGC,B,75.0,0%,0
khách sạn thu ngân cần thơ,Khách sạn Cần Thơ,Lưu trú,In-scope Cần Thơ,Commercial Investigation,50,N/A,N/A,N/A,Planner (Thấp),data/google_planner/can-tho/Keyword Stats 2026-02-23 at 11_18_37.csv,Viết bài top-list/so sánh; map vào cluster hub; bổ sung schema + ảnh/UGC,B,75.0,0%,0
khách sạn thuận phát cần thơ,Khách sạn Cần Thơ,Lưu trú,In-scope Cần Thơ,Commercial Investigation,50,N/A,N/A,N/A,Planner (Trung bình),data/google_planner/can-tho/Keyword Stats 2026-02-23 at 11_18_37.csv,Viết bài top-list/so sánh; map vào cluster hub; bổ sung schema + ảnh/UGC,B,75.0,0%,0
khách sạn thành đạt hoa viên cần thơ,Khách sạn Cần Thơ,Lưu trú,In-scope Cần Thơ,Commercial Investigation,50,N/A,N/A,N/A,Planner (Trung bình),data/google_planner/can-tho/Keyword Stats 2026-02-23 at 11_18_37.csv,Viết bài top-list/so sánh; map vào cluster hub; bổ sung schema + ảnh/UGC,B,75.0,0%,0
khách sạn trang nhung cần thơ,Khách sạn Cần Thơ,Lưu trú,In-scope Cần Thơ,Commercial Investigation,50,N/A,N/A,N/A,Planner (Thấp),data/google_planner/can-tho/Keyword Stats 2026-02-23 at 11_18_37.csv,Viết bài top-list/so sánh; map vào cluster hub; bổ sung schema + ảnh/UGC,B,75.0,0%,0
khách sạn trên đường 3 2 cần thơ,Khách sạn Cần Thơ,Lưu trú,In-scope Cần Thơ,Commercial Investigation,50,N/A,N/A,N/A,Planner (Trung bình),data/google_planner/can-tho/Keyword Stats 2026-02-23 at 11_18_37.csv,Viết bài top-list/so sánh; map vào cluster hub; bổ sung schema + ảnh/UGC,B,75.0,0%,0
khách sạn trên đường hai bà trưng cần thơ,Khách sạn Cần Thơ,Lưu trú,In-scope Cần Thơ,Commercial Investigation,50,N/A,N/A,N/A,Planner (Không xác định),data/google_planner/can-tho/Keyword Stats 2026-02-23 at 11_18_37.csv,Viết bài top-list/so sánh; map vào cluster hub; bổ sung schema + ảnh/UGC,B,75.0,-100.0%,0
khách sạn trên đường mậu thân cần thơ,Khách sạn Cần Thơ,Lưu trú,In-scope Cần Thơ,Commercial Investigation,50,N/A,N/A,N/A,Planner (Trung bình),data/google_planner/can-tho/Keyword Stats 2026-02-23 at 11_18_37.csv,Viết bài top-list/so sánh; map vào cluster hub; bổ sung schema + ảnh/UGC,B,75.0,0%,0
khách sạn trí thiện cần thơ,Khách sạn Cần Thơ,Lưu trú,In-scope Cần Thơ,Commercial Investigation,50,N/A,N/A,N/A,Planner (Không xác định),data/google_planner/can-tho/Keyword Stats 2026-02-23 at 11_18_37.csv,Viết bài top-list/so sánh; map vào cluster hub; bổ sung schema + ảnh/UGC,B,75.0,-100.0%,0
khách sạn trúc linh cần thơ,Khách sạn Cần Thơ,Lưu trú,In-scope Cần Thơ,Commercial Investigation,50,N/A,N/A,N/A,Planner (Thấp),data/google_planner/can-tho/Keyword Stats 2026-02-23 at 11_18_37.csv,Viết bài top-list/so sánh; map vào cluster hub; bổ sung schema + ảnh/UGC,B,75.0,0%,0
khách sạn trường lộc cần thơ,Khách sạn Cần Thơ,Lưu trú,In-scope Cần Thơ,Commercial Investigation,50,N/A,N/A,N/A,Planner (Thấp),data/google_planner/can-tho/Keyword Stats 2026-02-23 at 11_18_37.csv,Viết bài top-list/so sánh; map vào cluster hub; bổ sung schema + ảnh/UGC,B,75.0,0%,0
khách sạn trường phát cần thơ,Khách sạn Cần Thơ,Lưu trú,In-scope Cần Thơ,Commercial Investigation,50,N/A,N/A,N/A,Planner (Thấp),data/google_planner/can-tho/Keyword Stats 2026-02-23 at 11_18_37.csv,Viết bài top-list/so sánh; map vào cluster hub; bổ sung schema + ảnh/UGC,B,75.0,0%,0
khách sạn tulip cần thơ tulip hotel cantho,Khách sạn Cần Thơ,Lưu trú,In-scope Cần Thơ,Commercial Investigation,50,N/A,N/A,N/A,Planner (Không xác định),data/google_planner/can-tho/Keyword Stats 2026-02-23 at 11_18_37.csv,Viết bài top-list/so sánh; map vào cluster hub; bổ sung schema + ảnh/UGC,B,75.0,0%,0
khách sạn tân vạn xuân cần thơ,Khách sạn Cần Thơ,Lưu trú,In-scope Cần Thơ,Commercial Investigation,50,N/A,N/A,N/A,Planner (Thấp),data/google_planner/can-tho/Keyword Stats 2026-02-23 at 11_18_37.csv,Viết bài top-list/so sánh; map vào cluster hub; bổ sung schema + ảnh/UGC,B,75.0,0%,0
khách sạn tây nam bộ cần thơ,Khách sạn Cần Thơ,Lưu trú,In-scope Cần Thơ,Commercial Investigation,50,N/A,N/A,N/A,Planner (Trung bình),data/google_planner/can-tho/Keyword Stats 2026-02-23 at 11_18_37.csv,Viết bài top-list/so sánh; map vào cluster hub; bổ sung schema + ảnh/UGC,B,75.0,0%,0
khách sạn tây nam nguyễn trãi cần thơ,Khách sạn Cần Thơ,Lưu trú,In-scope Cần Thơ,Commercial Investigation,50,N/A,N/A,N/A,Planner (Không xác định),data/google_planner/can-tho/Keyword Stats 2026-02-23 at 11_18_37.csv,Viết bài top-list/so sánh; map vào cluster hub; bổ sung schema + ảnh/UGC,B,75.0,0%,0
khách sạn tây nam ở cần thơ,Khách sạn Cần Thơ,Lưu trú,In-scope Cần Thơ,Commercial Investigation,50,N/A,N/A,N/A,Planner (Thấp),data/google_planner/can-tho/Keyword Stats 2026-02-23 at 11_18_37.csv,Viết bài top-list/so sánh; map vào cluster hub; bổ sung schema + ảnh/UGC,B,75.0,0%,0
khách sạn tình dục cần thơ,Khách sạn Cần Thơ,Lưu trú,In-scope Cần Thơ,Commercial Investigation,50,N/A,N/A,N/A,Planner (Thấp),data/google_planner/can-tho/Keyword Stats 2026-02-23 at 11_18_37.csv,Viết bài top-list/so sánh; map vào cluster hub; bổ sung schema + ảnh/UGC,B,75.0,0%,0
khách sạn tại bình thủy cần thơ,Khách sạn Cần Thơ,Lưu trú,In-scope Cần Thơ,Commercial Investigation,50,N/A,N/A,N/A,Planner (Cao),data/google_planner/can-tho/Keyword Stats 2026-02-23 at 11_18_37.csv,Viết bài top-list/so sánh; map vào cluster hub; bổ sung schema + ảnh/UGC,B,75.0,0%,0
khách sạn tại trung tâm cần thơ,Khách sạn Cần Thơ,Lưu trú,In-scope Cần Thơ,Commercial Investigation,50,N/A,N/A,N/A,Planner (Không xác định),data/google_planner/can-tho/Keyword Stats 2026-02-23 at 11_18_37.csv,Viết bài top-list/so sánh; map vào cluster hub; bổ sung schema + ảnh/UGC,B,75.0,-100.0%,0
khách sạn tốt tại cần thơ,Khách sạn Cần Thơ,Lưu trú,In-scope Cần Thơ,Commercial Investigation,50,N/A,N/A,N/A,Planner (Cao),data/google_planner/can-tho/Keyword Stats 2026-02-23 at 11_18_37.csv,Viết bài top-list/so sánh; map vào cluster hub; bổ sung schema + ảnh/UGC,B,75.0,0%,0
khách sạn view đẹp ở cần thơ,Khách sạn Cần Thơ,Lưu trú,In-scope Cần Thơ,Commercial Investigation,50,N/A,N/A,N/A,Planner (Cao),data/google_planner/can-tho/Keyword Stats 2026-02-23 at 11_18_37.csv,Viết bài top-list/so sánh; map vào cluster hub; bổ sung schema + ảnh/UGC,B,75.0,0%,0
khách sạn vinpearl cần thơ giá phòng,Khách sạn Cần Thơ,Lưu trú,In-scope Cần Thơ,Transaction,50,N/A,N/A,N/A,Planner (Không xác định),data/google_planner/can-tho/Keyword Stats 2026-02-23 at 11_18_37.csv,"Tạo landing chuyển đổi (giá/vé/đặt chỗ), gom vào cluster page + build backlink nội bộ",B,75.0,0%,0
khách sạn viva cần thơ,Khách sạn Cần Thơ,Lưu trú,In-scope Cần Thơ,Commercial Investigation,50,N/A,N/A,N/A,Planner (Trung bình),data/google_planner/can-tho/Keyword Stats 2026-02-23 at 11_18_37.csv,Viết bài top-list/so sánh; map vào cluster hub; bổ sung schema + ảnh/UGC,B,75.0,0%,0
khách sạn viên cần thơ,Khách sạn Cần Thơ,Lưu trú,In-scope Cần Thơ,Commercial Investigation,50,N/A,N/A,N/A,Planner (Thấp),data/google_planner/can-tho/Keyword Stats 2026-02-23 at 11_18_37.csv,Viết bài top-list/so sánh; map vào cluster hub; bổ sung schema + ảnh/UGC,B,75.0,0%,0
khách sạn viễn đông 3 cần thơ,Khách sạn Cần Thơ,Lưu trú,In-scope Cần Thơ,Commercial Investigation,50,N/A,N/A,N/A,Planner (Cao),data/google_planner/can-tho/Keyword Stats 2026-02-23 at 11_18_37.csv,Viết bài top-list/so sánh; map vào cluster hub; bổ sung schema + ảnh/UGC,B,75.0,0%,0
khách sạn viễn đông cần thơ,Khách sạn Cần Thơ,Lưu trú,In-scope Cần Thơ,Commercial Investigation,50,N/A,N/A,N/A,Planner (Cao),data/google_planner/can-tho/Keyword Stats 2026-02-23 at 11_18_37.csv,Viết bài top-list/so sánh; map vào cluster hub; bổ sung schema + ảnh/UGC,B,75.0,0%,0
khách sạn việt phúc cần thơ,Khách sạn Cần Thơ,Lưu trú,In-scope Cần Thơ,Commercial Investigation,50,N/A,N/A,N/A,Planner (Trung bình),data/google_planner/can-tho/Keyword Stats 2026-02-23 at 11_18_37.csv,Viết bài top-list/so sánh; map vào cluster hub; bổ sung schema + ảnh/UGC,B,75.0,0%,0
khách sạn vàng ở cần thơ,Khách sạn Cần Thơ,Lưu trú,In-scope Cần Thơ,Commercial Investigation,50,N/A,N/A,N/A,Planner (Không xác định),data/google_planner/can-tho/Keyword Stats 2026-02-23 at 11_18_37.csv,Viết bài top-list/so sánh; map vào cluster hub; bổ sung schema + ảnh/UGC,B,75.0,0%,0
khách sạn vũ bình cần thơ,Khách sạn Cần Thơ,Lưu trú,In-scope Cần Thơ,Commercial Investigation,50,N/A,N/A,N/A,Planner (Thấp),data/google_planner/can-tho/Keyword Stats 2026-02-23 at 11_18_37.csv,Viết bài top-list/so sánh; map vào cluster hub; bổ sung schema + ảnh/UGC,B,75.0,0%,0
khách sạn vạn phúc cần thơ,Khách sạn Cần Thơ,Lưu trú,In-scope Cần Thơ,Commercial Investigation,50,N/A,N/A,N/A,Planner (Không xác định),data/google_planner/can-tho/Keyword Stats 2026-02-23 at 11_18_37.csv,Viết bài top-list/so sánh; map vào cluster hub; bổ sung schema + ảnh/UGC,B,75.0,-100.0%,0
khách sạn xoài cần thơ,Khách sạn Cần Thơ,Lưu trú,In-scope Cần Thơ,Commercial Investigation,50,N/A,N/A,N/A,Planner (Cao),data/google_planner/can-tho/Keyword Stats 2026-02-23 at 11_18_37.csv,Viết bài top-list/so sánh; map vào cluster hub; bổ sung schema + ảnh/UGC,B,75.0,0%,0
khách sạn xuân khánh cần thơ,Khách sạn Cần Thơ,Lưu trú,In-scope Cần Thơ,Commercial Investigation,50,N/A,N/A,N/A,Planner (Trung bình),data/google_planner/can-tho/Keyword Stats 2026-02-23 at 11_18_37.csv,Viết bài top-list/so sánh; map vào cluster hub; bổ sung schema + ảnh/UGC,B,75.0,0%,0
khách sạn xuân quang cần thơ,Khách sạn Cần Thơ,Lưu trú,In-scope Cần Thơ,Commercial Investigation,50,N/A,N/A,N/A,Planner (Thấp),data/google_planner/can-tho/Keyword Stats 2026-02-23 at 11_18_37.csv,Viết bài top-list/so sánh; map vào cluster hub; bổ sung schema + ảnh/UGC,B,75.0,0%,0
khách sạn đông nam cần thơ,Khách sạn Cần Thơ,Lưu trú,In-scope Cần Thơ,Commercial Investigation,50,N/A,N/A,N/A,Planner (Thấp),data/google_planner/can-tho/Keyword Stats 2026-02-23 at 11_18_37.csv,Viết bài top-list/so sánh; map vào cluster hub; bổ sung schema + ảnh/UGC,B,75.0,0%,0
khách sạn đông phương cần thơ,Khách sạn Cần Thơ,Lưu trú,In-scope Cần Thơ,Commercial Investigation,50,N/A,N/A,N/A,Planner (Thấp),data/google_planner/can-tho/Keyword Stats 2026-02-23 at 11_18_37.csv,Viết bài top-list/so sánh; map vào cluster hub; bổ sung schema + ảnh/UGC,B,75.0,0%,0
khách sạn đường châu văn liêm cần thơ,Khách sạn Cần Thơ,Lưu trú,In-scope Cần Thơ,Commercial Investigation,50,N/A,N/A,N/A,Planner (Trung bình),data/google_planner/can-tho/Keyword Stats 2026-02-23 at 11_18_37.csv,Viết bài top-list/so sánh; map vào cluster hub; bổ sung schema + ảnh/UGC,B,75.0,0%,0
khách sạn đại quang cần thơ,Khách sạn Cần Thơ,Lưu trú,In-scope Cần Thơ,Commercial Investigation,50,N/A,N/A,N/A,Planner (Trung bình),data/google_planner/can-tho/Keyword Stats 2026-02-23 at 11_18_37.csv,Viết bài top-list/so sánh; map vào cluster hub; bổ sung schema + ảnh/UGC,B,75.0,0%,0
khách sạn đẹp giá rẻ ở cần thơ,Khách sạn Cần Thơ,Lưu trú,In-scope Cần Thơ,Transaction,50,N/A,N/A,N/A,Planner (Cao),data/google_planner/can-tho/Keyword Stats 2026-02-23 at 11_18_37.csv,"Tạo landing chuyển đổi (giá/vé/đặt chỗ), gom vào cluster page + build backlink nội bộ",B,75.0,0%,0
khách sạn ở phường cái khế cần thơ,Khách sạn Cần Thơ,Lưu trú,In-scope Cần Thơ,Commercial Investigation,50,N/A,N/A,N/A,Planner (Cao),data/google_planner/can-tho/Keyword Stats 2026-02-23 at 11_18_37.csv,Viết bài top-list/so sánh; map vào cluster hub; bổ sung schema + ảnh/UGC,B,75.0,0%,0
khách sạn ở đường mậu thân cần thơ,Khách sạn Cần Thơ,Lưu trú,In-scope Cần Thơ,Commercial Investigation,50,N/A,N/A,N/A,Planner (Không xác định),data/google_planner/can-tho/Keyword Stats 2026-02-23 at 11_18_37.csv,Viết bài top-list/so sánh; map vào cluster hub; bổ sung schema + ảnh/UGC,B,75.0,-100.0%,0
kim long hotel cần thơ,Khách sạn Cần Thơ,Lưu trú,In-scope Cần Thơ,Commercial Investigation,50,N/A,N/A,N/A,Planner (Cao),data/google_planner/can-tho/Keyword Stats 2026-02-23 at 11_18_37.csv,Viết bài top-list/so sánh; map vào cluster hub; bổ sung schema + ảnh/UGC,B,75.0,0%,0
lâm hoàng hotel cần thơ,Khách sạn Cần Thơ,Lưu trú,In-scope Cần Thơ,Commercial Investigation,50,N/A,N/A,N/A,Planner (Không xác định),data/google_planner/can-tho/Keyword Stats 2026-02-23 at 11_18_37.csv,Viết bài top-list/so sánh; map vào cluster hub; bổ sung schema + ảnh/UGC,B,75.0,0%,0
mekong riverside resort cần thơ,Khách sạn Cần Thơ,Lưu trú,In-scope Cần Thơ,Commercial Investigation,50,N/A,N/A,N/A,Planner (Trung bình),data/google_planner/can-tho/Keyword Stats 2026-02-23 at 11_18_37.csv,Viết bài top-list/so sánh; map vào cluster hub; bổ sung schema + ảnh/UGC,B,75.0,0%,0
nam cần thơ hotel,Khách sạn Cần Thơ,Lưu trú,In-scope Cần Thơ,Commercial Investigation,50,N/A,N/A,N/A,Planner (Trung bình),data/google_planner/can-tho/Keyword Stats 2026-02-23 at 11_18_37.csv,Viết bài top-list/so sánh; map vào cluster hub; bổ sung schema + ảnh/UGC,B,75.0,0%,0
nama hotel cần thơ,Khách sạn Cần Thơ,Lưu trú,In-scope Cần Thơ,Commercial Investigation,50,N/A,N/A,N/A,Planner (Không xác định),data/google_planner/can-tho/Keyword Stats 2026-02-23 at 11_18_37.csv,Viết bài top-list/so sánh; map vào cluster hub; bổ sung schema + ảnh/UGC,B,75.0,-100.0%,0
nesta hotel can tho riverside,Khách sạn Cần Thơ,Lưu trú,In-scope Cần Thơ,Commercial Investigation,50,N/A,N/A,N/A,Planner (Thấp),data/google_planner/can-tho/Keyword Stats 2026-02-23 at 11_18_37.csv,Viết bài top-list/so sánh; map vào cluster hub; bổ sung schema + ảnh/UGC,B,75.0,0%,0
nhà hàng khách sạn cần thơ,Khách sạn Cần Thơ,Lưu trú,In-scope Cần Thơ,Commercial Investigation,50,N/A,N/A,N/A,Planner (Trung bình),data/google_planner/can-tho/Keyword Stats 2026-02-23 at 11_18_37.csv,Viết bài top-list/so sánh; map vào cluster hub; bổ sung schema + ảnh/UGC,B,75.0,0%,0
những khách sạn đẹp ở cần thơ,Khách sạn Cần Thơ,Lưu trú,In-scope Cần Thơ,Commercial Investigation,50,N/A,N/A,N/A,Planner (Cao),data/google_planner/can-tho/Keyword Stats 2026-02-23 at 11_18_37.csv,Viết bài top-list/so sánh; map vào cluster hub; bổ sung schema + ảnh/UGC,B,75.0,0%,0
những khách sạn ở cần thơ,Khách sạn Cần Thơ,Lưu trú,In-scope Cần Thơ,Commercial Investigation,50,N/A,N/A,N/A,Planner (Cao),data/google_planner/can-tho/Keyword Stats 2026-02-23 at 11_18_37.csv,Viết bài top-list/so sánh; map vào cluster hub; bổ sung schema + ảnh/UGC,B,75.0,0%,0
nên ở khách sạn nào ở cần thơ,Khách sạn Cần Thơ,Lưu trú,In-scope Cần Thơ,Commercial Investigation,50,N/A,N/A,N/A,Planner (Cao),data/google_planner/can-tho/Keyword Stats 2026-02-23 at 11_18_37.csv,Viết bài top-list/so sánh; map vào cluster hub; bổ sung schema + ảnh/UGC,B,75.0,0%,0
phuc long hotel cần thơ,Khách sạn Cần Thơ,Lưu trú,In-scope Cần Thơ,Commercial Investigation,50,N/A,N/A,N/A,Planner (Không xác định),data/google_planner/can-tho/Keyword Stats 2026-02-23 at 11_18_37.csv,Viết bài top-list/so sánh; map vào cluster hub; bổ sung schema + ảnh/UGC,B,75.0,0%,0
phương quang hotel cần thơ,Khách sạn Cần Thơ,Lưu trú,In-scope Cần Thơ,Commercial Investigation,50,N/A,N/A,N/A,Planner (Không xác định),data/google_planner/can-tho/Keyword Stats 2026-02-23 at 11_18_37.csv,Viết bài top-list/so sánh; map vào cluster hub; bổ sung schema + ảnh/UGC,B,75.0,0%,0
phương đông hotel cần thơ,Khách sạn Cần Thơ,Lưu trú,In-scope Cần Thơ,Commercial Investigation,50,N/A,N/A,N/A,Planner (Thấp),data/google_planner/can-tho/Keyword Stats 2026-02-23 at 11_18_37.csv,Viết bài top-list/so sánh; map vào cluster hub; bổ sung schema + ảnh/UGC,B,75.0,0%,0
resort ba láng cần thơ,Khách sạn Cần Thơ,Lưu trú,In-scope Cần Thơ,Commercial Investigation,50,N/A,N/A,N/A,Planner (Không xác định),data/google_planner/can-tho/Keyword Stats 2026-02-23 at 11_18_37.csv,Viết bài top-list/so sánh; map vào cluster hub; bổ sung schema + ảnh/UGC,B,75.0,-100.0%,0
resort mekong cần thơ,Khách sạn Cần Thơ,Lưu trú,In-scope Cần Thơ,Commercial Investigation,50,N/A,N/A,N/A,Planner (Cao),data/google_planner/can-tho/Keyword Stats 2026-02-23 at 11_18_37.csv,Viết bài top-list/so sánh; map vào cluster hub; bổ sung schema + ảnh/UGC,B,75.0,0%,0
resort mới ở cần thơ,Khách sạn Cần Thơ,Lưu trú,In-scope Cần Thơ,Commercial Investigation,50,N/A,N/A,N/A,Planner (Cao),data/google_planner/can-tho/Keyword Stats 2026-02-23 at 11_18_37.csv,Viết bài top-list/so sánh; map vào cluster hub; bổ sung schema + ảnh/UGC,B,75.0,0%,0
resort nam cần thơ,Khách sạn Cần Thơ,Lưu trú,In-scope Cần Thơ,Commercial Investigation,50,N/A,N/A,N/A,Planner (Thấp),data/google_planner/can-tho/Keyword Stats 2026-02-23 at 11_18_37.csv,Viết bài top-list/so sánh; map vào cluster hub; bổ sung schema + ảnh/UGC,B,75.0,0%,0
resort novaland cần thơ,Khách sạn Cần Thơ,Lưu trú,In-scope Cần Thơ,Commercial Investigation,50,N/A,N/A,N/A,Planner (Cao),data/google_planner/can-tho/Keyword Stats 2026-02-23 at 11_18_37.csv,Viết bài top-list/so sánh; map vào cluster hub; bổ sung schema + ảnh/UGC,B,75.0,0%,0
resort thành đạt hoa viên cần thơ,Khách sạn Cần Thơ,Lưu trú,In-scope Cần Thơ,Commercial Investigation,50,N/A,N/A,N/A,Planner (Không xác định),data/google_planner/can-tho/Keyword Stats 2026-02-23 at 11_18_37.csv,Viết bài top-list/so sánh; map vào cluster hub; bổ sung schema + ảnh/UGC,B,75.0,0%,0
resort vạn phát cần thơ,Khách sạn Cần Thơ,Lưu trú,In-scope Cần Thơ,Commercial Investigation,50,N/A,N/A,N/A,Planner (Thấp),data/google_planner/can-tho/Keyword Stats 2026-02-23 at 11_18_37.csv,Viết bài top-list/so sánh; map vào cluster hub; bổ sung schema + ảnh/UGC,B,75.0,0%,0
resort ở cồn ấu cần thơ,Khách sạn Cần Thơ,Lưu trú,In-scope Cần Thơ,Commercial Investigation,50,N/A,N/A,N/A,Planner (Cao),data/google_planner/can-tho/Keyword Stats 2026-02-23 at 11_18_37.csv,Viết bài top-list/so sánh; map vào cluster hub; bổ sung schema + ảnh/UGC,B,75.0,0%,0
skyview hotel cần thơ,Khách sạn Cần Thơ,Lưu trú,In-scope Cần Thơ,Commercial Investigation,50,N/A,N/A,N/A,Planner (Không xác định),data/google_planner/can-tho/Keyword Stats 2026-02-23 at 11_18_37.csv,Viết bài top-list/so sánh; map vào cluster hub; bổ sung schema + ảnh/UGC,B,75.0,-100.0%,0
soda hotel cần thơ,Khách sạn Cần Thơ,Lưu trú,In-scope Cần Thơ,Commercial Investigation,50,N/A,N/A,N/A,Planner (Thấp),data/google_planner/can-tho/Keyword Stats 2026-02-23 at 11_18_37.csv,Viết bài top-list/so sánh; map vào cluster hub; bổ sung schema + ảnh/UGC,B,75.0,0%,0
số điện thoại khách sạn cần thơ,Khách sạn Cần Thơ,Lưu trú,In-scope Cần Thơ,Commercial Investigation,50,N/A,N/A,N/A,Planner (Thấp),data/google_planner/can-tho/Keyword Stats 2026-02-23 at 11_18_37.csv,Viết bài top-list/so sánh; map vào cluster hub; bổ sung schema + ảnh/UGC,B,75.0,0%,0
số điện thoại khách sạn dona cần thơ,Khách sạn Cần Thơ,Lưu trú,In-scope Cần Thơ,Commercial Investigation,50,N/A,N/A,N/A,Planner (Trung bình),data/google_planner/can-tho/Keyword Stats 2026-02-23 at 11_18_37.csv,Viết bài top-list/so sánh; map vào cluster hub; bổ sung schema + ảnh/UGC,B,75.0,0%,0
số điện thoại khách sạn holiday cần thơ,Khách sạn Cần Thơ,Lưu trú,In-scope Cần Thơ,Commercial Investigation,50,N/A,N/A,N/A,Planner (Trung bình),data/google_planner/can-tho/Keyword Stats 2026-02-23 at 11_18_37.csv,Viết bài top-list/so sánh; map vào cluster hub; bổ sung schema + ảnh/UGC,B,75.0,0%,0
số điện thoại khách sạn iris cần thơ,Khách sạn Cần Thơ,Lưu trú,In-scope Cần Thơ,Commercial Investigation,50,N/A,N/A,N/A,Planner (Trung bình),data/google_planner/can-tho/Keyword Stats 2026-02-23 at 11_18_37.csv,Viết bài top-list/so sánh; map vào cluster hub; bổ sung schema + ảnh/UGC,B,75.0,0%,0
số điện thoại khách sạn kim thơ cần thơ,Khách sạn Cần Thơ,Lưu trú,In-scope Cần Thơ,Commercial Investigation,50,N/A,N/A,N/A,Planner (Trung bình),data/google_planner/can-tho/Keyword Stats 2026-02-23 at 11_18_37.csv,Viết bài top-list/so sánh; map vào cluster hub; bổ sung schema + ảnh/UGC,B,75.0,0%,0
số điện thoại khách sạn nesta cần thơ,Khách sạn Cần Thơ,Lưu trú,In-scope Cần Thơ,Commercial Investigation,50,N/A,N/A,N/A,Planner (Thấp),data/google_planner/can-tho/Keyword Stats 2026-02-23 at 11_18_37.csv,Viết bài top-list/so sánh; map vào cluster hub; bổ sung schema + ảnh/UGC,B,75.0,0%,0
số điện thoại khách sạn thanh thủy 2 cần thơ,Khách sạn Cần Thơ,Lưu trú,In-scope Cần Thơ,Commercial Investigation,50,N/A,N/A,N/A,Planner (Thấp),data/google_planner/can-tho/Keyword Stats 2026-02-23 at 11_18_37.csv,Viết bài top-list/so sánh; map vào cluster hub; bổ sung schema + ảnh/UGC,B,75.0,0%,0
số điện thoại khách sạn ttc cần thơ,Khách sạn Cần Thơ,Lưu trú,In-scope Cần Thơ,Commercial Investigation,50,N/A,N/A,N/A,Planner (Trung bình),data/google_planner/can-tho/Keyword Stats 2026-02-23 at 11_18_37.csv,Viết bài top-list/so sánh; map vào cluster hub; bổ sung schema + ảnh/UGC,B,75.0,0%,0
số điện thoại khách sạn tân tây đô cần thơ,Khách sạn Cần Thơ,Lưu trú,In-scope Cần Thơ,Commercial Investigation,50,N/A,N/A,N/A,Planner (Cao),data/google_planner/can-tho/Keyword Stats 2026-02-23 at 11_18_37.csv,Viết bài top-list/so sánh; map vào cluster hub; bổ sung schema + ảnh/UGC,B,75.0,0%,0
số điện thoại khách sạn vinpearl cần thơ,Khách sạn Cần Thơ,Lưu trú,In-scope Cần Thơ,Commercial Investigation,50,N/A,N/A,N/A,Planner (Trung bình),data/google_planner/can-tho/Keyword Stats 2026-02-23 at 11_18_37.csv,Viết bài top-list/so sánh; map vào cluster hub; bổ sung schema + ảnh/UGC,B,75.0,0%,0
số điện thoại khách sạn vạn phát cần thơ,Khách sạn Cần Thơ,Lưu trú,In-scope Cần Thơ,Commercial Investigation,50,N/A,N/A,N/A,Planner (Trung bình),data/google_planner/can-tho/Keyword Stats 2026-02-23 at 11_18_37.csv,Viết bài top-list/so sánh; map vào cluster hub; bổ sung schema + ảnh/UGC,B,75.0,0%,0
số điện thoại khách sạn west cần thơ,Khách sạn Cần Thơ,Lưu trú,In-scope Cần Thơ,Commercial Investigation,50,N/A,N/A,N/A,Planner (Không xác định),data/google_planner/can-tho/Keyword Stats 2026-02-23 at 11_18_37.csv,Viết bài top-list/so sánh; map vào cluster hub; bổ sung schema + ảnh/UGC,B,75.0,-100.0%,0
t house villa cần thơ,Khách sạn Cần Thơ,Lưu trú,In-scope Cần Thơ,Commercial Investigation,50,N/A,N/A,N/A,Planner (Không xác định),data/google_planner/can-tho/Keyword Stats 2026-02-23 at 11_18_37.csv,Viết bài top-list/so sánh; map vào cluster hub; bổ sung schema + ảnh/UGC,B,75.0,0%,0
thanh thủy hotel cần thơ,Khách sạn Cần Thơ,Lưu trú,In-scope Cần Thơ,Commercial Investigation,50,N/A,N/A,N/A,Planner (Thấp),data/google_planner/can-tho/Keyword Stats 2026-02-23 at 11_18_37.csv,Viết bài top-list/so sánh; map vào cluster hub; bổ sung schema + ảnh/UGC,B,75.0,0%,0
thành đạt hoa viên resort cần thơ,Khách sạn Cần Thơ,Lưu trú,In-scope Cần Thơ,Commercial Investigation,50,N/A,N/A,N/A,Planner (Trung bình),data/google_planner/can-tho/Keyword Stats 2026-02-23 at 11_18_37.csv,Viết bài top-list/so sánh; map vào cluster hub; bổ sung schema + ảnh/UGC,B,75.0,0%,0
thông tin khách sạn iris cần thơ,Khách sạn Cần Thơ,Lưu trú,In-scope Cần Thơ,Commercial Investigation,50,N/A,N/A,N/A,Planner (Không xác định),data/google_planner/can-tho/Keyword Stats 2026-02-23 at 11_18_37.csv,Viết bài top-list/so sánh; map vào cluster hub; bổ sung schema + ảnh/UGC,B,75.0,0%,0
tân tây đô hotel cần thơ,Khách sạn Cần Thơ,Lưu trú,In-scope Cần Thơ,Commercial Investigation,50,N/A,N/A,N/A,Planner (Không xác định),data/google_planner/can-tho/Keyword Stats 2026-02-23 at 11_18_37.csv,Viết bài top-list/so sánh; map vào cluster hub; bổ sung schema + ảnh/UGC,B,75.0,-100.0%,0
tây đô hotel cần thơ,Khách sạn Cần Thơ,Lưu trú,In-scope Cần Thơ,Commercial Investigation,50,N/A,N/A,N/A,Planner (Thấp),data/google_planner/can-tho/Keyword Stats 2026-02-23 at 11_18_37.csv,Viết bài top-list/so sánh; map vào cluster hub; bổ sung schema + ảnh/UGC,B,75.0,0%,0
tìm khách sạn tại cần thơ,Khách sạn Cần Thơ,Lưu trú,In-scope Cần Thơ,Commercial Investigation,50,N/A,N/A,N/A,Planner (Không xác định),data/google_planner/can-tho/Keyword Stats 2026-02-23 at 11_18_37.csv,Viết bài top-list/so sánh; map vào cluster hub; bổ sung schema + ảnh/UGC,B,75.0,-100.0%,0
tăng hà hotel cần thơ,Khách sạn Cần Thơ,Lưu trú,In-scope Cần Thơ,Commercial Investigation,50,N/A,N/A,N/A,Planner (Thấp),data/google_planner/can-tho/Keyword Stats 2026-02-23 at 11_18_37.csv,Viết bài top-list/so sánh; map vào cluster hub; bổ sung schema + ảnh/UGC,B,75.0,0%,0
villa central park cần thơ,Khách sạn Cần Thơ,Lưu trú,In-scope Cần Thơ,Commercial Investigation,50,N/A,N/A,N/A,Planner (Không xác định),data/google_planner/can-tho/Keyword Stats 2026-02-23 at 11_18_37.csv,Viết bài top-list/so sánh; map vào cluster hub; bổ sung schema + ảnh/UGC,B,75.0,-100.0%,0
xoài hotel cần thơ,Khách sạn Cần Thơ,Lưu trú,In-scope Cần Thơ,Commercial Investigation,50,N/A,N/A,N/A,Planner (Không xác định),data/google_planner/can-tho/Keyword Stats 2026-02-23 at 11_18_37.csv,Viết bài top-list/so sánh; map vào cluster hub; bổ sung schema + ảnh/UGC,B,75.0,-100.0%,0
đi cần thơ ở khách sạn nào,Khách sạn Cần Thơ,Lưu trú,In-scope Cần Thơ,Commercial Investigation,50,N/A,N/A,N/A,Planner (Cao),data/google_planner/can-tho/Keyword Stats 2026-02-23 at 11_18_37.csv,Viết bài top-list/so sánh; map vào cluster hub; bổ sung schema + ảnh/UGC,B,75.0,0%,0
đông hà hotel cần thơ,Khách sạn Cần Thơ,Lưu trú,In-scope Cần Thơ,Commercial Investigation,50,N/A,N/A,N/A,Planner (Trung bình),data/google_planner/can-tho/Keyword Stats 2026-02-23 at 11_18_37.csv,Viết bài top-list/so sánh; map vào cluster hub; bổ sung schema + ảnh/UGC,B,75.0,0%,0
đặt phòng khách sạn vinpearl cần thơ,Khách sạn Cần Thơ,Lưu trú,In-scope Cần Thơ,Commercial Investigation,50,N/A,N/A,N/A,Planner (Không xác định),data/google_planner/can-tho/Keyword Stats 2026-02-23 at 11_18_37.csv,Viết bài top-list/so sánh; map vào cluster hub; bổ sung schema + ảnh/UGC,B,75.0,0%,0
địa chỉ eco resort cần thơ,Khách sạn Cần Thơ,Lưu trú,In-scope Cần Thơ,Commercial Investigation,50,N/A,N/A,N/A,Planner (Thấp),data/google_planner/can-tho/Keyword Stats 2026-02-23 at 11_18_37.csv,Viết bài top-list/so sánh; map vào cluster hub; bổ sung schema + ảnh/UGC,B,75.0,0%,0
địa chỉ khách sạn công đoàn cần thơ,Khách sạn Cần Thơ,Lưu trú,In-scope Cần Thơ,Commercial Investigation,50,N/A,N/A,N/A,Planner (Thấp),data/google_planner/can-tho/Keyword Stats 2026-02-23 at 11_18_37.csv,Viết bài top-list/so sánh; map vào cluster hub; bổ sung schema + ảnh/UGC,B,75.0,0%,0
địa chỉ khách sạn holiday cần thơ,Khách sạn Cần Thơ,Lưu trú,In-scope Cần Thơ,Commercial Investigation,50,N/A,N/A,N/A,Planner (Thấp),data/google_planner/can-tho/Keyword Stats 2026-02-23 at 11_18_37.csv,Viết bài top-list/so sánh; map vào cluster hub; bổ sung schema + ảnh/UGC,B,75.0,0%,0
địa chỉ khách sạn ttc cần thơ,Khách sạn Cần Thơ,Lưu trú,In-scope Cần Thơ,Commercial Investigation,50,N/A,N/A,N/A,Planner (Thấp),data/google_planner/can-tho/Keyword Stats 2026-02-23 at 11_18_37.csv,Viết bài top-list/so sánh; map vào cluster hub; bổ sung schema + ảnh/UGC,B,75.0,0%,0
địa chỉ khách sạn victoria cần thơ,Khách sạn Cần Thơ,Lưu trú,In-scope Cần Thơ,Commercial Investigation,50,N/A,N/A,N/A,Planner (Thấp),data/google_planner/can-tho/Keyword Stats 2026-02-23 at 11_18_37.csv,Viết bài top-list/so sánh; map vào cluster hub; bổ sung schema + ảnh/UGC,B,75.0,0%,0
địa chỉ khách sạn vinpearl cần thơ,Khách sạn Cần Thơ,Lưu trú,In-scope Cần Thơ,Commercial Investigation,50,N/A,N/A,N/A,Planner (Không xác định),data/google_planner/can-tho/Keyword Stats 2026-02-23 at 11_18_37.csv,Viết bài top-list/so sánh; map vào cluster hub; bổ sung schema + ảnh/UGC,B,75.0,0%,0
địa chỉ khách sạn vạn phát cần thơ,Khách sạn Cần Thơ,Lưu trú,In-scope Cần Thơ,Commercial Investigation,50,N/A,N/A,N/A,Planner (Thấp),data/google_planner/can-tho/Keyword Stats 2026-02-23 at 11_18_37.csv,Viết bài top-list/so sánh; map vào cluster hub; bổ sung schema + ảnh/UGC,B,75.0,0%,0
khách sạn cần thơ,Khách sạn Cần Thơ,Lưu trú,In-scope Cần Thơ,Commercial Investigation,N/A,N/A,N/A,N/A,Trend SI:24 -10%,data/google_trend/searched_with_top-queries_VN_20250210-1748_20260210-1748.csv,Viết bài top-list/so sánh; map vào cluster hub; bổ sung schema + ảnh/UGC,B,36.0,-10%,N/A
ninh kiều riverside hotel,Khách sạn gần bến Ninh Kiều,Lưu trú,In-scope Cần Thơ,Commercial Investigation,5000,N/A,N/A,N/A,Planner (Trung bình),data/google_planner/can-tho/Keyword Stats 2026-02-23 at 11_18_37.csv,Viết bài top-list/so sánh; map vào cluster hub; bổ sung schema + ảnh/UGC,B,8250.0,-90.0%,"11,638"
ninh kiều riverside hotel cần thơ,Khách sạn gần bến Ninh Kiều,Lưu trú,In-scope Cần Thơ,Commercial Investigation,500,N/A,N/A,N/A,Planner (Trung bình),data/google_planner/can-tho/Keyword Stats 2026-02-23 at 11_18_37.csv,Viết bài top-list/so sánh; map vào cluster hub; bổ sung schema + ảnh/UGC,B,975.0,900.0%,"13,744"
khách sạn cần thơ gần bến ninh kiều,Khách sạn gần bến Ninh Kiều,Lưu trú,In-scope Cần Thơ,Commercial Investigation,500,N/A,N/A,N/A,Planner (Cao),data/google_planner/can-tho/Keyword Stats 2026-02-23 at 11_18_37.csv,Viết bài top-list/so sánh; map vào cluster hub; bổ sung schema + ảnh/UGC,B,825.0,0%,"22,638"
khách sạn ninh kiều,Khách sạn gần bến Ninh Kiều,Lưu trú,In-scope Cần Thơ,Commercial Investigation,500,N/A,N/A,N/A,Planner (Trung bình),data/google_planner/can-tho/Keyword Stats 2026-02-23 at 11_18_37.csv,Viết bài top-list/so sánh; map vào cluster hub; bổ sung schema + ảnh/UGC,B,825.0,0%,"9,250"
khach san ninh kieu riverside,Khách sạn gần bến Ninh Kiều,Lưu trú,In-scope Cần Thơ,Commercial Investigation,500,N/A,N/A,N/A,Planner (Trung bình),data/google_planner/can-tho/Keyword Stats 2026-02-23 at 11_18_37.csv,Viết bài top-list/so sánh; map vào cluster hub; bổ sung schema + ảnh/UGC,B,825.0,0%,"12,465"
khách sạn gần bến ninh kiều giá rẻ,Khách sạn gần bến Ninh Kiều,Lưu trú,In-scope Cần Thơ,Transaction,500,N/A,N/A,N/A,Planner (Cao),data/google_planner/can-tho/Keyword Stats 2026-02-23 at 11_18_37.csv,"Tạo landing chuyển đổi (giá/vé/đặt chỗ), gom vào cluster page + build backlink nội bộ",B,825.0,0%,"18,343"
khach san ninh kieu 1,Khách sạn gần bến Ninh Kiều,Lưu trú,In-scope Cần Thơ,Commercial Investigation,500,N/A,N/A,N/A,Planner (Trung bình),data/google_planner/can-tho/Keyword Stats 2026-02-23 at 11_18_37.csv,Viết bài top-list/so sánh; map vào cluster hub; bổ sung schema + ảnh/UGC,B,825.0,0%,"8,255"
khách sạn ở bến ninh kiều cần thơ,Khách sạn gần bến Ninh Kiều,Lưu trú,In-scope Cần Thơ,Commercial Investigation,500,N/A,N/A,N/A,Planner (Cao),data/google_planner/can-tho/Keyword Stats 2026-02-23 at 11_18_37.csv,Viết bài top-list/so sánh; map vào cluster hub; bổ sung schema + ảnh/UGC,B,825.0,-90.0%,"23,763"
ninh kiều 2 hotel,Khách sạn gần bến Ninh Kiều,Lưu trú,In-scope Cần Thơ,Commercial Investigation,500,N/A,N/A,N/A,Planner (Thấp),data/google_planner/can-tho/Keyword Stats 2026-02-23 at 11_18_37.csv,Viết bài top-list/so sánh; map vào cluster hub; bổ sung schema + ảnh/UGC,B,825.0,0%,"12,585"
ninh kiều hotel,Khách sạn gần bến Ninh Kiều,Lưu trú,In-scope Cần Thơ,Commercial Investigation,500,N/A,N/A,N/A,Planner (Cao),data/google_planner/can-tho/Keyword Stats 2026-02-23 at 11_18_37.csv,Viết bài top-list/so sánh; map vào cluster hub; bổ sung schema + ảnh/UGC,B,825.0,-90.0%,"14,711"
holiday one hotel cái khế ninh kiều cần thơ,Khách sạn gần bến Ninh Kiều,Lưu trú,In-scope Cần Thơ,Commercial Investigation,500,N/A,N/A,N/A,Planner (Thấp),data/google_planner/can-tho/Keyword Stats 2026-02-23 at 11_18_37.csv,Viết bài top-list/so sánh; map vào cluster hub; bổ sung schema + ảnh/UGC,B,825.0,0%,"8,296"
khách sạn 3 sao gần bến ninh kiều cần thơ,Khách sạn gần bến Ninh Kiều,Lưu trú,In-scope Cần Thơ,Commercial Investigation,500,N/A,N/A,N/A,Planner (Cao),data/google_planner/can-tho/Keyword Stats 2026-02-23 at 11_18_37.csv,Viết bài top-list/so sánh; map vào cluster hub; bổ sung schema + ảnh/UGC,B,825.0,-90.0%,"11,954"
ninh kieu hotel 2,Khách sạn gần bến Ninh Kiều,Lưu trú,In-scope Cần Thơ,Commercial Investigation,500,N/A,N/A,N/A,Planner (Thấp),data/google_planner/can-tho/Keyword Stats 2026-02-23 at 11_18_37.csv,Viết bài top-list/so sánh; map vào cluster hub; bổ sung schema + ảnh/UGC,B,825.0,0%,"12,585"
khách sạn thanh thủy bến ninh kiều,Khách sạn gần bến Ninh Kiều,Lưu trú,In-scope Cần Thơ,Commercial Investigation,500,N/A,N/A,N/A,Planner (Thấp),data/google_planner/can-tho/Keyword Stats 2026-02-23 at 11_18_37.csv,Viết bài top-list/so sánh; map vào cluster hub; bổ sung schema + ảnh/UGC,B,750.0,0%,0
khach san gan ben ninh kieu can tho,Khách sạn gần bến Ninh Kiều,Lưu trú,In-scope Cần Thơ,Commercial Investigation,50,N/A,N/A,N/A,Planner (Cao),data/google_planner/can-tho/Keyword Stats 2026-02-23 at 11_18_37.csv,Viết bài top-list/so sánh; map vào cluster hub; bổ sung schema + ảnh/UGC,B,82.50000000000001,0%,"26,083"
khach san gan ben ninh kieu,Khách sạn gần bến Ninh Kiều,Lưu trú,In-scope Cần Thơ,Commercial Investigation,50,N/A,N/A,N/A,Planner (Cao),data/google_planner/can-tho/Keyword Stats 2026-02-23 at 11_18_37.csv,Viết bài top-list/so sánh; map vào cluster hub; bổ sung schema + ảnh/UGC,B,82.50000000000001,0%,"18,336"
khach san ben ninh kieu,Khách sạn gần bến Ninh Kiều,Lưu trú,In-scope Cần Thơ,Commercial Investigation,50,N/A,N/A,N/A,Planner (Cao),data/google_planner/can-tho/Keyword Stats 2026-02-23 at 11_18_37.csv,Viết bài top-list/so sánh; map vào cluster hub; bổ sung schema + ảnh/UGC,B,82.50000000000001,0%,"20,552"
khach san can tho ninh kieu,Khách sạn gần bến Ninh Kiều,Lưu trú,In-scope Cần Thơ,Commercial Investigation,50,N/A,N/A,N/A,Planner (Cao),data/google_planner/can-tho/Keyword Stats 2026-02-23 at 11_18_37.csv,Viết bài top-list/so sánh; map vào cluster hub; bổ sung schema + ảnh/UGC,B,82.50000000000001,0%,"21,199"
khach san ninh kieu can tho,Khách sạn gần bến Ninh Kiều,Lưu trú,In-scope Cần Thơ,Commercial Investigation,50,N/A,N/A,N/A,Planner (Cao),data/google_planner/can-tho/Keyword Stats 2026-02-23 at 11_18_37.csv,Viết bài top-list/so sánh; map vào cluster hub; bổ sung schema + ảnh/UGC,B,82.50000000000001,0%,"19,217"
khach san ben ninh kieu can tho,Khách sạn gần bến Ninh Kiều,Lưu trú,In-scope Cần Thơ,Commercial Investigation,50,N/A,N/A,N/A,Planner (Cao),data/google_planner/can-tho/Keyword Stats 2026-02-23 at 11_18_37.csv,Viết bài top-list/so sánh; map vào cluster hub; bổ sung schema + ảnh/UGC,B,82.50000000000001,0%,"24,496"
khách sạn ở cần thơ gần bến ninh kiều,Khách sạn gần bến Ninh Kiều,Lưu trú,In-scope Cần Thơ,Commercial Investigation,50,N/A,N/A,N/A,Planner (Cao),data/google_planner/can-tho/Keyword Stats 2026-02-23 at 11_18_37.csv,Viết bài top-list/so sánh; map vào cluster hub; bổ sung schema + ảnh/UGC,B,82.50000000000001,-90.0%,"27,944"
khách sạn ở ninh kiều cần thơ,Khách sạn gần bến Ninh Kiều,Lưu trú,In-scope Cần Thơ,Commercial Investigation,50,N/A,N/A,N/A,Planner (Cao),data/google_planner/can-tho/Keyword Stats 2026-02-23 at 11_18_37.csv,Viết bài top-list/so sánh; map vào cluster hub; bổ sung schema + ảnh/UGC,B,82.50000000000001,0%,"19,737"
hotel can tho ninh kieu,Khách sạn gần bến Ninh Kiều,Lưu trú,In-scope Cần Thơ,Commercial Investigation,50,N/A,N/A,N/A,Planner (Cao),data/google_planner/can-tho/Keyword Stats 2026-02-23 at 11_18_37.csv,Viết bài top-list/so sánh; map vào cluster hub; bổ sung schema + ảnh/UGC,B,82.50000000000001,0%,"29,484"
khách sạn quận ninh kiều cần thơ,Khách sạn gần bến Ninh Kiều,Lưu trú,In-scope Cần Thơ,Commercial Investigation,50,N/A,N/A,N/A,Planner (Cao),data/google_planner/can-tho/Keyword Stats 2026-02-23 at 11_18_37.csv,Viết bài top-list/so sánh; map vào cluster hub; bổ sung schema + ảnh/UGC,B,82.50000000000001,0%,"10,907"
khách sạn cần thơ bến ninh kiều,Khách sạn gần bến Ninh Kiều,Lưu trú,In-scope Cần Thơ,Commercial Investigation,50,N/A,N/A,N/A,Planner (Cao),data/google_planner/can-tho/Keyword Stats 2026-02-23 at 11_18_37.csv,Viết bài top-list/so sánh; map vào cluster hub; bổ sung schema + ảnh/UGC,B,82.50000000000001,0%,"27,343"
khách sạn tại bến ninh kiều cần thơ,Khách sạn gần bến Ninh Kiều,Lưu trú,In-scope Cần Thơ,Commercial Investigation,50,N/A,N/A,N/A,Planner (Cao),data/google_planner/can-tho/Keyword Stats 2026-02-23 at 11_18_37.csv,Viết bài top-list/so sánh; map vào cluster hub; bổ sung schema + ảnh/UGC,B,82.50000000000001,0%,"18,747"
khách sạn cần thơ giá rẻ gần bến ninh kiều,Khách sạn gần bến Ninh Kiều,Lưu trú,In-scope Cần Thơ,Transaction,50,N/A,N/A,N/A,Planner (Cao),data/google_planner/can-tho/Keyword Stats 2026-02-23 at 11_18_37.csv,"Tạo landing chuyển đổi (giá/vé/đặt chỗ), gom vào cluster page + build backlink nội bộ",B,82.50000000000001,0%,"20,499"
khach san ninh kieu 2 can tho,Khách sạn gần bến Ninh Kiều,Lưu trú,In-scope Cần Thơ,Commercial Investigation,50,N/A,N/A,N/A,Planner (Cao),data/google_planner/can-tho/Keyword Stats 2026-02-23 at 11_18_37.csv,Viết bài top-list/so sánh; map vào cluster hub; bổ sung schema + ảnh/UGC,B,82.50000000000001,0%,"15,131"
khach san ninh kieu riverside can tho,Khách sạn gần bến Ninh Kiều,Lưu trú,In-scope Cần Thơ,Commercial Investigation,50,N/A,N/A,N/A,Planner (Cao),data/google_planner/can-tho/Keyword Stats 2026-02-23 at 11_18_37.csv,Viết bài top-list/so sánh; map vào cluster hub; bổ sung schema + ảnh/UGC,B,82.50000000000001,0%,"7,031"
khách sạn tại cần thơ gần bến ninh kiều,Khách sạn gần bến Ninh Kiều,Lưu trú,In-scope Cần Thơ,Commercial Investigation,50,N/A,N/A,N/A,Planner (Cao),data/google_planner/can-tho/Keyword Stats 2026-02-23 at 11_18_37.csv,Viết bài top-list/so sánh; map vào cluster hub; bổ sung schema + ảnh/UGC,B,82.50000000000001,0%,"25,749"
khách sạn ngay bến ninh kiều cần thơ,Khách sạn gần bến Ninh Kiều,Lưu trú,In-scope Cần Thơ,Commercial Investigation,50,N/A,N/A,N/A,Planner (Cao),data/google_planner/can-tho/Keyword Stats 2026-02-23 at 11_18_37.csv,Viết bài top-list/so sánh; map vào cluster hub; bổ sung schema + ảnh/UGC,B,82.50000000000001,0%,"17,684"
khách sạn tại ninh kiều cần thơ,Khách sạn gần bến Ninh Kiều,Lưu trú,In-scope Cần Thơ,Commercial Investigation,50,N/A,N/A,N/A,Planner (Cao),data/google_planner/can-tho/Keyword Stats 2026-02-23 at 11_18_37.csv,Viết bài top-list/so sánh; map vào cluster hub; bổ sung schema + ảnh/UGC,B,82.50000000000001,0%,"23,094"
khách sạn tại bến ninh kiều,Khách sạn gần bến Ninh Kiều,Lưu trú,In-scope Cần Thơ,Commercial Investigation,50,N/A,N/A,N/A,Planner (Cao),data/google_planner/can-tho/Keyword Stats 2026-02-23 at 11_18_37.csv,Viết bài top-list/so sánh; map vào cluster hub; bổ sung schema + ảnh/UGC,B,82.50000000000001,0%,"14,002"
khách sạn ở quận ninh kiều cần thơ,Khách sạn gần bến Ninh Kiều,Lưu trú,In-scope Cần Thơ,Commercial Investigation,50,N/A,N/A,N/A,Planner (Cao),data/google_planner/can-tho/Keyword Stats 2026-02-23 at 11_18_37.csv,Viết bài top-list/so sánh; map vào cluster hub; bổ sung schema + ảnh/UGC,B,82.50000000000001,0%,"12,258"
ninh kieu 2 hotel can tho,Khách sạn gần bến Ninh Kiều,Lưu trú,In-scope Cần Thơ,Commercial Investigation,50,N/A,N/A,N/A,Planner (Cao),data/google_planner/can-tho/Keyword Stats 2026-02-23 at 11_18_37.csv,Viết bài top-list/so sánh; map vào cluster hub; bổ sung schema + ảnh/UGC,B,82.50000000000001,0%,"20,450"
khách sạn gần ninh kiều cần thơ,Khách sạn gần bến Ninh Kiều,Lưu trú,In-scope Cần Thơ,Commercial Investigation,50,N/A,N/A,N/A,Planner (Trung bình),data/google_planner/can-tho/Keyword Stats 2026-02-23 at 11_18_37.csv,Viết bài top-list/so sánh; map vào cluster hub; bổ sung schema + ảnh/UGC,B,82.50000000000001,0%,"16,681"
khách sạn ở ninh kiều,Khách sạn gần bến Ninh Kiều,Lưu trú,In-scope Cần Thơ,Commercial Investigation,50,N/A,N/A,N/A,Planner (Cao),data/google_planner/can-tho/Keyword Stats 2026-02-23 at 11_18_37.csv,Viết bài top-list/so sánh; map vào cluster hub; bổ sung schema + ảnh/UGC,B,82.50000000000001,0%,"14,334"
các khách sạn gần bến ninh kiều cần thơ,Khách sạn gần bến Ninh Kiều,Lưu trú,In-scope Cần Thơ,Commercial Investigation,50,N/A,N/A,N/A,Planner (Cao),data/google_planner/can-tho/Keyword Stats 2026-02-23 at 11_18_37.csv,Viết bài top-list/so sánh; map vào cluster hub; bổ sung schema + ảnh/UGC,B,82.50000000000001,0%,"10,382"
giá khách sạn ninh kiều 2 cần thơ,Khách sạn gần bến Ninh Kiều,Lưu trú,In-scope Cần Thơ,Transaction,50,N/A,N/A,N/A,Planner (Cao),data/google_planner/can-tho/Keyword Stats 2026-02-23 at 11_18_37.csv,"Tạo landing chuyển đổi (giá/vé/đặt chỗ), gom vào cluster page + build backlink nội bộ",B,82.50000000000001,0%,"5,713"
giá khách sạn ninh kiều cần thơ,Khách sạn gần bến Ninh Kiều,Lưu trú,In-scope Cần Thơ,Transaction,50,N/A,N/A,N/A,Planner (Cao),data/google_planner/can-tho/Keyword Stats 2026-02-23 at 11_18_37.csv,"Tạo landing chuyển đổi (giá/vé/đặt chỗ), gom vào cluster page + build backlink nội bộ",B,82.50000000000001,0%,"14,332"
giá phòng khách sạn ninh kiều 2,Khách sạn gần bến Ninh Kiều,Lưu trú,In-scope Cần Thơ,Transaction,50,N/A,N/A,N/A,Planner (Cao),data/google_planner/can-tho/Keyword Stats 2026-02-23 at 11_18_37.csv,"Tạo landing chuyển đổi (giá/vé/đặt chỗ), gom vào cluster page + build backlink nội bộ",B,82.50000000000001,0%,"1,855"
giá phòng khách sạn ninh kiều cần thơ,Khách sạn gần bến Ninh Kiều,Lưu trú,In-scope Cần Thơ,Transaction,50,N/A,N/A,N/A,Planner (Cao),data/google_planner/can-tho/Keyword Stats 2026-02-23 at 11_18_37.csv,"Tạo landing chuyển đổi (giá/vé/đặt chỗ), gom vào cluster page + build backlink nội bộ",B,82.50000000000001,0%,"10,572"
giá phòng khách sạn ninh kiều riverside,Khách sạn gần bến Ninh Kiều,Lưu trú,In-scope Cần Thơ,Transaction,50,N/A,N/A,N/A,Planner (Cao),data/google_planner/can-tho/Keyword Stats 2026-02-23 at 11_18_37.csv,"Tạo landing chuyển đổi (giá/vé/đặt chỗ), gom vào cluster page + build backlink nội bộ",B,82.50000000000001,0%,"3,086"
hotel ninh kieu 2 can tho,Khách sạn gần bến Ninh Kiều,Lưu trú,In-scope Cần Thơ,Commercial Investigation,50,N/A,N/A,N/A,Planner (Cao),data/google_planner/can-tho/Keyword Stats 2026-02-23 at 11_18_37.csv,Viết bài top-list/so sánh; map vào cluster hub; bổ sung schema + ảnh/UGC,B,82.50000000000001,0%,"15,131"
hotel ninh kiều,Khách sạn gần bến Ninh Kiều,Lưu trú,In-scope Cần Thơ,Commercial Investigation,50,N/A,N/A,N/A,Planner (Trung bình),data/google_planner/can-tho/Keyword Stats 2026-02-23 at 11_18_37.csv,Viết bài top-list/so sánh; map vào cluster hub; bổ sung schema + ảnh/UGC,B,82.50000000000001,0%,"10,559"
khách sạn 3 sao cần thơ gần bến ninh kiều,Khách sạn gần bến Ninh Kiều,Lưu trú,In-scope Cần Thơ,Commercial Investigation,50,N/A,N/A,N/A,Planner (Cao),data/google_planner/can-tho/Keyword Stats 2026-02-23 at 11_18_37.csv,Viết bài top-list/so sánh; map vào cluster hub; bổ sung schema + ảnh/UGC,B,82.50000000000001,0%,"16,510"
khách sạn cần thơ gần bến ninh kiều giá rẻ,Khách sạn gần bến Ninh Kiều,Lưu trú,In-scope Cần Thơ,Transaction,50,N/A,N/A,N/A,Planner (Cao),data/google_planner/can-tho/Keyword Stats 2026-02-23 at 11_18_37.csv,"Tạo landing chuyển đổi (giá/vé/đặt chỗ), gom vào cluster page + build backlink nội bộ",B,82.50000000000001,0%,"11,499"
khách sạn giá rẻ gần bến ninh kiều,Khách sạn gần bến Ninh Kiều,Lưu trú,In-scope Cần Thơ,Transaction,50,N/A,N/A,N/A,Planner (Cao),data/google_planner/can-tho/Keyword Stats 2026-02-23 at 11_18_37.csv,"Tạo landing chuyển đổi (giá/vé/đặt chỗ), gom vào cluster page + build backlink nội bộ",B,82.50000000000001,0%,"25,572"
khách sạn lion cần thơ ninh kiều,Khách sạn gần bến Ninh Kiều,Lưu trú,In-scope Cần Thơ,Commercial Investigation,50,N/A,N/A,N/A,Planner (Trung bình),data/google_planner/can-tho/Keyword Stats 2026-02-23 at 11_18_37.csv,Viết bài top-list/so sánh; map vào cluster hub; bổ sung schema + ảnh/UGC,B,82.50000000000001,0%,"12,594"
khách sạn ngay bến ninh kiều,Khách sạn gần bến Ninh Kiều,Lưu trú,In-scope Cần Thơ,Commercial Investigation,50,N/A,N/A,N/A,Planner (Cao),data/google_planner/can-tho/Keyword Stats 2026-02-23 at 11_18_37.csv,Viết bài top-list/so sánh; map vào cluster hub; bổ sung schema + ảnh/UGC,B,82.50000000000001,0%,"19,261"
khách sạn ninh kiều 3,Khách sạn gần bến Ninh Kiều,Lưu trú,In-scope Cần Thơ,Commercial Investigation,50,N/A,N/A,N/A,Planner (Thấp),data/google_planner/can-tho/Keyword Stats 2026-02-23 at 11_18_37.csv,Viết bài top-list/so sánh; map vào cluster hub; bổ sung schema + ảnh/UGC,B,82.50000000000001,0%,"9,198"
khách sạn ninh kiều river cần thơ,Khách sạn gần bến Ninh Kiều,Lưu trú,In-scope Cần Thơ,Commercial Investigation,50,N/A,N/A,N/A,Planner (Cao),data/google_planner/can-tho/Keyword Stats 2026-02-23 at 11_18_37.csv,Viết bài top-list/so sánh; map vào cluster hub; bổ sung schema + ảnh/UGC,B,82.50000000000001,0%,"5,910"
khách sạn ninh kiều số 2 hai bà trưng,Khách sạn gần bến Ninh Kiều,Lưu trú,In-scope Cần Thơ,Commercial Investigation,50,N/A,N/A,N/A,Planner (Cao),data/google_planner/can-tho/Keyword Stats 2026-02-23 at 11_18_37.csv,Viết bài top-list/so sánh; map vào cluster hub; bổ sung schema + ảnh/UGC,B,82.50000000000001,0%,"10,212"
khách sạn quận ninh kiều,Khách sạn gần bến Ninh Kiều,Lưu trú,In-scope Cần Thơ,Commercial Investigation,50,N/A,N/A,N/A,Planner (Cao),data/google_planner/can-tho/Keyword Stats 2026-02-23 at 11_18_37.csv,Viết bài top-list/so sánh; map vào cluster hub; bổ sung schema + ảnh/UGC,B,82.50000000000001,0%,"11,015"
khách sạn ttc ninh kiều cần thơ,Khách sạn gần bến Ninh Kiều,Lưu trú,In-scope Cần Thơ,Commercial Investigation,50,N/A,N/A,N/A,Planner (Cao),data/google_planner/can-tho/Keyword Stats 2026-02-23 at 11_18_37.csv,Viết bài top-list/so sánh; map vào cluster hub; bổ sung schema + ảnh/UGC,B,82.50000000000001,0%,"8,137"
khách sạn tốt gần bến ninh kiều cần thơ,Khách sạn gần bến Ninh Kiều,Lưu trú,In-scope Cần Thơ,Commercial Investigation,50,N/A,N/A,N/A,Planner (Cao),data/google_planner/can-tho/Keyword Stats 2026-02-23 at 11_18_37.csv,Viết bài top-list/so sánh; map vào cluster hub; bổ sung schema + ảnh/UGC,B,82.50000000000001,0%,"19,797"
ninh kiều 1 hotel,Khách sạn gần bến Ninh Kiều,Lưu trú,In-scope Cần Thơ,Commercial Investigation,50,N/A,N/A,N/A,Planner (Cao),data/google_planner/can-tho/Keyword Stats 2026-02-23 at 11_18_37.csv,Viết bài top-list/so sánh; map vào cluster hub; bổ sung schema + ảnh/UGC,B,82.50000000000001,0%,"11,297"
ninh kiều hotel cần thơ,Khách sạn gần bến Ninh Kiều,Lưu trú,In-scope Cần Thơ,Commercial Investigation,50,N/A,N/A,N/A,Planner (Cao),data/google_planner/can-tho/Keyword Stats 2026-02-23 at 11_18_37.csv,Viết bài top-list/so sánh; map vào cluster hub; bổ sung schema + ảnh/UGC,B,82.50000000000001,0%,"15,912"
số điện thoại khách sạn ninh kiều 2,Khách sạn gần bến Ninh Kiều,Lưu trú,In-scope Cần Thơ,Commercial Investigation,50,N/A,N/A,N/A,Planner (Trung bình),data/google_planner/can-tho/Keyword Stats 2026-02-23 at 11_18_37.csv,Viết bài top-list/so sánh; map vào cluster hub; bổ sung schema + ảnh/UGC,B,82.50000000000001,0%,"5,638"
số điện thoại khách sạn ninh kiều 2 cần thơ,Khách sạn gần bến Ninh Kiều,Lưu trú,In-scope Cần Thơ,Commercial Investigation,50,N/A,N/A,N/A,Planner (Cao),data/google_planner/can-tho/Keyword Stats 2026-02-23 at 11_18_37.csv,Viết bài top-list/so sánh; map vào cluster hub; bổ sung schema + ảnh/UGC,B,82.50000000000001,0%,"3,367"
số điện thoại khách sạn ninh kiều cần thơ,Khách sạn gần bến Ninh Kiều,Lưu trú,In-scope Cần Thơ,Commercial Investigation,50,N/A,N/A,N/A,Planner (Cao),data/google_planner/can-tho/Keyword Stats 2026-02-23 at 11_18_37.csv,Viết bài top-list/so sánh; map vào cluster hub; bổ sung schema + ảnh/UGC,B,82.50000000000001,0%,"8,651"
đặt phòng khách sạn ninh kiều cần thơ,Khách sạn gần bến Ninh Kiều,Lưu trú,In-scope Cần Thơ,Commercial Investigation,50,N/A,N/A,N/A,Planner (Cao),data/google_planner/can-tho/Keyword Stats 2026-02-23 at 11_18_37.csv,Viết bài top-list/so sánh; map vào cluster hub; bổ sung schema + ảnh/UGC,B,82.50000000000001,0%,"13,858"
địa chỉ khách sạn ninh kiều cần thơ,Khách sạn gần bến Ninh Kiều,Lưu trú,In-scope Cần Thơ,Commercial Investigation,50,N/A,N/A,N/A,Planner (Cao),data/google_planner/can-tho/Keyword Stats 2026-02-23 at 11_18_37.csv,Viết bài top-list/so sánh; map vào cluster hub; bổ sung schema + ảnh/UGC,B,82.50000000000001,0%,"6,845"
khách sạn ninh kiêu 2,Khách sạn gần bến Ninh Kiều,Lưu trú,In-scope Cần Thơ,Commercial Investigation,50,N/A,N/A,N/A,Planner (Không xác định),data/google_planner/can-tho/Keyword Stats 2026-02-23 at 11_18_37.csv,Viết bài top-list/so sánh; map vào cluster hub; bổ sung schema + ảnh/UGC,B,75.0,-100.0%,0
khach san o ben ninh kieu,Khách sạn gần bến Ninh Kiều,Lưu trú,In-scope Cần Thơ,Commercial Investigation,50,N/A,N/A,N/A,Planner (Cao),data/google_planner/can-tho/Keyword Stats 2026-02-23 at 11_18_37.csv,Viết bài top-list/so sánh; map vào cluster hub; bổ sung schema + ảnh/UGC,B,75.0,0%,0
khách sạn ninh kieu 1 cần thơ,Khách sạn gần bến Ninh Kiều,Lưu trú,In-scope Cần Thơ,Commercial Investigation,50,N/A,N/A,N/A,Planner (Thấp),data/google_planner/can-tho/Keyword Stats 2026-02-23 at 11_18_37.csv,Viết bài top-list/so sánh; map vào cluster hub; bổ sung schema + ảnh/UGC,B,75.0,0%,0
các khách sạn gần bến ninh kiều,Khách sạn gần bến Ninh Kiều,Lưu trú,In-scope Cần Thơ,Commercial Investigation,50,N/A,N/A,N/A,Planner (Cao),data/google_planner/can-tho/Keyword Stats 2026-02-23 at 11_18_37.csv,Viết bài top-list/so sánh; map vào cluster hub; bổ sung schema + ảnh/UGC,B,75.0,0%,0
giá phòng khách sạn ninh kiều 1,Khách sạn gần bến Ninh Kiều,Lưu trú,In-scope Cần Thơ,Transaction,50,N/A,N/A,N/A,Planner (Không xác định),data/google_planner/can-tho/Keyword Stats 2026-02-23 at 11_18_37.csv,"Tạo landing chuyển đổi (giá/vé/đặt chỗ), gom vào cluster page + build backlink nội bộ",B,75.0,-100.0%,0
giới thiệu khách sạn ninh kiều riverside,Khách sạn gần bến Ninh Kiều,Lưu trú,In-scope Cần Thơ,Commercial Investigation,50,N/A,N/A,N/A,Planner (Trung bình),data/google_planner/can-tho/Keyword Stats 2026-02-23 at 11_18_37.csv,Viết bài top-list/so sánh; map vào cluster hub; bổ sung schema + ảnh/UGC,B,75.0,0%,0
hotel ninh kieu riverside can tho,Khách sạn gần bến Ninh Kiều,Lưu trú,In-scope Cần Thơ,Commercial Investigation,50,N/A,N/A,N/A,Planner (Cao),data/google_planner/can-tho/Keyword Stats 2026-02-23 at 11_18_37.csv,Viết bài top-list/so sánh; map vào cluster hub; bổ sung schema + ảnh/UGC,B,75.0,0%,0
khach san ninh kieu can tho 3 sao,Khách sạn gần bến Ninh Kiều,Lưu trú,In-scope Cần Thơ,Commercial Investigation,50,N/A,N/A,N/A,Planner (Không xác định),data/google_planner/can-tho/Keyword Stats 2026-02-23 at 11_18_37.csv,Viết bài top-list/so sánh; map vào cluster hub; bổ sung schema + ảnh/UGC,B,75.0,-100.0%,0
khách sạn 2 sao gần bến ninh kiều,Khách sạn gần bến Ninh Kiều,Lưu trú,In-scope Cần Thơ,Commercial Investigation,50,N/A,N/A,N/A,Planner (Thấp),data/google_planner/can-tho/Keyword Stats 2026-02-23 at 11_18_37.csv,Viết bài top-list/so sánh; map vào cluster hub; bổ sung schema + ảnh/UGC,B,75.0,0%,0
khách sạn giá rẻ ở bến ninh kiều,Khách sạn gần bến Ninh Kiều,Lưu trú,In-scope Cần Thơ,Transaction,50,N/A,N/A,N/A,Planner (Cao),data/google_planner/can-tho/Keyword Stats 2026-02-23 at 11_18_37.csv,"Tạo landing chuyển đổi (giá/vé/đặt chỗ), gom vào cluster page + build backlink nội bộ",B,75.0,0%,0
khách sạn giá rẻ ở ninh kiều cần thơ,Khách sạn gần bến Ninh Kiều,Lưu trú,In-scope Cần Thơ,Transaction,50,N/A,N/A,N/A,Planner (Trung bình),data/google_planner/can-tho/Keyword Stats 2026-02-23 at 11_18_37.csv,"Tạo landing chuyển đổi (giá/vé/đặt chỗ), gom vào cluster page + build backlink nội bộ",B,75.0,0%,0
khách sạn ninh kiều 2 hai bà trưng cần thơ,Khách sạn gần bến Ninh Kiều,Lưu trú,In-scope Cần Thơ,Commercial Investigation,50,N/A,N/A,N/A,Planner (Không xác định),data/google_planner/can-tho/Keyword Stats 2026-02-23 at 11_18_37.csv,Viết bài top-list/so sánh; map vào cluster hub; bổ sung schema + ảnh/UGC,B,75.0,0%,0
khách sạn ninh kiều 2 ở cần thơ,Khách sạn gần bến Ninh Kiều,Lưu trú,In-scope Cần Thơ,Commercial Investigation,50,N/A,N/A,N/A,Planner (Không xác định),data/google_planner/can-tho/Keyword Stats 2026-02-23 at 11_18_37.csv,Viết bài top-list/so sánh; map vào cluster hub; bổ sung schema + ảnh/UGC,B,75.0,-100.0%,0
khách sạn ninh kiều 3 cần thơ,Khách sạn gần bến Ninh Kiều,Lưu trú,In-scope Cần Thơ,Commercial Investigation,50,N/A,N/A,N/A,Planner (Cao),data/google_planner/can-tho/Keyword Stats 2026-02-23 at 11_18_37.csv,Viết bài top-list/so sánh; map vào cluster hub; bổ sung schema + ảnh/UGC,B,75.0,0%,0
khách sạn ninh kiều 3 sao cần thơ,Khách sạn gần bến Ninh Kiều,Lưu trú,In-scope Cần Thơ,Commercial Investigation,50,N/A,N/A,N/A,Planner (Cao),data/google_planner/can-tho/Keyword Stats 2026-02-23 at 11_18_37.csv,Viết bài top-list/so sánh; map vào cluster hub; bổ sung schema + ảnh/UGC,B,75.0,0%,0
khách sạn ninh kiều 4,Khách sạn gần bến Ninh Kiều,Lưu trú,In-scope Cần Thơ,Commercial Investigation,50,N/A,N/A,N/A,Planner (Cao),data/google_planner/can-tho/Keyword Stats 2026-02-23 at 11_18_37.csv,Viết bài top-list/so sánh; map vào cluster hub; bổ sung schema + ảnh/UGC,B,75.0,0%,0
khách sạn ninh kiều river,Khách sạn gần bến Ninh Kiều,Lưu trú,In-scope Cần Thơ,Commercial Investigation,50,N/A,N/A,N/A,Planner (Thấp),data/google_planner/can-tho/Keyword Stats 2026-02-23 at 11_18_37.csv,Viết bài top-list/so sánh; map vào cluster hub; bổ sung schema + ảnh/UGC,B,75.0,0%,0
khách sạn thanh thủy cần thơ bến ninh kiều,Khách sạn gần bến Ninh Kiều,Lưu trú,In-scope Cần Thơ,Commercial Investigation,50,N/A,N/A,N/A,Planner (Không xác định),data/google_planner/can-tho/Keyword Stats 2026-02-23 at 11_18_37.csv,Viết bài top-list/so sánh; map vào cluster hub; bổ sung schema + ảnh/UGC,B,75.0,0%,0
khách sạn vạn phát ninh kiều cần thơ,Khách sạn gần bến Ninh Kiều,Lưu trú,In-scope Cần Thơ,Commercial Investigation,50,N/A,N/A,N/A,Planner (Thấp),data/google_planner/can-tho/Keyword Stats 2026-02-23 at 11_18_37.csv,Viết bài top-list/so sánh; map vào cluster hub; bổ sung schema + ảnh/UGC,B,75.0,0%,0
khách sạn đẹp gần bến ninh kiều,Khách sạn gần bến Ninh Kiều,Lưu trú,In-scope Cần Thơ,Commercial Investigation,50,N/A,N/A,N/A,Planner (Cao),data/google_planner/can-tho/Keyword Stats 2026-02-23 at 11_18_37.csv,Viết bài top-list/so sánh; map vào cluster hub; bổ sung schema + ảnh/UGC,B,75.0,0%,0
nhà hàng khách sạn ninh kiều,Khách sạn gần bến Ninh Kiều,Lưu trú,In-scope Cần Thơ,Commercial Investigation,50,N/A,N/A,N/A,Planner (Trung bình),data/google_planner/can-tho/Keyword Stats 2026-02-23 at 11_18_37.csv,Viết bài top-list/so sánh; map vào cluster hub; bổ sung schema + ảnh/UGC,B,75.0,0%,0
nhà hàng khách sạn ninh kiều 2,Khách sạn gần bến Ninh Kiều,Lưu trú,In-scope Cần Thơ,Commercial Investigation,50,N/A,N/A,N/A,Planner (Thấp),data/google_planner/can-tho/Keyword Stats 2026-02-23 at 11_18_37.csv,Viết bài top-list/so sánh; map vào cluster hub; bổ sung schema + ảnh/UGC,B,75.0,0%,0
nhà hàng khách sạn ninh kiều 3,Khách sạn gần bến Ninh Kiều,Lưu trú,In-scope Cần Thơ,Commercial Investigation,50,N/A,N/A,N/A,Planner (Thấp),data/google_planner/can-tho/Keyword Stats 2026-02-23 at 11_18_37.csv,Viết bài top-list/so sánh; map vào cluster hub; bổ sung schema + ảnh/UGC,B,75.0,0%,0
ninh kiều cần thơ hotel,Khách sạn gần bến Ninh Kiều,Lưu trú,In-scope Cần Thơ,Commercial Investigation,50,N/A,N/A,N/A,Planner (Cao),data/google_planner/can-tho/Keyword Stats 2026-02-23 at 11_18_37.csv,Viết bài top-list/so sánh; map vào cluster hub; bổ sung schema + ảnh/UGC,B,75.0,0%,0
số điện thoại khách sạn ninh kiều 1 cần thơ,Khách sạn gần bến Ninh Kiều,Lưu trú,In-scope Cần Thơ,Commercial Investigation,50,N/A,N/A,N/A,Planner (Thấp),data/google_planner/can-tho/Keyword Stats 2026-02-23 at 11_18_37.csv,Viết bài top-list/so sánh; map vào cluster hub; bổ sung schema + ảnh/UGC,B,75.0,0%,0
địa chỉ khách sạn ninh kiều 2,Khách sạn gần bến Ninh Kiều,Lưu trú,In-scope Cần Thơ,Commercial Investigation,50,N/A,N/A,N/A,Planner (Thấp),data/google_planner/can-tho/Keyword Stats 2026-02-23 at 11_18_37.csv,Viết bài top-list/so sánh; map vào cluster hub; bổ sung schema + ảnh/UGC,B,75.0,0%,0
khách sạn mương thanh cần thơ,Khách sạn Mường Thanh Cần Thơ,Lưu trú,In-scope Cần Thơ,Commercial Investigation,5000,N/A,N/A,N/A,Planner (Cao),data/google_planner/can-tho/Keyword Stats 2026-02-23 at 11_18_37.csv,Viết bài top-list/so sánh; map vào cluster hub; bổ sung schema + ảnh/UGC,B,8250.0,0%,"16,787"
khách sạn mường thanh luxury cần thơ,Khách sạn Mường Thanh Cần Thơ,Lưu trú,In-scope Cần Thơ,Commercial Investigation,8100,N/A,N/A,N/A,Low (0),data/seo_insider/advance_search_report.csv,Viết bài top-list/so sánh; map vào cluster hub; bổ sung schema + ảnh/UGC,B,8100.0,N/A,N/A
mường thanh luxury cần thơ hotel,Khách sạn Mường Thanh Cần Thơ,Lưu trú,In-scope Cần Thơ,Commercial Investigation,50,N/A,N/A,N/A,Planner (Trung bình),data/google_planner/can-tho/Keyword Stats 2026-02-23 at 11_18_37.csv,Viết bài top-list/so sánh; map vào cluster hub; bổ sung schema + ảnh/UGC,B,82.50000000000001,0%,"16,500"
mường thanh hotel cần thơ,Khách sạn Mường Thanh Cần Thơ,Lưu trú,In-scope Cần Thơ,Commercial Investigation,50,N/A,N/A,N/A,Planner (Cao),data/google_planner/can-tho/Keyword Stats 2026-02-23 at 11_18_37.csv,Viết bài top-list/so sánh; map vào cluster hub; bổ sung schema + ảnh/UGC,B,82.50000000000001,0%,"15,716"
đặt phòng khách sạn mường thanh cần thơ,Khách sạn Mường Thanh Cần Thơ,Lưu trú,In-scope Cần Thơ,Commercial Investigation,50,N/A,N/A,N/A,Planner (Cao),data/google_planner/can-tho/Keyword Stats 2026-02-23 at 11_18_37.csv,Viết bài top-list/so sánh; map vào cluster hub; bổ sung schema + ảnh/UGC,B,82.50000000000001,0%,"34,015"
gia khach san muong thanh can tho,Khách sạn Mường Thanh Cần Thơ,Lưu trú,In-scope Cần Thơ,Transaction,50,N/A,N/A,N/A,Planner (Cao),data/google_planner/can-tho/Keyword Stats 2026-02-23 at 11_18_37.csv,"Tạo landing chuyển đổi (giá/vé/đặt chỗ), gom vào cluster page + build backlink nội bộ",B,82.50000000000001,0%,"8,678"
giá phòng khách sạn mường thanh cần thơ,Khách sạn Mường Thanh Cần Thơ,Lưu trú,In-scope Cần Thơ,Transaction,50,N/A,N/A,N/A,Planner (Cao),data/google_planner/can-tho/Keyword Stats 2026-02-23 at 11_18_37.csv,"Tạo landing chuyển đổi (giá/vé/đặt chỗ), gom vào cluster page + build backlink nội bộ",B,82.50000000000001,0%,"3,860"
hotel mường thanh cần thơ,Khách sạn Mường Thanh Cần Thơ,Lưu trú,In-scope Cần Thơ,Commercial Investigation,50,N/A,N/A,N/A,Planner (Cao),data/google_planner/can-tho/Keyword Stats 2026-02-23 at 11_18_37.csv,Viết bài top-list/so sánh; map vào cluster hub; bổ sung schema + ảnh/UGC,B,82.50000000000001,0%,"13,283"
khách sạn mường thanh cần thơ giá phòng,Khách sạn Mường Thanh Cần Thơ,Lưu trú,In-scope Cần Thơ,Transaction,50,N/A,N/A,N/A,Planner (Cao),data/google_planner/can-tho/Keyword Stats 2026-02-23 at 11_18_37.csv,"Tạo landing chuyển đổi (giá/vé/đặt chỗ), gom vào cluster page + build backlink nội bộ",B,82.50000000000001,0%,"3,634"
khách sạn mường thanh cần thơ mấy sao,Khách sạn Mường Thanh Cần Thơ,Lưu trú,In-scope Cần Thơ,Commercial Investigation,50,N/A,N/A,N/A,Planner (Cao),data/google_planner/can-tho/Keyword Stats 2026-02-23 at 11_18_37.csv,Viết bài top-list/so sánh; map vào cluster hub; bổ sung schema + ảnh/UGC,B,82.50000000000001,0%,"12,799"
khách sạn mường thanh cần thơ địa chỉ,Khách sạn Mường Thanh Cần Thơ,Lưu trú,In-scope Cần Thơ,Commercial Investigation,50,N/A,N/A,N/A,Planner (Trung bình),data/google_planner/can-tho/Keyword Stats 2026-02-23 at 11_18_37.csv,Viết bài top-list/so sánh; map vào cluster hub; bổ sung schema + ảnh/UGC,B,82.50000000000001,0%,"12,932"
khách sạn mường thanh tại cần thơ,Khách sạn Mường Thanh Cần Thơ,Lưu trú,In-scope Cần Thơ,Commercial Investigation,50,N/A,N/A,N/A,Planner (Cao),data/google_planner/can-tho/Keyword Stats 2026-02-23 at 11_18_37.csv,Viết bài top-list/so sánh; map vào cluster hub; bổ sung schema + ảnh/UGC,B,82.50000000000001,0%,"35,049"
khách sạn mường thanh ở cần thơ,Khách sạn Mường Thanh Cần Thơ,Lưu trú,In-scope Cần Thơ,Commercial Investigation,50,N/A,N/A,N/A,Planner (Cao),data/google_planner/can-tho/Keyword Stats 2026-02-23 at 11_18_37.csv,Viết bài top-list/so sánh; map vào cluster hub; bổ sung schema + ảnh/UGC,B,82.50000000000001,0%,"9,816"
review khách sạn mường thanh cần thơ,Khách sạn Mường Thanh Cần Thơ,Lưu trú,In-scope Cần Thơ,Commercial Investigation,50,N/A,N/A,N/A,Planner (Trung bình),data/google_planner/can-tho/Keyword Stats 2026-02-23 at 11_18_37.csv,Viết bài top-list/so sánh; map vào cluster hub; bổ sung schema + ảnh/UGC,B,82.50000000000001,0%,"7,617"
số điện thoại khách sạn mường thanh cần thơ,Khách sạn Mường Thanh Cần Thơ,Lưu trú,In-scope Cần Thơ,Commercial Investigation,50,N/A,N/A,N/A,Planner (Cao),data/google_planner/can-tho/Keyword Stats 2026-02-23 at 11_18_37.csv,Viết bài top-list/so sánh; map vào cluster hub; bổ sung schema + ảnh/UGC,B,82.50000000000001,0%,"17,782"
địa chỉ khách sạn mường thanh cần thơ,Khách sạn Mường Thanh Cần Thơ,Lưu trú,In-scope Cần Thơ,Commercial Investigation,50,N/A,N/A,N/A,Planner (Trung bình),data/google_planner/can-tho/Keyword Stats 2026-02-23 at 11_18_37.csv,Viết bài top-list/so sánh; map vào cluster hub; bổ sung schema + ảnh/UGC,B,82.50000000000001,0%,"12,820"
các loại phòng của khách sạn mường thanh cần thơ,Khách sạn Mường Thanh Cần Thơ,Lưu trú,In-scope Cần Thơ,Commercial Investigation,50,N/A,N/A,N/A,Planner (Không xác định),data/google_planner/can-tho/Keyword Stats 2026-02-23 at 11_18_37.csv,Viết bài top-list/so sánh; map vào cluster hub; bổ sung schema + ảnh/UGC,B,75.0,0%,0
hồ bơi khách sạn mường thanh cần thơ,Khách sạn Mường Thanh Cần Thơ,Lưu trú,In-scope Cần Thơ,Commercial Investigation,50,N/A,N/A,N/A,Planner (Thấp),data/google_planner/can-tho/Keyword Stats 2026-02-23 at 11_18_37.csv,Viết bài top-list/so sánh; map vào cluster hub; bổ sung schema + ảnh/UGC,B,75.0,0%,0
lịch sử hình thành khách sạn mường thanh cần thơ,Khách sạn Mường Thanh Cần Thơ,Lưu trú,In-scope Cần Thơ,Commercial Investigation,50,N/A,N/A,N/A,Planner (Không xác định),data/google_planner/can-tho/Keyword Stats 2026-02-23 at 11_18_37.csv,Viết bài top-list/so sánh; map vào cluster hub; bổ sung schema + ảnh/UGC,B,75.0,-100.0%,0
so dien thoai khach san muong thanh can tho,Khách sạn Mường Thanh Cần Thơ,Lưu trú,In-scope Cần Thơ,Commercial Investigation,50,N/A,N/A,N/A,Planner (Cao),data/google_planner/can-tho/Keyword Stats 2026-02-23 at 11_18_37.csv,Viết bài top-list/so sánh; map vào cluster hub; bổ sung schema + ảnh/UGC,B,75.0,0%,0
nhà cổ bình thủy ở cần thơ,Nhà cổ Bình Thuỷ,Địa danh tham quan / Văn hóa - Lịch sử,In-scope Cần Thơ,Informational,50,N/A,N/A,N/A,Planner (Thấp),data/google_planner/can-tho/Keyword Stats 2026-02-23 at 11_18_37.csv,Viết guide/review; ưu tiên long-tail; tạo topic hub và internal link về trang dịch vụ,B,50.0,0%,0
tour du lịch cần thơ phú quốc bằng máy bay,Phú Quốc Trip,Di chuyển,Out-of-scope Phú Quốc,Commercial Investigation,50,N/A,N/A,N/A,Planner (Trung bình),data/google_planner/can-tho/Keyword Stats 2026-02-23 at 11_18_37.csv,Viết bài top-list/so sánh; map vào cluster hub; bổ sung schema + ảnh/UGC,B,55.00000000000001,0%,"3,418"
du lịch phú quốc khởi hành từ cần thơ,Phú Quốc Trip,Tổng hợp,Out-of-scope Phú Quốc,Informational,50,N/A,N/A,N/A,Planner (Cao),data/google_planner/can-tho/Keyword Stats 2026-02-23 at 11_18_37.csv,Viết guide/review; ưu tiên long-tail; tạo topic hub và internal link về trang dịch vụ,B,55.00000000000001,0%,"4,552"
du lịch phú quốc từ cần thơ,Phú Quốc Trip,Tổng hợp,Out-of-scope Phú Quốc,Informational,50,N/A,N/A,N/A,Planner (Cao),data/google_planner/can-tho/Keyword Stats 2026-02-23 at 11_18_37.csv,Viết guide/review; ưu tiên long-tail; tạo topic hub và internal link về trang dịch vụ,B,55.00000000000001,0%,"4,539"
tour du lịch phú quốc khởi hành từ cần thơ,Phú Quốc Trip,Di chuyển,Out-of-scope Phú Quốc,Commercial Investigation,50,N/A,N/A,N/A,Planner (Trung bình),data/google_planner/can-tho/Keyword Stats 2026-02-23 at 11_18_37.csv,Viết bài top-list/so sánh; map vào cluster hub; bổ sung schema + ảnh/UGC,B,55.00000000000001,0%,"4,393"
tour phú quốc cần thơ,Phú Quốc Trip,Di chuyển,Out-of-scope Phú Quốc,Commercial Investigation,50,N/A,N/A,N/A,Planner (Trung bình),data/google_planner/can-tho/Keyword Stats 2026-02-23 at 11_18_37.csv,Viết bài top-list/so sánh; map vào cluster hub; bổ sung schema + ảnh/UGC,B,55.00000000000001,0%,"4,914"
tour phú quốc khởi hành từ cần thơ,Phú Quốc Trip,Di chuyển,Out-of-scope Phú Quốc,Commercial Investigation,50,N/A,N/A,N/A,Planner (Trung bình),data/google_planner/can-tho/Keyword Stats 2026-02-23 at 11_18_37.csv,Viết bài top-list/so sánh; map vào cluster hub; bổ sung schema + ảnh/UGC,B,55.00000000000001,0%,"4,539"
tour phú quốc từ cần thơ,Phú Quốc Trip,Di chuyển,Out-of-scope Phú Quốc,Commercial Investigation,50,N/A,N/A,N/A,Planner (Trung bình),data/google_planner/can-tho/Keyword Stats 2026-02-23 at 11_18_37.csv,Viết bài top-list/so sánh; map vào cluster hub; bổ sung schema + ảnh/UGC,B,55.00000000000001,0%,"4,539"
du lịch phú quốc cần thơ,Phú Quốc Trip,Tổng hợp,Out-of-scope Phú Quốc,Informational,50,N/A,N/A,N/A,Planner (Cao),data/google_planner/can-tho/Keyword Stats 2026-02-23 at 11_18_37.csv,Viết guide/review; ưu tiên long-tail; tạo topic hub và internal link về trang dịch vụ,B,50.0,0%,0
tour du lịch phú quốc từ cần thơ,Phú Quốc Trip,Di chuyển,Out-of-scope Phú Quốc,Commercial Investigation,50,N/A,N/A,N/A,Planner (Trung bình),data/google_planner/can-tho/Keyword Stats 2026-02-23 at 11_18_37.csv,Viết bài top-list/so sánh; map vào cluster hub; bổ sung schema + ảnh/UGC,B,50.0,0%,0
tour phú quốc 3 ngày 2 đêm từ cần thơ,Phú Quốc Trip,Di chuyển,Out-of-scope Phú Quốc,Transaction,50,N/A,N/A,N/A,Planner (Trung bình),data/google_planner/can-tho/Keyword Stats 2026-02-23 at 11_18_37.csv,"Tạo landing chuyển đổi (giá/vé/đặt chỗ), gom vào cluster page + build backlink nội bộ",B,50.0,0%,0
tour đi phú quốc từ cần thơ,Phú Quốc Trip,Di chuyển,Out-of-scope Phú Quốc,Commercial Investigation,50,N/A,N/A,N/A,Planner (Cao),data/google_planner/can-tho/Keyword Stats 2026-02-23 at 11_18_37.csv,Viết bài top-list/so sánh; map vào cluster hub; bổ sung schema + ảnh/UGC,B,50.0,0%,0
tour sapa từ cần thơ,Sapa Trip,Di chuyển,Out-of-scope Sapa,Commercial Investigation,50,N/A,N/A,N/A,Planner (Trung bình),data/google_planner/can-tho/Keyword Stats 2026-02-23 at 11_18_37.csv,Viết bài top-list/so sánh; map vào cluster hub; bổ sung schema + ảnh/UGC,B,55.00000000000001,0%,"2,961"
cần thơ sapa,Sapa Trip,Tổng hợp,Out-of-scope Sapa,Informational,50,N/A,N/A,N/A,Planner (Thấp),data/google_planner/can-tho/Keyword Stats 2026-02-23 at 11_18_37.csv,Viết guide/review; ưu tiên long-tail; tạo topic hub và internal link về trang dịch vụ,B,50.0,0%,0
du lịch cần thơ sapa,Sapa Trip,Tổng hợp,Out-of-scope Sapa,Informational,50,N/A,N/A,N/A,Planner (Cao),data/google_planner/can-tho/Keyword Stats 2026-02-23 at 11_18_37.csv,Viết guide/review; ưu tiên long-tail; tạo topic hub và internal link về trang dịch vụ,B,50.0,0%,0
du lịch sapa từ cần thơ,Sapa Trip,Tổng hợp,Out-of-scope Sapa,Informational,50,N/A,N/A,N/A,Planner (Cao),data/google_planner/can-tho/Keyword Stats 2026-02-23 at 11_18_37.csv,Viết guide/review; ưu tiên long-tail; tạo topic hub và internal link về trang dịch vụ,B,50.0,0%,0
tour du lịch cần thơ đi sapa,Sapa Trip,Di chuyển,Out-of-scope Sapa,Commercial Investigation,50,N/A,N/A,N/A,Planner (Trung bình),data/google_planner/can-tho/Keyword Stats 2026-02-23 at 11_18_37.csv,Viết bài top-list/so sánh; map vào cluster hub; bổ sung schema + ảnh/UGC,B,50.0,0%,0
tour du lịch sapa từ cần thơ,Sapa Trip,Di chuyển,Out-of-scope Sapa,Commercial Investigation,50,N/A,N/A,N/A,Planner (Không xác định),data/google_planner/can-tho/Keyword Stats 2026-02-23 at 11_18_37.csv,Viết bài top-list/so sánh; map vào cluster hub; bổ sung schema + ảnh/UGC,B,50.0,-100.0%,0
tour sapa khởi hành từ cần thơ,Sapa Trip,Di chuyển,Out-of-scope Sapa,Commercial Investigation,50,N/A,N/A,N/A,Planner (Không xác định),data/google_planner/can-tho/Keyword Stats 2026-02-23 at 11_18_37.csv,Viết bài top-list/so sánh; map vào cluster hub; bổ sung schema + ảnh/UGC,B,50.0,0%,0
sài gòn cần thơ hotel,Sài Gòn Trip,Lưu trú,Out-of-scope Sài Gòn,Commercial Investigation,50,N/A,N/A,N/A,Planner (Cao),data/google_planner/can-tho/Keyword Stats 2026-02-23 at 11_18_37.csv,Viết bài top-list/so sánh; map vào cluster hub; bổ sung schema + ảnh/UGC,B,82.50000000000001,0%,"13,287"
khách sạn sai gon can tho,Sài Gòn Trip,Lưu trú,Out-of-scope Sài Gòn,Commercial Investigation,50,N/A,N/A,N/A,Planner (Trung bình),data/google_planner/can-tho/Keyword Stats 2026-02-23 at 11_18_37.csv,Viết bài top-list/so sánh; map vào cluster hub; bổ sung schema + ảnh/UGC,B,75.0,0%,0
số điện thoại khách sạn sài gòn cần thơ,Sài Gòn Trip,Lưu trú,Out-of-scope Sài Gòn,Commercial Investigation,50,N/A,N/A,N/A,Planner (Trung bình),data/google_planner/can-tho/Keyword Stats 2026-02-23 at 11_18_37.csv,Viết bài top-list/so sánh; map vào cluster hub; bổ sung schema + ảnh/UGC,B,75.0,0%,0
ks sài gòn cần thơ,Sài Gòn Trip,Tổng hợp,Out-of-scope Sài Gòn,Informational,50,N/A,N/A,N/A,Planner (Cao),data/google_planner/can-tho/Keyword Stats 2026-02-23 at 11_18_37.csv,Viết guide/review; ưu tiên long-tail; tạo topic hub và internal link về trang dịch vụ,B,55.00000000000001,0%,"9,868"
tour du lịch sài gòn cần thơ,Sài Gòn Trip,Di chuyển,Out-of-scope Sài Gòn,Commercial Investigation,50,N/A,N/A,N/A,Planner (Cao),data/google_planner/can-tho/Keyword Stats 2026-02-23 at 11_18_37.csv,Viết bài top-list/so sánh; map vào cluster hub; bổ sung schema + ảnh/UGC,B,55.00000000000001,0%,"16,339"
tour sai gon can tho,Sài Gòn Trip,Di chuyển,Out-of-scope Sài Gòn,Commercial Investigation,50,N/A,N/A,N/A,Planner (Cao),data/google_planner/can-tho/Keyword Stats 2026-02-23 at 11_18_37.csv,Viết bài top-list/so sánh; map vào cluster hub; bổ sung schema + ảnh/UGC,B,55.00000000000001,0%,"19,847"
du lich sai gon can tho,Sài Gòn Trip,Tổng hợp,Out-of-scope Sài Gòn,Informational,50,N/A,N/A,N/A,Planner (Không xác định),data/google_planner/can-tho/Keyword Stats 2026-02-23 at 11_18_37.csv,Viết guide/review; ưu tiên long-tail; tạo topic hub và internal link về trang dịch vụ,B,50.0,0%,0
thiền viện trúc lâm,Thiền viện Trúc Lâm Phương Nam,Địa danh tham quan / Văn hóa - Lịch sử,In-scope Cần Thơ,Informational,14800,N/A,N/A,N/A,Low (0),data/seo_insider/advance_search_report.csv,Viết guide/review; ưu tiên long-tail; tạo topic hub và internal link về trang dịch vụ,B,14800.0,N/A,N/A
thiền viện trúc lâm chánh giác,Thiền viện Trúc Lâm Phương Nam,Địa danh tham quan / Văn hóa - Lịch sử,In-scope Cần Thơ,Informational,12100,N/A,N/A,N/A,Low (0),data/seo_insider/advance_search_report.csv,Viết guide/review; ưu tiên long-tail; tạo topic hub và internal link về trang dịch vụ,B,12100.0,N/A,N/A
thiền viện trúc lâm đà lạt,Thiền viện Trúc Lâm Phương Nam,Địa danh tham quan / Văn hóa - Lịch sử,In-scope Cần Thơ,Informational,12100,N/A,N/A,N/A,Low (0),data/seo_insider/advance_search_report.csv,Viết guide/review; ưu tiên long-tail; tạo topic hub và internal link về trang dịch vụ,B,12100.0,N/A,N/A
thiền viện trúc lâm tây thiên,Thiền viện Trúc Lâm Phương Nam,Địa danh tham quan / Văn hóa - Lịch sử,In-scope Cần Thơ,Informational,5400,N/A,N/A,N/A,Low (0),data/seo_insider/advance_search_report.csv,Viết guide/review; ưu tiên long-tail; tạo topic hub và internal link về trang dịch vụ,B,5400.0,N/A,N/A
thiền viện trúc lâm cần thơ,Thiền viện Trúc Lâm Phương Nam,Địa danh tham quan / Văn hóa - Lịch sử,In-scope Cần Thơ,Informational,5000,N/A,N/A,N/A,Planner (Thấp),data/google_planner/can-tho/Keyword Stats 2026-02-23 at 11_18_37.csv,Viết guide/review; ưu tiên long-tail; tạo topic hub và internal link về trang dịch vụ,B,5000.0,0%,0
chùa thiền viện trúc lâm cần thơ,Thiền viện Trúc Lâm Phương Nam,Địa danh tham quan / Văn hóa - Lịch sử,In-scope Cần Thơ,Informational,50,N/A,N/A,N/A,Planner (Thấp),data/google_planner/can-tho/Keyword Stats 2026-02-23 at 11_18_37.csv,Viết guide/review; ưu tiên long-tail; tạo topic hub và internal link về trang dịch vụ,B,50.0,0%,0
thien vien truc lam phuong nam can tho,Thiền viện Trúc Lâm Phương Nam,Địa danh tham quan / Văn hóa - Lịch sử,In-scope Cần Thơ,Informational,50,N/A,N/A,N/A,Planner (Thấp),data/google_planner/can-tho/Keyword Stats 2026-02-23 at 11_18_37.csv,Viết guide/review; ưu tiên long-tail; tạo topic hub và internal link về trang dịch vụ,B,50.0,0%,0
thiền viện trúc lâm ở cần thơ,Thiền viện Trúc Lâm Phương Nam,Địa danh tham quan / Văn hóa - Lịch sử,In-scope Cần Thơ,Informational,50,N/A,N/A,N/A,Planner (Thấp),data/google_planner/can-tho/Keyword Stats 2026-02-23 at 11_18_37.csv,Viết guide/review; ưu tiên long-tail; tạo topic hub và internal link về trang dịch vụ,B,50.0,0%,0
tour can tho,Tour Cần Thơ,Di chuyển,In-scope Cần Thơ,Commercial Investigation,500,N/A,N/A,N/A,Planner (Thấp),data/google_planner/can-tho/Keyword Stats 2026-02-23 at 11_18_37.csv,Viết bài top-list/so sánh; map vào cluster hub; bổ sung schema + ảnh/UGC,B,650.0,900.0%,"33,327"
tour du lich cần thơ,Tour Cần Thơ,Di chuyển,In-scope Cần Thơ,Commercial Investigation,500,N/A,N/A,N/A,Planner (Trung bình),data/google_planner/can-tho/Keyword Stats 2026-02-23 at 11_18_37.csv,Viết bài top-list/so sánh; map vào cluster hub; bổ sung schema + ảnh/UGC,B,550.0,0%,"10,231"
tour cần thơ 2 ngày 1 đêm,Tour Cần Thơ,Di chuyển,In-scope Cần Thơ,Transaction,500,N/A,N/A,N/A,Planner (Trung bình),data/google_planner/can-tho/Keyword Stats 2026-02-23 at 11_18_37.csv,"Tạo landing chuyển đổi (giá/vé/đặt chỗ), gom vào cluster page + build backlink nội bộ",B,550.0,0%,"14,349"
tour miền tây từ cần thơ,Tour Cần Thơ,Di chuyển,In-scope Cần Thơ,Commercial Investigation,50,N/A,N/A,N/A,Planner (Cao),data/google_planner/can-tho/Keyword Stats 2026-02-23 at 11_18_37.csv,Viết bài top-list/so sánh; map vào cluster hub; bổ sung schema + ảnh/UGC,B,55.00000000000001,0%,"10,331"
tour đi cần thơ 2 ngày 1 đêm,Tour Cần Thơ,Di chuyển,In-scope Cần Thơ,Transaction,50,N/A,N/A,N/A,Planner (Cao),data/google_planner/can-tho/Keyword Stats 2026-02-23 at 11_18_37.csv,"Tạo landing chuyển đổi (giá/vé/đặt chỗ), gom vào cluster page + build backlink nội bộ",B,55.00000000000001,0%,"16,153"
tour cho noi can tho,Tour Cần Thơ,Di chuyển,In-scope Cần Thơ,Commercial Investigation,50,N/A,N/A,N/A,Planner (Cao),data/google_planner/can-tho/Keyword Stats 2026-02-23 at 11_18_37.csv,Viết bài top-list/so sánh; map vào cluster hub; bổ sung schema + ảnh/UGC,B,55.00000000000001,0%,"17,584"
tour miền tây 3 ngày 2 đêm từ cần thơ,Tour Cần Thơ,Di chuyển,In-scope Cần Thơ,Transaction,50,N/A,N/A,N/A,Planner (Trung bình),data/google_planner/can-tho/Keyword Stats 2026-02-23 at 11_18_37.csv,"Tạo landing chuyển đổi (giá/vé/đặt chỗ), gom vào cluster page + build backlink nội bộ",B,55.00000000000001,0%,"11,752"
tour du lịch cần thơ 3 ngày 2 đêm,Tour Cần Thơ,Di chuyển,In-scope Cần Thơ,Transaction,50,N/A,N/A,N/A,Planner (Trung bình),data/google_planner/can-tho/Keyword Stats 2026-02-23 at 11_18_37.csv,"Tạo landing chuyển đổi (giá/vé/đặt chỗ), gom vào cluster page + build backlink nội bộ",B,55.00000000000001,0%,"16,289"
tour du lịch cần thơ 1 ngày,Tour Cần Thơ,Di chuyển,In-scope Cần Thơ,Transaction,50,N/A,N/A,N/A,Planner (Trung bình),data/google_planner/can-tho/Keyword Stats 2026-02-23 at 11_18_37.csv,"Tạo landing chuyển đổi (giá/vé/đặt chỗ), gom vào cluster page + build backlink nội bộ",B,55.00000000000001,0%,"6,261"
tour cần thơ 4 ngày 3 đêm,Tour Cần Thơ,Di chuyển,In-scope Cần Thơ,Transaction,50,N/A,N/A,N/A,Planner (Trung bình),data/google_planner/can-tho/Keyword Stats 2026-02-23 at 11_18_37.csv,"Tạo landing chuyển đổi (giá/vé/đặt chỗ), gom vào cluster page + build backlink nội bộ",B,55.00000000000001,0%,"15,262"
tour chợ nổi cái răng cần thơ,Tour Cần Thơ,Di chuyển,In-scope Cần Thơ,Commercial Investigation,50,N/A,N/A,N/A,Planner (Cao),data/google_planner/can-tho/Keyword Stats 2026-02-23 at 11_18_37.csv,Viết bài top-list/so sánh; map vào cluster hub; bổ sung schema + ảnh/UGC,B,55.00000000000001,0%,"9,999"
tour du lịch miền tây từ cần thơ,Tour Cần Thơ,Di chuyển,In-scope Cần Thơ,Commercial Investigation,50,N/A,N/A,N/A,Planner (Cao),data/google_planner/can-tho/Keyword Stats 2026-02-23 at 11_18_37.csv,Viết bài top-list/so sánh; map vào cluster hub; bổ sung schema + ảnh/UGC,B,55.00000000000001,0%,"11,922"
tour cần thơ nửa ngày,Tour Cần Thơ,Di chuyển,In-scope Cần Thơ,Commercial Investigation,50,N/A,N/A,N/A,Planner (Trung bình),data/google_planner/can-tho/Keyword Stats 2026-02-23 at 11_18_37.csv,Viết bài top-list/so sánh; map vào cluster hub; bổ sung schema + ảnh/UGC,B,55.00000000000001,0%,"7,576"
tour miền tây 2 ngày 1 đêm từ cần thơ,Tour Cần Thơ,Di chuyển,In-scope Cần Thơ,Transaction,50,N/A,N/A,N/A,Planner (Cao),data/google_planner/can-tho/Keyword Stats 2026-02-23 at 11_18_37.csv,"Tạo landing chuyển đổi (giá/vé/đặt chỗ), gom vào cluster page + build backlink nội bộ",B,55.00000000000001,0%,"15,200"
tour cần thơ chợ nổi cái răng,Tour Cần Thơ,Di chuyển,In-scope Cần Thơ,Commercial Investigation,50,N/A,N/A,N/A,Planner (Trung bình),data/google_planner/can-tho/Keyword Stats 2026-02-23 at 11_18_37.csv,Viết bài top-list/so sánh; map vào cluster hub; bổ sung schema + ảnh/UGC,B,55.00000000000001,0%,"11,674"
các tour du lịch từ cần thơ,Tour Cần Thơ,Di chuyển,In-scope Cần Thơ,Commercial Investigation,50,N/A,N/A,N/A,Planner (Cao),data/google_planner/can-tho/Keyword Stats 2026-02-23 at 11_18_37.csv,Viết bài top-list/so sánh; map vào cluster hub; bổ sung schema + ảnh/UGC,B,55.00000000000001,0%,"7,116"
tour can tho 1 ngay,Tour Cần Thơ,Di chuyển,In-scope Cần Thơ,Transaction,50,N/A,N/A,N/A,Planner (Trung bình),data/google_planner/can-tho/Keyword Stats 2026-02-23 at 11_18_37.csv,"Tạo landing chuyển đổi (giá/vé/đặt chỗ), gom vào cluster page + build backlink nội bộ",B,55.00000000000001,0%,"9,925"
tour can tho 2 ngay 1 dem,Tour Cần Thơ,Di chuyển,In-scope Cần Thơ,Transaction,50,N/A,N/A,N/A,Planner (Trung bình),data/google_planner/can-tho/Keyword Stats 2026-02-23 at 11_18_37.csv,"Tạo landing chuyển đổi (giá/vé/đặt chỗ), gom vào cluster page + build backlink nội bộ",B,55.00000000000001,0%,"14,417"
tour châu đốc cần thơ,Tour Cần Thơ,Di chuyển,In-scope Cần Thơ,Commercial Investigation,50,N/A,N/A,N/A,Planner (Trung bình),data/google_planner/can-tho/Keyword Stats 2026-02-23 at 11_18_37.csv,Viết bài top-list/so sánh; map vào cluster hub; bổ sung schema + ảnh/UGC,B,55.00000000000001,0%,"7,725"
tour chợ nổi cần thơ 1 ngày,Tour Cần Thơ,Di chuyển,In-scope Cần Thơ,Transaction,50,N/A,N/A,N/A,Planner (Cao),data/google_planner/can-tho/Keyword Stats 2026-02-23 at 11_18_37.csv,"Tạo landing chuyển đổi (giá/vé/đặt chỗ), gom vào cluster page + build backlink nội bộ",B,55.00000000000001,0%,"7,122"
tour cần thơ 2 ngày,Tour Cần Thơ,Di chuyển,In-scope Cần Thơ,Transaction,50,N/A,N/A,N/A,Planner (Cao),data/google_planner/can-tho/Keyword Stats 2026-02-23 at 11_18_37.csv,"Tạo landing chuyển đổi (giá/vé/đặt chỗ), gom vào cluster page + build backlink nội bộ",B,55.00000000000001,0%,"9,672"
tour cần thơ 2n1d,Tour Cần Thơ,Di chuyển,In-scope Cần Thơ,Commercial Investigation,50,N/A,N/A,N/A,Planner (Trung bình),data/google_planner/can-tho/Keyword Stats 2026-02-23 at 11_18_37.csv,Viết bài top-list/so sánh; map vào cluster hub; bổ sung schema + ảnh/UGC,B,55.00000000000001,0%,"7,073"
tour cần thơ miền tây,Tour Cần Thơ,Di chuyển,In-scope Cần Thơ,Commercial Investigation,50,N/A,N/A,N/A,Planner (Cao),data/google_planner/can-tho/Keyword Stats 2026-02-23 at 11_18_37.csv,Viết bài top-list/so sánh; map vào cluster hub; bổ sung schema + ảnh/UGC,B,55.00000000000001,0%,"11,984"
tour cần thơ rừng tràm trà sư,Tour Cần Thơ,Di chuyển,In-scope Cần Thơ,Commercial Investigation,50,N/A,N/A,N/A,Planner (Cao),data/google_planner/can-tho/Keyword Stats 2026-02-23 at 11_18_37.csv,Viết bài top-list/so sánh; map vào cluster hub; bổ sung schema + ảnh/UGC,B,55.00000000000001,0%,"9,730"
tour du lịch chợ nổi cần thơ,Tour Cần Thơ,Di chuyển,In-scope Cần Thơ,Commercial Investigation,50,N/A,N/A,N/A,Planner (Cao),data/google_planner/can-tho/Keyword Stats 2026-02-23 at 11_18_37.csv,Viết bài top-list/so sánh; map vào cluster hub; bổ sung schema + ảnh/UGC,B,55.00000000000001,0%,"10,933"
tour du lịch cần thơ trong ngày,Tour Cần Thơ,Di chuyển,In-scope Cần Thơ,Commercial Investigation,50,N/A,N/A,N/A,Planner (Cao),data/google_planner/can-tho/Keyword Stats 2026-02-23 at 11_18_37.csv,Viết bài top-list/so sánh; map vào cluster hub; bổ sung schema + ảnh/UGC,B,55.00000000000001,0%,"4,166"
tour du lịch trong ngày tại cần thơ,Tour Cần Thơ,Di chuyển,In-scope Cần Thơ,Commercial Investigation,50,N/A,N/A,N/A,Planner (Cao),data/google_planner/can-tho/Keyword Stats 2026-02-23 at 11_18_37.csv,Viết bài top-list/so sánh; map vào cluster hub; bổ sung schema + ảnh/UGC,B,55.00000000000001,0%,"4,354"
tour du lịch tại cần thơ,Tour Cần Thơ,Di chuyển,In-scope Cần Thơ,Commercial Investigation,50,N/A,N/A,N/A,Planner (Cao),data/google_planner/can-tho/Keyword Stats 2026-02-23 at 11_18_37.csv,Viết bài top-list/so sánh; map vào cluster hub; bổ sung schema + ảnh/UGC,B,55.00000000000001,0%,"10,045"
tour du lịch ở cần thơ,Tour Cần Thơ,Di chuyển,In-scope Cần Thơ,Commercial Investigation,50,N/A,N/A,N/A,Planner (Cao),data/google_planner/can-tho/Keyword Stats 2026-02-23 at 11_18_37.csv,Viết bài top-list/so sánh; map vào cluster hub; bổ sung schema + ảnh/UGC,B,55.00000000000001,0%,"6,444"
tour ghép cần thơ,Tour Cần Thơ,Di chuyển,In-scope Cần Thơ,Commercial Investigation,50,N/A,N/A,N/A,Planner (Cao),data/google_planner/can-tho/Keyword Stats 2026-02-23 at 11_18_37.csv,Viết bài top-list/so sánh; map vào cluster hub; bổ sung schema + ảnh/UGC,B,55.00000000000001,0%,"14,189"
tour hcm cần thơ,Tour Cần Thơ,Di chuyển,In-scope Cần Thơ,Commercial Investigation,50,N/A,N/A,N/A,Planner (Cao),data/google_planner/can-tho/Keyword Stats 2026-02-23 at 11_18_37.csv,Viết bài top-list/so sánh; map vào cluster hub; bổ sung schema + ảnh/UGC,B,55.00000000000001,0%,"12,734"
tour miền tây cần thơ,Tour Cần Thơ,Di chuyển,In-scope Cần Thơ,Commercial Investigation,50,N/A,N/A,N/A,Planner (Trung bình),data/google_planner/can-tho/Keyword Stats 2026-02-23 at 11_18_37.csv,Viết bài top-list/so sánh; map vào cluster hub; bổ sung schema + ảnh/UGC,B,55.00000000000001,0%,"13,779"
tour miền tây khởi hành từ cần thơ,Tour Cần Thơ,Di chuyển,In-scope Cần Thơ,Commercial Investigation,50,N/A,N/A,N/A,Planner (Trung bình),data/google_planner/can-tho/Keyword Stats 2026-02-23 at 11_18_37.csv,Viết bài top-list/so sánh; map vào cluster hub; bổ sung schema + ảnh/UGC,B,55.00000000000001,0%,"10,469"
tour miệt vườn cần thơ,Tour Cần Thơ,Di chuyển,In-scope Cần Thơ,Commercial Investigation,50,N/A,N/A,N/A,Planner (Cao),data/google_planner/can-tho/Keyword Stats 2026-02-23 at 11_18_37.csv,Viết bài top-list/so sánh; map vào cluster hub; bổ sung schema + ảnh/UGC,B,55.00000000000001,0%,"8,310"
tour rừng tràm trà sư 1 ngày từ cần thơ,Tour Cần Thơ,Di chuyển,In-scope Cần Thơ,Transaction,50,N/A,N/A,N/A,Planner (Thấp),data/google_planner/can-tho/Keyword Stats 2026-02-23 at 11_18_37.csv,"Tạo landing chuyển đổi (giá/vé/đặt chỗ), gom vào cluster page + build backlink nội bộ",B,55.00000000000001,0%,"7,880"
tour rừng tràm trà sư từ cần thơ,Tour Cần Thơ,Di chuyển,In-scope Cần Thơ,Commercial Investigation,50,N/A,N/A,N/A,Planner (Cao),data/google_planner/can-tho/Keyword Stats 2026-02-23 at 11_18_37.csv,Viết bài top-list/so sánh; map vào cluster hub; bổ sung schema + ảnh/UGC,B,55.00000000000001,0%,"8,252"
tour tham quan cần thơ,Tour Cần Thơ,Di chuyển,In-scope Cần Thơ,Commercial Investigation,50,N/A,N/A,N/A,Planner (Cao),data/google_planner/can-tho/Keyword Stats 2026-02-23 at 11_18_37.csv,Viết bài top-list/so sánh; map vào cluster hub; bổ sung schema + ảnh/UGC,B,55.00000000000001,0%,"3,668"
tour trong ngày cần thơ,Tour Cần Thơ,Di chuyển,In-scope Cần Thơ,Commercial Investigation,50,N/A,N/A,N/A,Planner (Cao),data/google_planner/can-tho/Keyword Stats 2026-02-23 at 11_18_37.csv,Viết bài top-list/so sánh; map vào cluster hub; bổ sung schema + ảnh/UGC,B,55.00000000000001,0%,"5,045"
tour từ cần thơ,Tour Cần Thơ,Di chuyển,In-scope Cần Thơ,Commercial Investigation,50,N/A,N/A,N/A,Planner (Cao),data/google_planner/can-tho/Keyword Stats 2026-02-23 at 11_18_37.csv,Viết bài top-list/so sánh; map vào cluster hub; bổ sung schema + ảnh/UGC,B,55.00000000000001,0%,"6,152"
tour đi cồn sơn cần thơ,Tour Cần Thơ,Di chuyển,In-scope Cần Thơ,Commercial Investigation,50,N/A,N/A,N/A,Planner (Cao),data/google_planner/can-tho/Keyword Stats 2026-02-23 at 11_18_37.csv,Viết bài top-list/so sánh; map vào cluster hub; bổ sung schema + ảnh/UGC,B,55.00000000000001,0%,"10,209"
tour cần thơ côn đảo,Tour Cần Thơ,Di chuyển,In-scope Cần Thơ,Commercial Investigation,50,N/A,N/A,N/A,Planner (Thấp),data/google_planner/can-tho/Keyword Stats 2026-02-23 at 11_18_37.csv,Viết bài top-list/so sánh; map vào cluster hub; bổ sung schema + ảnh/UGC,B,50.0,0%,0
tour cần thơ côn đảo 2 ngày 1 đêm,Tour Cần Thơ,Di chuyển,In-scope Cần Thơ,Transaction,50,N/A,N/A,N/A,Planner (Thấp),data/google_planner/can-tho/Keyword Stats 2026-02-23 at 11_18_37.csv,"Tạo landing chuyển đổi (giá/vé/đặt chỗ), gom vào cluster page + build backlink nội bộ",B,50.0,0%,0
tour du lich khoi hanh tu can tho,Tour Cần Thơ,Di chuyển,In-scope Cần Thơ,Commercial Investigation,50,N/A,N/A,N/A,Planner (Thấp),data/google_planner/can-tho/Keyword Stats 2026-02-23 at 11_18_37.csv,Viết bài top-list/so sánh; map vào cluster hub; bổ sung schema + ảnh/UGC,B,50.0,0%,0
tour du lịch cần thơ côn đảo,Tour Cần Thơ,Di chuyển,In-scope Cần Thơ,Commercial Investigation,50,N/A,N/A,N/A,Planner (Thấp),data/google_planner/can-tho/Keyword Stats 2026-02-23 at 11_18_37.csv,Viết bài top-list/so sánh; map vào cluster hub; bổ sung schema + ảnh/UGC,B,50.0,0%,0
tour du lich tu can tho,Tour Cần Thơ,Di chuyển,In-scope Cần Thơ,Commercial Investigation,50,N/A,N/A,N/A,Planner (Không xác định),data/google_planner/can-tho/Keyword Stats 2026-02-23 at 11_18_37.csv,Viết bài top-list/so sánh; map vào cluster hub; bổ sung schema + ảnh/UGC,B,50.0,-100.0%,0
các tour du lịch khởi hành từ cần thơ,Tour Cần Thơ,Di chuyển,In-scope Cần Thơ,Commercial Investigation,50,N/A,N/A,N/A,Planner (Trung bình),data/google_planner/can-tho/Keyword Stats 2026-02-23 at 11_18_37.csv,Viết bài top-list/so sánh; map vào cluster hub; bổ sung schema + ảnh/UGC,B,50.0,0%,0
hiếu tour cần thơ,Tour Cần Thơ,Di chuyển,In-scope Cần Thơ,Commercial Investigation,50,N/A,N/A,N/A,Planner (Thấp),data/google_planner/can-tho/Keyword Stats 2026-02-23 at 11_18_37.csv,Viết bài top-list/so sánh; map vào cluster hub; bổ sung schema + ảnh/UGC,B,50.0,0%,0
mekong smile tour ninh kiều,Tour Cần Thơ,Di chuyển,In-scope Cần Thơ,Commercial Investigation,50,N/A,N/A,N/A,Planner (Không xác định),data/google_planner/can-tho/Keyword Stats 2026-02-23 at 11_18_37.csv,Viết bài top-list/so sánh; map vào cluster hub; bổ sung schema + ảnh/UGC,B,50.0,0%,0
tour can tho con dao,Tour Cần Thơ,Di chuyển,In-scope Cần Thơ,Commercial Investigation,50,N/A,N/A,N/A,Planner (Thấp),data/google_planner/can-tho/Keyword Stats 2026-02-23 at 11_18_37.csv,Viết bài top-list/so sánh; map vào cluster hub; bổ sung schema + ảnh/UGC,B,50.0,0%,0
tour côn đảo cần thơ,Tour Cần Thơ,Di chuyển,In-scope Cần Thơ,Commercial Investigation,50,N/A,N/A,N/A,Planner (Thấp),data/google_planner/can-tho/Keyword Stats 2026-02-23 at 11_18_37.csv,Viết bài top-list/so sánh; map vào cluster hub; bổ sung schema + ảnh/UGC,B,50.0,0%,0
tour côn đảo từ cần thơ,Tour Cần Thơ,Di chuyển,In-scope Cần Thơ,Commercial Investigation,50,N/A,N/A,N/A,Planner (Thấp),data/google_planner/can-tho/Keyword Stats 2026-02-23 at 11_18_37.csv,Viết bài top-list/so sánh; map vào cluster hub; bổ sung schema + ảnh/UGC,B,50.0,0%,0
tour cần thơ côn đảo 4 ngày 3 đêm,Tour Cần Thơ,Di chuyển,In-scope Cần Thơ,Transaction,50,N/A,N/A,N/A,Planner (Thấp),data/google_planner/can-tho/Keyword Stats 2026-02-23 at 11_18_37.csv,"Tạo landing chuyển đổi (giá/vé/đặt chỗ), gom vào cluster page + build backlink nội bộ",B,50.0,0%,0
tour cần thơ côn đảo máy bay,Tour Cần Thơ,Di chuyển,In-scope Cần Thơ,Commercial Investigation,50,N/A,N/A,N/A,Planner (Thấp),data/google_planner/can-tho/Keyword Stats 2026-02-23 at 11_18_37.csv,Viết bài top-list/so sánh; map vào cluster hub; bổ sung schema + ảnh/UGC,B,50.0,0%,0
tour cần thơ côn đảo tàu cao tốc,Tour Cần Thơ,Di chuyển,In-scope Cần Thơ,Commercial Investigation,50,N/A,N/A,N/A,Planner (Không xác định),data/google_planner/can-tho/Keyword Stats 2026-02-23 at 11_18_37.csv,Viết bài top-list/so sánh; map vào cluster hub; bổ sung schema + ảnh/UGC,B,50.0,-100.0%,0
tour cần thơ nam du 2 ngày 1 đêm,Tour Cần Thơ,Di chuyển,In-scope Cần Thơ,Transaction,50,N/A,N/A,N/A,Planner (Trung bình),data/google_planner/can-tho/Keyword Stats 2026-02-23 at 11_18_37.csv,"Tạo landing chuyển đổi (giá/vé/đặt chỗ), gom vào cluster page + build backlink nội bộ",B,50.0,0%,0
tour cần thơ nam du 3 ngày 2 đêm,Tour Cần Thơ,Di chuyển,In-scope Cần Thơ,Transaction,50,N/A,N/A,N/A,Planner (Thấp),data/google_planner/can-tho/Keyword Stats 2026-02-23 at 11_18_37.csv,"Tạo landing chuyển đổi (giá/vé/đặt chỗ), gom vào cluster page + build backlink nội bộ",B,50.0,0%,0
tour cần thơ đi côn đảo,Tour Cần Thơ,Di chuyển,In-scope Cần Thơ,Commercial Investigation,50,N/A,N/A,N/A,Planner (Thấp),data/google_planner/can-tho/Keyword Stats 2026-02-23 at 11_18_37.csv,Viết bài top-list/so sánh; map vào cluster hub; bổ sung schema + ảnh/UGC,B,50.0,0%,0
tour di can tho,Tour Cần Thơ,Di chuyển,In-scope Cần Thơ,Commercial Investigation,50,N/A,N/A,N/A,Planner (Cao),data/google_planner/can-tho/Keyword Stats 2026-02-23 at 11_18_37.csv,Viết bài top-list/so sánh; map vào cluster hub; bổ sung schema + ảnh/UGC,B,50.0,0%,0
tour du lịch côn đảo từ cần thơ,Tour Cần Thơ,Di chuyển,In-scope Cần Thơ,Commercial Investigation,50,N/A,N/A,N/A,Planner (Thấp),data/google_planner/can-tho/Keyword Stats 2026-02-23 at 11_18_37.csv,Viết bài top-list/so sánh; map vào cluster hub; bổ sung schema + ảnh/UGC,B,50.0,0%,0
tour du lịch cần thơ nam du,Tour Cần Thơ,Di chuyển,In-scope Cần Thơ,Commercial Investigation,50,N/A,N/A,N/A,Planner (Thấp),data/google_planner/can-tho/Keyword Stats 2026-02-23 at 11_18_37.csv,Viết bài top-list/so sánh; map vào cluster hub; bổ sung schema + ảnh/UGC,B,50.0,0%,0
tour du lịch cần thơ đi côn đảo,Tour Cần Thơ,Di chuyển,In-scope Cần Thơ,Commercial Investigation,50,N/A,N/A,N/A,Planner (Thấp),data/google_planner/can-tho/Keyword Stats 2026-02-23 at 11_18_37.csv,Viết bài top-list/so sánh; map vào cluster hub; bổ sung schema + ảnh/UGC,B,50.0,0%,0
tour du lịch hòn sơn khởi hành từ cần thơ,Tour Cần Thơ,Di chuyển,In-scope Cần Thơ,Commercial Investigation,50,N/A,N/A,N/A,Planner (Thấp),data/google_planner/can-tho/Keyword Stats 2026-02-23 at 11_18_37.csv,Viết bài top-list/so sánh; map vào cluster hub; bổ sung schema + ảnh/UGC,B,50.0,0%,0
tour du lịch miệt vườn cần thơ,Tour Cần Thơ,Di chuyển,In-scope Cần Thơ,Commercial Investigation,50,N/A,N/A,N/A,Planner (Trung bình),data/google_planner/can-tho/Keyword Stats 2026-02-23 at 11_18_37.csv,Viết bài top-list/so sánh; map vào cluster hub; bổ sung schema + ảnh/UGC,B,50.0,0%,0
tour du lịch xuất phát từ cần thơ,Tour Cần Thơ,Di chuyển,In-scope Cần Thơ,Commercial Investigation,50,N/A,N/A,N/A,Planner (Trung bình),data/google_planner/can-tho/Keyword Stats 2026-02-23 at 11_18_37.csv,Viết bài top-list/so sánh; map vào cluster hub; bổ sung schema + ảnh/UGC,B,50.0,0%,0
tour hòn sơn 3 ngày 2 đêm từ cần thơ,Tour Cần Thơ,Di chuyển,In-scope Cần Thơ,Transaction,50,N/A,N/A,N/A,Planner (Thấp),data/google_planner/can-tho/Keyword Stats 2026-02-23 at 11_18_37.csv,"Tạo landing chuyển đổi (giá/vé/đặt chỗ), gom vào cluster page + build backlink nội bộ",B,50.0,0%,0
tour hòn sơn từ cần thơ,Tour Cần Thơ,Di chuyển,In-scope Cần Thơ,Commercial Investigation,50,N/A,N/A,N/A,Planner (Thấp),data/google_planner/can-tho/Keyword Stats 2026-02-23 at 11_18_37.csv,Viết bài top-list/so sánh; map vào cluster hub; bổ sung schema + ảnh/UGC,B,50.0,0%,0
tour khởi hành từ cần thơ,Tour Cần Thơ,Di chuyển,In-scope Cần Thơ,Commercial Investigation,50,N/A,N/A,N/A,Planner (Trung bình),data/google_planner/can-tho/Keyword Stats 2026-02-23 at 11_18_37.csv,Viết bài top-list/so sánh; map vào cluster hub; bổ sung schema + ảnh/UGC,B,50.0,0%,0
tour nam du từ cần thơ,Tour Cần Thơ,Di chuyển,In-scope Cần Thơ,Commercial Investigation,50,N/A,N/A,N/A,Planner (Thấp),data/google_planner/can-tho/Keyword Stats 2026-02-23 at 11_18_37.csv,Viết bài top-list/so sánh; map vào cluster hub; bổ sung schema + ảnh/UGC,B,50.0,0%,0
tour xuyên việt từ cần thơ,Tour Cần Thơ,Di chuyển,In-scope Cần Thơ,Commercial Investigation,50,N/A,N/A,N/A,Planner (Thấp),data/google_planner/can-tho/Keyword Stats 2026-02-23 at 11_18_37.csv,Viết bài top-list/so sánh; map vào cluster hub; bổ sung schema + ảnh/UGC,B,50.0,0%,0
tour đi côn đảo từ cần thơ,Tour Cần Thơ,Di chuyển,In-scope Cần Thơ,Commercial Investigation,50,N/A,N/A,N/A,Planner (Thấp),data/google_planner/can-tho/Keyword Stats 2026-02-23 at 11_18_37.csv,Viết bài top-list/so sánh; map vào cluster hub; bổ sung schema + ảnh/UGC,B,50.0,0%,0
tour đi hòn sơn từ cần thơ,Tour Cần Thơ,Di chuyển,In-scope Cần Thơ,Commercial Investigation,50,N/A,N/A,N/A,Planner (Không xác định),data/google_planner/can-tho/Keyword Stats 2026-02-23 at 11_18_37.csv,Viết bài top-list/so sánh; map vào cluster hub; bổ sung schema + ảnh/UGC,B,50.0,-100.0%,0
biển vinh thanh,Tổng hợp Cần Thơ,Tổng hợp,In-scope Cần Thơ,Informational,N/A,1902,16,0.84%,N/A (N/A),data/google_search_console/Queries.csv,"Cập nhật nội dung theo intent, bổ sung FAQ + schema, tối ưu title/meta để đẩy Top 1-3",A,16.0,N/A,N/A
biển vinh thanh map,Tổng hợp Cần Thơ,Tổng hợp,In-scope Cần Thơ,Informational,N/A,159,13,8.18%,N/A (N/A),data/google_search_console/Queries.csv,"Cập nhật nội dung theo intent, bổ sung FAQ + schema, tối ưu title/meta để đẩy Top 1-3",A,13.0,N/A,N/A
ttc cần thơ,Tổng hợp Cần Thơ,Tổng hợp,In-scope Cần Thơ,Informational,5000,N/A,N/A,N/A,Planner (Trung bình),data/google_planner/can-tho/Keyword Stats 2026-02-23 at 11_18_37.csv,Viết guide/review; ưu tiên long-tail; tạo topic hub và internal link về trang dịch vụ,B,5500.0,0%,"9,988"
holiday one cần thơ,Tổng hợp Cần Thơ,Tổng hợp,In-scope Cần Thơ,Informational,5000,N/A,N/A,N/A,Planner (Thấp),data/google_planner/can-tho/Keyword Stats 2026-02-23 at 11_18_37.csv,Viết guide/review; ưu tiên long-tail; tạo topic hub và internal link về trang dịch vụ,B,5500.0,0%,"16,361"
iris can tho,Tổng hợp Cần Thơ,Tổng hợp,In-scope Cần Thơ,Informational,5000,N/A,N/A,N/A,Planner (Trung bình),data/google_planner/can-tho/Keyword Stats 2026-02-23 at 11_18_37.csv,Viết guide/review; ưu tiên long-tail; tạo topic hub và internal link về trang dịch vụ,B,5500.0,0%,"14,818"
ttc premium cần thơ,Tổng hợp Cần Thơ,Tổng hợp,In-scope Cần Thơ,Informational,5000,N/A,N/A,N/A,Planner (Thấp),data/google_planner/can-tho/Keyword Stats 2026-02-23 at 11_18_37.csv,Viết guide/review; ưu tiên long-tail; tạo topic hub và internal link về trang dịch vụ,B,5500.0,0%,"17,797"
thốt nốt cần thơ,Tổng hợp Cần Thơ,Tổng hợp,In-scope Cần Thơ,Informational,5400,N/A,N/A,N/A,Low (0),data/seo_insider/advance_search_report.csv,Viết guide/review; ưu tiên long-tail; tạo topic hub và internal link về trang dịch vụ,B,5400.0,N/A,N/A
các địa điểm du lịch ở cần thơ,Tổng hợp Cần Thơ,Tổng hợp,In-scope Cần Thơ,Informational,500,N/A,N/A,N/A,Planner (Thấp),data/google_planner/can-tho/Keyword Stats 2026-02-23 at 11_18_37.csv,Viết guide/review; ưu tiên long-tail; tạo topic hub và internal link về trang dịch vụ,B,650.0,900.0%,"3,098"
địa điểm du lịch tại cần thơ,Tổng hợp Cần Thơ,Tổng hợp,In-scope Cần Thơ,Informational,500,N/A,N/A,N/A,Planner (Thấp),data/google_planner/can-tho/Keyword Stats 2026-02-23 at 11_18_37.csv,Viết guide/review; ưu tiên long-tail; tạo topic hub và internal link về trang dịch vụ,B,650.0,900.0%,"2,916"
điểm vui chơi tại cần thơ,Tổng hợp Cần Thơ,Tổng hợp,In-scope Cần Thơ,Informational,500,N/A,N/A,N/A,Planner (Thấp),data/google_planner/can-tho/Keyword Stats 2026-02-23 at 11_18_37.csv,Viết guide/review; ưu tiên long-tail; tạo topic hub và internal link về trang dịch vụ,B,600.0,900.0%,0
du lịch cần thơ 2 ngày 1 đêm,Tổng hợp Cần Thơ,Tổng hợp,In-scope Cần Thơ,Informational,500,N/A,N/A,N/A,Planner (Trung bình),data/google_planner/can-tho/Keyword Stats 2026-02-23 at 11_18_37.csv,Viết guide/review; ưu tiên long-tail; tạo topic hub và internal link về trang dịch vụ,B,550.0,0%,"8,141"
ks muong thanh can tho,Tổng hợp Cần Thơ,Tổng hợp,In-scope Cần Thơ,Informational,500,N/A,N/A,N/A,Planner (Cao),data/google_planner/can-tho/Keyword Stats 2026-02-23 at 11_18_37.csv,Viết guide/review; ưu tiên long-tail; tạo topic hub và internal link về trang dịch vụ,B,550.0,0%,"18,509"
các điểm du lịch cần thơ,Tổng hợp Cần Thơ,Tổng hợp,In-scope Cần Thơ,Informational,500,N/A,N/A,N/A,Planner (Thấp),data/google_planner/can-tho/Keyword Stats 2026-02-23 at 11_18_37.csv,Viết guide/review; ưu tiên long-tail; tạo topic hub và internal link về trang dịch vụ,B,550.0,0%,"3,369"
du lịch cần thơ tự túc,Tổng hợp Cần Thơ,Tổng hợp,In-scope Cần Thơ,Informational,500,N/A,N/A,N/A,Planner (Trung bình),data/google_planner/can-tho/Keyword Stats 2026-02-23 at 11_18_37.csv,Viết guide/review; ưu tiên long-tail; tạo topic hub và internal link về trang dịch vụ,B,550.0,0%,"6,623"
khu du lịch cần thơ mới nhất,Tổng hợp Cần Thơ,Tổng hợp,In-scope Cần Thơ,Informational,500,N/A,N/A,N/A,Planner (Thấp),data/google_planner/can-tho/Keyword Stats 2026-02-23 at 11_18_37.csv,Viết guide/review; ưu tiên long-tail; tạo topic hub và internal link về trang dịch vụ,B,550.0,0%,"5,832"
những điểm du lịch cần thơ,Tổng hợp Cần Thơ,Tổng hợp,In-scope Cần Thơ,Informational,500,N/A,N/A,N/A,Planner (Thấp),data/google_planner/can-tho/Keyword Stats 2026-02-23 at 11_18_37.csv,Viết guide/review; ưu tiên long-tail; tạo topic hub và internal link về trang dịch vụ,B,550.0,0%,"4,409"
cần thơ du lịch,Tổng hợp Cần Thơ,Tổng hợp,In-scope Cần Thơ,Informational,500,N/A,N/A,N/A,Planner (Thấp),data/google_planner/can-tho/Keyword Stats 2026-02-23 at 11_18_37.csv,Viết guide/review; ưu tiên long-tail; tạo topic hub và internal link về trang dịch vụ,B,550.0,0%,"6,233"
holiday 2 cần thơ,Tổng hợp Cần Thơ,Tổng hợp,In-scope Cần Thơ,Informational,500,N/A,N/A,N/A,Planner (Trung bình),data/google_planner/can-tho/Keyword Stats 2026-02-23 at 11_18_37.csv,Viết guide/review; ưu tiên long-tail; tạo topic hub và internal link về trang dịch vụ,B,550.0,0%,"16,872"
vạn phát cần thơ,Tổng hợp Cần Thơ,Tổng hợp,In-scope Cần Thơ,Informational,500,N/A,N/A,N/A,Planner (Thấp),data/google_planner/can-tho/Keyword Stats 2026-02-23 at 11_18_37.csv,Viết guide/review; ưu tiên long-tail; tạo topic hub và internal link về trang dịch vụ,B,550.0,0%,"12,250"
9 điểm du lịch cần thơ,Tổng hợp Cần Thơ,Tổng hợp,In-scope Cần Thơ,Informational,500,N/A,N/A,N/A,Planner (Thấp),data/google_planner/can-tho/Keyword Stats 2026-02-23 at 11_18_37.csv,Viết guide/review; ưu tiên long-tail; tạo topic hub và internal link về trang dịch vụ,B,550.0,0%,"3,928"
riverside cần thơ,Tổng hợp Cần Thơ,Tổng hợp,In-scope Cần Thơ,Informational,500,N/A,N/A,N/A,Planner (Trung bình),data/google_planner/can-tho/Keyword Stats 2026-02-23 at 11_18_37.csv,Viết guide/review; ưu tiên long-tail; tạo topic hub và internal link về trang dịch vụ,B,550.0,0%,"19,187"
eco lodge cần thơ,Tổng hợp Cần Thơ,Tổng hợp,In-scope Cần Thơ,Informational,500,N/A,N/A,N/A,Planner (Cao),data/google_planner/can-tho/Keyword Stats 2026-02-23 at 11_18_37.csv,Viết guide/review; ưu tiên long-tail; tạo topic hub và internal link về trang dịch vụ,B,550.0,0%,"14,024"
các điểm du lịch ở cần thơ,Tổng hợp Cần Thơ,Tổng hợp,In-scope Cần Thơ,Informational,500,N/A,N/A,N/A,Planner (Thấp),data/google_planner/can-tho/Keyword Stats 2026-02-23 at 11_18_37.csv,Viết guide/review; ưu tiên long-tail; tạo topic hub và internal link về trang dịch vụ,B,550.0,0%,"3,254"
holiday cần thơ,Tổng hợp Cần Thơ,Tổng hợp,In-scope Cần Thơ,Informational,500,N/A,N/A,N/A,Planner (Trung bình),data/google_planner/can-tho/Keyword Stats 2026-02-23 at 11_18_37.csv,Viết guide/review; ưu tiên long-tail; tạo topic hub và internal link về trang dịch vụ,B,550.0,-90.0%,"7,337"
các địa điểm du lịch cần thơ,Tổng hợp Cần Thơ,Tổng hợp,In-scope Cần Thơ,Informational,500,N/A,N/A,N/A,Planner (Thấp),data/google_planner/can-tho/Keyword Stats 2026-02-23 at 11_18_37.csv,Viết guide/review; ưu tiên long-tail; tạo topic hub và internal link về trang dịch vụ,B,550.0,0%,"3,098"
tham quan can tho,Tổng hợp Cần Thơ,Tổng hợp,In-scope Cần Thơ,Informational,500,N/A,N/A,N/A,Planner (Trung bình),data/google_planner/can-tho/Keyword Stats 2026-02-23 at 11_18_37.csv,Viết guide/review; ưu tiên long-tail; tạo topic hub và internal link về trang dịch vụ,B,550.0,0%,"4,415"
vạn phát riverside cần thơ,Tổng hợp Cần Thơ,Tổng hợp,In-scope Cần Thơ,Informational,500,N/A,N/A,N/A,Planner (Thấp),data/google_planner/can-tho/Keyword Stats 2026-02-23 at 11_18_37.csv,Viết guide/review; ưu tiên long-tail; tạo topic hub và internal link về trang dịch vụ,B,550.0,0%,"11,511"
aura cần thơ,Tổng hợp Cần Thơ,Tổng hợp,In-scope Cần Thơ,Informational,500,N/A,N/A,N/A,Planner (Thấp),data/google_planner/can-tho/Keyword Stats 2026-02-23 at 11_18_37.csv,Viết guide/review; ưu tiên long-tail; tạo topic hub và internal link về trang dịch vụ,B,550.0,-90.0%,"21,425"
azerai cantho,Tổng hợp Cần Thơ,Tổng hợp,In-scope Cần Thơ,Informational,500,N/A,N/A,N/A,Planner (Cao),data/google_planner/can-tho/Keyword Stats 2026-02-23 at 11_18_37.csv,Viết guide/review; ưu tiên long-tail; tạo topic hub và internal link về trang dịch vụ,B,550.0,0%,"23,646"
các điểm tham quan tại cần thơ,Tổng hợp Cần Thơ,Tổng hợp,In-scope Cần Thơ,Informational,500,N/A,N/A,N/A,Planner (Thấp),data/google_planner/can-tho/Keyword Stats 2026-02-23 at 11_18_37.csv,Viết guide/review; ưu tiên long-tail; tạo topic hub và internal link về trang dịch vụ,B,550.0,0%,"7,794"
du lịch sinh thái cần thơ,Tổng hợp Cần Thơ,Tổng hợp,In-scope Cần Thơ,Informational,500,N/A,N/A,N/A,Planner (Thấp),data/google_planner/can-tho/Keyword Stats 2026-02-23 at 11_18_37.csv,Viết guide/review; ưu tiên long-tail; tạo topic hub và internal link về trang dịch vụ,B,550.0,0%,"3,982"
dulich can tho,Tổng hợp Cần Thơ,Tổng hợp,In-scope Cần Thơ,Informational,500,N/A,N/A,N/A,Planner (Trung bình),data/google_planner/can-tho/Keyword Stats 2026-02-23 at 11_18_37.csv,Viết guide/review; ưu tiên long-tail; tạo topic hub và internal link về trang dịch vụ,B,550.0,0%,"6,135"
khu du lich ông đề cần thơ,Tổng hợp Cần Thơ,Tổng hợp,In-scope Cần Thơ,Informational,500,N/A,N/A,N/A,Planner (Thấp),data/google_planner/can-tho/Keyword Stats 2026-02-23 at 11_18_37.csv,Viết guide/review; ưu tiên long-tail; tạo topic hub và internal link về trang dịch vụ,B,550.0,0%,"4,343"
khu du lịch eco cần thơ,Tổng hợp Cần Thơ,Tổng hợp,In-scope Cần Thơ,Informational,500,N/A,N/A,N/A,Planner (Thấp),data/google_planner/can-tho/Keyword Stats 2026-02-23 at 11_18_37.csv,Viết guide/review; ưu tiên long-tail; tạo topic hub và internal link về trang dịch vụ,B,550.0,0%,"6,405"
ks sheraton cần thơ,Tổng hợp Cần Thơ,Tổng hợp,In-scope Cần Thơ,Informational,500,N/A,N/A,N/A,Planner (Cao),data/google_planner/can-tho/Keyword Stats 2026-02-23 at 11_18_37.csv,Viết guide/review; ưu tiên long-tail; tạo topic hub và internal link về trang dịch vụ,B,550.0,0%,"8,365"
nhà khách cần thơ,Tổng hợp Cần Thơ,Tổng hợp,In-scope Cần Thơ,Informational,500,N/A,N/A,N/A,Planner (Thấp),data/google_planner/can-tho/Keyword Stats 2026-02-23 at 11_18_37.csv,Viết guide/review; ưu tiên long-tail; tạo topic hub và internal link về trang dịch vụ,B,550.0,0%,"6,671"
nhà khách tây nam cần thơ,Tổng hợp Cần Thơ,Tổng hợp,In-scope Cần Thơ,Informational,500,N/A,N/A,N/A,Planner (Thấp),data/google_planner/can-tho/Keyword Stats 2026-02-23 at 11_18_37.csv,Viết guide/review; ưu tiên long-tail; tạo topic hub và internal link về trang dịch vụ,B,550.0,-90.0%,"7,233"
vinpearl cantho,Tổng hợp Cần Thơ,Tổng hợp,In-scope Cần Thơ,Informational,500,N/A,N/A,N/A,Planner (Trung bình),data/google_planner/can-tho/Keyword Stats 2026-02-23 at 11_18_37.csv,Viết guide/review; ưu tiên long-tail; tạo topic hub và internal link về trang dịch vụ,B,550.0,0%,"14,859"
địa điểm check in cần thơ,Tổng hợp Cần Thơ,Tổng hợp,In-scope Cần Thơ,Informational,500,N/A,N/A,N/A,Planner (Thấp),data/google_planner/can-tho/Keyword Stats 2026-02-23 at 11_18_37.csv,Viết guide/review; ưu tiên long-tail; tạo topic hub và internal link về trang dịch vụ,B,550.0,-90.0%,"4,267"
địa điểm du lịch ở cần thơ,Tổng hợp Cần Thơ,Tổng hợp,In-scope Cần Thơ,Informational,500,N/A,N/A,N/A,Planner (Thấp),data/google_planner/can-tho/Keyword Stats 2026-02-23 at 11_18_37.csv,Viết guide/review; ưu tiên long-tail; tạo topic hub và internal link về trang dịch vụ,B,550.0,0%,"3,317"
địa điểm vui chơi cần thơ,Tổng hợp Cần Thơ,Tổng hợp,In-scope Cần Thơ,Informational,500,N/A,N/A,N/A,Planner (Thấp),data/google_planner/can-tho/Keyword Stats 2026-02-23 at 11_18_37.csv,Viết guide/review; ưu tiên long-tail; tạo topic hub và internal link về trang dịch vụ,B,550.0,0%,"3,108"
căn nhà màu tím ở cần thơ,Tổng hợp Cần Thơ,Tổng hợp,In-scope Cần Thơ,Informational,500,N/A,N/A,N/A,Planner (Thấp),data/google_planner/can-tho/Keyword Stats 2026-02-23 at 11_18_37.csv,Viết guide/review; ưu tiên long-tail; tạo topic hub và internal link về trang dịch vụ,B,500.0,0%,0
cần thơ miền tây,Tổng hợp Cần Thơ,Tổng hợp,In-scope Cần Thơ,Informational,500,N/A,N/A,N/A,Planner (Thấp),data/google_planner/can-tho/Keyword Stats 2026-02-23 at 11_18_37.csv,Viết guide/review; ưu tiên long-tail; tạo topic hub và internal link về trang dịch vụ,B,500.0,0%,0
cần thơ về đêm,Tổng hợp Cần Thơ,Tổng hợp,In-scope Cần Thơ,Commercial Investigation,500,N/A,N/A,N/A,Planner (Thấp),data/google_planner/can-tho/Keyword Stats 2026-02-23 at 11_18_37.csv,Viết bài top-list/so sánh; map vào cluster hub; bổ sung schema + ảnh/UGC,B,500.0,0%,0
khu du lịch sinh thái ở cần thơ,Tổng hợp Cần Thơ,Tổng hợp,In-scope Cần Thơ,Informational,500,N/A,N/A,N/A,Planner (Thấp),data/google_planner/can-tho/Keyword Stats 2026-02-23 at 11_18_37.csv,Viết guide/review; ưu tiên long-tail; tạo topic hub và internal link về trang dịch vụ,B,500.0,0%,0
khu sinh thái cần thơ,Tổng hợp Cần Thơ,Tổng hợp,In-scope Cần Thơ,Informational,500,N/A,N/A,N/A,Planner (Thấp),data/google_planner/can-tho/Keyword Stats 2026-02-23 at 11_18_37.csv,Viết guide/review; ưu tiên long-tail; tạo topic hub và internal link về trang dịch vụ,B,500.0,0%,0
ngôi nhà màu tím cần thơ,Tổng hợp Cần Thơ,Tổng hợp,In-scope Cần Thơ,Informational,500,N/A,N/A,N/A,Planner (Thấp),data/google_planner/can-tho/Keyword Stats 2026-02-23 at 11_18_37.csv,Viết guide/review; ưu tiên long-tail; tạo topic hub và internal link về trang dịch vụ,B,500.0,-90.0%,0
nhà cổ cần thơ,Tổng hợp Cần Thơ,Tổng hợp,In-scope Cần Thơ,Informational,500,N/A,N/A,N/A,Planner (Thấp),data/google_planner/can-tho/Keyword Stats 2026-02-23 at 11_18_37.csv,Viết guide/review; ưu tiên long-tail; tạo topic hub và internal link về trang dịch vụ,B,500.0,0%,0
ông đề cần thơ,Tổng hợp Cần Thơ,Tổng hợp,In-scope Cần Thơ,Informational,500,N/A,N/A,N/A,Planner (Thấp),data/google_planner/can-tho/Keyword Stats 2026-02-23 at 11_18_37.csv,Viết guide/review; ưu tiên long-tail; tạo topic hub và internal link về trang dịch vụ,B,500.0,0%,0
địa danh nổi tiếng ở cần thơ,Tổng hợp Cần Thơ,Tổng hợp,In-scope Cần Thơ,Informational,50,N/A,N/A,N/A,Planner (Thấp),data/google_planner/can-tho/Keyword Stats 2026-02-23 at 11_18_37.csv,Viết guide/review; ưu tiên long-tail; tạo topic hub và internal link về trang dịch vụ,B,60.0,900.0%,0
book phòng cần thơ,Tổng hợp Cần Thơ,Tổng hợp,In-scope Cần Thơ,Informational,50,N/A,N/A,N/A,Planner (Trung bình),data/google_planner/can-tho/Keyword Stats 2026-02-23 at 11_18_37.csv,Viết guide/review; ưu tiên long-tail; tạo topic hub và internal link về trang dịch vụ,B,55.00000000000001,0%,"97,983"
đi chơi cần thơ,Tổng hợp Cần Thơ,Tổng hợp,In-scope Cần Thơ,Informational,50,N/A,N/A,N/A,Planner (Thấp),data/google_planner/can-tho/Keyword Stats 2026-02-23 at 11_18_37.csv,Viết guide/review; ưu tiên long-tail; tạo topic hub và internal link về trang dịch vụ,B,55.00000000000001,0%,"3,666"
mường thanh cân thơ,Tổng hợp Cần Thơ,Tổng hợp,In-scope Cần Thơ,Informational,50,N/A,N/A,N/A,Planner (Cao),data/google_planner/can-tho/Keyword Stats 2026-02-23 at 11_18_37.csv,Viết guide/review; ưu tiên long-tail; tạo topic hub và internal link về trang dịch vụ,B,55.00000000000001,0%,"19,524"
ks cân thơ,Tổng hợp Cần Thơ,Tổng hợp,In-scope Cần Thơ,Informational,50,N/A,N/A,N/A,Planner (Cao),data/google_planner/can-tho/Keyword Stats 2026-02-23 at 11_18_37.csv,Viết guide/review; ưu tiên long-tail; tạo topic hub và internal link về trang dịch vụ,B,55.00000000000001,0%,"5,818"
điểm du lịch cân thơ,Tổng hợp Cần Thơ,Tổng hợp,In-scope Cần Thơ,Informational,50,N/A,N/A,N/A,Planner (Thấp),data/google_planner/can-tho/Keyword Stats 2026-02-23 at 11_18_37.csv,Viết guide/review; ưu tiên long-tail; tạo topic hub và internal link về trang dịch vụ,B,55.00000000000001,0%,"2,351"
nesta can tho,Tổng hợp Cần Thơ,Tổng hợp,In-scope Cần Thơ,Informational,50,N/A,N/A,N/A,Planner (Thấp),data/google_planner/can-tho/Keyword Stats 2026-02-23 at 11_18_37.csv,Viết guide/review; ưu tiên long-tail; tạo topic hub và internal link về trang dịch vụ,B,55.00000000000001,0%,"17,221"
muong thanh luxury can tho,Tổng hợp Cần Thơ,Tổng hợp,In-scope Cần Thơ,Informational,50,N/A,N/A,N/A,Planner (Trung bình),data/google_planner/can-tho/Keyword Stats 2026-02-23 at 11_18_37.csv,Viết guide/review; ưu tiên long-tail; tạo topic hub và internal link về trang dịch vụ,B,55.00000000000001,0%,"24,865"
ks ttc can tho,Tổng hợp Cần Thơ,Tổng hợp,In-scope Cần Thơ,Informational,50,N/A,N/A,N/A,Planner (Cao),data/google_planner/can-tho/Keyword Stats 2026-02-23 at 11_18_37.csv,Viết guide/review; ưu tiên long-tail; tạo topic hub và internal link về trang dịch vụ,B,55.00000000000001,0%,"10,386"
đặt phòng cần thơ,Tổng hợp Cần Thơ,Tổng hợp,In-scope Cần Thơ,Informational,50,N/A,N/A,N/A,Planner (Cao),data/google_planner/can-tho/Keyword Stats 2026-02-23 at 11_18_37.csv,Viết guide/review; ưu tiên long-tail; tạo topic hub và internal link về trang dịch vụ,B,55.00000000000001,0%,"31,293"
ks vinpearl cần thơ,Tổng hợp Cần Thơ,Tổng hợp,In-scope Cần Thơ,Informational,50,N/A,N/A,N/A,Planner (Cao),data/google_planner/can-tho/Keyword Stats 2026-02-23 at 11_18_37.csv,Viết guide/review; ưu tiên long-tail; tạo topic hub và internal link về trang dịch vụ,B,55.00000000000001,0%,"14,633"
ks o can tho,Tổng hợp Cần Thơ,Tổng hợp,In-scope Cần Thơ,Informational,50,N/A,N/A,N/A,Planner (Cao),data/google_planner/can-tho/Keyword Stats 2026-02-23 at 11_18_37.csv,Viết guide/review; ưu tiên long-tail; tạo topic hub và internal link về trang dịch vụ,B,55.00000000000001,0%,"55,098"
ks nesta cần thơ,Tổng hợp Cần Thơ,Tổng hợp,In-scope Cần Thơ,Informational,50,N/A,N/A,N/A,Planner (Trung bình),data/google_planner/can-tho/Keyword Stats 2026-02-23 at 11_18_37.csv,Viết guide/review; ưu tiên long-tail; tạo topic hub và internal link về trang dịch vụ,B,55.00000000000001,-90.0%,"9,477"
du lich can tho 2 ngay 1 dem,Tổng hợp Cần Thơ,Tổng hợp,In-scope Cần Thơ,Informational,50,N/A,N/A,N/A,Planner (Trung bình),data/google_planner/can-tho/Keyword Stats 2026-02-23 at 11_18_37.csv,Viết guide/review; ưu tiên long-tail; tạo topic hub và internal link về trang dịch vụ,B,55.00000000000001,0%,"9,252"
khu du lich o can tho,Tổng hợp Cần Thơ,Tổng hợp,In-scope Cần Thơ,Informational,50,N/A,N/A,N/A,Planner (Thấp),data/google_planner/can-tho/Keyword Stats 2026-02-23 at 11_18_37.csv,Viết guide/review; ưu tiên long-tail; tạo topic hub và internal link về trang dịch vụ,B,55.00000000000001,0%,"4,893"
khu nghỉ dưỡng cồn khương cần thơ,Tổng hợp Cần Thơ,Tổng hợp,In-scope Cần Thơ,Informational,50,N/A,N/A,N/A,Planner (Cao),data/google_planner/can-tho/Keyword Stats 2026-02-23 at 11_18_37.csv,Viết guide/review; ưu tiên long-tail; tạo topic hub và internal link về trang dịch vụ,B,55.00000000000001,0%,"13,303"
ks tại cần thơ,Tổng hợp Cần Thơ,Tổng hợp,In-scope Cần Thơ,Informational,50,N/A,N/A,N/A,Planner (Cao),data/google_planner/can-tho/Keyword Stats 2026-02-23 at 11_18_37.csv,Viết guide/review; ưu tiên long-tail; tạo topic hub và internal link về trang dịch vụ,B,55.00000000000001,0%,"27,022"
đi du lịch cần thơ,Tổng hợp Cần Thơ,Tổng hợp,In-scope Cần Thơ,Informational,50,N/A,N/A,N/A,Planner (Trung bình),data/google_planner/can-tho/Keyword Stats 2026-02-23 at 11_18_37.csv,Viết guide/review; ưu tiên long-tail; tạo topic hub và internal link về trang dịch vụ,B,55.00000000000001,0%,"5,463"
điểm du lịch ở cần thơ,Tổng hợp Cần Thơ,Tổng hợp,In-scope Cần Thơ,Informational,50,N/A,N/A,N/A,Planner (Thấp),data/google_planner/can-tho/Keyword Stats 2026-02-23 at 11_18_37.csv,Viết guide/review; ưu tiên long-tail; tạo topic hub và internal link về trang dịch vụ,B,55.00000000000001,0%,"4,292"
ks vạn phát cần thơ,Tổng hợp Cần Thơ,Tổng hợp,In-scope Cần Thơ,Informational,50,N/A,N/A,N/A,Planner (Trung bình),data/google_planner/can-tho/Keyword Stats 2026-02-23 at 11_18_37.csv,Viết guide/review; ưu tiên long-tail; tạo topic hub và internal link về trang dịch vụ,B,55.00000000000001,0%,"9,147"
ks holiday one cần thơ,Tổng hợp Cần Thơ,Tổng hợp,In-scope Cần Thơ,Informational,50,N/A,N/A,N/A,Planner (Cao),data/google_planner/can-tho/Keyword Stats 2026-02-23 at 11_18_37.csv,Viết guide/review; ưu tiên long-tail; tạo topic hub và internal link về trang dịch vụ,B,55.00000000000001,0%,"6,752"
du lịch miền tây từ cần thơ,Tổng hợp Cần Thơ,Tổng hợp,In-scope Cần Thơ,Informational,50,N/A,N/A,N/A,Planner (Cao),data/google_planner/can-tho/Keyword Stats 2026-02-23 at 11_18_37.csv,Viết guide/review; ưu tiên long-tail; tạo topic hub và internal link về trang dịch vụ,B,55.00000000000001,0%,"7,354"
ks cần thơ 3 sao,Tổng hợp Cần Thơ,Tổng hợp,In-scope Cần Thơ,Informational,50,N/A,N/A,N/A,Planner (Cao),data/google_planner/can-tho/Keyword Stats 2026-02-23 at 11_18_37.csv,Viết guide/review; ưu tiên long-tail; tạo topic hub và internal link về trang dịch vụ,B,55.00000000000001,0%,"19,448"
du lịch cần thơ 2 ngày 1 đêm tự túc,Tổng hợp Cần Thơ,Tổng hợp,In-scope Cần Thơ,Informational,50,N/A,N/A,N/A,Planner (Trung bình),data/google_planner/can-tho/Keyword Stats 2026-02-23 at 11_18_37.csv,Viết guide/review; ưu tiên long-tail; tạo topic hub và internal link về trang dịch vụ,B,55.00000000000001,0%,"5,463"
aluny cần thơ,Tổng hợp Cần Thơ,Tổng hợp,In-scope Cần Thơ,Informational,50,N/A,N/A,N/A,Planner (Trung bình),data/google_planner/can-tho/Keyword Stats 2026-02-23 at 11_18_37.csv,Viết guide/review; ưu tiên long-tail; tạo topic hub và internal link về trang dịch vụ,B,55.00000000000001,0%,"19,070"
anh đào mekong 2 cần thơ,Tổng hợp Cần Thơ,Tổng hợp,In-scope Cần Thơ,Informational,50,N/A,N/A,N/A,Planner (Cao),data/google_planner/can-tho/Keyword Stats 2026-02-23 at 11_18_37.csv,Viết guide/review; ưu tiên long-tail; tạo topic hub và internal link về trang dịch vụ,B,55.00000000000001,0%,"9,276"
anh đào mekong cần thơ,Tổng hợp Cần Thơ,Tổng hợp,In-scope Cần Thơ,Informational,50,N/A,N/A,N/A,Planner (Trung bình),data/google_planner/can-tho/Keyword Stats 2026-02-23 at 11_18_37.csv,Viết guide/review; ưu tiên long-tail; tạo topic hub và internal link về trang dịch vụ,B,55.00000000000001,0%,"64,437"
azerai cần thơ giá,Tổng hợp Cần Thơ,Tổng hợp,In-scope Cần Thơ,Transaction,50,N/A,N/A,N/A,Planner (Cao),data/google_planner/can-tho/Keyword Stats 2026-02-23 at 11_18_37.csv,"Tạo landing chuyển đổi (giá/vé/đặt chỗ), gom vào cluster page + build backlink nội bộ",B,55.00000000000001,0%,"7,927"
cac diem du lich can tho,Tổng hợp Cần Thơ,Tổng hợp,In-scope Cần Thơ,Informational,50,N/A,N/A,N/A,Planner (Trung bình),data/google_planner/can-tho/Keyword Stats 2026-02-23 at 11_18_37.csv,Viết guide/review; ưu tiên long-tail; tạo topic hub và internal link về trang dịch vụ,B,55.00000000000001,0%,"3,183"
cần thơ có khu du lịch nào,Tổng hợp Cần Thơ,Tổng hợp,In-scope Cần Thơ,Informational,50,N/A,N/A,N/A,Planner (Thấp),data/google_planner/can-tho/Keyword Stats 2026-02-23 at 11_18_37.csv,Viết guide/review; ưu tiên long-tail; tạo topic hub và internal link về trang dịch vụ,B,55.00000000000001,0%,"5,044"
cồn khương ở cần thơ,Tổng hợp Cần Thơ,Tổng hợp,In-scope Cần Thơ,Informational,50,N/A,N/A,N/A,Planner (Thấp),data/google_planner/can-tho/Keyword Stats 2026-02-23 at 11_18_37.csv,Viết guide/review; ưu tiên long-tail; tạo topic hub và internal link về trang dịch vụ,B,55.00000000000001,0%,"11,007"
cong ty du lich can tho,Tổng hợp Cần Thơ,Tổng hợp,In-scope Cần Thơ,Informational,50,N/A,N/A,N/A,Planner (Cao),data/google_planner/can-tho/Keyword Stats 2026-02-23 at 11_18_37.csv,Viết guide/review; ưu tiên long-tail; tạo topic hub và internal link về trang dịch vụ,B,55.00000000000001,0%,"13,157"
cty du lịch cần thơ,Tổng hợp Cần Thơ,Tổng hợp,In-scope Cần Thơ,Informational,50,N/A,N/A,N/A,Planner (Thấp),data/google_planner/can-tho/Keyword Stats 2026-02-23 at 11_18_37.csv,Viết guide/review; ưu tiên long-tail; tạo topic hub và internal link về trang dịch vụ,B,55.00000000000001,0%,"14,284"
cá lóc bay cần thơ,Tổng hợp Cần Thơ,Tổng hợp,In-scope Cần Thơ,Informational,50,N/A,N/A,N/A,Planner (Thấp),data/google_planner/can-tho/Keyword Stats 2026-02-23 at 11_18_37.csv,Viết guide/review; ưu tiên long-tail; tạo topic hub và internal link về trang dịch vụ,B,55.00000000000001,0%,"3,296"
các điểm du lịch nổi tiếng ở cần thơ,Tổng hợp Cần Thơ,Tổng hợp,In-scope Cần Thơ,Informational,50,N/A,N/A,N/A,Planner (Thấp),data/google_planner/can-tho/Keyword Stats 2026-02-23 at 11_18_37.csv,Viết guide/review; ưu tiên long-tail; tạo topic hub và internal link về trang dịch vụ,B,55.00000000000001,0%,"3,023"
các điểm du lịch tại cần thơ,Tổng hợp Cần Thơ,Tổng hợp,In-scope Cần Thơ,Informational,50,N/A,N/A,N/A,Planner (Thấp),data/google_planner/can-tho/Keyword Stats 2026-02-23 at 11_18_37.csv,Viết guide/review; ưu tiên long-tail; tạo topic hub và internal link về trang dịch vụ,B,55.00000000000001,0%,"3,749"
các điểm tham quan cần thơ,Tổng hợp Cần Thơ,Tổng hợp,In-scope Cần Thơ,Informational,50,N/A,N/A,N/A,Planner (Thấp),data/google_planner/can-tho/Keyword Stats 2026-02-23 at 11_18_37.csv,Viết guide/review; ưu tiên long-tail; tạo topic hub và internal link về trang dịch vụ,B,55.00000000000001,0%,"3,068"
các điểm tham quan ở cần thơ,Tổng hợp Cần Thơ,Tổng hợp,In-scope Cần Thơ,Informational,50,N/A,N/A,N/A,Planner (Thấp),data/google_planner/can-tho/Keyword Stats 2026-02-23 at 11_18_37.csv,Viết guide/review; ưu tiên long-tail; tạo topic hub và internal link về trang dịch vụ,B,55.00000000000001,0%,"2,871"
các điểm vui chơi cần thơ,Tổng hợp Cần Thơ,Tổng hợp,In-scope Cần Thơ,Informational,50,N/A,N/A,N/A,Planner (Thấp),data/google_planner/can-tho/Keyword Stats 2026-02-23 at 11_18_37.csv,Viết guide/review; ưu tiên long-tail; tạo topic hub và internal link về trang dịch vụ,B,55.00000000000001,0%,"2,516"
các điểm vui chơi ở cần thơ,Tổng hợp Cần Thơ,Tổng hợp,In-scope Cần Thơ,Informational,50,N/A,N/A,N/A,Planner (Thấp),data/google_planner/can-tho/Keyword Stats 2026-02-23 at 11_18_37.csv,Viết guide/review; ưu tiên long-tail; tạo topic hub và internal link về trang dịch vụ,B,55.00000000000001,0%,"5,483"
các điểm đi chơi ở cần thơ,Tổng hợp Cần Thơ,Tổng hợp,In-scope Cần Thơ,Informational,50,N/A,N/A,N/A,Planner (Trung bình),data/google_planner/can-tho/Keyword Stats 2026-02-23 at 11_18_37.csv,Viết guide/review; ưu tiên long-tail; tạo topic hub và internal link về trang dịch vụ,B,55.00000000000001,0%,"13,720"
các địa điểm chơi ở cần thơ,Tổng hợp Cần Thơ,Tổng hợp,In-scope Cần Thơ,Informational,50,N/A,N/A,N/A,Planner (Trung bình),data/google_planner/can-tho/Keyword Stats 2026-02-23 at 11_18_37.csv,Viết guide/review; ưu tiên long-tail; tạo topic hub và internal link về trang dịch vụ,B,55.00000000000001,0%,"3,666"
các địa điểm du lịch nổi tiếng ở cần thơ,Tổng hợp Cần Thơ,Tổng hợp,In-scope Cần Thơ,Informational,50,N/A,N/A,N/A,Planner (Thấp),data/google_planner/can-tho/Keyword Stats 2026-02-23 at 11_18_37.csv,Viết guide/review; ưu tiên long-tail; tạo topic hub và internal link về trang dịch vụ,B,55.00000000000001,0%,"4,071"
các địa điểm du lịch tại cần thơ,Tổng hợp Cần Thơ,Tổng hợp,In-scope Cần Thơ,Informational,50,N/A,N/A,N/A,Planner (Thấp),data/google_planner/can-tho/Keyword Stats 2026-02-23 at 11_18_37.csv,Viết guide/review; ưu tiên long-tail; tạo topic hub và internal link về trang dịch vụ,B,55.00000000000001,0%,"3,785"
các địa điểm tham quan ở cần thơ,Tổng hợp Cần Thơ,Tổng hợp,In-scope Cần Thơ,Informational,50,N/A,N/A,N/A,Planner (Thấp),data/google_planner/can-tho/Keyword Stats 2026-02-23 at 11_18_37.csv,Viết guide/review; ưu tiên long-tail; tạo topic hub và internal link về trang dịch vụ,B,55.00000000000001,0%,"2,997"
các địa điểm vui chơi ở cần thơ,Tổng hợp Cần Thơ,Tổng hợp,In-scope Cần Thơ,Informational,50,N/A,N/A,N/A,Planner (Thấp),data/google_planner/can-tho/Keyword Stats 2026-02-23 at 11_18_37.csv,Viết guide/review; ưu tiên long-tail; tạo topic hub và internal link về trang dịch vụ,B,55.00000000000001,0%,"4,075"
cần thơ 2 ngày 1 đêm,Tổng hợp Cần Thơ,Tổng hợp,In-scope Cần Thơ,Informational,50,N/A,N/A,N/A,Planner (Cao),data/google_planner/can-tho/Keyword Stats 2026-02-23 at 11_18_37.csv,Viết guide/review; ưu tiên long-tail; tạo topic hub và internal link về trang dịch vụ,B,55.00000000000001,0%,"6,789"
cần thơ có những điểm du lịch nào,Tổng hợp Cần Thơ,Tổng hợp,In-scope Cần Thơ,Informational,50,N/A,N/A,N/A,Planner (Thấp),data/google_planner/can-tho/Keyword Stats 2026-02-23 at 11_18_37.csv,Viết guide/review; ưu tiên long-tail; tạo topic hub và internal link về trang dịch vụ,B,55.00000000000001,0%,"2,457"
cần thơ có điểm du lịch nào,Tổng hợp Cần Thơ,Tổng hợp,In-scope Cần Thơ,Informational,50,N/A,N/A,N/A,Planner (Thấp),data/google_planner/can-tho/Keyword Stats 2026-02-23 at 11_18_37.csv,Viết guide/review; ưu tiên long-tail; tạo topic hub và internal link về trang dịch vụ,B,55.00000000000001,0%,"3,558"
cần thơ có địa điểm du lịch nào,Tổng hợp Cần Thơ,Tổng hợp,In-scope Cần Thơ,Informational,50,N/A,N/A,N/A,Planner (Thấp),data/google_planner/can-tho/Keyword Stats 2026-02-23 at 11_18_37.csv,Viết guide/review; ưu tiên long-tail; tạo topic hub và internal link về trang dịch vụ,B,55.00000000000001,0%,"3,446"
cần thơ vinpearl,Tổng hợp Cần Thơ,Tổng hợp,In-scope Cần Thơ,Informational,50,N/A,N/A,N/A,Planner (Cao),data/google_planner/can-tho/Keyword Stats 2026-02-23 at 11_18_37.csv,Viết guide/review; ưu tiên long-tail; tạo topic hub và internal link về trang dịch vụ,B,55.00000000000001,0%,"8,098"
cần thơ điểm du lịch,Tổng hợp Cần Thơ,Tổng hợp,In-scope Cần Thơ,Informational,50,N/A,N/A,N/A,Planner (Trung bình),data/google_planner/can-tho/Keyword Stats 2026-02-23 at 11_18_37.csv,Viết guide/review; ưu tiên long-tail; tạo topic hub và internal link về trang dịch vụ,B,55.00000000000001,0%,"3,040"
dia diem du lich can tho,Tổng hợp Cần Thơ,Tổng hợp,In-scope Cần Thơ,Informational,50,N/A,N/A,N/A,Planner (Thấp),data/google_planner/can-tho/Keyword Stats 2026-02-23 at 11_18_37.csv,Viết guide/review; ưu tiên long-tail; tạo topic hub và internal link về trang dịch vụ,B,55.00000000000001,0%,"3,589"
diem du lich can tho,Tổng hợp Cần Thơ,Tổng hợp,In-scope Cần Thơ,Informational,50,N/A,N/A,N/A,Planner (Thấp),data/google_planner/can-tho/Keyword Stats 2026-02-23 at 11_18_37.csv,Viết guide/review; ưu tiên long-tail; tạo topic hub và internal link về trang dịch vụ,B,55.00000000000001,0%,"5,108"
du lich can tho 3 ngay 2 dem,Tổng hợp Cần Thơ,Tổng hợp,In-scope Cần Thơ,Informational,50,N/A,N/A,N/A,Planner (Cao),data/google_planner/can-tho/Keyword Stats 2026-02-23 at 11_18_37.csv,Viết guide/review; ưu tiên long-tail; tạo topic hub và internal link về trang dịch vụ,B,55.00000000000001,0%,"15,539"
du lich can tho co gi,Tổng hợp Cần Thơ,Tổng hợp,In-scope Cần Thơ,Informational,50,N/A,N/A,N/A,Planner (Trung bình),data/google_planner/can-tho/Keyword Stats 2026-02-23 at 11_18_37.csv,Viết guide/review; ưu tiên long-tail; tạo topic hub và internal link về trang dịch vụ,B,55.00000000000001,0%,"6,159"
du lịch ở cần thơ,Tổng hợp Cần Thơ,Tổng hợp,In-scope Cần Thơ,Informational,50,N/A,N/A,N/A,Planner (Thấp),data/google_planner/can-tho/Keyword Stats 2026-02-23 at 11_18_37.csv,Viết guide/review; ưu tiên long-tail; tạo topic hub và internal link về trang dịch vụ,B,55.00000000000001,0%,"6,045"
du lịch cần thơ 3 ngày 2 đêm tự túc,Tổng hợp Cần Thơ,Tổng hợp,In-scope Cần Thơ,Informational,50,N/A,N/A,N/A,Planner (Trung bình),data/google_planner/can-tho/Keyword Stats 2026-02-23 at 11_18_37.csv,Viết guide/review; ưu tiên long-tail; tạo topic hub và internal link về trang dịch vụ,B,55.00000000000001,0%,"5,628"
du lịch cần thơ 4 ngày 3 đêm tự túc,Tổng hợp Cần Thơ,Tổng hợp,In-scope Cần Thơ,Informational,50,N/A,N/A,N/A,Planner (Cao),data/google_planner/can-tho/Keyword Stats 2026-02-23 at 11_18_37.csv,Viết guide/review; ưu tiên long-tail; tạo topic hub và internal link về trang dịch vụ,B,55.00000000000001,0%,"4,934"
du lịch cần thơ tháng 12,Tổng hợp Cần Thơ,Tổng hợp,In-scope Cần Thơ,Informational,50,N/A,N/A,N/A,Planner (Trung bình),data/google_planner/can-tho/Keyword Stats 2026-02-23 at 11_18_37.csv,Viết guide/review; ưu tiên long-tail; tạo topic hub và internal link về trang dịch vụ,B,55.00000000000001,0%,"5,693"
du lịch cần thơ trong ngày,Tổng hợp Cần Thơ,Tổng hợp,In-scope Cần Thơ,Informational,50,N/A,N/A,N/A,Planner (Cao),data/google_planner/can-tho/Keyword Stats 2026-02-23 at 11_18_37.csv,Viết guide/review; ưu tiên long-tail; tạo topic hub và internal link về trang dịch vụ,B,55.00000000000001,0%,"7,928"
du lịch cần thơ tết nguyên đán,Tổng hợp Cần Thơ,Tổng hợp,In-scope Cần Thơ,Informational,50,N/A,N/A,N/A,Planner (Trung bình),data/google_planner/can-tho/Keyword Stats 2026-02-23 at 11_18_37.csv,Viết guide/review; ưu tiên long-tail; tạo topic hub và internal link về trang dịch vụ,B,55.00000000000001,0%,"5,270"
du lịch cần thơ tự túc 1 ngày,Tổng hợp Cần Thơ,Tổng hợp,In-scope Cần Thơ,Informational,50,N/A,N/A,N/A,Planner (Trung bình),data/google_planner/can-tho/Keyword Stats 2026-02-23 at 11_18_37.csv,Viết guide/review; ưu tiên long-tail; tạo topic hub và internal link về trang dịch vụ,B,55.00000000000001,0%,"4,647"
du lịch cần thơ và các tỉnh lân cận,Tổng hợp Cần Thơ,Tổng hợp,In-scope Cần Thơ,Informational,50,N/A,N/A,N/A,Planner (Trung bình),data/google_planner/can-tho/Keyword Stats 2026-02-23 at 11_18_37.csv,Viết guide/review; ưu tiên long-tail; tạo topic hub và internal link về trang dịch vụ,B,55.00000000000001,0%,"3,851"
du lịch miền tây cần thơ,Tổng hợp Cần Thơ,Tổng hợp,In-scope Cần Thơ,Informational,50,N/A,N/A,N/A,Planner (Trung bình),data/google_planner/can-tho/Keyword Stats 2026-02-23 at 11_18_37.csv,Viết guide/review; ưu tiên long-tail; tạo topic hub và internal link về trang dịch vụ,B,55.00000000000001,0%,"7,111"
du lịch quanh cần thơ,Tổng hợp Cần Thơ,Tổng hợp,In-scope Cần Thơ,Informational,50,N/A,N/A,N/A,Planner (Trung bình),data/google_planner/can-tho/Keyword Stats 2026-02-23 at 11_18_37.csv,Viết guide/review; ưu tiên long-tail; tạo topic hub và internal link về trang dịch vụ,B,55.00000000000001,0%,"5,194"
du lịch thành phố cần thơ,Tổng hợp Cần Thơ,Tổng hợp,In-scope Cần Thơ,Informational,50,N/A,N/A,N/A,Planner (Thấp),data/google_planner/can-tho/Keyword Stats 2026-02-23 at 11_18_37.csv,Viết guide/review; ưu tiên long-tail; tạo topic hub và internal link về trang dịch vụ,B,55.00000000000001,0%,"4,354"
du lịch tp cần thơ,Tổng hợp Cần Thơ,Tổng hợp,In-scope Cần Thơ,Informational,50,N/A,N/A,N/A,Planner (Trung bình),data/google_planner/can-tho/Keyword Stats 2026-02-23 at 11_18_37.csv,Viết guide/review; ưu tiên long-tail; tạo topic hub và internal link về trang dịch vụ,B,55.00000000000001,0%,"3,982"
du lịch tết cần thơ,Tổng hợp Cần Thơ,Tổng hợp,In-scope Cần Thơ,Informational,50,N/A,N/A,N/A,Planner (Trung bình),data/google_planner/can-tho/Keyword Stats 2026-02-23 at 11_18_37.csv,Viết guide/review; ưu tiên long-tail; tạo topic hub và internal link về trang dịch vụ,B,55.00000000000001,0%,"6,036"
du lịch tự túc cần thơ,Tổng hợp Cần Thơ,Tổng hợp,In-scope Cần Thơ,Informational,50,N/A,N/A,N/A,Planner (Trung bình),data/google_planner/can-tho/Keyword Stats 2026-02-23 at 11_18_37.csv,Viết guide/review; ưu tiên long-tail; tạo topic hub và internal link về trang dịch vụ,B,55.00000000000001,0%,"7,124"
dịch vụ du lịch cần thơ,Tổng hợp Cần Thơ,Tổng hợp,In-scope Cần Thơ,Informational,50,N/A,N/A,N/A,Planner (Thấp),data/google_planner/can-tho/Keyword Stats 2026-02-23 at 11_18_37.csv,Viết guide/review; ưu tiên long-tail; tạo topic hub và internal link về trang dịch vụ,B,55.00000000000001,0%,"14,660"
fortuneland cần thơ,Tổng hợp Cần Thơ,Tổng hợp,In-scope Cần Thơ,Informational,50,N/A,N/A,N/A,Planner (Trung bình),data/google_planner/can-tho/Keyword Stats 2026-02-23 at 11_18_37.csv,Viết guide/review; ưu tiên long-tail; tạo topic hub và internal link về trang dịch vụ,B,55.00000000000001,0%,"17,919"
giá phòng azerai cần thơ,Tổng hợp Cần Thơ,Tổng hợp,In-scope Cần Thơ,Transaction,50,N/A,N/A,N/A,Planner (Cao),data/google_planner/can-tho/Keyword Stats 2026-02-23 at 11_18_37.csv,"Tạo landing chuyển đổi (giá/vé/đặt chỗ), gom vào cluster page + build backlink nội bộ",B,55.00000000000001,0%,"1,830"
giá phòng sheraton cần thơ,Tổng hợp Cần Thơ,Tổng hợp,In-scope Cần Thơ,Transaction,50,N/A,N/A,N/A,Planner (Cao),data/google_planner/can-tho/Keyword Stats 2026-02-23 at 11_18_37.csv,"Tạo landing chuyển đổi (giá/vé/đặt chỗ), gom vào cluster page + build backlink nội bộ",B,55.00000000000001,-90.0%,"4,155"
holiday 1 cần thơ,Tổng hợp Cần Thơ,Tổng hợp,In-scope Cần Thơ,Informational,50,N/A,N/A,N/A,Planner (Trung bình),data/google_planner/can-tho/Keyword Stats 2026-02-23 at 11_18_37.csv,Viết guide/review; ưu tiên long-tail; tạo topic hub và internal link về trang dịch vụ,B,55.00000000000001,0%,"15,912"
khám phá cần thơ,Tổng hợp Cần Thơ,Tổng hợp,In-scope Cần Thơ,Informational,50,N/A,N/A,N/A,Planner (Thấp),data/google_planner/can-tho/Keyword Stats 2026-02-23 at 11_18_37.csv,Viết guide/review; ưu tiên long-tail; tạo topic hub và internal link về trang dịch vụ,B,55.00000000000001,0%,"5,454"
khu du lịch căn nhà màu tím cần thơ,Tổng hợp Cần Thơ,Tổng hợp,In-scope Cần Thơ,Informational,50,N/A,N/A,N/A,Planner (Thấp),data/google_planner/can-tho/Keyword Stats 2026-02-23 at 11_18_37.csv,Viết guide/review; ưu tiên long-tail; tạo topic hub và internal link về trang dịch vụ,B,55.00000000000001,0%,"6,809"
khu du lịch cồn khương cần thơ,Tổng hợp Cần Thơ,Tổng hợp,In-scope Cần Thơ,Informational,50,N/A,N/A,N/A,Planner (Thấp),data/google_planner/can-tho/Keyword Stats 2026-02-23 at 11_18_37.csv,Viết guide/review; ưu tiên long-tail; tạo topic hub và internal link về trang dịch vụ,B,55.00000000000001,0%,"5,206"
khu nghỉ dưỡng azerai cần thơ,Tổng hợp Cần Thơ,Tổng hợp,In-scope Cần Thơ,Informational,50,N/A,N/A,N/A,Planner (Cao),data/google_planner/can-tho/Keyword Stats 2026-02-23 at 11_18_37.csv,Viết guide/review; ưu tiên long-tail; tạo topic hub và internal link về trang dịch vụ,B,55.00000000000001,0%,"4,879"
khu nghỉ dưỡng ở cần thơ,Tổng hợp Cần Thơ,Tổng hợp,In-scope Cần Thơ,Informational,50,N/A,N/A,N/A,Planner (Cao),data/google_planner/can-tho/Keyword Stats 2026-02-23 at 11_18_37.csv,Viết guide/review; ưu tiên long-tail; tạo topic hub và internal link về trang dịch vụ,B,55.00000000000001,0%,"4,536"
kinh nghiệm du lịch cần thơ 2 ngày 1 đêm,Tổng hợp Cần Thơ,Tổng hợp,In-scope Cần Thơ,Commercial Investigation,50,N/A,N/A,N/A,Planner (Cao),data/google_planner/can-tho/Keyword Stats 2026-02-23 at 11_18_37.csv,Viết bài top-list/so sánh; map vào cluster hub; bổ sung schema + ảnh/UGC,B,55.00000000000001,0%,"4,346"
kinh nghiệm đi cần thơ,Tổng hợp Cần Thơ,Tổng hợp,In-scope Cần Thơ,Commercial Investigation,50,N/A,N/A,N/A,Planner (Trung bình),data/google_planner/can-tho/Keyword Stats 2026-02-23 at 11_18_37.csv,Viết bài top-list/so sánh; map vào cluster hub; bổ sung schema + ảnh/UGC,B,55.00000000000001,0%,"5,464"
kinh nghiệm đi cần thơ tự túc,Tổng hợp Cần Thơ,Tổng hợp,In-scope Cần Thơ,Commercial Investigation,50,N/A,N/A,N/A,Planner (Trung bình),data/google_planner/can-tho/Keyword Stats 2026-02-23 at 11_18_37.csv,Viết bài top-list/so sánh; map vào cluster hub; bổ sung schema + ảnh/UGC,B,55.00000000000001,0%,"14,746"
kinh nghiệm đi du lịch cần thơ,Tổng hợp Cần Thơ,Tổng hợp,In-scope Cần Thơ,Commercial Investigation,50,N/A,N/A,N/A,Planner (Trung bình),data/google_planner/can-tho/Keyword Stats 2026-02-23 at 11_18_37.csv,Viết bài top-list/so sánh; map vào cluster hub; bổ sung schema + ảnh/UGC,B,55.00000000000001,0%,"3,074"
ks 3 sao cần thơ,Tổng hợp Cần Thơ,Tổng hợp,In-scope Cần Thơ,Informational,50,N/A,N/A,N/A,Planner (Cao),data/google_planner/can-tho/Keyword Stats 2026-02-23 at 11_18_37.csv,Viết guide/review; ưu tiên long-tail; tạo topic hub và internal link về trang dịch vụ,B,55.00000000000001,0%,"17,258"
ks 4 sao cần thơ,Tổng hợp Cần Thơ,Tổng hợp,In-scope Cần Thơ,Informational,50,N/A,N/A,N/A,Planner (Cao),data/google_planner/can-tho/Keyword Stats 2026-02-23 at 11_18_37.csv,Viết guide/review; ưu tiên long-tail; tạo topic hub và internal link về trang dịch vụ,B,55.00000000000001,0%,"13,280"
ks apple cần thơ,Tổng hợp Cần Thơ,Tổng hợp,In-scope Cần Thơ,Informational,50,N/A,N/A,N/A,Planner (Cao),data/google_planner/can-tho/Keyword Stats 2026-02-23 at 11_18_37.csv,Viết guide/review; ưu tiên long-tail; tạo topic hub và internal link về trang dịch vụ,B,55.00000000000001,0%,"13,712"
ks công đoàn cần thơ,Tổng hợp Cần Thơ,Tổng hợp,In-scope Cần Thơ,Informational,50,N/A,N/A,N/A,Planner (Trung bình),data/google_planner/can-tho/Keyword Stats 2026-02-23 at 11_18_37.csv,Viết guide/review; ưu tiên long-tail; tạo topic hub và internal link về trang dịch vụ,B,55.00000000000001,0%,"16,180"
ks cần thơ giá rẻ,Tổng hợp Cần Thơ,Tổng hợp,In-scope Cần Thơ,Transaction,50,N/A,N/A,N/A,Planner (Trung bình),data/google_planner/can-tho/Keyword Stats 2026-02-23 at 11_18_37.csv,"Tạo landing chuyển đổi (giá/vé/đặt chỗ), gom vào cluster page + build backlink nội bộ",B,55.00000000000001,0%,"27,806"
ks fit cần thơ,Tổng hợp Cần Thơ,Tổng hợp,In-scope Cần Thơ,Informational,50,N/A,N/A,N/A,Planner (Cao),data/google_planner/can-tho/Keyword Stats 2026-02-23 at 11_18_37.csv,Viết guide/review; ưu tiên long-tail; tạo topic hub và internal link về trang dịch vụ,B,55.00000000000001,0%,"28,579"
ks fortuneland can tho,Tổng hợp Cần Thơ,Tổng hợp,In-scope Cần Thơ,Informational,50,N/A,N/A,N/A,Planner (Cao),data/google_planner/can-tho/Keyword Stats 2026-02-23 at 11_18_37.csv,Viết guide/review; ưu tiên long-tail; tạo topic hub và internal link về trang dịch vụ,B,55.00000000000001,0%,"10,618"
ks giá rẻ cần thơ,Tổng hợp Cần Thơ,Tổng hợp,In-scope Cần Thơ,Transaction,50,N/A,N/A,N/A,Planner (Trung bình),data/google_planner/can-tho/Keyword Stats 2026-02-23 at 11_18_37.csv,"Tạo landing chuyển đổi (giá/vé/đặt chỗ), gom vào cluster page + build backlink nội bộ",B,55.00000000000001,0%,"20,220"
ks holiday 2 cần thơ,Tổng hợp Cần Thơ,Tổng hợp,In-scope Cần Thơ,Informational,50,N/A,N/A,N/A,Planner (Cao),data/google_planner/can-tho/Keyword Stats 2026-02-23 at 11_18_37.csv,Viết guide/review; ưu tiên long-tail; tạo topic hub và internal link về trang dịch vụ,B,55.00000000000001,0%,"12,682"
ks kim thơ cần thơ,Tổng hợp Cần Thơ,Tổng hợp,In-scope Cần Thơ,Informational,50,N/A,N/A,N/A,Planner (Cao),data/google_planner/can-tho/Keyword Stats 2026-02-23 at 11_18_37.csv,Viết guide/review; ưu tiên long-tail; tạo topic hub và internal link về trang dịch vụ,B,55.00000000000001,0%,"9,148"
ks linh phương cần thơ,Tổng hợp Cần Thơ,Tổng hợp,In-scope Cần Thơ,Informational,50,N/A,N/A,N/A,Planner (Trung bình),data/google_planner/can-tho/Keyword Stats 2026-02-23 at 11_18_37.csv,Viết guide/review; ưu tiên long-tail; tạo topic hub và internal link về trang dịch vụ,B,55.00000000000001,0%,"6,708"
ks lion 3 cần thơ,Tổng hợp Cần Thơ,Tổng hợp,In-scope Cần Thơ,Informational,50,N/A,N/A,N/A,Planner (Trung bình),data/google_planner/can-tho/Keyword Stats 2026-02-23 at 11_18_37.csv,Viết guide/review; ưu tiên long-tail; tạo topic hub và internal link về trang dịch vụ,B,55.00000000000001,0%,"47,776"
ks lion can tho,Tổng hợp Cần Thơ,Tổng hợp,In-scope Cần Thơ,Informational,50,N/A,N/A,N/A,Planner (Trung bình),data/google_planner/can-tho/Keyword Stats 2026-02-23 at 11_18_37.csv,Viết guide/review; ưu tiên long-tail; tạo topic hub và internal link về trang dịch vụ,B,55.00000000000001,0%,"22,787"
ks phương nga cần thơ,Tổng hợp Cần Thơ,Tổng hợp,In-scope Cần Thơ,Informational,50,N/A,N/A,N/A,Planner (Thấp),data/google_planner/can-tho/Keyword Stats 2026-02-23 at 11_18_37.csv,Viết guide/review; ưu tiên long-tail; tạo topic hub và internal link về trang dịch vụ,B,55.00000000000001,0%,"4,173"
ks quốc tế cần thơ,Tổng hợp Cần Thơ,Tổng hợp,In-scope Cần Thơ,Informational,50,N/A,N/A,N/A,Planner (Thấp),data/google_planner/can-tho/Keyword Stats 2026-02-23 at 11_18_37.csv,Viết guide/review; ưu tiên long-tail; tạo topic hub và internal link về trang dịch vụ,B,55.00000000000001,0%,"11,830"
ks tây nam cần thơ,Tổng hợp Cần Thơ,Tổng hợp,In-scope Cần Thơ,Informational,50,N/A,N/A,N/A,Planner (Trung bình),data/google_planner/can-tho/Keyword Stats 2026-02-23 at 11_18_37.csv,Viết guide/review; ưu tiên long-tail; tạo topic hub và internal link về trang dịch vụ,B,55.00000000000001,0%,"8,515"
ks tây đô cần thơ,Tổng hợp Cần Thơ,Tổng hợp,In-scope Cần Thơ,Informational,50,N/A,N/A,N/A,Planner (Trung bình),data/google_planner/can-tho/Keyword Stats 2026-02-23 at 11_18_37.csv,Viết guide/review; ưu tiên long-tail; tạo topic hub và internal link về trang dịch vụ,B,55.00000000000001,0%,"12,637"
ks victoria cần thơ,Tổng hợp Cần Thơ,Tổng hợp,In-scope Cần Thơ,Informational,50,N/A,N/A,N/A,Planner (Trung bình),data/google_planner/can-tho/Keyword Stats 2026-02-23 at 11_18_37.csv,Viết guide/review; ưu tiên long-tail; tạo topic hub và internal link về trang dịch vụ,B,55.00000000000001,0%,"5,508"
ks vincom can tho,Tổng hợp Cần Thơ,Tổng hợp,In-scope Cần Thơ,Informational,50,N/A,N/A,N/A,Planner (Cao),data/google_planner/can-tho/Keyword Stats 2026-02-23 at 11_18_37.csv,Viết guide/review; ưu tiên long-tail; tạo topic hub và internal link về trang dịch vụ,B,55.00000000000001,0%,"9,437"
ks đông hà cần thơ,Tổng hợp Cần Thơ,Tổng hợp,In-scope Cần Thơ,Informational,50,N/A,N/A,N/A,Planner (Thấp),data/google_planner/can-tho/Keyword Stats 2026-02-23 at 11_18_37.csv,Viết guide/review; ưu tiên long-tail; tạo topic hub và internal link về trang dịch vụ,B,55.00000000000001,0%,"6,294"
lịch trình đi cần thơ 2 ngày 1 đêm,Tổng hợp Cần Thơ,Tổng hợp,In-scope Cần Thơ,Informational,50,N/A,N/A,N/A,Planner (Trung bình),data/google_planner/can-tho/Keyword Stats 2026-02-23 at 11_18_37.csv,Viết guide/review; ưu tiên long-tail; tạo topic hub và internal link về trang dịch vụ,B,55.00000000000001,0%,"3,948"
mekong lodge can tho,Tổng hợp Cần Thơ,Tổng hợp,In-scope Cần Thơ,Informational,50,N/A,N/A,N/A,Planner (Cao),data/google_planner/can-tho/Keyword Stats 2026-02-23 at 11_18_37.csv,Viết guide/review; ưu tiên long-tail; tạo topic hub và internal link về trang dịch vụ,B,55.00000000000001,0%,"22,257"
motel cần thơ,Tổng hợp Cần Thơ,Tổng hợp,In-scope Cần Thơ,Informational,50,N/A,N/A,N/A,Planner (Thấp),data/google_planner/can-tho/Keyword Stats 2026-02-23 at 11_18_37.csv,Viết guide/review; ưu tiên long-tail; tạo topic hub và internal link về trang dịch vụ,B,55.00000000000001,0%,"14,543"
muong thanh cantho,Tổng hợp Cần Thơ,Tổng hợp,In-scope Cần Thơ,Informational,50,N/A,N/A,N/A,Planner (Cao),data/google_planner/can-tho/Keyword Stats 2026-02-23 at 11_18_37.csv,Viết guide/review; ưu tiên long-tail; tạo topic hub và internal link về trang dịch vụ,B,55.00000000000001,0%,"20,226"
mường thanh cần thơ giá phòng,Tổng hợp Cần Thơ,Tổng hợp,In-scope Cần Thơ,Transaction,50,N/A,N/A,N/A,Planner (Cao),data/google_planner/can-tho/Keyword Stats 2026-02-23 at 11_18_37.csv,"Tạo landing chuyển đổi (giá/vé/đặt chỗ), gom vào cluster page + build backlink nội bộ",B,55.00000000000001,0%,"7,234"
mường thanh cần thơ mấy sao,Tổng hợp Cần Thơ,Tổng hợp,In-scope Cần Thơ,Informational,50,N/A,N/A,N/A,Planner (Cao),data/google_planner/can-tho/Keyword Stats 2026-02-23 at 11_18_37.csv,Viết guide/review; ưu tiên long-tail; tạo topic hub và internal link về trang dịch vụ,B,55.00000000000001,0%,"12,833"
mường thanh cần thơ địa chỉ,Tổng hợp Cần Thơ,Tổng hợp,In-scope Cần Thơ,Informational,50,N/A,N/A,N/A,Planner (Trung bình),data/google_planner/can-tho/Keyword Stats 2026-02-23 at 11_18_37.csv,Viết guide/review; ưu tiên long-tail; tạo topic hub và internal link về trang dịch vụ,B,55.00000000000001,0%,"12,716"
nghỉ dưỡng cần thơ,Tổng hợp Cần Thơ,Tổng hợp,In-scope Cần Thơ,Informational,50,N/A,N/A,N/A,Planner (Cao),data/google_planner/can-tho/Keyword Stats 2026-02-23 at 11_18_37.csv,Viết guide/review; ưu tiên long-tail; tạo topic hub và internal link về trang dịch vụ,B,55.00000000000001,0%,"5,281"
nhà khách công đoàn cần thơ,Tổng hợp Cần Thơ,Tổng hợp,In-scope Cần Thơ,Informational,50,N/A,N/A,N/A,Planner (Thấp),data/google_planner/can-tho/Keyword Stats 2026-02-23 at 11_18_37.csv,Viết guide/review; ưu tiên long-tail; tạo topic hub và internal link về trang dịch vụ,B,55.00000000000001,0%,"13,701"
những điểm du lịch đẹp ở cần thơ,Tổng hợp Cần Thơ,Tổng hợp,In-scope Cần Thơ,Informational,50,N/A,N/A,N/A,Planner (Cao),data/google_planner/can-tho/Keyword Stats 2026-02-23 at 11_18_37.csv,Viết guide/review; ưu tiên long-tail; tạo topic hub và internal link về trang dịch vụ,B,55.00000000000001,0%,"3,755"
những điểm du lịch ở cần thơ,Tổng hợp Cần Thơ,Tổng hợp,In-scope Cần Thơ,Informational,50,N/A,N/A,N/A,Planner (Thấp),data/google_planner/can-tho/Keyword Stats 2026-02-23 at 11_18_37.csv,Viết guide/review; ưu tiên long-tail; tạo topic hub và internal link về trang dịch vụ,B,55.00000000000001,0%,"3,673"
những điểm tham quan ở cần thơ,Tổng hợp Cần Thơ,Tổng hợp,In-scope Cần Thơ,Informational,50,N/A,N/A,N/A,Planner (Thấp),data/google_planner/can-tho/Keyword Stats 2026-02-23 at 11_18_37.csv,Viết guide/review; ưu tiên long-tail; tạo topic hub và internal link về trang dịch vụ,B,55.00000000000001,0%,"3,936"
những điểm vui chơi ở cần thơ,Tổng hợp Cần Thơ,Tổng hợp,In-scope Cần Thơ,Informational,50,N/A,N/A,N/A,Planner (Trung bình),data/google_planner/can-tho/Keyword Stats 2026-02-23 at 11_18_37.csv,Viết guide/review; ưu tiên long-tail; tạo topic hub và internal link về trang dịch vụ,B,55.00000000000001,0%,"6,908"
những địa điểm du lịch cần thơ,Tổng hợp Cần Thơ,Tổng hợp,In-scope Cần Thơ,Informational,50,N/A,N/A,N/A,Planner (Thấp),data/google_planner/can-tho/Keyword Stats 2026-02-23 at 11_18_37.csv,Viết guide/review; ưu tiên long-tail; tạo topic hub và internal link về trang dịch vụ,B,55.00000000000001,0%,"1,816"
những địa điểm du lịch ở cần thơ,Tổng hợp Cần Thơ,Tổng hợp,In-scope Cần Thơ,Informational,50,N/A,N/A,N/A,Planner (Thấp),data/google_planner/can-tho/Keyword Stats 2026-02-23 at 11_18_37.csv,Viết guide/review; ưu tiên long-tail; tạo topic hub và internal link về trang dịch vụ,B,55.00000000000001,0%,"3,603"
những địa điểm đẹp ở cần thơ,Tổng hợp Cần Thơ,Tổng hợp,In-scope Cần Thơ,Informational,50,N/A,N/A,N/A,Planner (Thấp),data/google_planner/can-tho/Keyword Stats 2026-02-23 at 11_18_37.csv,Viết guide/review; ưu tiên long-tail; tạo topic hub và internal link về trang dịch vụ,B,55.00000000000001,0%,"2,716"
tham quan cần thơ 1 ngày,Tổng hợp Cần Thơ,Tổng hợp,In-scope Cần Thơ,Informational,50,N/A,N/A,N/A,Planner (Trung bình),data/google_planner/can-tho/Keyword Stats 2026-02-23 at 11_18_37.csv,Viết guide/review; ưu tiên long-tail; tạo topic hub và internal link về trang dịch vụ,B,55.00000000000001,0%,"3,091"
tham quan cần thơ 2 ngày,Tổng hợp Cần Thơ,Tổng hợp,In-scope Cần Thơ,Informational,50,N/A,N/A,N/A,Planner (Cao),data/google_planner/can-tho/Keyword Stats 2026-02-23 at 11_18_37.csv,Viết guide/review; ưu tiên long-tail; tạo topic hub và internal link về trang dịch vụ,B,55.00000000000001,0%,"5,122"
tua du lich can tho,Tổng hợp Cần Thơ,Tổng hợp,In-scope Cần Thơ,Informational,50,N/A,N/A,N/A,Planner (Trung bình),data/google_planner/can-tho/Keyword Stats 2026-02-23 at 11_18_37.csv,Viết guide/review; ưu tiên long-tail; tạo topic hub và internal link về trang dịch vụ,B,55.00000000000001,0%,"12,749"
vinpearl cần thơ đổi tên thành sheraton,Tổng hợp Cần Thơ,Tổng hợp,In-scope Cần Thơ,Informational,50,N/A,N/A,N/A,Planner (Thấp),data/google_planner/can-tho/Keyword Stats 2026-02-23 at 11_18_37.csv,Viết guide/review; ưu tiên long-tail; tạo topic hub và internal link về trang dịch vụ,B,55.00000000000001,0%,"51,420"
đi chơi cần thơ 1 ngày,Tổng hợp Cần Thơ,Tổng hợp,In-scope Cần Thơ,Informational,50,N/A,N/A,N/A,Planner (Thấp),data/google_planner/can-tho/Keyword Stats 2026-02-23 at 11_18_37.csv,Viết guide/review; ưu tiên long-tail; tạo topic hub và internal link về trang dịch vụ,B,55.00000000000001,0%,"2,476"
đi chơi ở cần thơ,Tổng hợp Cần Thơ,Tổng hợp,In-scope Cần Thơ,Informational,50,N/A,N/A,N/A,Planner (Thấp),data/google_planner/can-tho/Keyword Stats 2026-02-23 at 11_18_37.csv,Viết guide/review; ưu tiên long-tail; tạo topic hub và internal link về trang dịch vụ,B,55.00000000000001,0%,"4,548"
đi du lịch cần thơ tự túc,Tổng hợp Cần Thơ,Tổng hợp,In-scope Cần Thơ,Informational,50,N/A,N/A,N/A,Planner (Cao),data/google_planner/can-tho/Keyword Stats 2026-02-23 at 11_18_37.csv,Viết guide/review; ưu tiên long-tail; tạo topic hub và internal link về trang dịch vụ,B,55.00000000000001,0%,"8,830"
điểm du lịch tại cần thơ,Tổng hợp Cần Thơ,Tổng hợp,In-scope Cần Thơ,Informational,50,N/A,N/A,N/A,Planner (Thấp),data/google_planner/can-tho/Keyword Stats 2026-02-23 at 11_18_37.csv,Viết guide/review; ưu tiên long-tail; tạo topic hub và internal link về trang dịch vụ,B,55.00000000000001,0%,"2,150"
điểm tham quan cần thơ,Tổng hợp Cần Thơ,Tổng hợp,In-scope Cần Thơ,Informational,50,N/A,N/A,N/A,Planner (Trung bình),data/google_planner/can-tho/Keyword Stats 2026-02-23 at 11_18_37.csv,Viết guide/review; ưu tiên long-tail; tạo topic hub và internal link về trang dịch vụ,B,55.00000000000001,0%,"3,247"
điểm tham quan ở cần thơ,Tổng hợp Cần Thơ,Tổng hợp,In-scope Cần Thơ,Informational,50,N/A,N/A,N/A,Planner (Thấp),data/google_planner/can-tho/Keyword Stats 2026-02-23 at 11_18_37.csv,Viết guide/review; ưu tiên long-tail; tạo topic hub và internal link về trang dịch vụ,B,55.00000000000001,0%,"3,818"
điểm vui chơi cần thơ,Tổng hợp Cần Thơ,Tổng hợp,In-scope Cần Thơ,Informational,50,N/A,N/A,N/A,Planner (Thấp),data/google_planner/can-tho/Keyword Stats 2026-02-23 at 11_18_37.csv,Viết guide/review; ưu tiên long-tail; tạo topic hub và internal link về trang dịch vụ,B,55.00000000000001,0%,"3,503"
điểm đến cần thơ,Tổng hợp Cần Thơ,Tổng hợp,In-scope Cần Thơ,Informational,50,N/A,N/A,N/A,Planner (Thấp),data/google_planner/can-tho/Keyword Stats 2026-02-23 at 11_18_37.csv,Viết guide/review; ưu tiên long-tail; tạo topic hub và internal link về trang dịch vụ,B,55.00000000000001,0%,"36,877"
đông hà fortuneland cần thơ,Tổng hợp Cần Thơ,Tổng hợp,In-scope Cần Thơ,Informational,50,N/A,N/A,N/A,Planner (Trung bình),data/google_planner/can-tho/Keyword Stats 2026-02-23 at 11_18_37.csv,Viết guide/review; ưu tiên long-tail; tạo topic hub và internal link về trang dịch vụ,B,55.00000000000001,0%,"8,570"
địa chỉ mường thanh cần thơ,Tổng hợp Cần Thơ,Tổng hợp,In-scope Cần Thơ,Informational,50,N/A,N/A,N/A,Planner (Trung bình),data/google_planner/can-tho/Keyword Stats 2026-02-23 at 11_18_37.csv,Viết guide/review; ưu tiên long-tail; tạo topic hub và internal link về trang dịch vụ,B,55.00000000000001,0%,"2,548"
địa điểm chơi cần thơ,Tổng hợp Cần Thơ,Tổng hợp,In-scope Cần Thơ,Informational,50,N/A,N/A,N/A,Planner (Thấp),data/google_planner/can-tho/Keyword Stats 2026-02-23 at 11_18_37.csv,Viết guide/review; ưu tiên long-tail; tạo topic hub và internal link về trang dịch vụ,B,55.00000000000001,0%,"4,382"
địa điểm chơi ở cần thơ,Tổng hợp Cần Thơ,Tổng hợp,In-scope Cần Thơ,Informational,50,N/A,N/A,N/A,Planner (Thấp),data/google_planner/can-tho/Keyword Stats 2026-02-23 at 11_18_37.csv,Viết guide/review; ưu tiên long-tail; tạo topic hub và internal link về trang dịch vụ,B,55.00000000000001,0%,"3,277"
địa điểm tham quan cần thơ,Tổng hợp Cần Thơ,Tổng hợp,In-scope Cần Thơ,Informational,50,N/A,N/A,N/A,Planner (Thấp),data/google_planner/can-tho/Keyword Stats 2026-02-23 at 11_18_37.csv,Viết guide/review; ưu tiên long-tail; tạo topic hub và internal link về trang dịch vụ,B,55.00000000000001,-90.0%,"3,622"
địa điểm tham quan ở cần thơ,Tổng hợp Cần Thơ,Tổng hợp,In-scope Cần Thơ,Informational,50,N/A,N/A,N/A,Planner (Thấp),data/google_planner/can-tho/Keyword Stats 2026-02-23 at 11_18_37.csv,Viết guide/review; ưu tiên long-tail; tạo topic hub và internal link về trang dịch vụ,B,55.00000000000001,0%,"2,857"
địa điểm vui chơi ở cần thơ,Tổng hợp Cần Thơ,Tổng hợp,In-scope Cần Thơ,Informational,50,N/A,N/A,N/A,Planner (Thấp),data/google_planner/can-tho/Keyword Stats 2026-02-23 at 11_18_37.csv,Viết guide/review; ưu tiên long-tail; tạo topic hub và internal link về trang dịch vụ,B,55.00000000000001,0%,"3,621"
địa điểm ăn chơi cần thơ,Tổng hợp Cần Thơ,Tổng hợp,In-scope Cần Thơ,Informational,50,N/A,N/A,N/A,Planner (Thấp),data/google_planner/can-tho/Keyword Stats 2026-02-23 at 11_18_37.csv,Viết guide/review; ưu tiên long-tail; tạo topic hub và internal link về trang dịch vụ,B,55.00000000000001,0%,"7,039"
địa điểm đi chơi cần thơ,Tổng hợp Cần Thơ,Tổng hợp,In-scope Cần Thơ,Informational,50,N/A,N/A,N/A,Planner (Thấp),data/google_planner/can-tho/Keyword Stats 2026-02-23 at 11_18_37.csv,Viết guide/review; ưu tiên long-tail; tạo topic hub và internal link về trang dịch vụ,B,55.00000000000001,0%,"10,316"
địa điểm đi chơi ở cần thơ,Tổng hợp Cần Thơ,Tổng hợp,In-scope Cần Thơ,Informational,50,N/A,N/A,N/A,Planner (Thấp),data/google_planner/can-tho/Keyword Stats 2026-02-23 at 11_18_37.csv,Viết guide/review; ưu tiên long-tail; tạo topic hub và internal link về trang dịch vụ,B,55.00000000000001,0%,"3,284"
ẩm thực cân thơ,Tổng hợp Cần Thơ,Tổng hợp,In-scope Cần Thơ,Informational,50,N/A,N/A,N/A,Planner (Thấp),data/google_planner/can-tho/Keyword Stats 2026-02-23 at 11_18_37.csv,Viết guide/review; ưu tiên long-tail; tạo topic hub và internal link về trang dịch vụ,B,50.0,0%,0
địa điểm du lịch cân thơ,Tổng hợp Cần Thơ,Tổng hợp,In-scope Cần Thơ,Informational,50,N/A,N/A,N/A,Planner (Thấp),data/google_planner/can-tho/Keyword Stats 2026-02-23 at 11_18_37.csv,Viết guide/review; ưu tiên long-tail; tạo topic hub và internal link về trang dịch vụ,B,50.0,0%,0
vinpearl cân thơ,Tổng hợp Cần Thơ,Tổng hợp,In-scope Cần Thơ,Informational,50,N/A,N/A,N/A,Planner (Trung bình),data/google_planner/can-tho/Keyword Stats 2026-02-23 at 11_18_37.csv,Viết guide/review; ưu tiên long-tail; tạo topic hub và internal link về trang dịch vụ,B,50.0,0%,0
khu du lịch cần tho,Tổng hợp Cần Thơ,Tổng hợp,In-scope Cần Thơ,Informational,50,N/A,N/A,N/A,Planner (Thấp),data/google_planner/can-tho/Keyword Stats 2026-02-23 at 11_18_37.csv,Viết guide/review; ưu tiên long-tail; tạo topic hub và internal link về trang dịch vụ,B,50.0,0%,0
ks iris can tho,Tổng hợp Cần Thơ,Tổng hợp,In-scope Cần Thơ,Informational,50,N/A,N/A,N/A,Planner (Thấp),data/google_planner/can-tho/Keyword Stats 2026-02-23 at 11_18_37.csv,Viết guide/review; ưu tiên long-tail; tạo topic hub và internal link về trang dịch vụ,B,50.0,0%,0
khu du lịch sinh thái can tho,Tổng hợp Cần Thơ,Tổng hợp,In-scope Cần Thơ,Informational,50,N/A,N/A,N/A,Planner (Không xác định),data/google_planner/can-tho/Keyword Stats 2026-02-23 at 11_18_37.csv,Viết guide/review; ưu tiên long-tail; tạo topic hub và internal link về trang dịch vụ,B,50.0,-100.0%,0
khu nghi duong can tho,Tổng hợp Cần Thơ,Tổng hợp,In-scope Cần Thơ,Informational,50,N/A,N/A,N/A,Planner (Cao),data/google_planner/can-tho/Keyword Stats 2026-02-23 at 11_18_37.csv,Viết guide/review; ưu tiên long-tail; tạo topic hub và internal link về trang dịch vụ,B,50.0,0%,0
kinh nghiệm du lịch cân thơ,Tổng hợp Cần Thơ,Tổng hợp,In-scope Cần Thơ,Commercial Investigation,50,N/A,N/A,N/A,Planner (Thấp),data/google_planner/can-tho/Keyword Stats 2026-02-23 at 11_18_37.csv,Viết bài top-list/so sánh; map vào cluster hub; bổ sung schema + ảnh/UGC,B,50.0,0%,0
stay house cần thơ,Tổng hợp Cần Thơ,Tổng hợp,In-scope Cần Thơ,Informational,50,N/A,N/A,N/A,Planner (Thấp),data/google_planner/can-tho/Keyword Stats 2026-02-23 at 11_18_37.csv,Viết guide/review; ưu tiên long-tail; tạo topic hub và internal link về trang dịch vụ,B,50.0,0%,0
đặt phòng vinpearl cần thơ,Tổng hợp Cần Thơ,Tổng hợp,In-scope Cần Thơ,Informational,50,N/A,N/A,N/A,Planner (Thấp),data/google_planner/can-tho/Keyword Stats 2026-02-23 at 11_18_37.csv,Viết guide/review; ưu tiên long-tail; tạo topic hub và internal link về trang dịch vụ,B,50.0,0%,0
gia phong vinpearl can tho,Tổng hợp Cần Thơ,Tổng hợp,In-scope Cần Thơ,Transaction,50,N/A,N/A,N/A,Planner (Không xác định),data/google_planner/can-tho/Keyword Stats 2026-02-23 at 11_18_37.csv,"Tạo landing chuyển đổi (giá/vé/đặt chỗ), gom vào cluster page + build backlink nội bộ",B,50.0,-100.0%,0
gia phong muong thanh can tho,Tổng hợp Cần Thơ,Tổng hợp,In-scope Cần Thơ,Transaction,50,N/A,N/A,N/A,Planner (Cao),data/google_planner/can-tho/Keyword Stats 2026-02-23 at 11_18_37.csv,"Tạo landing chuyển đổi (giá/vé/đặt chỗ), gom vào cluster page + build backlink nội bộ",B,50.0,0%,0
an choi o can tho,Tổng hợp Cần Thơ,Tổng hợp,In-scope Cần Thơ,Informational,50,N/A,N/A,N/A,Planner (Trung bình),data/google_planner/can-tho/Keyword Stats 2026-02-23 at 11_18_37.csv,Viết guide/review; ưu tiên long-tail; tạo topic hub và internal link về trang dịch vụ,B,50.0,0%,0
an nam corner cần thơ,Tổng hợp Cần Thơ,Tổng hợp,In-scope Cần Thơ,Informational,50,N/A,N/A,N/A,Planner (Trung bình),data/google_planner/can-tho/Keyword Stats 2026-02-23 at 11_18_37.csv,Viết guide/review; ưu tiên long-tail; tạo topic hub và internal link về trang dịch vụ,B,50.0,0%,0
azerai cần thơ địa chỉ,Tổng hợp Cần Thơ,Tổng hợp,In-scope Cần Thơ,Informational,50,N/A,N/A,N/A,Planner (Thấp),data/google_planner/can-tho/Keyword Stats 2026-02-23 at 11_18_37.csv,Viết guide/review; ưu tiên long-tail; tạo topic hub và internal link về trang dịch vụ,B,50.0,0%,0
bang bang motel cần thơ,Tổng hợp Cần Thơ,Tổng hợp,In-scope Cần Thơ,Informational,50,N/A,N/A,N/A,Planner (Thấp),data/google_planner/can-tho/Keyword Stats 2026-02-23 at 11_18_37.csv,Viết guide/review; ưu tiên long-tail; tạo topic hub và internal link về trang dịch vụ,B,50.0,0%,0
biển cần thơ du lịch,Tổng hợp Cần Thơ,Tổng hợp,In-scope Cần Thơ,Informational,50,N/A,N/A,N/A,Planner (Thấp),data/google_planner/can-tho/Keyword Stats 2026-02-23 at 11_18_37.csv,Viết guide/review; ưu tiên long-tail; tạo topic hub và internal link về trang dịch vụ,B,50.0,0%,0
cac dia diem du lich can tho,Tổng hợp Cần Thơ,Tổng hợp,In-scope Cần Thơ,Informational,50,N/A,N/A,N/A,Planner (Trung bình),data/google_planner/can-tho/Keyword Stats 2026-02-23 at 11_18_37.csv,Viết guide/review; ưu tiên long-tail; tạo topic hub và internal link về trang dịch vụ,B,50.0,0%,0
cac dia diem du lich o can tho,Tổng hợp Cần Thơ,Tổng hợp,In-scope Cần Thơ,Informational,50,N/A,N/A,N/A,Planner (Không xác định),data/google_planner/can-tho/Keyword Stats 2026-02-23 at 11_18_37.csv,Viết guide/review; ưu tiên long-tail; tạo topic hub và internal link về trang dịch vụ,B,50.0,-100.0%,0
cac diem du lich o can tho,Tổng hợp Cần Thơ,Tổng hợp,In-scope Cần Thơ,Informational,50,N/A,N/A,N/A,Planner (Thấp),data/google_planner/can-tho/Keyword Stats 2026-02-23 at 11_18_37.csv,Viết guide/review; ưu tiên long-tail; tạo topic hub và internal link về trang dịch vụ,B,50.0,0%,0
cac diem du lich tai can tho,Tổng hợp Cần Thơ,Tổng hợp,In-scope Cần Thơ,Informational,50,N/A,N/A,N/A,Planner (Thấp),data/google_planner/can-tho/Keyword Stats 2026-02-23 at 11_18_37.csv,Viết guide/review; ưu tiên long-tail; tạo topic hub và internal link về trang dịch vụ,B,50.0,0%,0
cac diem tham quan can tho,Tổng hợp Cần Thơ,Tổng hợp,In-scope Cần Thơ,Informational,50,N/A,N/A,N/A,Planner (Trung bình),data/google_planner/can-tho/Keyword Stats 2026-02-23 at 11_18_37.csv,Viết guide/review; ưu tiên long-tail; tạo topic hub và internal link về trang dịch vụ,B,50.0,0%,0
cac diem tham quan o can tho,Tổng hợp Cần Thơ,Tổng hợp,In-scope Cần Thơ,Informational,50,N/A,N/A,N/A,Planner (Thấp),data/google_planner/can-tho/Keyword Stats 2026-02-23 at 11_18_37.csv,Viết guide/review; ưu tiên long-tail; tạo topic hub và internal link về trang dịch vụ,B,50.0,0%,0
cac diem vui choi o can tho,Tổng hợp Cần Thơ,Tổng hợp,In-scope Cần Thơ,Informational,50,N/A,N/A,N/A,Planner (Trung bình),data/google_planner/can-tho/Keyword Stats 2026-02-23 at 11_18_37.csv,Viết guide/review; ưu tiên long-tail; tạo topic hub và internal link về trang dịch vụ,B,50.0,0%,0
các khu du lịch cần thơ,Tổng hợp Cần Thơ,Tổng hợp,In-scope Cần Thơ,Informational,50,N/A,N/A,N/A,Planner (Thấp),data/google_planner/can-tho/Keyword Stats 2026-02-23 at 11_18_37.csv,Viết guide/review; ưu tiên long-tail; tạo topic hub và internal link về trang dịch vụ,B,50.0,0%,0
các khu du lịch ở cần thơ,Tổng hợp Cần Thơ,Tổng hợp,In-scope Cần Thơ,Informational,50,N/A,N/A,N/A,Planner (Thấp),data/google_planner/can-tho/Keyword Stats 2026-02-23 at 11_18_37.csv,Viết guide/review; ưu tiên long-tail; tạo topic hub và internal link về trang dịch vụ,B,50.0,0%,0
cẩm nang du lịch cần thơ,Tổng hợp Cần Thơ,Tổng hợp,In-scope Cần Thơ,Informational,50,N/A,N/A,N/A,Planner (Thấp),data/google_planner/can-tho/Keyword Stats 2026-02-23 at 11_18_37.csv,Viết guide/review; ưu tiên long-tail; tạo topic hub và internal link về trang dịch vụ,B,50.0,0%,0
can tho co j vui,Tổng hợp Cần Thơ,Tổng hợp,In-scope Cần Thơ,Informational,50,N/A,N/A,N/A,Planner (Không xác định),data/google_planner/can-tho/Keyword Stats 2026-02-23 at 11_18_37.csv,Viết guide/review; ưu tiên long-tail; tạo topic hub và internal link về trang dịch vụ,B,50.0,-100.0%,0
can tho co nhung diem du lich nao,Tổng hợp Cần Thơ,Tổng hợp,In-scope Cần Thơ,Informational,50,N/A,N/A,N/A,Planner (Cao),data/google_planner/can-tho/Keyword Stats 2026-02-23 at 11_18_37.csv,Viết guide/review; ưu tiên long-tail; tạo topic hub và internal link về trang dịch vụ,B,50.0,0%,0
can tho di dau choi,Tổng hợp Cần Thơ,Tổng hợp,In-scope Cần Thơ,Informational,50,N/A,N/A,N/A,Planner (Cao),data/google_planner/can-tho/Keyword Stats 2026-02-23 at 11_18_37.csv,Viết guide/review; ưu tiên long-tail; tạo topic hub và internal link về trang dịch vụ,B,50.0,0%,0
can tho du lich o dau,Tổng hợp Cần Thơ,Tổng hợp,In-scope Cần Thơ,Informational,50,N/A,N/A,N/A,Planner (Thấp),data/google_planner/can-tho/Keyword Stats 2026-02-23 at 11_18_37.csv,Viết guide/review; ưu tiên long-tail; tạo topic hub và internal link về trang dịch vụ,B,50.0,0%,0
canh dep can tho,Tổng hợp Cần Thơ,Tổng hợp,In-scope Cần Thơ,Informational,50,N/A,N/A,N/A,Planner (Thấp),data/google_planner/can-tho/Keyword Stats 2026-02-23 at 11_18_37.csv,Viết guide/review; ưu tiên long-tail; tạo topic hub và internal link về trang dịch vụ,B,50.0,0%,0
casa eco mekong cần thơ,Tổng hợp Cần Thơ,Tổng hợp,In-scope Cần Thơ,Informational,50,N/A,N/A,N/A,Planner (Thấp),data/google_planner/can-tho/Keyword Stats 2026-02-23 at 11_18_37.csv,Viết guide/review; ưu tiên long-tail; tạo topic hub và internal link về trang dịch vụ,B,50.0,-90.0%,0
chau doc di can tho,Tổng hợp Cần Thơ,Tổng hợp,In-scope Cần Thơ,Informational,50,N/A,N/A,N/A,Planner (Thấp),data/google_planner/can-tho/Keyword Stats 2026-02-23 at 11_18_37.csv,Viết guide/review; ưu tiên long-tail; tạo topic hub và internal link về trang dịch vụ,B,50.0,0%,0
chỗ chơi cần thơ,Tổng hợp Cần Thơ,Tổng hợp,In-scope Cần Thơ,Informational,50,N/A,N/A,N/A,Planner (Thấp),data/google_planner/can-tho/Keyword Stats 2026-02-23 at 11_18_37.csv,Viết guide/review; ưu tiên long-tail; tạo topic hub và internal link về trang dịch vụ,B,50.0,0%,0
chỗ vui chơi cần thơ,Tổng hợp Cần Thơ,Tổng hợp,In-scope Cần Thơ,Informational,50,N/A,N/A,N/A,Planner (Thấp),data/google_planner/can-tho/Keyword Stats 2026-02-23 at 11_18_37.csv,Viết guide/review; ưu tiên long-tail; tạo topic hub và internal link về trang dịch vụ,B,50.0,0%,0
chỗ vui chơi ở cần thơ,Tổng hợp Cần Thơ,Tổng hợp,In-scope Cần Thơ,Informational,50,N/A,N/A,N/A,Planner (Thấp),data/google_planner/can-tho/Keyword Stats 2026-02-23 at 11_18_37.csv,Viết guide/review; ưu tiên long-tail; tạo topic hub và internal link về trang dịch vụ,B,50.0,0%,0
chỗ đi chơi cần thơ,Tổng hợp Cần Thơ,Tổng hợp,In-scope Cần Thơ,Informational,50,N/A,N/A,N/A,Planner (Thấp),data/google_planner/can-tho/Keyword Stats 2026-02-23 at 11_18_37.csv,Viết guide/review; ưu tiên long-tail; tạo topic hub và internal link về trang dịch vụ,B,50.0,0%,0
chỗ đi chơi ở cần thơ,Tổng hợp Cần Thơ,Tổng hợp,In-scope Cần Thơ,Informational,50,N/A,N/A,N/A,Planner (Thấp),data/google_planner/can-tho/Keyword Stats 2026-02-23 at 11_18_37.csv,Viết guide/review; ưu tiên long-tail; tạo topic hub và internal link về trang dịch vụ,B,50.0,0%,0
chợ tây đô cần thơ,Tổng hợp Cần Thơ,Tổng hợp,In-scope Cần Thơ,Informational,50,N/A,N/A,N/A,Planner (Thấp),data/google_planner/can-tho/Keyword Stats 2026-02-23 at 11_18_37.csv,Viết guide/review; ưu tiên long-tail; tạo topic hub và internal link về trang dịch vụ,B,50.0,0%,0
chợ đêm cân thơ,Tổng hợp Cần Thơ,Tổng hợp,In-scope Cần Thơ,Informational,50,N/A,N/A,N/A,Planner (Thấp),data/google_planner/can-tho/Keyword Stats 2026-02-23 at 11_18_37.csv,Viết guide/review; ưu tiên long-tail; tạo topic hub và internal link về trang dịch vụ,B,50.0,0%,0
chợ đêm hải sản cần thơ,Tổng hợp Cần Thơ,Tổng hợp,In-scope Cần Thơ,Informational,50,N/A,N/A,N/A,Planner (Thấp),data/google_planner/can-tho/Keyword Stats 2026-02-23 at 11_18_37.csv,Viết guide/review; ưu tiên long-tail; tạo topic hub và internal link về trang dịch vụ,B,50.0,0%,0
chợ đêm tây đô cần thơ,Tổng hợp Cần Thơ,Tổng hợp,In-scope Cần Thơ,Informational,50,N/A,N/A,N/A,Planner (Thấp),data/google_planner/can-tho/Keyword Stats 2026-02-23 at 11_18_37.csv,Viết guide/review; ưu tiên long-tail; tạo topic hub và internal link về trang dịch vụ,B,50.0,0%,0
chợ đêm ở cần thơ,Tổng hợp Cần Thơ,Tổng hợp,In-scope Cần Thơ,Informational,50,N/A,N/A,N/A,Planner (Thấp),data/google_planner/can-tho/Keyword Stats 2026-02-23 at 11_18_37.csv,Viết guide/review; ưu tiên long-tail; tạo topic hub và internal link về trang dịch vụ,B,50.0,0%,0
con khuong can tho,Tổng hợp Cần Thơ,Tổng hợp,In-scope Cần Thơ,Informational,50,N/A,N/A,N/A,Planner (Thấp),data/google_planner/can-tho/Keyword Stats 2026-02-23 at 11_18_37.csv,Viết guide/review; ưu tiên long-tail; tạo topic hub và internal link về trang dịch vụ,B,50.0,0%,0
cong ty du lich o can tho,Tổng hợp Cần Thơ,Tổng hợp,In-scope Cần Thơ,Informational,50,N/A,N/A,N/A,Planner (Không xác định),data/google_planner/can-tho/Keyword Stats 2026-02-23 at 11_18_37.csv,Viết guide/review; ưu tiên long-tail; tạo topic hub và internal link về trang dịch vụ,B,50.0,-100.0%,0
cong ty du lich tai can tho,Tổng hợp Cần Thơ,Tổng hợp,In-scope Cần Thơ,Informational,50,N/A,N/A,N/A,Planner (Cao),data/google_planner/can-tho/Keyword Stats 2026-02-23 at 11_18_37.csv,Viết guide/review; ưu tiên long-tail; tạo topic hub và internal link về trang dịch vụ,B,50.0,0%,0
cty du lịch tại cần thơ,Tổng hợp Cần Thơ,Tổng hợp,In-scope Cần Thơ,Informational,50,N/A,N/A,N/A,Planner (Không xác định),data/google_planner/can-tho/Keyword Stats 2026-02-23 at 11_18_37.csv,Viết guide/review; ưu tiên long-tail; tạo topic hub và internal link về trang dịch vụ,B,50.0,-100.0%,0
cty du lịch ở cần thơ,Tổng hợp Cần Thơ,Tổng hợp,In-scope Cần Thơ,Informational,50,N/A,N/A,N/A,Planner (Thấp),data/google_planner/can-tho/Keyword Stats 2026-02-23 at 11_18_37.csv,Viết guide/review; ưu tiên long-tail; tạo topic hub và internal link về trang dịch vụ,B,50.0,0%,0
cá lóc bay ở cần thơ,Tổng hợp Cần Thơ,Tổng hợp,In-scope Cần Thơ,Informational,50,N/A,N/A,N/A,Planner (Thấp),data/google_planner/can-tho/Keyword Stats 2026-02-23 at 11_18_37.csv,Viết guide/review; ưu tiên long-tail; tạo topic hub và internal link về trang dịch vụ,B,50.0,0%,0
các cty du lịch tại cần thơ,Tổng hợp Cần Thơ,Tổng hợp,In-scope Cần Thơ,Informational,50,N/A,N/A,N/A,Planner (Trung bình),data/google_planner/can-tho/Keyword Stats 2026-02-23 at 11_18_37.csv,Viết guide/review; ưu tiên long-tail; tạo topic hub và internal link về trang dịch vụ,B,50.0,0%,0
các khu du lịch gần cần thơ,Tổng hợp Cần Thơ,Tổng hợp,In-scope Cần Thơ,Informational,50,N/A,N/A,N/A,Planner (Không xác định),data/google_planner/can-tho/Keyword Stats 2026-02-23 at 11_18_37.csv,Viết guide/review; ưu tiên long-tail; tạo topic hub và internal link về trang dịch vụ,B,50.0,0%,0
các khu du lịch sinh thái cần thơ,Tổng hợp Cần Thơ,Tổng hợp,In-scope Cần Thơ,Informational,50,N/A,N/A,N/A,Planner (Thấp),data/google_planner/can-tho/Keyword Stats 2026-02-23 at 11_18_37.csv,Viết guide/review; ưu tiên long-tail; tạo topic hub và internal link về trang dịch vụ,B,50.0,0%,0
các khu du lịch sinh thái ở cần thơ,Tổng hợp Cần Thơ,Tổng hợp,In-scope Cần Thơ,Informational,50,N/A,N/A,N/A,Planner (Thấp),data/google_planner/can-tho/Keyword Stats 2026-02-23 at 11_18_37.csv,Viết guide/review; ưu tiên long-tail; tạo topic hub và internal link về trang dịch vụ,B,50.0,0%,0
các khu du lịch tại cần thơ,Tổng hợp Cần Thơ,Tổng hợp,In-scope Cần Thơ,Informational,50,N/A,N/A,N/A,Planner (Thấp),data/google_planner/can-tho/Keyword Stats 2026-02-23 at 11_18_37.csv,Viết guide/review; ưu tiên long-tail; tạo topic hub và internal link về trang dịch vụ,B,50.0,0%,0
các món ăn ngon tại cần thơ,Tổng hợp Cần Thơ,Tổng hợp,In-scope Cần Thơ,Informational,50,N/A,N/A,N/A,Planner (Thấp),data/google_planner/can-tho/Keyword Stats 2026-02-23 at 11_18_37.csv,Viết guide/review; ưu tiên long-tail; tạo topic hub và internal link về trang dịch vụ,B,50.0,0%,0
các điểm chơi ở cần thơ,Tổng hợp Cần Thơ,Tổng hợp,In-scope Cần Thơ,Informational,50,N/A,N/A,N/A,Planner (Thấp),data/google_planner/can-tho/Keyword Stats 2026-02-23 at 11_18_37.csv,Viết guide/review; ưu tiên long-tail; tạo topic hub và internal link về trang dịch vụ,B,50.0,0%,0
các điểm du lịch cần thơ 2022,Tổng hợp Cần Thơ,Tổng hợp,In-scope Cần Thơ,Informational,50,N/A,N/A,N/A,Planner (Không xác định),data/google_planner/can-tho/Keyword Stats 2026-02-23 at 11_18_37.csv,Viết guide/review; ưu tiên long-tail; tạo topic hub và internal link về trang dịch vụ,B,50.0,-100.0%,0
các điểm du lịch gần cần thơ,Tổng hợp Cần Thơ,Tổng hợp,In-scope Cần Thơ,Informational,50,N/A,N/A,N/A,Planner (Thấp),data/google_planner/can-tho/Keyword Stats 2026-02-23 at 11_18_37.csv,Viết guide/review; ưu tiên long-tail; tạo topic hub và internal link về trang dịch vụ,B,50.0,0%,0
các điểm du lịch mới ở cần thơ,Tổng hợp Cần Thơ,Tổng hợp,In-scope Cần Thơ,Informational,50,N/A,N/A,N/A,Planner (Thấp),data/google_planner/can-tho/Keyword Stats 2026-02-23 at 11_18_37.csv,Viết guide/review; ưu tiên long-tail; tạo topic hub và internal link về trang dịch vụ,B,50.0,0%,0
các điểm du lịch nổi tiếng cần thơ,Tổng hợp Cần Thơ,Tổng hợp,In-scope Cần Thơ,Informational,50,N/A,N/A,N/A,Planner (Trung bình),data/google_planner/can-tho/Keyword Stats 2026-02-23 at 11_18_37.csv,Viết guide/review; ưu tiên long-tail; tạo topic hub và internal link về trang dịch vụ,B,50.0,0%,0
các điểm du lịch sinh thái ở cần thơ,Tổng hợp Cần Thơ,Tổng hợp,In-scope Cần Thơ,Informational,50,N/A,N/A,N/A,Planner (Thấp),data/google_planner/can-tho/Keyword Stats 2026-02-23 at 11_18_37.csv,Viết guide/review; ưu tiên long-tail; tạo topic hub và internal link về trang dịch vụ,B,50.0,0%,0
các điểm du lịch thành phố cần thơ,Tổng hợp Cần Thơ,Tổng hợp,In-scope Cần Thơ,Informational,50,N/A,N/A,N/A,Planner (Thấp),data/google_planner/can-tho/Keyword Stats 2026-02-23 at 11_18_37.csv,Viết guide/review; ưu tiên long-tail; tạo topic hub và internal link về trang dịch vụ,B,50.0,0%,0
các điểm du lịch tại thành phố cần thơ,Tổng hợp Cần Thơ,Tổng hợp,In-scope Cần Thơ,Informational,50,N/A,N/A,N/A,Planner (Thấp),data/google_planner/can-tho/Keyword Stats 2026-02-23 at 11_18_37.csv,Viết guide/review; ưu tiên long-tail; tạo topic hub và internal link về trang dịch vụ,B,50.0,0%,0
các điểm tham quan du lịch tại cần thơ,Tổng hợp Cần Thơ,Tổng hợp,In-scope Cần Thơ,Informational,50,N/A,N/A,N/A,Planner (Thấp),data/google_planner/can-tho/Keyword Stats 2026-02-23 at 11_18_37.csv,Viết guide/review; ưu tiên long-tail; tạo topic hub và internal link về trang dịch vụ,B,50.0,0%,0
các điểm vui chơi tại cần thơ,Tổng hợp Cần Thơ,Tổng hợp,In-scope Cần Thơ,Informational,50,N/A,N/A,N/A,Planner (Thấp),data/google_planner/can-tho/Keyword Stats 2026-02-23 at 11_18_37.csv,Viết guide/review; ưu tiên long-tail; tạo topic hub và internal link về trang dịch vụ,B,50.0,0%,0
các điểm ăn chơi ở cần thơ,Tổng hợp Cần Thơ,Tổng hợp,In-scope Cần Thơ,Informational,50,N/A,N/A,N/A,Planner (Trung bình),data/google_planner/can-tho/Keyword Stats 2026-02-23 at 11_18_37.csv,Viết guide/review; ưu tiên long-tail; tạo topic hub và internal link về trang dịch vụ,B,50.0,0%,0
các điểm đến ở cần thơ,Tổng hợp Cần Thơ,Tổng hợp,In-scope Cần Thơ,Informational,50,N/A,N/A,N/A,Planner (Thấp),data/google_planner/can-tho/Keyword Stats 2026-02-23 at 11_18_37.csv,Viết guide/review; ưu tiên long-tail; tạo topic hub và internal link về trang dịch vụ,B,50.0,0%,0
các địa điểm du lịch gần cần thơ,Tổng hợp Cần Thơ,Tổng hợp,In-scope Cần Thơ,Informational,50,N/A,N/A,N/A,Planner (Thấp),data/google_planner/can-tho/Keyword Stats 2026-02-23 at 11_18_37.csv,Viết guide/review; ưu tiên long-tail; tạo topic hub và internal link về trang dịch vụ,B,50.0,0%,0
các địa điểm nổi tiếng ở cần thơ,Tổng hợp Cần Thơ,Tổng hợp,In-scope Cần Thơ,Informational,50,N/A,N/A,N/A,Planner (Thấp),data/google_planner/can-tho/Keyword Stats 2026-02-23 at 11_18_37.csv,Viết guide/review; ưu tiên long-tail; tạo topic hub và internal link về trang dịch vụ,B,50.0,0%,0
các địa điểm vui chơi tại cần thơ,Tổng hợp Cần Thơ,Tổng hợp,In-scope Cần Thơ,Informational,50,N/A,N/A,N/A,Planner (Thấp),data/google_planner/can-tho/Keyword Stats 2026-02-23 at 11_18_37.csv,Viết guide/review; ưu tiên long-tail; tạo topic hub và internal link về trang dịch vụ,B,50.0,0%,0
các địa điểm ăn chơi ở cần thơ,Tổng hợp Cần Thơ,Tổng hợp,In-scope Cần Thơ,Informational,50,N/A,N/A,N/A,Planner (Thấp),data/google_planner/can-tho/Keyword Stats 2026-02-23 at 11_18_37.csv,Viết guide/review; ưu tiên long-tail; tạo topic hub và internal link về trang dịch vụ,B,50.0,0%,0
các địa điểm đi chơi ở cần thơ,Tổng hợp Cần Thơ,Tổng hợp,In-scope Cần Thơ,Informational,50,N/A,N/A,N/A,Planner (Thấp),data/google_planner/can-tho/Keyword Stats 2026-02-23 at 11_18_37.csv,Viết guide/review; ưu tiên long-tail; tạo topic hub và internal link về trang dịch vụ,B,50.0,0%,0
các địa điểm đẹp ở cần thơ,Tổng hợp Cần Thơ,Tổng hợp,In-scope Cần Thơ,Informational,50,N/A,N/A,N/A,Planner (Thấp),data/google_planner/can-tho/Keyword Stats 2026-02-23 at 11_18_37.csv,Viết guide/review; ưu tiên long-tail; tạo topic hub và internal link về trang dịch vụ,B,50.0,0%,0
các địa điểm ở cần thơ,Tổng hợp Cần Thơ,Tổng hợp,In-scope Cần Thơ,Informational,50,N/A,N/A,N/A,Planner (Thấp),data/google_planner/can-tho/Keyword Stats 2026-02-23 at 11_18_37.csv,Viết guide/review; ưu tiên long-tail; tạo topic hub và internal link về trang dịch vụ,B,50.0,0%,0
căn nhà màu tím cần thơ giá vé,Tổng hợp Cần Thơ,Tổng hợp,In-scope Cần Thơ,Transaction,50,N/A,N/A,N/A,Planner (Thấp),data/google_planner/can-tho/Keyword Stats 2026-02-23 at 11_18_37.csv,"Tạo landing chuyển đổi (giá/vé/đặt chỗ), gom vào cluster page + build backlink nội bộ",B,50.0,0%,0
căn nhà màu tím cần thơ địa chỉ,Tổng hợp Cần Thơ,Tổng hợp,In-scope Cần Thơ,Informational,50,N/A,N/A,N/A,Planner (Thấp),data/google_planner/can-tho/Keyword Stats 2026-02-23 at 11_18_37.csv,Viết guide/review; ưu tiên long-tail; tạo topic hub và internal link về trang dịch vụ,B,50.0,-90.0%,0
căn nhà màu tím thành phố cần thơ,Tổng hợp Cần Thơ,Tổng hợp,In-scope Cần Thơ,Informational,50,N/A,N/A,N/A,Planner (Thấp),data/google_planner/can-tho/Keyword Stats 2026-02-23 at 11_18_37.csv,Viết guide/review; ưu tiên long-tail; tạo topic hub và internal link về trang dịch vụ,B,50.0,0%,0
cần thơ 3 ngày 2 đêm,Tổng hợp Cần Thơ,Tổng hợp,In-scope Cần Thơ,Informational,50,N/A,N/A,N/A,Planner (Trung bình),data/google_planner/can-tho/Keyword Stats 2026-02-23 at 11_18_37.csv,Viết guide/review; ưu tiên long-tail; tạo topic hub và internal link về trang dịch vụ,B,50.0,0%,0
cần thơ có những khu du lịch nào,Tổng hợp Cần Thơ,Tổng hợp,In-scope Cần Thơ,Informational,50,N/A,N/A,N/A,Planner (Thấp),data/google_planner/can-tho/Keyword Stats 2026-02-23 at 11_18_37.csv,Viết guide/review; ưu tiên long-tail; tạo topic hub và internal link về trang dịch vụ,B,50.0,0%,0
cần thơ có những địa điểm du lịch nào,Tổng hợp Cần Thơ,Tổng hợp,In-scope Cần Thơ,Informational,50,N/A,N/A,N/A,Planner (Thấp),data/google_planner/can-tho/Keyword Stats 2026-02-23 at 11_18_37.csv,Viết guide/review; ưu tiên long-tail; tạo topic hub và internal link về trang dịch vụ,B,50.0,0%,0
cần thơ có địa danh nổi tiếng nào,Tổng hợp Cần Thơ,Tổng hợp,In-scope Cần Thơ,Informational,50,N/A,N/A,N/A,Planner (Thấp),data/google_planner/can-tho/Keyword Stats 2026-02-23 at 11_18_37.csv,Viết guide/review; ưu tiên long-tail; tạo topic hub và internal link về trang dịch vụ,B,50.0,0%,0
cần thơ côn đảo 3 ngày 2 đêm,Tổng hợp Cần Thơ,Tổng hợp,In-scope Cần Thơ,Informational,50,N/A,N/A,N/A,Planner (Thấp),data/google_planner/can-tho/Keyword Stats 2026-02-23 at 11_18_37.csv,Viết guide/review; ưu tiên long-tail; tạo topic hub và internal link về trang dịch vụ,B,50.0,0%,0
cần thơ khu du lịch,Tổng hợp Cần Thơ,Tổng hợp,In-scope Cần Thơ,Informational,50,N/A,N/A,N/A,Planner (Thấp),data/google_planner/can-tho/Keyword Stats 2026-02-23 at 11_18_37.csv,Viết guide/review; ưu tiên long-tail; tạo topic hub và internal link về trang dịch vụ,B,50.0,0%,0
cần thơ khu du lịch sinh thái,Tổng hợp Cần Thơ,Tổng hợp,In-scope Cần Thơ,Informational,50,N/A,N/A,N/A,Planner (Thấp),data/google_planner/can-tho/Keyword Stats 2026-02-23 at 11_18_37.csv,Viết guide/review; ưu tiên long-tail; tạo topic hub và internal link về trang dịch vụ,B,50.0,0%,0
cần thơ những điểm du lịch,Tổng hợp Cần Thơ,Tổng hợp,In-scope Cần Thơ,Informational,50,N/A,N/A,N/A,Planner (Thấp),data/google_planner/can-tho/Keyword Stats 2026-02-23 at 11_18_37.csv,Viết guide/review; ưu tiên long-tail; tạo topic hub và internal link về trang dịch vụ,B,50.0,0%,0
cần thơ rừng tràm trà sư,Tổng hợp Cần Thơ,Tổng hợp,In-scope Cần Thơ,Informational,50,N/A,N/A,N/A,Planner (Thấp),data/google_planner/can-tho/Keyword Stats 2026-02-23 at 11_18_37.csv,Viết guide/review; ưu tiên long-tail; tạo topic hub và internal link về trang dịch vụ,B,50.0,0%,0
cần thơ đi nam du,Tổng hợp Cần Thơ,Tổng hợp,In-scope Cần Thơ,Informational,50,N/A,N/A,N/A,Planner (Thấp),data/google_planner/can-tho/Keyword Stats 2026-02-23 at 11_18_37.csv,Viết guide/review; ưu tiên long-tail; tạo topic hub và internal link về trang dịch vụ,B,50.0,0%,0
cần thơ đi rừng tràm trà sư,Tổng hợp Cần Thơ,Tổng hợp,In-scope Cần Thơ,Informational,50,N/A,N/A,N/A,Planner (Thấp),data/google_planner/can-tho/Keyword Stats 2026-02-23 at 11_18_37.csv,Viết guide/review; ưu tiên long-tail; tạo topic hub và internal link về trang dịch vụ,B,50.0,0%,0
cần thơ đi đảo nam du,Tổng hợp Cần Thơ,Tổng hợp,In-scope Cần Thơ,Informational,50,N/A,N/A,N/A,Planner (Thấp),data/google_planner/can-tho/Keyword Stats 2026-02-23 at 11_18_37.csv,Viết guide/review; ưu tiên long-tail; tạo topic hub và internal link về trang dịch vụ,B,50.0,0%,0
cần thơ địa điểm du lịch,Tổng hợp Cần Thơ,Tổng hợp,In-scope Cần Thơ,Informational,50,N/A,N/A,N/A,Planner (Thấp),data/google_planner/can-tho/Keyword Stats 2026-02-23 at 11_18_37.csv,Viết guide/review; ưu tiên long-tail; tạo topic hub và internal link về trang dịch vụ,B,50.0,0%,0
cần thơ địa điểm vui chơi,Tổng hợp Cần Thơ,Tổng hợp,In-scope Cần Thơ,Informational,50,N/A,N/A,N/A,Planner (Thấp),data/google_planner/can-tho/Keyword Stats 2026-02-23 at 11_18_37.csv,Viết guide/review; ưu tiên long-tail; tạo topic hub và internal link về trang dịch vụ,B,50.0,0%,0
di can tho choi gi,Tổng hợp Cần Thơ,Tổng hợp,In-scope Cần Thơ,Informational,50,N/A,N/A,N/A,Planner (Cao),data/google_planner/can-tho/Keyword Stats 2026-02-23 at 11_18_37.csv,Viết guide/review; ưu tiên long-tail; tạo topic hub và internal link về trang dịch vụ,B,50.0,0%,0
di choi can tho,Tổng hợp Cần Thơ,Tổng hợp,In-scope Cần Thơ,Informational,50,N/A,N/A,N/A,Planner (Trung bình),data/google_planner/can-tho/Keyword Stats 2026-02-23 at 11_18_37.csv,Viết guide/review; ưu tiên long-tail; tạo topic hub và internal link về trang dịch vụ,B,50.0,0%,0
di choi o can tho,Tổng hợp Cần Thơ,Tổng hợp,In-scope Cần Thơ,Informational,50,N/A,N/A,N/A,Planner (Không xác định),data/google_planner/can-tho/Keyword Stats 2026-02-23 at 11_18_37.csv,Viết guide/review; ưu tiên long-tail; tạo topic hub và internal link về trang dịch vụ,B,50.0,-100.0%,0
di du lich can tho,Tổng hợp Cần Thơ,Tổng hợp,In-scope Cần Thơ,Informational,50,N/A,N/A,N/A,Planner (Trung bình),data/google_planner/can-tho/Keyword Stats 2026-02-23 at 11_18_37.csv,Viết guide/review; ưu tiên long-tail; tạo topic hub và internal link về trang dịch vụ,B,50.0,0%,0
dia diem an choi can tho,Tổng hợp Cần Thơ,Tổng hợp,In-scope Cần Thơ,Informational,50,N/A,N/A,N/A,Planner (Trung bình),data/google_planner/can-tho/Keyword Stats 2026-02-23 at 11_18_37.csv,Viết guide/review; ưu tiên long-tail; tạo topic hub và internal link về trang dịch vụ,B,50.0,0%,0
dia diem can tho,Tổng hợp Cần Thơ,Tổng hợp,In-scope Cần Thơ,Informational,50,N/A,N/A,N/A,Planner (Thấp),data/google_planner/can-tho/Keyword Stats 2026-02-23 at 11_18_37.csv,Viết guide/review; ưu tiên long-tail; tạo topic hub và internal link về trang dịch vụ,B,50.0,0%,0
dia diem di choi o can tho,Tổng hợp Cần Thơ,Tổng hợp,In-scope Cần Thơ,Informational,50,N/A,N/A,N/A,Planner (Không xác định),data/google_planner/can-tho/Keyword Stats 2026-02-23 at 11_18_37.csv,Viết guide/review; ưu tiên long-tail; tạo topic hub và internal link về trang dịch vụ,B,50.0,0%,0
dia diem du lich o can tho,Tổng hợp Cần Thơ,Tổng hợp,In-scope Cần Thơ,Informational,50,N/A,N/A,N/A,Planner (Thấp),data/google_planner/can-tho/Keyword Stats 2026-02-23 at 11_18_37.csv,Viết guide/review; ưu tiên long-tail; tạo topic hub và internal link về trang dịch vụ,B,50.0,0%,0
dia diem du lich tai can tho,Tổng hợp Cần Thơ,Tổng hợp,In-scope Cần Thơ,Informational,50,N/A,N/A,N/A,Planner (Thấp),data/google_planner/can-tho/Keyword Stats 2026-02-23 at 11_18_37.csv,Viết guide/review; ưu tiên long-tail; tạo topic hub và internal link về trang dịch vụ,B,50.0,0%,0
dia diem tham quan can tho,Tổng hợp Cần Thơ,Tổng hợp,In-scope Cần Thơ,Informational,50,N/A,N/A,N/A,Planner (Thấp),data/google_planner/can-tho/Keyword Stats 2026-02-23 at 11_18_37.csv,Viết guide/review; ưu tiên long-tail; tạo topic hub và internal link về trang dịch vụ,B,50.0,0%,0
dia diem vui choi o can tho,Tổng hợp Cần Thơ,Tổng hợp,In-scope Cần Thơ,Informational,50,N/A,N/A,N/A,Planner (Trung bình),data/google_planner/can-tho/Keyword Stats 2026-02-23 at 11_18_37.csv,Viết guide/review; ưu tiên long-tail; tạo topic hub và internal link về trang dịch vụ,B,50.0,0%,0
diem du lich can tho noi tieng,Tổng hợp Cần Thơ,Tổng hợp,In-scope Cần Thơ,Informational,50,N/A,N/A,N/A,Planner (Trung bình),data/google_planner/can-tho/Keyword Stats 2026-02-23 at 11_18_37.csv,Viết guide/review; ưu tiên long-tail; tạo topic hub và internal link về trang dịch vụ,B,50.0,0%,0
diem du lich o can tho,Tổng hợp Cần Thơ,Tổng hợp,In-scope Cần Thơ,Informational,50,N/A,N/A,N/A,Planner (Trung bình),data/google_planner/can-tho/Keyword Stats 2026-02-23 at 11_18_37.csv,Viết guide/review; ưu tiên long-tail; tạo topic hub và internal link về trang dịch vụ,B,50.0,0%,0
diem du lich tai can tho,Tổng hợp Cần Thơ,Tổng hợp,In-scope Cần Thơ,Informational,50,N/A,N/A,N/A,Planner (Thấp),data/google_planner/can-tho/Keyword Stats 2026-02-23 at 11_18_37.csv,Viết guide/review; ưu tiên long-tail; tạo topic hub và internal link về trang dịch vụ,B,50.0,0%,0
diem tham quan can tho,Tổng hợp Cần Thơ,Tổng hợp,In-scope Cần Thơ,Informational,50,N/A,N/A,N/A,Planner (Trung bình),data/google_planner/can-tho/Keyword Stats 2026-02-23 at 11_18_37.csv,Viết guide/review; ưu tiên long-tail; tạo topic hub và internal link về trang dịch vụ,B,50.0,0%,0
diem tham quan o can tho,Tổng hợp Cần Thơ,Tổng hợp,In-scope Cần Thơ,Informational,50,N/A,N/A,N/A,Planner (Trung bình),data/google_planner/can-tho/Keyword Stats 2026-02-23 at 11_18_37.csv,Viết guide/review; ưu tiên long-tail; tạo topic hub và internal link về trang dịch vụ,B,50.0,0%,0
diem vui choi can tho,Tổng hợp Cần Thơ,Tổng hợp,In-scope Cần Thơ,Informational,50,N/A,N/A,N/A,Planner (Thấp),data/google_planner/can-tho/Keyword Stats 2026-02-23 at 11_18_37.csv,Viết guide/review; ưu tiên long-tail; tạo topic hub và internal link về trang dịch vụ,B,50.0,0%,0
diem vui choi o can tho,Tổng hợp Cần Thơ,Tổng hợp,In-scope Cần Thơ,Informational,50,N/A,N/A,N/A,Planner (Thấp),data/google_planner/can-tho/Keyword Stats 2026-02-23 at 11_18_37.csv,Viết guide/review; ưu tiên long-tail; tạo topic hub và internal link về trang dịch vụ,B,50.0,0%,0
du lich can tho co gi vui,Tổng hợp Cần Thơ,Tổng hợp,In-scope Cần Thơ,Informational,50,N/A,N/A,N/A,Planner (Trung bình),data/google_planner/can-tho/Keyword Stats 2026-02-23 at 11_18_37.csv,Viết guide/review; ưu tiên long-tail; tạo topic hub và internal link về trang dịch vụ,B,50.0,0%,0
du lich can tho con dao,Tổng hợp Cần Thơ,Tổng hợp,In-scope Cần Thơ,Informational,50,N/A,N/A,N/A,Planner (Không xác định),data/google_planner/can-tho/Keyword Stats 2026-02-23 at 11_18_37.csv,Viết guide/review; ưu tiên long-tail; tạo topic hub và internal link về trang dịch vụ,B,50.0,-100.0%,0
du lich cantho,Tổng hợp Cần Thơ,Tổng hợp,In-scope Cần Thơ,Informational,50,N/A,N/A,N/A,Planner (Trung bình),data/google_planner/can-tho/Keyword Stats 2026-02-23 at 11_18_37.csv,Viết guide/review; ưu tiên long-tail; tạo topic hub và internal link về trang dịch vụ,B,50.0,0%,0
du lich mekong can tho,Tổng hợp Cần Thơ,Tổng hợp,In-scope Cần Thơ,Informational,50,N/A,N/A,N/A,Planner (Thấp),data/google_planner/can-tho/Keyword Stats 2026-02-23 at 11_18_37.csv,Viết guide/review; ưu tiên long-tail; tạo topic hub và internal link về trang dịch vụ,B,50.0,0%,0
du lịch bụi cần thơ,Tổng hợp Cần Thơ,Tổng hợp,In-scope Cần Thơ,Informational,50,N/A,N/A,N/A,Planner (Thấp),data/google_planner/can-tho/Keyword Stats 2026-02-23 at 11_18_37.csv,Viết guide/review; ưu tiên long-tail; tạo topic hub và internal link về trang dịch vụ,B,50.0,0%,0
du lịch côn đảo cần thơ,Tổng hợp Cần Thơ,Tổng hợp,In-scope Cần Thơ,Informational,50,N/A,N/A,N/A,Planner (Thấp),data/google_planner/can-tho/Keyword Stats 2026-02-23 at 11_18_37.csv,Viết guide/review; ưu tiên long-tail; tạo topic hub và internal link về trang dịch vụ,B,50.0,0%,0
du lịch côn đảo từ cần thơ,Tổng hợp Cần Thơ,Tổng hợp,In-scope Cần Thơ,Informational,50,N/A,N/A,N/A,Planner (Trung bình),data/google_planner/can-tho/Keyword Stats 2026-02-23 at 11_18_37.csv,Viết guide/review; ưu tiên long-tail; tạo topic hub và internal link về trang dịch vụ,B,50.0,0%,0
du lịch cần thơ 1 ngày 1 đêm,Tổng hợp Cần Thơ,Tổng hợp,In-scope Cần Thơ,Informational,50,N/A,N/A,N/A,Planner (Cao),data/google_planner/can-tho/Keyword Stats 2026-02-23 at 11_18_37.csv,Viết guide/review; ưu tiên long-tail; tạo topic hub và internal link về trang dịch vụ,B,50.0,0%,0
du lịch cần thơ 2 ngày,Tổng hợp Cần Thơ,Tổng hợp,In-scope Cần Thơ,Informational,50,N/A,N/A,N/A,Planner (Thấp),data/google_planner/can-tho/Keyword Stats 2026-02-23 at 11_18_37.csv,Viết guide/review; ưu tiên long-tail; tạo topic hub và internal link về trang dịch vụ,B,50.0,0%,0
du lịch cần thơ 2023,Tổng hợp Cần Thơ,Tổng hợp,In-scope Cần Thơ,Informational,50,N/A,N/A,N/A,Planner (Không xác định),data/google_planner/can-tho/Keyword Stats 2026-02-23 at 11_18_37.csv,Viết guide/review; ưu tiên long-tail; tạo topic hub và internal link về trang dịch vụ,B,50.0,0%,0
du lịch cần thơ 4 ngày 3 đêm,Tổng hợp Cần Thơ,Tổng hợp,In-scope Cần Thơ,Informational,50,N/A,N/A,N/A,Planner (Trung bình),data/google_planner/can-tho/Keyword Stats 2026-02-23 at 11_18_37.csv,Viết guide/review; ưu tiên long-tail; tạo topic hub và internal link về trang dịch vụ,B,50.0,0%,0
du lịch cần thơ côn đảo,Tổng hợp Cần Thơ,Tổng hợp,In-scope Cần Thơ,Informational,50,N/A,N/A,N/A,Planner (Thấp),data/google_planner/can-tho/Keyword Stats 2026-02-23 at 11_18_37.csv,Viết guide/review; ưu tiên long-tail; tạo topic hub và internal link về trang dịch vụ,B,50.0,0%,0
du lịch cần thơ dịp tết,Tổng hợp Cần Thơ,Tổng hợp,In-scope Cần Thơ,Informational,50,N/A,N/A,N/A,Planner (Cao),data/google_planner/can-tho/Keyword Stats 2026-02-23 at 11_18_37.csv,Viết guide/review; ưu tiên long-tail; tạo topic hub và internal link về trang dịch vụ,B,50.0,0%,0
du lịch cần thơ miền tây,Tổng hợp Cần Thơ,Tổng hợp,In-scope Cần Thơ,Informational,50,N/A,N/A,N/A,Planner (Trung bình),data/google_planner/can-tho/Keyword Stats 2026-02-23 at 11_18_37.csv,Viết guide/review; ưu tiên long-tail; tạo topic hub và internal link về trang dịch vụ,B,50.0,0%,0
du lịch cần thơ nam du,Tổng hợp Cần Thơ,Tổng hợp,In-scope Cần Thơ,Informational,50,N/A,N/A,N/A,Planner (Không xác định),data/google_planner/can-tho/Keyword Stats 2026-02-23 at 11_18_37.csv,Viết guide/review; ưu tiên long-tail; tạo topic hub và internal link về trang dịch vụ,B,50.0,-100.0%,0
du lịch cần thơ ngày tết,Tổng hợp Cần Thơ,Tổng hợp,In-scope Cần Thơ,Informational,50,N/A,N/A,N/A,Planner (Trung bình),data/google_planner/can-tho/Keyword Stats 2026-02-23 at 11_18_37.csv,Viết guide/review; ưu tiên long-tail; tạo topic hub và internal link về trang dịch vụ,B,50.0,0%,0
du lịch cần thơ tháng 10,Tổng hợp Cần Thơ,Tổng hợp,In-scope Cần Thơ,Informational,50,N/A,N/A,N/A,Planner (Thấp),data/google_planner/can-tho/Keyword Stats 2026-02-23 at 11_18_37.csv,Viết guide/review; ưu tiên long-tail; tạo topic hub và internal link về trang dịch vụ,B,50.0,0%,0
du lịch cần thơ tháng 11,Tổng hợp Cần Thơ,Tổng hợp,In-scope Cần Thơ,Informational,50,N/A,N/A,N/A,Planner (Thấp),data/google_planner/can-tho/Keyword Stats 2026-02-23 at 11_18_37.csv,Viết guide/review; ưu tiên long-tail; tạo topic hub và internal link về trang dịch vụ,B,50.0,0%,0
du lịch cần thơ tháng 2,Tổng hợp Cần Thơ,Tổng hợp,In-scope Cần Thơ,Informational,50,N/A,N/A,N/A,Planner (Không xác định),data/google_planner/can-tho/Keyword Stats 2026-02-23 at 11_18_37.csv,Viết guide/review; ưu tiên long-tail; tạo topic hub và internal link về trang dịch vụ,B,50.0,-100.0%,0
du lịch cần thơ tháng 3,Tổng hợp Cần Thơ,Tổng hợp,In-scope Cần Thơ,Informational,50,N/A,N/A,N/A,Planner (Không xác định),data/google_planner/can-tho/Keyword Stats 2026-02-23 at 11_18_37.csv,Viết guide/review; ưu tiên long-tail; tạo topic hub và internal link về trang dịch vụ,B,50.0,-100.0%,0
du lịch cần thơ tháng 4,Tổng hợp Cần Thơ,Tổng hợp,In-scope Cần Thơ,Informational,50,N/A,N/A,N/A,Planner (Thấp),data/google_planner/can-tho/Keyword Stats 2026-02-23 at 11_18_37.csv,Viết guide/review; ưu tiên long-tail; tạo topic hub và internal link về trang dịch vụ,B,50.0,0%,0
du lịch cần thơ tháng 7,Tổng hợp Cần Thơ,Tổng hợp,In-scope Cần Thơ,Informational,50,N/A,N/A,N/A,Planner (Không xác định),data/google_planner/can-tho/Keyword Stats 2026-02-23 at 11_18_37.csv,Viết guide/review; ưu tiên long-tail; tạo topic hub và internal link về trang dịch vụ,B,50.0,-100.0%,0
du lịch cần thơ tháng 9,Tổng hợp Cần Thơ,Tổng hợp,In-scope Cần Thơ,Informational,50,N/A,N/A,N/A,Planner (Không xác định),data/google_planner/can-tho/Keyword Stats 2026-02-23 at 11_18_37.csv,Viết guide/review; ưu tiên long-tail; tạo topic hub và internal link về trang dịch vụ,B,50.0,-100.0%,0
du lịch gần cần thơ,Tổng hợp Cần Thơ,Tổng hợp,In-scope Cần Thơ,Informational,50,N/A,N/A,N/A,Planner (Thấp),data/google_planner/can-tho/Keyword Stats 2026-02-23 at 11_18_37.csv,Viết guide/review; ưu tiên long-tail; tạo topic hub và internal link về trang dịch vụ,B,50.0,0%,0
du lịch hà tiên từ cần thơ,Tổng hợp Cần Thơ,Tổng hợp,In-scope Cần Thơ,Informational,50,N/A,N/A,N/A,Planner (Thấp),data/google_planner/can-tho/Keyword Stats 2026-02-23 at 11_18_37.csv,Viết guide/review; ưu tiên long-tail; tạo topic hub và internal link về trang dịch vụ,B,50.0,0%,0
du lịch hòn sơn từ cần thơ,Tổng hợp Cần Thơ,Tổng hợp,In-scope Cần Thơ,Informational,50,N/A,N/A,N/A,Planner (Trung bình),data/google_planner/can-tho/Keyword Stats 2026-02-23 at 11_18_37.csv,Viết guide/review; ưu tiên long-tail; tạo topic hub và internal link về trang dịch vụ,B,50.0,0%,0
du lịch khởi hành từ cần thơ,Tổng hợp Cần Thơ,Tổng hợp,In-scope Cần Thơ,Informational,50,N/A,N/A,N/A,Planner (Cao),data/google_planner/can-tho/Keyword Stats 2026-02-23 at 11_18_37.csv,Viết guide/review; ưu tiên long-tail; tạo topic hub và internal link về trang dịch vụ,B,50.0,0%,0
du lịch miền tây 1 ngày từ cần thơ,Tổng hợp Cần Thơ,Tổng hợp,In-scope Cần Thơ,Informational,50,N/A,N/A,N/A,Planner (Cao),data/google_planner/can-tho/Keyword Stats 2026-02-23 at 11_18_37.csv,Viết guide/review; ưu tiên long-tail; tạo topic hub và internal link về trang dịch vụ,B,50.0,0%,0
du lịch miền tây tự túc từ cần thơ,Tổng hợp Cần Thơ,Tổng hợp,In-scope Cần Thơ,Informational,50,N/A,N/A,N/A,Planner (Không xác định),data/google_planner/can-tho/Keyword Stats 2026-02-23 at 11_18_37.csv,Viết guide/review; ưu tiên long-tail; tạo topic hub và internal link về trang dịch vụ,B,50.0,-100.0%,0
du lịch phi yến cần thơ,Tổng hợp Cần Thơ,Tổng hợp,In-scope Cần Thơ,Informational,50,N/A,N/A,N/A,Planner (Thấp),data/google_planner/can-tho/Keyword Stats 2026-02-23 at 11_18_37.csv,Viết guide/review; ưu tiên long-tail; tạo topic hub và internal link về trang dịch vụ,B,50.0,0%,0
du lịch phù sa cần thơ,Tổng hợp Cần Thơ,Tổng hợp,In-scope Cần Thơ,Informational,50,N/A,N/A,N/A,Planner (Thấp),data/google_planner/can-tho/Keyword Stats 2026-02-23 at 11_18_37.csv,Viết guide/review; ưu tiên long-tail; tạo topic hub và internal link về trang dịch vụ,B,50.0,0%,0
du lịch sinh thái ông đề cần thơ,Tổng hợp Cần Thơ,Tổng hợp,In-scope Cần Thơ,Informational,50,N/A,N/A,N/A,Planner (Thấp),data/google_planner/can-tho/Keyword Stats 2026-02-23 at 11_18_37.csv,Viết guide/review; ưu tiên long-tail; tạo topic hub và internal link về trang dịch vụ,B,50.0,0%,0
du lịch sinh thái ở cần thơ,Tổng hợp Cần Thơ,Tổng hợp,In-scope Cần Thơ,Informational,50,N/A,N/A,N/A,Planner (Thấp),data/google_planner/can-tho/Keyword Stats 2026-02-23 at 11_18_37.csv,Viết guide/review; ưu tiên long-tail; tạo topic hub và internal link về trang dịch vụ,B,50.0,0%,0
du lịch tại cần thơ,Tổng hợp Cần Thơ,Tổng hợp,In-scope Cần Thơ,Informational,50,N/A,N/A,N/A,Planner (Thấp),data/google_planner/can-tho/Keyword Stats 2026-02-23 at 11_18_37.csv,Viết guide/review; ưu tiên long-tail; tạo topic hub và internal link về trang dịch vụ,B,50.0,0%,0
du lịch từ cần thơ,Tổng hợp Cần Thơ,Tổng hợp,In-scope Cần Thơ,Informational,50,N/A,N/A,N/A,Planner (Thấp),data/google_planner/can-tho/Keyword Stats 2026-02-23 at 11_18_37.csv,Viết guide/review; ưu tiên long-tail; tạo topic hub và internal link về trang dịch vụ,B,50.0,0%,0
du lịch xẻo nhum cần thơ,Tổng hợp Cần Thơ,Tổng hợp,In-scope Cần Thơ,Informational,50,N/A,N/A,N/A,Planner (Không xác định),data/google_planner/can-tho/Keyword Stats 2026-02-23 at 11_18_37.csv,Viết guide/review; ưu tiên long-tail; tạo topic hub và internal link về trang dịch vụ,B,50.0,-100.0%,0
du lịch ông đề cần thơ,Tổng hợp Cần Thơ,Tổng hợp,In-scope Cần Thơ,Informational,50,N/A,N/A,N/A,Planner (Thấp),data/google_planner/can-tho/Keyword Stats 2026-02-23 at 11_18_37.csv,Viết guide/review; ưu tiên long-tail; tạo topic hub và internal link về trang dịch vụ,B,50.0,0%,0
du lịch đảo nam du từ cần thơ,Tổng hợp Cần Thơ,Tổng hợp,In-scope Cần Thơ,Informational,50,N/A,N/A,N/A,Planner (Thấp),data/google_planner/can-tho/Keyword Stats 2026-02-23 at 11_18_37.csv,Viết guide/review; ưu tiên long-tail; tạo topic hub và internal link về trang dịch vụ,B,50.0,0%,0
du lịch ẩm thực cần thơ,Tổng hợp Cần Thơ,Tổng hợp,In-scope Cần Thơ,Informational,50,N/A,N/A,N/A,Planner (Thấp),data/google_planner/can-tho/Keyword Stats 2026-02-23 at 11_18_37.csv,Viết guide/review; ưu tiên long-tail; tạo topic hub và internal link về trang dịch vụ,B,50.0,0%,0
giá vinpearl cần thơ,Tổng hợp Cần Thơ,Tổng hợp,In-scope Cần Thơ,Transaction,50,N/A,N/A,N/A,Planner (Không xác định),data/google_planner/can-tho/Keyword Stats 2026-02-23 at 11_18_37.csv,"Tạo landing chuyển đổi (giá/vé/đặt chỗ), gom vào cluster page + build backlink nội bộ",B,50.0,-100.0%,0
giá vé căn nhà màu tím cần thơ,Tổng hợp Cần Thơ,Tổng hợp,In-scope Cần Thơ,Transaction,50,N/A,N/A,N/A,Planner (Thấp),data/google_planner/can-tho/Keyword Stats 2026-02-23 at 11_18_37.csv,"Tạo landing chuyển đổi (giá/vé/đặt chỗ), gom vào cluster page + build backlink nội bộ",B,50.0,0%,0
holiday two cần thơ,Tổng hợp Cần Thơ,Tổng hợp,In-scope Cần Thơ,Informational,50,N/A,N/A,N/A,Planner (Thấp),data/google_planner/can-tho/Keyword Stats 2026-02-23 at 11_18_37.csv,Viết guide/review; ưu tiên long-tail; tạo topic hub và internal link về trang dịch vụ,B,50.0,0%,0
hướng dẫn du lịch cần thơ,Tổng hợp Cần Thơ,Tổng hợp,In-scope Cần Thơ,Informational,50,N/A,N/A,N/A,Planner (Thấp),data/google_planner/can-tho/Keyword Stats 2026-02-23 at 11_18_37.csv,Viết guide/review; ưu tiên long-tail; tạo topic hub và internal link về trang dịch vụ,B,50.0,0%,0
hồ bơi mường thanh cần thơ,Tổng hợp Cần Thơ,Tổng hợp,In-scope Cần Thơ,Informational,50,N/A,N/A,N/A,Planner (Thấp),data/google_planner/can-tho/Keyword Stats 2026-02-23 at 11_18_37.csv,Viết guide/review; ưu tiên long-tail; tạo topic hub và internal link về trang dịch vụ,B,50.0,0%,0
khi du lịch cần thơ,Tổng hợp Cần Thơ,Tổng hợp,In-scope Cần Thơ,Informational,50,N/A,N/A,N/A,Planner (Thấp),data/google_planner/can-tho/Keyword Stats 2026-02-23 at 11_18_37.csv,Viết guide/review; ưu tiên long-tail; tạo topic hub và internal link về trang dịch vụ,B,50.0,0%,0
khu du can tho,Tổng hợp Cần Thơ,Tổng hợp,In-scope Cần Thơ,Informational,50,N/A,N/A,N/A,Planner (Không xác định),data/google_planner/can-tho/Keyword Stats 2026-02-23 at 11_18_37.csv,Viết guide/review; ưu tiên long-tail; tạo topic hub và internal link về trang dịch vụ,B,50.0,-100.0%,0
khu du lịch ba láng cần thơ,Tổng hợp Cần Thơ,Tổng hợp,In-scope Cần Thơ,Informational,50,N/A,N/A,N/A,Planner (Thấp),data/google_planner/can-tho/Keyword Stats 2026-02-23 at 11_18_37.csv,Viết guide/review; ưu tiên long-tail; tạo topic hub và internal link về trang dịch vụ,B,50.0,0%,0
khu du lich con au can tho,Tổng hợp Cần Thơ,Tổng hợp,In-scope Cần Thơ,Informational,50,N/A,N/A,N/A,Planner (Trung bình),data/google_planner/can-tho/Keyword Stats 2026-02-23 at 11_18_37.csv,Viết guide/review; ưu tiên long-tail; tạo topic hub và internal link về trang dịch vụ,B,50.0,0%,0
khu du lịch ông de cần thơ,Tổng hợp Cần Thơ,Tổng hợp,In-scope Cần Thơ,Informational,50,N/A,N/A,N/A,Planner (Thấp),data/google_planner/can-tho/Keyword Stats 2026-02-23 at 11_18_37.csv,Viết guide/review; ưu tiên long-tail; tạo topic hub và internal link về trang dịch vụ,B,50.0,0%,0
khu du lich sinh thai ong de can tho,Tổng hợp Cần Thơ,Tổng hợp,In-scope Cần Thơ,Informational,50,N/A,N/A,N/A,Planner (Thấp),data/google_planner/can-tho/Keyword Stats 2026-02-23 at 11_18_37.csv,Viết guide/review; ưu tiên long-tail; tạo topic hub và internal link về trang dịch vụ,B,50.0,0%,0
khu du lịch tại cần thơ,Tổng hợp Cần Thơ,Tổng hợp,In-scope Cần Thơ,Informational,50,N/A,N/A,N/A,Planner (Thấp),data/google_planner/can-tho/Keyword Stats 2026-02-23 at 11_18_37.csv,Viết guide/review; ưu tiên long-tail; tạo topic hub và internal link về trang dịch vụ,B,50.0,0%,0
khu du lịch vàm xáng cần thơ,Tổng hợp Cần Thơ,Tổng hợp,In-scope Cần Thơ,Informational,50,N/A,N/A,N/A,Planner (Thấp),data/google_planner/can-tho/Keyword Stats 2026-02-23 at 11_18_37.csv,Viết guide/review; ưu tiên long-tail; tạo topic hub và internal link về trang dịch vụ,B,50.0,0%,0
khu du lịch an khánh cần thơ,Tổng hợp Cần Thơ,Tổng hợp,In-scope Cần Thơ,Informational,50,N/A,N/A,N/A,Planner (Thấp),data/google_planner/can-tho/Keyword Stats 2026-02-23 at 11_18_37.csv,Viết guide/review; ưu tiên long-tail; tạo topic hub và internal link về trang dịch vụ,B,50.0,0%,0
khu du lịch azerai cần thơ,Tổng hợp Cần Thơ,Tổng hợp,In-scope Cần Thơ,Informational,50,N/A,N/A,N/A,Planner (Cao),data/google_planner/can-tho/Keyword Stats 2026-02-23 at 11_18_37.csv,Viết guide/review; ưu tiên long-tail; tạo topic hub và internal link về trang dịch vụ,B,50.0,0%,0
khu du lịch biển cần thơ,Tổng hợp Cần Thơ,Tổng hợp,In-scope Cần Thơ,Informational,50,N/A,N/A,N/A,Planner (Không xác định),data/google_planner/can-tho/Keyword Stats 2026-02-23 at 11_18_37.csv,Viết guide/review; ưu tiên long-tail; tạo topic hub và internal link về trang dịch vụ,B,50.0,-100.0%,0
khu du lịch bình khánh cần thơ,Tổng hợp Cần Thơ,Tổng hợp,In-scope Cần Thơ,Informational,50,N/A,N/A,N/A,Planner (Thấp),data/google_planner/can-tho/Keyword Stats 2026-02-23 at 11_18_37.csv,Viết guide/review; ưu tiên long-tail; tạo topic hub và internal link về trang dịch vụ,B,50.0,0%,0
khu du lịch căn nhà màu tím ở cần thơ,Tổng hợp Cần Thơ,Tổng hợp,In-scope Cần Thơ,Informational,50,N/A,N/A,N/A,Planner (Thấp),data/google_planner/can-tho/Keyword Stats 2026-02-23 at 11_18_37.csv,Viết guide/review; ưu tiên long-tail; tạo topic hub và internal link về trang dịch vụ,B,50.0,0%,0
khu du lịch cần thơ căn nhà màu tím,Tổng hợp Cần Thơ,Tổng hợp,In-scope Cần Thơ,Informational,50,N/A,N/A,N/A,Planner (Thấp),data/google_planner/can-tho/Keyword Stats 2026-02-23 at 11_18_37.csv,Viết guide/review; ưu tiên long-tail; tạo topic hub và internal link về trang dịch vụ,B,50.0,0%,0
khu du lịch cần thơ mới mở,Tổng hợp Cần Thơ,Tổng hợp,In-scope Cần Thơ,Informational,50,N/A,N/A,N/A,Planner (Thấp),data/google_planner/can-tho/Keyword Stats 2026-02-23 at 11_18_37.csv,Viết guide/review; ưu tiên long-tail; tạo topic hub và internal link về trang dịch vụ,B,50.0,0%,0
khu du lịch cần thơ võ trường toản,Tổng hợp Cần Thơ,Tổng hợp,In-scope Cần Thơ,Informational,50,N/A,N/A,N/A,Planner (Không xác định),data/google_planner/can-tho/Keyword Stats 2026-02-23 at 11_18_37.csv,Viết guide/review; ưu tiên long-tail; tạo topic hub và internal link về trang dịch vụ,B,50.0,0%,0
khu du lịch cần thơ ông đề,Tổng hợp Cần Thơ,Tổng hợp,In-scope Cần Thơ,Informational,50,N/A,N/A,N/A,Planner (Thấp),data/google_planner/can-tho/Keyword Stats 2026-02-23 at 11_18_37.csv,Viết guide/review; ưu tiên long-tail; tạo topic hub và internal link về trang dịch vụ,B,50.0,0%,0
khu du lịch gần cần thơ,Tổng hợp Cần Thơ,Tổng hợp,In-scope Cần Thơ,Informational,50,N/A,N/A,N/A,Planner (Thấp),data/google_planner/can-tho/Keyword Stats 2026-02-23 at 11_18_37.csv,Viết guide/review; ưu tiên long-tail; tạo topic hub và internal link về trang dịch vụ,B,50.0,0%,0
khu du lịch kittyd cần thơ,Tổng hợp Cần Thơ,Tổng hợp,In-scope Cần Thơ,Informational,50,N/A,N/A,N/A,Planner (Thấp),data/google_planner/can-tho/Keyword Stats 2026-02-23 at 11_18_37.csv,Viết guide/review; ưu tiên long-tail; tạo topic hub và internal link về trang dịch vụ,B,50.0,0%,0
khu du lịch lung cột cầu cần thơ,Tổng hợp Cần Thơ,Tổng hợp,In-scope Cần Thơ,Informational,50,N/A,N/A,N/A,Planner (Thấp),data/google_planner/can-tho/Keyword Stats 2026-02-23 at 11_18_37.csv,Viết guide/review; ưu tiên long-tail; tạo topic hub và internal link về trang dịch vụ,B,50.0,0%,0
khu du lịch lung tràm cần thơ,Tổng hợp Cần Thơ,Tổng hợp,In-scope Cần Thơ,Informational,50,N/A,N/A,N/A,Planner (Thấp),data/google_planner/can-tho/Keyword Stats 2026-02-23 at 11_18_37.csv,Viết guide/review; ưu tiên long-tail; tạo topic hub và internal link về trang dịch vụ,B,50.0,0%,0
khu du lịch làng ông đề cần thơ,Tổng hợp Cần Thơ,Tổng hợp,In-scope Cần Thơ,Informational,50,N/A,N/A,N/A,Planner (Thấp),data/google_planner/can-tho/Keyword Stats 2026-02-23 at 11_18_37.csv,Viết guide/review; ưu tiên long-tail; tạo topic hub và internal link về trang dịch vụ,B,50.0,0%,0
khu du lịch màu tím cần thơ,Tổng hợp Cần Thơ,Tổng hợp,In-scope Cần Thơ,Informational,50,N/A,N/A,N/A,Planner (Thấp),data/google_planner/can-tho/Keyword Stats 2026-02-23 at 11_18_37.csv,Viết guide/review; ưu tiên long-tail; tạo topic hub và internal link về trang dịch vụ,B,50.0,0%,0
khu du lịch mới cần thơ,Tổng hợp Cần Thơ,Tổng hợp,In-scope Cần Thơ,Informational,50,N/A,N/A,N/A,Planner (Thấp),data/google_planner/can-tho/Keyword Stats 2026-02-23 at 11_18_37.csv,Viết guide/review; ưu tiên long-tail; tạo topic hub và internal link về trang dịch vụ,B,50.0,0%,0
khu du lịch mới mở ở cần thơ,Tổng hợp Cần Thơ,Tổng hợp,In-scope Cần Thơ,Informational,50,N/A,N/A,N/A,Planner (Thấp),data/google_planner/can-tho/Keyword Stats 2026-02-23 at 11_18_37.csv,Viết guide/review; ưu tiên long-tail; tạo topic hub và internal link về trang dịch vụ,B,50.0,0%,0
khu du lịch mới ở cần thơ,Tổng hợp Cần Thơ,Tổng hợp,In-scope Cần Thơ,Informational,50,N/A,N/A,N/A,Planner (Thấp),data/google_planner/can-tho/Keyword Stats 2026-02-23 at 11_18_37.csv,Viết guide/review; ưu tiên long-tail; tạo topic hub và internal link về trang dịch vụ,B,50.0,0%,0
khu du lịch nam cần thơ,Tổng hợp Cần Thơ,Tổng hợp,In-scope Cần Thơ,Informational,50,N/A,N/A,N/A,Planner (Thấp),data/google_planner/can-tho/Keyword Stats 2026-02-23 at 11_18_37.csv,Viết guide/review; ưu tiên long-tail; tạo topic hub và internal link về trang dịch vụ,B,50.0,0%,0
khu du lịch phi yến cần thơ,Tổng hợp Cần Thơ,Tổng hợp,In-scope Cần Thơ,Informational,50,N/A,N/A,N/A,Planner (Thấp),data/google_planner/can-tho/Keyword Stats 2026-02-23 at 11_18_37.csv,Viết guide/review; ưu tiên long-tail; tạo topic hub và internal link về trang dịch vụ,B,50.0,0%,0
khu du lịch phù sa cần thơ,Tổng hợp Cần Thơ,Tổng hợp,In-scope Cần Thơ,Informational,50,N/A,N/A,N/A,Planner (Thấp),data/google_planner/can-tho/Keyword Stats 2026-02-23 at 11_18_37.csv,Viết guide/review; ưu tiên long-tail; tạo topic hub và internal link về trang dịch vụ,B,50.0,0%,0
khu du lịch sala cần thơ,Tổng hợp Cần Thơ,Tổng hợp,In-scope Cần Thơ,Informational,50,N/A,N/A,N/A,Planner (Thấp),data/google_planner/can-tho/Keyword Stats 2026-02-23 at 11_18_37.csv,Viết guide/review; ưu tiên long-tail; tạo topic hub và internal link về trang dịch vụ,B,50.0,0%,0
khu du lịch sinh thái gần cần thơ,Tổng hợp Cần Thơ,Tổng hợp,In-scope Cần Thơ,Informational,50,N/A,N/A,N/A,Planner (Thấp),data/google_planner/can-tho/Keyword Stats 2026-02-23 at 11_18_37.csv,Viết guide/review; ưu tiên long-tail; tạo topic hub và internal link về trang dịch vụ,B,50.0,0%,0
khu du lịch sinh thái phi yến cần thơ,Tổng hợp Cần Thơ,Tổng hợp,In-scope Cần Thơ,Informational,50,N/A,N/A,N/A,Planner (Thấp),data/google_planner/can-tho/Keyword Stats 2026-02-23 at 11_18_37.csv,Viết guide/review; ưu tiên long-tail; tạo topic hub và internal link về trang dịch vụ,B,50.0,0%,0
khu du lịch sinh thái phù sa cần thơ,Tổng hợp Cần Thơ,Tổng hợp,In-scope Cần Thơ,Informational,50,N/A,N/A,N/A,Planner (Thấp),data/google_planner/can-tho/Keyword Stats 2026-02-23 at 11_18_37.csv,Viết guide/review; ưu tiên long-tail; tạo topic hub và internal link về trang dịch vụ,B,50.0,0%,0
khu du lịch sinh thái tại cần thơ,Tổng hợp Cần Thơ,Tổng hợp,In-scope Cần Thơ,Informational,50,N/A,N/A,N/A,Planner (Thấp),data/google_planner/can-tho/Keyword Stats 2026-02-23 at 11_18_37.csv,Viết guide/review; ưu tiên long-tail; tạo topic hub và internal link về trang dịch vụ,B,50.0,0%,0
khu du lịch sinh thái xẻo nhum cần thơ,Tổng hợp Cần Thơ,Tổng hợp,In-scope Cần Thơ,Informational,50,N/A,N/A,N/A,Planner (Thấp),data/google_planner/can-tho/Keyword Stats 2026-02-23 at 11_18_37.csv,Viết guide/review; ưu tiên long-tail; tạo topic hub và internal link về trang dịch vụ,B,50.0,0%,0
khu du lịch sinh thái ông đề cần thơ,Tổng hợp Cần Thơ,Tổng hợp,In-scope Cần Thơ,Informational,50,N/A,N/A,N/A,Planner (Thấp),data/google_planner/can-tho/Keyword Stats 2026-02-23 at 11_18_37.csv,Viết guide/review; ưu tiên long-tail; tạo topic hub và internal link về trang dịch vụ,B,50.0,0%,0
khu du lịch sinh thái ông đề ở cần thơ,Tổng hợp Cần Thơ,Tổng hợp,In-scope Cần Thơ,Informational,50,N/A,N/A,N/A,Planner (Thấp),data/google_planner/can-tho/Keyword Stats 2026-02-23 at 11_18_37.csv,Viết guide/review; ưu tiên long-tail; tạo topic hub và internal link về trang dịch vụ,B,50.0,0%,0
khu du lịch tam giác mạch cần thơ,Tổng hợp Cần Thơ,Tổng hợp,In-scope Cần Thơ,Informational,50,N/A,N/A,N/A,Planner (Không xác định),data/google_planner/can-tho/Keyword Stats 2026-02-23 at 11_18_37.csv,Viết guide/review; ưu tiên long-tail; tạo topic hub và internal link về trang dịch vụ,B,50.0,0%,0
khu du lịch thành phố cần thơ,Tổng hợp Cần Thơ,Tổng hợp,In-scope Cần Thơ,Informational,50,N/A,N/A,N/A,Planner (Thấp),data/google_planner/can-tho/Keyword Stats 2026-02-23 at 11_18_37.csv,Viết guide/review; ưu tiên long-tail; tạo topic hub và internal link về trang dịch vụ,B,50.0,0%,0
khu du lịch trần quốc toản cần thơ,Tổng hợp Cần Thơ,Tổng hợp,In-scope Cần Thơ,Informational,50,N/A,N/A,N/A,Planner (Không xác định),data/google_planner/can-tho/Keyword Stats 2026-02-23 at 11_18_37.csv,Viết guide/review; ưu tiên long-tail; tạo topic hub và internal link về trang dịch vụ,B,50.0,0%,0
khu du lịch trần đề cần thơ,Tổng hợp Cần Thơ,Tổng hợp,In-scope Cần Thơ,Informational,50,N/A,N/A,N/A,Planner (Thấp),data/google_planner/can-tho/Keyword Stats 2026-02-23 at 11_18_37.csv,Viết guide/review; ưu tiên long-tail; tạo topic hub và internal link về trang dịch vụ,B,50.0,0%,0
khu du lịch tây đô cần thơ,Tổng hợp Cần Thơ,Tổng hợp,In-scope Cần Thơ,Informational,50,N/A,N/A,N/A,Planner (Thấp),data/google_planner/can-tho/Keyword Stats 2026-02-23 at 11_18_37.csv,Viết guide/review; ưu tiên long-tail; tạo topic hub và internal link về trang dịch vụ,B,50.0,0%,0
khu du lịch vinh sang cần thơ,Tổng hợp Cần Thơ,Tổng hợp,In-scope Cần Thơ,Informational,50,N/A,N/A,N/A,Planner (Thấp),data/google_planner/can-tho/Keyword Stats 2026-02-23 at 11_18_37.csv,Viết guide/review; ưu tiên long-tail; tạo topic hub và internal link về trang dịch vụ,B,50.0,0%,0
khu du lịch võ trường toản cần thơ,Tổng hợp Cần Thơ,Tổng hợp,In-scope Cần Thơ,Informational,50,N/A,N/A,N/A,Planner (Thấp),data/google_planner/can-tho/Keyword Stats 2026-02-23 at 11_18_37.csv,Viết guide/review; ưu tiên long-tail; tạo topic hub và internal link về trang dịch vụ,B,50.0,0%,0
khu du lịch xuân khánh cần thơ,Tổng hợp Cần Thơ,Tổng hợp,In-scope Cần Thơ,Informational,50,N/A,N/A,N/A,Planner (Thấp),data/google_planner/can-tho/Keyword Stats 2026-02-23 at 11_18_37.csv,Viết guide/review; ưu tiên long-tail; tạo topic hub và internal link về trang dịch vụ,B,50.0,0%,0
khu du lịch xẻo nhum cần thơ,Tổng hợp Cần Thơ,Tổng hợp,In-scope Cần Thơ,Informational,50,N/A,N/A,N/A,Planner (Thấp),data/google_planner/can-tho/Keyword Stats 2026-02-23 at 11_18_37.csv,Viết guide/review; ưu tiên long-tail; tạo topic hub và internal link về trang dịch vụ,B,50.0,0%,0
khu du lịch ông lang cần thơ,Tổng hợp Cần Thơ,Tổng hợp,In-scope Cần Thơ,Informational,50,N/A,N/A,N/A,Planner (Không xác định),data/google_planner/can-tho/Keyword Stats 2026-02-23 at 11_18_37.csv,Viết guide/review; ưu tiên long-tail; tạo topic hub và internal link về trang dịch vụ,B,50.0,-100.0%,0
khu du lịch ông đề ở cần thơ,Tổng hợp Cần Thơ,Tổng hợp,In-scope Cần Thơ,Informational,50,N/A,N/A,N/A,Planner (Thấp),data/google_planner/can-tho/Keyword Stats 2026-02-23 at 11_18_37.csv,Viết guide/review; ưu tiên long-tail; tạo topic hub và internal link về trang dịch vụ,B,50.0,0%,0
khu du lịch ông đồ cần thơ,Tổng hợp Cần Thơ,Tổng hợp,In-scope Cần Thơ,Informational,50,N/A,N/A,N/A,Planner (Thấp),data/google_planner/can-tho/Keyword Stats 2026-02-23 at 11_18_37.csv,Viết guide/review; ưu tiên long-tail; tạo topic hub và internal link về trang dịch vụ,B,50.0,0%,0
khu du lịch đền hùng cần thơ,Tổng hợp Cần Thơ,Tổng hợp,In-scope Cần Thơ,Informational,50,N/A,N/A,N/A,Planner (Thấp),data/google_planner/can-tho/Keyword Stats 2026-02-23 at 11_18_37.csv,Viết guide/review; ưu tiên long-tail; tạo topic hub và internal link về trang dịch vụ,B,50.0,0%,0
khu nghỉ dưỡng cao cấp azerai cần thơ,Tổng hợp Cần Thơ,Tổng hợp,In-scope Cần Thơ,Informational,50,N/A,N/A,N/A,Planner (Thấp),data/google_planner/can-tho/Keyword Stats 2026-02-23 at 11_18_37.csv,Viết guide/review; ưu tiên long-tail; tạo topic hub và internal link về trang dịch vụ,B,50.0,0%,0
khu nghỉ dưỡng victoria cần thơ,Tổng hợp Cần Thơ,Tổng hợp,In-scope Cần Thơ,Informational,50,N/A,N/A,N/A,Planner (Trung bình),data/google_planner/can-tho/Keyword Stats 2026-02-23 at 11_18_37.csv,Viết guide/review; ưu tiên long-tail; tạo topic hub và internal link về trang dịch vụ,B,50.0,0%,0
khu sinh thái ông đề cần thơ,Tổng hợp Cần Thơ,Tổng hợp,In-scope Cần Thơ,Informational,50,N/A,N/A,N/A,Planner (Thấp),data/google_planner/can-tho/Keyword Stats 2026-02-23 at 11_18_37.csv,Viết guide/review; ưu tiên long-tail; tạo topic hub và internal link về trang dịch vụ,B,50.0,0%,0
khu sinh thái ở cần thơ,Tổng hợp Cần Thơ,Tổng hợp,In-scope Cần Thơ,Informational,50,N/A,N/A,N/A,Planner (Thấp),data/google_planner/can-tho/Keyword Stats 2026-02-23 at 11_18_37.csv,Viết guide/review; ưu tiên long-tail; tạo topic hub và internal link về trang dịch vụ,B,50.0,0%,0
khu ăn chơi cần thơ,Tổng hợp Cần Thơ,Tổng hợp,In-scope Cần Thơ,Informational,50,N/A,N/A,N/A,Planner (Thấp),data/google_planner/can-tho/Keyword Stats 2026-02-23 at 11_18_37.csv,Viết guide/review; ưu tiên long-tail; tạo topic hub và internal link về trang dịch vụ,B,50.0,0%,0
khu ẩm thực cần thơ,Tổng hợp Cần Thơ,Tổng hợp,In-scope Cần Thơ,Informational,50,N/A,N/A,N/A,Planner (Thấp),data/google_planner/can-tho/Keyword Stats 2026-02-23 at 11_18_37.csv,Viết guide/review; ưu tiên long-tail; tạo topic hub và internal link về trang dịch vụ,B,50.0,0%,0
khám phá cần thơ 1 ngày,Tổng hợp Cần Thơ,Tổng hợp,In-scope Cần Thơ,Informational,50,N/A,N/A,N/A,Planner (Thấp),data/google_planner/can-tho/Keyword Stats 2026-02-23 at 11_18_37.csv,Viết guide/review; ưu tiên long-tail; tạo topic hub và internal link về trang dịch vụ,B,50.0,0%,0
khám phá cần thơ về đêm,Tổng hợp Cần Thơ,Tổng hợp,In-scope Cần Thơ,Commercial Investigation,50,N/A,N/A,N/A,Planner (Thấp),data/google_planner/can-tho/Keyword Stats 2026-02-23 at 11_18_37.csv,Viết bài top-list/so sánh; map vào cluster hub; bổ sung schema + ảnh/UGC,B,50.0,0%,0
khám phá du lịch cần thơ,Tổng hợp Cần Thơ,Tổng hợp,In-scope Cần Thơ,Informational,50,N/A,N/A,N/A,Planner (Thấp),data/google_planner/can-tho/Keyword Stats 2026-02-23 at 11_18_37.csv,Viết guide/review; ưu tiên long-tail; tạo topic hub và internal link về trang dịch vụ,B,50.0,0%,0
khám phá thành phố cần thơ,Tổng hợp Cần Thơ,Tổng hợp,In-scope Cần Thơ,Informational,50,N/A,N/A,N/A,Planner (Thấp),data/google_planner/can-tho/Keyword Stats 2026-02-23 at 11_18_37.csv,Viết guide/review; ưu tiên long-tail; tạo topic hub và internal link về trang dịch vụ,B,50.0,0%,0
kinh nghiem di can tho,Tổng hợp Cần Thơ,Tổng hợp,In-scope Cần Thơ,Commercial Investigation,50,N/A,N/A,N/A,Planner (Cao),data/google_planner/can-tho/Keyword Stats 2026-02-23 at 11_18_37.csv,Viết bài top-list/so sánh; map vào cluster hub; bổ sung schema + ảnh/UGC,B,50.0,0%,0
kinh nghiệm du lịch cần thơ 1 ngày,Tổng hợp Cần Thơ,Tổng hợp,In-scope Cần Thơ,Commercial Investigation,50,N/A,N/A,N/A,Planner (Không xác định),data/google_planner/can-tho/Keyword Stats 2026-02-23 at 11_18_37.csv,Viết bài top-list/so sánh; map vào cluster hub; bổ sung schema + ảnh/UGC,B,50.0,0%,0
kinh nghiệm du lịch cần thơ 3 ngày 2 đêm,Tổng hợp Cần Thơ,Tổng hợp,In-scope Cần Thơ,Commercial Investigation,50,N/A,N/A,N/A,Planner (Thấp),data/google_planner/can-tho/Keyword Stats 2026-02-23 at 11_18_37.csv,Viết bài top-list/so sánh; map vào cluster hub; bổ sung schema + ảnh/UGC,B,50.0,0%,0
kinh nghiệm du lịch cần thơ tự túc,Tổng hợp Cần Thơ,Tổng hợp,In-scope Cần Thơ,Commercial Investigation,50,N/A,N/A,N/A,Planner (Trung bình),data/google_planner/can-tho/Keyword Stats 2026-02-23 at 11_18_37.csv,Viết bài top-list/so sánh; map vào cluster hub; bổ sung schema + ảnh/UGC,B,50.0,0%,0
ks aura cần thơ,Tổng hợp Cần Thơ,Tổng hợp,In-scope Cần Thơ,Informational,50,N/A,N/A,N/A,Planner (Cao),data/google_planner/can-tho/Keyword Stats 2026-02-23 at 11_18_37.csv,Viết guide/review; ưu tiên long-tail; tạo topic hub và internal link về trang dịch vụ,B,50.0,0%,0
ks azerai can tho,Tổng hợp Cần Thơ,Tổng hợp,In-scope Cần Thơ,Informational,50,N/A,N/A,N/A,Planner (Cao),data/google_planner/can-tho/Keyword Stats 2026-02-23 at 11_18_37.csv,Viết guide/review; ưu tiên long-tail; tạo topic hub và internal link về trang dịch vụ,B,50.0,0%,0
ks cong doan can tho,Tổng hợp Cần Thơ,Tổng hợp,In-scope Cần Thơ,Informational,50,N/A,N/A,N/A,Planner (Không xác định),data/google_planner/can-tho/Keyword Stats 2026-02-23 at 11_18_37.csv,Viết guide/review; ưu tiên long-tail; tạo topic hub và internal link về trang dịch vụ,B,50.0,-100.0%,0
ks cửu long cần thơ,Tổng hợp Cần Thơ,Tổng hợp,In-scope Cần Thơ,Informational,50,N/A,N/A,N/A,Planner (Trung bình),data/google_planner/can-tho/Keyword Stats 2026-02-23 at 11_18_37.csv,Viết guide/review; ưu tiên long-tail; tạo topic hub và internal link về trang dịch vụ,B,50.0,0%,0
ks hạnh phúc cần thơ,Tổng hợp Cần Thơ,Tổng hợp,In-scope Cần Thơ,Informational,50,N/A,N/A,N/A,Planner (Thấp),data/google_planner/can-tho/Keyword Stats 2026-02-23 at 11_18_37.csv,Viết guide/review; ưu tiên long-tail; tạo topic hub và internal link về trang dịch vụ,B,50.0,0%,0
ks holiday cần thơ,Tổng hợp Cần Thơ,Tổng hợp,In-scope Cần Thơ,Informational,50,N/A,N/A,N/A,Planner (Thấp),data/google_planner/can-tho/Keyword Stats 2026-02-23 at 11_18_37.csv,Viết guide/review; ưu tiên long-tail; tạo topic hub và internal link về trang dịch vụ,B,50.0,0%,0
ks hoàng sơn cần thơ,Tổng hợp Cần Thơ,Tổng hợp,In-scope Cần Thơ,Informational,50,N/A,N/A,N/A,Planner (Cao),data/google_planner/can-tho/Keyword Stats 2026-02-23 at 11_18_37.csv,Viết guide/review; ưu tiên long-tail; tạo topic hub và internal link về trang dịch vụ,B,50.0,0%,0
ks kim lân cần thơ,Tổng hợp Cần Thơ,Tổng hợp,In-scope Cần Thơ,Informational,50,N/A,N/A,N/A,Planner (Trung bình),data/google_planner/can-tho/Keyword Stats 2026-02-23 at 11_18_37.csv,Viết guide/review; ưu tiên long-tail; tạo topic hub và internal link về trang dịch vụ,B,50.0,0%,0
ks linh phương 2 cần thơ,Tổng hợp Cần Thơ,Tổng hợp,In-scope Cần Thơ,Informational,50,N/A,N/A,N/A,Planner (Thấp),data/google_planner/can-tho/Keyword Stats 2026-02-23 at 11_18_37.csv,Viết guide/review; ưu tiên long-tail; tạo topic hub và internal link về trang dịch vụ,B,50.0,0%,0
ks linh phương 3 cần thơ,Tổng hợp Cần Thơ,Tổng hợp,In-scope Cần Thơ,Informational,50,N/A,N/A,N/A,Planner (Cao),data/google_planner/can-tho/Keyword Stats 2026-02-23 at 11_18_37.csv,Viết guide/review; ưu tiên long-tail; tạo topic hub và internal link về trang dịch vụ,B,50.0,0%,0
ks phuong dong can tho,Tổng hợp Cần Thơ,Tổng hợp,In-scope Cần Thơ,Informational,50,N/A,N/A,N/A,Planner (Không xác định),data/google_planner/can-tho/Keyword Stats 2026-02-23 at 11_18_37.csv,Viết guide/review; ưu tiên long-tail; tạo topic hub và internal link về trang dịch vụ,B,50.0,0%,0
ks phương đông cần thơ,Tổng hợp Cần Thơ,Tổng hợp,In-scope Cần Thơ,Informational,50,N/A,N/A,N/A,Planner (Cao),data/google_planner/can-tho/Keyword Stats 2026-02-23 at 11_18_37.csv,Viết guide/review; ưu tiên long-tail; tạo topic hub và internal link về trang dịch vụ,B,50.0,0%,0
ks thanh thuy 2 can tho,Tổng hợp Cần Thơ,Tổng hợp,In-scope Cần Thơ,Informational,50,N/A,N/A,N/A,Planner (Trung bình),data/google_planner/can-tho/Keyword Stats 2026-02-23 at 11_18_37.csv,Viết guide/review; ưu tiên long-tail; tạo topic hub và internal link về trang dịch vụ,B,50.0,0%,0
ks thái tuấn cần thơ,Tổng hợp Cần Thơ,Tổng hợp,In-scope Cần Thơ,Informational,50,N/A,N/A,N/A,Planner (Thấp),data/google_planner/can-tho/Keyword Stats 2026-02-23 at 11_18_37.csv,Viết guide/review; ưu tiên long-tail; tạo topic hub và internal link về trang dịch vụ,B,50.0,0%,0
ks vàng cần thơ,Tổng hợp Cần Thơ,Tổng hợp,In-scope Cần Thơ,Informational,50,N/A,N/A,N/A,Planner (Thấp),data/google_planner/can-tho/Keyword Stats 2026-02-23 at 11_18_37.csv,Viết guide/review; ưu tiên long-tail; tạo topic hub và internal link về trang dịch vụ,B,50.0,0%,0
ks west can tho,Tổng hợp Cần Thơ,Tổng hợp,In-scope Cần Thơ,Informational,50,N/A,N/A,N/A,Planner (Không xác định),data/google_planner/can-tho/Keyword Stats 2026-02-23 at 11_18_37.csv,Viết guide/review; ưu tiên long-tail; tạo topic hub và internal link về trang dịch vụ,B,50.0,-100.0%,0
ks á châu cần thơ,Tổng hợp Cần Thơ,Tổng hợp,In-scope Cần Thơ,Informational,50,N/A,N/A,N/A,Planner (Cao),data/google_planner/can-tho/Keyword Stats 2026-02-23 at 11_18_37.csv,Viết guide/review; ưu tiên long-tail; tạo topic hub và internal link về trang dịch vụ,B,50.0,0%,0
ks đông hà fortuneland cần thơ,Tổng hợp Cần Thơ,Tổng hợp,In-scope Cần Thơ,Informational,50,N/A,N/A,N/A,Planner (Không xác định),data/google_planner/can-tho/Keyword Stats 2026-02-23 at 11_18_37.csv,Viết guide/review; ưu tiên long-tail; tạo topic hub và internal link về trang dịch vụ,B,50.0,-100.0%,0
ks đại nam cần thơ,Tổng hợp Cần Thơ,Tổng hợp,In-scope Cần Thơ,Informational,50,N/A,N/A,N/A,Planner (Thấp),data/google_planner/can-tho/Keyword Stats 2026-02-23 at 11_18_37.csv,Viết guide/review; ưu tiên long-tail; tạo topic hub và internal link về trang dịch vụ,B,50.0,0%,0
little dalat cần thơ,Tổng hợp Cần Thơ,Tổng hợp,In-scope Cần Thơ,Informational,50,N/A,N/A,N/A,Planner (Thấp),data/google_planner/can-tho/Keyword Stats 2026-02-23 at 11_18_37.csv,Viết guide/review; ưu tiên long-tail; tạo topic hub và internal link về trang dịch vụ,B,50.0,0%,0
lung cột cầu cần thơ,Tổng hợp Cần Thơ,Tổng hợp,In-scope Cần Thơ,Informational,50,N/A,N/A,N/A,Planner (Thấp),data/google_planner/can-tho/Keyword Stats 2026-02-23 at 11_18_37.csv,Viết guide/review; ưu tiên long-tail; tạo topic hub và internal link về trang dịch vụ,B,50.0,0%,0
làng du lịch cần thơ,Tổng hợp Cần Thơ,Tổng hợp,In-scope Cần Thơ,Informational,50,N/A,N/A,N/A,Planner (Thấp),data/google_planner/can-tho/Keyword Stats 2026-02-23 at 11_18_37.csv,Viết guide/review; ưu tiên long-tail; tạo topic hub và internal link về trang dịch vụ,B,50.0,0%,0
làng du lịch sinh thái ông đề cần thơ,Tổng hợp Cần Thơ,Tổng hợp,In-scope Cần Thơ,Informational,50,N/A,N/A,N/A,Planner (Thấp),data/google_planner/can-tho/Keyword Stats 2026-02-23 at 11_18_37.csv,Viết guide/review; ưu tiên long-tail; tạo topic hub và internal link về trang dịch vụ,B,50.0,0%,0
làng du lịch ông đề cần thơ,Tổng hợp Cần Thơ,Tổng hợp,In-scope Cần Thơ,Informational,50,N/A,N/A,N/A,Planner (Thấp),data/google_planner/can-tho/Keyword Stats 2026-02-23 at 11_18_37.csv,Viết guide/review; ưu tiên long-tail; tạo topic hub và internal link về trang dịch vụ,B,50.0,0%,0
làng ông đề cần thơ,Tổng hợp Cần Thơ,Tổng hợp,In-scope Cần Thơ,Informational,50,N/A,N/A,N/A,Planner (Thấp),data/google_planner/can-tho/Keyword Stats 2026-02-23 at 11_18_37.csv,Viết guide/review; ưu tiên long-tail; tạo topic hub và internal link về trang dịch vụ,B,50.0,0%,0
lò kẹo dừa cần thơ,Tổng hợp Cần Thơ,Tổng hợp,In-scope Cần Thơ,Informational,50,N/A,N/A,N/A,Planner (Thấp),data/google_planner/can-tho/Keyword Stats 2026-02-23 at 11_18_37.csv,Viết guide/review; ưu tiên long-tail; tạo topic hub và internal link về trang dịch vụ,B,50.0,0%,0
lịch trình du lịch cần thơ,Tổng hợp Cần Thơ,Tổng hợp,In-scope Cần Thơ,Informational,50,N/A,N/A,N/A,Planner (Trung bình),data/google_planner/can-tho/Keyword Stats 2026-02-23 at 11_18_37.csv,Viết guide/review; ưu tiên long-tail; tạo topic hub và internal link về trang dịch vụ,B,50.0,0%,0
lịch trình du lịch cần thơ 2 ngày 1 đêm,Tổng hợp Cần Thơ,Tổng hợp,In-scope Cần Thơ,Informational,50,N/A,N/A,N/A,Planner (Trung bình),data/google_planner/can-tho/Keyword Stats 2026-02-23 at 11_18_37.csv,Viết guide/review; ưu tiên long-tail; tạo topic hub và internal link về trang dịch vụ,B,50.0,0%,0
lịch trình đi cần thơ,Tổng hợp Cần Thơ,Tổng hợp,In-scope Cần Thơ,Informational,50,N/A,N/A,N/A,Planner (Thấp),data/google_planner/can-tho/Keyword Stats 2026-02-23 at 11_18_37.csv,Viết guide/review; ưu tiên long-tail; tạo topic hub và internal link về trang dịch vụ,B,50.0,0%,0
miền tây cần thơ,Tổng hợp Cần Thơ,Tổng hợp,In-scope Cần Thơ,Informational,50,N/A,N/A,N/A,Planner (Thấp),data/google_planner/can-tho/Keyword Stats 2026-02-23 at 11_18_37.csv,Viết guide/review; ưu tiên long-tail; tạo topic hub và internal link về trang dịch vụ,B,50.0,0%,0
motel 6 cần thơ,Tổng hợp Cần Thơ,Tổng hợp,In-scope Cần Thơ,Informational,50,N/A,N/A,N/A,Planner (Trung bình),data/google_planner/can-tho/Keyword Stats 2026-02-23 at 11_18_37.csv,Viết guide/review; ưu tiên long-tail; tạo topic hub và internal link về trang dịch vụ,B,50.0,0%,0
motel bồ câu cần thơ,Tổng hợp Cần Thơ,Tổng hợp,In-scope Cần Thơ,Informational,50,N/A,N/A,N/A,Planner (Trung bình),data/google_planner/can-tho/Keyword Stats 2026-02-23 at 11_18_37.csv,Viết guide/review; ưu tiên long-tail; tạo topic hub và internal link về trang dịch vụ,B,50.0,0%,0
motel thanh hằng cần thơ,Tổng hợp Cần Thơ,Tổng hợp,In-scope Cần Thơ,Informational,50,N/A,N/A,N/A,Planner (Cao),data/google_planner/can-tho/Keyword Stats 2026-02-23 at 11_18_37.csv,Viết guide/review; ưu tiên long-tail; tạo topic hub và internal link về trang dịch vụ,B,50.0,0%,0
món ăn đặc sản của cần thơ,Tổng hợp Cần Thơ,Tổng hợp,In-scope Cần Thơ,Informational,50,N/A,N/A,N/A,Planner (Thấp),data/google_planner/can-tho/Keyword Stats 2026-02-23 at 11_18_37.csv,Viết guide/review; ưu tiên long-tail; tạo topic hub và internal link về trang dịch vụ,B,50.0,0%,0
mỹ tho cần thơ,Tổng hợp Cần Thơ,Tổng hợp,In-scope Cần Thơ,Informational,50,N/A,N/A,N/A,Planner (Thấp),data/google_planner/can-tho/Keyword Stats 2026-02-23 at 11_18_37.csv,Viết guide/review; ưu tiên long-tail; tạo topic hub và internal link về trang dịch vụ,B,50.0,0%,0
nghỉ dưỡng ở cần thơ,Tổng hợp Cần Thơ,Tổng hợp,In-scope Cần Thơ,Informational,50,N/A,N/A,N/A,Planner (Không xác định),data/google_planner/can-tho/Keyword Stats 2026-02-23 at 11_18_37.csv,Viết guide/review; ưu tiên long-tail; tạo topic hub và internal link về trang dịch vụ,B,50.0,-100.0%,0
ngôi nhà màu tím ở cần thơ,Tổng hợp Cần Thơ,Tổng hợp,In-scope Cần Thơ,Informational,50,N/A,N/A,N/A,Planner (Thấp),data/google_planner/can-tho/Keyword Stats 2026-02-23 at 11_18_37.csv,Viết guide/review; ưu tiên long-tail; tạo topic hub và internal link về trang dịch vụ,B,50.0,0%,0
nhung dia diem du lich can tho,Tổng hợp Cần Thơ,Tổng hợp,In-scope Cần Thơ,Informational,50,N/A,N/A,N/A,Planner (Không xác định),data/google_planner/can-tho/Keyword Stats 2026-02-23 at 11_18_37.csv,Viết guide/review; ưu tiên long-tail; tạo topic hub và internal link về trang dịch vụ,B,50.0,-100.0%,0
nhung dia diem du lich o can tho,Tổng hợp Cần Thơ,Tổng hợp,In-scope Cần Thơ,Informational,50,N/A,N/A,N/A,Planner (Thấp),data/google_planner/can-tho/Keyword Stats 2026-02-23 at 11_18_37.csv,Viết guide/review; ưu tiên long-tail; tạo topic hub và internal link về trang dịch vụ,B,50.0,0%,0
nhung dia diem vui choi o can tho,Tổng hợp Cần Thơ,Tổng hợp,In-scope Cần Thơ,Informational,50,N/A,N/A,N/A,Planner (Trung bình),data/google_planner/can-tho/Keyword Stats 2026-02-23 at 11_18_37.csv,Viết guide/review; ưu tiên long-tail; tạo topic hub và internal link về trang dịch vụ,B,50.0,0%,0
nhung diem du lich can tho,Tổng hợp Cần Thơ,Tổng hợp,In-scope Cần Thơ,Informational,50,N/A,N/A,N/A,Planner (Thấp),data/google_planner/can-tho/Keyword Stats 2026-02-23 at 11_18_37.csv,Viết guide/review; ưu tiên long-tail; tạo topic hub và internal link về trang dịch vụ,B,50.0,0%,0
nhung diem du lich o can tho,Tổng hợp Cần Thơ,Tổng hợp,In-scope Cần Thơ,Informational,50,N/A,N/A,N/A,Planner (Trung bình),data/google_planner/can-tho/Keyword Stats 2026-02-23 at 11_18_37.csv,Viết guide/review; ưu tiên long-tail; tạo topic hub và internal link về trang dịch vụ,B,50.0,0%,0
nhung diem tham quan o can tho,Tổng hợp Cần Thơ,Tổng hợp,In-scope Cần Thơ,Informational,50,N/A,N/A,N/A,Planner (Không xác định),data/google_planner/can-tho/Keyword Stats 2026-02-23 at 11_18_37.csv,Viết guide/review; ưu tiên long-tail; tạo topic hub và internal link về trang dịch vụ,B,50.0,0%,0
nhung diem vui choi o can tho,Tổng hợp Cần Thơ,Tổng hợp,In-scope Cần Thơ,Informational,50,N/A,N/A,N/A,Planner (Thấp),data/google_planner/can-tho/Keyword Stats 2026-02-23 at 11_18_37.csv,Viết guide/review; ưu tiên long-tail; tạo topic hub và internal link về trang dịch vụ,B,50.0,0%,0
những khu du lịch cần thơ,Tổng hợp Cần Thơ,Tổng hợp,In-scope Cần Thơ,Informational,50,N/A,N/A,N/A,Planner (Thấp),data/google_planner/can-tho/Keyword Stats 2026-02-23 at 11_18_37.csv,Viết guide/review; ưu tiên long-tail; tạo topic hub và internal link về trang dịch vụ,B,50.0,0%,0
những khu du lịch ở cần thơ,Tổng hợp Cần Thơ,Tổng hợp,In-scope Cần Thơ,Informational,50,N/A,N/A,N/A,Planner (Thấp),data/google_planner/can-tho/Keyword Stats 2026-02-23 at 11_18_37.csv,Viết guide/review; ưu tiên long-tail; tạo topic hub và internal link về trang dịch vụ,B,50.0,0%,0
nhà cổ nam bộ cần thơ,Tổng hợp Cần Thơ,Tổng hợp,In-scope Cần Thơ,Informational,50,N/A,N/A,N/A,Planner (Thấp),data/google_planner/can-tho/Keyword Stats 2026-02-23 at 11_18_37.csv,Viết guide/review; ưu tiên long-tail; tạo topic hub và internal link về trang dịch vụ,B,50.0,0%,0
nhà cổ ở cần thơ,Tổng hợp Cần Thơ,Tổng hợp,In-scope Cần Thơ,Informational,50,N/A,N/A,N/A,Planner (Thấp),data/google_planner/can-tho/Keyword Stats 2026-02-23 at 11_18_37.csv,Viết guide/review; ưu tiên long-tail; tạo topic hub và internal link về trang dịch vụ,B,50.0,0%,0
nhà màu tím ở cần thơ,Tổng hợp Cần Thơ,Tổng hợp,In-scope Cần Thơ,Informational,50,N/A,N/A,N/A,Planner (Thấp),data/google_planner/can-tho/Keyword Stats 2026-02-23 at 11_18_37.csv,Viết guide/review; ưu tiên long-tail; tạo topic hub và internal link về trang dịch vụ,B,50.0,0%,0
những chỗ vui chơi ở cần thơ,Tổng hợp Cần Thơ,Tổng hợp,In-scope Cần Thơ,Informational,50,N/A,N/A,N/A,Planner (Thấp),data/google_planner/can-tho/Keyword Stats 2026-02-23 at 11_18_37.csv,Viết guide/review; ưu tiên long-tail; tạo topic hub và internal link về trang dịch vụ,B,50.0,0%,0
những chỗ đi chơi ở cần thơ,Tổng hợp Cần Thơ,Tổng hợp,In-scope Cần Thơ,Informational,50,N/A,N/A,N/A,Planner (Thấp),data/google_planner/can-tho/Keyword Stats 2026-02-23 at 11_18_37.csv,Viết guide/review; ưu tiên long-tail; tạo topic hub và internal link về trang dịch vụ,B,50.0,0%,0
những khu du lịch sinh thái ở cần thơ,Tổng hợp Cần Thơ,Tổng hợp,In-scope Cần Thơ,Informational,50,N/A,N/A,N/A,Planner (Thấp),data/google_planner/can-tho/Keyword Stats 2026-02-23 at 11_18_37.csv,Viết guide/review; ưu tiên long-tail; tạo topic hub và internal link về trang dịch vụ,B,50.0,0%,0
những món ăn ngon tại cần thơ,Tổng hợp Cần Thơ,Tổng hợp,In-scope Cần Thơ,Informational,50,N/A,N/A,N/A,Planner (Thấp),data/google_planner/can-tho/Keyword Stats 2026-02-23 at 11_18_37.csv,Viết guide/review; ưu tiên long-tail; tạo topic hub và internal link về trang dịch vụ,B,50.0,0%,0
những món ăn đặc sản của cần thơ,Tổng hợp Cần Thơ,Tổng hợp,In-scope Cần Thơ,Informational,50,N/A,N/A,N/A,Planner (Trung bình),data/google_planner/can-tho/Keyword Stats 2026-02-23 at 11_18_37.csv,Viết guide/review; ưu tiên long-tail; tạo topic hub và internal link về trang dịch vụ,B,50.0,0%,0
những nơi du lịch ở cần thơ,Tổng hợp Cần Thơ,Tổng hợp,In-scope Cần Thơ,Informational,50,N/A,N/A,N/A,Planner (Thấp),data/google_planner/can-tho/Keyword Stats 2026-02-23 at 11_18_37.csv,Viết guide/review; ưu tiên long-tail; tạo topic hub và internal link về trang dịch vụ,B,50.0,0%,0
những nơi vui chơi ở cần thơ,Tổng hợp Cần Thơ,Tổng hợp,In-scope Cần Thơ,Informational,50,N/A,N/A,N/A,Planner (Thấp),data/google_planner/can-tho/Keyword Stats 2026-02-23 at 11_18_37.csv,Viết guide/review; ưu tiên long-tail; tạo topic hub và internal link về trang dịch vụ,B,50.0,0%,0
những nơi đi chơi ở cần thơ,Tổng hợp Cần Thơ,Tổng hợp,In-scope Cần Thơ,Informational,50,N/A,N/A,N/A,Planner (Thấp),data/google_planner/can-tho/Keyword Stats 2026-02-23 at 11_18_37.csv,Viết guide/review; ưu tiên long-tail; tạo topic hub và internal link về trang dịch vụ,B,50.0,0%,0
những điểm check in ở cần thơ,Tổng hợp Cần Thơ,Tổng hợp,In-scope Cần Thơ,Informational,50,N/A,N/A,N/A,Planner (Thấp),data/google_planner/can-tho/Keyword Stats 2026-02-23 at 11_18_37.csv,Viết guide/review; ưu tiên long-tail; tạo topic hub và internal link về trang dịch vụ,B,50.0,0%,0
những điểm chơi ở cần thơ,Tổng hợp Cần Thơ,Tổng hợp,In-scope Cần Thơ,Informational,50,N/A,N/A,N/A,Planner (Thấp),data/google_planner/can-tho/Keyword Stats 2026-02-23 at 11_18_37.csv,Viết guide/review; ưu tiên long-tail; tạo topic hub và internal link về trang dịch vụ,B,50.0,0%,0
những điểm du lịch gần cần thơ,Tổng hợp Cần Thơ,Tổng hợp,In-scope Cần Thơ,Informational,50,N/A,N/A,N/A,Planner (Thấp),data/google_planner/can-tho/Keyword Stats 2026-02-23 at 11_18_37.csv,Viết guide/review; ưu tiên long-tail; tạo topic hub và internal link về trang dịch vụ,B,50.0,0%,0
những điểm du lịch nổi tiếng ở cần thơ,Tổng hợp Cần Thơ,Tổng hợp,In-scope Cần Thơ,Informational,50,N/A,N/A,N/A,Planner (Thấp),data/google_planner/can-tho/Keyword Stats 2026-02-23 at 11_18_37.csv,Viết guide/review; ưu tiên long-tail; tạo topic hub và internal link về trang dịch vụ,B,50.0,0%,0
những điểm du lịch tại cần thơ,Tổng hợp Cần Thơ,Tổng hợp,In-scope Cần Thơ,Informational,50,N/A,N/A,N/A,Planner (Trung bình),data/google_planner/can-tho/Keyword Stats 2026-02-23 at 11_18_37.csv,Viết guide/review; ưu tiên long-tail; tạo topic hub và internal link về trang dịch vụ,B,50.0,0%,0
những điểm nên đi ở cần thơ,Tổng hợp Cần Thơ,Tổng hợp,In-scope Cần Thơ,Informational,50,N/A,N/A,N/A,Planner (Thấp),data/google_planner/can-tho/Keyword Stats 2026-02-23 at 11_18_37.csv,Viết guide/review; ưu tiên long-tail; tạo topic hub và internal link về trang dịch vụ,B,50.0,0%,0
những điểm nên đến ở cần thơ,Tổng hợp Cần Thơ,Tổng hợp,In-scope Cần Thơ,Informational,50,N/A,N/A,N/A,Planner (Thấp),data/google_planner/can-tho/Keyword Stats 2026-02-23 at 11_18_37.csv,Viết guide/review; ưu tiên long-tail; tạo topic hub và internal link về trang dịch vụ,B,50.0,0%,0
những điểm tham quan cần thơ,Tổng hợp Cần Thơ,Tổng hợp,In-scope Cần Thơ,Informational,50,N/A,N/A,N/A,Planner (Thấp),data/google_planner/can-tho/Keyword Stats 2026-02-23 at 11_18_37.csv,Viết guide/review; ưu tiên long-tail; tạo topic hub và internal link về trang dịch vụ,B,50.0,0%,0
những điểm tham quan tại cần thơ,Tổng hợp Cần Thơ,Tổng hợp,In-scope Cần Thơ,Informational,50,N/A,N/A,N/A,Planner (Trung bình),data/google_planner/can-tho/Keyword Stats 2026-02-23 at 11_18_37.csv,Viết guide/review; ưu tiên long-tail; tạo topic hub và internal link về trang dịch vụ,B,50.0,0%,0
những điểm vui chơi cần thơ,Tổng hợp Cần Thơ,Tổng hợp,In-scope Cần Thơ,Informational,50,N/A,N/A,N/A,Planner (Thấp),data/google_planner/can-tho/Keyword Stats 2026-02-23 at 11_18_37.csv,Viết guide/review; ưu tiên long-tail; tạo topic hub và internal link về trang dịch vụ,B,50.0,0%,0
những điểm vui chơi tại cần thơ,Tổng hợp Cần Thơ,Tổng hợp,In-scope Cần Thơ,Informational,50,N/A,N/A,N/A,Planner (Thấp),data/google_planner/can-tho/Keyword Stats 2026-02-23 at 11_18_37.csv,Viết guide/review; ưu tiên long-tail; tạo topic hub và internal link về trang dịch vụ,B,50.0,0%,0
những điểm ăn chơi ở cần thơ,Tổng hợp Cần Thơ,Tổng hợp,In-scope Cần Thơ,Informational,50,N/A,N/A,N/A,Planner (Thấp),data/google_planner/can-tho/Keyword Stats 2026-02-23 at 11_18_37.csv,Viết guide/review; ưu tiên long-tail; tạo topic hub và internal link về trang dịch vụ,B,50.0,0%,0
những điểm đi chơi ở cần thơ,Tổng hợp Cần Thơ,Tổng hợp,In-scope Cần Thơ,Informational,50,N/A,N/A,N/A,Planner (Thấp),data/google_planner/can-tho/Keyword Stats 2026-02-23 at 11_18_37.csv,Viết guide/review; ưu tiên long-tail; tạo topic hub và internal link về trang dịch vụ,B,50.0,0%,0
những điểm đẹp ở cần thơ,Tổng hợp Cần Thơ,Tổng hợp,In-scope Cần Thơ,Informational,50,N/A,N/A,N/A,Planner (Thấp),data/google_planner/can-tho/Keyword Stats 2026-02-23 at 11_18_37.csv,Viết guide/review; ưu tiên long-tail; tạo topic hub và internal link về trang dịch vụ,B,50.0,0%,0
những điểm đến cần thơ,Tổng hợp Cần Thơ,Tổng hợp,In-scope Cần Thơ,Informational,50,N/A,N/A,N/A,Planner (Không xác định),data/google_planner/can-tho/Keyword Stats 2026-02-23 at 11_18_37.csv,Viết guide/review; ưu tiên long-tail; tạo topic hub và internal link về trang dịch vụ,B,50.0,-100.0%,0
những điểm đến ở cần thơ,Tổng hợp Cần Thơ,Tổng hợp,In-scope Cần Thơ,Informational,50,N/A,N/A,N/A,Planner (Không xác định),data/google_planner/can-tho/Keyword Stats 2026-02-23 at 11_18_37.csv,Viết guide/review; ưu tiên long-tail; tạo topic hub và internal link về trang dịch vụ,B,50.0,-100.0%,0
những địa danh nổi tiếng ở cần thơ,Tổng hợp Cần Thơ,Tổng hợp,In-scope Cần Thơ,Informational,50,N/A,N/A,N/A,Planner (Thấp),data/google_planner/can-tho/Keyword Stats 2026-02-23 at 11_18_37.csv,Viết guide/review; ưu tiên long-tail; tạo topic hub và internal link về trang dịch vụ,B,50.0,0%,0
những địa điểm chơi ở cần thơ,Tổng hợp Cần Thơ,Tổng hợp,In-scope Cần Thơ,Informational,50,N/A,N/A,N/A,Planner (Thấp),data/google_planner/can-tho/Keyword Stats 2026-02-23 at 11_18_37.csv,Viết guide/review; ưu tiên long-tail; tạo topic hub và internal link về trang dịch vụ,B,50.0,0%,0
những địa điểm du lịch gần cần thơ,Tổng hợp Cần Thơ,Tổng hợp,In-scope Cần Thơ,Informational,50,N/A,N/A,N/A,Planner (Thấp),data/google_planner/can-tho/Keyword Stats 2026-02-23 at 11_18_37.csv,Viết guide/review; ưu tiên long-tail; tạo topic hub và internal link về trang dịch vụ,B,50.0,0%,0
những địa điểm du lịch nổi tiếng ở cần thơ,Tổng hợp Cần Thơ,Tổng hợp,In-scope Cần Thơ,Informational,50,N/A,N/A,N/A,Planner (Thấp),data/google_planner/can-tho/Keyword Stats 2026-02-23 at 11_18_37.csv,Viết guide/review; ưu tiên long-tail; tạo topic hub và internal link về trang dịch vụ,B,50.0,0%,0
những địa điểm du lịch tại cần thơ,Tổng hợp Cần Thơ,Tổng hợp,In-scope Cần Thơ,Informational,50,N/A,N/A,N/A,Planner (Thấp),data/google_planner/can-tho/Keyword Stats 2026-02-23 at 11_18_37.csv,Viết guide/review; ưu tiên long-tail; tạo topic hub và internal link về trang dịch vụ,B,50.0,0%,0
những địa điểm du lịch đẹp ở cần thơ,Tổng hợp Cần Thơ,Tổng hợp,In-scope Cần Thơ,Informational,50,N/A,N/A,N/A,Planner (Thấp),data/google_planner/can-tho/Keyword Stats 2026-02-23 at 11_18_37.csv,Viết guide/review; ưu tiên long-tail; tạo topic hub và internal link về trang dịch vụ,B,50.0,0%,0
những địa điểm khu vui chơi ở cần thơ,Tổng hợp Cần Thơ,Tổng hợp,In-scope Cần Thơ,Informational,50,N/A,N/A,N/A,Planner (Không xác định),data/google_planner/can-tho/Keyword Stats 2026-02-23 at 11_18_37.csv,Viết guide/review; ưu tiên long-tail; tạo topic hub và internal link về trang dịch vụ,B,50.0,-100.0%,0
những địa điểm nên đi ở cần thơ,Tổng hợp Cần Thơ,Tổng hợp,In-scope Cần Thơ,Informational,50,N/A,N/A,N/A,Planner (Thấp),data/google_planner/can-tho/Keyword Stats 2026-02-23 at 11_18_37.csv,Viết guide/review; ưu tiên long-tail; tạo topic hub và internal link về trang dịch vụ,B,50.0,0%,0
những địa điểm nên đến ở cần thơ,Tổng hợp Cần Thơ,Tổng hợp,In-scope Cần Thơ,Informational,50,N/A,N/A,N/A,Planner (Thấp),data/google_planner/can-tho/Keyword Stats 2026-02-23 at 11_18_37.csv,Viết guide/review; ưu tiên long-tail; tạo topic hub và internal link về trang dịch vụ,B,50.0,0%,0
những địa điểm nổi tiếng ở cần thơ,Tổng hợp Cần Thơ,Tổng hợp,In-scope Cần Thơ,Informational,50,N/A,N/A,N/A,Planner (Thấp),data/google_planner/can-tho/Keyword Stats 2026-02-23 at 11_18_37.csv,Viết guide/review; ưu tiên long-tail; tạo topic hub và internal link về trang dịch vụ,B,50.0,0%,0
những địa điểm tham quan ở cần thơ,Tổng hợp Cần Thơ,Tổng hợp,In-scope Cần Thơ,Informational,50,N/A,N/A,N/A,Planner (Thấp),data/google_planner/can-tho/Keyword Stats 2026-02-23 at 11_18_37.csv,Viết guide/review; ưu tiên long-tail; tạo topic hub và internal link về trang dịch vụ,B,50.0,0%,0
những địa điểm vui chơi cần thơ,Tổng hợp Cần Thơ,Tổng hợp,In-scope Cần Thơ,Informational,50,N/A,N/A,N/A,Planner (Thấp),data/google_planner/can-tho/Keyword Stats 2026-02-23 at 11_18_37.csv,Viết guide/review; ưu tiên long-tail; tạo topic hub và internal link về trang dịch vụ,B,50.0,0%,0
những địa điểm vui chơi tại cần thơ,Tổng hợp Cần Thơ,Tổng hợp,In-scope Cần Thơ,Informational,50,N/A,N/A,N/A,Planner (Thấp),data/google_planner/can-tho/Keyword Stats 2026-02-23 at 11_18_37.csv,Viết guide/review; ưu tiên long-tail; tạo topic hub và internal link về trang dịch vụ,B,50.0,0%,0
những địa điểm vui chơi ở cần thơ,Tổng hợp Cần Thơ,Tổng hợp,In-scope Cần Thơ,Informational,50,N/A,N/A,N/A,Planner (Thấp),data/google_planner/can-tho/Keyword Stats 2026-02-23 at 11_18_37.csv,Viết guide/review; ưu tiên long-tail; tạo topic hub và internal link về trang dịch vụ,B,50.0,0%,0
những địa điểm ăn chơi ở cần thơ,Tổng hợp Cần Thơ,Tổng hợp,In-scope Cần Thơ,Informational,50,N/A,N/A,N/A,Planner (Thấp),data/google_planner/can-tho/Keyword Stats 2026-02-23 at 11_18_37.csv,Viết guide/review; ưu tiên long-tail; tạo topic hub và internal link về trang dịch vụ,B,50.0,0%,0
những địa điểm đi chơi ở cần thơ,Tổng hợp Cần Thơ,Tổng hợp,In-scope Cần Thơ,Informational,50,N/A,N/A,N/A,Planner (Thấp),data/google_planner/can-tho/Keyword Stats 2026-02-23 at 11_18_37.csv,Viết guide/review; ưu tiên long-tail; tạo topic hub và internal link về trang dịch vụ,B,50.0,0%,0
novotel cần thơ,Tổng hợp Cần Thơ,Tổng hợp,In-scope Cần Thơ,Informational,50,N/A,N/A,N/A,Planner (Thấp),data/google_planner/can-tho/Keyword Stats 2026-02-23 at 11_18_37.csv,Viết guide/review; ưu tiên long-tail; tạo topic hub và internal link về trang dịch vụ,B,50.0,0%,0
nơi vui chơi ở cần thơ,Tổng hợp Cần Thơ,Tổng hợp,In-scope Cần Thơ,Informational,50,N/A,N/A,N/A,Planner (Thấp),data/google_planner/can-tho/Keyword Stats 2026-02-23 at 11_18_37.csv,Viết guide/review; ưu tiên long-tail; tạo topic hub và internal link về trang dịch vụ,B,50.0,0%,0
nơi đi chơi ở cần thơ,Tổng hợp Cần Thơ,Tổng hợp,In-scope Cần Thơ,Informational,50,N/A,N/A,N/A,Planner (Thấp),data/google_planner/can-tho/Keyword Stats 2026-02-23 at 11_18_37.csv,Viết guide/review; ưu tiên long-tail; tạo topic hub và internal link về trang dịch vụ,B,50.0,0%,0
o can tho co gi choi,Tổng hợp Cần Thơ,Tổng hợp,In-scope Cần Thơ,Informational,50,N/A,N/A,N/A,Planner (Không xác định),data/google_planner/can-tho/Keyword Stats 2026-02-23 at 11_18_37.csv,Viết guide/review; ưu tiên long-tail; tạo topic hub và internal link về trang dịch vụ,B,50.0,0%,0
ong de can tho,Tổng hợp Cần Thơ,Tổng hợp,In-scope Cần Thơ,Informational,50,N/A,N/A,N/A,Planner (Thấp),data/google_planner/can-tho/Keyword Stats 2026-02-23 at 11_18_37.csv,Viết guide/review; ưu tiên long-tail; tạo topic hub và internal link về trang dịch vụ,B,50.0,0%,0
phòng vinpearl cần thơ,Tổng hợp Cần Thơ,Tổng hợp,In-scope Cần Thơ,Informational,50,N/A,N/A,N/A,Planner (Thấp),data/google_planner/can-tho/Keyword Stats 2026-02-23 at 11_18_37.csv,Viết guide/review; ưu tiên long-tail; tạo topic hub và internal link về trang dịch vụ,B,50.0,0%,0
phố ẩm thực cần thơ,Tổng hợp Cần Thơ,Tổng hợp,In-scope Cần Thơ,Informational,50,N/A,N/A,N/A,Planner (Thấp),data/google_planner/can-tho/Keyword Stats 2026-02-23 at 11_18_37.csv,Viết guide/review; ưu tiên long-tail; tạo topic hub và internal link về trang dịch vụ,B,50.0,0%,0
reddoorz cần thơ,Tổng hợp Cần Thơ,Tổng hợp,In-scope Cần Thơ,Informational,50,N/A,N/A,N/A,Planner (Cao),data/google_planner/can-tho/Keyword Stats 2026-02-23 at 11_18_37.csv,Viết guide/review; ưu tiên long-tail; tạo topic hub và internal link về trang dịch vụ,B,50.0,0%,0
review mường thanh cần thơ,Tổng hợp Cần Thơ,Tổng hợp,In-scope Cần Thơ,Commercial Investigation,50,N/A,N/A,N/A,Planner (Trung bình),data/google_planner/can-tho/Keyword Stats 2026-02-23 at 11_18_37.csv,Viết bài top-list/so sánh; map vào cluster hub; bổ sung schema + ảnh/UGC,B,50.0,0%,0
rừng tràm cần thơ,Tổng hợp Cần Thơ,Tổng hợp,In-scope Cần Thơ,Informational,50,N/A,N/A,N/A,Planner (Thấp),data/google_planner/can-tho/Keyword Stats 2026-02-23 at 11_18_37.csv,Viết guide/review; ưu tiên long-tail; tạo topic hub và internal link về trang dịch vụ,B,50.0,0%,0
sinh thái cần thơ,Tổng hợp Cần Thơ,Tổng hợp,In-scope Cần Thơ,Informational,50,N/A,N/A,N/A,Planner (Thấp),data/google_planner/can-tho/Keyword Stats 2026-02-23 at 11_18_37.csv,Viết guide/review; ưu tiên long-tail; tạo topic hub và internal link về trang dịch vụ,B,50.0,0%,0
sky bar mường thanh cần thơ,Tổng hợp Cần Thơ,Tổng hợp,In-scope Cần Thơ,Informational,50,N/A,N/A,N/A,Planner (Thấp),data/google_planner/can-tho/Keyword Stats 2026-02-23 at 11_18_37.csv,Viết guide/review; ưu tiên long-tail; tạo topic hub và internal link về trang dịch vụ,B,50.0,0%,0
song nuoc can tho,Tổng hợp Cần Thơ,Tổng hợp,In-scope Cần Thơ,Informational,50,N/A,N/A,N/A,Planner (Thấp),data/google_planner/can-tho/Keyword Stats 2026-02-23 at 11_18_37.csv,Viết guide/review; ưu tiên long-tail; tạo topic hub và internal link về trang dịch vụ,B,50.0,0%,0
thiền viện cần thơ,Tổng hợp Cần Thơ,Tổng hợp,In-scope Cần Thơ,Informational,50,N/A,N/A,N/A,Planner (Thấp),data/google_planner/can-tho/Keyword Stats 2026-02-23 at 11_18_37.csv,Viết guide/review; ưu tiên long-tail; tạo topic hub và internal link về trang dịch vụ,B,50.0,0%,0
tua cần thơ côn đảo,Tổng hợp Cần Thơ,Tổng hợp,In-scope Cần Thơ,Informational,50,N/A,N/A,N/A,Planner (Không xác định),data/google_planner/can-tho/Keyword Stats 2026-02-23 at 11_18_37.csv,Viết guide/review; ưu tiên long-tail; tạo topic hub và internal link về trang dịch vụ,B,50.0,0%,0
tua du lịch cần thơ côn đảo,Tổng hợp Cần Thơ,Tổng hợp,In-scope Cần Thơ,Informational,50,N/A,N/A,N/A,Planner (Trung bình),data/google_planner/can-tho/Keyword Stats 2026-02-23 at 11_18_37.csv,Viết guide/review; ưu tiên long-tail; tạo topic hub và internal link về trang dịch vụ,B,50.0,0%,0
tài nguyên du lịch cần thơ,Tổng hợp Cần Thơ,Tổng hợp,In-scope Cần Thơ,Informational,50,N/A,N/A,N/A,Planner (Thấp),data/google_planner/can-tho/Keyword Stats 2026-02-23 at 11_18_37.csv,Viết guide/review; ưu tiên long-tail; tạo topic hub và internal link về trang dịch vụ,B,50.0,0%,0
tài nguyên du lịch tự nhiên ở cần thơ,Tổng hợp Cần Thơ,Tổng hợp,In-scope Cần Thơ,Informational,50,N/A,N/A,N/A,Planner (Thấp),data/google_planner/can-tho/Keyword Stats 2026-02-23 at 11_18_37.csv,Viết guide/review; ưu tiên long-tail; tạo topic hub và internal link về trang dịch vụ,B,50.0,0%,0
tài nguyên du lịch ở cần thơ,Tổng hợp Cần Thơ,Tổng hợp,In-scope Cần Thơ,Informational,50,N/A,N/A,N/A,Planner (Thấp),data/google_planner/can-tho/Keyword Stats 2026-02-23 at 11_18_37.csv,Viết guide/review; ưu tiên long-tail; tạo topic hub và internal link về trang dịch vụ,B,50.0,0%,0
từ cần thơ đi các tỉnh miền tây,Tổng hợp Cần Thơ,Tổng hợp,In-scope Cần Thơ,Informational,50,N/A,N/A,N/A,Planner (Thấp),data/google_planner/can-tho/Keyword Stats 2026-02-23 at 11_18_37.csv,Viết guide/review; ưu tiên long-tail; tạo topic hub và internal link về trang dịch vụ,B,50.0,0%,0
từ cần thơ đi rừng tràm trà sư,Tổng hợp Cần Thơ,Tổng hợp,In-scope Cần Thơ,Informational,50,N/A,N/A,N/A,Planner (Thấp),data/google_planner/can-tho/Keyword Stats 2026-02-23 at 11_18_37.csv,Viết guide/review; ưu tiên long-tail; tạo topic hub và internal link về trang dịch vụ,B,50.0,0%,0
vinpearl cần thơ giá phòng,Tổng hợp Cần Thơ,Tổng hợp,In-scope Cần Thơ,Transaction,50,N/A,N/A,N/A,Planner (Cao),data/google_planner/can-tho/Keyword Stats 2026-02-23 at 11_18_37.csv,"Tạo landing chuyển đổi (giá/vé/đặt chỗ), gom vào cluster page + build backlink nội bộ",B,50.0,0%,0
vinpearl cần thơ địa chỉ,Tổng hợp Cần Thơ,Tổng hợp,In-scope Cần Thơ,Informational,50,N/A,N/A,N/A,Planner (Trung bình),data/google_planner/can-tho/Keyword Stats 2026-02-23 at 11_18_37.csv,Viết guide/review; ưu tiên long-tail; tạo topic hub và internal link về trang dịch vụ,B,50.0,0%,0
voucher azerai cần thơ,Tổng hợp Cần Thơ,Tổng hợp,In-scope Cần Thơ,Transaction,50,N/A,N/A,N/A,Planner (Không xác định),data/google_planner/can-tho/Keyword Stats 2026-02-23 at 11_18_37.csv,"Tạo landing chuyển đổi (giá/vé/đặt chỗ), gom vào cluster page + build backlink nội bộ",B,50.0,0%,0
văn hóa ẩm thực cần thơ,Tổng hợp Cần Thơ,Tổng hợp,In-scope Cần Thơ,Informational,50,N/A,N/A,N/A,Planner (Thấp),data/google_planner/can-tho/Keyword Stats 2026-02-23 at 11_18_37.csv,Viết guide/review; ưu tiên long-tail; tạo topic hub và internal link về trang dịch vụ,B,50.0,0%,0
vườn chim cần thơ,Tổng hợp Cần Thơ,Tổng hợp,In-scope Cần Thơ,Informational,50,N/A,N/A,N/A,Planner (Thấp),data/google_planner/can-tho/Keyword Stats 2026-02-23 at 11_18_37.csv,Viết guide/review; ưu tiên long-tail; tạo topic hub và internal link về trang dịch vụ,B,50.0,0%,0
xẻo nhum cần thơ,Tổng hợp Cần Thơ,Tổng hợp,In-scope Cần Thơ,Informational,50,N/A,N/A,N/A,Planner (Thấp),data/google_planner/can-tho/Keyword Stats 2026-02-23 at 11_18_37.csv,Viết guide/review; ưu tiên long-tail; tạo topic hub và internal link về trang dịch vụ,B,50.0,0%,0
ông đề cần thơ giá vé,Tổng hợp Cần Thơ,Tổng hợp,In-scope Cần Thơ,Transaction,50,N/A,N/A,N/A,Planner (Thấp),data/google_planner/can-tho/Keyword Stats 2026-02-23 at 11_18_37.csv,"Tạo landing chuyển đổi (giá/vé/đặt chỗ), gom vào cluster page + build backlink nội bộ",B,50.0,0%,0
ông đề ở cần thơ,Tổng hợp Cần Thơ,Tổng hợp,In-scope Cần Thơ,Informational,50,N/A,N/A,N/A,Planner (Thấp),data/google_planner/can-tho/Keyword Stats 2026-02-23 at 11_18_37.csv,Viết guide/review; ưu tiên long-tail; tạo topic hub và internal link về trang dịch vụ,B,50.0,0%,0
đi chơi đêm ở cần thơ,Tổng hợp Cần Thơ,Tổng hợp,In-scope Cần Thơ,Informational,50,N/A,N/A,N/A,Planner (Thấp),data/google_planner/can-tho/Keyword Stats 2026-02-23 at 11_18_37.csv,Viết guide/review; ưu tiên long-tail; tạo topic hub và internal link về trang dịch vụ,B,50.0,0%,0
đi cần thơ tự túc,Tổng hợp Cần Thơ,Tổng hợp,In-scope Cần Thơ,Informational,50,N/A,N/A,N/A,Planner (Trung bình),data/google_planner/can-tho/Keyword Stats 2026-02-23 at 11_18_37.csv,Viết guide/review; ưu tiên long-tail; tạo topic hub và internal link về trang dịch vụ,B,50.0,0%,0
đi hòn sơn từ cần thơ,Tổng hợp Cần Thơ,Tổng hợp,In-scope Cần Thơ,Informational,50,N/A,N/A,N/A,Planner (Thấp),data/google_planner/can-tho/Keyword Stats 2026-02-23 at 11_18_37.csv,Viết guide/review; ưu tiên long-tail; tạo topic hub và internal link về trang dịch vụ,B,50.0,0%,0
đi rừng tràm trà sư từ cần thơ,Tổng hợp Cần Thơ,Tổng hợp,In-scope Cần Thơ,Informational,50,N/A,N/A,N/A,Planner (Trung bình),data/google_planner/can-tho/Keyword Stats 2026-02-23 at 11_18_37.csv,Viết guide/review; ưu tiên long-tail; tạo topic hub và internal link về trang dịch vụ,B,50.0,0%,0
điểm chơi cần thơ,Tổng hợp Cần Thơ,Tổng hợp,In-scope Cần Thơ,Informational,50,N/A,N/A,N/A,Planner (Thấp),data/google_planner/can-tho/Keyword Stats 2026-02-23 at 11_18_37.csv,Viết guide/review; ưu tiên long-tail; tạo topic hub và internal link về trang dịch vụ,B,50.0,0%,0
điểm chơi ở cần thơ,Tổng hợp Cần Thơ,Tổng hợp,In-scope Cần Thơ,Informational,50,N/A,N/A,N/A,Planner (Thấp),data/google_planner/can-tho/Keyword Stats 2026-02-23 at 11_18_37.csv,Viết guide/review; ưu tiên long-tail; tạo topic hub và internal link về trang dịch vụ,B,50.0,0%,0
điểm du lịch cần thơ 2022,Tổng hợp Cần Thơ,Tổng hợp,In-scope Cần Thơ,Informational,50,N/A,N/A,N/A,Planner (Không xác định),data/google_planner/can-tho/Keyword Stats 2026-02-23 at 11_18_37.csv,Viết guide/review; ưu tiên long-tail; tạo topic hub và internal link về trang dịch vụ,B,50.0,0%,0
điểm du lịch gần cần thơ,Tổng hợp Cần Thơ,Tổng hợp,In-scope Cần Thơ,Informational,50,N/A,N/A,N/A,Planner (Thấp),data/google_planner/can-tho/Keyword Stats 2026-02-23 at 11_18_37.csv,Viết guide/review; ưu tiên long-tail; tạo topic hub và internal link về trang dịch vụ,B,50.0,0%,0
điểm du lịch mới ở cần thơ,Tổng hợp Cần Thơ,Tổng hợp,In-scope Cần Thơ,Informational,50,N/A,N/A,N/A,Planner (Thấp),data/google_planner/can-tho/Keyword Stats 2026-02-23 at 11_18_37.csv,Viết guide/review; ưu tiên long-tail; tạo topic hub và internal link về trang dịch vụ,B,50.0,0%,0
điểm du lịch nổi tiếng ở cần thơ,Tổng hợp Cần Thơ,Tổng hợp,In-scope Cần Thơ,Informational,50,N/A,N/A,N/A,Planner (Thấp),data/google_planner/can-tho/Keyword Stats 2026-02-23 at 11_18_37.csv,Viết guide/review; ưu tiên long-tail; tạo topic hub và internal link về trang dịch vụ,B,50.0,0%,0
điểm du lịch thành phố cần thơ,Tổng hợp Cần Thơ,Tổng hợp,In-scope Cần Thơ,Informational,50,N/A,N/A,N/A,Planner (Thấp),data/google_planner/can-tho/Keyword Stats 2026-02-23 at 11_18_37.csv,Viết guide/review; ưu tiên long-tail; tạo topic hub và internal link về trang dịch vụ,B,50.0,0%,0
điểm tham quan du lịch cần thơ,Tổng hợp Cần Thơ,Tổng hợp,In-scope Cần Thơ,Informational,50,N/A,N/A,N/A,Planner (Thấp),data/google_planner/can-tho/Keyword Stats 2026-02-23 at 11_18_37.csv,Viết guide/review; ưu tiên long-tail; tạo topic hub và internal link về trang dịch vụ,B,50.0,0%,0
điểm tham quan tại cần thơ,Tổng hợp Cần Thơ,Tổng hợp,In-scope Cần Thơ,Informational,50,N/A,N/A,N/A,Planner (Thấp),data/google_planner/can-tho/Keyword Stats 2026-02-23 at 11_18_37.csv,Viết guide/review; ưu tiên long-tail; tạo topic hub và internal link về trang dịch vụ,B,50.0,0%,0
điểm vui chơi ở cần thơ,Tổng hợp Cần Thơ,Tổng hợp,In-scope Cần Thơ,Informational,50,N/A,N/A,N/A,Planner (Thấp),data/google_planner/can-tho/Keyword Stats 2026-02-23 at 11_18_37.csv,Viết guide/review; ưu tiên long-tail; tạo topic hub và internal link về trang dịch vụ,B,50.0,0%,0
điểm ăn chơi cần thơ,Tổng hợp Cần Thơ,Tổng hợp,In-scope Cần Thơ,Informational,50,N/A,N/A,N/A,Planner (Thấp),data/google_planner/can-tho/Keyword Stats 2026-02-23 at 11_18_37.csv,Viết guide/review; ưu tiên long-tail; tạo topic hub và internal link về trang dịch vụ,B,50.0,0%,0
điểm ăn chơi ở cần thơ,Tổng hợp Cần Thơ,Tổng hợp,In-scope Cần Thơ,Informational,50,N/A,N/A,N/A,Planner (Thấp),data/google_planner/can-tho/Keyword Stats 2026-02-23 at 11_18_37.csv,Viết guide/review; ưu tiên long-tail; tạo topic hub và internal link về trang dịch vụ,B,50.0,0%,0
điểm đi chơi cần thơ,Tổng hợp Cần Thơ,Tổng hợp,In-scope Cần Thơ,Informational,50,N/A,N/A,N/A,Planner (Thấp),data/google_planner/can-tho/Keyword Stats 2026-02-23 at 11_18_37.csv,Viết guide/review; ưu tiên long-tail; tạo topic hub và internal link về trang dịch vụ,B,50.0,0%,0
điểm đi chơi ở cần thơ,Tổng hợp Cần Thơ,Tổng hợp,In-scope Cần Thơ,Informational,50,N/A,N/A,N/A,Planner (Thấp),data/google_planner/can-tho/Keyword Stats 2026-02-23 at 11_18_37.csv,Viết guide/review; ưu tiên long-tail; tạo topic hub và internal link về trang dịch vụ,B,50.0,0%,0
điểm đến cầu cần thơ,Tổng hợp Cần Thơ,Tổng hợp,In-scope Cần Thơ,Informational,50,N/A,N/A,N/A,Planner (Thấp),data/google_planner/can-tho/Keyword Stats 2026-02-23 at 11_18_37.csv,Viết guide/review; ưu tiên long-tail; tạo topic hub và internal link về trang dịch vụ,B,50.0,-90.0%,0
điểm đến thành phố cần thơ,Tổng hợp Cần Thơ,Tổng hợp,In-scope Cần Thơ,Informational,50,N/A,N/A,N/A,Planner (Thấp),data/google_planner/can-tho/Keyword Stats 2026-02-23 at 11_18_37.csv,Viết guide/review; ưu tiên long-tail; tạo topic hub và internal link về trang dịch vụ,B,50.0,0%,0
đêm cần thơ,Tổng hợp Cần Thơ,Tổng hợp,In-scope Cần Thơ,Informational,50,N/A,N/A,N/A,Planner (Thấp),data/google_planner/can-tho/Keyword Stats 2026-02-23 at 11_18_37.csv,Viết guide/review; ưu tiên long-tail; tạo topic hub và internal link về trang dịch vụ,B,50.0,0%,0
địa chỉ chợ đêm cần thơ,Tổng hợp Cần Thơ,Tổng hợp,In-scope Cần Thơ,Informational,50,N/A,N/A,N/A,Planner (Thấp),data/google_planner/can-tho/Keyword Stats 2026-02-23 at 11_18_37.csv,Viết guide/review; ưu tiên long-tail; tạo topic hub và internal link về trang dịch vụ,B,50.0,0%,0
địa chỉ du lịch cần thơ,Tổng hợp Cần Thơ,Tổng hợp,In-scope Cần Thơ,Informational,50,N/A,N/A,N/A,Planner (Trung bình),data/google_planner/can-tho/Keyword Stats 2026-02-23 at 11_18_37.csv,Viết guide/review; ưu tiên long-tail; tạo topic hub và internal link về trang dịch vụ,B,50.0,0%,0
địa chỉ vinpearl cần thơ,Tổng hợp Cần Thơ,Tổng hợp,In-scope Cần Thơ,Informational,50,N/A,N/A,N/A,Planner (Không xác định),data/google_planner/can-tho/Keyword Stats 2026-02-23 at 11_18_37.csv,Viết guide/review; ưu tiên long-tail; tạo topic hub và internal link về trang dịch vụ,B,50.0,-100.0%,0
địa danh cần thơ,Tổng hợp Cần Thơ,Tổng hợp,In-scope Cần Thơ,Informational,50,N/A,N/A,N/A,Planner (Thấp),data/google_planner/can-tho/Keyword Stats 2026-02-23 at 11_18_37.csv,Viết guide/review; ưu tiên long-tail; tạo topic hub và internal link về trang dịch vụ,B,50.0,0%,0
địa danh nổi tiếng cần thơ,Tổng hợp Cần Thơ,Tổng hợp,In-scope Cần Thơ,Informational,50,N/A,N/A,N/A,Planner (Thấp),data/google_planner/can-tho/Keyword Stats 2026-02-23 at 11_18_37.csv,Viết guide/review; ưu tiên long-tail; tạo topic hub và internal link về trang dịch vụ,B,50.0,0%,0
địa danh nổi tiếng của cần thơ,Tổng hợp Cần Thơ,Tổng hợp,In-scope Cần Thơ,Informational,50,N/A,N/A,N/A,Planner (Thấp),data/google_planner/can-tho/Keyword Stats 2026-02-23 at 11_18_37.csv,Viết guide/review; ưu tiên long-tail; tạo topic hub và internal link về trang dịch vụ,B,50.0,0%,0
địa danh ở cần thơ,Tổng hợp Cần Thơ,Tổng hợp,In-scope Cần Thơ,Informational,50,N/A,N/A,N/A,Planner (Thấp),data/google_planner/can-tho/Keyword Stats 2026-02-23 at 11_18_37.csv,Viết guide/review; ưu tiên long-tail; tạo topic hub và internal link về trang dịch vụ,B,50.0,0%,0
địa điểm cần thơ du lich,Tổng hợp Cần Thơ,Tổng hợp,In-scope Cần Thơ,Informational,50,N/A,N/A,N/A,Planner (Thấp),data/google_planner/can-tho/Keyword Stats 2026-02-23 at 11_18_37.csv,Viết guide/review; ưu tiên long-tail; tạo topic hub và internal link về trang dịch vụ,B,50.0,0%,0
địa điểm du lịch cần thơ 2021,Tổng hợp Cần Thơ,Tổng hợp,In-scope Cần Thơ,Informational,50,N/A,N/A,N/A,Planner (Không xác định),data/google_planner/can-tho/Keyword Stats 2026-02-23 at 11_18_37.csv,Viết guide/review; ưu tiên long-tail; tạo topic hub và internal link về trang dịch vụ,B,50.0,0%,0
địa điểm du lịch cần thơ 2022,Tổng hợp Cần Thơ,Tổng hợp,In-scope Cần Thơ,Informational,50,N/A,N/A,N/A,Planner (Không xác định),data/google_planner/can-tho/Keyword Stats 2026-02-23 at 11_18_37.csv,Viết guide/review; ưu tiên long-tail; tạo topic hub và internal link về trang dịch vụ,B,50.0,0%,0
địa điểm du lịch gần cần thơ,Tổng hợp Cần Thơ,Tổng hợp,In-scope Cần Thơ,Informational,50,N/A,N/A,N/A,Planner (Thấp),data/google_planner/can-tho/Keyword Stats 2026-02-23 at 11_18_37.csv,Viết guide/review; ưu tiên long-tail; tạo topic hub và internal link về trang dịch vụ,B,50.0,0%,0
địa điểm du lịch nổi tiếng ở cần thơ,Tổng hợp Cần Thơ,Tổng hợp,In-scope Cần Thơ,Informational,50,N/A,N/A,N/A,Planner (Thấp),data/google_planner/can-tho/Keyword Stats 2026-02-23 at 11_18_37.csv,Viết guide/review; ưu tiên long-tail; tạo topic hub và internal link về trang dịch vụ,B,50.0,0%,0
địa điểm dã ngoại ở cần thơ,Tổng hợp Cần Thơ,Tổng hợp,In-scope Cần Thơ,Informational,50,N/A,N/A,N/A,Planner (Thấp),data/google_planner/can-tho/Keyword Stats 2026-02-23 at 11_18_37.csv,Viết guide/review; ưu tiên long-tail; tạo topic hub và internal link về trang dịch vụ,B,50.0,0%,0
địa điểm khu du lịch cần thơ,Tổng hợp Cần Thơ,Tổng hợp,In-scope Cần Thơ,Informational,50,N/A,N/A,N/A,Planner (Thấp),data/google_planner/can-tho/Keyword Stats 2026-02-23 at 11_18_37.csv,Viết guide/review; ưu tiên long-tail; tạo topic hub và internal link về trang dịch vụ,B,50.0,0%,0
địa điểm nên đi ở cần thơ,Tổng hợp Cần Thơ,Tổng hợp,In-scope Cần Thơ,Informational,50,N/A,N/A,N/A,Planner (Thấp),data/google_planner/can-tho/Keyword Stats 2026-02-23 at 11_18_37.csv,Viết guide/review; ưu tiên long-tail; tạo topic hub và internal link về trang dịch vụ,B,50.0,0%,0
địa điểm nổi tiếng cần thơ,Tổng hợp Cần Thơ,Tổng hợp,In-scope Cần Thơ,Informational,50,N/A,N/A,N/A,Planner (Thấp),data/google_planner/can-tho/Keyword Stats 2026-02-23 at 11_18_37.csv,Viết guide/review; ưu tiên long-tail; tạo topic hub và internal link về trang dịch vụ,B,50.0,0%,0
địa điểm nổi tiếng ở cần thơ,Tổng hợp Cần Thơ,Tổng hợp,In-scope Cần Thơ,Informational,50,N/A,N/A,N/A,Planner (Thấp),data/google_planner/can-tho/Keyword Stats 2026-02-23 at 11_18_37.csv,Viết guide/review; ưu tiên long-tail; tạo topic hub và internal link về trang dịch vụ,B,50.0,-90.0%,0
địa điểm tham quan du lịch ở cần thơ,Tổng hợp Cần Thơ,Tổng hợp,In-scope Cần Thơ,Informational,50,N/A,N/A,N/A,Planner (Thấp),data/google_planner/can-tho/Keyword Stats 2026-02-23 at 11_18_37.csv,Viết guide/review; ưu tiên long-tail; tạo topic hub và internal link về trang dịch vụ,B,50.0,0%,0
địa điểm vui chơi gần cần thơ,Tổng hợp Cần Thơ,Tổng hợp,In-scope Cần Thơ,Informational,50,N/A,N/A,N/A,Planner (Thấp),data/google_planner/can-tho/Keyword Stats 2026-02-23 at 11_18_37.csv,Viết guide/review; ưu tiên long-tail; tạo topic hub và internal link về trang dịch vụ,B,50.0,0%,0
địa điểm vui chơi tại cần thơ,Tổng hợp Cần Thơ,Tổng hợp,In-scope Cần Thơ,Informational,50,N/A,N/A,N/A,Planner (Thấp),data/google_planner/can-tho/Keyword Stats 2026-02-23 at 11_18_37.csv,Viết guide/review; ưu tiên long-tail; tạo topic hub và internal link về trang dịch vụ,B,50.0,0%,0
địa điểm ăn chơi tại cần thơ,Tổng hợp Cần Thơ,Tổng hợp,In-scope Cần Thơ,Informational,50,N/A,N/A,N/A,Planner (Thấp),data/google_planner/can-tho/Keyword Stats 2026-02-23 at 11_18_37.csv,Viết guide/review; ưu tiên long-tail; tạo topic hub và internal link về trang dịch vụ,B,50.0,0%,0
địa điểm ăn chơi ở cần thơ,Tổng hợp Cần Thơ,Tổng hợp,In-scope Cần Thơ,Informational,50,N/A,N/A,N/A,Planner (Thấp),data/google_planner/can-tho/Keyword Stats 2026-02-23 at 11_18_37.csv,Viết guide/review; ưu tiên long-tail; tạo topic hub và internal link về trang dịch vụ,B,50.0,0%,0
địa điểm đi chơi gần cần thơ,Tổng hợp Cần Thơ,Tổng hợp,In-scope Cần Thơ,Informational,50,N/A,N/A,N/A,Planner (Thấp),data/google_planner/can-tho/Keyword Stats 2026-02-23 at 11_18_37.csv,Viết guide/review; ưu tiên long-tail; tạo topic hub và internal link về trang dịch vụ,B,50.0,0%,0
địa điểm đi chơi tại cần thơ,Tổng hợp Cần Thơ,Tổng hợp,In-scope Cần Thơ,Informational,50,N/A,N/A,N/A,Planner (Thấp),data/google_planner/can-tho/Keyword Stats 2026-02-23 at 11_18_37.csv,Viết guide/review; ưu tiên long-tail; tạo topic hub và internal link về trang dịch vụ,B,50.0,0%,0
địa điểm đi chơi tết ở cần thơ,Tổng hợp Cần Thơ,Tổng hợp,In-scope Cần Thơ,Informational,50,N/A,N/A,N/A,Planner (Thấp),data/google_planner/can-tho/Keyword Stats 2026-02-23 at 11_18_37.csv,Viết guide/review; ưu tiên long-tail; tạo topic hub và internal link về trang dịch vụ,B,50.0,0%,0
địa điểm đẹp cần thơ,Tổng hợp Cần Thơ,Tổng hợp,In-scope Cần Thơ,Informational,50,N/A,N/A,N/A,Planner (Thấp),data/google_planner/can-tho/Keyword Stats 2026-02-23 at 11_18_37.csv,Viết guide/review; ưu tiên long-tail; tạo topic hub và internal link về trang dịch vụ,B,50.0,0%,0
địa điểm đẹp ở cần thơ,Tổng hợp Cần Thơ,Tổng hợp,In-scope Cần Thơ,Informational,50,N/A,N/A,N/A,Planner (Thấp),data/google_planner/can-tho/Keyword Stats 2026-02-23 at 11_18_37.csv,Viết guide/review; ưu tiên long-tail; tạo topic hub và internal link về trang dịch vụ,B,50.0,0%,0
địa điểm ở cần thơ,Tổng hợp Cần Thơ,Tổng hợp,In-scope Cần Thơ,Informational,50,N/A,N/A,N/A,Planner (Thấp),data/google_planner/can-tho/Keyword Stats 2026-02-23 at 11_18_37.csv,Viết guide/review; ưu tiên long-tail; tạo topic hub và internal link về trang dịch vụ,B,50.0,0%,0
ẩm thực campuchia cần thơ,Tổng hợp Cần Thơ,Tổng hợp,In-scope Cần Thơ,Informational,50,N/A,N/A,N/A,Planner (Thấp),data/google_planner/can-tho/Keyword Stats 2026-02-23 at 11_18_37.csv,Viết guide/review; ưu tiên long-tail; tạo topic hub và internal link về trang dịch vụ,B,50.0,0%,0
ẩm thực cây sung 325 cần thơ,Tổng hợp Cần Thơ,Tổng hợp,In-scope Cần Thơ,Informational,50,N/A,N/A,N/A,Planner (Thấp),data/google_planner/can-tho/Keyword Stats 2026-02-23 at 11_18_37.csv,Viết guide/review; ưu tiên long-tail; tạo topic hub và internal link về trang dịch vụ,B,50.0,0%,0
ẩm thực miền tây cần thơ,Tổng hợp Cần Thơ,Tổng hợp,In-scope Cần Thơ,Informational,50,N/A,N/A,N/A,Planner (Thấp),data/google_planner/can-tho/Keyword Stats 2026-02-23 at 11_18_37.csv,Viết guide/review; ưu tiên long-tail; tạo topic hub và internal link về trang dịch vụ,B,50.0,0%,0
ẩm thực tại cần thơ,Tổng hợp Cần Thơ,Tổng hợp,In-scope Cần Thơ,Informational,50,N/A,N/A,N/A,Planner (Thấp),data/google_planner/can-tho/Keyword Stats 2026-02-23 at 11_18_37.csv,Viết guide/review; ưu tiên long-tail; tạo topic hub và internal link về trang dịch vụ,B,50.0,0%,0
ẩm thực đồng quê cần thơ,Tổng hợp Cần Thơ,Tổng hợp,In-scope Cần Thơ,Informational,50,N/A,N/A,N/A,Planner (Thấp),data/google_planner/can-tho/Keyword Stats 2026-02-23 at 11_18_37.csv,Viết guide/review; ưu tiên long-tail; tạo topic hub và internal link về trang dịch vụ,B,50.0,0%,0
ẩm thực ở cần thơ,Tổng hợp Cần Thơ,Tổng hợp,In-scope Cần Thơ,Informational,50,N/A,N/A,N/A,Planner (Thấp),data/google_planner/can-tho/Keyword Stats 2026-02-23 at 11_18_37.csv,Viết guide/review; ưu tiên long-tail; tạo topic hub và internal link về trang dịch vụ,B,50.0,0%,0
ở cần thơ có những điểm du lịch nào,Tổng hợp Cần Thơ,Tổng hợp,In-scope Cần Thơ,Informational,50,N/A,N/A,N/A,Planner (Thấp),data/google_planner/can-tho/Keyword Stats 2026-02-23 at 11_18_37.csv,Viết guide/review; ưu tiên long-tail; tạo topic hub và internal link về trang dịch vụ,B,50.0,0%,0
du lịch cần thơ,Tổng hợp Cần Thơ,Tổng hợp,In-scope Cần Thơ,Informational,N/A,N/A,N/A,N/A,Trend SI:7 -3%,data/google_trend/searched_with_top-queries_VN_20250210-1752_20260210-1752.csv,Viết guide/review; ưu tiên long-tail; tạo topic hub và internal link về trang dịch vụ,B,7.0,-3%,N/A
nhà hàng ninh kiều,Ăn uống Cần Thơ,Ẩm thực (F&B),In-scope Cần Thơ,Informational,500,N/A,N/A,N/A,Planner (Thấp),data/google_planner/can-tho/Keyword Stats 2026-02-23 at 11_18_37.csv,Viết guide/review; ưu tiên long-tail; tạo topic hub và internal link về trang dịch vụ,B,500.0,0%,0
quán ăn đặc sản cần thơ,Ăn uống Cần Thơ,Ẩm thực (F&B),In-scope Cần Thơ,Informational,50,N/A,N/A,N/A,Planner (Thấp),data/google_planner/can-tho/Keyword Stats 2026-02-23 at 11_18_37.csv,Viết guide/review; ưu tiên long-tail; tạo topic hub và internal link về trang dịch vụ,B,55.00000000000001,0%,"10,708"
các nhà hàng ngon tại cần thơ,Ăn uống Cần Thơ,Ẩm thực (F&B),In-scope Cần Thơ,Informational,50,N/A,N/A,N/A,Planner (Thấp),data/google_planner/can-tho/Keyword Stats 2026-02-23 at 11_18_37.csv,Viết guide/review; ưu tiên long-tail; tạo topic hub và internal link về trang dịch vụ,B,50.0,0%,0
dia diem du lich an uong o can tho,Ăn uống Cần Thơ,Ẩm thực (F&B),In-scope Cần Thơ,Informational,50,N/A,N/A,N/A,Planner (Không xác định),data/google_planner/can-tho/Keyword Stats 2026-02-23 at 11_18_37.csv,Viết guide/review; ưu tiên long-tail; tạo topic hub và internal link về trang dịch vụ,B,50.0,0%,0
nhà hàng món ăn ngon cần thơ,Ăn uống Cần Thơ,Ẩm thực (F&B),In-scope Cần Thơ,Informational,50,N/A,N/A,N/A,Planner (Không xác định),data/google_planner/can-tho/Keyword Stats 2026-02-23 at 11_18_37.csv,Viết guide/review; ưu tiên long-tail; tạo topic hub và internal link về trang dịch vụ,B,50.0,-100.0%,0
nhà hàng ngon tại cần thơ,Ăn uống Cần Thơ,Ẩm thực (F&B),In-scope Cần Thơ,Informational,50,N/A,N/A,N/A,Planner (Thấp),data/google_planner/can-tho/Keyword Stats 2026-02-23 at 11_18_37.csv,Viết guide/review; ưu tiên long-tail; tạo topic hub và internal link về trang dịch vụ,B,50.0,0%,0
địa điểm du lịch ăn uống ở cần thơ,Ăn uống Cần Thơ,Ẩm thực (F&B),In-scope Cần Thơ,Informational,50,N/A,N/A,N/A,Planner (Thấp),data/google_planner/can-tho/Keyword Stats 2026-02-23 at 11_18_37.csv,Viết guide/review; ưu tiên long-tail; tạo topic hub và internal link về trang dịch vụ,B,50.0,0%,0
địa điểm ăn uống vui chơi ở cần thơ,Ăn uống Cần Thơ,Ẩm thực (F&B),In-scope Cần Thơ,Informational,50,N/A,N/A,N/A,Planner (Thấp),data/google_planner/can-tho/Keyword Stats 2026-02-23 at 11_18_37.csv,Viết guide/review; ưu tiên long-tail; tạo topic hub và internal link về trang dịch vụ,B,50.0,0%,0
bảo tàng cần thơ,Điểm tham quan Cần Thơ,Địa danh tham quan / Văn hóa - Lịch sử,In-scope Cần Thơ,Informational,5000,N/A,N/A,N/A,Planner (Thấp),data/google_planner/can-tho/Keyword Stats 2026-02-23 at 11_18_37.csv,Viết guide/review; ưu tiên long-tail; tạo topic hub và internal link về trang dịch vụ,B,5000.0,0%,0
chùa ông cần thơ,Điểm tham quan Cần Thơ,Địa danh tham quan / Văn hóa - Lịch sử,In-scope Cần Thơ,Informational,5000,N/A,N/A,N/A,Planner (Thấp),data/google_planner/can-tho/Keyword Stats 2026-02-23 at 11_18_37.csv,Viết guide/review; ưu tiên long-tail; tạo topic hub và internal link về trang dịch vụ,B,5000.0,0%,0
chùa lá sen cần thơ,Điểm tham quan Cần Thơ,Địa danh tham quan / Văn hóa - Lịch sử,In-scope Cần Thơ,Informational,50,N/A,N/A,N/A,Planner (Thấp),data/google_planner/can-tho/Keyword Stats 2026-02-23 at 11_18_37.csv,Viết guide/review; ưu tiên long-tail; tạo topic hub và internal link về trang dịch vụ,B,50.0,0%,0
chùa ông ở cần thơ,Điểm tham quan Cần Thơ,Địa danh tham quan / Văn hóa - Lịch sử,In-scope Cần Thơ,Informational,50,N/A,N/A,N/A,Planner (Thấp),data/google_planner/can-tho/Keyword Stats 2026-02-23 at 11_18_37.csv,Viết guide/review; ưu tiên long-tail; tạo topic hub và internal link về trang dịch vụ,B,50.0,0%,0
cần thơ đi bà chúa xứ,Điểm tham quan Cần Thơ,Địa danh tham quan / Văn hóa - Lịch sử,In-scope Cần Thơ,Informational,50,N/A,N/A,N/A,Planner (Thấp),data/google_planner/can-tho/Keyword Stats 2026-02-23 at 11_18_37.csv,Viết guide/review; ưu tiên long-tail; tạo topic hub và internal link về trang dịch vụ,B,50.0,0%,0
du lịch đà lạt khởi hành từ cần thơ,Đà Lạt Trip,Tổng hợp,Out-of-scope Đà Lạt,Informational,50,N/A,N/A,N/A,Planner (Không xác định),data/google_planner/can-tho/Keyword Stats 2026-02-23 at 11_18_37.csv,Viết guide/review; ưu tiên long-tail; tạo topic hub và internal link về trang dịch vụ,B,50.0,-100.0%,0
tour đồng tháp cần thơ,Đồng Tháp Trip,Di chuyển,Out-of-scope Đồng Tháp,Commercial Investigation,50,N/A,N/A,N/A,Planner (Trung bình),data/google_planner/can-tho/Keyword Stats 2026-02-23 at 11_18_37.csv,Viết bài top-list/so sánh; map vào cluster hub; bổ sung schema + ảnh/UGC,B,50.0,0%,0
