keyword,cluster,cluster_type,geo_scope,intent,vol,imp,clicks,ctr,kd_comp,source,action_plan,group,score,yoy,bid_high
tour an giang đà lạt,An Giang Trip,Di chuyển,Out-of-scope An Giang,Commercial Investigation,50,N/A,N/A,N/A,Planner (Thấp),data/google_planner/da-lat/Keyword Stats 2026-02-23 at 00_28_27.csv,Viết bài top-list/so sánh; map vào cluster hub; bổ sung schema + ảnh/UGC,B,2500.0,0%,0
tour binh duong da lat,Bình Dương Trip,Di chuyển,Out-of-scope Bình Dương,Commercial Investigation,50,N/A,N/A,N/A,Planner (Cao),data/google_planner/da-lat/Keyword Stats 2026-02-23 at 00_28_27.csv,Viết bài top-list/so sánh; map vào cluster hub; bổ sung schema + ảnh/UGC,B,2500.0,0%,0
tour bình dương đà lạt,Bình Dương Trip,Di chuyển,Out-of-scope Bình Dương,Commercial Investigation,50,N/A,N/A,N/A,Planner (Thấp),data/google_planner/da-lat/Keyword Stats 2026-02-23 at 00_28_27.csv,Viết bài top-list/so sánh; map vào cluster hub; bổ sung schema + ảnh/UGC,B,2500.0,0%,0
tour du lịch bình dương đà lạt,Bình Dương Trip,Di chuyển,Out-of-scope Bình Dương,Commercial Investigation,50,N/A,N/A,N/A,Planner (Không xác định),data/google_planner/da-lat/Keyword Stats 2026-02-23 at 00_28_27.csv,Viết bài top-list/so sánh; map vào cluster hub; bổ sung schema + ảnh/UGC,B,2500.0,-100.0%,0
tour đà lạt từ bình dương,Bình Dương Trip,Di chuyển,Out-of-scope Bình Dương,Commercial Investigation,50,N/A,N/A,N/A,Planner (Thấp),data/google_planner/da-lat/Keyword Stats 2026-02-23 at 00_28_27.csv,Viết bài top-list/so sánh; map vào cluster hub; bổ sung schema + ảnh/UGC,B,2500.0,0%,0
tour bình phước đà lạt,Bình Phước Trip,Di chuyển,Out-of-scope Bình Phước,Commercial Investigation,50,N/A,N/A,N/A,Planner (Thấp),data/google_planner/da-lat/Keyword Stats 2026-02-23 at 00_28_27.csv,Viết bài top-list/so sánh; map vào cluster hub; bổ sung schema + ảnh/UGC,B,2500.0,0%,0
tour bạc liêu đà lạt,Bạc Liêu Trip,Di chuyển,Out-of-scope Bạc Liêu,Commercial Investigation,50,N/A,N/A,N/A,Planner (Thấp),data/google_planner/da-lat/Keyword Stats 2026-02-23 at 00_28_27.csv,Viết bài top-list/so sánh; map vào cluster hub; bổ sung schema + ảnh/UGC,B,2500.0,0%,0
tour bến tre đà lạt,Bến Tre Trip,Di chuyển,Out-of-scope Bến Tre,Commercial Investigation,50,N/A,N/A,N/A,Planner (Thấp),data/google_planner/da-lat/Keyword Stats 2026-02-23 at 00_28_27.csv,Viết bài top-list/so sánh; map vào cluster hub; bổ sung schema + ảnh/UGC,B,2500.0,0%,0
tour du lịch bến tre đà lạt,Bến Tre Trip,Di chuyển,Out-of-scope Bến Tre,Commercial Investigation,50,N/A,N/A,N/A,Planner (Không xác định),data/google_planner/da-lat/Keyword Stats 2026-02-23 at 00_28_27.csv,Viết bài top-list/so sánh; map vào cluster hub; bổ sung schema + ảnh/UGC,B,2500.0,-100.0%,0
tour du lịch đà lạt từ bến tre,Bến Tre Trip,Di chuyển,Out-of-scope Bến Tre,Commercial Investigation,50,N/A,N/A,N/A,Planner (Thấp),data/google_planner/da-lat/Keyword Stats 2026-02-23 at 00_28_27.csv,Viết bài top-list/so sánh; map vào cluster hub; bổ sung schema + ảnh/UGC,B,2500.0,0%,0
tour đà lạt từ bến tre,Bến Tre Trip,Di chuyển,Out-of-scope Bến Tre,Commercial Investigation,50,N/A,N/A,N/A,Planner (Không xác định),data/google_planner/da-lat/Keyword Stats 2026-02-23 at 00_28_27.csv,Viết bài top-list/so sánh; map vào cluster hub; bổ sung schema + ảnh/UGC,B,2500.0,0%,0
tour cà mau đà lạt,Cà Mau Trip,Di chuyển,Out-of-scope Cà Mau,Commercial Investigation,50,N/A,N/A,N/A,Planner (Thấp),data/google_planner/da-lat/Keyword Stats 2026-02-23 at 00_28_27.csv,Viết bài top-list/so sánh; map vào cluster hub; bổ sung schema + ảnh/UGC,B,2500.0,0%,0
tour du lịch cà mau đà lạt,Cà Mau Trip,Di chuyển,Out-of-scope Cà Mau,Commercial Investigation,50,N/A,N/A,N/A,Planner (Thấp),data/google_planner/da-lat/Keyword Stats 2026-02-23 at 00_28_27.csv,Viết bài top-list/so sánh; map vào cluster hub; bổ sung schema + ảnh/UGC,B,2500.0,0%,0
tour du lịch từ cà mau đến đà lạt,Cà Mau Trip,Di chuyển,Out-of-scope Cà Mau,Commercial Investigation,50,N/A,N/A,N/A,Planner (Không xác định),data/google_planner/da-lat/Keyword Stats 2026-02-23 at 00_28_27.csv,Viết bài top-list/so sánh; map vào cluster hub; bổ sung schema + ảnh/UGC,B,2500.0,0%,0
tour cần thơ đà lạt 4 ngày 3 đêm,Cần Thơ Trip,Di chuyển,Out-of-scope Cần Thơ,Transaction,50,N/A,N/A,N/A,Planner (Thấp),data/google_planner/da-lat/Keyword Stats 2026-02-23 at 00_28_27.csv,"Tạo landing chuyển đổi (giá/vé/đặt chỗ), gom vào cluster page + build backlink nội bộ",B,2750.0000000000005,0%,"12,898"
tour cần thơ đà lạt vietravel,Cần Thơ Trip,Di chuyển,Out-of-scope Cần Thơ,Commercial Investigation,50,N/A,N/A,N/A,Planner (Trung bình),data/google_planner/da-lat/Keyword Stats 2026-02-23 at 00_28_27.csv,Viết bài top-list/so sánh; map vào cluster hub; bổ sung schema + ảnh/UGC,B,2750.0000000000005,0%,"11,743"
du lịch cần thơ đà lạt,Cần Thơ Trip,Tổng hợp,Out-of-scope Cần Thơ,Informational,50,N/A,N/A,N/A,Planner (Thấp),data/google_planner/da-lat/Keyword Stats 2026-02-23 at 00_28_27.csv,Viết guide/review; ưu tiên long-tail; tạo topic hub và internal link về trang dịch vụ,B,2500.0,0%,0
giá tour cần thơ đi đà lạt,Cần Thơ Trip,Di chuyển,Out-of-scope Cần Thơ,Transaction,50,N/A,N/A,N/A,Planner (Thấp),data/google_planner/da-lat/Keyword Stats 2026-02-23 at 00_28_27.csv,"Tạo landing chuyển đổi (giá/vé/đặt chỗ), gom vào cluster page + build backlink nội bộ",B,2500.0,0%,0
tour cần thơ đà lạt 2 ngày 1 đêm,Cần Thơ Trip,Di chuyển,Out-of-scope Cần Thơ,Transaction,50,N/A,N/A,N/A,Planner (Thấp),data/google_planner/da-lat/Keyword Stats 2026-02-23 at 00_28_27.csv,"Tạo landing chuyển đổi (giá/vé/đặt chỗ), gom vào cluster page + build backlink nội bộ",B,2500.0,0%,0
tour cần thơ đà lạt 3 ngày 2 đêm,Cần Thơ Trip,Di chuyển,Out-of-scope Cần Thơ,Transaction,50,N/A,N/A,N/A,Planner (Thấp),data/google_planner/da-lat/Keyword Stats 2026-02-23 at 00_28_27.csv,"Tạo landing chuyển đổi (giá/vé/đặt chỗ), gom vào cluster page + build backlink nội bộ",B,2500.0,0%,0
tour cần thơ đà lạt 3 ngày 3 đêm,Cần Thơ Trip,Di chuyển,Out-of-scope Cần Thơ,Transaction,50,N/A,N/A,N/A,Planner (Thấp),data/google_planner/da-lat/Keyword Stats 2026-02-23 at 00_28_27.csv,"Tạo landing chuyển đổi (giá/vé/đặt chỗ), gom vào cluster page + build backlink nội bộ",B,2500.0,0%,0
tour du lịch cần thơ đà lạt,Cần Thơ Trip,Di chuyển,Out-of-scope Cần Thơ,Commercial Investigation,50,N/A,N/A,N/A,Planner (Thấp),data/google_planner/da-lat/Keyword Stats 2026-02-23 at 00_28_27.csv,Viết bài top-list/so sánh; map vào cluster hub; bổ sung schema + ảnh/UGC,B,2500.0,0%,0
tour cần thơ đi đà lạt,Cần Thơ Trip,Di chuyển,Out-of-scope Cần Thơ,Commercial Investigation,50,N/A,N/A,N/A,Planner (Thấp),data/google_planner/da-lat/Keyword Stats 2026-02-23 at 00_28_27.csv,Viết bài top-list/so sánh; map vào cluster hub; bổ sung schema + ảnh/UGC,B,2500.0,0%,0
tour cần thơ đà lạt bằng máy bay,Cần Thơ Trip,Di chuyển,Out-of-scope Cần Thơ,Commercial Investigation,50,N/A,N/A,N/A,Planner (Không xác định),data/google_planner/da-lat/Keyword Stats 2026-02-23 at 00_28_27.csv,Viết bài top-list/so sánh; map vào cluster hub; bổ sung schema + ảnh/UGC,B,2500.0,0%,0
tour cần thơ đà lạt saigontourist,Cần Thơ Trip,Di chuyển,Out-of-scope Cần Thơ,Commercial Investigation,50,N/A,N/A,N/A,Planner (Thấp),data/google_planner/da-lat/Keyword Stats 2026-02-23 at 00_28_27.csv,Viết bài top-list/so sánh; map vào cluster hub; bổ sung schema + ảnh/UGC,B,2500.0,0%,0
tour cần thơ đà lạt đi máy bay,Cần Thơ Trip,Di chuyển,Out-of-scope Cần Thơ,Commercial Investigation,50,N/A,N/A,N/A,Planner (Không xác định),data/google_planner/da-lat/Keyword Stats 2026-02-23 at 00_28_27.csv,Viết bài top-list/so sánh; map vào cluster hub; bổ sung schema + ảnh/UGC,B,2500.0,-100.0%,0
tour du lịch cần thơ đà lạt bằng máy bay,Cần Thơ Trip,Di chuyển,Out-of-scope Cần Thơ,Commercial Investigation,50,N/A,N/A,N/A,Planner (Không xác định),data/google_planner/da-lat/Keyword Stats 2026-02-23 at 00_28_27.csv,Viết bài top-list/so sánh; map vào cluster hub; bổ sung schema + ảnh/UGC,B,2500.0,-100.0%,0
tour du lịch đà lạt khởi hành từ cần thơ,Cần Thơ Trip,Di chuyển,Out-of-scope Cần Thơ,Commercial Investigation,50,N/A,N/A,N/A,Planner (Thấp),data/google_planner/da-lat/Keyword Stats 2026-02-23 at 00_28_27.csv,Viết bài top-list/so sánh; map vào cluster hub; bổ sung schema + ảnh/UGC,B,2500.0,0%,0
tour du lịch đà lạt từ cần thơ,Cần Thơ Trip,Di chuyển,Out-of-scope Cần Thơ,Commercial Investigation,50,N/A,N/A,N/A,Planner (Thấp),data/google_planner/da-lat/Keyword Stats 2026-02-23 at 00_28_27.csv,Viết bài top-list/so sánh; map vào cluster hub; bổ sung schema + ảnh/UGC,B,2500.0,0%,0
tour đi đà lạt bằng máy bay từ cần thơ,Cần Thơ Trip,Di chuyển,Out-of-scope Cần Thơ,Commercial Investigation,50,N/A,N/A,N/A,Planner (Thấp),data/google_planner/da-lat/Keyword Stats 2026-02-23 at 00_28_27.csv,Viết bài top-list/so sánh; map vào cluster hub; bổ sung schema + ảnh/UGC,B,2500.0,0%,0
tour đà lạt cần thơ,Cần Thơ Trip,Di chuyển,Out-of-scope Cần Thơ,Commercial Investigation,50,N/A,N/A,N/A,Planner (Thấp),data/google_planner/da-lat/Keyword Stats 2026-02-23 at 00_28_27.csv,Viết bài top-list/so sánh; map vào cluster hub; bổ sung schema + ảnh/UGC,B,2500.0,0%,0
tour đà lạt khởi hành từ cần thơ,Cần Thơ Trip,Di chuyển,Out-of-scope Cần Thơ,Commercial Investigation,50,N/A,N/A,N/A,Planner (Trung bình),data/google_planner/da-lat/Keyword Stats 2026-02-23 at 00_28_27.csv,Viết bài top-list/so sánh; map vào cluster hub; bổ sung schema + ảnh/UGC,B,2500.0,0%,0
tour đà lạt 3 ngày 2 đêm,Di chuyển Đà Lạt,Di chuyển,In-scope Đà Lạt,Transaction,5000,N/A,N/A,N/A,Planner (Thấp),data/google_planner/da-lat/Keyword Stats 2026-02-23 at 00_28_27.csv,"Tạo landing chuyển đổi (giá/vé/đặt chỗ), gom vào cluster page + build backlink nội bộ",B,275000.0,0%,"3,119"
tour đà lạt 1 ngày,Di chuyển Đà Lạt,Di chuyển,In-scope Đà Lạt,Transaction,5000,N/A,N/A,N/A,Planner (Thấp),data/google_planner/da-lat/Keyword Stats 2026-02-23 at 00_28_27.csv,"Tạo landing chuyển đổi (giá/vé/đặt chỗ), gom vào cluster page + build backlink nội bộ",B,275000.0,-90.0%,"5,642"
tour đà lạt 3 ngày 3 đêm,Di chuyển Đà Lạt,Di chuyển,In-scope Đà Lạt,Transaction,5000,N/A,N/A,N/A,Planner (Thấp),data/google_planner/da-lat/Keyword Stats 2026-02-23 at 00_28_27.csv,"Tạo landing chuyển đổi (giá/vé/đặt chỗ), gom vào cluster page + build backlink nội bộ",B,275000.0,0%,"6,261"
tour đà lạt 4 ngày 3 đêm,Di chuyển Đà Lạt,Di chuyển,In-scope Đà Lạt,Transaction,500,N/A,N/A,N/A,Planner (Thấp),data/google_planner/da-lat/Keyword Stats 2026-02-23 at 00_28_27.csv,"Tạo landing chuyển đổi (giá/vé/đặt chỗ), gom vào cluster page + build backlink nội bộ",B,27500.0,0%,"3,701"
tour 1 ngày đà lạt,Di chuyển Đà Lạt,Di chuyển,In-scope Đà Lạt,Transaction,500,N/A,N/A,N/A,Planner (Thấp),data/google_planner/da-lat/Keyword Stats 2026-02-23 at 00_28_27.csv,"Tạo landing chuyển đổi (giá/vé/đặt chỗ), gom vào cluster page + build backlink nội bộ",B,27500.0,-90.0%,"4,150"
tour du lịch đà lạt 3 ngày 2 đêm,Di chuyển Đà Lạt,Di chuyển,In-scope Đà Lạt,Transaction,500,N/A,N/A,N/A,Planner (Trung bình),data/google_planner/da-lat/Keyword Stats 2026-02-23 at 00_28_27.csv,"Tạo landing chuyển đổi (giá/vé/đặt chỗ), gom vào cluster page + build backlink nội bộ",B,27500.0,0%,"3,794"
tour đà lạt 2 ngày 1 đêm,Di chuyển Đà Lạt,Di chuyển,In-scope Đà Lạt,Transaction,500,N/A,N/A,N/A,Planner (Thấp),data/google_planner/da-lat/Keyword Stats 2026-02-23 at 00_28_27.csv,"Tạo landing chuyển đổi (giá/vé/đặt chỗ), gom vào cluster page + build backlink nội bộ",B,27500.0,0%,"6,441"
tour đi đà lạt 3 ngày 2 đêm,Di chuyển Đà Lạt,Di chuyển,In-scope Đà Lạt,Transaction,500,N/A,N/A,N/A,Planner (Trung bình),data/google_planner/da-lat/Keyword Stats 2026-02-23 at 00_28_27.csv,"Tạo landing chuyển đổi (giá/vé/đặt chỗ), gom vào cluster page + build backlink nội bộ",B,27500.0,-90.0%,"3,492"
tour đà lạt 3 ngày 2 đêm vietravel,Di chuyển Đà Lạt,Di chuyển,In-scope Đà Lạt,Transaction,500,N/A,N/A,N/A,Planner (Thấp),data/google_planner/da-lat/Keyword Stats 2026-02-23 at 00_28_27.csv,"Tạo landing chuyển đổi (giá/vé/đặt chỗ), gom vào cluster page + build backlink nội bộ",B,27500.0,0%,"3,476"
tour đà lạt 3 ngày 2 đêm giá bao nhiều,Di chuyển Đà Lạt,Di chuyển,In-scope Đà Lạt,Transaction,500,N/A,N/A,N/A,Planner (Thấp),data/google_planner/da-lat/Keyword Stats 2026-02-23 at 00_28_27.csv,"Tạo landing chuyển đổi (giá/vé/đặt chỗ), gom vào cluster page + build backlink nội bộ",B,27500.0,0%,"4,792"
tour đà lạt giá rẻ,Di chuyển Đà Lạt,Di chuyển,In-scope Đà Lạt,Transaction,500,N/A,N/A,N/A,Planner (Thấp),data/google_planner/da-lat/Keyword Stats 2026-02-23 at 00_28_27.csv,"Tạo landing chuyển đổi (giá/vé/đặt chỗ), gom vào cluster page + build backlink nội bộ",B,27500.0,0%,"8,555"
tour đà lạt 4 ngày 3 đêm vietravel,Di chuyển Đà Lạt,Di chuyển,In-scope Đà Lạt,Transaction,500,N/A,N/A,N/A,Planner (Thấp),data/google_planner/da-lat/Keyword Stats 2026-02-23 at 00_28_27.csv,"Tạo landing chuyển đổi (giá/vé/đặt chỗ), gom vào cluster page + build backlink nội bộ",B,27500.0,0%,"3,848"
tour đà lạt 3 ngày 2 đêm saigontourist,Di chuyển Đà Lạt,Di chuyển,In-scope Đà Lạt,Transaction,500,N/A,N/A,N/A,Planner (Trung bình),data/google_planner/da-lat/Keyword Stats 2026-02-23 at 00_28_27.csv,"Tạo landing chuyển đổi (giá/vé/đặt chỗ), gom vào cluster page + build backlink nội bộ",B,27500.0,0%,"3,638"
tour đà lạt 2 ngày 2 đêm,Di chuyển Đà Lạt,Di chuyển,In-scope Đà Lạt,Transaction,500,N/A,N/A,N/A,Planner (Trung bình),data/google_planner/da-lat/Keyword Stats 2026-02-23 at 00_28_27.csv,"Tạo landing chuyển đổi (giá/vé/đặt chỗ), gom vào cluster page + build backlink nội bộ",B,27500.0,-90.0%,"4,931"
tour du lịch đà lạt 1 ngày giá rẻ,Di chuyển Đà Lạt,Di chuyển,In-scope Đà Lạt,Transaction,500,N/A,N/A,N/A,Planner (Cao),data/google_planner/da-lat/Keyword Stats 2026-02-23 at 00_28_27.csv,"Tạo landing chuyển đổi (giá/vé/đặt chỗ), gom vào cluster page + build backlink nội bộ",B,27500.0,0%,"4,969"
tour đà lạt 3 ngày 2 đêm giá rẻ,Di chuyển Đà Lạt,Di chuyển,In-scope Đà Lạt,Transaction,500,N/A,N/A,N/A,Planner (Thấp),data/google_planner/da-lat/Keyword Stats 2026-02-23 at 00_28_27.csv,"Tạo landing chuyển đổi (giá/vé/đặt chỗ), gom vào cluster page + build backlink nội bộ",B,27500.0,0%,"4,655"
tour đà lạt trong ngày giá rẻ,Di chuyển Đà Lạt,Di chuyển,In-scope Đà Lạt,Transaction,500,N/A,N/A,N/A,Planner (Trung bình),data/google_planner/da-lat/Keyword Stats 2026-02-23 at 00_28_27.csv,"Tạo landing chuyển đổi (giá/vé/đặt chỗ), gom vào cluster page + build backlink nội bộ",B,27500.0,0%,"5,909"
tour săn mây đà lạt,Di chuyển Đà Lạt,Di chuyển,In-scope Đà Lạt,Commercial Investigation,500,N/A,N/A,N/A,Planner (Thấp),data/google_planner/da-lat/Keyword Stats 2026-02-23 at 00_28_27.csv,Viết bài top-list/so sánh; map vào cluster hub; bổ sung schema + ảnh/UGC,B,27500.0,0%,"4,154"
tour đi đà lạt,Di chuyển Đà Lạt,Di chuyển,In-scope Đà Lạt,Commercial Investigation,500,N/A,N/A,N/A,Planner (Cao),data/google_planner/da-lat/Keyword Stats 2026-02-23 at 00_28_27.csv,Viết bài top-list/so sánh; map vào cluster hub; bổ sung schema + ảnh/UGC,B,27500.0,-90.0%,"5,516"
tour đà lạt trong ngày,Di chuyển Đà Lạt,Di chuyển,In-scope Đà Lạt,Commercial Investigation,500,N/A,N/A,N/A,Planner (Cao),data/google_planner/da-lat/Keyword Stats 2026-02-23 at 00_28_27.csv,Viết bài top-list/so sánh; map vào cluster hub; bổ sung schema + ảnh/UGC,B,27500.0,-90.0%,"4,155"
tour du lịch da lat,Di chuyển Đà Lạt,Di chuyển,In-scope Đà Lạt,Commercial Investigation,500,N/A,N/A,N/A,Planner (Cao),data/google_planner/da-lat/Keyword Stats 2026-02-23 at 00_28_27.csv,Viết bài top-list/so sánh; map vào cluster hub; bổ sung schema + ảnh/UGC,B,27500.0,-90.0%,"11,655"
đà lạt tour,Di chuyển Đà Lạt,Di chuyển,In-scope Đà Lạt,Commercial Investigation,500,N/A,N/A,N/A,Planner (Trung bình),data/google_planner/da-lat/Keyword Stats 2026-02-23 at 00_28_27.csv,Viết bài top-list/so sánh; map vào cluster hub; bổ sung schema + ảnh/UGC,B,27500.0,0%,"7,835"
tour đà lạt 3n2d,Di chuyển Đà Lạt,Di chuyển,In-scope Đà Lạt,Commercial Investigation,500,N/A,N/A,N/A,Planner (Thấp),data/google_planner/da-lat/Keyword Stats 2026-02-23 at 00_28_27.csv,Viết bài top-list/so sánh; map vào cluster hub; bổ sung schema + ảnh/UGC,B,27500.0,-90.0%,"3,189"
tour đà lạt vietravel,Di chuyển Đà Lạt,Di chuyển,In-scope Đà Lạt,Commercial Investigation,500,N/A,N/A,N/A,Planner (Thấp),data/google_planner/da-lat/Keyword Stats 2026-02-23 at 00_28_27.csv,Viết bài top-list/so sánh; map vào cluster hub; bổ sung schema + ảnh/UGC,B,27500.0,-90.0%,"11,739"
tour đà lạt trọn gói,Di chuyển Đà Lạt,Di chuyển,In-scope Đà Lạt,Commercial Investigation,500,N/A,N/A,N/A,Planner (Thấp),data/google_planner/da-lat/Keyword Stats 2026-02-23 at 00_28_27.csv,Viết bài top-list/so sánh; map vào cluster hub; bổ sung schema + ảnh/UGC,B,27500.0,0%,"7,745"
tour đà lạt 1 ngày 1 đêm,Di chuyển Đà Lạt,Di chuyển,In-scope Đà Lạt,Transaction,500,N/A,N/A,N/A,Planner (Thấp),data/google_planner/da-lat/Keyword Stats 2026-02-23 at 00_28_27.csv,"Tạo landing chuyển đổi (giá/vé/đặt chỗ), gom vào cluster page + build backlink nội bộ",B,25000.0,0%,0
tour chèo sup đà lạt,Di chuyển Đà Lạt,Di chuyển,In-scope Đà Lạt,Commercial Investigation,500,N/A,N/A,N/A,Planner (Thấp),data/google_planner/da-lat/Keyword Stats 2026-02-23 at 00_28_27.csv,Viết bài top-list/so sánh; map vào cluster hub; bổ sung schema + ảnh/UGC,B,25000.0,-90.0%,0
tour du lịch đà lạt trọn gói,Di chuyển Đà Lạt,Di chuyển,In-scope Đà Lạt,Commercial Investigation,500,N/A,N/A,N/A,Planner (Thấp),data/google_planner/da-lat/Keyword Stats 2026-02-23 at 00_28_27.csv,Viết bài top-list/so sánh; map vào cluster hub; bổ sung schema + ảnh/UGC,B,25000.0,-90.0%,0
saigontourist đà lạt,Di chuyển Đà Lạt,Di chuyển,In-scope Đà Lạt,Informational,50,N/A,N/A,N/A,Planner (Thấp),data/google_planner/da-lat/Keyword Stats 2026-02-23 at 00_28_27.csv,Viết guide/review; ưu tiên long-tail; tạo topic hub và internal link về trang dịch vụ,B,2750.0000000000005,0%,"9,069"
tour du lịch đà lạt 4 ngày 3 đêm,Di chuyển Đà Lạt,Di chuyển,In-scope Đà Lạt,Transaction,50,N/A,N/A,N/A,Planner (Thấp),data/google_planner/da-lat/Keyword Stats 2026-02-23 at 00_28_27.csv,"Tạo landing chuyển đổi (giá/vé/đặt chỗ), gom vào cluster page + build backlink nội bộ",B,2750.0000000000005,0%,"3,220"
tour du lịch đà lạt 1 ngày,Di chuyển Đà Lạt,Di chuyển,In-scope Đà Lạt,Transaction,50,N/A,N/A,N/A,Planner (Thấp),data/google_planner/da-lat/Keyword Stats 2026-02-23 at 00_28_27.csv,"Tạo landing chuyển đổi (giá/vé/đặt chỗ), gom vào cluster page + build backlink nội bộ",B,2750.0000000000005,0%,"7,249"
tour du lịch đà lạt 2 ngày 1 đêm,Di chuyển Đà Lạt,Di chuyển,In-scope Đà Lạt,Transaction,50,N/A,N/A,N/A,Planner (Trung bình),data/google_planner/da-lat/Keyword Stats 2026-02-23 at 00_28_27.csv,"Tạo landing chuyển đổi (giá/vé/đặt chỗ), gom vào cluster page + build backlink nội bộ",B,2750.0000000000005,0%,"4,246"
tour đà lạt 3 ngày 2 đêm máy bay,Di chuyển Đà Lạt,Di chuyển,In-scope Đà Lạt,Transaction,50,N/A,N/A,N/A,Planner (Thấp),data/google_planner/da-lat/Keyword Stats 2026-02-23 at 00_28_27.csv,"Tạo landing chuyển đổi (giá/vé/đặt chỗ), gom vào cluster page + build backlink nội bộ",B,2750.0000000000005,-90.0%,"4,415"
tour du lịch đà lạt 3 ngày 3 đêm,Di chuyển Đà Lạt,Di chuyển,In-scope Đà Lạt,Transaction,50,N/A,N/A,N/A,Planner (Trung bình),data/google_planner/da-lat/Keyword Stats 2026-02-23 at 00_28_27.csv,"Tạo landing chuyển đổi (giá/vé/đặt chỗ), gom vào cluster page + build backlink nội bộ",B,2750.0000000000005,0%,"4,947"
giá tour đà lạt,Di chuyển Đà Lạt,Di chuyển,In-scope Đà Lạt,Transaction,50,N/A,N/A,N/A,Planner (Trung bình),data/google_planner/da-lat/Keyword Stats 2026-02-23 at 00_28_27.csv,"Tạo landing chuyển đổi (giá/vé/đặt chỗ), gom vào cluster page + build backlink nội bộ",B,2750.0000000000005,0%,"2,557"
tour dalat 1 ngay,Di chuyển Đà Lạt,Di chuyển,In-scope Đà Lạt,Transaction,50,N/A,N/A,N/A,Planner (Trung bình),data/google_planner/da-lat/Keyword Stats 2026-02-23 at 00_28_27.csv,"Tạo landing chuyển đổi (giá/vé/đặt chỗ), gom vào cluster page + build backlink nội bộ",B,2750.0000000000005,0%,"9,687"
tour da lat 1 ngay,Di chuyển Đà Lạt,Di chuyển,In-scope Đà Lạt,Transaction,50,N/A,N/A,N/A,Planner (Thấp),data/google_planner/da-lat/Keyword Stats 2026-02-23 at 00_28_27.csv,"Tạo landing chuyển đổi (giá/vé/đặt chỗ), gom vào cluster page + build backlink nội bộ",B,2750.0000000000005,-90.0%,"8,241"
tour du lịch đà lạt 3 ngày 2 đêm vietravel,Di chuyển Đà Lạt,Di chuyển,In-scope Đà Lạt,Transaction,50,N/A,N/A,N/A,Planner (Trung bình),data/google_planner/da-lat/Keyword Stats 2026-02-23 at 00_28_27.csv,"Tạo landing chuyển đổi (giá/vé/đặt chỗ), gom vào cluster page + build backlink nội bộ",B,2750.0000000000005,0%,"2,927"
tour đi đà lạt 4 ngày 3 đêm,Di chuyển Đà Lạt,Di chuyển,In-scope Đà Lạt,Transaction,50,N/A,N/A,N/A,Planner (Trung bình),data/google_planner/da-lat/Keyword Stats 2026-02-23 at 00_28_27.csv,"Tạo landing chuyển đổi (giá/vé/đặt chỗ), gom vào cluster page + build backlink nội bộ",B,2750.0000000000005,0%,"4,932"
tour tham quan đà lạt 1 ngày,Di chuyển Đà Lạt,Di chuyển,In-scope Đà Lạt,Transaction,50,N/A,N/A,N/A,Planner (Thấp),data/google_planner/da-lat/Keyword Stats 2026-02-23 at 00_28_27.csv,"Tạo landing chuyển đổi (giá/vé/đặt chỗ), gom vào cluster page + build backlink nội bộ",B,2750.0000000000005,0%,"4,148"
tour dalat 3 ngay 3 dem,Di chuyển Đà Lạt,Di chuyển,In-scope Đà Lạt,Transaction,50,N/A,N/A,N/A,Planner (Trung bình),data/google_planner/da-lat/Keyword Stats 2026-02-23 at 00_28_27.csv,"Tạo landing chuyển đổi (giá/vé/đặt chỗ), gom vào cluster page + build backlink nội bộ",B,2750.0000000000005,0%,"2,384"
giá tour đà lạt 3 ngày 2 đêm,Di chuyển Đà Lạt,Di chuyển,In-scope Đà Lạt,Transaction,50,N/A,N/A,N/A,Planner (Thấp),data/google_planner/da-lat/Keyword Stats 2026-02-23 at 00_28_27.csv,"Tạo landing chuyển đổi (giá/vé/đặt chỗ), gom vào cluster page + build backlink nội bộ",B,2750.0000000000005,0%,"2,856"
tour dalat 4 ngày 3 đêm,Di chuyển Đà Lạt,Di chuyển,In-scope Đà Lạt,Transaction,50,N/A,N/A,N/A,Planner (Trung bình),data/google_planner/da-lat/Keyword Stats 2026-02-23 at 00_28_27.csv,"Tạo landing chuyển đổi (giá/vé/đặt chỗ), gom vào cluster page + build backlink nội bộ",B,2750.0000000000005,0%,"5,834"
chương trình tour đà lạt 3 ngày 2 đêm,Di chuyển Đà Lạt,Di chuyển,In-scope Đà Lạt,Transaction,50,N/A,N/A,N/A,Planner (Thấp),data/google_planner/da-lat/Keyword Stats 2026-02-23 at 00_28_27.csv,"Tạo landing chuyển đổi (giá/vé/đặt chỗ), gom vào cluster page + build backlink nội bộ",B,2750.0000000000005,0%,"2,440"
giá tour du lịch đà lạt,Di chuyển Đà Lạt,Di chuyển,In-scope Đà Lạt,Transaction,50,N/A,N/A,N/A,Planner (Trung bình),data/google_planner/da-lat/Keyword Stats 2026-02-23 at 00_28_27.csv,"Tạo landing chuyển đổi (giá/vé/đặt chỗ), gom vào cluster page + build backlink nội bộ",B,2750.0000000000005,0%,"2,861"
giá tour đi đà lạt,Di chuyển Đà Lạt,Di chuyển,In-scope Đà Lạt,Transaction,50,N/A,N/A,N/A,Planner (Cao),data/google_planner/da-lat/Keyword Stats 2026-02-23 at 00_28_27.csv,"Tạo landing chuyển đổi (giá/vé/đặt chỗ), gom vào cluster page + build backlink nội bộ",B,2750.0000000000005,0%,"6,352"
giá tour đi đà lạt 3 ngày 2 đêm,Di chuyển Đà Lạt,Di chuyển,In-scope Đà Lạt,Transaction,50,N/A,N/A,N/A,Planner (Cao),data/google_planner/da-lat/Keyword Stats 2026-02-23 at 00_28_27.csv,"Tạo landing chuyển đổi (giá/vé/đặt chỗ), gom vào cluster page + build backlink nội bộ",B,2750.0000000000005,0%,"2,524"
giá vé tour đà lạt,Di chuyển Đà Lạt,Di chuyển,In-scope Đà Lạt,Transaction,50,N/A,N/A,N/A,Planner (Trung bình),data/google_planner/da-lat/Keyword Stats 2026-02-23 at 00_28_27.csv,"Tạo landing chuyển đổi (giá/vé/đặt chỗ), gom vào cluster page + build backlink nội bộ",B,2750.0000000000005,0%,"2,597"
lịch trình tour đà lạt 3 ngày 2 đêm,Di chuyển Đà Lạt,Di chuyển,In-scope Đà Lạt,Transaction,50,N/A,N/A,N/A,Planner (Thấp),data/google_planner/da-lat/Keyword Stats 2026-02-23 at 00_28_27.csv,"Tạo landing chuyển đổi (giá/vé/đặt chỗ), gom vào cluster page + build backlink nội bộ",B,2750.0000000000005,0%,"1,997"
tour 1 ngày tại đà lạt,Di chuyển Đà Lạt,Di chuyển,In-scope Đà Lạt,Transaction,50,N/A,N/A,N/A,Planner (Trung bình),data/google_planner/da-lat/Keyword Stats 2026-02-23 at 00_28_27.csv,"Tạo landing chuyển đổi (giá/vé/đặt chỗ), gom vào cluster page + build backlink nội bộ",B,2750.0000000000005,0%,"4,126"
tour 1 ngày ở đà lạt,Di chuyển Đà Lạt,Di chuyển,In-scope Đà Lạt,Transaction,50,N/A,N/A,N/A,Planner (Trung bình),data/google_planner/da-lat/Keyword Stats 2026-02-23 at 00_28_27.csv,"Tạo landing chuyển đổi (giá/vé/đặt chỗ), gom vào cluster page + build backlink nội bộ",B,2750.0000000000005,0%,"5,465"
tour 2 ngày 1 đêm đà lạt,Di chuyển Đà Lạt,Di chuyển,In-scope Đà Lạt,Transaction,50,N/A,N/A,N/A,Planner (Cao),data/google_planner/da-lat/Keyword Stats 2026-02-23 at 00_28_27.csv,"Tạo landing chuyển đổi (giá/vé/đặt chỗ), gom vào cluster page + build backlink nội bộ",B,2750.0000000000005,0%,"4,595"
tour 3 ngày 2 đêm đà lạt,Di chuyển Đà Lạt,Di chuyển,In-scope Đà Lạt,Transaction,50,N/A,N/A,N/A,Planner (Trung bình),data/google_planner/da-lat/Keyword Stats 2026-02-23 at 00_28_27.csv,"Tạo landing chuyển đổi (giá/vé/đặt chỗ), gom vào cluster page + build backlink nội bộ",B,2750.0000000000005,0%,"2,596"
tour da lat 3 ngay 2 dem,Di chuyển Đà Lạt,Di chuyển,In-scope Đà Lạt,Transaction,50,N/A,N/A,N/A,Planner (Trung bình),data/google_planner/da-lat/Keyword Stats 2026-02-23 at 00_28_27.csv,"Tạo landing chuyển đổi (giá/vé/đặt chỗ), gom vào cluster page + build backlink nội bộ",B,2750.0000000000005,0%,"5,705"
tour dalat 2 ngày 1 đêm,Di chuyển Đà Lạt,Di chuyển,In-scope Đà Lạt,Transaction,50,N/A,N/A,N/A,Planner (Trung bình),data/google_planner/da-lat/Keyword Stats 2026-02-23 at 00_28_27.csv,"Tạo landing chuyển đổi (giá/vé/đặt chỗ), gom vào cluster page + build backlink nội bộ",B,2750.0000000000005,0%,"3,183"
tour di da lat 3 ngay 2 dem,Di chuyển Đà Lạt,Di chuyển,In-scope Đà Lạt,Transaction,50,N/A,N/A,N/A,Planner (Cao),data/google_planner/da-lat/Keyword Stats 2026-02-23 at 00_28_27.csv,"Tạo landing chuyển đổi (giá/vé/đặt chỗ), gom vào cluster page + build backlink nội bộ",B,2750.0000000000005,0%,"3,050"
tour du lich da lat 3 ngay 2 dem,Di chuyển Đà Lạt,Di chuyển,In-scope Đà Lạt,Transaction,50,N/A,N/A,N/A,Planner (Cao),data/google_planner/da-lat/Keyword Stats 2026-02-23 at 00_28_27.csv,"Tạo landing chuyển đổi (giá/vé/đặt chỗ), gom vào cluster page + build backlink nội bộ",B,2750.0000000000005,0%,"3,888"
tour du lịch 1 ngày ở đà lạt,Di chuyển Đà Lạt,Di chuyển,In-scope Đà Lạt,Transaction,50,N/A,N/A,N/A,Planner (Cao),data/google_planner/da-lat/Keyword Stats 2026-02-23 at 00_28_27.csv,"Tạo landing chuyển đổi (giá/vé/đặt chỗ), gom vào cluster page + build backlink nội bộ",B,2750.0000000000005,0%,"9,089"
tour du lịch 3 ngày 2 đêm đà lạt,Di chuyển Đà Lạt,Di chuyển,In-scope Đà Lạt,Transaction,50,N/A,N/A,N/A,Planner (Trung bình),data/google_planner/da-lat/Keyword Stats 2026-02-23 at 00_28_27.csv,"Tạo landing chuyển đổi (giá/vé/đặt chỗ), gom vào cluster page + build backlink nội bộ",B,2750.0000000000005,0%,"5,409"
tour du lịch 4 ngày 3 đêm đà lạt,Di chuyển Đà Lạt,Di chuyển,In-scope Đà Lạt,Transaction,50,N/A,N/A,N/A,Planner (Thấp),data/google_planner/da-lat/Keyword Stats 2026-02-23 at 00_28_27.csv,"Tạo landing chuyển đổi (giá/vé/đặt chỗ), gom vào cluster page + build backlink nội bộ",B,2750.0000000000005,0%,"3,355"
tour du lịch đà lạt 2 ngày 2 đêm,Di chuyển Đà Lạt,Di chuyển,In-scope Đà Lạt,Transaction,50,N/A,N/A,N/A,Planner (Cao),data/google_planner/da-lat/Keyword Stats 2026-02-23 at 00_28_27.csv,"Tạo landing chuyển đổi (giá/vé/đặt chỗ), gom vào cluster page + build backlink nội bộ",B,2750.0000000000005,0%,"1,647"
tour du lịch đà lạt 3 ngày,Di chuyển Đà Lạt,Di chuyển,In-scope Đà Lạt,Transaction,50,N/A,N/A,N/A,Planner (Trung bình),data/google_planner/da-lat/Keyword Stats 2026-02-23 at 00_28_27.csv,"Tạo landing chuyển đổi (giá/vé/đặt chỗ), gom vào cluster page + build backlink nội bộ",B,2750.0000000000005,0%,"2,534"
tour du lịch đà lạt giá rẻ,Di chuyển Đà Lạt,Di chuyển,In-scope Đà Lạt,Transaction,50,N/A,N/A,N/A,Planner (Thấp),data/google_planner/da-lat/Keyword Stats 2026-02-23 at 00_28_27.csv,"Tạo landing chuyển đổi (giá/vé/đặt chỗ), gom vào cluster page + build backlink nội bộ",B,2750.0000000000005,0%,"4,352"
tour ghép đà lạt 3 ngày 2 đêm,Di chuyển Đà Lạt,Di chuyển,In-scope Đà Lạt,Transaction,50,N/A,N/A,N/A,Planner (Thấp),data/google_planner/da-lat/Keyword Stats 2026-02-23 at 00_28_27.csv,"Tạo landing chuyển đổi (giá/vé/đặt chỗ), gom vào cluster page + build backlink nội bộ",B,2750.0000000000005,0%,"2,375"
tour phan thiết đà lạt 3 ngày 2 đêm,Di chuyển Đà Lạt,Di chuyển,In-scope Đà Lạt,Transaction,50,N/A,N/A,N/A,Planner (Trung bình),data/google_planner/da-lat/Keyword Stats 2026-02-23 at 00_28_27.csv,"Tạo landing chuyển đổi (giá/vé/đặt chỗ), gom vào cluster page + build backlink nội bộ",B,2750.0000000000005,0%,"5,087"
tour phan thiết đà lạt 4 ngày 3 đêm,Di chuyển Đà Lạt,Di chuyển,In-scope Đà Lạt,Transaction,50,N/A,N/A,N/A,Planner (Thấp),data/google_planner/da-lat/Keyword Stats 2026-02-23 at 00_28_27.csv,"Tạo landing chuyển đổi (giá/vé/đặt chỗ), gom vào cluster page + build backlink nội bộ",B,2750.0000000000005,0%,"6,514"
tour săn mây đà lạt 1 ngày,Di chuyển Đà Lạt,Di chuyển,In-scope Đà Lạt,Transaction,50,N/A,N/A,N/A,Planner (Trung bình),data/google_planner/da-lat/Keyword Stats 2026-02-23 at 00_28_27.csv,"Tạo landing chuyển đổi (giá/vé/đặt chỗ), gom vào cluster page + build backlink nội bộ",B,2750.0000000000005,0%,"4,150"
tour đi đà lạt 2 ngày 1 đêm,Di chuyển Đà Lạt,Di chuyển,In-scope Đà Lạt,Transaction,50,N/A,N/A,N/A,Planner (Trung bình),data/google_planner/da-lat/Keyword Stats 2026-02-23 at 00_28_27.csv,"Tạo landing chuyển đổi (giá/vé/đặt chỗ), gom vào cluster page + build backlink nội bộ",B,2750.0000000000005,0%,"7,063"
tour đi đà lạt 3 ngày 3 đêm,Di chuyển Đà Lạt,Di chuyển,In-scope Đà Lạt,Transaction,50,N/A,N/A,N/A,Planner (Cao),data/google_planner/da-lat/Keyword Stats 2026-02-23 at 00_28_27.csv,"Tạo landing chuyển đổi (giá/vé/đặt chỗ), gom vào cluster page + build backlink nội bộ",B,2750.0000000000005,0%,"3,239"
tour đà lạt 2 ngày 1 đêm saigontourist,Di chuyển Đà Lạt,Di chuyển,In-scope Đà Lạt,Transaction,50,N/A,N/A,N/A,Planner (Trung bình),data/google_planner/da-lat/Keyword Stats 2026-02-23 at 00_28_27.csv,"Tạo landing chuyển đổi (giá/vé/đặt chỗ), gom vào cluster page + build backlink nội bộ",B,2750.0000000000005,0%,"3,558"
tour đà lạt 2 ngày 1 đêm vietravel,Di chuyển Đà Lạt,Di chuyển,In-scope Đà Lạt,Transaction,50,N/A,N/A,N/A,Planner (Trung bình),data/google_planner/da-lat/Keyword Stats 2026-02-23 at 00_28_27.csv,"Tạo landing chuyển đổi (giá/vé/đặt chỗ), gom vào cluster page + build backlink nội bộ",B,2750.0000000000005,0%,"7,864"
tour đà lạt 2 ngày 2 đêm saigontourist,Di chuyển Đà Lạt,Di chuyển,In-scope Đà Lạt,Transaction,50,N/A,N/A,N/A,Planner (Trung bình),data/google_planner/da-lat/Keyword Stats 2026-02-23 at 00_28_27.csv,"Tạo landing chuyển đổi (giá/vé/đặt chỗ), gom vào cluster page + build backlink nội bộ",B,2750.0000000000005,0%,"3,798"
tour đà lạt 2 ngày 2 đêm vietravel,Di chuyển Đà Lạt,Di chuyển,In-scope Đà Lạt,Transaction,50,N/A,N/A,N/A,Planner (Cao),data/google_planner/da-lat/Keyword Stats 2026-02-23 at 00_28_27.csv,"Tạo landing chuyển đổi (giá/vé/đặt chỗ), gom vào cluster page + build backlink nội bộ",B,2750.0000000000005,0%,"4,499"
tour đà lạt 2 ngày 3 đêm,Di chuyển Đà Lạt,Di chuyển,In-scope Đà Lạt,Transaction,50,N/A,N/A,N/A,Planner (Trung bình),data/google_planner/da-lat/Keyword Stats 2026-02-23 at 00_28_27.csv,"Tạo landing chuyển đổi (giá/vé/đặt chỗ), gom vào cluster page + build backlink nội bộ",B,2750.0000000000005,0%,"4,404"
tour đà lạt 3 ngày,Di chuyển Đà Lạt,Di chuyển,In-scope Đà Lạt,Transaction,50,N/A,N/A,N/A,Planner (Trung bình),data/google_planner/da-lat/Keyword Stats 2026-02-23 at 00_28_27.csv,"Tạo landing chuyển đổi (giá/vé/đặt chỗ), gom vào cluster page + build backlink nội bộ",B,2750.0000000000005,0%,"4,934"
tour đà lạt 3 ngày 3 đêm saigontourist,Di chuyển Đà Lạt,Di chuyển,In-scope Đà Lạt,Transaction,50,N/A,N/A,N/A,Planner (Thấp),data/google_planner/da-lat/Keyword Stats 2026-02-23 at 00_28_27.csv,"Tạo landing chuyển đổi (giá/vé/đặt chỗ), gom vào cluster page + build backlink nội bộ",B,2750.0000000000005,0%,"4,597"
tour đà lạt 3 ngày 3 đêm vietravel,Di chuyển Đà Lạt,Di chuyển,In-scope Đà Lạt,Transaction,50,N/A,N/A,N/A,Planner (Trung bình),data/google_planner/da-lat/Keyword Stats 2026-02-23 at 00_28_27.csv,"Tạo landing chuyển đổi (giá/vé/đặt chỗ), gom vào cluster page + build backlink nội bộ",B,2750.0000000000005,0%,"3,787"
tour đà lạt 4 ngày 3 đêm máy bay,Di chuyển Đà Lạt,Di chuyển,In-scope Đà Lạt,Transaction,50,N/A,N/A,N/A,Planner (Thấp),data/google_planner/da-lat/Keyword Stats 2026-02-23 at 00_28_27.csv,"Tạo landing chuyển đổi (giá/vé/đặt chỗ), gom vào cluster page + build backlink nội bộ",B,2750.0000000000005,0%,"4,682"
tour đà lạt 4 ngày 3 đêm saigontourist,Di chuyển Đà Lạt,Di chuyển,In-scope Đà Lạt,Transaction,50,N/A,N/A,N/A,Planner (Thấp),data/google_planner/da-lat/Keyword Stats 2026-02-23 at 00_28_27.csv,"Tạo landing chuyển đổi (giá/vé/đặt chỗ), gom vào cluster page + build backlink nội bộ",B,2750.0000000000005,0%,"5,288"
tour đà lạt 5 ngày 4 đêm vietravel,Di chuyển Đà Lạt,Di chuyển,In-scope Đà Lạt,Transaction,50,N/A,N/A,N/A,Planner (Thấp),data/google_planner/da-lat/Keyword Stats 2026-02-23 at 00_28_27.csv,"Tạo landing chuyển đổi (giá/vé/đặt chỗ), gom vào cluster page + build backlink nội bộ",B,2750.0000000000005,0%,"6,711"
đà lạt tour 1 ngày,Di chuyển Đà Lạt,Di chuyển,In-scope Đà Lạt,Transaction,50,N/A,N/A,N/A,Planner (Cao),data/google_planner/da-lat/Keyword Stats 2026-02-23 at 00_28_27.csv,"Tạo landing chuyển đổi (giá/vé/đặt chỗ), gom vào cluster page + build backlink nội bộ",B,2750.0000000000005,0%,"8,183"
tour da lạt,Di chuyển Đà Lạt,Di chuyển,In-scope Đà Lạt,Commercial Investigation,50,N/A,N/A,N/A,Planner (Cao),data/google_planner/da-lat/Keyword Stats 2026-02-23 at 00_28_27.csv,Viết bài top-list/so sánh; map vào cluster hub; bổ sung schema + ảnh/UGC,B,2750.0000000000005,0%,"5,787"
đi tour đà lạt,Di chuyển Đà Lạt,Di chuyển,In-scope Đà Lạt,Commercial Investigation,50,N/A,N/A,N/A,Planner (Trung bình),data/google_planner/da-lat/Keyword Stats 2026-02-23 at 00_28_27.csv,Viết bài top-list/so sánh; map vào cluster hub; bổ sung schema + ảnh/UGC,B,2750.0000000000005,0%,"2,943"
đặt tour du lịch đà lạt,Di chuyển Đà Lạt,Di chuyển,In-scope Đà Lạt,Commercial Investigation,50,N/A,N/A,N/A,Planner (Trung bình),data/google_planner/da-lat/Keyword Stats 2026-02-23 at 00_28_27.csv,Viết bài top-list/so sánh; map vào cluster hub; bổ sung schema + ảnh/UGC,B,2750.0000000000005,-90.0%,"4,689"
tour trong ngày đà lạt,Di chuyển Đà Lạt,Di chuyển,In-scope Đà Lạt,Commercial Investigation,50,N/A,N/A,N/A,Planner (Cao),data/google_planner/da-lat/Keyword Stats 2026-02-23 at 00_28_27.csv,Viết bài top-list/so sánh; map vào cluster hub; bổ sung schema + ảnh/UGC,B,2750.0000000000005,0%,"4,152"
tour di da lat,Di chuyển Đà Lạt,Di chuyển,In-scope Đà Lạt,Commercial Investigation,50,N/A,N/A,N/A,Planner (Cao),data/google_planner/da-lat/Keyword Stats 2026-02-23 at 00_28_27.csv,Viết bài top-list/so sánh; map vào cluster hub; bổ sung schema + ảnh/UGC,B,2750.0000000000005,0%,"5,528"
tour du lich dalat,Di chuyển Đà Lạt,Di chuyển,In-scope Đà Lạt,Commercial Investigation,50,N/A,N/A,N/A,Planner (Trung bình),data/google_planner/da-lat/Keyword Stats 2026-02-23 at 00_28_27.csv,Viết bài top-list/so sánh; map vào cluster hub; bổ sung schema + ảnh/UGC,B,2750.0000000000005,0%,"9,772"
tour cồng chiêng đà lạt,Di chuyển Đà Lạt,Di chuyển,In-scope Đà Lạt,Commercial Investigation,50,N/A,N/A,N/A,Planner (Trung bình),data/google_planner/da-lat/Keyword Stats 2026-02-23 at 00_28_27.csv,Viết bài top-list/so sánh; map vào cluster hub; bổ sung schema + ảnh/UGC,B,2750.0000000000005,-90.0%,"4,153"
tour ghép đà lạt,Di chuyển Đà Lạt,Di chuyển,In-scope Đà Lạt,Commercial Investigation,50,N/A,N/A,N/A,Planner (Trung bình),data/google_planner/da-lat/Keyword Stats 2026-02-23 at 00_28_27.csv,Viết bài top-list/so sánh; map vào cluster hub; bổ sung schema + ảnh/UGC,B,2750.0000000000005,0%,"6,041"
vietravel tour đà lạt,Di chuyển Đà Lạt,Di chuyển,In-scope Đà Lạt,Commercial Investigation,50,N/A,N/A,N/A,Planner (Trung bình),data/google_planner/da-lat/Keyword Stats 2026-02-23 at 00_28_27.csv,Viết bài top-list/so sánh; map vào cluster hub; bổ sung schema + ảnh/UGC,B,2750.0000000000005,0%,"9,338"
tour đà lạt máy bay,Di chuyển Đà Lạt,Di chuyển,In-scope Đà Lạt,Commercial Investigation,50,N/A,N/A,N/A,Planner (Thấp),data/google_planner/da-lat/Keyword Stats 2026-02-23 at 00_28_27.csv,Viết bài top-list/so sánh; map vào cluster hub; bổ sung schema + ảnh/UGC,B,2750.0000000000005,0%,"4,848"
tour nghỉ dưỡng đà lạt,Di chuyển Đà Lạt,Di chuyển,In-scope Đà Lạt,Commercial Investigation,50,N/A,N/A,N/A,Planner (Thấp),data/google_planner/da-lat/Keyword Stats 2026-02-23 at 00_28_27.csv,Viết bài top-list/so sánh; map vào cluster hub; bổ sung schema + ảnh/UGC,B,2750.0000000000005,0%,"8,606"
lịch trình tour đà lạt,Di chuyển Đà Lạt,Di chuyển,In-scope Đà Lạt,Commercial Investigation,50,N/A,N/A,N/A,Planner (Thấp),data/google_planner/da-lat/Keyword Stats 2026-02-23 at 00_28_27.csv,Viết bài top-list/so sánh; map vào cluster hub; bổ sung schema + ảnh/UGC,B,2750.0000000000005,0%,"2,497"
tour tham quan đà lạt,Di chuyển Đà Lạt,Di chuyển,In-scope Đà Lạt,Commercial Investigation,50,N/A,N/A,N/A,Planner (Trung bình),data/google_planner/da-lat/Keyword Stats 2026-02-23 at 00_28_27.csv,Viết bài top-list/so sánh; map vào cluster hub; bổ sung schema + ảnh/UGC,B,2750.0000000000005,0%,"11,731"
book tour đà lạt,Di chuyển Đà Lạt,Di chuyển,In-scope Đà Lạt,Commercial Investigation,50,N/A,N/A,N/A,Planner (Cao),data/google_planner/da-lat/Keyword Stats 2026-02-23 at 00_28_27.csv,Viết bài top-list/so sánh; map vào cluster hub; bổ sung schema + ảnh/UGC,B,2750.0000000000005,0%,"14,283"
chương trình tour đà lạt,Di chuyển Đà Lạt,Di chuyển,In-scope Đà Lạt,Commercial Investigation,50,N/A,N/A,N/A,Planner (Thấp),data/google_planner/da-lat/Keyword Stats 2026-02-23 at 00_28_27.csv,Viết bài top-list/so sánh; map vào cluster hub; bổ sung schema + ảnh/UGC,B,2750.0000000000005,0%,"2,837"
các tour du lịch đà lạt,Di chuyển Đà Lạt,Di chuyển,In-scope Đà Lạt,Commercial Investigation,50,N/A,N/A,N/A,Planner (Trung bình),data/google_planner/da-lat/Keyword Stats 2026-02-23 at 00_28_27.csv,Viết bài top-list/so sánh; map vào cluster hub; bổ sung schema + ảnh/UGC,B,2750.0000000000005,0%,"4,467"
các tour đà lạt,Di chuyển Đà Lạt,Di chuyển,In-scope Đà Lạt,Commercial Investigation,50,N/A,N/A,N/A,Planner (Trung bình),data/google_planner/da-lat/Keyword Stats 2026-02-23 at 00_28_27.csv,Viết bài top-list/so sánh; map vào cluster hub; bổ sung schema + ảnh/UGC,B,2750.0000000000005,0%,"1,773"
di tour da lat,Di chuyển Đà Lạt,Di chuyển,In-scope Đà Lạt,Commercial Investigation,50,N/A,N/A,N/A,Planner (Cao),data/google_planner/da-lat/Keyword Stats 2026-02-23 at 00_28_27.csv,Viết bài top-list/so sánh; map vào cluster hub; bổ sung schema + ảnh/UGC,B,2750.0000000000005,0%,"6,436"
du lịch tour đà lạt,Di chuyển Đà Lạt,Di chuyển,In-scope Đà Lạt,Commercial Investigation,50,N/A,N/A,N/A,Planner (Cao),data/google_planner/da-lat/Keyword Stats 2026-02-23 at 00_28_27.csv,Viết bài top-list/so sánh; map vào cluster hub; bổ sung schema + ảnh/UGC,B,2750.0000000000005,0%,"10,716"
du lịch đà lạt bằng máy bay,Di chuyển Đà Lạt,Di chuyển,In-scope Đà Lạt,Commercial Investigation,50,N/A,N/A,N/A,Planner (Trung bình),data/google_planner/da-lat/Keyword Stats 2026-02-23 at 00_28_27.csv,Viết bài top-list/so sánh; map vào cluster hub; bổ sung schema + ảnh/UGC,B,2750.0000000000005,0%,"3,151"
dịch vụ tour du lịch đà lạt,Di chuyển Đà Lạt,Di chuyển,In-scope Đà Lạt,Commercial Investigation,50,N/A,N/A,N/A,Planner (Trung bình),data/google_planner/da-lat/Keyword Stats 2026-02-23 at 00_28_27.csv,Viết bài top-list/so sánh; map vào cluster hub; bổ sung schema + ảnh/UGC,B,2750.0000000000005,0%,"10,912"
happy tour đà lạt,Di chuyển Đà Lạt,Di chuyển,In-scope Đà Lạt,Commercial Investigation,50,N/A,N/A,N/A,Planner (Thấp),data/google_planner/da-lat/Keyword Stats 2026-02-23 at 00_28_27.csv,Viết bài top-list/so sánh; map vào cluster hub; bổ sung schema + ảnh/UGC,B,2750.0000000000005,0%,"4,146"
land tour đà lạt,Di chuyển Đà Lạt,Di chuyển,In-scope Đà Lạt,Commercial Investigation,50,N/A,N/A,N/A,Planner (Trung bình),data/google_planner/da-lat/Keyword Stats 2026-02-23 at 00_28_27.csv,Viết bài top-list/so sánh; map vào cluster hub; bổ sung schema + ảnh/UGC,B,2750.0000000000005,0%,"8,264"
phong cách việt tour đà lạt,Di chuyển Đà Lạt,Di chuyển,In-scope Đà Lạt,Commercial Investigation,50,N/A,N/A,N/A,Planner (Thấp),data/google_planner/da-lat/Keyword Stats 2026-02-23 at 00_28_27.csv,Viết bài top-list/so sánh; map vào cluster hub; bổ sung schema + ảnh/UGC,B,2750.0000000000005,0%,"3,671"
saigontourist tour đà lạt,Di chuyển Đà Lạt,Di chuyển,In-scope Đà Lạt,Commercial Investigation,50,N/A,N/A,N/A,Planner (Thấp),data/google_planner/da-lat/Keyword Stats 2026-02-23 at 00_28_27.csv,Viết bài top-list/so sánh; map vào cluster hub; bổ sung schema + ảnh/UGC,B,2750.0000000000005,0%,"5,152"
tour da lat tet,Di chuyển Đà Lạt,Di chuyển,In-scope Đà Lạt,Commercial Investigation,50,N/A,N/A,N/A,Planner (Cao),data/google_planner/da-lat/Keyword Stats 2026-02-23 at 00_28_27.csv,Viết bài top-list/so sánh; map vào cluster hub; bổ sung schema + ảnh/UGC,B,2750.0000000000005,0%,"8,072"
tour da lat vietravel,Di chuyển Đà Lạt,Di chuyển,In-scope Đà Lạt,Commercial Investigation,50,N/A,N/A,N/A,Planner (Trung bình),data/google_planner/da-lat/Keyword Stats 2026-02-23 at 00_28_27.csv,Viết bài top-list/so sánh; map vào cluster hub; bổ sung schema + ảnh/UGC,B,2750.0000000000005,0%,"3,658"
tour dalat saigontourist,Di chuyển Đà Lạt,Di chuyển,In-scope Đà Lạt,Commercial Investigation,50,N/A,N/A,N/A,Planner (Trung bình),data/google_planner/da-lat/Keyword Stats 2026-02-23 at 00_28_27.csv,Viết bài top-list/so sánh; map vào cluster hub; bổ sung schema + ảnh/UGC,B,2750.0000000000005,0%,"5,482"
tour dalat vietravel,Di chuyển Đà Lạt,Di chuyển,In-scope Đà Lạt,Commercial Investigation,50,N/A,N/A,N/A,Planner (Trung bình),data/google_planner/da-lat/Keyword Stats 2026-02-23 at 00_28_27.csv,Viết bài top-list/so sánh; map vào cluster hub; bổ sung schema + ảnh/UGC,B,2750.0000000000005,0%,"4,017"
tour du lịch đi đà lạt,Di chuyển Đà Lạt,Di chuyển,In-scope Đà Lạt,Commercial Investigation,50,N/A,N/A,N/A,Planner (Cao),data/google_planner/da-lat/Keyword Stats 2026-02-23 at 00_28_27.csv,Viết bài top-list/so sánh; map vào cluster hub; bổ sung schema + ảnh/UGC,B,2750.0000000000005,0%,"2,787"
tour du lịch đà lạt máy bay,Di chuyển Đà Lạt,Di chuyển,In-scope Đà Lạt,Commercial Investigation,50,N/A,N/A,N/A,Planner (Cao),data/google_planner/da-lat/Keyword Stats 2026-02-23 at 00_28_27.csv,Viết bài top-list/so sánh; map vào cluster hub; bổ sung schema + ảnh/UGC,B,2750.0000000000005,0%,"23,940"
tour du lịch đà lạt mùng 2 tết,Di chuyển Đà Lạt,Di chuyển,In-scope Đà Lạt,Commercial Investigation,50,N/A,N/A,N/A,Planner (Trung bình),data/google_planner/da-lat/Keyword Stats 2026-02-23 at 00_28_27.csv,Viết bài top-list/so sánh; map vào cluster hub; bổ sung schema + ảnh/UGC,B,2750.0000000000005,0%,"3,038"
tour du lịch đà lạt saigontourist,Di chuyển Đà Lạt,Di chuyển,In-scope Đà Lạt,Commercial Investigation,50,N/A,N/A,N/A,Planner (Trung bình),data/google_planner/da-lat/Keyword Stats 2026-02-23 at 00_28_27.csv,Viết bài top-list/so sánh; map vào cluster hub; bổ sung schema + ảnh/UGC,B,2750.0000000000005,0%,"4,152"
tour du lịch đà lạt trong ngày,Di chuyển Đà Lạt,Di chuyển,In-scope Đà Lạt,Commercial Investigation,50,N/A,N/A,N/A,Planner (Cao),data/google_planner/da-lat/Keyword Stats 2026-02-23 at 00_28_27.csv,Viết bài top-list/so sánh; map vào cluster hub; bổ sung schema + ảnh/UGC,B,2750.0000000000005,0%,"8,809"
tour lẻ đà lạt,Di chuyển Đà Lạt,Di chuyển,In-scope Đà Lạt,Commercial Investigation,50,N/A,N/A,N/A,Planner (Cao),data/google_planner/da-lat/Keyword Stats 2026-02-23 at 00_28_27.csv,Viết bài top-list/so sánh; map vào cluster hub; bổ sung schema + ảnh/UGC,B,2750.0000000000005,0%,"2,379"
tour nội thành đà lạt,Di chuyển Đà Lạt,Di chuyển,In-scope Đà Lạt,Commercial Investigation,50,N/A,N/A,N/A,Planner (Trung bình),data/google_planner/da-lat/Keyword Stats 2026-02-23 at 00_28_27.csv,Viết bài top-list/so sánh; map vào cluster hub; bổ sung schema + ảnh/UGC,B,2750.0000000000005,0%,"4,155"
tour nội địa đà lạt,Di chuyển Đà Lạt,Di chuyển,In-scope Đà Lạt,Commercial Investigation,50,N/A,N/A,N/A,Planner (Cao),data/google_planner/da-lat/Keyword Stats 2026-02-23 at 00_28_27.csv,Viết bài top-list/so sánh; map vào cluster hub; bổ sung schema + ảnh/UGC,B,2750.0000000000005,0%,"3,958"
tour phan thiết đà lạt,Di chuyển Đà Lạt,Di chuyển,In-scope Đà Lạt,Commercial Investigation,50,N/A,N/A,N/A,Planner (Thấp),data/google_planner/da-lat/Keyword Stats 2026-02-23 at 00_28_27.csv,Viết bài top-list/so sánh; map vào cluster hub; bổ sung schema + ảnh/UGC,B,2750.0000000000005,0%,"6,379"
tour san may da lat,Di chuyển Đà Lạt,Di chuyển,In-scope Đà Lạt,Commercial Investigation,50,N/A,N/A,N/A,Planner (Thấp),data/google_planner/da-lat/Keyword Stats 2026-02-23 at 00_28_27.csv,Viết bài top-list/so sánh; map vào cluster hub; bổ sung schema + ảnh/UGC,B,2750.0000000000005,0%,"6,869"
tour sg đà lạt,Di chuyển Đà Lạt,Di chuyển,In-scope Đà Lạt,Commercial Investigation,50,N/A,N/A,N/A,Planner (Trung bình),data/google_planner/da-lat/Keyword Stats 2026-02-23 at 00_28_27.csv,Viết bài top-list/so sánh; map vào cluster hub; bổ sung schema + ảnh/UGC,B,2750.0000000000005,0%,"3,677"
tour tham quan đà lạt trong ngày,Di chuyển Đà Lạt,Di chuyển,In-scope Đà Lạt,Commercial Investigation,50,N/A,N/A,N/A,Planner (Cao),data/google_planner/da-lat/Keyword Stats 2026-02-23 at 00_28_27.csv,Viết bài top-list/so sánh; map vào cluster hub; bổ sung schema + ảnh/UGC,B,2750.0000000000005,0%,"4,783"
tour thác pongour đà lạt,Di chuyển Đà Lạt,Di chuyển,In-scope Đà Lạt,Commercial Investigation,50,N/A,N/A,N/A,Planner (Trung bình),data/google_planner/da-lat/Keyword Stats 2026-02-23 at 00_28_27.csv,Viết bài top-list/so sánh; map vào cluster hub; bổ sung schema + ảnh/UGC,B,2750.0000000000005,0%,"14,086"
tour trong ngay da lat,Di chuyển Đà Lạt,Di chuyển,In-scope Đà Lạt,Commercial Investigation,50,N/A,N/A,N/A,Planner (Cao),data/google_planner/da-lat/Keyword Stats 2026-02-23 at 00_28_27.csv,Viết bài top-list/so sánh; map vào cluster hub; bổ sung schema + ảnh/UGC,B,2750.0000000000005,0%,"12,598"
tour trong ngày ở đà lạt,Di chuyển Đà Lạt,Di chuyển,In-scope Đà Lạt,Commercial Investigation,50,N/A,N/A,N/A,Planner (Cao),data/google_planner/da-lat/Keyword Stats 2026-02-23 at 00_28_27.csv,Viết bài top-list/so sánh; map vào cluster hub; bổ sung schema + ảnh/UGC,B,2750.0000000000005,0%,"6,537"
tour tết đà lạt,Di chuyển Đà Lạt,Di chuyển,In-scope Đà Lạt,Commercial Investigation,50,N/A,N/A,N/A,Planner (Trung bình),data/google_planner/da-lat/Keyword Stats 2026-02-23 at 00_28_27.csv,Viết bài top-list/so sánh; map vào cluster hub; bổ sung schema + ảnh/UGC,B,2750.0000000000005,0%,"4,106"
tour zoodoo đà lạt,Di chuyển Đà Lạt,Di chuyển,In-scope Đà Lạt,Commercial Investigation,50,N/A,N/A,N/A,Planner (Trung bình),data/google_planner/da-lat/Keyword Stats 2026-02-23 at 00_28_27.csv,Viết bài top-list/so sánh; map vào cluster hub; bổ sung schema + ảnh/UGC,B,2750.0000000000005,0%,"3,895"
tour đi du lịch đà lạt,Di chuyển Đà Lạt,Di chuyển,In-scope Đà Lạt,Commercial Investigation,50,N/A,N/A,N/A,Planner (Trung bình),data/google_planner/da-lat/Keyword Stats 2026-02-23 at 00_28_27.csv,Viết bài top-list/so sánh; map vào cluster hub; bổ sung schema + ảnh/UGC,B,2750.0000000000005,-90.0%,"3,862"
tour đi đà lạt bằng máy bay vietravel,Di chuyển Đà Lạt,Di chuyển,In-scope Đà Lạt,Commercial Investigation,50,N/A,N/A,N/A,Planner (Trung bình),data/google_planner/da-lat/Keyword Stats 2026-02-23 at 00_28_27.csv,Viết bài top-list/so sánh; map vào cluster hub; bổ sung schema + ảnh/UGC,B,2750.0000000000005,0%,"4,260"
tour đà lạt 2n2đ,Di chuyển Đà Lạt,Di chuyển,In-scope Đà Lạt,Commercial Investigation,50,N/A,N/A,N/A,Planner (Trung bình),data/google_planner/da-lat/Keyword Stats 2026-02-23 at 00_28_27.csv,Viết bài top-list/so sánh; map vào cluster hub; bổ sung schema + ảnh/UGC,B,2750.0000000000005,0%,"4,153"
tour đà lạt 3n2đ,Di chuyển Đà Lạt,Di chuyển,In-scope Đà Lạt,Commercial Investigation,50,N/A,N/A,N/A,Planner (Trung bình),data/google_planner/da-lat/Keyword Stats 2026-02-23 at 00_28_27.csv,Viết bài top-list/so sánh; map vào cluster hub; bổ sung schema + ảnh/UGC,B,2750.0000000000005,0%,"3,794"
tour đà lạt 3n3d,Di chuyển Đà Lạt,Di chuyển,In-scope Đà Lạt,Commercial Investigation,50,N/A,N/A,N/A,Planner (Thấp),data/google_planner/da-lat/Keyword Stats 2026-02-23 at 00_28_27.csv,Viết bài top-list/so sánh; map vào cluster hub; bổ sung schema + ảnh/UGC,B,2750.0000000000005,0%,"12,787"
tour đà lạt 3n3đ,Di chuyển Đà Lạt,Di chuyển,In-scope Đà Lạt,Commercial Investigation,50,N/A,N/A,N/A,Planner (Trung bình),data/google_planner/da-lat/Keyword Stats 2026-02-23 at 00_28_27.csv,Viết bài top-list/so sánh; map vào cluster hub; bổ sung schema + ảnh/UGC,B,2750.0000000000005,0%,"12,779"
tour đà lạt 5 sao,Di chuyển Đà Lạt,Di chuyển,In-scope Đà Lạt,Commercial Investigation,50,N/A,N/A,N/A,Planner (Cao),data/google_planner/da-lat/Keyword Stats 2026-02-23 at 00_28_27.csv,Viết bài top-list/so sánh; map vào cluster hub; bổ sung schema + ảnh/UGC,B,2750.0000000000005,0%,"3,739"
tour đà lạt cao cấp,Di chuyển Đà Lạt,Di chuyển,In-scope Đà Lạt,Commercial Investigation,50,N/A,N/A,N/A,Planner (Trung bình),data/google_planner/da-lat/Keyword Stats 2026-02-23 at 00_28_27.csv,Viết bài top-list/so sánh; map vào cluster hub; bổ sung schema + ảnh/UGC,B,2750.0000000000005,0%,"3,580"
tour đà lạt cho người lớn tuổi,Di chuyển Đà Lạt,Di chuyển,In-scope Đà Lạt,Commercial Investigation,50,N/A,N/A,N/A,Planner (Thấp),data/google_planner/da-lat/Keyword Stats 2026-02-23 at 00_28_27.csv,Viết bài top-list/so sánh; map vào cluster hub; bổ sung schema + ảnh/UGC,B,2750.0000000000005,0%,"3,614"
tour đà lạt máy bay vietravel,Di chuyển Đà Lạt,Di chuyển,In-scope Đà Lạt,Commercial Investigation,50,N/A,N/A,N/A,Planner (Trung bình),data/google_planner/da-lat/Keyword Stats 2026-02-23 at 00_28_27.csv,Viết bài top-list/so sánh; map vào cluster hub; bổ sung schema + ảnh/UGC,B,2750.0000000000005,0%,"7,028"
tour đà lạt mùng 2 tết,Di chuyển Đà Lạt,Di chuyển,In-scope Đà Lạt,Commercial Investigation,50,N/A,N/A,N/A,Planner (Trung bình),data/google_planner/da-lat/Keyword Stats 2026-02-23 at 00_28_27.csv,Viết bài top-list/so sánh; map vào cluster hub; bổ sung schema + ảnh/UGC,B,2750.0000000000005,0%,"6,961"
tour đà lạt một ngày,Di chuyển Đà Lạt,Di chuyển,In-scope Đà Lạt,Commercial Investigation,50,N/A,N/A,N/A,Planner (Cao),data/google_planner/da-lat/Keyword Stats 2026-02-23 at 00_28_27.csv,Viết bài top-list/so sánh; map vào cluster hub; bổ sung schema + ảnh/UGC,B,2750.0000000000005,0%,"16,045"
tour đà lạt nửa ngày,Di chuyển Đà Lạt,Di chuyển,In-scope Đà Lạt,Commercial Investigation,50,N/A,N/A,N/A,Planner (Thấp),data/google_planner/da-lat/Keyword Stats 2026-02-23 at 00_28_27.csv,Viết bài top-list/so sánh; map vào cluster hub; bổ sung schema + ảnh/UGC,B,2750.0000000000005,0%,"7,259"
tour đà lạt săn mây,Di chuyển Đà Lạt,Di chuyển,In-scope Đà Lạt,Commercial Investigation,50,N/A,N/A,N/A,Planner (Thấp),data/google_planner/da-lat/Keyword Stats 2026-02-23 at 00_28_27.csv,Viết bài top-list/so sánh; map vào cluster hub; bổ sung schema + ảnh/UGC,B,2750.0000000000005,0%,"6,537"
tour đà lạt tháng 12,Di chuyển Đà Lạt,Di chuyển,In-scope Đà Lạt,Commercial Investigation,50,N/A,N/A,N/A,Planner (Cao),data/google_planner/da-lat/Keyword Stats 2026-02-23 at 00_28_27.csv,Viết bài top-list/so sánh; map vào cluster hub; bổ sung schema + ảnh/UGC,B,2750.0000000000005,0%,"2,378"
tour đà lạt tết,Di chuyển Đà Lạt,Di chuyển,In-scope Đà Lạt,Commercial Investigation,50,N/A,N/A,N/A,Planner (Trung bình),data/google_planner/da-lat/Keyword Stats 2026-02-23 at 00_28_27.csv,Viết bài top-list/so sánh; map vào cluster hub; bổ sung schema + ảnh/UGC,B,2750.0000000000005,-90.0%,"3,378"
tour đà lạt tết nguyên đán,Di chuyển Đà Lạt,Di chuyển,In-scope Đà Lạt,Commercial Investigation,50,N/A,N/A,N/A,Planner (Trung bình),data/google_planner/da-lat/Keyword Stats 2026-02-23 at 00_28_27.csv,Viết bài top-list/so sánh; map vào cluster hub; bổ sung schema + ảnh/UGC,B,2750.0000000000005,0%,"2,967"
tour đà lạt tết tây,Di chuyển Đà Lạt,Di chuyển,In-scope Đà Lạt,Commercial Investigation,50,N/A,N/A,N/A,Planner (Cao),data/google_planner/da-lat/Keyword Stats 2026-02-23 at 00_28_27.csv,Viết bài top-list/so sánh; map vào cluster hub; bổ sung schema + ảnh/UGC,B,2750.0000000000005,0%,"6,204"
tour đà lạt tết âm lịch,Di chuyển Đà Lạt,Di chuyển,In-scope Đà Lạt,Commercial Investigation,50,N/A,N/A,N/A,Planner (Trung bình),data/google_planner/da-lat/Keyword Stats 2026-02-23 at 00_28_27.csv,Viết bài top-list/so sánh; map vào cluster hub; bổ sung schema + ảnh/UGC,B,2750.0000000000005,0%,"7,513"
tour đà lạt viettourist,Di chuyển Đà Lạt,Di chuyển,In-scope Đà Lạt,Commercial Investigation,50,N/A,N/A,N/A,Planner (Trung bình),data/google_planner/da-lat/Keyword Stats 2026-02-23 at 00_28_27.csv,Viết bài top-list/so sánh; map vào cluster hub; bổ sung schema + ảnh/UGC,B,2750.0000000000005,0%,"3,001"
tour đà lạt đi bằng máy bay,Di chuyển Đà Lạt,Di chuyển,In-scope Đà Lạt,Commercial Investigation,50,N/A,N/A,N/A,Planner (Trung bình),data/google_planner/da-lat/Keyword Stats 2026-02-23 at 00_28_27.csv,Viết bài top-list/so sánh; map vào cluster hub; bổ sung schema + ảnh/UGC,B,2750.0000000000005,0%,"6,752"
tìm tour du lịch đà lạt,Di chuyển Đà Lạt,Di chuyển,In-scope Đà Lạt,Commercial Investigation,50,N/A,N/A,N/A,Planner (Cao),data/google_planner/da-lat/Keyword Stats 2026-02-23 at 00_28_27.csv,Viết bài top-list/so sánh; map vào cluster hub; bổ sung schema + ảnh/UGC,B,2750.0000000000005,0%,"4,108"
tìm tour đi đà lạt,Di chuyển Đà Lạt,Di chuyển,In-scope Đà Lạt,Commercial Investigation,50,N/A,N/A,N/A,Planner (Cao),data/google_planner/da-lat/Keyword Stats 2026-02-23 at 00_28_27.csv,Viết bài top-list/so sánh; map vào cluster hub; bổ sung schema + ảnh/UGC,B,2750.0000000000005,0%,"8,174"
đất việt tour đà lạt,Di chuyển Đà Lạt,Di chuyển,In-scope Đà Lạt,Commercial Investigation,50,N/A,N/A,N/A,Planner (Trung bình),data/google_planner/da-lat/Keyword Stats 2026-02-23 at 00_28_27.csv,Viết bài top-list/so sánh; map vào cluster hub; bổ sung schema + ảnh/UGC,B,2750.0000000000005,0%,"3,457"
đặt tour du lịch tại đà lạt,Di chuyển Đà Lạt,Di chuyển,In-scope Đà Lạt,Commercial Investigation,50,N/A,N/A,N/A,Planner (Cao),data/google_planner/da-lat/Keyword Stats 2026-02-23 at 00_28_27.csv,Viết bài top-list/so sánh; map vào cluster hub; bổ sung schema + ảnh/UGC,B,2750.0000000000005,0%,"17,310"
đặt tour đi đà lạt,Di chuyển Đà Lạt,Di chuyển,In-scope Đà Lạt,Commercial Investigation,50,N/A,N/A,N/A,Planner (Cao),data/google_planner/da-lat/Keyword Stats 2026-02-23 at 00_28_27.csv,Viết bài top-list/so sánh; map vào cluster hub; bổ sung schema + ảnh/UGC,B,2750.0000000000005,0%,"16,508"
đặt tour đà lạt,Di chuyển Đà Lạt,Di chuyển,In-scope Đà Lạt,Commercial Investigation,50,N/A,N/A,N/A,Planner (Trung bình),data/google_planner/da-lat/Keyword Stats 2026-02-23 at 00_28_27.csv,Viết bài top-list/so sánh; map vào cluster hub; bổ sung schema + ảnh/UGC,B,2750.0000000000005,0%,"23,391"
mytour đà lạt,Di chuyển Đà Lạt,Di chuyển,In-scope Đà Lạt,Informational,50,N/A,N/A,N/A,Planner (Cao),data/google_planner/da-lat/Keyword Stats 2026-02-23 at 00_28_27.csv,Viết guide/review; ưu tiên long-tail; tạo topic hub và internal link về trang dịch vụ,B,2500.0,0%,0
công ty du lịch đà lạt tourist,Di chuyển Đà Lạt,Di chuyển,In-scope Đà Lạt,Informational,50,N/A,N/A,N/A,Planner (Không xác định),data/google_planner/da-lat/Keyword Stats 2026-02-23 at 00_28_27.csv,Viết guide/review; ưu tiên long-tail; tạo topic hub và internal link về trang dịch vụ,B,2500.0,-100.0%,0
du lịch đà lạt saigontourist,Di chuyển Đà Lạt,Di chuyển,In-scope Đà Lạt,Informational,50,N/A,N/A,N/A,Planner (Thấp),data/google_planner/da-lat/Keyword Stats 2026-02-23 at 00_28_27.csv,Viết guide/review; ưu tiên long-tail; tạo topic hub và internal link về trang dịch vụ,B,2500.0,0%,0
fiditour đà lạt,Di chuyển Đà Lạt,Di chuyển,In-scope Đà Lạt,Informational,50,N/A,N/A,N/A,Planner (Thấp),data/google_planner/da-lat/Keyword Stats 2026-02-23 at 00_28_27.csv,Viết guide/review; ưu tiên long-tail; tạo topic hub và internal link về trang dịch vụ,B,2500.0,0%,0
intour đà lạt,Di chuyển Đà Lạt,Di chuyển,In-scope Đà Lạt,Informational,50,N/A,N/A,N/A,Planner (Thấp),data/google_planner/da-lat/Keyword Stats 2026-02-23 at 00_28_27.csv,Viết guide/review; ưu tiên long-tail; tạo topic hub và internal link về trang dịch vụ,B,2500.0,0%,0
kỷ nguyên tourist đà lạt,Di chuyển Đà Lạt,Di chuyển,In-scope Đà Lạt,Informational,50,N/A,N/A,N/A,Planner (Trung bình),data/google_planner/da-lat/Keyword Stats 2026-02-23 at 00_28_27.csv,Viết guide/review; ưu tiên long-tail; tạo topic hub và internal link về trang dịch vụ,B,2500.0,0%,0
latour dalat,Di chuyển Đà Lạt,Di chuyển,In-scope Đà Lạt,Informational,50,N/A,N/A,N/A,Planner (Thấp),data/google_planner/da-lat/Keyword Stats 2026-02-23 at 00_28_27.csv,Viết guide/review; ưu tiên long-tail; tạo topic hub và internal link về trang dịch vụ,B,2500.0,0%,0
latour đà lạt,Di chuyển Đà Lạt,Di chuyển,In-scope Đà Lạt,Informational,50,N/A,N/A,N/A,Planner (Thấp),data/google_planner/da-lat/Keyword Stats 2026-02-23 at 00_28_27.csv,Viết guide/review; ưu tiên long-tail; tạo topic hub và internal link về trang dịch vụ,B,2500.0,0%,0
saigontourist da lat,Di chuyển Đà Lạt,Di chuyển,In-scope Đà Lạt,Informational,50,N/A,N/A,N/A,Planner (Trung bình),data/google_planner/da-lat/Keyword Stats 2026-02-23 at 00_28_27.csv,Viết guide/review; ưu tiên long-tail; tạo topic hub và internal link về trang dịch vụ,B,2500.0,0%,0
vietnam tourist đà lạt,Di chuyển Đà Lạt,Di chuyển,In-scope Đà Lạt,Informational,50,N/A,N/A,N/A,Planner (Cao),data/google_planner/da-lat/Keyword Stats 2026-02-23 at 00_28_27.csv,Viết guide/review; ưu tiên long-tail; tạo topic hub và internal link về trang dịch vụ,B,2500.0,0%,0
đà lạt saigontourist,Di chuyển Đà Lạt,Di chuyển,In-scope Đà Lạt,Informational,50,N/A,N/A,N/A,Planner (Thấp),data/google_planner/da-lat/Keyword Stats 2026-02-23 at 00_28_27.csv,Viết guide/review; ưu tiên long-tail; tạo topic hub và internal link về trang dịch vụ,B,2500.0,0%,0
tour dalat 3 ngay 2 dem,Di chuyển Đà Lạt,Di chuyển,In-scope Đà Lạt,Transaction,50,N/A,N/A,N/A,Planner (Cao),data/google_planner/da-lat/Keyword Stats 2026-02-23 at 00_28_27.csv,"Tạo landing chuyển đổi (giá/vé/đặt chỗ), gom vào cluster page + build backlink nội bộ",B,2500.0,0%,0
tour đà lạt 3 ngày 2 đêm du lịch việt,Di chuyển Đà Lạt,Di chuyển,In-scope Đà Lạt,Transaction,50,N/A,N/A,N/A,Planner (Trung bình),data/google_planner/da-lat/Keyword Stats 2026-02-23 at 00_28_27.csv,"Tạo landing chuyển đổi (giá/vé/đặt chỗ), gom vào cluster page + build backlink nội bộ",B,2500.0,0%,0
tour đà lạt 1 ngày uy tín,Di chuyển Đà Lạt,Di chuyển,In-scope Đà Lạt,Transaction,50,N/A,N/A,N/A,Planner (Cao),data/google_planner/da-lat/Keyword Stats 2026-02-23 at 00_28_27.csv,"Tạo landing chuyển đổi (giá/vé/đặt chỗ), gom vào cluster page + build backlink nội bộ",B,2500.0,0%,0
bằng giá tour du lịch đà lạt,Di chuyển Đà Lạt,Di chuyển,In-scope Đà Lạt,Transaction,50,N/A,N/A,N/A,Planner (Không xác định),data/google_planner/da-lat/Keyword Stats 2026-02-23 at 00_28_27.csv,"Tạo landing chuyển đổi (giá/vé/đặt chỗ), gom vào cluster page + build backlink nội bộ",B,2500.0,0%,0
chương trình tour đà lạt 4 ngày 3 đêm,Di chuyển Đà Lạt,Di chuyển,In-scope Đà Lạt,Transaction,50,N/A,N/A,N/A,Planner (Thấp),data/google_planner/da-lat/Keyword Stats 2026-02-23 at 00_28_27.csv,"Tạo landing chuyển đổi (giá/vé/đặt chỗ), gom vào cluster page + build backlink nội bộ",B,2500.0,0%,0
dat tour da lat,Di chuyển Đà Lạt,Di chuyển,In-scope Đà Lạt,Transaction,50,N/A,N/A,N/A,Planner (Không xác định),data/google_planner/da-lat/Keyword Stats 2026-02-23 at 00_28_27.csv,"Tạo landing chuyển đổi (giá/vé/đặt chỗ), gom vào cluster page + build backlink nội bộ",B,2500.0,0%,0
gia tour da lat,Di chuyển Đà Lạt,Di chuyển,In-scope Đà Lạt,Transaction,50,N/A,N/A,N/A,Planner (Trung bình),data/google_planner/da-lat/Keyword Stats 2026-02-23 at 00_28_27.csv,"Tạo landing chuyển đổi (giá/vé/đặt chỗ), gom vào cluster page + build backlink nội bộ",B,2500.0,0%,0
gia tour da lat 3 ngay 2 dem,Di chuyển Đà Lạt,Di chuyển,In-scope Đà Lạt,Transaction,50,N/A,N/A,N/A,Planner (Cao),data/google_planner/da-lat/Keyword Stats 2026-02-23 at 00_28_27.csv,"Tạo landing chuyển đổi (giá/vé/đặt chỗ), gom vào cluster page + build backlink nội bộ",B,2500.0,0%,0
gia tour du lich da lat,Di chuyển Đà Lạt,Di chuyển,In-scope Đà Lạt,Transaction,50,N/A,N/A,N/A,Planner (Không xác định),data/google_planner/da-lat/Keyword Stats 2026-02-23 at 00_28_27.csv,"Tạo landing chuyển đổi (giá/vé/đặt chỗ), gom vào cluster page + build backlink nội bộ",B,2500.0,-100.0%,0
gia tour du lich da lat 4 ngay 3 dem,Di chuyển Đà Lạt,Di chuyển,In-scope Đà Lạt,Transaction,50,N/A,N/A,N/A,Planner (Trung bình),data/google_planner/da-lat/Keyword Stats 2026-02-23 at 00_28_27.csv,"Tạo landing chuyển đổi (giá/vé/đặt chỗ), gom vào cluster page + build backlink nội bộ",B,2500.0,0%,0
giá tour du lịch đà lạt 3 ngày 2 đêm,Di chuyển Đà Lạt,Di chuyển,In-scope Đà Lạt,Transaction,50,N/A,N/A,N/A,Planner (Trung bình),data/google_planner/da-lat/Keyword Stats 2026-02-23 at 00_28_27.csv,"Tạo landing chuyển đổi (giá/vé/đặt chỗ), gom vào cluster page + build backlink nội bộ",B,2500.0,0%,0
giá tour du lịch đà lạt 4 ngày 3 đêm,Di chuyển Đà Lạt,Di chuyển,In-scope Đà Lạt,Transaction,50,N/A,N/A,N/A,Planner (Thấp),data/google_planner/da-lat/Keyword Stats 2026-02-23 at 00_28_27.csv,"Tạo landing chuyển đổi (giá/vé/đặt chỗ), gom vào cluster page + build backlink nội bộ",B,2500.0,0%,0
giá tour đi đà lạt 2 ngày 1 đêm,Di chuyển Đà Lạt,Di chuyển,In-scope Đà Lạt,Transaction,50,N/A,N/A,N/A,Planner (Trung bình),data/google_planner/da-lat/Keyword Stats 2026-02-23 at 00_28_27.csv,"Tạo landing chuyển đổi (giá/vé/đặt chỗ), gom vào cluster page + build backlink nội bộ",B,2500.0,0%,0
giá tour đi đà lạt 4 ngày 3 đêm,Di chuyển Đà Lạt,Di chuyển,In-scope Đà Lạt,Transaction,50,N/A,N/A,N/A,Planner (Cao),data/google_planner/da-lat/Keyword Stats 2026-02-23 at 00_28_27.csv,"Tạo landing chuyển đổi (giá/vé/đặt chỗ), gom vào cluster page + build backlink nội bộ",B,2500.0,0%,0
giá tour đà lạt 3 ngày 3 đêm,Di chuyển Đà Lạt,Di chuyển,In-scope Đà Lạt,Transaction,50,N/A,N/A,N/A,Planner (Trung bình),data/google_planner/da-lat/Keyword Stats 2026-02-23 at 00_28_27.csv,"Tạo landing chuyển đổi (giá/vé/đặt chỗ), gom vào cluster page + build backlink nội bộ",B,2500.0,0%,0
giá tour đà lạt 4 ngày 3 đêm,Di chuyển Đà Lạt,Di chuyển,In-scope Đà Lạt,Transaction,50,N/A,N/A,N/A,Planner (Thấp),data/google_planner/da-lat/Keyword Stats 2026-02-23 at 00_28_27.csv,"Tạo landing chuyển đổi (giá/vé/đặt chỗ), gom vào cluster page + build backlink nội bộ",B,2500.0,0%,0
giá vé tour du lịch đà lạt,Di chuyển Đà Lạt,Di chuyển,In-scope Đà Lạt,Transaction,50,N/A,N/A,N/A,Planner (Cao),data/google_planner/da-lat/Keyword Stats 2026-02-23 at 00_28_27.csv,"Tạo landing chuyển đổi (giá/vé/đặt chỗ), gom vào cluster page + build backlink nội bộ",B,2500.0,0%,0
giá vé đi tour đà lạt,Di chuyển Đà Lạt,Di chuyển,In-scope Đà Lạt,Transaction,50,N/A,N/A,N/A,Planner (Trung bình),data/google_planner/da-lat/Keyword Stats 2026-02-23 at 00_28_27.csv,"Tạo landing chuyển đổi (giá/vé/đặt chỗ), gom vào cluster page + build backlink nội bộ",B,2500.0,0%,0
giá đi tour đà lạt,Di chuyển Đà Lạt,Di chuyển,In-scope Đà Lạt,Transaction,50,N/A,N/A,N/A,Planner (Không xác định),data/google_planner/da-lat/Keyword Stats 2026-02-23 at 00_28_27.csv,"Tạo landing chuyển đổi (giá/vé/đặt chỗ), gom vào cluster page + build backlink nội bộ",B,2500.0,0%,0
gợi ý tour đà lạt 2 ngày 1 đêm,Di chuyển Đà Lạt,Di chuyển,In-scope Đà Lạt,Transaction,50,N/A,N/A,N/A,Planner (Không xác định),data/google_planner/da-lat/Keyword Stats 2026-02-23 at 00_28_27.csv,"Tạo landing chuyển đổi (giá/vé/đặt chỗ), gom vào cluster page + build backlink nội bộ",B,2500.0,-100.0%,0
lịch trình tour đà lạt 4 ngày 3 đêm,Di chuyển Đà Lạt,Di chuyển,In-scope Đà Lạt,Transaction,50,N/A,N/A,N/A,Planner (Thấp),data/google_planner/da-lat/Keyword Stats 2026-02-23 at 00_28_27.csv,"Tạo landing chuyển đổi (giá/vé/đặt chỗ), gom vào cluster page + build backlink nội bộ",B,2500.0,0%,0
mua tour du lịch tại đà lạt,Di chuyển Đà Lạt,Di chuyển,In-scope Đà Lạt,Transaction,50,N/A,N/A,N/A,Planner (Không xác định),data/google_planner/da-lat/Keyword Stats 2026-02-23 at 00_28_27.csv,"Tạo landing chuyển đổi (giá/vé/đặt chỗ), gom vào cluster page + build backlink nội bộ",B,2500.0,0%,0
mua tour du lịch đà lạt,Di chuyển Đà Lạt,Di chuyển,In-scope Đà Lạt,Transaction,50,N/A,N/A,N/A,Planner (Không xác định),data/google_planner/da-lat/Keyword Stats 2026-02-23 at 00_28_27.csv,"Tạo landing chuyển đổi (giá/vé/đặt chỗ), gom vào cluster page + build backlink nội bộ",B,2500.0,-100.0%,0
mua tour tại đà lạt,Di chuyển Đà Lạt,Di chuyển,In-scope Đà Lạt,Transaction,50,N/A,N/A,N/A,Planner (Cao),data/google_planner/da-lat/Keyword Stats 2026-02-23 at 00_28_27.csv,"Tạo landing chuyển đổi (giá/vé/đặt chỗ), gom vào cluster page + build backlink nội bộ",B,2500.0,0%,0
mua tour đà lạt 1 ngày,Di chuyển Đà Lạt,Di chuyển,In-scope Đà Lạt,Transaction,50,N/A,N/A,N/A,Planner (Không xác định),data/google_planner/da-lat/Keyword Stats 2026-02-23 at 00_28_27.csv,"Tạo landing chuyển đổi (giá/vé/đặt chỗ), gom vào cluster page + build backlink nội bộ",B,2500.0,0%,0
tour 1 ngay da lat,Di chuyển Đà Lạt,Di chuyển,In-scope Đà Lạt,Transaction,50,N/A,N/A,N/A,Planner (Trung bình),data/google_planner/da-lat/Keyword Stats 2026-02-23 at 00_28_27.csv,"Tạo landing chuyển đổi (giá/vé/đặt chỗ), gom vào cluster page + build backlink nội bộ",B,2500.0,0%,0
tour 1 ngay dalat,Di chuyển Đà Lạt,Di chuyển,In-scope Đà Lạt,Transaction,50,N/A,N/A,N/A,Planner (Không xác định),data/google_planner/da-lat/Keyword Stats 2026-02-23 at 00_28_27.csv,"Tạo landing chuyển đổi (giá/vé/đặt chỗ), gom vào cluster page + build backlink nội bộ",B,2500.0,-100.0%,0
tour 1 ngay o da lat,Di chuyển Đà Lạt,Di chuyển,In-scope Đà Lạt,Transaction,50,N/A,N/A,N/A,Planner (Không xác định),data/google_planner/da-lat/Keyword Stats 2026-02-23 at 00_28_27.csv,"Tạo landing chuyển đổi (giá/vé/đặt chỗ), gom vào cluster page + build backlink nội bộ",B,2500.0,-100.0%,0
tour 4 ngày 3 đêm đà lạt,Di chuyển Đà Lạt,Di chuyển,In-scope Đà Lạt,Transaction,50,N/A,N/A,N/A,Planner (Thấp),data/google_planner/da-lat/Keyword Stats 2026-02-23 at 00_28_27.csv,"Tạo landing chuyển đổi (giá/vé/đặt chỗ), gom vào cluster page + build backlink nội bộ",B,2500.0,0%,0
tour buôn mê thuột đà lạt 5 ngày 4 đêm,Di chuyển Đà Lạt,Di chuyển,In-scope Đà Lạt,Transaction,50,N/A,N/A,N/A,Planner (Thấp),data/google_planner/da-lat/Keyword Stats 2026-02-23 at 00_28_27.csv,"Tạo landing chuyển đổi (giá/vé/đặt chỗ), gom vào cluster page + build backlink nội bộ",B,2500.0,0%,0
tour da lat 1 ngay ghep doan,Di chuyển Đà Lạt,Di chuyển,In-scope Đà Lạt,Transaction,50,N/A,N/A,N/A,Planner (Trung bình),data/google_planner/da-lat/Keyword Stats 2026-02-23 at 00_28_27.csv,"Tạo landing chuyển đổi (giá/vé/đặt chỗ), gom vào cluster page + build backlink nội bộ",B,2500.0,0%,0
tour da lat 2 ngay,Di chuyển Đà Lạt,Di chuyển,In-scope Đà Lạt,Transaction,50,N/A,N/A,N/A,Planner (Cao),data/google_planner/da-lat/Keyword Stats 2026-02-23 at 00_28_27.csv,"Tạo landing chuyển đổi (giá/vé/đặt chỗ), gom vào cluster page + build backlink nội bộ",B,2500.0,0%,0
tour da lat 2 ngay 1 dem,Di chuyển Đà Lạt,Di chuyển,In-scope Đà Lạt,Transaction,50,N/A,N/A,N/A,Planner (Trung bình),data/google_planner/da-lat/Keyword Stats 2026-02-23 at 00_28_27.csv,"Tạo landing chuyển đổi (giá/vé/đặt chỗ), gom vào cluster page + build backlink nội bộ",B,2500.0,0%,0
tour da lat 2 ngay 2 dem,Di chuyển Đà Lạt,Di chuyển,In-scope Đà Lạt,Transaction,50,N/A,N/A,N/A,Planner (Thấp),data/google_planner/da-lat/Keyword Stats 2026-02-23 at 00_28_27.csv,"Tạo landing chuyển đổi (giá/vé/đặt chỗ), gom vào cluster page + build backlink nội bộ",B,2500.0,0%,0
tour da lat 3 ngay,Di chuyển Đà Lạt,Di chuyển,In-scope Đà Lạt,Transaction,50,N/A,N/A,N/A,Planner (Thấp),data/google_planner/da-lat/Keyword Stats 2026-02-23 at 00_28_27.csv,"Tạo landing chuyển đổi (giá/vé/đặt chỗ), gom vào cluster page + build backlink nội bộ",B,2500.0,0%,0
tour da lat 3 ngay 2 dem vietravel,Di chuyển Đà Lạt,Di chuyển,In-scope Đà Lạt,Transaction,50,N/A,N/A,N/A,Planner (Không xác định),data/google_planner/da-lat/Keyword Stats 2026-02-23 at 00_28_27.csv,"Tạo landing chuyển đổi (giá/vé/đặt chỗ), gom vào cluster page + build backlink nội bộ",B,2500.0,-100.0%,0
tour da lat 3 ngay 3 dem,Di chuyển Đà Lạt,Di chuyển,In-scope Đà Lạt,Transaction,50,N/A,N/A,N/A,Planner (Thấp),data/google_planner/da-lat/Keyword Stats 2026-02-23 at 00_28_27.csv,"Tạo landing chuyển đổi (giá/vé/đặt chỗ), gom vào cluster page + build backlink nội bộ",B,2500.0,-99.0%,0
tour da lat 3 ngày 2 đêm,Di chuyển Đà Lạt,Di chuyển,In-scope Đà Lạt,Transaction,50,N/A,N/A,N/A,Planner (Trung bình),data/google_planner/da-lat/Keyword Stats 2026-02-23 at 00_28_27.csv,"Tạo landing chuyển đổi (giá/vé/đặt chỗ), gom vào cluster page + build backlink nội bộ",B,2500.0,0%,0
tour da lat 4 ngay 3 dem,Di chuyển Đà Lạt,Di chuyển,In-scope Đà Lạt,Transaction,50,N/A,N/A,N/A,Planner (Thấp),data/google_planner/da-lat/Keyword Stats 2026-02-23 at 00_28_27.csv,"Tạo landing chuyển đổi (giá/vé/đặt chỗ), gom vào cluster page + build backlink nội bộ",B,2500.0,0%,0
tour da lat 4 ngay 3 dem viettravel,Di chuyển Đà Lạt,Di chuyển,In-scope Đà Lạt,Transaction,50,N/A,N/A,N/A,Planner (Không xác định),data/google_planner/da-lat/Keyword Stats 2026-02-23 at 00_28_27.csv,"Tạo landing chuyển đổi (giá/vé/đặt chỗ), gom vào cluster page + build backlink nội bộ",B,2500.0,-100.0%,0
tour da lat gia re,Di chuyển Đà Lạt,Di chuyển,In-scope Đà Lạt,Transaction,50,N/A,N/A,N/A,Planner (Thấp),data/google_planner/da-lat/Keyword Stats 2026-02-23 at 00_28_27.csv,"Tạo landing chuyển đổi (giá/vé/đặt chỗ), gom vào cluster page + build backlink nội bộ",B,2500.0,0%,0
tour dalat 4 ngay 3 dem,Di chuyển Đà Lạt,Di chuyển,In-scope Đà Lạt,Transaction,50,N/A,N/A,N/A,Planner (Thấp),data/google_planner/da-lat/Keyword Stats 2026-02-23 at 00_28_27.csv,"Tạo landing chuyển đổi (giá/vé/đặt chỗ), gom vào cluster page + build backlink nội bộ",B,2500.0,0%,0
tour dalat gia re,Di chuyển Đà Lạt,Di chuyển,In-scope Đà Lạt,Transaction,50,N/A,N/A,N/A,Planner (Cao),data/google_planner/da-lat/Keyword Stats 2026-02-23 at 00_28_27.csv,"Tạo landing chuyển đổi (giá/vé/đặt chỗ), gom vào cluster page + build backlink nội bộ",B,2500.0,0%,0
tour di da lat gia re,Di chuyển Đà Lạt,Di chuyển,In-scope Đà Lạt,Transaction,50,N/A,N/A,N/A,Planner (Không xác định),data/google_planner/da-lat/Keyword Stats 2026-02-23 at 00_28_27.csv,"Tạo landing chuyển đổi (giá/vé/đặt chỗ), gom vào cluster page + build backlink nội bộ",B,2500.0,0%,0
tour du lich da lat 1 ngay,Di chuyển Đà Lạt,Di chuyển,In-scope Đà Lạt,Transaction,50,N/A,N/A,N/A,Planner (Thấp),data/google_planner/da-lat/Keyword Stats 2026-02-23 at 00_28_27.csv,"Tạo landing chuyển đổi (giá/vé/đặt chỗ), gom vào cluster page + build backlink nội bộ",B,2500.0,0%,0
tour du lich da lat 2 ngay 1 dem,Di chuyển Đà Lạt,Di chuyển,In-scope Đà Lạt,Transaction,50,N/A,N/A,N/A,Planner (Cao),data/google_planner/da-lat/Keyword Stats 2026-02-23 at 00_28_27.csv,"Tạo landing chuyển đổi (giá/vé/đặt chỗ), gom vào cluster page + build backlink nội bộ",B,2500.0,0%,0
tour du lich da lat 2 ngay 2 dem,Di chuyển Đà Lạt,Di chuyển,In-scope Đà Lạt,Transaction,50,N/A,N/A,N/A,Planner (Không xác định),data/google_planner/da-lat/Keyword Stats 2026-02-23 at 00_28_27.csv,"Tạo landing chuyển đổi (giá/vé/đặt chỗ), gom vào cluster page + build backlink nội bộ",B,2500.0,0%,0
tour du lich da lat 4 ngay 3 dem,Di chuyển Đà Lạt,Di chuyển,In-scope Đà Lạt,Transaction,50,N/A,N/A,N/A,Planner (Thấp),data/google_planner/da-lat/Keyword Stats 2026-02-23 at 00_28_27.csv,"Tạo landing chuyển đổi (giá/vé/đặt chỗ), gom vào cluster page + build backlink nội bộ",B,2500.0,0%,0
tour du lich da lat gia re,Di chuyển Đà Lạt,Di chuyển,In-scope Đà Lạt,Transaction,50,N/A,N/A,N/A,Planner (Cao),data/google_planner/da-lat/Keyword Stats 2026-02-23 at 00_28_27.csv,"Tạo landing chuyển đổi (giá/vé/đặt chỗ), gom vào cluster page + build backlink nội bộ",B,2500.0,0%,0
tour du lịch 1 ngày tại đà lạt,Di chuyển Đà Lạt,Di chuyển,In-scope Đà Lạt,Transaction,50,N/A,N/A,N/A,Planner (Trung bình),data/google_planner/da-lat/Keyword Stats 2026-02-23 at 00_28_27.csv,"Tạo landing chuyển đổi (giá/vé/đặt chỗ), gom vào cluster page + build backlink nội bộ",B,2500.0,0%,0
tour du lịch 1 ngày đà lạt,Di chuyển Đà Lạt,Di chuyển,In-scope Đà Lạt,Transaction,50,N/A,N/A,N/A,Planner (Thấp),data/google_planner/da-lat/Keyword Stats 2026-02-23 at 00_28_27.csv,"Tạo landing chuyển đổi (giá/vé/đặt chỗ), gom vào cluster page + build backlink nội bộ",B,2500.0,0%,0
tour du lịch dalat giá rẻ,Di chuyển Đà Lạt,Di chuyển,In-scope Đà Lạt,Transaction,50,N/A,N/A,N/A,Planner (Thấp),data/google_planner/da-lat/Keyword Stats 2026-02-23 at 00_28_27.csv,"Tạo landing chuyển đổi (giá/vé/đặt chỗ), gom vào cluster page + build backlink nội bộ",B,2500.0,0%,0
tour du lịch giá rẻ đà lạt,Di chuyển Đà Lạt,Di chuyển,In-scope Đà Lạt,Transaction,50,N/A,N/A,N/A,Planner (Cao),data/google_planner/da-lat/Keyword Stats 2026-02-23 at 00_28_27.csv,"Tạo landing chuyển đổi (giá/vé/đặt chỗ), gom vào cluster page + build backlink nội bộ",B,2500.0,0%,0
tour du lịch rạch giá đà lạt,Di chuyển Đà Lạt,Di chuyển,In-scope Đà Lạt,Transaction,50,N/A,N/A,N/A,Planner (Thấp),data/google_planner/da-lat/Keyword Stats 2026-02-23 at 00_28_27.csv,"Tạo landing chuyển đổi (giá/vé/đặt chỗ), gom vào cluster page + build backlink nội bộ",B,2500.0,0%,0
tour du lịch đà lạt 2 ngày,Di chuyển Đà Lạt,Di chuyển,In-scope Đà Lạt,Transaction,50,N/A,N/A,N/A,Planner (Cao),data/google_planner/da-lat/Keyword Stats 2026-02-23 at 00_28_27.csv,"Tạo landing chuyển đổi (giá/vé/đặt chỗ), gom vào cluster page + build backlink nội bộ",B,2500.0,0%,0
tour du lịch đà lạt 3 ngày 2 đêm saigontourist,Di chuyển Đà Lạt,Di chuyển,In-scope Đà Lạt,Transaction,50,N/A,N/A,N/A,Planner (Thấp),data/google_planner/da-lat/Keyword Stats 2026-02-23 at 00_28_27.csv,"Tạo landing chuyển đổi (giá/vé/đặt chỗ), gom vào cluster page + build backlink nội bộ",B,2500.0,0%,0
tour du lịch đà lạt 4 ngày,Di chuyển Đà Lạt,Di chuyển,In-scope Đà Lạt,Transaction,50,N/A,N/A,N/A,Planner (Cao),data/google_planner/da-lat/Keyword Stats 2026-02-23 at 00_28_27.csv,"Tạo landing chuyển đổi (giá/vé/đặt chỗ), gom vào cluster page + build backlink nội bộ",B,2500.0,0%,0
tour du lịch đà lạt 4 ngày 3 đêm saigontourist,Di chuyển Đà Lạt,Di chuyển,In-scope Đà Lạt,Transaction,50,N/A,N/A,N/A,Planner (Trung bình),data/google_planner/da-lat/Keyword Stats 2026-02-23 at 00_28_27.csv,"Tạo landing chuyển đổi (giá/vé/đặt chỗ), gom vào cluster page + build backlink nội bộ",B,2500.0,0%,0
tour du lịch đà lạt 4 ngày 3 đêm vietravel,Di chuyển Đà Lạt,Di chuyển,In-scope Đà Lạt,Transaction,50,N/A,N/A,N/A,Planner (Trung bình),data/google_planner/da-lat/Keyword Stats 2026-02-23 at 00_28_27.csv,"Tạo landing chuyển đổi (giá/vé/đặt chỗ), gom vào cluster page + build backlink nội bộ",B,2500.0,0%,0
tour du lịch đà lạt cho gia đình,Di chuyển Đà Lạt,Di chuyển,In-scope Đà Lạt,Transaction,50,N/A,N/A,N/A,Planner (Thấp),data/google_planner/da-lat/Keyword Stats 2026-02-23 at 00_28_27.csv,"Tạo landing chuyển đổi (giá/vé/đặt chỗ), gom vào cluster page + build backlink nội bộ",B,2500.0,0%,0
tour ghep da lat 1 ngay,Di chuyển Đà Lạt,Di chuyển,In-scope Đà Lạt,Transaction,50,N/A,N/A,N/A,Planner (Thấp),data/google_planner/da-lat/Keyword Stats 2026-02-23 at 00_28_27.csv,"Tạo landing chuyển đổi (giá/vé/đặt chỗ), gom vào cluster page + build backlink nội bộ",B,2500.0,0%,0
tour mũi né đà lạt 4 ngày 3 đêm,Di chuyển Đà Lạt,Di chuyển,In-scope Đà Lạt,Transaction,50,N/A,N/A,N/A,Planner (Thấp),data/google_planner/da-lat/Keyword Stats 2026-02-23 at 00_28_27.csv,"Tạo landing chuyển đổi (giá/vé/đặt chỗ), gom vào cluster page + build backlink nội bộ",B,2500.0,0%,0
tour mũi né đà lạt 5 ngày 4 đêm,Di chuyển Đà Lạt,Di chuyển,In-scope Đà Lạt,Transaction,50,N/A,N/A,N/A,Planner (Cao),data/google_planner/da-lat/Keyword Stats 2026-02-23 at 00_28_27.csv,"Tạo landing chuyển đổi (giá/vé/đặt chỗ), gom vào cluster page + build backlink nội bộ",B,2500.0,0%,0
tour nghỉ dưỡng đà lạt 3 ngày 2 đêm,Di chuyển Đà Lạt,Di chuyển,In-scope Đà Lạt,Transaction,50,N/A,N/A,N/A,Planner (Không xác định),data/google_planner/da-lat/Keyword Stats 2026-02-23 at 00_28_27.csv,"Tạo landing chuyển đổi (giá/vé/đặt chỗ), gom vào cluster page + build backlink nội bộ",B,2500.0,-100.0%,0
tour ngoại thành đà lạt 1 ngày,Di chuyển Đà Lạt,Di chuyển,In-scope Đà Lạt,Transaction,50,N/A,N/A,N/A,Planner (Không xác định),data/google_planner/da-lat/Keyword Stats 2026-02-23 at 00_28_27.csv,"Tạo landing chuyển đổi (giá/vé/đặt chỗ), gom vào cluster page + build backlink nội bộ",B,2500.0,-100.0%,0
tour ninh chữ đà lạt 4 ngày 3 đêm,Di chuyển Đà Lạt,Di chuyển,In-scope Đà Lạt,Transaction,50,N/A,N/A,N/A,Planner (Thấp),data/google_planner/da-lat/Keyword Stats 2026-02-23 at 00_28_27.csv,"Tạo landing chuyển đổi (giá/vé/đặt chỗ), gom vào cluster page + build backlink nội bộ",B,2500.0,0%,0
tour nội thành đà lạt 1 ngày,Di chuyển Đà Lạt,Di chuyển,In-scope Đà Lạt,Transaction,50,N/A,N/A,N/A,Planner (Không xác định),data/google_planner/da-lat/Keyword Stats 2026-02-23 at 00_28_27.csv,"Tạo landing chuyển đổi (giá/vé/đặt chỗ), gom vào cluster page + build backlink nội bộ",B,2500.0,0%,0
tour rạch giá đà lạt,Di chuyển Đà Lạt,Di chuyển,In-scope Đà Lạt,Transaction,50,N/A,N/A,N/A,Planner (Thấp),data/google_planner/da-lat/Keyword Stats 2026-02-23 at 00_28_27.csv,"Tạo landing chuyển đổi (giá/vé/đặt chỗ), gom vào cluster page + build backlink nội bộ",B,2500.0,0%,0
tour săn mây đà lạt giá rẻ,Di chuyển Đà Lạt,Di chuyển,In-scope Đà Lạt,Transaction,50,N/A,N/A,N/A,Planner (Trung bình),data/google_planner/da-lat/Keyword Stats 2026-02-23 at 00_28_27.csv,"Tạo landing chuyển đổi (giá/vé/đặt chỗ), gom vào cluster page + build backlink nội bộ",B,2500.0,0%,0
tour tham quan đà lạt 3 ngày 2 đêm,Di chuyển Đà Lạt,Di chuyển,In-scope Đà Lạt,Transaction,50,N/A,N/A,N/A,Planner (Trung bình),data/google_planner/da-lat/Keyword Stats 2026-02-23 at 00_28_27.csv,"Tạo landing chuyển đổi (giá/vé/đặt chỗ), gom vào cluster page + build backlink nội bộ",B,2500.0,0%,0
tour tham quan đà lạt 4 ngày 3 đêm,Di chuyển Đà Lạt,Di chuyển,In-scope Đà Lạt,Transaction,50,N/A,N/A,N/A,Planner (Không xác định),data/google_planner/da-lat/Keyword Stats 2026-02-23 at 00_28_27.csv,"Tạo landing chuyển đổi (giá/vé/đặt chỗ), gom vào cluster page + build backlink nội bộ",B,2500.0,0%,0
tour đi đà lạt 1 ngày,Di chuyển Đà Lạt,Di chuyển,In-scope Đà Lạt,Transaction,50,N/A,N/A,N/A,Planner (Trung bình),data/google_planner/da-lat/Keyword Stats 2026-02-23 at 00_28_27.csv,"Tạo landing chuyển đổi (giá/vé/đặt chỗ), gom vào cluster page + build backlink nội bộ",B,2500.0,0%,0
tour đi đà lạt 2 ngày 2 đêm,Di chuyển Đà Lạt,Di chuyển,In-scope Đà Lạt,Transaction,50,N/A,N/A,N/A,Planner (Cao),data/google_planner/da-lat/Keyword Stats 2026-02-23 at 00_28_27.csv,"Tạo landing chuyển đổi (giá/vé/đặt chỗ), gom vào cluster page + build backlink nội bộ",B,2500.0,0%,0
tour đi đà lạt 3 ngày,Di chuyển Đà Lạt,Di chuyển,In-scope Đà Lạt,Transaction,50,N/A,N/A,N/A,Planner (Thấp),data/google_planner/da-lat/Keyword Stats 2026-02-23 at 00_28_27.csv,"Tạo landing chuyển đổi (giá/vé/đặt chỗ), gom vào cluster page + build backlink nội bộ",B,2500.0,0%,0
tour đi đà lạt giá rẻ,Di chuyển Đà Lạt,Di chuyển,In-scope Đà Lạt,Transaction,50,N/A,N/A,N/A,Planner (Không xác định),data/google_planner/da-lat/Keyword Stats 2026-02-23 at 00_28_27.csv,"Tạo landing chuyển đổi (giá/vé/đặt chỗ), gom vào cluster page + build backlink nội bộ",B,2500.0,-100.0%,0
tour đà lạt 1 ngày chất lượng,Di chuyển Đà Lạt,Di chuyển,In-scope Đà Lạt,Transaction,50,N/A,N/A,N/A,Planner (Không xác định),data/google_planner/da-lat/Keyword Stats 2026-02-23 at 00_28_27.csv,"Tạo landing chuyển đổi (giá/vé/đặt chỗ), gom vào cluster page + build backlink nội bộ",B,2500.0,0%,0
tour đà lạt 1 ngày giá rẻ,Di chuyển Đà Lạt,Di chuyển,In-scope Đà Lạt,Transaction,50,N/A,N/A,N/A,Planner (Thấp),data/google_planner/da-lat/Keyword Stats 2026-02-23 at 00_28_27.csv,"Tạo landing chuyển đổi (giá/vé/đặt chỗ), gom vào cluster page + build backlink nội bộ",B,2500.0,0%,0
tour đà lạt 2 ngày,Di chuyển Đà Lạt,Di chuyển,In-scope Đà Lạt,Transaction,50,N/A,N/A,N/A,Planner (Trung bình),data/google_planner/da-lat/Keyword Stats 2026-02-23 at 00_28_27.csv,"Tạo landing chuyển đổi (giá/vé/đặt chỗ), gom vào cluster page + build backlink nội bộ",B,2500.0,0%,0
tour đà lạt 2 ngày 1 đêm máy bay,Di chuyển Đà Lạt,Di chuyển,In-scope Đà Lạt,Transaction,50,N/A,N/A,N/A,Planner (Thấp),data/google_planner/da-lat/Keyword Stats 2026-02-23 at 00_28_27.csv,"Tạo landing chuyển đổi (giá/vé/đặt chỗ), gom vào cluster page + build backlink nội bộ",B,2500.0,0%,0
tour đà lạt 2 ngày 2 đêm máy bay,Di chuyển Đà Lạt,Di chuyển,In-scope Đà Lạt,Transaction,50,N/A,N/A,N/A,Planner (Trung bình),data/google_planner/da-lat/Keyword Stats 2026-02-23 at 00_28_27.csv,"Tạo landing chuyển đổi (giá/vé/đặt chỗ), gom vào cluster page + build backlink nội bộ",B,2500.0,0%,0
tour đà lạt 3 ngày 2 đêm 2022,Di chuyển Đà Lạt,Di chuyển,In-scope Đà Lạt,Transaction,50,N/A,N/A,N/A,Planner (Không xác định),data/google_planner/da-lat/Keyword Stats 2026-02-23 at 00_28_27.csv,"Tạo landing chuyển đổi (giá/vé/đặt chỗ), gom vào cluster page + build backlink nội bộ",B,2500.0,0%,0
tour đà lạt 3 ngày 2 đêm bằng máy bay,Di chuyển Đà Lạt,Di chuyển,In-scope Đà Lạt,Transaction,50,N/A,N/A,N/A,Planner (Cao),data/google_planner/da-lat/Keyword Stats 2026-02-23 at 00_28_27.csv,"Tạo landing chuyển đổi (giá/vé/đặt chỗ), gom vào cluster page + build backlink nội bộ",B,2500.0,0%,0
tour đà lạt 3 ngày 2 đêm giường nằm,Di chuyển Đà Lạt,Di chuyển,In-scope Đà Lạt,Transaction,50,N/A,N/A,N/A,Planner (Không xác định),data/google_planner/da-lat/Keyword Stats 2026-02-23 at 00_28_27.csv,"Tạo landing chuyển đổi (giá/vé/đặt chỗ), gom vào cluster page + build backlink nội bộ",B,2500.0,-100.0%,0
tour đà lạt 3 ngày 2 đêm tự túc,Di chuyển Đà Lạt,Di chuyển,In-scope Đà Lạt,Transaction,50,N/A,N/A,N/A,Planner (Thấp),data/google_planner/da-lat/Keyword Stats 2026-02-23 at 00_28_27.csv,"Tạo landing chuyển đổi (giá/vé/đặt chỗ), gom vào cluster page + build backlink nội bộ",B,2500.0,0%,0
tour đà lạt 3 ngày 3 đêm giá rẻ,Di chuyển Đà Lạt,Di chuyển,In-scope Đà Lạt,Transaction,50,N/A,N/A,N/A,Planner (Trung bình),data/google_planner/da-lat/Keyword Stats 2026-02-23 at 00_28_27.csv,"Tạo landing chuyển đổi (giá/vé/đặt chỗ), gom vào cluster page + build backlink nội bộ",B,2500.0,0%,0
tour đà lạt 3 ngày 3 đêm máy bay,Di chuyển Đà Lạt,Di chuyển,In-scope Đà Lạt,Transaction,50,N/A,N/A,N/A,Planner (Không xác định),data/google_planner/da-lat/Keyword Stats 2026-02-23 at 00_28_27.csv,"Tạo landing chuyển đổi (giá/vé/đặt chỗ), gom vào cluster page + build backlink nội bộ",B,2500.0,-100.0%,0
tour đà lạt 4 ngày,Di chuyển Đà Lạt,Di chuyển,In-scope Đà Lạt,Transaction,50,N/A,N/A,N/A,Planner (Thấp),data/google_planner/da-lat/Keyword Stats 2026-02-23 at 00_28_27.csv,"Tạo landing chuyển đổi (giá/vé/đặt chỗ), gom vào cluster page + build backlink nội bộ",B,2500.0,0%,0
tour đà lạt 4 ngày 3 đêm bằng máy bay,Di chuyển Đà Lạt,Di chuyển,In-scope Đà Lạt,Transaction,50,N/A,N/A,N/A,Planner (Thấp),data/google_planner/da-lat/Keyword Stats 2026-02-23 at 00_28_27.csv,"Tạo landing chuyển đổi (giá/vé/đặt chỗ), gom vào cluster page + build backlink nội bộ",B,2500.0,0%,0
tour đà lạt 4 ngày 3 đêm giá rẻ,Di chuyển Đà Lạt,Di chuyển,In-scope Đà Lạt,Transaction,50,N/A,N/A,N/A,Planner (Không xác định),data/google_planner/da-lat/Keyword Stats 2026-02-23 at 00_28_27.csv,"Tạo landing chuyển đổi (giá/vé/đặt chỗ), gom vào cluster page + build backlink nội bộ",B,2500.0,-100.0%,0
tour đà lạt 4 ngày 4 đêm,Di chuyển Đà Lạt,Di chuyển,In-scope Đà Lạt,Transaction,50,N/A,N/A,N/A,Planner (Thấp),data/google_planner/da-lat/Keyword Stats 2026-02-23 at 00_28_27.csv,"Tạo landing chuyển đổi (giá/vé/đặt chỗ), gom vào cluster page + build backlink nội bộ",B,2500.0,0%,0
tour đà lạt 5 ngày 4 đêm,Di chuyển Đà Lạt,Di chuyển,In-scope Đà Lạt,Transaction,50,N/A,N/A,N/A,Planner (Thấp),data/google_planner/da-lat/Keyword Stats 2026-02-23 at 00_28_27.csv,"Tạo landing chuyển đổi (giá/vé/đặt chỗ), gom vào cluster page + build backlink nội bộ",B,2500.0,0%,0
tour đà lạt 6 ngày 5 đêm,Di chuyển Đà Lạt,Di chuyển,In-scope Đà Lạt,Transaction,50,N/A,N/A,N/A,Planner (Thấp),data/google_planner/da-lat/Keyword Stats 2026-02-23 at 00_28_27.csv,"Tạo landing chuyển đổi (giá/vé/đặt chỗ), gom vào cluster page + build backlink nội bộ",B,2500.0,0%,0
tour đà lạt bao gồm vé máy bay,Di chuyển Đà Lạt,Di chuyển,In-scope Đà Lạt,Transaction,50,N/A,N/A,N/A,Planner (Không xác định),data/google_planner/da-lat/Keyword Stats 2026-02-23 at 00_28_27.csv,"Tạo landing chuyển đổi (giá/vé/đặt chỗ), gom vào cluster page + build backlink nội bộ",B,2500.0,-100.0%,0
tour đà lạt cho gia đình,Di chuyển Đà Lạt,Di chuyển,In-scope Đà Lạt,Transaction,50,N/A,N/A,N/A,Planner (Thấp),data/google_planner/da-lat/Keyword Stats 2026-02-23 at 00_28_27.csv,"Tạo landing chuyển đổi (giá/vé/đặt chỗ), gom vào cluster page + build backlink nội bộ",B,2500.0,0%,0
tour đà lạt gia đình,Di chuyển Đà Lạt,Di chuyển,In-scope Đà Lạt,Transaction,50,N/A,N/A,N/A,Planner (Trung bình),data/google_planner/da-lat/Keyword Stats 2026-02-23 at 00_28_27.csv,"Tạo landing chuyển đổi (giá/vé/đặt chỗ), gom vào cluster page + build backlink nội bộ",B,2500.0,0%,0
tour đà lạt giá rẻ 3 ngày 2 đêm,Di chuyển Đà Lạt,Di chuyển,In-scope Đà Lạt,Transaction,50,N/A,N/A,N/A,Planner (Cao),data/google_planner/da-lat/Keyword Stats 2026-02-23 at 00_28_27.csv,"Tạo landing chuyển đổi (giá/vé/đặt chỗ), gom vào cluster page + build backlink nội bộ",B,2500.0,0%,0
tour đà lạt trong tôi 1 ngày,Di chuyển Đà Lạt,Di chuyển,In-scope Đà Lạt,Transaction,50,N/A,N/A,N/A,Planner (Trung bình),data/google_planner/da-lat/Keyword Stats 2026-02-23 at 00_28_27.csv,"Tạo landing chuyển đổi (giá/vé/đặt chỗ), gom vào cluster page + build backlink nội bộ",B,2500.0,0%,0
đà lạt tour 3 ngày 2 đêm,Di chuyển Đà Lạt,Di chuyển,In-scope Đà Lạt,Transaction,50,N/A,N/A,N/A,Planner (Trung bình),data/google_planner/da-lat/Keyword Stats 2026-02-23 at 00_28_27.csv,"Tạo landing chuyển đổi (giá/vé/đặt chỗ), gom vào cluster page + build backlink nội bộ",B,2500.0,0%,0
đặt tour du lịch đà lạt 1 ngày,Di chuyển Đà Lạt,Di chuyển,In-scope Đà Lạt,Transaction,50,N/A,N/A,N/A,Planner (Cao),data/google_planner/da-lat/Keyword Stats 2026-02-23 at 00_28_27.csv,"Tạo landing chuyển đổi (giá/vé/đặt chỗ), gom vào cluster page + build backlink nội bộ",B,2500.0,0%,0
tour da lat 3n2d,Di chuyển Đà Lạt,Di chuyển,In-scope Đà Lạt,Commercial Investigation,50,N/A,N/A,N/A,Planner (Trung bình),data/google_planner/da-lat/Keyword Stats 2026-02-23 at 00_28_27.csv,Viết bài top-list/so sánh; map vào cluster hub; bổ sung schema + ảnh/UGC,B,2500.0,0%,0
tour đi dalat,Di chuyển Đà Lạt,Di chuyển,In-scope Đà Lạt,Commercial Investigation,50,N/A,N/A,N/A,Planner (Cao),data/google_planner/da-lat/Keyword Stats 2026-02-23 at 00_28_27.csv,Viết bài top-list/so sánh; map vào cluster hub; bổ sung schema + ảnh/UGC,B,2500.0,0%,0
book tour du lịch đà lạt,Di chuyển Đà Lạt,Di chuyển,In-scope Đà Lạt,Commercial Investigation,50,N/A,N/A,N/A,Planner (Thấp),data/google_planner/da-lat/Keyword Stats 2026-02-23 at 00_28_27.csv,Viết bài top-list/so sánh; map vào cluster hub; bổ sung schema + ảnh/UGC,B,2500.0,0%,0
book tour đi đà lạt,Di chuyển Đà Lạt,Di chuyển,In-scope Đà Lạt,Commercial Investigation,50,N/A,N/A,N/A,Planner (Không xác định),data/google_planner/da-lat/Keyword Stats 2026-02-23 at 00_28_27.csv,Viết bài top-list/so sánh; map vào cluster hub; bổ sung schema + ảnh/UGC,B,2500.0,-100.0%,0
chuong trinh tour da lat,Di chuyển Đà Lạt,Di chuyển,In-scope Đà Lạt,Commercial Investigation,50,N/A,N/A,N/A,Planner (Không xác định),data/google_planner/da-lat/Keyword Stats 2026-02-23 at 00_28_27.csv,Viết bài top-list/so sánh; map vào cluster hub; bổ sung schema + ảnh/UGC,B,2500.0,-100.0%,0
chương trình tour du lịch đà lạt,Di chuyển Đà Lạt,Di chuyển,In-scope Đà Lạt,Commercial Investigation,50,N/A,N/A,N/A,Planner (Cao),data/google_planner/da-lat/Keyword Stats 2026-02-23 at 00_28_27.csv,Viết bài top-list/so sánh; map vào cluster hub; bổ sung schema + ảnh/UGC,B,2500.0,0%,0
các tour du lịch đà lạt trong ngày,Di chuyển Đà Lạt,Di chuyển,In-scope Đà Lạt,Commercial Investigation,50,N/A,N/A,N/A,Planner (Thấp),data/google_planner/da-lat/Keyword Stats 2026-02-23 at 00_28_27.csv,Viết bài top-list/so sánh; map vào cluster hub; bổ sung schema + ảnh/UGC,B,2500.0,0%,0
các tour du lịch ở đà lạt,Di chuyển Đà Lạt,Di chuyển,In-scope Đà Lạt,Commercial Investigation,50,N/A,N/A,N/A,Planner (Trung bình),data/google_planner/da-lat/Keyword Stats 2026-02-23 at 00_28_27.csv,Viết bài top-list/so sánh; map vào cluster hub; bổ sung schema + ảnh/UGC,B,2500.0,0%,0
các tour tham quan tại đà lạt,Di chuyển Đà Lạt,Di chuyển,In-scope Đà Lạt,Commercial Investigation,50,N/A,N/A,N/A,Planner (Không xác định),data/google_planner/da-lat/Keyword Stats 2026-02-23 at 00_28_27.csv,Viết bài top-list/so sánh; map vào cluster hub; bổ sung schema + ảnh/UGC,B,2500.0,-100.0%,0
các tour đi đà lạt,Di chuyển Đà Lạt,Di chuyển,In-scope Đà Lạt,Commercial Investigation,50,N/A,N/A,N/A,Planner (Cao),data/google_planner/da-lat/Keyword Stats 2026-02-23 at 00_28_27.csv,Viết bài top-list/so sánh; map vào cluster hub; bổ sung schema + ảnh/UGC,B,2500.0,0%,0
các tour đà lạt trong ngày,Di chuyển Đà Lạt,Di chuyển,In-scope Đà Lạt,Commercial Investigation,50,N/A,N/A,N/A,Planner (Cao),data/google_planner/da-lat/Keyword Stats 2026-02-23 at 00_28_27.csv,Viết bài top-list/so sánh; map vào cluster hub; bổ sung schema + ảnh/UGC,B,2500.0,0%,0
du lich da lat bang may bay,Di chuyển Đà Lạt,Di chuyển,In-scope Đà Lạt,Commercial Investigation,50,N/A,N/A,N/A,Planner (Thấp),data/google_planner/da-lat/Keyword Stats 2026-02-23 at 00_28_27.csv,Viết bài top-list/so sánh; map vào cluster hub; bổ sung schema + ảnh/UGC,B,2500.0,0%,0
du lich da lat may bay,Di chuyển Đà Lạt,Di chuyển,In-scope Đà Lạt,Commercial Investigation,50,N/A,N/A,N/A,Planner (Không xác định),data/google_planner/da-lat/Keyword Stats 2026-02-23 at 00_28_27.csv,Viết bài top-list/so sánh; map vào cluster hub; bổ sung schema + ảnh/UGC,B,2500.0,-100.0%,0
du lich da lat tour,Di chuyển Đà Lạt,Di chuyển,In-scope Đà Lạt,Commercial Investigation,50,N/A,N/A,N/A,Planner (Cao),data/google_planner/da-lat/Keyword Stats 2026-02-23 at 00_28_27.csv,Viết bài top-list/so sánh; map vào cluster hub; bổ sung schema + ảnh/UGC,B,2500.0,0%,0
du lich tour da lat,Di chuyển Đà Lạt,Di chuyển,In-scope Đà Lạt,Commercial Investigation,50,N/A,N/A,N/A,Planner (Thấp),data/google_planner/da-lat/Keyword Stats 2026-02-23 at 00_28_27.csv,Viết bài top-list/so sánh; map vào cluster hub; bổ sung schema + ảnh/UGC,B,2500.0,0%,0
du lịch theo tour đà lạt,Di chuyển Đà Lạt,Di chuyển,In-scope Đà Lạt,Commercial Investigation,50,N/A,N/A,N/A,Planner (Trung bình),data/google_planner/da-lat/Keyword Stats 2026-02-23 at 00_28_27.csv,Viết bài top-list/so sánh; map vào cluster hub; bổ sung schema + ảnh/UGC,B,2500.0,0%,0
du lịch văn hóa việt tour đà lạt,Di chuyển Đà Lạt,Di chuyển,In-scope Đà Lạt,Commercial Investigation,50,N/A,N/A,N/A,Planner (Trung bình),data/google_planner/da-lat/Keyword Stats 2026-02-23 at 00_28_27.csv,Viết bài top-list/so sánh; map vào cluster hub; bổ sung schema + ảnh/UGC,B,2500.0,0%,0
du lịch đà lạt máy bay,Di chuyển Đà Lạt,Di chuyển,In-scope Đà Lạt,Commercial Investigation,50,N/A,N/A,N/A,Planner (Thấp),data/google_planner/da-lat/Keyword Stats 2026-02-23 at 00_28_27.csv,Viết bài top-list/so sánh; map vào cluster hub; bổ sung schema + ảnh/UGC,B,2500.0,0%,0
du lịch đà lạt theo tour,Di chuyển Đà Lạt,Di chuyển,In-scope Đà Lạt,Commercial Investigation,50,N/A,N/A,N/A,Planner (Thấp),data/google_planner/da-lat/Keyword Stats 2026-02-23 at 00_28_27.csv,Viết bài top-list/so sánh; map vào cluster hub; bổ sung schema + ảnh/UGC,B,2500.0,0%,0
du lịch đà lạt tour,Di chuyển Đà Lạt,Di chuyển,In-scope Đà Lạt,Commercial Investigation,50,N/A,N/A,N/A,Planner (Trung bình),data/google_planner/da-lat/Keyword Stats 2026-02-23 at 00_28_27.csv,Viết bài top-list/so sánh; map vào cluster hub; bổ sung schema + ảnh/UGC,B,2500.0,0%,0
ghép tour đà lạt,Di chuyển Đà Lạt,Di chuyển,In-scope Đà Lạt,Commercial Investigation,50,N/A,N/A,N/A,Planner (Thấp),data/google_planner/da-lat/Keyword Stats 2026-02-23 at 00_28_27.csv,Viết bài top-list/so sánh; map vào cluster hub; bổ sung schema + ảnh/UGC,B,2500.0,0%,0
giới thiệu tour du lịch đà lạt,Di chuyển Đà Lạt,Di chuyển,In-scope Đà Lạt,Commercial Investigation,50,N/A,N/A,N/A,Planner (Thấp),data/google_planner/da-lat/Keyword Stats 2026-02-23 at 00_28_27.csv,Viết bài top-list/so sánh; map vào cluster hub; bổ sung schema + ảnh/UGC,B,2500.0,0%,0
haidangtravel com tour da lat,Di chuyển Đà Lạt,Di chuyển,In-scope Đà Lạt,Commercial Investigation,50,N/A,N/A,N/A,Planner (Thấp),data/google_planner/da-lat/Keyword Stats 2026-02-23 at 00_28_27.csv,Viết bài top-list/so sánh; map vào cluster hub; bổ sung schema + ảnh/UGC,B,2500.0,0%,0
happy day tour đà lạt,Di chuyển Đà Lạt,Di chuyển,In-scope Đà Lạt,Commercial Investigation,50,N/A,N/A,N/A,Planner (Thấp),data/google_planner/da-lat/Keyword Stats 2026-02-23 at 00_28_27.csv,Viết bài top-list/so sánh; map vào cluster hub; bổ sung schema + ảnh/UGC,B,2500.0,0%,0
hải đăng travel tour đà lạt,Di chuyển Đà Lạt,Di chuyển,In-scope Đà Lạt,Commercial Investigation,50,N/A,N/A,N/A,Planner (Thấp),data/google_planner/da-lat/Keyword Stats 2026-02-23 at 00_28_27.csv,Viết bài top-list/so sánh; map vào cluster hub; bổ sung schema + ảnh/UGC,B,2500.0,0%,0
lửa việt tour đà lạt,Di chuyển Đà Lạt,Di chuyển,In-scope Đà Lạt,Commercial Investigation,50,N/A,N/A,N/A,Planner (Thấp),data/google_planner/da-lat/Keyword Stats 2026-02-23 at 00_28_27.csv,Viết bài top-list/so sánh; map vào cluster hub; bổ sung schema + ảnh/UGC,B,2500.0,0%,0
thiết kế tour du lịch đà lạt,Di chuyển Đà Lạt,Di chuyển,In-scope Đà Lạt,Commercial Investigation,50,N/A,N/A,N/A,Planner (Thấp),data/google_planner/da-lat/Keyword Stats 2026-02-23 at 00_28_27.csv,Viết bài top-list/so sánh; map vào cluster hub; bổ sung schema + ảnh/UGC,B,2500.0,0%,0
thiết kế tour đà lạt,Di chuyển Đà Lạt,Di chuyển,In-scope Đà Lạt,Commercial Investigation,50,N/A,N/A,N/A,Planner (Thấp),data/google_planner/da-lat/Keyword Stats 2026-02-23 at 00_28_27.csv,Viết bài top-list/so sánh; map vào cluster hub; bổ sung schema + ảnh/UGC,B,2500.0,0%,0
tour biên hòa đà lạt,Di chuyển Đà Lạt,Di chuyển,In-scope Đà Lạt,Commercial Investigation,50,N/A,N/A,N/A,Planner (Thấp),data/google_planner/da-lat/Keyword Stats 2026-02-23 at 00_28_27.csv,Viết bài top-list/so sánh; map vào cluster hub; bổ sung schema + ảnh/UGC,B,2500.0,0%,0
tour buôn mê thuột đà lạt,Di chuyển Đà Lạt,Di chuyển,In-scope Đà Lạt,Commercial Investigation,50,N/A,N/A,N/A,Planner (Thấp),data/google_planner/da-lat/Keyword Stats 2026-02-23 at 00_28_27.csv,Viết bài top-list/so sánh; map vào cluster hub; bổ sung schema + ảnh/UGC,B,2500.0,0%,0
tour bảo lộc đà lạt,Di chuyển Đà Lạt,Di chuyển,In-scope Đà Lạt,Commercial Investigation,50,N/A,N/A,N/A,Planner (Thấp),data/google_planner/da-lat/Keyword Stats 2026-02-23 at 00_28_27.csv,Viết bài top-list/so sánh; map vào cluster hub; bổ sung schema + ảnh/UGC,B,2500.0,-90.0%,0
tour check in đà lạt,Di chuyển Đà Lạt,Di chuyển,In-scope Đà Lạt,Commercial Investigation,50,N/A,N/A,N/A,Planner (Cao),data/google_planner/da-lat/Keyword Stats 2026-02-23 at 00_28_27.csv,Viết bài top-list/so sánh; map vào cluster hub; bổ sung schema + ảnh/UGC,B,2500.0,0%,0
tour chèo thuyền hồ tuyền lâm,Di chuyển Đà Lạt,Di chuyển,In-scope Đà Lạt,Commercial Investigation,50,N/A,N/A,N/A,Planner (Trung bình),data/google_planner/da-lat/Keyword Stats 2026-02-23 at 00_28_27.csv,Viết bài top-list/so sánh; map vào cluster hub; bổ sung schema + ảnh/UGC,B,2500.0,0%,0
tour chèo thuyền kayak hồ tuyền lâm,Di chuyển Đà Lạt,Di chuyển,In-scope Đà Lạt,Commercial Investigation,50,N/A,N/A,N/A,Planner (Không xác định),data/google_planner/da-lat/Keyword Stats 2026-02-23 at 00_28_27.csv,Viết bài top-list/so sánh; map vào cluster hub; bổ sung schema + ảnh/UGC,B,2500.0,-100.0%,0
tour chùa linh phước đà lạt,Di chuyển Đà Lạt,Di chuyển,In-scope Đà Lạt,Commercial Investigation,50,N/A,N/A,N/A,Planner (Không xác định),data/google_planner/da-lat/Keyword Stats 2026-02-23 at 00_28_27.csv,Viết bài top-list/so sánh; map vào cluster hub; bổ sung schema + ảnh/UGC,B,2500.0,0%,0
tour chụp hình đà lạt,Di chuyển Đà Lạt,Di chuyển,In-scope Đà Lạt,Commercial Investigation,50,N/A,N/A,N/A,Planner (Thấp),data/google_planner/da-lat/Keyword Stats 2026-02-23 at 00_28_27.csv,Viết bài top-list/so sánh; map vào cluster hub; bổ sung schema + ảnh/UGC,B,2500.0,0%,0
tour cỏ hồng đà lạt,Di chuyển Đà Lạt,Di chuyển,In-scope Đà Lạt,Commercial Investigation,50,N/A,N/A,N/A,Planner (Thấp),data/google_planner/da-lat/Keyword Stats 2026-02-23 at 00_28_27.csv,Viết bài top-list/so sánh; map vào cluster hub; bổ sung schema + ảnh/UGC,B,2500.0,0%,0
tour cồng chiêng tại đà lạt,Di chuyển Đà Lạt,Di chuyển,In-scope Đà Lạt,Commercial Investigation,50,N/A,N/A,N/A,Planner (Không xác định),data/google_planner/da-lat/Keyword Stats 2026-02-23 at 00_28_27.csv,Viết bài top-list/so sánh; map vào cluster hub; bổ sung schema + ảnh/UGC,B,2500.0,0%,0
tour da lat 2 9,Di chuyển Đà Lạt,Di chuyển,In-scope Đà Lạt,Commercial Investigation,50,N/A,N/A,N/A,Planner (Không xác định),data/google_planner/da-lat/Keyword Stats 2026-02-23 at 00_28_27.csv,Viết bài top-list/so sánh; map vào cluster hub; bổ sung schema + ảnh/UGC,B,2500.0,0%,0
tour da lat 2n2d,Di chuyển Đà Lạt,Di chuyển,In-scope Đà Lạt,Commercial Investigation,50,N/A,N/A,N/A,Planner (Không xác định),data/google_planner/da-lat/Keyword Stats 2026-02-23 at 00_28_27.csv,Viết bài top-list/so sánh; map vào cluster hub; bổ sung schema + ảnh/UGC,B,2500.0,-100.0%,0
tour da lat 30 4,Di chuyển Đà Lạt,Di chuyển,In-scope Đà Lạt,Commercial Investigation,50,N/A,N/A,N/A,Planner (Không xác định),data/google_planner/da-lat/Keyword Stats 2026-02-23 at 00_28_27.csv,Viết bài top-list/so sánh; map vào cluster hub; bổ sung schema + ảnh/UGC,B,2500.0,-100.0%,0
tour da lat 3n3d,Di chuyển Đà Lạt,Di chuyển,In-scope Đà Lạt,Commercial Investigation,50,N/A,N/A,N/A,Planner (Không xác định),data/google_planner/da-lat/Keyword Stats 2026-02-23 at 00_28_27.csv,Viết bài top-list/so sánh; map vào cluster hub; bổ sung schema + ảnh/UGC,B,2500.0,-100.0%,0
tour da lat 4n3d,Di chuyển Đà Lạt,Di chuyển,In-scope Đà Lạt,Commercial Investigation,50,N/A,N/A,N/A,Planner (Trung bình),data/google_planner/da-lat/Keyword Stats 2026-02-23 at 00_28_27.csv,Viết bài top-list/so sánh; map vào cluster hub; bổ sung schema + ảnh/UGC,B,2500.0,0%,0
tour da lat bang may bay,Di chuyển Đà Lạt,Di chuyển,In-scope Đà Lạt,Commercial Investigation,50,N/A,N/A,N/A,Planner (Không xác định),data/google_planner/da-lat/Keyword Stats 2026-02-23 at 00_28_27.csv,Viết bài top-list/so sánh; map vào cluster hub; bổ sung schema + ảnh/UGC,B,2500.0,-100.0%,0
tour da lat le 30 4,Di chuyển Đà Lạt,Di chuyển,In-scope Đà Lạt,Commercial Investigation,50,N/A,N/A,N/A,Planner (Không xác định),data/google_planner/da-lat/Keyword Stats 2026-02-23 at 00_28_27.csv,Viết bài top-list/so sánh; map vào cluster hub; bổ sung schema + ảnh/UGC,B,2500.0,0%,0
tour da lat may bay,Di chuyển Đà Lạt,Di chuyển,In-scope Đà Lạt,Commercial Investigation,50,N/A,N/A,N/A,Planner (Cao),data/google_planner/da-lat/Keyword Stats 2026-02-23 at 00_28_27.csv,Viết bài top-list/so sánh; map vào cluster hub; bổ sung schema + ảnh/UGC,B,2500.0,0%,0
tour da lat saigontourist,Di chuyển Đà Lạt,Di chuyển,In-scope Đà Lạt,Commercial Investigation,50,N/A,N/A,N/A,Planner (Thấp),data/google_planner/da-lat/Keyword Stats 2026-02-23 at 00_28_27.csv,Viết bài top-list/so sánh; map vào cluster hub; bổ sung schema + ảnh/UGC,B,2500.0,0%,0
tour da lat trong ngay,Di chuyển Đà Lạt,Di chuyển,In-scope Đà Lạt,Commercial Investigation,50,N/A,N/A,N/A,Planner (Cao),data/google_planner/da-lat/Keyword Stats 2026-02-23 at 00_28_27.csv,Viết bài top-list/so sánh; map vào cluster hub; bổ sung schema + ảnh/UGC,B,2500.0,0%,0
tour dalat 2n2d,Di chuyển Đà Lạt,Di chuyển,In-scope Đà Lạt,Commercial Investigation,50,N/A,N/A,N/A,Planner (Không xác định),data/google_planner/da-lat/Keyword Stats 2026-02-23 at 00_28_27.csv,Viết bài top-list/so sánh; map vào cluster hub; bổ sung schema + ảnh/UGC,B,2500.0,-100.0%,0
tour dalat 3n2d,Di chuyển Đà Lạt,Di chuyển,In-scope Đà Lạt,Commercial Investigation,50,N/A,N/A,N/A,Planner (Trung bình),data/google_planner/da-lat/Keyword Stats 2026-02-23 at 00_28_27.csv,Viết bài top-list/so sánh; map vào cluster hub; bổ sung schema + ảnh/UGC,B,2500.0,0%,0
tour dalat 3n3d,Di chuyển Đà Lạt,Di chuyển,In-scope Đà Lạt,Commercial Investigation,50,N/A,N/A,N/A,Planner (Không xác định),data/google_planner/da-lat/Keyword Stats 2026-02-23 at 00_28_27.csv,Viết bài top-list/so sánh; map vào cluster hub; bổ sung schema + ảnh/UGC,B,2500.0,-100.0%,0
tour dalat tet,Di chuyển Đà Lạt,Di chuyển,In-scope Đà Lạt,Commercial Investigation,50,N/A,N/A,N/A,Planner (Trung bình),data/google_planner/da-lat/Keyword Stats 2026-02-23 at 00_28_27.csv,Viết bài top-list/so sánh; map vào cluster hub; bổ sung schema + ảnh/UGC,B,2500.0,0%,0
tour dalat trong ngay,Di chuyển Đà Lạt,Di chuyển,In-scope Đà Lạt,Commercial Investigation,50,N/A,N/A,N/A,Planner (Cao),data/google_planner/da-lat/Keyword Stats 2026-02-23 at 00_28_27.csv,Viết bài top-list/so sánh; map vào cluster hub; bổ sung schema + ảnh/UGC,B,2500.0,0%,0
tour di da lat cua saigontourist,Di chuyển Đà Lạt,Di chuyển,In-scope Đà Lạt,Commercial Investigation,50,N/A,N/A,N/A,Planner (Không xác định),data/google_planner/da-lat/Keyword Stats 2026-02-23 at 00_28_27.csv,Viết bài top-list/so sánh; map vào cluster hub; bổ sung schema + ảnh/UGC,B,2500.0,-100.0%,0
tour du lich da lat bang may bay,Di chuyển Đà Lạt,Di chuyển,In-scope Đà Lạt,Commercial Investigation,50,N/A,N/A,N/A,Planner (Không xác định),data/google_planner/da-lat/Keyword Stats 2026-02-23 at 00_28_27.csv,Viết bài top-list/so sánh; map vào cluster hub; bổ sung schema + ảnh/UGC,B,2500.0,-100.0%,0
tour du lich da lat tet nguyen dan,Di chuyển Đà Lạt,Di chuyển,In-scope Đà Lạt,Commercial Investigation,50,N/A,N/A,N/A,Planner (Trung bình),data/google_planner/da-lat/Keyword Stats 2026-02-23 at 00_28_27.csv,Viết bài top-list/so sánh; map vào cluster hub; bổ sung schema + ảnh/UGC,B,2500.0,0%,0
tour du lich da lat trong ngay,Di chuyển Đà Lạt,Di chuyển,In-scope Đà Lạt,Commercial Investigation,50,N/A,N/A,N/A,Planner (Cao),data/google_planner/da-lat/Keyword Stats 2026-02-23 at 00_28_27.csv,Viết bài top-list/so sánh; map vào cluster hub; bổ sung schema + ảnh/UGC,B,2500.0,0%,0
tour du lich da lat vietravel,Di chuyển Đà Lạt,Di chuyển,In-scope Đà Lạt,Commercial Investigation,50,N/A,N/A,N/A,Planner (Không xác định),data/google_planner/da-lat/Keyword Stats 2026-02-23 at 00_28_27.csv,Viết bài top-list/so sánh; map vào cluster hub; bổ sung schema + ảnh/UGC,B,2500.0,-100.0%,0
tour du lịch 1 mình đà lạt,Di chuyển Đà Lạt,Di chuyển,In-scope Đà Lạt,Commercial Investigation,50,N/A,N/A,N/A,Planner (Không xác định),data/google_planner/da-lat/Keyword Stats 2026-02-23 at 00_28_27.csv,Viết bài top-list/so sánh; map vào cluster hub; bổ sung schema + ảnh/UGC,B,2500.0,0%,0
tour du lịch biên hòa đà lạt,Di chuyển Đà Lạt,Di chuyển,In-scope Đà Lạt,Commercial Investigation,50,N/A,N/A,N/A,Planner (Cao),data/google_planner/da-lat/Keyword Stats 2026-02-23 at 00_28_27.csv,Viết bài top-list/so sánh; map vào cluster hub; bổ sung schema + ảnh/UGC,B,2500.0,0%,0
tour du lịch buôn mê thuột đà lạt,Di chuyển Đà Lạt,Di chuyển,In-scope Đà Lạt,Commercial Investigation,50,N/A,N/A,N/A,Planner (Không xác định),data/google_planner/da-lat/Keyword Stats 2026-02-23 at 00_28_27.csv,Viết bài top-list/so sánh; map vào cluster hub; bổ sung schema + ảnh/UGC,B,2500.0,0%,0
tour du lịch hồ tuyền lâm,Di chuyển Đà Lạt,Di chuyển,In-scope Đà Lạt,Commercial Investigation,50,N/A,N/A,N/A,Planner (Không xác định),data/google_planner/da-lat/Keyword Stats 2026-02-23 at 00_28_27.csv,Viết bài top-list/so sánh; map vào cluster hub; bổ sung schema + ảnh/UGC,B,2500.0,-100.0%,0
tour du lịch khởi hành từ đà lạt,Di chuyển Đà Lạt,Di chuyển,In-scope Đà Lạt,Commercial Investigation,50,N/A,N/A,N/A,Planner (Trung bình),data/google_planner/da-lat/Keyword Stats 2026-02-23 at 00_28_27.csv,Viết bài top-list/so sánh; map vào cluster hub; bổ sung schema + ảnh/UGC,B,2500.0,0%,0
tour du lịch nghỉ dưỡng đà lạt,Di chuyển Đà Lạt,Di chuyển,In-scope Đà Lạt,Commercial Investigation,50,N/A,N/A,N/A,Planner (Thấp),data/google_planner/da-lat/Keyword Stats 2026-02-23 at 00_28_27.csv,Viết bài top-list/so sánh; map vào cluster hub; bổ sung schema + ảnh/UGC,B,2500.0,0%,0
tour du lịch nội thành đà lạt,Di chuyển Đà Lạt,Di chuyển,In-scope Đà Lạt,Commercial Investigation,50,N/A,N/A,N/A,Planner (Trung bình),data/google_planner/da-lat/Keyword Stats 2026-02-23 at 00_28_27.csv,Viết bài top-list/so sánh; map vào cluster hub; bổ sung schema + ảnh/UGC,B,2500.0,0%,0
tour du lịch phan thiết đà lạt,Di chuyển Đà Lạt,Di chuyển,In-scope Đà Lạt,Commercial Investigation,50,N/A,N/A,N/A,Planner (Thấp),data/google_planner/da-lat/Keyword Stats 2026-02-23 at 00_28_27.csv,Viết bài top-list/so sánh; map vào cluster hub; bổ sung schema + ảnh/UGC,B,2500.0,0%,0
tour du lịch trong ngày tại đà lạt,Di chuyển Đà Lạt,Di chuyển,In-scope Đà Lạt,Commercial Investigation,50,N/A,N/A,N/A,Planner (Trung bình),data/google_planner/da-lat/Keyword Stats 2026-02-23 at 00_28_27.csv,Viết bài top-list/so sánh; map vào cluster hub; bổ sung schema + ảnh/UGC,B,2500.0,0%,0
tour du lịch trong ngày đà lạt,Di chuyển Đà Lạt,Di chuyển,In-scope Đà Lạt,Commercial Investigation,50,N/A,N/A,N/A,Planner (Trung bình),data/google_planner/da-lat/Keyword Stats 2026-02-23 at 00_28_27.csv,Viết bài top-list/so sánh; map vào cluster hub; bổ sung schema + ảnh/UGC,B,2500.0,0%,0
tour du lịch trong ngày ở đà lạt,Di chuyển Đà Lạt,Di chuyển,In-scope Đà Lạt,Commercial Investigation,50,N/A,N/A,N/A,Planner (Trung bình),data/google_planner/da-lat/Keyword Stats 2026-02-23 at 00_28_27.csv,Viết bài top-list/so sánh; map vào cluster hub; bổ sung schema + ảnh/UGC,B,2500.0,0%,0
tour du lịch tại đà lạt,Di chuyển Đà Lạt,Di chuyển,In-scope Đà Lạt,Commercial Investigation,50,N/A,N/A,N/A,Planner (Cao),data/google_planner/da-lat/Keyword Stats 2026-02-23 at 00_28_27.csv,Viết bài top-list/so sánh; map vào cluster hub; bổ sung schema + ảnh/UGC,B,2500.0,0%,0
tour du lịch tết đà lạt,Di chuyển Đà Lạt,Di chuyển,In-scope Đà Lạt,Commercial Investigation,50,N/A,N/A,N/A,Planner (Thấp),data/google_planner/da-lat/Keyword Stats 2026-02-23 at 00_28_27.csv,Viết bài top-list/so sánh; map vào cluster hub; bổ sung schema + ảnh/UGC,B,2500.0,0%,0
tour du lịch đà lạt 2 người,Di chuyển Đà Lạt,Di chuyển,In-scope Đà Lạt,Commercial Investigation,50,N/A,N/A,N/A,Planner (Không xác định),data/google_planner/da-lat/Keyword Stats 2026-02-23 at 00_28_27.csv,Viết bài top-list/so sánh; map vào cluster hub; bổ sung schema + ảnh/UGC,B,2500.0,-100.0%,0
tour du lịch đà lạt 30 4,Di chuyển Đà Lạt,Di chuyển,In-scope Đà Lạt,Commercial Investigation,50,N/A,N/A,N/A,Planner (Không xác định),data/google_planner/da-lat/Keyword Stats 2026-02-23 at 00_28_27.csv,Viết bài top-list/so sánh; map vào cluster hub; bổ sung schema + ảnh/UGC,B,2500.0,-100.0%,0
tour du lịch đà lạt 3n2d,Di chuyển Đà Lạt,Di chuyển,In-scope Đà Lạt,Commercial Investigation,50,N/A,N/A,N/A,Planner (Thấp),data/google_planner/da-lat/Keyword Stats 2026-02-23 at 00_28_27.csv,Viết bài top-list/so sánh; map vào cluster hub; bổ sung schema + ảnh/UGC,B,2500.0,0%,0
tour du lịch đà lạt 4n3d,Di chuyển Đà Lạt,Di chuyển,In-scope Đà Lạt,Commercial Investigation,50,N/A,N/A,N/A,Planner (Không xác định),data/google_planner/da-lat/Keyword Stats 2026-02-23 at 00_28_27.csv,Viết bài top-list/so sánh; map vào cluster hub; bổ sung schema + ảnh/UGC,B,2500.0,-100.0%,0
tour du lịch đà lạt bằng máy bay,Di chuyển Đà Lạt,Di chuyển,In-scope Đà Lạt,Commercial Investigation,50,N/A,N/A,N/A,Planner (Cao),data/google_planner/da-lat/Keyword Stats 2026-02-23 at 00_28_27.csv,Viết bài top-list/so sánh; map vào cluster hub; bổ sung schema + ảnh/UGC,B,2500.0,0%,0
tour du lịch đà lạt bằng máy bay saigontourist,Di chuyển Đà Lạt,Di chuyển,In-scope Đà Lạt,Commercial Investigation,50,N/A,N/A,N/A,Planner (Thấp),data/google_planner/da-lat/Keyword Stats 2026-02-23 at 00_28_27.csv,Viết bài top-list/so sánh; map vào cluster hub; bổ sung schema + ảnh/UGC,B,2500.0,0%,0
tour du lịch đà lạt cao cấp,Di chuyển Đà Lạt,Di chuyển,In-scope Đà Lạt,Commercial Investigation,50,N/A,N/A,N/A,Planner (Thấp),data/google_planner/da-lat/Keyword Stats 2026-02-23 at 00_28_27.csv,Viết bài top-list/so sánh; map vào cluster hub; bổ sung schema + ảnh/UGC,B,2500.0,0%,0
tour du lịch đà lạt cho 2 người,Di chuyển Đà Lạt,Di chuyển,In-scope Đà Lạt,Commercial Investigation,50,N/A,N/A,N/A,Planner (Thấp),data/google_planner/da-lat/Keyword Stats 2026-02-23 at 00_28_27.csv,Viết bài top-list/so sánh; map vào cluster hub; bổ sung schema + ảnh/UGC,B,2500.0,0%,0
tour du lịch đà lạt của vietravel,Di chuyển Đà Lạt,Di chuyển,In-scope Đà Lạt,Commercial Investigation,50,N/A,N/A,N/A,Planner (Không xác định),data/google_planner/da-lat/Keyword Stats 2026-02-23 at 00_28_27.csv,Viết bài top-list/so sánh; map vào cluster hub; bổ sung schema + ảnh/UGC,B,2500.0,-100.0%,0
tour du lịch đà lạt lễ 30 4,Di chuyển Đà Lạt,Di chuyển,In-scope Đà Lạt,Commercial Investigation,50,N/A,N/A,N/A,Planner (Không xác định),data/google_planner/da-lat/Keyword Stats 2026-02-23 at 00_28_27.csv,Viết bài top-list/so sánh; map vào cluster hub; bổ sung schema + ảnh/UGC,B,2500.0,-100.0%,0
tour du lịch đà lạt mũi né,Di chuyển Đà Lạt,Di chuyển,In-scope Đà Lạt,Commercial Investigation,50,N/A,N/A,N/A,Planner (Không xác định),data/google_planner/da-lat/Keyword Stats 2026-02-23 at 00_28_27.csv,Viết bài top-list/so sánh; map vào cluster hub; bổ sung schema + ảnh/UGC,B,2500.0,-100.0%,0
tour du lịch đà lạt nửa ngày,Di chuyển Đà Lạt,Di chuyển,In-scope Đà Lạt,Commercial Investigation,50,N/A,N/A,N/A,Planner (Thấp),data/google_planner/da-lat/Keyword Stats 2026-02-23 at 00_28_27.csv,Viết bài top-list/so sánh; map vào cluster hub; bổ sung schema + ảnh/UGC,B,2500.0,0%,0
tour du lịch đà lạt tháng 11,Di chuyển Đà Lạt,Di chuyển,In-scope Đà Lạt,Commercial Investigation,50,N/A,N/A,N/A,Planner (Không xác định),data/google_planner/da-lat/Keyword Stats 2026-02-23 at 00_28_27.csv,Viết bài top-list/so sánh; map vào cluster hub; bổ sung schema + ảnh/UGC,B,2500.0,0%,0
tour du lịch đà lạt tết,Di chuyển Đà Lạt,Di chuyển,In-scope Đà Lạt,Commercial Investigation,50,N/A,N/A,N/A,Planner (Trung bình),data/google_planner/da-lat/Keyword Stats 2026-02-23 at 00_28_27.csv,Viết bài top-list/so sánh; map vào cluster hub; bổ sung schema + ảnh/UGC,B,2500.0,0%,0
tour du lịch đà lạt tết nguyên đán,Di chuyển Đà Lạt,Di chuyển,In-scope Đà Lạt,Commercial Investigation,50,N/A,N/A,N/A,Planner (Cao),data/google_planner/da-lat/Keyword Stats 2026-02-23 at 00_28_27.csv,Viết bài top-list/so sánh; map vào cluster hub; bổ sung schema + ảnh/UGC,B,2500.0,0%,0
tour du lịch đà lạt uy tín,Di chuyển Đà Lạt,Di chuyển,In-scope Đà Lạt,Commercial Investigation,50,N/A,N/A,N/A,Planner (Trung bình),data/google_planner/da-lat/Keyword Stats 2026-02-23 at 00_28_27.csv,Viết bài top-list/so sánh; map vào cluster hub; bổ sung schema + ảnh/UGC,B,2500.0,0%,0
tour du lịch đà lạt vietravel,Di chuyển Đà Lạt,Di chuyển,In-scope Đà Lạt,Commercial Investigation,50,N/A,N/A,N/A,Planner (Thấp),data/google_planner/da-lat/Keyword Stats 2026-02-23 at 00_28_27.csv,Viết bài top-list/so sánh; map vào cluster hub; bổ sung schema + ảnh/UGC,B,2500.0,0%,0
tour du lịch đà lạt đi bằng máy bay,Di chuyển Đà Lạt,Di chuyển,In-scope Đà Lạt,Commercial Investigation,50,N/A,N/A,N/A,Planner (Cao),data/google_planner/da-lat/Keyword Stats 2026-02-23 at 00_28_27.csv,Viết bài top-list/so sánh; map vào cluster hub; bổ sung schema + ảnh/UGC,B,2500.0,0%,0
tour du lịch ở đà lạt,Di chuyển Đà Lạt,Di chuyển,In-scope Đà Lạt,Commercial Investigation,50,N/A,N/A,N/A,Planner (Trung bình),data/google_planner/da-lat/Keyword Stats 2026-02-23 at 00_28_27.csv,Viết bài top-list/so sánh; map vào cluster hub; bổ sung schema + ảnh/UGC,B,2500.0,0%,0
tour dù lượn đà lạt,Di chuyển Đà Lạt,Di chuyển,In-scope Đà Lạt,Commercial Investigation,50,N/A,N/A,N/A,Planner (Không xác định),data/google_planner/da-lat/Keyword Stats 2026-02-23 at 00_28_27.csv,Viết bài top-list/so sánh; map vào cluster hub; bổ sung schema + ảnh/UGC,B,2500.0,-100.0%,0
tour festival hoa đà lạt,Di chuyển Đà Lạt,Di chuyển,In-scope Đà Lạt,Commercial Investigation,50,N/A,N/A,N/A,Planner (Thấp),data/google_planner/da-lat/Keyword Stats 2026-02-23 at 00_28_27.csv,Viết bài top-list/so sánh; map vào cluster hub; bổ sung schema + ảnh/UGC,B,2500.0,0%,0
tour ghep da lat,Di chuyển Đà Lạt,Di chuyển,In-scope Đà Lạt,Commercial Investigation,50,N/A,N/A,N/A,Planner (Không xác định),data/google_planner/da-lat/Keyword Stats 2026-02-23 at 00_28_27.csv,Viết bài top-list/so sánh; map vào cluster hub; bổ sung schema + ảnh/UGC,B,2500.0,-100.0%,0
tour giao lưu cồng chiêng đà lạt,Di chuyển Đà Lạt,Di chuyển,In-scope Đà Lạt,Commercial Investigation,50,N/A,N/A,N/A,Planner (Thấp),data/google_planner/da-lat/Keyword Stats 2026-02-23 at 00_28_27.csv,Viết bài top-list/so sánh; map vào cluster hub; bổ sung schema + ảnh/UGC,B,2500.0,0%,0
tour happy day đà lạt,Di chuyển Đà Lạt,Di chuyển,In-scope Đà Lạt,Commercial Investigation,50,N/A,N/A,N/A,Planner (Thấp),data/google_planner/da-lat/Keyword Stats 2026-02-23 at 00_28_27.csv,Viết bài top-list/so sánh; map vào cluster hub; bổ sung schema + ảnh/UGC,B,2500.0,0%,0
tour hành hương đà lạt,Di chuyển Đà Lạt,Di chuyển,In-scope Đà Lạt,Commercial Investigation,50,N/A,N/A,N/A,Planner (Thấp),data/google_planner/da-lat/Keyword Stats 2026-02-23 at 00_28_27.csv,Viết bài top-list/so sánh; map vào cluster hub; bổ sung schema + ảnh/UGC,B,2500.0,0%,0
tour hồ tuyền lâm,Di chuyển Đà Lạt,Di chuyển,In-scope Đà Lạt,Commercial Investigation,50,N/A,N/A,N/A,Planner (Thấp),data/google_planner/da-lat/Keyword Stats 2026-02-23 at 00_28_27.csv,Viết bài top-list/so sánh; map vào cluster hub; bổ sung schema + ảnh/UGC,B,2500.0,0%,0
tour hồ tuyền lâm đà lạt,Di chuyển Đà Lạt,Di chuyển,In-scope Đà Lạt,Commercial Investigation,50,N/A,N/A,N/A,Planner (Thấp),data/google_planner/da-lat/Keyword Stats 2026-02-23 at 00_28_27.csv,Viết bài top-list/so sánh; map vào cluster hub; bổ sung schema + ảnh/UGC,B,2500.0,0%,0
tour khám phá đà lạt,Di chuyển Đà Lạt,Di chuyển,In-scope Đà Lạt,Commercial Investigation,50,N/A,N/A,N/A,Planner (Trung bình),data/google_planner/da-lat/Keyword Stats 2026-02-23 at 00_28_27.csv,Viết bài top-list/so sánh; map vào cluster hub; bổ sung schema + ảnh/UGC,B,2500.0,0%,0
tour làng cù lần đà lạt,Di chuyển Đà Lạt,Di chuyển,In-scope Đà Lạt,Commercial Investigation,50,N/A,N/A,N/A,Planner (Cao),data/google_planner/da-lat/Keyword Stats 2026-02-23 at 00_28_27.csv,Viết bài top-list/so sánh; map vào cluster hub; bổ sung schema + ảnh/UGC,B,2500.0,0%,0
tour mũi né đà lạt,Di chuyển Đà Lạt,Di chuyển,In-scope Đà Lạt,Commercial Investigation,50,N/A,N/A,N/A,Planner (Thấp),data/google_planner/da-lat/Keyword Stats 2026-02-23 at 00_28_27.csv,Viết bài top-list/so sánh; map vào cluster hub; bổ sung schema + ảnh/UGC,B,2500.0,0%,0
tour một ngày đà lạt,Di chuyển Đà Lạt,Di chuyển,In-scope Đà Lạt,Commercial Investigation,50,N/A,N/A,N/A,Planner (Không xác định),data/google_planner/da-lat/Keyword Stats 2026-02-23 at 00_28_27.csv,Viết bài top-list/so sánh; map vào cluster hub; bổ sung schema + ảnh/UGC,B,2500.0,-100.0%,0
tour ngoại thành đà lạt,Di chuyển Đà Lạt,Di chuyển,In-scope Đà Lạt,Commercial Investigation,50,N/A,N/A,N/A,Planner (Trung bình),data/google_planner/da-lat/Keyword Stats 2026-02-23 at 00_28_27.csv,Viết bài top-list/so sánh; map vào cluster hub; bổ sung schema + ảnh/UGC,B,2500.0,0%,0
tour ngày đà lạt,Di chuyển Đà Lạt,Di chuyển,In-scope Đà Lạt,Commercial Investigation,50,N/A,N/A,N/A,Planner (Cao),data/google_planner/da-lat/Keyword Stats 2026-02-23 at 00_28_27.csv,Viết bài top-list/so sánh; map vào cluster hub; bổ sung schema + ảnh/UGC,B,2500.0,0%,0
tour ninh chữ đà lạt,Di chuyển Đà Lạt,Di chuyển,In-scope Đà Lạt,Commercial Investigation,50,N/A,N/A,N/A,Planner (Thấp),data/google_planner/da-lat/Keyword Stats 2026-02-23 at 00_28_27.csv,Viết bài top-list/so sánh; map vào cluster hub; bổ sung schema + ảnh/UGC,B,2500.0,-90.0%,0
tour nửa ngày đà lạt,Di chuyển Đà Lạt,Di chuyển,In-scope Đà Lạt,Commercial Investigation,50,N/A,N/A,N/A,Planner (Thấp),data/google_planner/da-lat/Keyword Stats 2026-02-23 at 00_28_27.csv,Viết bài top-list/so sánh; map vào cluster hub; bổ sung schema + ảnh/UGC,B,2500.0,0%,0
tour săn mây cầu gỗ đà lạt,Di chuyển Đà Lạt,Di chuyển,In-scope Đà Lạt,Commercial Investigation,50,N/A,N/A,N/A,Planner (Trung bình),data/google_planner/da-lat/Keyword Stats 2026-02-23 at 00_28_27.csv,Viết bài top-list/so sánh; map vào cluster hub; bổ sung schema + ảnh/UGC,B,2500.0,0%,0
tour săn mây đà lạt nửa ngày,Di chuyển Đà Lạt,Di chuyển,In-scope Đà Lạt,Commercial Investigation,50,N/A,N/A,N/A,Planner (Không xác định),data/google_planner/da-lat/Keyword Stats 2026-02-23 at 00_28_27.csv,Viết bài top-list/so sánh; map vào cluster hub; bổ sung schema + ảnh/UGC,B,2500.0,-100.0%,0
tour tet da lat,Di chuyển Đà Lạt,Di chuyển,In-scope Đà Lạt,Commercial Investigation,50,N/A,N/A,N/A,Planner (Trung bình),data/google_planner/da-lat/Keyword Stats 2026-02-23 at 00_28_27.csv,Viết bài top-list/so sánh; map vào cluster hub; bổ sung schema + ảnh/UGC,B,2500.0,0%,0
tour tham quan da lat,Di chuyển Đà Lạt,Di chuyển,In-scope Đà Lạt,Commercial Investigation,50,N/A,N/A,N/A,Planner (Cao),data/google_planner/da-lat/Keyword Stats 2026-02-23 at 00_28_27.csv,Viết bài top-list/so sánh; map vào cluster hub; bổ sung schema + ảnh/UGC,B,2500.0,0%,0
tour tham quan vườn hoa thành phố đà lạt,Di chuyển Đà Lạt,Di chuyển,In-scope Đà Lạt,Commercial Investigation,50,N/A,N/A,N/A,Planner (Không xác định),data/google_planner/da-lat/Keyword Stats 2026-02-23 at 00_28_27.csv,Viết bài top-list/so sánh; map vào cluster hub; bổ sung schema + ảnh/UGC,B,2500.0,0%,0
tour thiền viện trúc lâm đà lạt,Di chuyển Đà Lạt,Di chuyển,In-scope Đà Lạt,Commercial Investigation,50,N/A,N/A,N/A,Planner (Trung bình),data/google_planner/da-lat/Keyword Stats 2026-02-23 at 00_28_27.csv,Viết bài top-list/so sánh; map vào cluster hub; bổ sung schema + ảnh/UGC,B,2500.0,0%,0
tour trong ngày tại đà lạt,Di chuyển Đà Lạt,Di chuyển,In-scope Đà Lạt,Commercial Investigation,50,N/A,N/A,N/A,Planner (Cao),data/google_planner/da-lat/Keyword Stats 2026-02-23 at 00_28_27.csv,Viết bài top-list/so sánh; map vào cluster hub; bổ sung schema + ảnh/UGC,B,2500.0,0%,0
tour trăng mật đà lạt,Di chuyển Đà Lạt,Di chuyển,In-scope Đà Lạt,Commercial Investigation,50,N/A,N/A,N/A,Planner (Thấp),data/google_planner/da-lat/Keyword Stats 2026-02-23 at 00_28_27.csv,Viết bài top-list/so sánh; map vào cluster hub; bổ sung schema + ảnh/UGC,B,2500.0,0%,0
tour trọn gói đà lạt,Di chuyển Đà Lạt,Di chuyển,In-scope Đà Lạt,Commercial Investigation,50,N/A,N/A,N/A,Planner (Trung bình),data/google_planner/da-lat/Keyword Stats 2026-02-23 at 00_28_27.csv,Viết bài top-list/so sánh; map vào cluster hub; bổ sung schema + ảnh/UGC,B,2500.0,0%,0
tour tuyệt tình cốc đà lạt,Di chuyển Đà Lạt,Di chuyển,In-scope Đà Lạt,Commercial Investigation,50,N/A,N/A,N/A,Planner (Không xác định),data/google_planner/da-lat/Keyword Stats 2026-02-23 at 00_28_27.csv,Viết bài top-list/so sánh; map vào cluster hub; bổ sung schema + ảnh/UGC,B,2500.0,-100.0%,0
tour tuần trăng mật đà lạt,Di chuyển Đà Lạt,Di chuyển,In-scope Đà Lạt,Commercial Investigation,50,N/A,N/A,N/A,Planner (Không xác định),data/google_planner/da-lat/Keyword Stats 2026-02-23 at 00_28_27.csv,Viết bài top-list/so sánh; map vào cluster hub; bổ sung schema + ảnh/UGC,B,2500.0,-100.0%,0
tour tà đùng đà lạt,Di chuyển Đà Lạt,Di chuyển,In-scope Đà Lạt,Commercial Investigation,50,N/A,N/A,N/A,Planner (Thấp),data/google_planner/da-lat/Keyword Stats 2026-02-23 at 00_28_27.csv,Viết bài top-list/so sánh; map vào cluster hub; bổ sung schema + ảnh/UGC,B,2500.0,0%,0
tour tại đà lạt,Di chuyển Đà Lạt,Di chuyển,In-scope Đà Lạt,Commercial Investigation,50,N/A,N/A,N/A,Planner (Cao),data/google_planner/da-lat/Keyword Stats 2026-02-23 at 00_28_27.csv,Viết bài top-list/so sánh; map vào cluster hub; bổ sung schema + ảnh/UGC,B,2500.0,0%,0
tour vietravel đà lạt,Di chuyển Đà Lạt,Di chuyển,In-scope Đà Lạt,Commercial Investigation,50,N/A,N/A,N/A,Planner (Thấp),data/google_planner/da-lat/Keyword Stats 2026-02-23 at 00_28_27.csv,Viết bài top-list/so sánh; map vào cluster hub; bổ sung schema + ảnh/UGC,B,2500.0,0%,0
tour vòng quanh đà lạt,Di chuyển Đà Lạt,Di chuyển,In-scope Đà Lạt,Commercial Investigation,50,N/A,N/A,N/A,Planner (Cao),data/google_planner/da-lat/Keyword Stats 2026-02-23 at 00_28_27.csv,Viết bài top-list/so sánh; map vào cluster hub; bổ sung schema + ảnh/UGC,B,2500.0,0%,0
tour đi zoodoo đà lạt,Di chuyển Đà Lạt,Di chuyển,In-scope Đà Lạt,Commercial Investigation,50,N/A,N/A,N/A,Planner (Thấp),data/google_planner/da-lat/Keyword Stats 2026-02-23 at 00_28_27.csv,Viết bài top-list/so sánh; map vào cluster hub; bổ sung schema + ảnh/UGC,B,2500.0,0%,0
tour đi đà lạt bằng máy bay,Di chuyển Đà Lạt,Di chuyển,In-scope Đà Lạt,Commercial Investigation,50,N/A,N/A,N/A,Planner (Cao),data/google_planner/da-lat/Keyword Stats 2026-02-23 at 00_28_27.csv,Viết bài top-list/so sánh; map vào cluster hub; bổ sung schema + ảnh/UGC,B,2500.0,0%,0
tour đi đà lạt saigontourist,Di chuyển Đà Lạt,Di chuyển,In-scope Đà Lạt,Commercial Investigation,50,N/A,N/A,N/A,Planner (Thấp),data/google_planner/da-lat/Keyword Stats 2026-02-23 at 00_28_27.csv,Viết bài top-list/so sánh; map vào cluster hub; bổ sung schema + ảnh/UGC,B,2500.0,0%,0
tour đi đà lạt vietravel,Di chuyển Đà Lạt,Di chuyển,In-scope Đà Lạt,Commercial Investigation,50,N/A,N/A,N/A,Planner (Trung bình),data/google_planner/da-lat/Keyword Stats 2026-02-23 at 00_28_27.csv,Viết bài top-list/so sánh; map vào cluster hub; bổ sung schema + ảnh/UGC,B,2500.0,0%,0
tour đà lạt 2 9,Di chuyển Đà Lạt,Di chuyển,In-scope Đà Lạt,Commercial Investigation,50,N/A,N/A,N/A,Planner (Không xác định),data/google_planner/da-lat/Keyword Stats 2026-02-23 at 00_28_27.csv,Viết bài top-list/so sánh; map vào cluster hub; bổ sung schema + ảnh/UGC,B,2500.0,0%,0
tour đà lạt 2 người,Di chuyển Đà Lạt,Di chuyển,In-scope Đà Lạt,Commercial Investigation,50,N/A,N/A,N/A,Planner (Thấp),data/google_planner/da-lat/Keyword Stats 2026-02-23 at 00_28_27.csv,Viết bài top-list/so sánh; map vào cluster hub; bổ sung schema + ảnh/UGC,B,2500.0,0%,0
tour đà lạt 2023,Di chuyển Đà Lạt,Di chuyển,In-scope Đà Lạt,Commercial Investigation,50,N/A,N/A,N/A,Planner (Không xác định),data/google_planner/da-lat/Keyword Stats 2026-02-23 at 00_28_27.csv,Viết bài top-list/so sánh; map vào cluster hub; bổ sung schema + ảnh/UGC,B,2500.0,0%,0
tour đà lạt 2n1d,Di chuyển Đà Lạt,Di chuyển,In-scope Đà Lạt,Commercial Investigation,50,N/A,N/A,N/A,Planner (Thấp),data/google_planner/da-lat/Keyword Stats 2026-02-23 at 00_28_27.csv,Viết bài top-list/so sánh; map vào cluster hub; bổ sung schema + ảnh/UGC,B,2500.0,0%,0
tour đà lạt 2n1đ,Di chuyển Đà Lạt,Di chuyển,In-scope Đà Lạt,Commercial Investigation,50,N/A,N/A,N/A,Planner (Thấp),data/google_planner/da-lat/Keyword Stats 2026-02-23 at 00_28_27.csv,Viết bài top-list/so sánh; map vào cluster hub; bổ sung schema + ảnh/UGC,B,2500.0,0%,0
tour đà lạt 30 4,Di chuyển Đà Lạt,Di chuyển,In-scope Đà Lạt,Commercial Investigation,50,N/A,N/A,N/A,Planner (Không xác định),data/google_planner/da-lat/Keyword Stats 2026-02-23 at 00_28_27.csv,Viết bài top-list/so sánh; map vào cluster hub; bổ sung schema + ảnh/UGC,B,2500.0,-100.0%,0
tour đà lạt 30 4 vietravel,Di chuyển Đà Lạt,Di chuyển,In-scope Đà Lạt,Commercial Investigation,50,N/A,N/A,N/A,Planner (Không xác định),data/google_planner/da-lat/Keyword Stats 2026-02-23 at 00_28_27.csv,Viết bài top-list/so sánh; map vào cluster hub; bổ sung schema + ảnh/UGC,B,2500.0,0%,0
tour đà lạt 4n3d,Di chuyển Đà Lạt,Di chuyển,In-scope Đà Lạt,Commercial Investigation,50,N/A,N/A,N/A,Planner (Thấp),data/google_planner/da-lat/Keyword Stats 2026-02-23 at 00_28_27.csv,Viết bài top-list/so sánh; map vào cluster hub; bổ sung schema + ảnh/UGC,B,2500.0,0%,0
tour đà lạt 4n3đ,Di chuyển Đà Lạt,Di chuyển,In-scope Đà Lạt,Commercial Investigation,50,N/A,N/A,N/A,Planner (Thấp),data/google_planner/da-lat/Keyword Stats 2026-02-23 at 00_28_27.csv,Viết bài top-list/so sánh; map vào cluster hub; bổ sung schema + ảnh/UGC,B,2500.0,0%,0
tour đà lạt bazan,Di chuyển Đà Lạt,Di chuyển,In-scope Đà Lạt,Commercial Investigation,50,N/A,N/A,N/A,Planner (Thấp),data/google_planner/da-lat/Keyword Stats 2026-02-23 at 00_28_27.csv,Viết bài top-list/so sánh; map vào cluster hub; bổ sung schema + ảnh/UGC,B,2500.0,0%,0
tour đà lạt bằng máy bay,Di chuyển Đà Lạt,Di chuyển,In-scope Đà Lạt,Commercial Investigation,50,N/A,N/A,N/A,Planner (Thấp),data/google_planner/da-lat/Keyword Stats 2026-02-23 at 00_28_27.csv,Viết bài top-list/so sánh; map vào cluster hub; bổ sung schema + ảnh/UGC,B,2500.0,0%,0
tour đà lạt bến thành tourist,Di chuyển Đà Lạt,Di chuyển,In-scope Đà Lạt,Commercial Investigation,50,N/A,N/A,N/A,Planner (Thấp),data/google_planner/da-lat/Keyword Stats 2026-02-23 at 00_28_27.csv,Viết bài top-list/so sánh; map vào cluster hub; bổ sung schema + ảnh/UGC,B,2500.0,0%,0
tour đà lạt cuối tuần,Di chuyển Đà Lạt,Di chuyển,In-scope Đà Lạt,Commercial Investigation,50,N/A,N/A,N/A,Planner (Cao),data/google_planner/da-lat/Keyword Stats 2026-02-23 at 00_28_27.csv,Viết bài top-list/so sánh; map vào cluster hub; bổ sung schema + ảnh/UGC,B,2500.0,0%,0
tour đà lạt của saigontourist,Di chuyển Đà Lạt,Di chuyển,In-scope Đà Lạt,Commercial Investigation,50,N/A,N/A,N/A,Planner (Thấp),data/google_planner/da-lat/Keyword Stats 2026-02-23 at 00_28_27.csv,Viết bài top-list/so sánh; map vào cluster hub; bổ sung schema + ảnh/UGC,B,2500.0,0%,0
tour đà lạt của vietravel,Di chuyển Đà Lạt,Di chuyển,In-scope Đà Lạt,Commercial Investigation,50,N/A,N/A,N/A,Planner (Thấp),data/google_planner/da-lat/Keyword Stats 2026-02-23 at 00_28_27.csv,Viết bài top-list/so sánh; map vào cluster hub; bổ sung schema + ảnh/UGC,B,2500.0,0%,0
tour đà lạt du lịch việt,Di chuyển Đà Lạt,Di chuyển,In-scope Đà Lạt,Commercial Investigation,50,N/A,N/A,N/A,Planner (Trung bình),data/google_planner/da-lat/Keyword Stats 2026-02-23 at 00_28_27.csv,Viết bài top-list/so sánh; map vào cluster hub; bổ sung schema + ảnh/UGC,B,2500.0,0%,0
tour đà lạt fiditour,Di chuyển Đà Lạt,Di chuyển,In-scope Đà Lạt,Commercial Investigation,50,N/A,N/A,N/A,Planner (Không xác định),data/google_planner/da-lat/Keyword Stats 2026-02-23 at 00_28_27.csv,Viết bài top-list/so sánh; map vào cluster hub; bổ sung schema + ảnh/UGC,B,2500.0,0%,0
tour đà lạt ghép đoàn,Di chuyển Đà Lạt,Di chuyển,In-scope Đà Lạt,Commercial Investigation,50,N/A,N/A,N/A,Planner (Cao),data/google_planner/da-lat/Keyword Stats 2026-02-23 at 00_28_27.csv,Viết bài top-list/so sánh; map vào cluster hub; bổ sung schema + ảnh/UGC,B,2500.0,0%,0
tour đà lạt giường nằm,Di chuyển Đà Lạt,Di chuyển,In-scope Đà Lạt,Commercial Investigation,50,N/A,N/A,N/A,Planner (Trung bình),data/google_planner/da-lat/Keyword Stats 2026-02-23 at 00_28_27.csv,Viết bài top-list/so sánh; map vào cluster hub; bổ sung schema + ảnh/UGC,B,2500.0,0%,0
tour đà lạt hoa sơn điền trang,Di chuyển Đà Lạt,Di chuyển,In-scope Đà Lạt,Commercial Investigation,50,N/A,N/A,N/A,Planner (Không xác định),data/google_planner/da-lat/Keyword Stats 2026-02-23 at 00_28_27.csv,Viết bài top-list/so sánh; map vào cluster hub; bổ sung schema + ảnh/UGC,B,2500.0,0%,0
tour đà lạt hàng ngày,Di chuyển Đà Lạt,Di chuyển,In-scope Đà Lạt,Commercial Investigation,50,N/A,N/A,N/A,Planner (Trung bình),data/google_planner/da-lat/Keyword Stats 2026-02-23 at 00_28_27.csv,Viết bài top-list/so sánh; map vào cluster hub; bổ sung schema + ảnh/UGC,B,2500.0,0%,0
tour đà lạt hè,Di chuyển Đà Lạt,Di chuyển,In-scope Đà Lạt,Commercial Investigation,50,N/A,N/A,N/A,Planner (Trung bình),data/google_planner/da-lat/Keyword Stats 2026-02-23 at 00_28_27.csv,Viết bài top-list/so sánh; map vào cluster hub; bổ sung schema + ảnh/UGC,B,2500.0,0%,0
tour đà lạt hải đăng,Di chuyển Đà Lạt,Di chuyển,In-scope Đà Lạt,Commercial Investigation,50,N/A,N/A,N/A,Planner (Thấp),data/google_planner/da-lat/Keyword Stats 2026-02-23 at 00_28_27.csv,Viết bài top-list/so sánh; map vào cluster hub; bổ sung schema + ảnh/UGC,B,2500.0,0%,0
tour đà lạt ivivu,Di chuyển Đà Lạt,Di chuyển,In-scope Đà Lạt,Commercial Investigation,50,N/A,N/A,N/A,Planner (Trung bình),data/google_planner/da-lat/Keyword Stats 2026-02-23 at 00_28_27.csv,Viết bài top-list/so sánh; map vào cluster hub; bổ sung schema + ảnh/UGC,B,2500.0,0%,0
tour đà lạt khởi hành thứ 2,Di chuyển Đà Lạt,Di chuyển,In-scope Đà Lạt,Commercial Investigation,50,N/A,N/A,N/A,Planner (Không xác định),data/google_planner/da-lat/Keyword Stats 2026-02-23 at 00_28_27.csv,Viết bài top-list/so sánh; map vào cluster hub; bổ sung schema + ảnh/UGC,B,2500.0,-100.0%,0
tour đà lạt khởi hành thứ 6,Di chuyển Đà Lạt,Di chuyển,In-scope Đà Lạt,Commercial Investigation,50,N/A,N/A,N/A,Planner (Không xác định),data/google_planner/da-lat/Keyword Stats 2026-02-23 at 00_28_27.csv,Viết bài top-list/so sánh; map vào cluster hub; bổ sung schema + ảnh/UGC,B,2500.0,0%,0
tour đà lạt kỷ nguyên,Di chuyển Đà Lạt,Di chuyển,In-scope Đà Lạt,Commercial Investigation,50,N/A,N/A,N/A,Planner (Thấp),data/google_planner/da-lat/Keyword Stats 2026-02-23 at 00_28_27.csv,Viết bài top-list/so sánh; map vào cluster hub; bổ sung schema + ảnh/UGC,B,2500.0,0%,0
tour đà lạt làng cù lần,Di chuyển Đà Lạt,Di chuyển,In-scope Đà Lạt,Commercial Investigation,50,N/A,N/A,N/A,Planner (Cao),data/google_planner/da-lat/Keyword Stats 2026-02-23 at 00_28_27.csv,Viết bài top-list/so sánh; map vào cluster hub; bổ sung schema + ảnh/UGC,B,2500.0,0%,0
tour đà lạt lễ 2 9,Di chuyển Đà Lạt,Di chuyển,In-scope Đà Lạt,Commercial Investigation,50,N/A,N/A,N/A,Planner (Không xác định),data/google_planner/da-lat/Keyword Stats 2026-02-23 at 00_28_27.csv,Viết bài top-list/so sánh; map vào cluster hub; bổ sung schema + ảnh/UGC,B,2500.0,-100.0%,0
tour đà lạt lễ 30 4,Di chuyển Đà Lạt,Di chuyển,In-scope Đà Lạt,Commercial Investigation,50,N/A,N/A,N/A,Planner (Trung bình),data/google_planner/da-lat/Keyword Stats 2026-02-23 at 00_28_27.csv,Viết bài top-list/so sánh; map vào cluster hub; bổ sung schema + ảnh/UGC,B,2500.0,0%,0
tour đà lạt lửa việt,Di chuyển Đà Lạt,Di chuyển,In-scope Đà Lạt,Commercial Investigation,50,N/A,N/A,N/A,Planner (Không xác định),data/google_planner/da-lat/Keyword Stats 2026-02-23 at 00_28_27.csv,Viết bài top-list/so sánh; map vào cluster hub; bổ sung schema + ảnh/UGC,B,2500.0,-100.0%,0
tour đà lạt mùng 3 tết,Di chuyển Đà Lạt,Di chuyển,In-scope Đà Lạt,Commercial Investigation,50,N/A,N/A,N/A,Planner (Thấp),data/google_planner/da-lat/Keyword Stats 2026-02-23 at 00_28_27.csv,Viết bài top-list/so sánh; map vào cluster hub; bổ sung schema + ảnh/UGC,B,2500.0,0%,0
tour đà lạt mùng 4 tết,Di chuyển Đà Lạt,Di chuyển,In-scope Đà Lạt,Commercial Investigation,50,N/A,N/A,N/A,Planner (Thấp),data/google_planner/da-lat/Keyword Stats 2026-02-23 at 00_28_27.csv,Viết bài top-list/so sánh; map vào cluster hub; bổ sung schema + ảnh/UGC,B,2500.0,0%,0
tour đà lạt mũi né,Di chuyển Đà Lạt,Di chuyển,In-scope Đà Lạt,Commercial Investigation,50,N/A,N/A,N/A,Planner (Thấp),data/google_planner/da-lat/Keyword Stats 2026-02-23 at 00_28_27.csv,Viết bài top-list/so sánh; map vào cluster hub; bổ sung schema + ảnh/UGC,B,2500.0,0%,0
tour đà lạt mới,Di chuyển Đà Lạt,Di chuyển,In-scope Đà Lạt,Commercial Investigation,50,N/A,N/A,N/A,Planner (Trung bình),data/google_planner/da-lat/Keyword Stats 2026-02-23 at 00_28_27.csv,Viết bài top-list/so sánh; map vào cluster hub; bổ sung schema + ảnh/UGC,B,2500.0,0%,0
tour đà lạt mới nhất,Di chuyển Đà Lạt,Di chuyển,In-scope Đà Lạt,Commercial Investigation,50,N/A,N/A,N/A,Planner (Trung bình),data/google_planner/da-lat/Keyword Stats 2026-02-23 at 00_28_27.csv,Viết bài top-list/so sánh; map vào cluster hub; bổ sung schema + ảnh/UGC,B,2500.0,0%,0
tour đà lạt nghỉ dưỡng,Di chuyển Đà Lạt,Di chuyển,In-scope Đà Lạt,Commercial Investigation,50,N/A,N/A,N/A,Planner (Trung bình),data/google_planner/da-lat/Keyword Stats 2026-02-23 at 00_28_27.csv,Viết bài top-list/so sánh; map vào cluster hub; bổ sung schema + ảnh/UGC,B,2500.0,0%,0
tour đà lạt phong cách việt,Di chuyển Đà Lạt,Di chuyển,In-scope Đà Lạt,Commercial Investigation,50,N/A,N/A,N/A,Planner (Thấp),data/google_planner/da-lat/Keyword Stats 2026-02-23 at 00_28_27.csv,Viết bài top-list/so sánh; map vào cluster hub; bổ sung schema + ảnh/UGC,B,2500.0,0%,0
tour đà lạt saigontourist,Di chuyển Đà Lạt,Di chuyển,In-scope Đà Lạt,Commercial Investigation,50,N/A,N/A,N/A,Planner (Thấp),data/google_planner/da-lat/Keyword Stats 2026-02-23 at 00_28_27.csv,Viết bài top-list/so sánh; map vào cluster hub; bổ sung schema + ảnh/UGC,B,2500.0,0%,0
tour đà lạt thác datanla,Di chuyển Đà Lạt,Di chuyển,In-scope Đà Lạt,Commercial Investigation,50,N/A,N/A,N/A,Planner (Trung bình),data/google_planner/da-lat/Keyword Stats 2026-02-23 at 00_28_27.csv,Viết bài top-list/so sánh; map vào cluster hub; bổ sung schema + ảnh/UGC,B,2500.0,0%,0
tour đà lạt tháng 10,Di chuyển Đà Lạt,Di chuyển,In-scope Đà Lạt,Commercial Investigation,50,N/A,N/A,N/A,Planner (Không xác định),data/google_planner/da-lat/Keyword Stats 2026-02-23 at 00_28_27.csv,Viết bài top-list/so sánh; map vào cluster hub; bổ sung schema + ảnh/UGC,B,2500.0,0%,0
tour đà lạt tháng 11,Di chuyển Đà Lạt,Di chuyển,In-scope Đà Lạt,Commercial Investigation,50,N/A,N/A,N/A,Planner (Không xác định),data/google_planner/da-lat/Keyword Stats 2026-02-23 at 00_28_27.csv,Viết bài top-list/so sánh; map vào cluster hub; bổ sung schema + ảnh/UGC,B,2500.0,0%,0
tour đà lạt tháng 3,Di chuyển Đà Lạt,Di chuyển,In-scope Đà Lạt,Commercial Investigation,50,N/A,N/A,N/A,Planner (Không xác định),data/google_planner/da-lat/Keyword Stats 2026-02-23 at 00_28_27.csv,Viết bài top-list/so sánh; map vào cluster hub; bổ sung schema + ảnh/UGC,B,2500.0,-100.0%,0
tour đà lạt tháng 5,Di chuyển Đà Lạt,Di chuyển,In-scope Đà Lạt,Commercial Investigation,50,N/A,N/A,N/A,Planner (Không xác định),data/google_planner/da-lat/Keyword Stats 2026-02-23 at 00_28_27.csv,Viết bài top-list/so sánh; map vào cluster hub; bổ sung schema + ảnh/UGC,B,2500.0,0%,0
tour đà lạt tháng 6,Di chuyển Đà Lạt,Di chuyển,In-scope Đà Lạt,Commercial Investigation,50,N/A,N/A,N/A,Planner (Không xác định),data/google_planner/da-lat/Keyword Stats 2026-02-23 at 00_28_27.csv,Viết bài top-list/so sánh; map vào cluster hub; bổ sung schema + ảnh/UGC,B,2500.0,0%,0
tour đà lạt tháng 7,Di chuyển Đà Lạt,Di chuyển,In-scope Đà Lạt,Commercial Investigation,50,N/A,N/A,N/A,Planner (Không xác định),data/google_planner/da-lat/Keyword Stats 2026-02-23 at 00_28_27.csv,Viết bài top-list/so sánh; map vào cluster hub; bổ sung schema + ảnh/UGC,B,2500.0,0%,0
tour đà lạt tháng 8,Di chuyển Đà Lạt,Di chuyển,In-scope Đà Lạt,Commercial Investigation,50,N/A,N/A,N/A,Planner (Không xác định),data/google_planner/da-lat/Keyword Stats 2026-02-23 at 00_28_27.csv,Viết bài top-list/so sánh; map vào cluster hub; bổ sung schema + ảnh/UGC,B,2500.0,0%,0
tour đà lạt tháng 9,Di chuyển Đà Lạt,Di chuyển,In-scope Đà Lạt,Commercial Investigation,50,N/A,N/A,N/A,Planner (Không xác định),data/google_planner/da-lat/Keyword Stats 2026-02-23 at 00_28_27.csv,Viết bài top-list/so sánh; map vào cluster hub; bổ sung schema + ảnh/UGC,B,2500.0,0%,0
tour đà lạt top travel,Di chuyển Đà Lạt,Di chuyển,In-scope Đà Lạt,Commercial Investigation,50,N/A,N/A,N/A,Planner (Cao),data/google_planner/da-lat/Keyword Stats 2026-02-23 at 00_28_27.csv,Viết bài top-list/so sánh; map vào cluster hub; bổ sung schema + ảnh/UGC,B,2500.0,0%,0
tour đà lạt trong tôi,Di chuyển Đà Lạt,Di chuyển,In-scope Đà Lạt,Commercial Investigation,50,N/A,N/A,N/A,Planner (Không xác định),data/google_planner/da-lat/Keyword Stats 2026-02-23 at 00_28_27.csv,Viết bài top-list/so sánh; map vào cluster hub; bổ sung schema + ảnh/UGC,B,2500.0,-100.0%,0
tour đà lạt tây nguyên,Di chuyển Đà Lạt,Di chuyển,In-scope Đà Lạt,Commercial Investigation,50,N/A,N/A,N/A,Planner (Thấp),data/google_planner/da-lat/Keyword Stats 2026-02-23 at 00_28_27.csv,Viết bài top-list/so sánh; map vào cluster hub; bổ sung schema + ảnh/UGC,B,2500.0,0%,0
tour đà lạt tại đà lạt,Di chuyển Đà Lạt,Di chuyển,In-scope Đà Lạt,Commercial Investigation,50,N/A,N/A,N/A,Planner (Trung bình),data/google_planner/da-lat/Keyword Stats 2026-02-23 at 00_28_27.csv,Viết bài top-list/so sánh; map vào cluster hub; bổ sung schema + ảnh/UGC,B,2500.0,0%,0
tour đà lạt tết 2022 vietravel,Di chuyển Đà Lạt,Di chuyển,In-scope Đà Lạt,Commercial Investigation,50,N/A,N/A,N/A,Planner (Cao),data/google_planner/da-lat/Keyword Stats 2026-02-23 at 00_28_27.csv,Viết bài top-list/so sánh; map vào cluster hub; bổ sung schema + ảnh/UGC,B,2500.0,0%,0
tour đà lạt tết 2023 vietravel,Di chuyển Đà Lạt,Di chuyển,In-scope Đà Lạt,Commercial Investigation,50,N/A,N/A,N/A,Planner (Thấp),data/google_planner/da-lat/Keyword Stats 2026-02-23 at 00_28_27.csv,Viết bài top-list/so sánh; map vào cluster hub; bổ sung schema + ảnh/UGC,B,2500.0,0%,0
tour đà lạt tết dương lịch 2023,Di chuyển Đà Lạt,Di chuyển,In-scope Đà Lạt,Commercial Investigation,50,N/A,N/A,N/A,Planner (Cao),data/google_planner/da-lat/Keyword Stats 2026-02-23 at 00_28_27.csv,Viết bài top-list/so sánh; map vào cluster hub; bổ sung schema + ảnh/UGC,B,2500.0,0%,0
tour đà lạt tết nguyên đán 2023,Di chuyển Đà Lạt,Di chuyển,In-scope Đà Lạt,Commercial Investigation,50,N/A,N/A,N/A,Planner (Không xác định),data/google_planner/da-lat/Keyword Stats 2026-02-23 at 00_28_27.csv,Viết bài top-list/so sánh; map vào cluster hub; bổ sung schema + ảnh/UGC,B,2500.0,-100.0%,0
tour đà lạt uy tín,Di chuyển Đà Lạt,Di chuyển,In-scope Đà Lạt,Commercial Investigation,50,N/A,N/A,N/A,Planner (Không xác định),data/google_planner/da-lat/Keyword Stats 2026-02-23 at 00_28_27.csv,Viết bài top-list/so sánh; map vào cluster hub; bổ sung schema + ảnh/UGC,B,2500.0,-100.0%,0
tour đà lạt vietnam tourist,Di chuyển Đà Lạt,Di chuyển,In-scope Đà Lạt,Commercial Investigation,50,N/A,N/A,N/A,Planner (Thấp),data/google_planner/da-lat/Keyword Stats 2026-02-23 at 00_28_27.csv,Viết bài top-list/so sánh; map vào cluster hub; bổ sung schema + ảnh/UGC,B,2500.0,0%,0
tour đà lạt vietravel 2022,Di chuyển Đà Lạt,Di chuyển,In-scope Đà Lạt,Commercial Investigation,50,N/A,N/A,N/A,Planner (Không xác định),data/google_planner/da-lat/Keyword Stats 2026-02-23 at 00_28_27.csv,Viết bài top-list/so sánh; map vào cluster hub; bổ sung schema + ảnh/UGC,B,2500.0,0%,0
tour đà lạt việt travel,Di chuyển Đà Lạt,Di chuyển,In-scope Đà Lạt,Commercial Investigation,50,N/A,N/A,N/A,Planner (Không xác định),data/google_planner/da-lat/Keyword Stats 2026-02-23 at 00_28_27.csv,Viết bài top-list/so sánh; map vào cluster hub; bổ sung schema + ảnh/UGC,B,2500.0,-100.0%,0
tour đà lạt văn hóa việt,Di chuyển Đà Lạt,Di chuyển,In-scope Đà Lạt,Commercial Investigation,50,N/A,N/A,N/A,Planner (Không xác định),data/google_planner/da-lat/Keyword Stats 2026-02-23 at 00_28_27.csv,Viết bài top-list/so sánh; map vào cluster hub; bổ sung schema + ảnh/UGC,B,2500.0,-100.0%,0
tour đà lạt zoomtravel,Di chuyển Đà Lạt,Di chuyển,In-scope Đà Lạt,Commercial Investigation,50,N/A,N/A,N/A,Planner (Thấp),data/google_planner/da-lat/Keyword Stats 2026-02-23 at 00_28_27.csv,Viết bài top-list/so sánh; map vào cluster hub; bổ sung schema + ảnh/UGC,B,2500.0,0%,0
tour đà lạt đi máy bay,Di chuyển Đà Lạt,Di chuyển,In-scope Đà Lạt,Commercial Investigation,50,N/A,N/A,N/A,Planner (Thấp),data/google_planner/da-lat/Keyword Stats 2026-02-23 at 00_28_27.csv,Viết bài top-list/so sánh; map vào cluster hub; bổ sung schema + ảnh/UGC,B,2500.0,0%,0
tour đà lạt đất việt,Di chuyển Đà Lạt,Di chuyển,In-scope Đà Lạt,Commercial Investigation,50,N/A,N/A,N/A,Planner (Cao),data/google_planner/da-lat/Keyword Stats 2026-02-23 at 00_28_27.csv,Viết bài top-list/so sánh; map vào cluster hub; bổ sung schema + ảnh/UGC,B,2500.0,0%,0
tour đà lạt đồi chè cầu đất,Di chuyển Đà Lạt,Di chuyển,In-scope Đà Lạt,Commercial Investigation,50,N/A,N/A,N/A,Planner (Không xác định),data/google_planner/da-lat/Keyword Stats 2026-02-23 at 00_28_27.csv,Viết bài top-list/so sánh; map vào cluster hub; bổ sung schema + ảnh/UGC,B,2500.0,-100.0%,0
tour đồi cỏ hồng đà lạt,Di chuyển Đà Lạt,Di chuyển,In-scope Đà Lạt,Commercial Investigation,50,N/A,N/A,N/A,Planner (Thấp),data/google_planner/da-lat/Keyword Stats 2026-02-23 at 00_28_27.csv,Viết bài top-list/so sánh; map vào cluster hub; bổ sung schema + ảnh/UGC,B,2500.0,0%,0
tour ở đà lạt,Di chuyển Đà Lạt,Di chuyển,In-scope Đà Lạt,Commercial Investigation,50,N/A,N/A,N/A,Planner (Trung bình),data/google_planner/da-lat/Keyword Stats 2026-02-23 at 00_28_27.csv,Viết bài top-list/so sánh; map vào cluster hub; bổ sung schema + ảnh/UGC,B,2500.0,0%,0
transviet tour đà lạt,Di chuyển Đà Lạt,Di chuyển,In-scope Đà Lạt,Commercial Investigation,50,N/A,N/A,N/A,Planner (Thấp),data/google_planner/da-lat/Keyword Stats 2026-02-23 at 00_28_27.csv,Viết bài top-list/so sánh; map vào cluster hub; bổ sung schema + ảnh/UGC,B,2500.0,0%,0
tugo tour đà lạt,Di chuyển Đà Lạt,Di chuyển,In-scope Đà Lạt,Commercial Investigation,50,N/A,N/A,N/A,Planner (Cao),data/google_planner/da-lat/Keyword Stats 2026-02-23 at 00_28_27.csv,Viết bài top-list/so sánh; map vào cluster hub; bổ sung schema + ảnh/UGC,B,2500.0,0%,0
ve tour da lat,Di chuyển Đà Lạt,Di chuyển,In-scope Đà Lạt,Commercial Investigation,50,N/A,N/A,N/A,Planner (Cao),data/google_planner/da-lat/Keyword Stats 2026-02-23 at 00_28_27.csv,Viết bài top-list/so sánh; map vào cluster hub; bổ sung schema + ảnh/UGC,B,2500.0,0%,0
vé tour đi đà lạt,Di chuyển Đà Lạt,Di chuyển,In-scope Đà Lạt,Commercial Investigation,50,N/A,N/A,N/A,Planner (Cao),data/google_planner/da-lat/Keyword Stats 2026-02-23 at 00_28_27.csv,Viết bài top-list/so sánh; map vào cluster hub; bổ sung schema + ảnh/UGC,B,2500.0,0%,0
vé tour đà lạt,Di chuyển Đà Lạt,Di chuyển,In-scope Đà Lạt,Commercial Investigation,50,N/A,N/A,N/A,Planner (Trung bình),data/google_planner/da-lat/Keyword Stats 2026-02-23 at 00_28_27.csv,Viết bài top-list/so sánh; map vào cluster hub; bổ sung schema + ảnh/UGC,B,2500.0,0%,0
vé đi tour đà lạt,Di chuyển Đà Lạt,Di chuyển,In-scope Đà Lạt,Commercial Investigation,50,N/A,N/A,N/A,Planner (Không xác định),data/google_planner/da-lat/Keyword Stats 2026-02-23 at 00_28_27.csv,Viết bài top-list/so sánh; map vào cluster hub; bổ sung schema + ảnh/UGC,B,2500.0,-100.0%,0
đi du lịch đà lạt theo tour,Di chuyển Đà Lạt,Di chuyển,In-scope Đà Lạt,Commercial Investigation,50,N/A,N/A,N/A,Planner (Trung bình),data/google_planner/da-lat/Keyword Stats 2026-02-23 at 00_28_27.csv,Viết bài top-list/so sánh; map vào cluster hub; bổ sung schema + ảnh/UGC,B,2500.0,0%,0
đi tour du lịch đà lạt,Di chuyển Đà Lạt,Di chuyển,In-scope Đà Lạt,Commercial Investigation,50,N/A,N/A,N/A,Planner (Thấp),data/google_planner/da-lat/Keyword Stats 2026-02-23 at 00_28_27.csv,Viết bài top-list/so sánh; map vào cluster hub; bổ sung schema + ảnh/UGC,B,2500.0,0%,0
đi đà lạt theo tour,Di chuyển Đà Lạt,Di chuyển,In-scope Đà Lạt,Commercial Investigation,50,N/A,N/A,N/A,Planner (Trung bình),data/google_planner/da-lat/Keyword Stats 2026-02-23 at 00_28_27.csv,Viết bài top-list/so sánh; map vào cluster hub; bổ sung schema + ảnh/UGC,B,2500.0,0%,0
đăng ký tour du lịch đà lạt,Di chuyển Đà Lạt,Di chuyển,In-scope Đà Lạt,Commercial Investigation,50,N/A,N/A,N/A,Planner (Trung bình),data/google_planner/da-lat/Keyword Stats 2026-02-23 at 00_28_27.csv,Viết bài top-list/so sánh; map vào cluster hub; bổ sung schema + ảnh/UGC,B,2500.0,0%,0
đăng ký tour đi đà lạt,Di chuyển Đà Lạt,Di chuyển,In-scope Đà Lạt,Commercial Investigation,50,N/A,N/A,N/A,Planner (Không xác định),data/google_planner/da-lat/Keyword Stats 2026-02-23 at 00_28_27.csv,Viết bài top-list/so sánh; map vào cluster hub; bổ sung schema + ảnh/UGC,B,2500.0,0%,0
đặt tour tại đà lạt,Di chuyển Đà Lạt,Di chuyển,In-scope Đà Lạt,Commercial Investigation,50,N/A,N/A,N/A,Planner (Cao),data/google_planner/da-lat/Keyword Stats 2026-02-23 at 00_28_27.csv,Viết bài top-list/so sánh; map vào cluster hub; bổ sung schema + ảnh/UGC,B,2500.0,0%,0
đặt tour đà lạt trong ngày,Di chuyển Đà Lạt,Di chuyển,In-scope Đà Lạt,Commercial Investigation,50,N/A,N/A,N/A,Planner (Trung bình),data/google_planner/da-lat/Keyword Stats 2026-02-23 at 00_28_27.csv,Viết bài top-list/so sánh; map vào cluster hub; bổ sung schema + ảnh/UGC,B,2500.0,0%,0
đặt vé tour đi đà lạt,Di chuyển Đà Lạt,Di chuyển,In-scope Đà Lạt,Commercial Investigation,50,N/A,N/A,N/A,Planner (Không xác định),data/google_planner/da-lat/Keyword Stats 2026-02-23 at 00_28_27.csv,Viết bài top-list/so sánh; map vào cluster hub; bổ sung schema + ảnh/UGC,B,2500.0,-100.0%,0
tour đà lạt,Di chuyển Đà Lạt,Di chuyển,In-scope Đà Lạt,Commercial Investigation,N/A,N/A,N/A,N/A,Trend SI:44 -1%,data/google_trend/searched_with_top-queries_VN_20250210-1750_20260210-1750.csv,Viết bài top-list/so sánh; map vào cluster hub; bổ sung schema + ảnh/UGC,B,44.0,-1%,N/A
tour du lịch đà lạt,Di chuyển Đà Lạt,Di chuyển,In-scope Đà Lạt,Commercial Investigation,N/A,N/A,N/A,N/A,Trend SI:44 0%,data/google_trend/searched_with_top-queries_VN_20250210-1750_20260210-1750.csv,Viết bài top-list/so sánh; map vào cluster hub; bổ sung schema + ảnh/UGC,B,44.0,0%,N/A
vé máy bay đà lạt,Di chuyển Đà Lạt,Di chuyển,In-scope Đà Lạt,Transaction,N/A,N/A,N/A,N/A,Trend SI:12 8%,data/google_trend/searched_with_top-queries_VN_20250210-1749_20260210-1749.csv,"Tạo landing chuyển đổi (giá/vé/đặt chỗ), gom vào cluster page + build backlink nội bộ",B,12.0,8%,N/A
vé máy bay đi đà lạt,Di chuyển Đà Lạt,Di chuyển,In-scope Đà Lạt,Transaction,N/A,N/A,N/A,N/A,Trend SI:4 9%,data/google_trend/searched_with_top-queries_VN_20250210-1749_20260210-1749.csv,"Tạo landing chuyển đổi (giá/vé/đặt chỗ), gom vào cluster page + build backlink nội bộ",B,4.0,9%,N/A
top 10 homestay đẹp nhất đà lạt,Homestay Đà Lạt,Lưu trú,In-scope Đà Lạt,Commercial Investigation,N/A,1341,145,10.81%,N/A (N/A),data/google_search_console/Queries.csv,"Refresh bài top-list, thêm bảng so sánh + schema FAQ/Review; tối ưu title để tăng CTR",A,145.0,N/A,N/A
homestay đà lạt,Homestay Đà Lạt,Lưu trú,In-scope Đà Lạt,Transaction,14800,3945,14,0.35%,Low (2),data/google_search_console/Queries.csv,"Tối ưu landing (CTA/giá/FAQ), cải thiện snippet để tăng CTR; internal link từ hub 'Đà Lạt'",A,14.0,N/A,N/A
dat phong homestay da lat,Homestay Đà Lạt,Lưu trú,In-scope Đà Lạt,Transaction,50,N/A,N/A,N/A,Planner (Cao),data/google_planner/da-lat/Keyword Stats 2026-02-23 at 00_28_27.csv,"Tạo landing chuyển đổi (giá/vé/đặt chỗ), gom vào cluster page + build backlink nội bộ",B,4125.000000000001,0%,"38,480"
homestay thuê theo tháng ở đà lạt,Homestay Đà Lạt,Lưu trú,In-scope Đà Lạt,Transaction,50,N/A,N/A,N/A,Planner (Thấp),data/google_planner/da-lat/Keyword Stats 2026-02-23 at 00_28_27.csv,"Tạo landing chuyển đổi (giá/vé/đặt chỗ), gom vào cluster page + build backlink nội bộ",B,4125.000000000001,0%,"4,888"
đặt homestay đà lạt,Homestay Đà Lạt,Lưu trú,In-scope Đà Lạt,Transaction,50,N/A,N/A,N/A,Planner (Cao),data/google_planner/da-lat/Keyword Stats 2026-02-23 at 00_28_27.csv,"Tạo landing chuyển đổi (giá/vé/đặt chỗ), gom vào cluster page + build backlink nội bộ",B,4125.000000000001,-90.0%,"35,607"
đặt phòng homestay đà lạt,Homestay Đà Lạt,Lưu trú,In-scope Đà Lạt,Transaction,50,N/A,N/A,N/A,Planner (Trung bình),data/google_planner/da-lat/Keyword Stats 2026-02-23 at 00_28_27.csv,"Tạo landing chuyển đổi (giá/vé/đặt chỗ), gom vào cluster page + build backlink nội bộ",B,4125.000000000001,0%,"55,999"
đặt phòng đà lạt homestay,Homestay Đà Lạt,Lưu trú,In-scope Đà Lạt,Transaction,50,N/A,N/A,N/A,Planner (Cao),data/google_planner/da-lat/Keyword Stats 2026-02-23 at 00_28_27.csv,"Tạo landing chuyển đổi (giá/vé/đặt chỗ), gom vào cluster page + build backlink nội bộ",B,4125.000000000001,0%,"29,174"
agoda homestay đà lạt,Homestay Đà Lạt,Lưu trú,In-scope Đà Lạt,Transaction,50,N/A,N/A,N/A,Planner (Trung bình),data/google_planner/da-lat/Keyword Stats 2026-02-23 at 00_28_27.csv,"Tạo landing chuyển đổi (giá/vé/đặt chỗ), gom vào cluster page + build backlink nội bộ",B,4125.000000000001,0%,"26,489"
book phòng homestay đà lạt,Homestay Đà Lạt,Lưu trú,In-scope Đà Lạt,Transaction,50,N/A,N/A,N/A,Planner (Cao),data/google_planner/da-lat/Keyword Stats 2026-02-23 at 00_28_27.csv,"Tạo landing chuyển đổi (giá/vé/đặt chỗ), gom vào cluster page + build backlink nội bộ",B,4125.000000000001,0%,"18,326"
homestay đà lạt agoda,Homestay Đà Lạt,Lưu trú,In-scope Đà Lạt,Transaction,50,N/A,N/A,N/A,Planner (Trung bình),data/google_planner/da-lat/Keyword Stats 2026-02-23 at 00_28_27.csv,"Tạo landing chuyển đổi (giá/vé/đặt chỗ), gom vào cluster page + build backlink nội bộ",B,4125.000000000001,0%,"17,140"
đặt homestay ở đà lạt,Homestay Đà Lạt,Lưu trú,In-scope Đà Lạt,Transaction,50,N/A,N/A,N/A,Planner (Cao),data/google_planner/da-lat/Keyword Stats 2026-02-23 at 00_28_27.csv,"Tạo landing chuyển đổi (giá/vé/đặt chỗ), gom vào cluster page + build backlink nội bộ",B,4125.000000000001,0%,"23,218"
dat phong homestay dalat,Homestay Đà Lạt,Lưu trú,In-scope Đà Lạt,Transaction,50,N/A,N/A,N/A,Planner (Cao),data/google_planner/da-lat/Keyword Stats 2026-02-23 at 00_28_27.csv,"Tạo landing chuyển đổi (giá/vé/đặt chỗ), gom vào cluster page + build backlink nội bộ",B,3750.0,0%,0
đặt phòng homestay đà lạt giá rẻ,Homestay Đà Lạt,Lưu trú,In-scope Đà Lạt,Transaction,50,N/A,N/A,N/A,Planner (Trung bình),data/google_planner/da-lat/Keyword Stats 2026-02-23 at 00_28_27.csv,"Tạo landing chuyển đổi (giá/vé/đặt chỗ), gom vào cluster page + build backlink nội bộ",B,3750.0,0%,0
kinh nghiệm đặt homestay đà lạt,Homestay Đà Lạt,Lưu trú,In-scope Đà Lạt,Commercial Investigation,50,N/A,N/A,N/A,Planner (Không xác định),data/google_planner/da-lat/Keyword Stats 2026-02-23 at 00_28_27.csv,Viết bài top-list/so sánh; map vào cluster hub; bổ sung schema + ảnh/UGC,B,3750.0,0%,0
đặt phòng homestay ở đà lạt,Homestay Đà Lạt,Lưu trú,In-scope Đà Lạt,Commercial Investigation,50,N/A,N/A,N/A,Planner (Trung bình),data/google_planner/da-lat/Keyword Stats 2026-02-23 at 00_28_27.csv,Viết bài top-list/so sánh; map vào cluster hub; bổ sung schema + ảnh/UGC,B,3750.0,0%,0
tour huế đà lạt 4 ngày 3 đêm,Huế Trip,Di chuyển,Out-of-scope Huế,Transaction,50,N/A,N/A,N/A,Planner (Trung bình),data/google_planner/da-lat/Keyword Stats 2026-02-23 at 00_28_27.csv,"Tạo landing chuyển đổi (giá/vé/đặt chỗ), gom vào cluster page + build backlink nội bộ",B,2750.0000000000005,0%,"5,834"
du lịch huế đà lạt,Huế Trip,Tổng hợp,Out-of-scope Huế,Informational,50,N/A,N/A,N/A,Planner (Không xác định),data/google_planner/da-lat/Keyword Stats 2026-02-23 at 00_28_27.csv,Viết guide/review; ưu tiên long-tail; tạo topic hub và internal link về trang dịch vụ,B,2500.0,-100.0%,0
tour huế đà lạt 3 ngày 2 đêm,Huế Trip,Di chuyển,Out-of-scope Huế,Transaction,50,N/A,N/A,N/A,Planner (Thấp),data/google_planner/da-lat/Keyword Stats 2026-02-23 at 00_28_27.csv,"Tạo landing chuyển đổi (giá/vé/đặt chỗ), gom vào cluster page + build backlink nội bộ",B,2500.0,0%,0
tour du lịch huế đà lạt,Huế Trip,Di chuyển,Out-of-scope Huế,Commercial Investigation,50,N/A,N/A,N/A,Planner (Thấp),data/google_planner/da-lat/Keyword Stats 2026-02-23 at 00_28_27.csv,Viết bài top-list/so sánh; map vào cluster hub; bổ sung schema + ảnh/UGC,B,2500.0,0%,0
tour huế đi đà lạt,Huế Trip,Di chuyển,Out-of-scope Huế,Commercial Investigation,50,N/A,N/A,N/A,Planner (Thấp),data/google_planner/da-lat/Keyword Stats 2026-02-23 at 00_28_27.csv,Viết bài top-list/so sánh; map vào cluster hub; bổ sung schema + ảnh/UGC,B,2500.0,0%,0
tour huế đà lạt,Huế Trip,Di chuyển,Out-of-scope Huế,Commercial Investigation,50,N/A,N/A,N/A,Planner (Thấp),data/google_planner/da-lat/Keyword Stats 2026-02-23 at 00_28_27.csv,Viết bài top-list/so sánh; map vào cluster hub; bổ sung schema + ảnh/UGC,B,2500.0,0%,0
tour huế đà lạt vietravel,Huế Trip,Di chuyển,Out-of-scope Huế,Commercial Investigation,50,N/A,N/A,N/A,Planner (Không xác định),data/google_planner/da-lat/Keyword Stats 2026-02-23 at 00_28_27.csv,Viết bài top-list/so sánh; map vào cluster hub; bổ sung schema + ảnh/UGC,B,2500.0,-100.0%,0
tour hà nội đà lạt,Hà Nội Trip,Di chuyển,Out-of-scope Hà Nội,Commercial Investigation,500,N/A,N/A,N/A,Planner (Thấp),data/google_planner/da-lat/Keyword Stats 2026-02-23 at 00_28_27.csv,Viết bài top-list/so sánh; map vào cluster hub; bổ sung schema + ảnh/UGC,B,27500.0,0%,"7,271"
du lịch hà nội đà lạt,Hà Nội Trip,Tổng hợp,Out-of-scope Hà Nội,Informational,50,N/A,N/A,N/A,Planner (Thấp),data/google_planner/da-lat/Keyword Stats 2026-02-23 at 00_28_27.csv,Viết guide/review; ưu tiên long-tail; tạo topic hub và internal link về trang dịch vụ,B,2750.0000000000005,0%,935
du lịch hà nội đà lạt 3 ngày 2 đêm,Hà Nội Trip,Tổng hợp,Out-of-scope Hà Nội,Informational,50,N/A,N/A,N/A,Planner (Trung bình),data/google_planner/da-lat/Keyword Stats 2026-02-23 at 00_28_27.csv,Viết guide/review; ưu tiên long-tail; tạo topic hub và internal link về trang dịch vụ,B,2750.0000000000005,0%,"2,064"
tour hà nội đà lạt 3 ngày 2 đêm,Hà Nội Trip,Di chuyển,Out-of-scope Hà Nội,Transaction,50,N/A,N/A,N/A,Planner (Thấp),data/google_planner/da-lat/Keyword Stats 2026-02-23 at 00_28_27.csv,"Tạo landing chuyển đổi (giá/vé/đặt chỗ), gom vào cluster page + build backlink nội bộ",B,2750.0000000000005,0%,"4,936"
tour hà nội đà lạt 4 ngày 3 đêm,Hà Nội Trip,Di chuyển,Out-of-scope Hà Nội,Transaction,50,N/A,N/A,N/A,Planner (Thấp),data/google_planner/da-lat/Keyword Stats 2026-02-23 at 00_28_27.csv,"Tạo landing chuyển đổi (giá/vé/đặt chỗ), gom vào cluster page + build backlink nội bộ",B,2750.0000000000005,0%,"2,482"
tour hà nội đà lạt 5 ngày 4 đêm,Hà Nội Trip,Di chuyển,Out-of-scope Hà Nội,Transaction,50,N/A,N/A,N/A,Planner (Thấp),data/google_planner/da-lat/Keyword Stats 2026-02-23 at 00_28_27.csv,"Tạo landing chuyển đổi (giá/vé/đặt chỗ), gom vào cluster page + build backlink nội bộ",B,2750.0000000000005,0%,"14,758"
tour du lịch hà nội đà lạt,Hà Nội Trip,Di chuyển,Out-of-scope Hà Nội,Commercial Investigation,50,N/A,N/A,N/A,Planner (Trung bình),data/google_planner/da-lat/Keyword Stats 2026-02-23 at 00_28_27.csv,Viết bài top-list/so sánh; map vào cluster hub; bổ sung schema + ảnh/UGC,B,2750.0000000000005,0%,"6,752"
tour đà lạt hà nội,Hà Nội Trip,Di chuyển,Out-of-scope Hà Nội,Commercial Investigation,50,N/A,N/A,N/A,Planner (Thấp),data/google_planner/da-lat/Keyword Stats 2026-02-23 at 00_28_27.csv,Viết bài top-list/so sánh; map vào cluster hub; bổ sung schema + ảnh/UGC,B,2750.0000000000005,0%,"1,970"
giá tour hà nội đà lạt,Hà Nội Trip,Di chuyển,Out-of-scope Hà Nội,Transaction,50,N/A,N/A,N/A,Planner (Trung bình),data/google_planner/da-lat/Keyword Stats 2026-02-23 at 00_28_27.csv,"Tạo landing chuyển đổi (giá/vé/đặt chỗ), gom vào cluster page + build backlink nội bộ",B,2500.0,0%,0
tour hà nội đà lạt 2 ngày 1 đêm,Hà Nội Trip,Di chuyển,Out-of-scope Hà Nội,Transaction,50,N/A,N/A,N/A,Planner (Thấp),data/google_planner/da-lat/Keyword Stats 2026-02-23 at 00_28_27.csv,"Tạo landing chuyển đổi (giá/vé/đặt chỗ), gom vào cluster page + build backlink nội bộ",B,2500.0,0%,0
tour du lịch hà nội đà lạt trọn gói,Hà Nội Trip,Di chuyển,Out-of-scope Hà Nội,Commercial Investigation,50,N/A,N/A,N/A,Planner (Không xác định),data/google_planner/da-lat/Keyword Stats 2026-02-23 at 00_28_27.csv,Viết bài top-list/so sánh; map vào cluster hub; bổ sung schema + ảnh/UGC,B,2500.0,0%,0
tour hà nội sài gòn đà lạt,Hà Nội Trip,Di chuyển,Out-of-scope Hà Nội,Commercial Investigation,50,N/A,N/A,N/A,Planner (Thấp),data/google_planner/da-lat/Keyword Stats 2026-02-23 at 00_28_27.csv,Viết bài top-list/so sánh; map vào cluster hub; bổ sung schema + ảnh/UGC,B,2500.0,0%,0
tour hà nội đi đà lạt,Hà Nội Trip,Di chuyển,Out-of-scope Hà Nội,Commercial Investigation,50,N/A,N/A,N/A,Planner (Thấp),data/google_planner/da-lat/Keyword Stats 2026-02-23 at 00_28_27.csv,Viết bài top-list/so sánh; map vào cluster hub; bổ sung schema + ảnh/UGC,B,2500.0,0%,0
tour hà nội đà lạt trọn gói,Hà Nội Trip,Di chuyển,Out-of-scope Hà Nội,Commercial Investigation,50,N/A,N/A,N/A,Planner (Trung bình),data/google_planner/da-lat/Keyword Stats 2026-02-23 at 00_28_27.csv,Viết bài top-list/so sánh; map vào cluster hub; bổ sung schema + ảnh/UGC,B,2500.0,0%,0
tour hà nội đà lạt vietravel,Hà Nội Trip,Di chuyển,Out-of-scope Hà Nội,Commercial Investigation,50,N/A,N/A,N/A,Planner (Không xác định),data/google_planner/da-lat/Keyword Stats 2026-02-23 at 00_28_27.csv,Viết bài top-list/so sánh; map vào cluster hub; bổ sung schema + ảnh/UGC,B,2500.0,-100.0%,0
khách sạn ở khu hòa bình đà lạt,Hòa Bình Trip,Lưu trú,Out-of-scope Hòa Bình,Commercial Investigation,50,N/A,N/A,N/A,Planner (Cao),data/google_planner/da-lat/Keyword Stats 2026-02-23 at 00_28_27.csv,Viết bài top-list/so sánh; map vào cluster hub; bổ sung schema + ảnh/UGC,B,3750.0,0%,0
du lịch hải phòng đà lạt,Hải Phòng Trip,Tổng hợp,Out-of-scope Hải Phòng,Informational,50,N/A,N/A,N/A,Planner (Thấp),data/google_planner/da-lat/Keyword Stats 2026-02-23 at 00_28_27.csv,Viết guide/review; ưu tiên long-tail; tạo topic hub và internal link về trang dịch vụ,B,2500.0,0%,0
tour hải phòng đà lạt 3 ngày 2 đêm,Hải Phòng Trip,Di chuyển,Out-of-scope Hải Phòng,Transaction,50,N/A,N/A,N/A,Planner (Thấp),data/google_planner/da-lat/Keyword Stats 2026-02-23 at 00_28_27.csv,"Tạo landing chuyển đổi (giá/vé/đặt chỗ), gom vào cluster page + build backlink nội bộ",B,2500.0,0%,0
tour hải phòng đà lạt 4 ngày 3 đêm,Hải Phòng Trip,Di chuyển,Out-of-scope Hải Phòng,Transaction,50,N/A,N/A,N/A,Planner (Thấp),data/google_planner/da-lat/Keyword Stats 2026-02-23 at 00_28_27.csv,"Tạo landing chuyển đổi (giá/vé/đặt chỗ), gom vào cluster page + build backlink nội bộ",B,2500.0,0%,0
tour du lịch hải phòng đà lạt,Hải Phòng Trip,Di chuyển,Out-of-scope Hải Phòng,Commercial Investigation,50,N/A,N/A,N/A,Planner (Thấp),data/google_planner/da-lat/Keyword Stats 2026-02-23 at 00_28_27.csv,Viết bài top-list/so sánh; map vào cluster hub; bổ sung schema + ảnh/UGC,B,2500.0,0%,0
tour hải phòng đà lạt,Hải Phòng Trip,Di chuyển,Out-of-scope Hải Phòng,Commercial Investigation,50,N/A,N/A,N/A,Planner (Thấp),data/google_planner/da-lat/Keyword Stats 2026-02-23 at 00_28_27.csv,Viết bài top-list/so sánh; map vào cluster hub; bổ sung schema + ảnh/UGC,B,2500.0,0%,0
tour thành phố hồ chí minh đà lạt,Hồ Chí Minh Trip,Di chuyển,Out-of-scope Hồ Chí Minh,Commercial Investigation,50,N/A,N/A,N/A,Planner (Thấp),data/google_planner/da-lat/Keyword Stats 2026-02-23 at 00_28_27.csv,Viết bài top-list/so sánh; map vào cluster hub; bổ sung schema + ảnh/UGC,B,2750.0000000000005,0%,"4,169"
tour du lịch thành phố hồ chí minh đà lạt,Hồ Chí Minh Trip,Di chuyển,Out-of-scope Hồ Chí Minh,Commercial Investigation,50,N/A,N/A,N/A,Planner (Không xác định),data/google_planner/da-lat/Keyword Stats 2026-02-23 at 00_28_27.csv,Viết bài top-list/so sánh; map vào cluster hub; bổ sung schema + ảnh/UGC,B,2500.0,-100.0%,0
hồ tuyền lâm,Hồ Tuyền Lâm,Địa danh tham quan / Văn hóa - Lịch sử,In-scope Đà Lạt,Informational,40500,N/A,N/A,N/A,Low (0),data/seo_insider/advance_search_report.csv,Viết guide/review; ưu tiên long-tail; tạo topic hub và internal link về trang dịch vụ,B,40500.0,N/A,N/A
chèo thuyền hồ tuyền lâm,Hồ Tuyền Lâm,Địa danh tham quan / Văn hóa - Lịch sử,In-scope Đà Lạt,Informational,50,N/A,N/A,N/A,Planner (Thấp),data/google_planner/da-lat/Keyword Stats 2026-02-23 at 00_28_27.csv,Viết guide/review; ưu tiên long-tail; tạo topic hub và internal link về trang dịch vụ,B,2500.0,0%,0
giá chèo thuyền hồ tuyền lâm,Hồ Tuyền Lâm,Địa danh tham quan / Văn hóa - Lịch sử,In-scope Đà Lạt,Transaction,50,N/A,N/A,N/A,Planner (Không xác định),data/google_planner/da-lat/Keyword Stats 2026-02-23 at 00_28_27.csv,"Tạo landing chuyển đổi (giá/vé/đặt chỗ), gom vào cluster page + build backlink nội bộ",B,2500.0,-100.0%,0
hồ xuân hương đà lạt,Hồ Xuân Hương,Địa danh tham quan / Văn hóa - Lịch sử,In-scope Đà Lạt,Commercial Investigation,6600,N/A,N/A,N/A,Low (0),data/seo_insider/advance_search_report.csv,Viết bài top-list/so sánh; map vào cluster hub; bổ sung schema + ảnh/UGC,B,6600.0,N/A,N/A
khach san 4 sao da lat,Khách sạn 4 sao Đà Lạt,Lưu trú,In-scope Đà Lạt,Transaction,500,N/A,N/A,N/A,Planner (Cao),data/google_planner/da-lat/Keyword Stats 2026-02-23 at 00_28_27.csv,"Tạo landing chuyển đổi (giá/vé/đặt chỗ), gom vào cluster page + build backlink nội bộ",B,41250.0,-90.0%,"11,234"
khách sạn 4 sao ở đà lạt,Khách sạn 4 sao Đà Lạt,Lưu trú,In-scope Đà Lạt,Transaction,500,N/A,N/A,N/A,Planner (Cao),data/google_planner/da-lat/Keyword Stats 2026-02-23 at 00_28_27.csv,"Tạo landing chuyển đổi (giá/vé/đặt chỗ), gom vào cluster page + build backlink nội bộ",B,41250.0,-90.0%,"6,041"
khach san 4 sao o da lat,Khách sạn 4 sao Đà Lạt,Lưu trú,In-scope Đà Lạt,Transaction,500,N/A,N/A,N/A,Planner (Cao),data/google_planner/da-lat/Keyword Stats 2026-02-23 at 00_28_27.csv,"Tạo landing chuyển đổi (giá/vé/đặt chỗ), gom vào cluster page + build backlink nội bộ",B,41250.0,-90.0%,"11,234"
các khách sạn 4 sao ở đà lạt,Khách sạn 4 sao Đà Lạt,Lưu trú,In-scope Đà Lạt,Transaction,50,N/A,N/A,N/A,Planner (Cao),data/google_planner/da-lat/Keyword Stats 2026-02-23 at 00_28_27.csv,"Tạo landing chuyển đổi (giá/vé/đặt chỗ), gom vào cluster page + build backlink nội bộ",B,4125.000000000001,0%,"4,122"
khách sạn 3 4 sao tại đà lạt,Khách sạn 4 sao Đà Lạt,Lưu trú,In-scope Đà Lạt,Transaction,50,N/A,N/A,N/A,Planner (Cao),data/google_planner/da-lat/Keyword Stats 2026-02-23 at 00_28_27.csv,"Tạo landing chuyển đổi (giá/vé/đặt chỗ), gom vào cluster page + build backlink nội bộ",B,4125.000000000001,0%,"7,768"
khách sạn 4 sao ở trung tâm đà lạt,Khách sạn 4 sao Đà Lạt,Lưu trú,In-scope Đà Lạt,Transaction,50,N/A,N/A,N/A,Planner (Cao),data/google_planner/da-lat/Keyword Stats 2026-02-23 at 00_28_27.csv,"Tạo landing chuyển đổi (giá/vé/đặt chỗ), gom vào cluster page + build backlink nội bộ",B,4125.000000000001,0%,"33,760"
khach san 4 sao o dalat,Khách sạn 4 sao Đà Lạt,Lưu trú,In-scope Đà Lạt,Transaction,50,N/A,N/A,N/A,Planner (Cao),data/google_planner/da-lat/Keyword Stats 2026-02-23 at 00_28_27.csv,"Tạo landing chuyển đổi (giá/vé/đặt chỗ), gom vào cluster page + build backlink nội bộ",B,3750.0,0%,0
khách sạn 4 sao mới xây tại đà lạt,Khách sạn 4 sao Đà Lạt,Lưu trú,In-scope Đà Lạt,Transaction,50,N/A,N/A,N/A,Planner (Cao),data/google_planner/da-lat/Keyword Stats 2026-02-23 at 00_28_27.csv,"Tạo landing chuyển đổi (giá/vé/đặt chỗ), gom vào cluster page + build backlink nội bộ",B,3750.0,0%,0
khách sạn 4 sao tại trung tâm đà lạt,Khách sạn 4 sao Đà Lạt,Lưu trú,In-scope Đà Lạt,Commercial Investigation,50,N/A,N/A,N/A,Planner (Cao),data/google_planner/da-lat/Keyword Stats 2026-02-23 at 00_28_27.csv,Viết bài top-list/so sánh; map vào cluster hub; bổ sung schema + ảnh/UGC,B,3750.0,0%,0
khách sạn ở đà lạt 4 sao,Khách sạn 4 sao Đà Lạt,Lưu trú,In-scope Đà Lạt,Commercial Investigation,50,N/A,N/A,N/A,Planner (Cao),data/google_planner/da-lat/Keyword Stats 2026-02-23 at 00_28_27.csv,Viết bài top-list/so sánh; map vào cluster hub; bổ sung schema + ảnh/UGC,B,3750.0,0%,0
những khách sạn 4 sao ở đà lạt,Khách sạn 4 sao Đà Lạt,Lưu trú,In-scope Đà Lạt,Commercial Investigation,50,N/A,N/A,N/A,Planner (Cao),data/google_planner/da-lat/Keyword Stats 2026-02-23 at 00_28_27.csv,Viết bài top-list/so sánh; map vào cluster hub; bổ sung schema + ảnh/UGC,B,3750.0,0%,0
đặt phòng khách sạn 4 sao đà lạt,Khách sạn 4 sao Đà Lạt,Lưu trú,In-scope Đà Lạt,Commercial Investigation,50,N/A,N/A,N/A,Planner (Trung bình),data/google_planner/da-lat/Keyword Stats 2026-02-23 at 00_28_27.csv,Viết bài top-list/so sánh; map vào cluster hub; bổ sung schema + ảnh/UGC,B,3750.0,0%,0
khách sạn 5 sao ở đà lạt,Khách sạn 5 sao Đà Lạt,Lưu trú,In-scope Đà Lạt,Transaction,500,N/A,N/A,N/A,Planner (Cao),data/google_planner/da-lat/Keyword Stats 2026-02-23 at 00_28_27.csv,"Tạo landing chuyển đổi (giá/vé/đặt chỗ), gom vào cluster page + build backlink nội bộ",B,41250.0,0%,"7,582"
khách sạn 5 sao tại đà lạt,Khách sạn 5 sao Đà Lạt,Lưu trú,In-scope Đà Lạt,Transaction,500,N/A,N/A,N/A,Planner (Cao),data/google_planner/da-lat/Keyword Stats 2026-02-23 at 00_28_27.csv,"Tạo landing chuyển đổi (giá/vé/đặt chỗ), gom vào cluster page + build backlink nội bộ",B,41250.0,-90.0%,"10,900"
các khách sạn 5 sao ở đà lạt,Khách sạn 5 sao Đà Lạt,Lưu trú,In-scope Đà Lạt,Transaction,50,N/A,N/A,N/A,Planner (Cao),data/google_planner/da-lat/Keyword Stats 2026-02-23 at 00_28_27.csv,"Tạo landing chuyển đổi (giá/vé/đặt chỗ), gom vào cluster page + build backlink nội bộ",B,4125.000000000001,-90.0%,"7,011"
các resort 5 sao ở đà lạt,Khách sạn 5 sao Đà Lạt,Lưu trú,In-scope Đà Lạt,Transaction,50,N/A,N/A,N/A,Planner (Cao),data/google_planner/da-lat/Keyword Stats 2026-02-23 at 00_28_27.csv,"Tạo landing chuyển đổi (giá/vé/đặt chỗ), gom vào cluster page + build backlink nội bộ",B,4125.000000000001,0%,"5,573"
khach san 5 sao o da lat,Khách sạn 5 sao Đà Lạt,Lưu trú,In-scope Đà Lạt,Transaction,50,N/A,N/A,N/A,Planner (Cao),data/google_planner/da-lat/Keyword Stats 2026-02-23 at 00_28_27.csv,"Tạo landing chuyển đổi (giá/vé/đặt chỗ), gom vào cluster page + build backlink nội bộ",B,4125.000000000001,0%,"10,062"
khach san 5 sao o dalat,Khách sạn 5 sao Đà Lạt,Lưu trú,In-scope Đà Lạt,Transaction,50,N/A,N/A,N/A,Planner (Cao),data/google_planner/da-lat/Keyword Stats 2026-02-23 at 00_28_27.csv,"Tạo landing chuyển đổi (giá/vé/đặt chỗ), gom vào cluster page + build backlink nội bộ",B,4125.000000000001,0%,"23,116"
khách sạn 5 sao ở trung tâm đà lạt,Khách sạn 5 sao Đà Lạt,Lưu trú,In-scope Đà Lạt,Transaction,50,N/A,N/A,N/A,Planner (Cao),data/google_planner/da-lat/Keyword Stats 2026-02-23 at 00_28_27.csv,"Tạo landing chuyển đổi (giá/vé/đặt chỗ), gom vào cluster page + build backlink nội bộ",B,4125.000000000001,0%,"10,501"
những khách sạn 5 sao ở đà lạt,Khách sạn 5 sao Đà Lạt,Lưu trú,In-scope Đà Lạt,Transaction,50,N/A,N/A,N/A,Planner (Cao),data/google_planner/da-lat/Keyword Stats 2026-02-23 at 00_28_27.csv,"Tạo landing chuyển đổi (giá/vé/đặt chỗ), gom vào cluster page + build backlink nội bộ",B,4125.000000000001,0%,"18,882"
resort 5 sao tại đà lạt,Khách sạn 5 sao Đà Lạt,Lưu trú,In-scope Đà Lạt,Transaction,50,N/A,N/A,N/A,Planner (Cao),data/google_planner/da-lat/Keyword Stats 2026-02-23 at 00_28_27.csv,"Tạo landing chuyển đổi (giá/vé/đặt chỗ), gom vào cluster page + build backlink nội bộ",B,4125.000000000001,0%,"12,555"
resort 5 sao ở đà lạt,Khách sạn 5 sao Đà Lạt,Lưu trú,In-scope Đà Lạt,Transaction,50,N/A,N/A,N/A,Planner (Cao),data/google_planner/da-lat/Keyword Stats 2026-02-23 at 00_28_27.csv,"Tạo landing chuyển đổi (giá/vé/đặt chỗ), gom vào cluster page + build backlink nội bộ",B,4125.000000000001,0%,"15,040"
danh sách khách sạn 5 sao ở đà lạt,Khách sạn 5 sao Đà Lạt,Lưu trú,In-scope Đà Lạt,Transaction,50,N/A,N/A,N/A,Planner (Không xác định),data/google_planner/da-lat/Keyword Stats 2026-02-23 at 00_28_27.csv,"Tạo landing chuyển đổi (giá/vé/đặt chỗ), gom vào cluster page + build backlink nội bộ",B,3750.0,-100.0%,0
khách sạn 4 5 sao tại đà lạt,Khách sạn 5 sao Đà Lạt,Lưu trú,In-scope Đà Lạt,Transaction,50,N/A,N/A,N/A,Planner (Cao),data/google_planner/da-lat/Keyword Stats 2026-02-23 at 00_28_27.csv,"Tạo landing chuyển đổi (giá/vé/đặt chỗ), gom vào cluster page + build backlink nội bộ",B,3750.0,0%,0
resort 5 sao o da lat,Khách sạn 5 sao Đà Lạt,Lưu trú,In-scope Đà Lạt,Commercial Investigation,50,N/A,N/A,N/A,Planner (Cao),data/google_planner/da-lat/Keyword Stats 2026-02-23 at 00_28_27.csv,Viết bài top-list/so sánh; map vào cluster hub; bổ sung schema + ảnh/UGC,B,3750.0,0%,0
tour đà lạt khách sạn 5 sao,Khách sạn 5 sao Đà Lạt,Lưu trú,In-scope Đà Lạt,Commercial Investigation,50,N/A,N/A,N/A,Planner (Thấp),data/google_planner/da-lat/Keyword Stats 2026-02-23 at 00_28_27.csv,Viết bài top-list/so sánh; map vào cluster hub; bổ sung schema + ảnh/UGC,B,3750.0,0%,0
khách sạn one day đà lạt,Khách sạn Đà Lạt,Lưu trú,In-scope Đà Lạt,Transaction,N/A,59,17,28.81%,N/A (N/A),data/google_search_console/Queries.csv,"Tối ưu landing (CTA/giá/FAQ), cải thiện snippet để tăng CTR; internal link từ hub 'Đà Lạt'",A,17.0,N/A,N/A
khách sạn hoa đất đà lạt,Khách sạn Đà Lạt,Lưu trú,In-scope Đà Lạt,Transaction,N/A,1271,15,1.18%,N/A (N/A),data/google_search_console/Queries.csv,"Tối ưu landing (CTA/giá/FAQ), cải thiện snippet để tăng CTR; internal link từ hub 'Đà Lạt'",A,15.0,N/A,N/A
khách sạn 3 sao đà lạt,Khách sạn Đà Lạt,Lưu trú,In-scope Đà Lạt,Transaction,N/A,2148,12,0.56%,N/A (N/A),data/google_search_console/Queries.csv,"Tối ưu landing (CTA/giá/FAQ), cải thiện snippet để tăng CTR; internal link từ hub 'Đà Lạt'",A,12.0,N/A,N/A
khách sạn river park đà lạt,Khách sạn Đà Lạt,Lưu trú,In-scope Đà Lạt,Transaction,N/A,1612,12,0.74%,N/A (N/A),data/google_search_console/Queries.csv,"Tối ưu landing (CTA/giá/FAQ), cải thiện snippet để tăng CTR; internal link từ hub 'Đà Lạt'",A,12.0,N/A,N/A
river park hotel đà lạt,Khách sạn Đà Lạt,Lưu trú,In-scope Đà Lạt,Transaction,N/A,1368,12,0.88%,N/A (N/A),data/google_search_console/Queries.csv,"Tối ưu landing (CTA/giá/FAQ), cải thiện snippet để tăng CTR; internal link từ hub 'Đà Lạt'",A,12.0,N/A,N/A
khách sạn gần chợ đêm đà lạt,Khách sạn Đà Lạt,Lưu trú,In-scope Đà Lạt,Transaction,N/A,2039,10,0.49%,N/A (N/A),data/google_search_console/Queries.csv,"Tối ưu landing (CTA/giá/FAQ), cải thiện snippet để tăng CTR; internal link từ hub 'Đà Lạt'",A,10.0,N/A,N/A
khách sạn hồng lan đà lạt,Khách sạn Đà Lạt,Lưu trú,In-scope Đà Lạt,Transaction,N/A,1456,10,0.69%,N/A (N/A),data/google_search_console/Queries.csv,"Tối ưu landing (CTA/giá/FAQ), cải thiện snippet để tăng CTR; internal link từ hub 'Đà Lạt'",A,10.0,N/A,N/A
thuê khách sạn đà lạt,Khách sạn Đà Lạt,Lưu trú,In-scope Đà Lạt,Transaction,500,N/A,N/A,N/A,Planner (Cao),data/google_planner/da-lat/Keyword Stats 2026-02-23 at 00_28_27.csv,"Tạo landing chuyển đổi (giá/vé/đặt chỗ), gom vào cluster page + build backlink nội bộ",B,41250.0,-90.0%,"30,327"
khách sạn giá rẻ ở đà lạt,Khách sạn Đà Lạt,Lưu trú,In-scope Đà Lạt,Transaction,500,N/A,N/A,N/A,Planner (Trung bình),data/google_planner/da-lat/Keyword Stats 2026-02-23 at 00_28_27.csv,"Tạo landing chuyển đổi (giá/vé/đặt chỗ), gom vào cluster page + build backlink nội bộ",B,41250.0,-90.0%,"223,429"
đặt khách sạn đà lạt,Khách sạn Đà Lạt,Lưu trú,In-scope Đà Lạt,Transaction,500,N/A,N/A,N/A,Planner (Cao),data/google_planner/da-lat/Keyword Stats 2026-02-23 at 00_28_27.csv,"Tạo landing chuyển đổi (giá/vé/đặt chỗ), gom vào cluster page + build backlink nội bộ",B,41250.0,0%,"55,315"
khách sạn đẹp ở đà lạt,Khách sạn Đà Lạt,Lưu trú,In-scope Đà Lạt,Transaction,500,N/A,N/A,N/A,Planner (Cao),data/google_planner/da-lat/Keyword Stats 2026-02-23 at 00_28_27.csv,"Tạo landing chuyển đổi (giá/vé/đặt chỗ), gom vào cluster page + build backlink nội bộ",B,41250.0,0%,"15,070"
nhà nghỉ ở đà lạt,Khách sạn Đà Lạt,Lưu trú,In-scope Đà Lạt,Transaction,500,N/A,N/A,N/A,Planner (Trung bình),data/google_planner/da-lat/Keyword Stats 2026-02-23 at 00_28_27.csv,"Tạo landing chuyển đổi (giá/vé/đặt chỗ), gom vào cluster page + build backlink nội bộ",B,41250.0,0%,"8,434"
các khách sạn ở đà lạt,Khách sạn Đà Lạt,Lưu trú,In-scope Đà Lạt,Transaction,500,N/A,N/A,N/A,Planner (Cao),data/google_planner/da-lat/Keyword Stats 2026-02-23 at 00_28_27.csv,"Tạo landing chuyển đổi (giá/vé/đặt chỗ), gom vào cluster page + build backlink nội bộ",B,41250.0,-90.0%,"11,935"
khách sạn đẹp đà lạt,Khách sạn Đà Lạt,Lưu trú,In-scope Đà Lạt,Transaction,500,N/A,N/A,N/A,Planner (Cao),data/google_planner/da-lat/Keyword Stats 2026-02-23 at 00_28_27.csv,"Tạo landing chuyển đổi (giá/vé/đặt chỗ), gom vào cluster page + build backlink nội bộ",B,41250.0,0%,"17,679"
khách sạn ở trung tâm đà lạt,Khách sạn Đà Lạt,Lưu trú,In-scope Đà Lạt,Transaction,500,N/A,N/A,N/A,Planner (Cao),data/google_planner/da-lat/Keyword Stats 2026-02-23 at 00_28_27.csv,"Tạo landing chuyển đổi (giá/vé/đặt chỗ), gom vào cluster page + build backlink nội bộ",B,41250.0,-90.0%,"17,032"
khách sạn ở đà lạt gần chợ,Khách sạn Đà Lạt,Lưu trú,In-scope Đà Lạt,Transaction,500,N/A,N/A,N/A,Planner (Cao),data/google_planner/da-lat/Keyword Stats 2026-02-23 at 00_28_27.csv,"Tạo landing chuyển đổi (giá/vé/đặt chỗ), gom vào cluster page + build backlink nội bộ",B,41250.0,-90.0%,"12,073"
khách sạn 3 sao ở đà lạt,Khách sạn Đà Lạt,Lưu trú,In-scope Đà Lạt,Transaction,500,N/A,N/A,N/A,Planner (Cao),data/google_planner/da-lat/Keyword Stats 2026-02-23 at 00_28_27.csv,"Tạo landing chuyển đổi (giá/vé/đặt chỗ), gom vào cluster page + build backlink nội bộ",B,41250.0,0%,"5,713"
khách sạn mới ở đà lạt,Khách sạn Đà Lạt,Lưu trú,In-scope Đà Lạt,Transaction,500,N/A,N/A,N/A,Planner (Cao),data/google_planner/da-lat/Keyword Stats 2026-02-23 at 00_28_27.csv,"Tạo landing chuyển đổi (giá/vé/đặt chỗ), gom vào cluster page + build backlink nội bộ",B,41250.0,-90.0%,"15,582"
peach valley hotel dalat,Khách sạn Đà Lạt,Lưu trú,In-scope Đà Lạt,Transaction,500,N/A,N/A,N/A,Planner (Trung bình),data/google_planner/da-lat/Keyword Stats 2026-02-23 at 00_28_27.csv,"Tạo landing chuyển đổi (giá/vé/đặt chỗ), gom vào cluster page + build backlink nội bộ",B,41250.0,0%,"16,893"
khách sạn 3 sao trung tâm đà lạt,Khách sạn Đà Lạt,Lưu trú,In-scope Đà Lạt,Transaction,500,N/A,N/A,N/A,Planner (Cao),data/google_planner/da-lat/Keyword Stats 2026-02-23 at 00_28_27.csv,"Tạo landing chuyển đổi (giá/vé/đặt chỗ), gom vào cluster page + build backlink nội bộ",B,41250.0,-90.0%,"10,182"
khách sạn mới xây ở đà lạt,Khách sạn Đà Lạt,Lưu trú,In-scope Đà Lạt,Transaction,500,N/A,N/A,N/A,Planner (Cao),data/google_planner/da-lat/Keyword Stats 2026-02-23 at 00_28_27.csv,"Tạo landing chuyển đổi (giá/vé/đặt chỗ), gom vào cluster page + build backlink nội bộ",B,41250.0,-90.0%,"16,847"
khách sạn thung lũng xanh đà lạt,Khách sạn Đà Lạt,Lưu trú,In-scope Đà Lạt,Transaction,500,N/A,N/A,N/A,Planner (Thấp),data/google_planner/da-lat/Keyword Stats 2026-02-23 at 00_28_27.csv,"Tạo landing chuyển đổi (giá/vé/đặt chỗ), gom vào cluster page + build backlink nội bộ",B,41250.0,-90.0%,"21,361"
palace hotel đà lạt,Khách sạn Đà Lạt,Lưu trú,In-scope Đà Lạt,Transaction,500,N/A,N/A,N/A,Planner (Trung bình),data/google_planner/da-lat/Keyword Stats 2026-02-23 at 00_28_27.csv,"Tạo landing chuyển đổi (giá/vé/đặt chỗ), gom vào cluster page + build backlink nội bộ",B,41250.0,0%,"13,373"
khách sạn đà lạt,Khách sạn Đà Lạt,Lưu trú,In-scope Đà Lạt,Transaction,22200,N/A,N/A,N/A,Low (0),data/seo_insider/advance_search_report.csv,"Tạo landing chuyển đổi (giá/vé/đặt chỗ), gom vào cluster page + build backlink nội bộ",B,22200.0,N/A,N/A
merperle dalat hotel,Khách sạn Đà Lạt,Lưu trú,In-scope Đà Lạt,Transaction,18100,N/A,N/A,N/A,Low (10),data/seo_insider/advance_search_report.csv,"Tạo landing chuyển đổi (giá/vé/đặt chỗ), gom vào cluster page + build backlink nội bộ",B,16290.0,N/A,N/A
nhà nghỉ giá rẻ ở đà lạt,Khách sạn Đà Lạt,Lưu trú,In-scope Đà Lạt,Transaction,50,N/A,N/A,N/A,Planner (Trung bình),data/google_planner/da-lat/Keyword Stats 2026-02-23 at 00_28_27.csv,"Tạo landing chuyển đổi (giá/vé/đặt chỗ), gom vào cluster page + build backlink nội bộ",B,4125.000000000001,-90.0%,"18,698"
khách sạn ở đà lạt giá rẻ,Khách sạn Đà Lạt,Lưu trú,In-scope Đà Lạt,Transaction,50,N/A,N/A,N/A,Planner (Cao),data/google_planner/da-lat/Keyword Stats 2026-02-23 at 00_28_27.csv,"Tạo landing chuyển đổi (giá/vé/đặt chỗ), gom vào cluster page + build backlink nội bộ",B,4125.000000000001,0%,"28,884"
dat phong khach san da lat,Khách sạn Đà Lạt,Lưu trú,In-scope Đà Lạt,Transaction,50,N/A,N/A,N/A,Planner (Cao),data/google_planner/da-lat/Keyword Stats 2026-02-23 at 00_28_27.csv,"Tạo landing chuyển đổi (giá/vé/đặt chỗ), gom vào cluster page + build backlink nội bộ",B,4125.000000000001,0%,"73,345"
đặt phòng khách sạn đà lạt giá rẻ,Khách sạn Đà Lạt,Lưu trú,In-scope Đà Lạt,Transaction,50,N/A,N/A,N/A,Planner (Cao),data/google_planner/da-lat/Keyword Stats 2026-02-23 at 00_28_27.csv,"Tạo landing chuyển đổi (giá/vé/đặt chỗ), gom vào cluster page + build backlink nội bộ",B,4125.000000000001,0%,"88,960"
khách sạn giá rẻ tại đà lạt,Khách sạn Đà Lạt,Lưu trú,In-scope Đà Lạt,Transaction,50,N/A,N/A,N/A,Planner (Cao),data/google_planner/da-lat/Keyword Stats 2026-02-23 at 00_28_27.csv,"Tạo landing chuyển đổi (giá/vé/đặt chỗ), gom vào cluster page + build backlink nội bộ",B,4125.000000000001,0%,"30,170"
giá khách sạn ở đà lạt,Khách sạn Đà Lạt,Lưu trú,In-scope Đà Lạt,Transaction,50,N/A,N/A,N/A,Planner (Cao),data/google_planner/da-lat/Keyword Stats 2026-02-23 at 00_28_27.csv,"Tạo landing chuyển đổi (giá/vé/đặt chỗ), gom vào cluster page + build backlink nội bộ",B,4125.000000000001,0%,"7,271"
nhà nghỉ giá rẻ tại đà lạt,Khách sạn Đà Lạt,Lưu trú,In-scope Đà Lạt,Transaction,50,N/A,N/A,N/A,Planner (Trung bình),data/google_planner/da-lat/Keyword Stats 2026-02-23 at 00_28_27.csv,"Tạo landing chuyển đổi (giá/vé/đặt chỗ), gom vào cluster page + build backlink nội bộ",B,4125.000000000001,0%,"16,620"
thuê khách sạn ở đà lạt,Khách sạn Đà Lạt,Lưu trú,In-scope Đà Lạt,Transaction,50,N/A,N/A,N/A,Planner (Cao),data/google_planner/da-lat/Keyword Stats 2026-02-23 at 00_28_27.csv,"Tạo landing chuyển đổi (giá/vé/đặt chỗ), gom vào cluster page + build backlink nội bộ",B,4125.000000000001,0%,"9,770"
top khách sạn view đẹp ở đà lạt giá rẻ,Khách sạn Đà Lạt,Lưu trú,In-scope Đà Lạt,Transaction,50,N/A,N/A,N/A,Planner (Cao),data/google_planner/da-lat/Keyword Stats 2026-02-23 at 00_28_27.csv,"Tạo landing chuyển đổi (giá/vé/đặt chỗ), gom vào cluster page + build backlink nội bộ",B,4125.000000000001,-90.0%,"12,818"
thuê nhà nghỉ đà lạt,Khách sạn Đà Lạt,Lưu trú,In-scope Đà Lạt,Transaction,50,N/A,N/A,N/A,Planner (Cao),data/google_planner/da-lat/Keyword Stats 2026-02-23 at 00_28_27.csv,"Tạo landing chuyển đổi (giá/vé/đặt chỗ), gom vào cluster page + build backlink nội bộ",B,4125.000000000001,0%,"48,903"
nhà nghỉ ở đà lạt giá rẻ,Khách sạn Đà Lạt,Lưu trú,In-scope Đà Lạt,Transaction,50,N/A,N/A,N/A,Planner (Cao),data/google_planner/da-lat/Keyword Stats 2026-02-23 at 00_28_27.csv,"Tạo landing chuyển đổi (giá/vé/đặt chỗ), gom vào cluster page + build backlink nội bộ",B,4125.000000000001,0%,"34,075"
giá phòng khách sạn ở đà lạt,Khách sạn Đà Lạt,Lưu trú,In-scope Đà Lạt,Transaction,50,N/A,N/A,N/A,Planner (Cao),data/google_planner/da-lat/Keyword Stats 2026-02-23 at 00_28_27.csv,"Tạo landing chuyển đổi (giá/vé/đặt chỗ), gom vào cluster page + build backlink nội bộ",B,4125.000000000001,0%,"12,333"
dat phong khach san dalat,Khách sạn Đà Lạt,Lưu trú,In-scope Đà Lạt,Transaction,50,N/A,N/A,N/A,Planner (Cao),data/google_planner/da-lat/Keyword Stats 2026-02-23 at 00_28_27.csv,"Tạo landing chuyển đổi (giá/vé/đặt chỗ), gom vào cluster page + build backlink nội bộ",B,4125.000000000001,0%,"73,345"
khách sạn giá rẻ ở đà lạt gần chợ đêm,Khách sạn Đà Lạt,Lưu trú,In-scope Đà Lạt,Transaction,50,N/A,N/A,N/A,Planner (Cao),data/google_planner/da-lat/Keyword Stats 2026-02-23 at 00_28_27.csv,"Tạo landing chuyển đổi (giá/vé/đặt chỗ), gom vào cluster page + build backlink nội bộ",B,4125.000000000001,0%,"3,376"
giá nhà nghỉ ở đà lạt,Khách sạn Đà Lạt,Lưu trú,In-scope Đà Lạt,Transaction,50,N/A,N/A,N/A,Planner (Cao),data/google_planner/da-lat/Keyword Stats 2026-02-23 at 00_28_27.csv,"Tạo landing chuyển đổi (giá/vé/đặt chỗ), gom vào cluster page + build backlink nội bộ",B,4125.000000000001,0%,"11,930"
dat khach san o da lat,Khách sạn Đà Lạt,Lưu trú,In-scope Đà Lạt,Transaction,50,N/A,N/A,N/A,Planner (Cao),data/google_planner/da-lat/Keyword Stats 2026-02-23 at 00_28_27.csv,"Tạo landing chuyển đổi (giá/vé/đặt chỗ), gom vào cluster page + build backlink nội bộ",B,4125.000000000001,0%,"37,143"
giá thuê khách sạn ở đà lạt,Khách sạn Đà Lạt,Lưu trú,In-scope Đà Lạt,Transaction,50,N/A,N/A,N/A,Planner (Cao),data/google_planner/da-lat/Keyword Stats 2026-02-23 at 00_28_27.csv,"Tạo landing chuyển đổi (giá/vé/đặt chỗ), gom vào cluster page + build backlink nội bộ",B,4125.000000000001,0%,"15,206"
khách sạn cho gia đình ở đà lạt,Khách sạn Đà Lạt,Lưu trú,In-scope Đà Lạt,Transaction,50,N/A,N/A,N/A,Planner (Cao),data/google_planner/da-lat/Keyword Stats 2026-02-23 at 00_28_27.csv,"Tạo landing chuyển đổi (giá/vé/đặt chỗ), gom vào cluster page + build backlink nội bộ",B,4125.000000000001,0%,"17,622"
khách sạn giá bình dân ở đà lạt,Khách sạn Đà Lạt,Lưu trú,In-scope Đà Lạt,Transaction,50,N/A,N/A,N/A,Planner (Cao),data/google_planner/da-lat/Keyword Stats 2026-02-23 at 00_28_27.csv,"Tạo landing chuyển đổi (giá/vé/đặt chỗ), gom vào cluster page + build backlink nội bộ",B,4125.000000000001,0%,"5,088"
khách sạn giá tốt ở đà lạt,Khách sạn Đà Lạt,Lưu trú,In-scope Đà Lạt,Transaction,50,N/A,N/A,N/A,Planner (Cao),data/google_planner/da-lat/Keyword Stats 2026-02-23 at 00_28_27.csv,"Tạo landing chuyển đổi (giá/vé/đặt chỗ), gom vào cluster page + build backlink nội bộ",B,4125.000000000001,0%,"16,659"
khách sạn thuê theo giờ ở đà lạt,Khách sạn Đà Lạt,Lưu trú,In-scope Đà Lạt,Transaction,50,N/A,N/A,N/A,Planner (Cao),data/google_planner/da-lat/Keyword Stats 2026-02-23 at 00_28_27.csv,"Tạo landing chuyển đổi (giá/vé/đặt chỗ), gom vào cluster page + build backlink nội bộ",B,4125.000000000001,0%,"12,524"
khách sạn ở đà lat,Khách sạn Đà Lạt,Lưu trú,In-scope Đà Lạt,Transaction,50,N/A,N/A,N/A,Planner (Cao),data/google_planner/da-lat/Keyword Stats 2026-02-23 at 00_28_27.csv,"Tạo landing chuyển đổi (giá/vé/đặt chỗ), gom vào cluster page + build backlink nội bộ",B,4125.000000000001,0%,"16,056"
tìm khách sạn đà lạt,Khách sạn Đà Lạt,Lưu trú,In-scope Đà Lạt,Transaction,50,N/A,N/A,N/A,Planner (Cao),data/google_planner/da-lat/Keyword Stats 2026-02-23 at 00_28_27.csv,"Tạo landing chuyển đổi (giá/vé/đặt chỗ), gom vào cluster page + build backlink nội bộ",B,4125.000000000001,-90.0%,"40,636"
khách sạn ở dà lạt,Khách sạn Đà Lạt,Lưu trú,In-scope Đà Lạt,Transaction,50,N/A,N/A,N/A,Planner (Cao),data/google_planner/da-lat/Keyword Stats 2026-02-23 at 00_28_27.csv,"Tạo landing chuyển đổi (giá/vé/đặt chỗ), gom vào cluster page + build backlink nội bộ",B,4125.000000000001,0%,"12,328"
khách sạn tốt ở đà lạt,Khách sạn Đà Lạt,Lưu trú,In-scope Đà Lạt,Transaction,50,N/A,N/A,N/A,Planner (Cao),data/google_planner/da-lat/Keyword Stats 2026-02-23 at 00_28_27.csv,"Tạo landing chuyển đổi (giá/vé/đặt chỗ), gom vào cluster page + build backlink nội bộ",B,4125.000000000001,-90.0%,"17,140"
khách sạn rẻ ở đà lạt,Khách sạn Đà Lạt,Lưu trú,In-scope Đà Lạt,Transaction,50,N/A,N/A,N/A,Planner (Cao),data/google_planner/da-lat/Keyword Stats 2026-02-23 at 00_28_27.csv,"Tạo landing chuyển đổi (giá/vé/đặt chỗ), gom vào cluster page + build backlink nội bộ",B,4125.000000000001,0%,"9,050"
những khách sạn đẹp ở đà lạt,Khách sạn Đà Lạt,Lưu trú,In-scope Đà Lạt,Transaction,50,N/A,N/A,N/A,Planner (Trung bình),data/google_planner/da-lat/Keyword Stats 2026-02-23 at 00_28_27.csv,"Tạo landing chuyển đổi (giá/vé/đặt chỗ), gom vào cluster page + build backlink nội bộ",B,4125.000000000001,0%,"23,424"
đặt khách sạn ở đà lạt,Khách sạn Đà Lạt,Lưu trú,In-scope Đà Lạt,Transaction,50,N/A,N/A,N/A,Planner (Cao),data/google_planner/da-lat/Keyword Stats 2026-02-23 at 00_28_27.csv,"Tạo landing chuyển đổi (giá/vé/đặt chỗ), gom vào cluster page + build backlink nội bộ",B,4125.000000000001,0%,"45,068"
nhà nghỉ tại đà lạt,Khách sạn Đà Lạt,Lưu trú,In-scope Đà Lạt,Transaction,50,N/A,N/A,N/A,Planner (Cao),data/google_planner/da-lat/Keyword Stats 2026-02-23 at 00_28_27.csv,"Tạo landing chuyển đổi (giá/vé/đặt chỗ), gom vào cluster page + build backlink nội bộ",B,4125.000000000001,0%,"34,633"
đặt phòng khách sạn ở đà lạt,Khách sạn Đà Lạt,Lưu trú,In-scope Đà Lạt,Transaction,50,N/A,N/A,N/A,Planner (Cao),data/google_planner/da-lat/Keyword Stats 2026-02-23 at 00_28_27.csv,"Tạo landing chuyển đổi (giá/vé/đặt chỗ), gom vào cluster page + build backlink nội bộ",B,4125.000000000001,-90.0%,"57,516"
agoda khách sạn đà lạt,Khách sạn Đà Lạt,Lưu trú,In-scope Đà Lạt,Transaction,50,N/A,N/A,N/A,Planner (Cao),data/google_planner/da-lat/Keyword Stats 2026-02-23 at 00_28_27.csv,"Tạo landing chuyển đổi (giá/vé/đặt chỗ), gom vào cluster page + build backlink nội bộ",B,4125.000000000001,0%,"10,647"
khách sạn ở đà lạt gần chợ đêm,Khách sạn Đà Lạt,Lưu trú,In-scope Đà Lạt,Transaction,50,N/A,N/A,N/A,Planner (Cao),data/google_planner/da-lat/Keyword Stats 2026-02-23 at 00_28_27.csv,"Tạo landing chuyển đổi (giá/vé/đặt chỗ), gom vào cluster page + build backlink nội bộ",B,4125.000000000001,0%,"10,128"
khách sạn ngay trung tâm đà lạt,Khách sạn Đà Lạt,Lưu trú,In-scope Đà Lạt,Transaction,50,N/A,N/A,N/A,Planner (Cao),data/google_planner/da-lat/Keyword Stats 2026-02-23 at 00_28_27.csv,"Tạo landing chuyển đổi (giá/vé/đặt chỗ), gom vào cluster page + build backlink nội bộ",B,4125.000000000001,-90.0%,"16,589"
nhà nghỉ đà lạt gần chợ đêm,Khách sạn Đà Lạt,Lưu trú,In-scope Đà Lạt,Transaction,50,N/A,N/A,N/A,Planner (Cao),data/google_planner/da-lat/Keyword Stats 2026-02-23 at 00_28_27.csv,"Tạo landing chuyển đổi (giá/vé/đặt chỗ), gom vào cluster page + build backlink nội bộ",B,4125.000000000001,-90.0%,"15,322"
các khách sạn đẹp ở đà lạt,Khách sạn Đà Lạt,Lưu trú,In-scope Đà Lạt,Transaction,50,N/A,N/A,N/A,Planner (Cao),data/google_planner/da-lat/Keyword Stats 2026-02-23 at 00_28_27.csv,"Tạo landing chuyển đổi (giá/vé/đặt chỗ), gom vào cluster page + build backlink nội bộ",B,4125.000000000001,0%,"11,276"
đặt phòng khách sạn colline đà lạt,Khách sạn Đà Lạt,Lưu trú,In-scope Đà Lạt,Transaction,50,N/A,N/A,N/A,Planner (Cao),data/google_planner/da-lat/Keyword Stats 2026-02-23 at 00_28_27.csv,"Tạo landing chuyển đổi (giá/vé/đặt chỗ), gom vào cluster page + build backlink nội bộ",B,4125.000000000001,0%,"40,161"
khách sạn ở đà lạt gần trung tâm,Khách sạn Đà Lạt,Lưu trú,In-scope Đà Lạt,Transaction,50,N/A,N/A,N/A,Planner (Cao),data/google_planner/da-lat/Keyword Stats 2026-02-23 at 00_28_27.csv,"Tạo landing chuyển đổi (giá/vé/đặt chỗ), gom vào cluster page + build backlink nội bộ",B,4125.000000000001,-90.0%,"13,637"
đặt phòng khách sạn đà lạt gần chợ đêm,Khách sạn Đà Lạt,Lưu trú,In-scope Đà Lạt,Transaction,50,N/A,N/A,N/A,Planner (Cao),data/google_planner/da-lat/Keyword Stats 2026-02-23 at 00_28_27.csv,"Tạo landing chuyển đổi (giá/vé/đặt chỗ), gom vào cluster page + build backlink nội bộ",B,4125.000000000001,0%,"32,068"
đặt phòng khách sạn tại đà lạt,Khách sạn Đà Lạt,Lưu trú,In-scope Đà Lạt,Transaction,50,N/A,N/A,N/A,Planner (Cao),data/google_planner/da-lat/Keyword Stats 2026-02-23 at 00_28_27.csv,"Tạo landing chuyển đổi (giá/vé/đặt chỗ), gom vào cluster page + build backlink nội bộ",B,4125.000000000001,0%,"42,804"
đặt phòng nhà nghỉ đà lạt,Khách sạn Đà Lạt,Lưu trú,In-scope Đà Lạt,Transaction,50,N/A,N/A,N/A,Planner (Trung bình),data/google_planner/da-lat/Keyword Stats 2026-02-23 at 00_28_27.csv,"Tạo landing chuyển đổi (giá/vé/đặt chỗ), gom vào cluster page + build backlink nội bộ",B,4125.000000000001,0%,"34,280"
đặt phòng khách sạn dà lạt,Khách sạn Đà Lạt,Lưu trú,In-scope Đà Lạt,Transaction,50,N/A,N/A,N/A,Planner (Cao),data/google_planner/da-lat/Keyword Stats 2026-02-23 at 00_28_27.csv,"Tạo landing chuyển đổi (giá/vé/đặt chỗ), gom vào cluster page + build backlink nội bộ",B,4125.000000000001,0%,"59,711"
tìm khách sạn ở đà lạt,Khách sạn Đà Lạt,Lưu trú,In-scope Đà Lạt,Transaction,50,N/A,N/A,N/A,Planner (Cao),data/google_planner/da-lat/Keyword Stats 2026-02-23 at 00_28_27.csv,"Tạo landing chuyển đổi (giá/vé/đặt chỗ), gom vào cluster page + build backlink nội bộ",B,4125.000000000001,0%,"25,902"
khách sạn có bồn tắm ở đà lạt,Khách sạn Đà Lạt,Lưu trú,In-scope Đà Lạt,Transaction,50,N/A,N/A,N/A,Planner (Cao),data/google_planner/da-lat/Keyword Stats 2026-02-23 at 00_28_27.csv,"Tạo landing chuyển đổi (giá/vé/đặt chỗ), gom vào cluster page + build backlink nội bộ",B,4125.000000000001,-90.0%,"10,647"
khách sạn đẹp tại đà lạt,Khách sạn Đà Lạt,Lưu trú,In-scope Đà Lạt,Transaction,50,N/A,N/A,N/A,Planner (Cao),data/google_planner/da-lat/Keyword Stats 2026-02-23 at 00_28_27.csv,"Tạo landing chuyển đổi (giá/vé/đặt chỗ), gom vào cluster page + build backlink nội bộ",B,4125.000000000001,0%,"11,214"
nhà nghỉ ở đà lạt gần chợ đêm,Khách sạn Đà Lạt,Lưu trú,In-scope Đà Lạt,Transaction,50,N/A,N/A,N/A,Planner (Cao),data/google_planner/da-lat/Keyword Stats 2026-02-23 at 00_28_27.csv,"Tạo landing chuyển đổi (giá/vé/đặt chỗ), gom vào cluster page + build backlink nội bộ",B,4125.000000000001,0%,"28,084"
book phòng khách sạn đà lạt,Khách sạn Đà Lạt,Lưu trú,In-scope Đà Lạt,Transaction,50,N/A,N/A,N/A,Planner (Cao),data/google_planner/da-lat/Keyword Stats 2026-02-23 at 00_28_27.csv,"Tạo landing chuyển đổi (giá/vé/đặt chỗ), gom vào cluster page + build backlink nội bộ",B,4125.000000000001,0%,"140,200"
hotel ở đà lạt,Khách sạn Đà Lạt,Lưu trú,In-scope Đà Lạt,Transaction,50,N/A,N/A,N/A,Planner (Cao),data/google_planner/da-lat/Keyword Stats 2026-02-23 at 00_28_27.csv,"Tạo landing chuyển đổi (giá/vé/đặt chỗ), gom vào cluster page + build backlink nội bộ",B,4125.000000000001,0%,"12,853"
khach san o dalat,Khách sạn Đà Lạt,Lưu trú,In-scope Đà Lạt,Transaction,50,N/A,N/A,N/A,Planner (Cao),data/google_planner/da-lat/Keyword Stats 2026-02-23 at 00_28_27.csv,"Tạo landing chuyển đổi (giá/vé/đặt chỗ), gom vào cluster page + build backlink nội bộ",B,4125.000000000001,-90.0%,"24,947"
đặt phòng khách sạn golf valley đà lạt,Khách sạn Đà Lạt,Lưu trú,In-scope Đà Lạt,Transaction,50,N/A,N/A,N/A,Planner (Cao),data/google_planner/da-lat/Keyword Stats 2026-02-23 at 00_28_27.csv,"Tạo landing chuyển đổi (giá/vé/đặt chỗ), gom vào cluster page + build backlink nội bộ",B,4125.000000000001,0%,"32,319"
khách sạn view đẹp ở đà lạt,Khách sạn Đà Lạt,Lưu trú,In-scope Đà Lạt,Transaction,50,N/A,N/A,N/A,Planner (Cao),data/google_planner/da-lat/Keyword Stats 2026-02-23 at 00_28_27.csv,"Tạo landing chuyển đổi (giá/vé/đặt chỗ), gom vào cluster page + build backlink nội bộ",B,4125.000000000001,0%,"12,545"
khách sạn đà lạt agoda,Khách sạn Đà Lạt,Lưu trú,In-scope Đà Lạt,Transaction,50,N/A,N/A,N/A,Planner (Trung bình),data/google_planner/da-lat/Keyword Stats 2026-02-23 at 00_28_27.csv,"Tạo landing chuyển đổi (giá/vé/đặt chỗ), gom vào cluster page + build backlink nội bộ",B,4125.000000000001,0%,"11,167"
phòng khách sạn ở đà lạt,Khách sạn Đà Lạt,Lưu trú,In-scope Đà Lạt,Transaction,50,N/A,N/A,N/A,Planner (Cao),data/google_planner/da-lat/Keyword Stats 2026-02-23 at 00_28_27.csv,"Tạo landing chuyển đổi (giá/vé/đặt chỗ), gom vào cluster page + build backlink nội bộ",B,4125.000000000001,0%,"65,566"
khách sạn 3 sao tại đà lạt,Khách sạn Đà Lạt,Lưu trú,In-scope Đà Lạt,Transaction,50,N/A,N/A,N/A,Planner (Cao),data/google_planner/da-lat/Keyword Stats 2026-02-23 at 00_28_27.csv,"Tạo landing chuyển đổi (giá/vé/đặt chỗ), gom vào cluster page + build backlink nội bộ",B,4125.000000000001,-90.0%,"13,084"
những khách sạn ở đà lạt,Khách sạn Đà Lạt,Lưu trú,In-scope Đà Lạt,Transaction,50,N/A,N/A,N/A,Planner (Cao),data/google_planner/da-lat/Keyword Stats 2026-02-23 at 00_28_27.csv,"Tạo landing chuyển đổi (giá/vé/đặt chỗ), gom vào cluster page + build backlink nội bộ",B,4125.000000000001,0%,"4,877"
khách sạn có view đẹp ở đà lạt,Khách sạn Đà Lạt,Lưu trú,In-scope Đà Lạt,Transaction,50,N/A,N/A,N/A,Planner (Cao),data/google_planner/da-lat/Keyword Stats 2026-02-23 at 00_28_27.csv,"Tạo landing chuyển đổi (giá/vé/đặt chỗ), gom vào cluster page + build backlink nội bộ",B,4125.000000000001,0%,"27,224"
nhà nghỉ theo giờ ở đà lạt,Khách sạn Đà Lạt,Lưu trú,In-scope Đà Lạt,Transaction,50,N/A,N/A,N/A,Planner (Cao),data/google_planner/da-lat/Keyword Stats 2026-02-23 at 00_28_27.csv,"Tạo landing chuyển đổi (giá/vé/đặt chỗ), gom vào cluster page + build backlink nội bộ",B,4125.000000000001,0%,"11,843"
khach san dep o da lat,Khách sạn Đà Lạt,Lưu trú,In-scope Đà Lạt,Transaction,50,N/A,N/A,N/A,Planner (Cao),data/google_planner/da-lat/Keyword Stats 2026-02-23 at 00_28_27.csv,"Tạo landing chuyển đổi (giá/vé/đặt chỗ), gom vào cluster page + build backlink nội bộ",B,4125.000000000001,0%,"13,764"
khach san gan cho dalat,Khách sạn Đà Lạt,Lưu trú,In-scope Đà Lạt,Transaction,50,N/A,N/A,N/A,Planner (Cao),data/google_planner/da-lat/Keyword Stats 2026-02-23 at 00_28_27.csv,"Tạo landing chuyển đổi (giá/vé/đặt chỗ), gom vào cluster page + build backlink nội bộ",B,4125.000000000001,-90.0%,"19,903"
khách sạn tại đà lạt gần hồ xuân hương,Khách sạn Đà Lạt,Lưu trú,In-scope Đà Lạt,Transaction,50,N/A,N/A,N/A,Planner (Cao),data/google_planner/da-lat/Keyword Stats 2026-02-23 at 00_28_27.csv,"Tạo landing chuyển đổi (giá/vé/đặt chỗ), gom vào cluster page + build backlink nội bộ",B,4125.000000000001,0%,"11,494"
de mat hotel da lat,Khách sạn Đà Lạt,Lưu trú,In-scope Đà Lạt,Transaction,50,N/A,N/A,N/A,Planner (Cao),data/google_planner/da-lat/Keyword Stats 2026-02-23 at 00_28_27.csv,"Tạo landing chuyển đổi (giá/vé/đặt chỗ), gom vào cluster page + build backlink nội bộ",B,4125.000000000001,0%,"10,255"
khách sạn ở gần chợ đà lạt,Khách sạn Đà Lạt,Lưu trú,In-scope Đà Lạt,Transaction,50,N/A,N/A,N/A,Planner (Cao),data/google_planner/da-lat/Keyword Stats 2026-02-23 at 00_28_27.csv,"Tạo landing chuyển đổi (giá/vé/đặt chỗ), gom vào cluster page + build backlink nội bộ",B,4125.000000000001,0%,"33,429"
đi đà lạt ở khách sạn nào,Khách sạn Đà Lạt,Lưu trú,In-scope Đà Lạt,Transaction,50,N/A,N/A,N/A,Planner (Cao),data/google_planner/da-lat/Keyword Stats 2026-02-23 at 00_28_27.csv,"Tạo landing chuyển đổi (giá/vé/đặt chỗ), gom vào cluster page + build backlink nội bộ",B,4125.000000000001,0%,"14,368"
khách sạn ở thành phố đà lạt,Khách sạn Đà Lạt,Lưu trú,In-scope Đà Lạt,Transaction,50,N/A,N/A,N/A,Planner (Cao),data/google_planner/da-lat/Keyword Stats 2026-02-23 at 00_28_27.csv,"Tạo landing chuyển đổi (giá/vé/đặt chỗ), gom vào cluster page + build backlink nội bộ",B,4125.000000000001,0%,"14,889"
các khách sạn 3 sao ở đà lạt,Khách sạn Đà Lạt,Lưu trú,In-scope Đà Lạt,Transaction,50,N/A,N/A,N/A,Planner (Cao),data/google_planner/da-lat/Keyword Stats 2026-02-23 at 00_28_27.csv,"Tạo landing chuyển đổi (giá/vé/đặt chỗ), gom vào cluster page + build backlink nội bộ",B,4125.000000000001,0%,"4,934"
book khách sạn ở đà lạt,Khách sạn Đà Lạt,Lưu trú,In-scope Đà Lạt,Transaction,50,N/A,N/A,N/A,Planner (Cao),data/google_planner/da-lat/Keyword Stats 2026-02-23 at 00_28_27.csv,"Tạo landing chuyển đổi (giá/vé/đặt chỗ), gom vào cluster page + build backlink nội bộ",B,4125.000000000001,0%,"129,670"
các khách sạn 2 sao ở đà lạt,Khách sạn Đà Lạt,Lưu trú,In-scope Đà Lạt,Transaction,50,N/A,N/A,N/A,Planner (Cao),data/google_planner/da-lat/Keyword Stats 2026-02-23 at 00_28_27.csv,"Tạo landing chuyển đổi (giá/vé/đặt chỗ), gom vào cluster page + build backlink nội bộ",B,4125.000000000001,0%,"11,007"
các khách sạn có view đẹp ở đà lạt,Khách sạn Đà Lạt,Lưu trú,In-scope Đà Lạt,Transaction,50,N/A,N/A,N/A,Planner (Cao),data/google_planner/da-lat/Keyword Stats 2026-02-23 at 00_28_27.csv,"Tạo landing chuyển đổi (giá/vé/đặt chỗ), gom vào cluster page + build backlink nội bộ",B,4125.000000000001,0%,"10,315"
các khách sạn lớn ở đà lạt,Khách sạn Đà Lạt,Lưu trú,In-scope Đà Lạt,Transaction,50,N/A,N/A,N/A,Planner (Cao),data/google_planner/da-lat/Keyword Stats 2026-02-23 at 00_28_27.csv,"Tạo landing chuyển đổi (giá/vé/đặt chỗ), gom vào cluster page + build backlink nội bộ",B,4125.000000000001,0%,"5,804"
các khách sạn nổi tiếng ở đà lạt,Khách sạn Đà Lạt,Lưu trú,In-scope Đà Lạt,Transaction,50,N/A,N/A,N/A,Planner (Cao),data/google_planner/da-lat/Keyword Stats 2026-02-23 at 00_28_27.csv,"Tạo landing chuyển đổi (giá/vé/đặt chỗ), gom vào cluster page + build backlink nội bộ",B,4125.000000000001,0%,"4,011"
các khách sạn tốt ở đà lạt,Khách sạn Đà Lạt,Lưu trú,In-scope Đà Lạt,Transaction,50,N/A,N/A,N/A,Planner (Cao),data/google_planner/da-lat/Keyword Stats 2026-02-23 at 00_28_27.csv,"Tạo landing chuyển đổi (giá/vé/đặt chỗ), gom vào cluster page + build backlink nội bộ",B,4125.000000000001,0%,"13,414"
các khách sạn uy tín ở đà lạt,Khách sạn Đà Lạt,Lưu trú,In-scope Đà Lạt,Transaction,50,N/A,N/A,N/A,Planner (Cao),data/google_planner/da-lat/Keyword Stats 2026-02-23 at 00_28_27.csv,"Tạo landing chuyển đổi (giá/vé/đặt chỗ), gom vào cluster page + build backlink nội bộ",B,4125.000000000001,0%,"16,584"
các khách sạn đẹp ở trung tâm đà lạt,Khách sạn Đà Lạt,Lưu trú,In-scope Đà Lạt,Transaction,50,N/A,N/A,N/A,Planner (Cao),data/google_planner/da-lat/Keyword Stats 2026-02-23 at 00_28_27.csv,"Tạo landing chuyển đổi (giá/vé/đặt chỗ), gom vào cluster page + build backlink nội bộ",B,4125.000000000001,0%,"33,634"
các khách sạn ở trung tâm đà lạt,Khách sạn Đà Lạt,Lưu trú,In-scope Đà Lạt,Transaction,50,N/A,N/A,N/A,Planner (Cao),data/google_planner/da-lat/Keyword Stats 2026-02-23 at 00_28_27.csv,"Tạo landing chuyển đổi (giá/vé/đặt chỗ), gom vào cluster page + build backlink nội bộ",B,4125.000000000001,0%,"9,609"
các khách sạn ở đà lạt gần trung tâm,Khách sạn Đà Lạt,Lưu trú,In-scope Đà Lạt,Transaction,50,N/A,N/A,N/A,Planner (Cao),data/google_planner/da-lat/Keyword Stats 2026-02-23 at 00_28_27.csv,"Tạo landing chuyển đổi (giá/vé/đặt chỗ), gom vào cluster page + build backlink nội bộ",B,4125.000000000001,0%,"8,586"
khach san dep o dalat,Khách sạn Đà Lạt,Lưu trú,In-scope Đà Lạt,Transaction,50,N/A,N/A,N/A,Planner (Cao),data/google_planner/da-lat/Keyword Stats 2026-02-23 at 00_28_27.csv,"Tạo landing chuyển đổi (giá/vé/đặt chỗ), gom vào cluster page + build backlink nội bộ",B,4125.000000000001,0%,"22,593"
khach san moi o da lat,Khách sạn Đà Lạt,Lưu trú,In-scope Đà Lạt,Transaction,50,N/A,N/A,N/A,Planner (Cao),data/google_planner/da-lat/Keyword Stats 2026-02-23 at 00_28_27.csv,"Tạo landing chuyển đổi (giá/vé/đặt chỗ), gom vào cluster page + build backlink nội bộ",B,4125.000000000001,0%,"8,061"
khach san tot o da lat,Khách sạn Đà Lạt,Lưu trú,In-scope Đà Lạt,Transaction,50,N/A,N/A,N/A,Planner (Cao),data/google_planner/da-lat/Keyword Stats 2026-02-23 at 00_28_27.csv,"Tạo landing chuyển đổi (giá/vé/đặt chỗ), gom vào cluster page + build backlink nội bộ",B,4125.000000000001,0%,"9,869"
khách sạn 1 sao ở đà lạt,Khách sạn Đà Lạt,Lưu trú,In-scope Đà Lạt,Transaction,50,N/A,N/A,N/A,Planner (Trung bình),data/google_planner/da-lat/Keyword Stats 2026-02-23 at 00_28_27.csv,"Tạo landing chuyển đổi (giá/vé/đặt chỗ), gom vào cluster page + build backlink nội bộ",B,4125.000000000001,0%,"13,261"
khách sạn 2 sao ở đà lạt,Khách sạn Đà Lạt,Lưu trú,In-scope Đà Lạt,Transaction,50,N/A,N/A,N/A,Planner (Cao),data/google_planner/da-lat/Keyword Stats 2026-02-23 at 00_28_27.csv,"Tạo landing chuyển đổi (giá/vé/đặt chỗ), gom vào cluster page + build backlink nội bộ",B,4125.000000000001,-90.0%,"4,725"
khách sạn 3 sao ở trung tâm đà lạt,Khách sạn Đà Lạt,Lưu trú,In-scope Đà Lạt,Transaction,50,N/A,N/A,N/A,Planner (Cao),data/google_planner/da-lat/Keyword Stats 2026-02-23 at 00_28_27.csv,"Tạo landing chuyển đổi (giá/vé/đặt chỗ), gom vào cluster page + build backlink nội bộ",B,4125.000000000001,0%,"8,016"
khách sạn agoda đà lạt,Khách sạn Đà Lạt,Lưu trú,In-scope Đà Lạt,Transaction,50,N/A,N/A,N/A,Planner (Cao),data/google_planner/da-lat/Keyword Stats 2026-02-23 at 00_28_27.csv,"Tạo landing chuyển đổi (giá/vé/đặt chỗ), gom vào cluster page + build backlink nội bộ",B,4125.000000000001,0%,"9,279"
khách sạn bình dân ở đà lạt,Khách sạn Đà Lạt,Lưu trú,In-scope Đà Lạt,Transaction,50,N/A,N/A,N/A,Planner (Cao),data/google_planner/da-lat/Keyword Stats 2026-02-23 at 00_28_27.csv,"Tạo landing chuyển đổi (giá/vé/đặt chỗ), gom vào cluster page + build backlink nội bộ",B,4125.000000000001,0%,"17,208"
khách sạn cao cấp ở đà lạt,Khách sạn Đà Lạt,Lưu trú,In-scope Đà Lạt,Transaction,50,N/A,N/A,N/A,Planner (Cao),data/google_planner/da-lat/Keyword Stats 2026-02-23 at 00_28_27.csv,"Tạo landing chuyển đổi (giá/vé/đặt chỗ), gom vào cluster page + build backlink nội bộ",B,4125.000000000001,0%,"9,171"
khách sạn chill ở đà lạt,Khách sạn Đà Lạt,Lưu trú,In-scope Đà Lạt,Transaction,50,N/A,N/A,N/A,Planner (Cao),data/google_planner/da-lat/Keyword Stats 2026-02-23 at 00_28_27.csv,"Tạo landing chuyển đổi (giá/vé/đặt chỗ), gom vào cluster page + build backlink nội bộ",B,4125.000000000001,0%,"12,886"
khách sạn cho thú cưng ở đà lạt,Khách sạn Đà Lạt,Lưu trú,In-scope Đà Lạt,Transaction,50,N/A,N/A,N/A,Planner (Cao),data/google_planner/da-lat/Keyword Stats 2026-02-23 at 00_28_27.csv,"Tạo landing chuyển đổi (giá/vé/đặt chỗ), gom vào cluster page + build backlink nội bộ",B,4125.000000000001,0%,"9,757"
khách sạn có máy lạnh ở đà lạt,Khách sạn Đà Lạt,Lưu trú,In-scope Đà Lạt,Transaction,50,N/A,N/A,N/A,Planner (Cao),data/google_planner/da-lat/Keyword Stats 2026-02-23 at 00_28_27.csv,"Tạo landing chuyển đổi (giá/vé/đặt chỗ), gom vào cluster page + build backlink nội bộ",B,4125.000000000001,0%,"26,908"
khách sạn có ăn sáng ở đà lạt,Khách sạn Đà Lạt,Lưu trú,In-scope Đà Lạt,Transaction,50,N/A,N/A,N/A,Planner (Cao),data/google_planner/da-lat/Keyword Stats 2026-02-23 at 00_28_27.csv,"Tạo landing chuyển đổi (giá/vé/đặt chỗ), gom vào cluster page + build backlink nội bộ",B,4125.000000000001,0%,"12,860"
khách sạn có điều hòa ở đà lạt,Khách sạn Đà Lạt,Lưu trú,In-scope Đà Lạt,Transaction,50,N/A,N/A,N/A,Planner (Cao),data/google_planner/da-lat/Keyword Stats 2026-02-23 at 00_28_27.csv,"Tạo landing chuyển đổi (giá/vé/đặt chỗ), gom vào cluster page + build backlink nội bộ",B,4125.000000000001,0%,"15,452"
khách sạn công đoàn ở đà lạt,Khách sạn Đà Lạt,Lưu trú,In-scope Đà Lạt,Transaction,50,N/A,N/A,N/A,Planner (Cao),data/google_planner/da-lat/Keyword Stats 2026-02-23 at 00_28_27.csv,"Tạo landing chuyển đổi (giá/vé/đặt chỗ), gom vào cluster page + build backlink nội bộ",B,4125.000000000001,0%,"25,128"
khách sạn gần chợ ở đà lạt,Khách sạn Đà Lạt,Lưu trú,In-scope Đà Lạt,Transaction,50,N/A,N/A,N/A,Planner (Trung bình),data/google_planner/da-lat/Keyword Stats 2026-02-23 at 00_28_27.csv,"Tạo landing chuyển đổi (giá/vé/đặt chỗ), gom vào cluster page + build backlink nội bộ",B,4125.000000000001,0%,"11,842"
khách sạn gần hồ xuân hương ở dalat,Khách sạn Đà Lạt,Lưu trú,In-scope Đà Lạt,Transaction,50,N/A,N/A,N/A,Planner (Cao),data/google_planner/da-lat/Keyword Stats 2026-02-23 at 00_28_27.csv,"Tạo landing chuyển đổi (giá/vé/đặt chỗ), gom vào cluster page + build backlink nội bộ",B,4125.000000000001,0%,"17,186"
khách sạn hoàng minh châu ở đà lạt,Khách sạn Đà Lạt,Lưu trú,In-scope Đà Lạt,Transaction,50,N/A,N/A,N/A,Planner (Trung bình),data/google_planner/da-lat/Keyword Stats 2026-02-23 at 00_28_27.csv,"Tạo landing chuyển đổi (giá/vé/đặt chỗ), gom vào cluster page + build backlink nội bộ",B,4125.000000000001,0%,"11,167"
khách sạn lãng mạn ở đà lạt,Khách sạn Đà Lạt,Lưu trú,In-scope Đà Lạt,Transaction,50,N/A,N/A,N/A,Planner (Cao),data/google_planner/da-lat/Keyword Stats 2026-02-23 at 00_28_27.csv,"Tạo landing chuyển đổi (giá/vé/đặt chỗ), gom vào cluster page + build backlink nội bộ",B,4125.000000000001,0%,"7,730"
khách sạn lớn ở đà lạt,Khách sạn Đà Lạt,Lưu trú,In-scope Đà Lạt,Transaction,50,N/A,N/A,N/A,Planner (Cao),data/google_planner/da-lat/Keyword Stats 2026-02-23 at 00_28_27.csv,"Tạo landing chuyển đổi (giá/vé/đặt chỗ), gom vào cluster page + build backlink nội bộ",B,4125.000000000001,0%,"6,481"
khách sạn minh chiến ở đà lạt,Khách sạn Đà Lạt,Lưu trú,In-scope Đà Lạt,Transaction,50,N/A,N/A,N/A,Planner (Cao),data/google_planner/da-lat/Keyword Stats 2026-02-23 at 00_28_27.csv,"Tạo landing chuyển đổi (giá/vé/đặt chỗ), gom vào cluster page + build backlink nội bộ",B,4125.000000000001,0%,"12,855"
khách sạn mường thanh ở đà lạt,Khách sạn Đà Lạt,Lưu trú,In-scope Đà Lạt,Transaction,50,N/A,N/A,N/A,Planner (Cao),data/google_planner/da-lat/Keyword Stats 2026-02-23 at 00_28_27.csv,"Tạo landing chuyển đổi (giá/vé/đặt chỗ), gom vào cluster page + build backlink nội bộ",B,4125.000000000001,0%,"4,772"
khách sạn mới tại đà lạt,Khách sạn Đà Lạt,Lưu trú,In-scope Đà Lạt,Transaction,50,N/A,N/A,N/A,Planner (Cao),data/google_planner/da-lat/Keyword Stats 2026-02-23 at 00_28_27.csv,"Tạo landing chuyển đổi (giá/vé/đặt chỗ), gom vào cluster page + build backlink nội bộ",B,4125.000000000001,0%,"11,103"
khách sạn ngoại ô đà lạt,Khách sạn Đà Lạt,Lưu trú,In-scope Đà Lạt,Transaction,50,N/A,N/A,N/A,Planner (Cao),data/google_planner/da-lat/Keyword Stats 2026-02-23 at 00_28_27.csv,"Tạo landing chuyển đổi (giá/vé/đặt chỗ), gom vào cluster page + build backlink nội bộ",B,4125.000000000001,0%,"14,283"
khách sạn ngọc trai vàng ở đà lạt,Khách sạn Đà Lạt,Lưu trú,In-scope Đà Lạt,Transaction,50,N/A,N/A,N/A,Planner (Cao),data/google_planner/da-lat/Keyword Stats 2026-02-23 at 00_28_27.csv,"Tạo landing chuyển đổi (giá/vé/đặt chỗ), gom vào cluster page + build backlink nội bộ",B,4125.000000000001,0%,"46,912"
khách sạn nào ở đà lạt tốt và rẻ,Khách sạn Đà Lạt,Lưu trú,In-scope Đà Lạt,Transaction,50,N/A,N/A,N/A,Planner (Cao),data/google_planner/da-lat/Keyword Stats 2026-02-23 at 00_28_27.csv,"Tạo landing chuyển đổi (giá/vé/đặt chỗ), gom vào cluster page + build backlink nội bộ",B,4125.000000000001,0%,"49,858"
khách sạn năm sao ở đà lạt,Khách sạn Đà Lạt,Lưu trú,In-scope Đà Lạt,Transaction,50,N/A,N/A,N/A,Planner (Cao),data/google_planner/da-lat/Keyword Stats 2026-02-23 at 00_28_27.csv,"Tạo landing chuyển đổi (giá/vé/đặt chỗ), gom vào cluster page + build backlink nội bộ",B,4125.000000000001,-90.0%,"13,220"
khách sạn nổi tiếng ở đà lạt,Khách sạn Đà Lạt,Lưu trú,In-scope Đà Lạt,Transaction,50,N/A,N/A,N/A,Planner (Cao),data/google_planner/da-lat/Keyword Stats 2026-02-23 at 00_28_27.csv,"Tạo landing chuyển đổi (giá/vé/đặt chỗ), gom vào cluster page + build backlink nội bộ",B,4125.000000000001,-90.0%,"25,471"
khách sạn pháp ở đà lạt,Khách sạn Đà Lạt,Lưu trú,In-scope Đà Lạt,Transaction,50,N/A,N/A,N/A,Planner (Cao),data/google_planner/da-lat/Keyword Stats 2026-02-23 at 00_28_27.csv,"Tạo landing chuyển đổi (giá/vé/đặt chỗ), gom vào cluster page + build backlink nội bộ",B,4125.000000000001,0%,"8,516"
khách sạn qa đà lạt,Khách sạn Đà Lạt,Lưu trú,In-scope Đà Lạt,Transaction,50,N/A,N/A,N/A,Planner (Trung bình),data/google_planner/da-lat/Keyword Stats 2026-02-23 at 00_28_27.csv,"Tạo landing chuyển đổi (giá/vé/đặt chỗ), gom vào cluster page + build backlink nội bộ",B,4125.000000000001,0%,"11,472"
khách sạn rum vang ở đà lạt,Khách sạn Đà Lạt,Lưu trú,In-scope Đà Lạt,Transaction,50,N/A,N/A,N/A,Planner (Trung bình),data/google_planner/da-lat/Keyword Stats 2026-02-23 at 00_28_27.csv,"Tạo landing chuyển đổi (giá/vé/đặt chỗ), gom vào cluster page + build backlink nội bộ",B,4125.000000000001,0%,"4,271"
khách sạn sang ở đà lạt,Khách sạn Đà Lạt,Lưu trú,In-scope Đà Lạt,Transaction,50,N/A,N/A,N/A,Planner (Cao),data/google_planner/da-lat/Keyword Stats 2026-02-23 at 00_28_27.csv,"Tạo landing chuyển đổi (giá/vé/đặt chỗ), gom vào cluster page + build backlink nội bộ",B,4125.000000000001,0%,"12,274"
khách sạn săn mây ở đà lạt,Khách sạn Đà Lạt,Lưu trú,In-scope Đà Lạt,Transaction,50,N/A,N/A,N/A,Planner (Cao),data/google_planner/da-lat/Keyword Stats 2026-02-23 at 00_28_27.csv,"Tạo landing chuyển đổi (giá/vé/đặt chỗ), gom vào cluster page + build backlink nội bộ",B,4125.000000000001,0%,"26,749"
khách sạn theo giờ ở đà lạt,Khách sạn Đà Lạt,Lưu trú,In-scope Đà Lạt,Transaction,50,N/A,N/A,N/A,Planner (Trung bình),data/google_planner/da-lat/Keyword Stats 2026-02-23 at 00_28_27.csv,"Tạo landing chuyển đổi (giá/vé/đặt chỗ), gom vào cluster page + build backlink nội bộ",B,4125.000000000001,0%,"12,840"
khách sạn trên đồi ở đà lạt,Khách sạn Đà Lạt,Lưu trú,In-scope Đà Lạt,Transaction,50,N/A,N/A,N/A,Planner (Cao),data/google_planner/da-lat/Keyword Stats 2026-02-23 at 00_28_27.csv,"Tạo landing chuyển đổi (giá/vé/đặt chỗ), gom vào cluster page + build backlink nội bộ",B,4125.000000000001,0%,"15,062"
khách sạn ty ty ở đà lạt,Khách sạn Đà Lạt,Lưu trú,In-scope Đà Lạt,Transaction,50,N/A,N/A,N/A,Planner (Trung bình),data/google_planner/da-lat/Keyword Stats 2026-02-23 at 00_28_27.csv,"Tạo landing chuyển đổi (giá/vé/đặt chỗ), gom vào cluster page + build backlink nội bộ",B,4125.000000000001,-90.0%,"7,901"
khách sạn tại đà lạt có view đẹp,Khách sạn Đà Lạt,Lưu trú,In-scope Đà Lạt,Transaction,50,N/A,N/A,N/A,Planner (Cao),data/google_planner/da-lat/Keyword Stats 2026-02-23 at 00_28_27.csv,"Tạo landing chuyển đổi (giá/vé/đặt chỗ), gom vào cluster page + build backlink nội bộ",B,4125.000000000001,0%,"16,389"
khách sạn tốt tại đà lạt,Khách sạn Đà Lạt,Lưu trú,In-scope Đà Lạt,Transaction,50,N/A,N/A,N/A,Planner (Cao),data/google_planner/da-lat/Keyword Stats 2026-02-23 at 00_28_27.csv,"Tạo landing chuyển đổi (giá/vé/đặt chỗ), gom vào cluster page + build backlink nội bộ",B,4125.000000000001,0%,"36,511"
khách sạn uy tín ở đà lạt,Khách sạn Đà Lạt,Lưu trú,In-scope Đà Lạt,Transaction,50,N/A,N/A,N/A,Planner (Cao),data/google_planner/da-lat/Keyword Stats 2026-02-23 at 00_28_27.csv,"Tạo landing chuyển đổi (giá/vé/đặt chỗ), gom vào cluster page + build backlink nội bộ",B,4125.000000000001,0%,"12,222"
khách sạn view đẹp nhất đà lạt,Khách sạn Đà Lạt,Lưu trú,In-scope Đà Lạt,Transaction,50,N/A,N/A,N/A,Planner (Cao),data/google_planner/da-lat/Keyword Stats 2026-02-23 at 00_28_27.csv,"Tạo landing chuyển đổi (giá/vé/đặt chỗ), gom vào cluster page + build backlink nội bộ",B,4125.000000000001,0%,"4,293"
khách sạn view đẹp tại đà lạt,Khách sạn Đà Lạt,Lưu trú,In-scope Đà Lạt,Transaction,50,N/A,N/A,N/A,Planner (Cao),data/google_planner/da-lat/Keyword Stats 2026-02-23 at 00_28_27.csv,"Tạo landing chuyển đổi (giá/vé/đặt chỗ), gom vào cluster page + build backlink nội bộ",B,4125.000000000001,0%,"11,721"
khách sạn xịn ở đà lạt,Khách sạn Đà Lạt,Lưu trú,In-scope Đà Lạt,Transaction,50,N/A,N/A,N/A,Planner (Cao),data/google_planner/da-lat/Keyword Stats 2026-02-23 at 00_28_27.csv,"Tạo landing chuyển đổi (giá/vé/đặt chỗ), gom vào cluster page + build backlink nội bộ",B,4125.000000000001,0%,"14,024"
khách sạn yên tĩnh ở đà lạt,Khách sạn Đà Lạt,Lưu trú,In-scope Đà Lạt,Transaction,50,N/A,N/A,N/A,Planner (Trung bình),data/google_planner/da-lat/Keyword Stats 2026-02-23 at 00_28_27.csv,"Tạo landing chuyển đổi (giá/vé/đặt chỗ), gom vào cluster page + build backlink nội bộ",B,4125.000000000001,0%,"24,217"
khách sạn đà lạt có máy lạnh không,Khách sạn Đà Lạt,Lưu trú,In-scope Đà Lạt,Transaction,50,N/A,N/A,N/A,Planner (Trung bình),data/google_planner/da-lat/Keyword Stats 2026-02-23 at 00_28_27.csv,"Tạo landing chuyển đổi (giá/vé/đặt chỗ), gom vào cluster page + build backlink nội bộ",B,4125.000000000001,0%,"9,084"
khách sạn đà lạt mytour,Khách sạn Đà Lạt,Lưu trú,In-scope Đà Lạt,Transaction,50,N/A,N/A,N/A,Planner (Cao),data/google_planner/da-lat/Keyword Stats 2026-02-23 at 00_28_27.csv,"Tạo landing chuyển đổi (giá/vé/đặt chỗ), gom vào cluster page + build backlink nội bộ",B,4125.000000000001,0%,"21,495"
khách sạn đà lạt ở trung tâm,Khách sạn Đà Lạt,Lưu trú,In-scope Đà Lạt,Transaction,50,N/A,N/A,N/A,Planner (Cao),data/google_planner/da-lat/Keyword Stats 2026-02-23 at 00_28_27.csv,"Tạo landing chuyển đổi (giá/vé/đặt chỗ), gom vào cluster page + build backlink nội bộ",B,4125.000000000001,0%,"16,050"
khách sạn đà lạt ở đường bùi thị xuân,Khách sạn Đà Lạt,Lưu trú,In-scope Đà Lạt,Transaction,50,N/A,N/A,N/A,Planner (Cao),data/google_planner/da-lat/Keyword Stats 2026-02-23 at 00_28_27.csv,"Tạo landing chuyển đổi (giá/vé/đặt chỗ), gom vào cluster page + build backlink nội bộ",B,4125.000000000001,0%,"28,890"
khách sạn đường hai bà trưng đà lạt,Khách sạn Đà Lạt,Lưu trú,In-scope Đà Lạt,Transaction,50,N/A,N/A,N/A,Planner (Cao),data/google_planner/da-lat/Keyword Stats 2026-02-23 at 00_28_27.csv,"Tạo landing chuyển đổi (giá/vé/đặt chỗ), gom vào cluster page + build backlink nội bộ",B,4125.000000000001,-90.0%,"15,243"
khách sạn đắt nhất đà lạt,Khách sạn Đà Lạt,Lưu trú,In-scope Đà Lạt,Transaction,50,N/A,N/A,N/A,Planner (Cao),data/google_planner/da-lat/Keyword Stats 2026-02-23 at 00_28_27.csv,"Tạo landing chuyển đổi (giá/vé/đặt chỗ), gom vào cluster page + build backlink nội bộ",B,4125.000000000001,0%,"2,730"
khách sạn đẹp o dalat,Khách sạn Đà Lạt,Lưu trú,In-scope Đà Lạt,Transaction,50,N/A,N/A,N/A,Planner (Cao),data/google_planner/da-lat/Keyword Stats 2026-02-23 at 00_28_27.csv,"Tạo landing chuyển đổi (giá/vé/đặt chỗ), gom vào cluster page + build backlink nội bộ",B,4125.000000000001,0%,"22,593"
khách sạn đẹp tại trung tâm đà lạt,Khách sạn Đà Lạt,Lưu trú,In-scope Đà Lạt,Transaction,50,N/A,N/A,N/A,Planner (Cao),data/google_planner/da-lat/Keyword Stats 2026-02-23 at 00_28_27.csv,"Tạo landing chuyển đổi (giá/vé/đặt chỗ), gom vào cluster page + build backlink nội bộ",B,4125.000000000001,0%,"45,600"
khách sạn đẹp ở trung tâm đà lạt,Khách sạn Đà Lạt,Lưu trú,In-scope Đà Lạt,Transaction,50,N/A,N/A,N/A,Planner (Cao),data/google_planner/da-lat/Keyword Stats 2026-02-23 at 00_28_27.csv,"Tạo landing chuyển đổi (giá/vé/đặt chỗ), gom vào cluster page + build backlink nội bộ",B,4125.000000000001,0%,"13,145"
khách sạn đẹp ở đà lạt gần chợ,Khách sạn Đà Lạt,Lưu trú,In-scope Đà Lạt,Transaction,50,N/A,N/A,N/A,Planner (Cao),data/google_planner/da-lat/Keyword Stats 2026-02-23 at 00_28_27.csv,"Tạo landing chuyển đổi (giá/vé/đặt chỗ), gom vào cluster page + build backlink nội bộ",B,4125.000000000001,0%,"19,948"
khách sạn đẹp ở đà lạt gần trung tâm,Khách sạn Đà Lạt,Lưu trú,In-scope Đà Lạt,Transaction,50,N/A,N/A,N/A,Planner (Cao),data/google_planner/da-lat/Keyword Stats 2026-02-23 at 00_28_27.csv,"Tạo landing chuyển đổi (giá/vé/đặt chỗ), gom vào cluster page + build backlink nội bộ",B,4125.000000000001,0%,"21,505"
khách sạn đỗ quyên ở đà lạt,Khách sạn Đà Lạt,Lưu trú,In-scope Đà Lạt,Transaction,50,N/A,N/A,N/A,Planner (Thấp),data/google_planner/da-lat/Keyword Stats 2026-02-23 at 00_28_27.csv,"Tạo landing chuyển đổi (giá/vé/đặt chỗ), gom vào cluster page + build backlink nội bộ",B,4125.000000000001,0%,"10,647"
khách sạn ở bùi thị xuân đà lạt,Khách sạn Đà Lạt,Lưu trú,In-scope Đà Lạt,Transaction,50,N/A,N/A,N/A,Planner (Cao),data/google_planner/da-lat/Keyword Stats 2026-02-23 at 00_28_27.csv,"Tạo landing chuyển đổi (giá/vé/đặt chỗ), gom vào cluster page + build backlink nội bộ",B,4125.000000000001,0%,"11,206"
khách sạn ở chợ đà lạt,Khách sạn Đà Lạt,Lưu trú,In-scope Đà Lạt,Transaction,50,N/A,N/A,N/A,Planner (Cao),data/google_planner/da-lat/Keyword Stats 2026-02-23 at 00_28_27.csv,"Tạo landing chuyển đổi (giá/vé/đặt chỗ), gom vào cluster page + build backlink nội bộ",B,4125.000000000001,0%,"11,323"
khách sạn ở hồ tuyền lâm,Khách sạn Đà Lạt,Lưu trú,In-scope Đà Lạt,Transaction,50,N/A,N/A,N/A,Planner (Cao),data/google_planner/da-lat/Keyword Stats 2026-02-23 at 00_28_27.csv,"Tạo landing chuyển đổi (giá/vé/đặt chỗ), gom vào cluster page + build backlink nội bộ",B,4125.000000000001,0%,"9,183"
khách sạn ở hồ tuyền lâm đà lạt,Khách sạn Đà Lạt,Lưu trú,In-scope Đà Lạt,Transaction,50,N/A,N/A,N/A,Planner (Cao),data/google_planner/da-lat/Keyword Stats 2026-02-23 at 00_28_27.csv,"Tạo landing chuyển đổi (giá/vé/đặt chỗ), gom vào cluster page + build backlink nội bộ",B,4125.000000000001,0%,"34,280"
khách sạn ở hồ xuân hương đà lạt,Khách sạn Đà Lạt,Lưu trú,In-scope Đà Lạt,Transaction,50,N/A,N/A,N/A,Planner (Cao),data/google_planner/da-lat/Keyword Stats 2026-02-23 at 00_28_27.csv,"Tạo landing chuyển đổi (giá/vé/đặt chỗ), gom vào cluster page + build backlink nội bộ",B,4125.000000000001,0%,"9,228"
khách sạn ở lạc dương đà lạt,Khách sạn Đà Lạt,Lưu trú,In-scope Đà Lạt,Transaction,50,N/A,N/A,N/A,Planner (Cao),data/google_planner/da-lat/Keyword Stats 2026-02-23 at 00_28_27.csv,"Tạo landing chuyển đổi (giá/vé/đặt chỗ), gom vào cluster page + build backlink nội bộ",B,4125.000000000001,0%,"19,045"
khách sạn ở nam kỳ khởi nghĩa đà lạt,Khách sạn Đà Lạt,Lưu trú,In-scope Đà Lạt,Transaction,50,N/A,N/A,N/A,Planner (Cao),data/google_planner/da-lat/Keyword Stats 2026-02-23 at 00_28_27.csv,"Tạo landing chuyển đổi (giá/vé/đặt chỗ), gom vào cluster page + build backlink nội bộ",B,4125.000000000001,0%,"23,601"
khách sạn ở trung tâm thành phố đà lạt,Khách sạn Đà Lạt,Lưu trú,In-scope Đà Lạt,Transaction,50,N/A,N/A,N/A,Planner (Cao),data/google_planner/da-lat/Keyword Stats 2026-02-23 at 00_28_27.csv,"Tạo landing chuyển đổi (giá/vé/đặt chỗ), gom vào cluster page + build backlink nội bộ",B,4125.000000000001,0%,"10,091"
khách sạn ở đà lạt có máy lạnh,Khách sạn Đà Lạt,Lưu trú,In-scope Đà Lạt,Transaction,50,N/A,N/A,N/A,Planner (Cao),data/google_planner/da-lat/Keyword Stats 2026-02-23 at 00_28_27.csv,"Tạo landing chuyển đổi (giá/vé/đặt chỗ), gom vào cluster page + build backlink nội bộ",B,4125.000000000001,0%,"8,144"
khách sạn ở đà lạt gần hồ xuân hương,Khách sạn Đà Lạt,Lưu trú,In-scope Đà Lạt,Transaction,50,N/A,N/A,N/A,Planner (Cao),data/google_planner/da-lat/Keyword Stats 2026-02-23 at 00_28_27.csv,"Tạo landing chuyển đổi (giá/vé/đặt chỗ), gom vào cluster page + build backlink nội bộ",B,4125.000000000001,0%,"14,024"
khách sạn ở đà lạt view đẹp,Khách sạn Đà Lạt,Lưu trú,In-scope Đà Lạt,Transaction,50,N/A,N/A,N/A,Planner (Cao),data/google_planner/da-lat/Keyword Stats 2026-02-23 at 00_28_27.csv,"Tạo landing chuyển đổi (giá/vé/đặt chỗ), gom vào cluster page + build backlink nội bộ",B,4125.000000000001,0%,"12,122"
khách sạn ở đà lạt đẹp,Khách sạn Đà Lạt,Lưu trú,In-scope Đà Lạt,Transaction,50,N/A,N/A,N/A,Planner (Cao),data/google_planner/da-lat/Keyword Stats 2026-02-23 at 00_28_27.csv,"Tạo landing chuyển đổi (giá/vé/đặt chỗ), gom vào cluster page + build backlink nội bộ",B,4125.000000000001,0%,"12,725"
khách sạn ở đường bùi thị xuân đà lạt,Khách sạn Đà Lạt,Lưu trú,In-scope Đà Lạt,Transaction,50,N/A,N/A,N/A,Planner (Cao),data/google_planner/da-lat/Keyword Stats 2026-02-23 at 00_28_27.csv,"Tạo landing chuyển đổi (giá/vé/đặt chỗ), gom vào cluster page + build backlink nội bộ",B,4125.000000000001,0%,"24,401"
khách sạn ở đường nam kỳ khởi nghĩa đà lạt,Khách sạn Đà Lạt,Lưu trú,In-scope Đà Lạt,Transaction,50,N/A,N/A,N/A,Planner (Cao),data/google_planner/da-lat/Keyword Stats 2026-02-23 at 00_28_27.csv,"Tạo landing chuyển đổi (giá/vé/đặt chỗ), gom vào cluster page + build backlink nội bộ",B,4125.000000000001,0%,"12,234"
khách sạn ở đường nguyễn chí thanh đà lạt,Khách sạn Đà Lạt,Lưu trú,In-scope Đà Lạt,Transaction,50,N/A,N/A,N/A,Planner (Cao),data/google_planner/da-lat/Keyword Stats 2026-02-23 at 00_28_27.csv,"Tạo landing chuyển đổi (giá/vé/đặt chỗ), gom vào cluster page + build backlink nội bộ",B,4125.000000000001,0%,"4,475"
khách sạn ở đường nguyễn thị minh khai đà lạt,Khách sạn Đà Lạt,Lưu trú,In-scope Đà Lạt,Transaction,50,N/A,N/A,N/A,Planner (Cao),data/google_planner/da-lat/Keyword Stats 2026-02-23 at 00_28_27.csv,"Tạo landing chuyển đổi (giá/vé/đặt chỗ), gom vào cluster page + build backlink nội bộ",B,4125.000000000001,0%,"8,991"
khách sạn ở đường phan đình phùng đà lạt,Khách sạn Đà Lạt,Lưu trú,In-scope Đà Lạt,Transaction,50,N/A,N/A,N/A,Planner (Cao),data/google_planner/da-lat/Keyword Stats 2026-02-23 at 00_28_27.csv,"Tạo landing chuyển đổi (giá/vé/đặt chỗ), gom vào cluster page + build backlink nội bộ",B,4125.000000000001,0%,"9,026"
khách sạn ở đường phù đổng thiên vương đà lạt,Khách sạn Đà Lạt,Lưu trú,In-scope Đà Lạt,Transaction,50,N/A,N/A,N/A,Planner (Cao),data/google_planner/da-lat/Keyword Stats 2026-02-23 at 00_28_27.csv,"Tạo landing chuyển đổi (giá/vé/đặt chỗ), gom vào cluster page + build backlink nội bộ",B,4125.000000000001,0%,"23,416"
nha nghi o da lat,Khách sạn Đà Lạt,Lưu trú,In-scope Đà Lạt,Transaction,50,N/A,N/A,N/A,Planner (Cao),data/google_planner/da-lat/Keyword Stats 2026-02-23 at 00_28_27.csv,"Tạo landing chuyển đổi (giá/vé/đặt chỗ), gom vào cluster page + build backlink nội bộ",B,4125.000000000001,0%,"19,104"
những khách sạn nổi tiếng ở đà lạt,Khách sạn Đà Lạt,Lưu trú,In-scope Đà Lạt,Transaction,50,N/A,N/A,N/A,Planner (Cao),data/google_planner/da-lat/Keyword Stats 2026-02-23 at 00_28_27.csv,"Tạo landing chuyển đổi (giá/vé/đặt chỗ), gom vào cluster page + build backlink nội bộ",B,4125.000000000001,0%,"4,265"
những khách sạn tốt ở đà lạt,Khách sạn Đà Lạt,Lưu trú,In-scope Đà Lạt,Transaction,50,N/A,N/A,N/A,Planner (Cao),data/google_planner/da-lat/Keyword Stats 2026-02-23 at 00_28_27.csv,"Tạo landing chuyển đổi (giá/vé/đặt chỗ), gom vào cluster page + build backlink nội bộ",B,4125.000000000001,0%,"15,034"
những khách sạn ở đà lạt có view đẹp,Khách sạn Đà Lạt,Lưu trú,In-scope Đà Lạt,Transaction,50,N/A,N/A,N/A,Planner (Trung bình),data/google_planner/da-lat/Keyword Stats 2026-02-23 at 00_28_27.csv,"Tạo landing chuyển đổi (giá/vé/đặt chỗ), gom vào cluster page + build backlink nội bộ",B,4125.000000000001,0%,"3,301"
phong khach san da lat,Khách sạn Đà Lạt,Lưu trú,In-scope Đà Lạt,Transaction,50,N/A,N/A,N/A,Planner (Cao),data/google_planner/da-lat/Keyword Stats 2026-02-23 at 00_28_27.csv,"Tạo landing chuyển đổi (giá/vé/đặt chỗ), gom vào cluster page + build backlink nội bộ",B,4125.000000000001,0%,"23,944"
số điện thoại khách sạn ở đà lạt,Khách sạn Đà Lạt,Lưu trú,In-scope Đà Lạt,Transaction,50,N/A,N/A,N/A,Planner (Cao),data/google_planner/da-lat/Keyword Stats 2026-02-23 at 00_28_27.csv,"Tạo landing chuyển đổi (giá/vé/đặt chỗ), gom vào cluster page + build backlink nội bộ",B,4125.000000000001,0%,"5,194"
đi đà lạt ở khách sạn nào đẹp,Khách sạn Đà Lạt,Lưu trú,In-scope Đà Lạt,Transaction,50,N/A,N/A,N/A,Planner (Cao),data/google_planner/da-lat/Keyword Stats 2026-02-23 at 00_28_27.csv,"Tạo landing chuyển đổi (giá/vé/đặt chỗ), gom vào cluster page + build backlink nội bộ",B,4125.000000000001,0%,"24,151"
đà lạt ở khách sạn nào,Khách sạn Đà Lạt,Lưu trú,In-scope Đà Lạt,Transaction,50,N/A,N/A,N/A,Planner (Trung bình),data/google_planner/da-lat/Keyword Stats 2026-02-23 at 00_28_27.csv,"Tạo landing chuyển đổi (giá/vé/đặt chỗ), gom vào cluster page + build backlink nội bộ",B,4125.000000000001,0%,"16,599"
đặt nhà nghỉ ở đà lạt,Khách sạn Đà Lạt,Lưu trú,In-scope Đà Lạt,Transaction,50,N/A,N/A,N/A,Planner (Cao),data/google_planner/da-lat/Keyword Stats 2026-02-23 at 00_28_27.csv,"Tạo landing chuyển đổi (giá/vé/đặt chỗ), gom vào cluster page + build backlink nội bộ",B,4125.000000000001,0%,"45,901"
đặt phòng khách sạn công đoàn đà lạt,Khách sạn Đà Lạt,Lưu trú,In-scope Đà Lạt,Transaction,50,N/A,N/A,N/A,Planner (Cao),data/google_planner/da-lat/Keyword Stats 2026-02-23 at 00_28_27.csv,"Tạo landing chuyển đổi (giá/vé/đặt chỗ), gom vào cluster page + build backlink nội bộ",B,4125.000000000001,0%,"15,593"
đặt phòng khách sạn mường thanh đà lạt,Khách sạn Đà Lạt,Lưu trú,In-scope Đà Lạt,Transaction,50,N/A,N/A,N/A,Planner (Cao),data/google_planner/da-lat/Keyword Stats 2026-02-23 at 00_28_27.csv,"Tạo landing chuyển đổi (giá/vé/đặt chỗ), gom vào cluster page + build backlink nội bộ",B,4125.000000000001,0%,"15,757"
đặt phòng khách sạn palace đà lạt,Khách sạn Đà Lạt,Lưu trú,In-scope Đà Lạt,Transaction,50,N/A,N/A,N/A,Planner (Trung bình),data/google_planner/da-lat/Keyword Stats 2026-02-23 at 00_28_27.csv,"Tạo landing chuyển đổi (giá/vé/đặt chỗ), gom vào cluster page + build backlink nội bộ",B,4125.000000000001,0%,"41,030"
đặt phòng khách sạn trung tâm đà lạt,Khách sạn Đà Lạt,Lưu trú,In-scope Đà Lạt,Transaction,50,N/A,N/A,N/A,Planner (Cao),data/google_planner/da-lat/Keyword Stats 2026-02-23 at 00_28_27.csv,"Tạo landing chuyển đổi (giá/vé/đặt chỗ), gom vào cluster page + build backlink nội bộ",B,4125.000000000001,0%,"67,254"
đặt phòng nhà nghỉ ở đà lạt,Khách sạn Đà Lạt,Lưu trú,In-scope Đà Lạt,Transaction,50,N/A,N/A,N/A,Planner (Cao),data/google_planner/da-lat/Keyword Stats 2026-02-23 at 00_28_27.csv,"Tạo landing chuyển đổi (giá/vé/đặt chỗ), gom vào cluster page + build backlink nội bộ",B,4125.000000000001,0%,"36,215"
đặt vé khách sạn đà lạt,Khách sạn Đà Lạt,Lưu trú,In-scope Đà Lạt,Transaction,50,N/A,N/A,N/A,Planner (Cao),data/google_planner/da-lat/Keyword Stats 2026-02-23 at 00_28_27.csv,"Tạo landing chuyển đổi (giá/vé/đặt chỗ), gom vào cluster page + build backlink nội bộ",B,4125.000000000001,0%,"50,864"
địa chỉ khách sạn ở đà lạt,Khách sạn Đà Lạt,Lưu trú,In-scope Đà Lạt,Transaction,50,N/A,N/A,N/A,Planner (Cao),data/google_planner/da-lat/Keyword Stats 2026-02-23 at 00_28_27.csv,"Tạo landing chuyển đổi (giá/vé/đặt chỗ), gom vào cluster page + build backlink nội bộ",B,4125.000000000001,0%,"3,752"
đi đà lạt nên ở khách sạn nào,Khách sạn Đà Lạt,Lưu trú,In-scope Đà Lạt,Commercial Investigation,50,N/A,N/A,N/A,Planner (Cao),data/google_planner/da-lat/Keyword Stats 2026-02-23 at 00_28_27.csv,Viết bài top-list/so sánh; map vào cluster hub; bổ sung schema + ảnh/UGC,B,4125.000000000001,0%,"12,329"
khách sạn nên ở đà lạt,Khách sạn Đà Lạt,Lưu trú,In-scope Đà Lạt,Commercial Investigation,50,N/A,N/A,N/A,Planner (Cao),data/google_planner/da-lat/Keyword Stats 2026-02-23 at 00_28_27.csv,Viết bài top-list/so sánh; map vào cluster hub; bổ sung schema + ảnh/UGC,B,4125.000000000001,0%,"17,023"
khách sạn tốt nhất ở đà lạt,Khách sạn Đà Lạt,Lưu trú,In-scope Đà Lạt,Commercial Investigation,50,N/A,N/A,N/A,Planner (Cao),data/google_planner/da-lat/Keyword Stats 2026-02-23 at 00_28_27.csv,Viết bài top-list/so sánh; map vào cluster hub; bổ sung schema + ảnh/UGC,B,4125.000000000001,0%,"15,582"
những khách sạn nên ở đà lạt,Khách sạn Đà Lạt,Lưu trú,In-scope Đà Lạt,Commercial Investigation,50,N/A,N/A,N/A,Planner (Cao),data/google_planner/da-lat/Keyword Stats 2026-02-23 at 00_28_27.csv,Viết bài top-list/so sánh; map vào cluster hub; bổ sung schema + ảnh/UGC,B,4125.000000000001,0%,"28,677"
nên ở khách sạn nào ở đà lạt,Khách sạn Đà Lạt,Lưu trú,In-scope Đà Lạt,Commercial Investigation,50,N/A,N/A,N/A,Planner (Cao),data/google_planner/da-lat/Keyword Stats 2026-02-23 at 00_28_27.csv,Viết bài top-list/so sánh; map vào cluster hub; bổ sung schema + ảnh/UGC,B,4125.000000000001,0%,"20,995"
top khách sạn đẹp ở đà lạt,Khách sạn Đà Lạt,Lưu trú,In-scope Đà Lạt,Commercial Investigation,50,N/A,N/A,N/A,Planner (Cao),data/google_planner/da-lat/Keyword Stats 2026-02-23 at 00_28_27.csv,Viết bài top-list/so sánh; map vào cluster hub; bổ sung schema + ảnh/UGC,B,4125.000000000001,0%,"36,386"
khách sạn tại đà lạt giá rẻ,Khách sạn Đà Lạt,Lưu trú,In-scope Đà Lạt,Transaction,50,N/A,N/A,N/A,Planner (Thấp),data/google_planner/da-lat/Keyword Stats 2026-02-23 at 00_28_27.csv,"Tạo landing chuyển đổi (giá/vé/đặt chỗ), gom vào cluster page + build backlink nội bộ",B,3750.0,0%,0
tìm khách sạn giá rẻ ở đà lạt,Khách sạn Đà Lạt,Lưu trú,In-scope Đà Lạt,Transaction,50,N/A,N/A,N/A,Planner (Cao),data/google_planner/da-lat/Keyword Stats 2026-02-23 at 00_28_27.csv,"Tạo landing chuyển đổi (giá/vé/đặt chỗ), gom vào cluster page + build backlink nội bộ",B,3750.0,0%,0
các khách sạn giá rẻ ở đà lạt,Khách sạn Đà Lạt,Lưu trú,In-scope Đà Lạt,Transaction,50,N/A,N/A,N/A,Planner (Trung bình),data/google_planner/da-lat/Keyword Stats 2026-02-23 at 00_28_27.csv,"Tạo landing chuyển đổi (giá/vé/đặt chỗ), gom vào cluster page + build backlink nội bộ",B,3750.0,0%,0
các khách sạn ở đà lạt giá rẻ,Khách sạn Đà Lạt,Lưu trú,In-scope Đà Lạt,Transaction,50,N/A,N/A,N/A,Planner (Không xác định),data/google_planner/da-lat/Keyword Stats 2026-02-23 at 00_28_27.csv,"Tạo landing chuyển đổi (giá/vé/đặt chỗ), gom vào cluster page + build backlink nội bộ",B,3750.0,-100.0%,0
dat khach san dalat,Khách sạn Đà Lạt,Lưu trú,In-scope Đà Lạt,Transaction,50,N/A,N/A,N/A,Planner (Cao),data/google_planner/da-lat/Keyword Stats 2026-02-23 at 00_28_27.csv,"Tạo landing chuyển đổi (giá/vé/đặt chỗ), gom vào cluster page + build backlink nội bộ",B,3750.0,0%,0
dat phong khach san o da lat,Khách sạn Đà Lạt,Lưu trú,In-scope Đà Lạt,Transaction,50,N/A,N/A,N/A,Planner (Cao),data/google_planner/da-lat/Keyword Stats 2026-02-23 at 00_28_27.csv,"Tạo landing chuyển đổi (giá/vé/đặt chỗ), gom vào cluster page + build backlink nội bộ",B,3750.0,0%,0
dat phong khach san tai da lat,Khách sạn Đà Lạt,Lưu trú,In-scope Đà Lạt,Transaction,50,N/A,N/A,N/A,Planner (Không xác định),data/google_planner/da-lat/Keyword Stats 2026-02-23 at 00_28_27.csv,"Tạo landing chuyển đổi (giá/vé/đặt chỗ), gom vào cluster page + build backlink nội bộ",B,3750.0,-100.0%,0
gia khach san da lat,Khách sạn Đà Lạt,Lưu trú,In-scope Đà Lạt,Transaction,50,N/A,N/A,N/A,Planner (Cao),data/google_planner/da-lat/Keyword Stats 2026-02-23 at 00_28_27.csv,"Tạo landing chuyển đổi (giá/vé/đặt chỗ), gom vào cluster page + build backlink nội bộ",B,3750.0,0%,0
gia khach san o da lat,Khách sạn Đà Lạt,Lưu trú,In-scope Đà Lạt,Transaction,50,N/A,N/A,N/A,Planner (Không xác định),data/google_planner/da-lat/Keyword Stats 2026-02-23 at 00_28_27.csv,"Tạo landing chuyển đổi (giá/vé/đặt chỗ), gom vào cluster page + build backlink nội bộ",B,3750.0,-100.0%,0
gia phong khach san o da lat,Khách sạn Đà Lạt,Lưu trú,In-scope Đà Lạt,Transaction,50,N/A,N/A,N/A,Planner (Không xác định),data/google_planner/da-lat/Keyword Stats 2026-02-23 at 00_28_27.csv,"Tạo landing chuyển đổi (giá/vé/đặt chỗ), gom vào cluster page + build backlink nội bộ",B,3750.0,-100.0%,0
giá khách sạn 2 sao ở đà lạt,Khách sạn Đà Lạt,Lưu trú,In-scope Đà Lạt,Transaction,50,N/A,N/A,N/A,Planner (Cao),data/google_planner/da-lat/Keyword Stats 2026-02-23 at 00_28_27.csv,"Tạo landing chuyển đổi (giá/vé/đặt chỗ), gom vào cluster page + build backlink nội bộ",B,3750.0,0%,0
giá phòng khách sạn 3 sao ở đà lạt,Khách sạn Đà Lạt,Lưu trú,In-scope Đà Lạt,Transaction,50,N/A,N/A,N/A,Planner (Cao),data/google_planner/da-lat/Keyword Stats 2026-02-23 at 00_28_27.csv,"Tạo landing chuyển đổi (giá/vé/đặt chỗ), gom vào cluster page + build backlink nội bộ",B,3750.0,0%,0
giá thuê phòng khách sạn ở đà lạt,Khách sạn Đà Lạt,Lưu trú,In-scope Đà Lạt,Transaction,50,N/A,N/A,N/A,Planner (Cao),data/google_planner/da-lat/Keyword Stats 2026-02-23 at 00_28_27.csv,"Tạo landing chuyển đổi (giá/vé/đặt chỗ), gom vào cluster page + build backlink nội bộ",B,3750.0,0%,0
giá tiền khách sạn ở đà lạt,Khách sạn Đà Lạt,Lưu trú,In-scope Đà Lạt,Transaction,50,N/A,N/A,N/A,Planner (Không xác định),data/google_planner/da-lat/Keyword Stats 2026-02-23 at 00_28_27.csv,"Tạo landing chuyển đổi (giá/vé/đặt chỗ), gom vào cluster page + build backlink nội bộ",B,3750.0,-100.0%,0
khach san gia re o da lat,Khách sạn Đà Lạt,Lưu trú,In-scope Đà Lạt,Transaction,50,N/A,N/A,N/A,Planner (Trung bình),data/google_planner/da-lat/Keyword Stats 2026-02-23 at 00_28_27.csv,"Tạo landing chuyển đổi (giá/vé/đặt chỗ), gom vào cluster page + build backlink nội bộ",B,3750.0,0%,0
khach san gia re tai da lat,Khách sạn Đà Lạt,Lưu trú,In-scope Đà Lạt,Transaction,50,N/A,N/A,N/A,Planner (Không xác định),data/google_planner/da-lat/Keyword Stats 2026-02-23 at 00_28_27.csv,"Tạo landing chuyển đổi (giá/vé/đặt chỗ), gom vào cluster page + build backlink nội bộ",B,3750.0,-100.0%,0
khách sạn cho thuê theo giờ tại đà lạt,Khách sạn Đà Lạt,Lưu trú,In-scope Đà Lạt,Transaction,50,N/A,N/A,N/A,Planner (Cao),data/google_planner/da-lat/Keyword Stats 2026-02-23 at 00_28_27.csv,"Tạo landing chuyển đổi (giá/vé/đặt chỗ), gom vào cluster page + build backlink nội bộ",B,3750.0,0%,0
khách sạn có view đẹp ở đà lạt giá rẻ,Khách sạn Đà Lạt,Lưu trú,In-scope Đà Lạt,Transaction,50,N/A,N/A,N/A,Planner (Cao),data/google_planner/da-lat/Keyword Stats 2026-02-23 at 00_28_27.csv,"Tạo landing chuyển đổi (giá/vé/đặt chỗ), gom vào cluster page + build backlink nội bộ",B,3750.0,0%,0
khách sạn gia đình ở đà lạt,Khách sạn Đà Lạt,Lưu trú,In-scope Đà Lạt,Transaction,50,N/A,N/A,N/A,Planner (Không xác định),data/google_planner/da-lat/Keyword Stats 2026-02-23 at 00_28_27.csv,"Tạo landing chuyển đổi (giá/vé/đặt chỗ), gom vào cluster page + build backlink nội bộ",B,3750.0,0%,0
khách sạn giá rẻ tại trung tâm đà lạt,Khách sạn Đà Lạt,Lưu trú,In-scope Đà Lạt,Transaction,50,N/A,N/A,N/A,Planner (Cao),data/google_planner/da-lat/Keyword Stats 2026-02-23 at 00_28_27.csv,"Tạo landing chuyển đổi (giá/vé/đặt chỗ), gom vào cluster page + build backlink nội bộ",B,3750.0,0%,0
khách sạn giá rẻ view đẹp ở đà lạt,Khách sạn Đà Lạt,Lưu trú,In-scope Đà Lạt,Transaction,50,N/A,N/A,N/A,Planner (Không xác định),data/google_planner/da-lat/Keyword Stats 2026-02-23 at 00_28_27.csv,"Tạo landing chuyển đổi (giá/vé/đặt chỗ), gom vào cluster page + build backlink nội bộ",B,3750.0,0%,0
khách sạn giá rẻ ở dalat,Khách sạn Đà Lạt,Lưu trú,In-scope Đà Lạt,Transaction,50,N/A,N/A,N/A,Planner (Cao),data/google_planner/da-lat/Keyword Stats 2026-02-23 at 00_28_27.csv,"Tạo landing chuyển đổi (giá/vé/đặt chỗ), gom vào cluster page + build backlink nội bộ",B,3750.0,0%,0
khách sạn giá rẻ ở trung tâm đà lạt,Khách sạn Đà Lạt,Lưu trú,In-scope Đà Lạt,Transaction,50,N/A,N/A,N/A,Planner (Cao),data/google_planner/da-lat/Keyword Stats 2026-02-23 at 00_28_27.csv,"Tạo landing chuyển đổi (giá/vé/đặt chỗ), gom vào cluster page + build backlink nội bộ",B,3750.0,0%,0
khách sạn tốt giá rẻ ở đà lạt,Khách sạn Đà Lạt,Lưu trú,In-scope Đà Lạt,Transaction,50,N/A,N/A,N/A,Planner (Cao),data/google_planner/da-lat/Keyword Stats 2026-02-23 at 00_28_27.csv,"Tạo landing chuyển đổi (giá/vé/đặt chỗ), gom vào cluster page + build backlink nội bộ",B,3750.0,0%,0
khách sạn view đẹp giá rẻ ở đà lạt,Khách sạn Đà Lạt,Lưu trú,In-scope Đà Lạt,Transaction,50,N/A,N/A,N/A,Planner (Cao),data/google_planner/da-lat/Keyword Stats 2026-02-23 at 00_28_27.csv,"Tạo landing chuyển đổi (giá/vé/đặt chỗ), gom vào cluster page + build backlink nội bộ",B,3750.0,0%,0
khách sạn đẹp giá rẻ ở đà lạt,Khách sạn Đà Lạt,Lưu trú,In-scope Đà Lạt,Transaction,50,N/A,N/A,N/A,Planner (Cao),data/google_planner/da-lat/Keyword Stats 2026-02-23 at 00_28_27.csv,"Tạo landing chuyển đổi (giá/vé/đặt chỗ), gom vào cluster page + build backlink nội bộ",B,3750.0,0%,0
khách sạn đẹp ở đà lạt giá rẻ,Khách sạn Đà Lạt,Lưu trú,In-scope Đà Lạt,Transaction,50,N/A,N/A,N/A,Planner (Cao),data/google_planner/da-lat/Keyword Stats 2026-02-23 at 00_28_27.csv,"Tạo landing chuyển đổi (giá/vé/đặt chỗ), gom vào cluster page + build backlink nội bộ",B,3750.0,0%,0
khách sạn ở đà lạt gần trung tâm giá rẻ,Khách sạn Đà Lạt,Lưu trú,In-scope Đà Lạt,Transaction,50,N/A,N/A,N/A,Planner (Thấp),data/google_planner/da-lat/Keyword Stats 2026-02-23 at 00_28_27.csv,"Tạo landing chuyển đổi (giá/vé/đặt chỗ), gom vào cluster page + build backlink nội bộ",B,3750.0,0%,0
kinh nghiệm thuê khách sạn ở đà lạt,Khách sạn Đà Lạt,Lưu trú,In-scope Đà Lạt,Transaction,50,N/A,N/A,N/A,Planner (Cao),data/google_planner/da-lat/Keyword Stats 2026-02-23 at 00_28_27.csv,"Tạo landing chuyển đổi (giá/vé/đặt chỗ), gom vào cluster page + build backlink nội bộ",B,3750.0,0%,0
nhà nghỉ khách sạn giá rẻ ở đà lạt,Khách sạn Đà Lạt,Lưu trú,In-scope Đà Lạt,Transaction,50,N/A,N/A,N/A,Planner (Không xác định),data/google_planner/da-lat/Keyword Stats 2026-02-23 at 00_28_27.csv,"Tạo landing chuyển đổi (giá/vé/đặt chỗ), gom vào cluster page + build backlink nội bộ",B,3750.0,-100.0%,0
nhà nghỉ thuê theo giờ ở đà lạt,Khách sạn Đà Lạt,Lưu trú,In-scope Đà Lạt,Transaction,50,N/A,N/A,N/A,Planner (Cao),data/google_planner/da-lat/Keyword Stats 2026-02-23 at 00_28_27.csv,"Tạo landing chuyển đổi (giá/vé/đặt chỗ), gom vào cluster page + build backlink nội bộ",B,3750.0,0%,0
những khách sạn giá rẻ ở đà lạt,Khách sạn Đà Lạt,Lưu trú,In-scope Đà Lạt,Transaction,50,N/A,N/A,N/A,Planner (Không xác định),data/google_planner/da-lat/Keyword Stats 2026-02-23 at 00_28_27.csv,"Tạo landing chuyển đổi (giá/vé/đặt chỗ), gom vào cluster page + build backlink nội bộ",B,3750.0,-100.0%,0
nên thuê khách sạn nào ở đà lạt,Khách sạn Đà Lạt,Lưu trú,In-scope Đà Lạt,Transaction,50,N/A,N/A,N/A,Planner (Cao),data/google_planner/da-lat/Keyword Stats 2026-02-23 at 00_28_27.csv,"Tạo landing chuyển đổi (giá/vé/đặt chỗ), gom vào cluster page + build backlink nội bộ",B,3750.0,0%,0
phòng khách sạn giá rẻ tại đà lạt,Khách sạn Đà Lạt,Lưu trú,In-scope Đà Lạt,Transaction,50,N/A,N/A,N/A,Planner (Không xác định),data/google_planner/da-lat/Keyword Stats 2026-02-23 at 00_28_27.csv,"Tạo landing chuyển đổi (giá/vé/đặt chỗ), gom vào cluster page + build backlink nội bộ",B,3750.0,-100.0%,0
thue khach san o da lat,Khách sạn Đà Lạt,Lưu trú,In-scope Đà Lạt,Transaction,50,N/A,N/A,N/A,Planner (Không xác định),data/google_planner/da-lat/Keyword Stats 2026-02-23 at 00_28_27.csv,"Tạo landing chuyển đổi (giá/vé/đặt chỗ), gom vào cluster page + build backlink nội bộ",B,3750.0,0%,0
thuê khách sạn giá rẻ ở đà lạt,Khách sạn Đà Lạt,Lưu trú,In-scope Đà Lạt,Transaction,50,N/A,N/A,N/A,Planner (Không xác định),data/google_planner/da-lat/Keyword Stats 2026-02-23 at 00_28_27.csv,"Tạo landing chuyển đổi (giá/vé/đặt chỗ), gom vào cluster page + build backlink nội bộ",B,3750.0,-100.0%,0
thuê nhà nghỉ ở đà lạt,Khách sạn Đà Lạt,Lưu trú,In-scope Đà Lạt,Transaction,50,N/A,N/A,N/A,Planner (Trung bình),data/google_planner/da-lat/Keyword Stats 2026-02-23 at 00_28_27.csv,"Tạo landing chuyển đổi (giá/vé/đặt chỗ), gom vào cluster page + build backlink nội bộ",B,3750.0,0%,0
top khách sạn giá rẻ ở đà lạt,Khách sạn Đà Lạt,Lưu trú,In-scope Đà Lạt,Transaction,50,N/A,N/A,N/A,Planner (Không xác định),data/google_planner/da-lat/Keyword Stats 2026-02-23 at 00_28_27.csv,"Tạo landing chuyển đổi (giá/vé/đặt chỗ), gom vào cluster page + build backlink nội bộ",B,3750.0,-100.0%,0
đặt khách sạn giá rẻ ở đà lạt,Khách sạn Đà Lạt,Lưu trú,In-scope Đà Lạt,Transaction,50,N/A,N/A,N/A,Planner (Không xác định),data/google_planner/da-lat/Keyword Stats 2026-02-23 at 00_28_27.csv,"Tạo landing chuyển đổi (giá/vé/đặt chỗ), gom vào cluster page + build backlink nội bộ",B,3750.0,-100.0%,0
đặt khách sạn ở đà lạt giá rẻ,Khách sạn Đà Lạt,Lưu trú,In-scope Đà Lạt,Transaction,50,N/A,N/A,N/A,Planner (Không xác định),data/google_planner/da-lat/Keyword Stats 2026-02-23 at 00_28_27.csv,"Tạo landing chuyển đổi (giá/vé/đặt chỗ), gom vào cluster page + build backlink nội bộ",B,3750.0,0%,0
đặt phòng khách sạn giá rẻ đà lạt,Khách sạn Đà Lạt,Lưu trú,In-scope Đà Lạt,Transaction,50,N/A,N/A,N/A,Planner (Cao),data/google_planner/da-lat/Keyword Stats 2026-02-23 at 00_28_27.csv,"Tạo landing chuyển đổi (giá/vé/đặt chỗ), gom vào cluster page + build backlink nội bộ",B,3750.0,0%,0
đặt phòng khách sạn giá rẻ ở đà lạt,Khách sạn Đà Lạt,Lưu trú,In-scope Đà Lạt,Transaction,50,N/A,N/A,N/A,Planner (Không xác định),data/google_planner/da-lat/Keyword Stats 2026-02-23 at 00_28_27.csv,"Tạo landing chuyển đổi (giá/vé/đặt chỗ), gom vào cluster page + build backlink nội bộ",B,3750.0,0%,0
đặt phòng khách sạn đà lạt booking,Khách sạn Đà Lạt,Lưu trú,In-scope Đà Lạt,Transaction,50,N/A,N/A,N/A,Planner (Không xác định),data/google_planner/da-lat/Keyword Stats 2026-02-23 at 00_28_27.csv,"Tạo landing chuyển đổi (giá/vé/đặt chỗ), gom vào cluster page + build backlink nội bộ",B,3750.0,-100.0%,0
đạt phòng khách sạn đà lạt,Khách sạn Đà Lạt,Lưu trú,In-scope Đà Lạt,Transaction,50,N/A,N/A,N/A,Planner (Cao),data/google_planner/da-lat/Keyword Stats 2026-02-23 at 00_28_27.csv,"Tạo landing chuyển đổi (giá/vé/đặt chỗ), gom vào cluster page + build backlink nội bộ",B,3750.0,0%,0
nhà nghỉ rẻ ở đà lạt,Khách sạn Đà Lạt,Lưu trú,In-scope Đà Lạt,Transaction,50,N/A,N/A,N/A,Planner (Cao),data/google_planner/da-lat/Keyword Stats 2026-02-23 at 00_28_27.csv,"Tạo landing chuyển đổi (giá/vé/đặt chỗ), gom vào cluster page + build backlink nội bộ",B,3750.0,0%,0
cách đặt phòng khách sạn ở đà lạt,Khách sạn Đà Lạt,Lưu trú,In-scope Đà Lạt,Transaction,50,N/A,N/A,N/A,Planner (Cao),data/google_planner/da-lat/Keyword Stats 2026-02-23 at 00_28_27.csv,"Tạo landing chuyển đổi (giá/vé/đặt chỗ), gom vào cluster page + build backlink nội bộ",B,3750.0,0%,0
khách sạn ở đà lạt có view đẹp,Khách sạn Đà Lạt,Lưu trú,In-scope Đà Lạt,Transaction,50,N/A,N/A,N/A,Planner (Cao),data/google_planner/da-lat/Keyword Stats 2026-02-23 at 00_28_27.csv,"Tạo landing chuyển đổi (giá/vé/đặt chỗ), gom vào cluster page + build backlink nội bộ",B,3750.0,0%,0
agoda khach san da lat,Khách sạn Đà Lạt,Lưu trú,In-scope Đà Lạt,Transaction,50,N/A,N/A,N/A,Planner (Cao),data/google_planner/da-lat/Keyword Stats 2026-02-23 at 00_28_27.csv,"Tạo landing chuyển đổi (giá/vé/đặt chỗ), gom vào cluster page + build backlink nội bộ",B,3750.0,0%,0
binly hotel đà lạt,Khách sạn Đà Lạt,Lưu trú,In-scope Đà Lạt,Transaction,50,N/A,N/A,N/A,Planner (Không xác định),data/google_planner/da-lat/Keyword Stats 2026-02-23 at 00_28_27.csv,"Tạo landing chuyển đổi (giá/vé/đặt chỗ), gom vào cluster page + build backlink nội bộ",B,3750.0,0%,0
cac khach san o da lat,Khách sạn Đà Lạt,Lưu trú,In-scope Đà Lạt,Transaction,50,N/A,N/A,N/A,Planner (Trung bình),data/google_planner/da-lat/Keyword Stats 2026-02-23 at 00_28_27.csv,"Tạo landing chuyển đổi (giá/vé/đặt chỗ), gom vào cluster page + build backlink nội bộ",B,3750.0,0%,0
chọn khách sạn ở đà lạt,Khách sạn Đà Lạt,Lưu trú,In-scope Đà Lạt,Transaction,50,N/A,N/A,N/A,Planner (Cao),data/google_planner/da-lat/Keyword Stats 2026-02-23 at 00_28_27.csv,"Tạo landing chuyển đổi (giá/vé/đặt chỗ), gom vào cluster page + build backlink nội bộ",B,3750.0,0%,0
con đường nhiều khách sạn ở đà lạt,Khách sạn Đà Lạt,Lưu trú,In-scope Đà Lạt,Transaction,50,N/A,N/A,N/A,Planner (Trung bình),data/google_planner/da-lat/Keyword Stats 2026-02-23 at 00_28_27.csv,"Tạo landing chuyển đổi (giá/vé/đặt chỗ), gom vào cluster page + build backlink nội bộ",B,3750.0,0%,0
các hotel đẹp ở đà lạt,Khách sạn Đà Lạt,Lưu trú,In-scope Đà Lạt,Transaction,50,N/A,N/A,N/A,Planner (Không xác định),data/google_planner/da-lat/Keyword Stats 2026-02-23 at 00_28_27.csv,"Tạo landing chuyển đổi (giá/vé/đặt chỗ), gom vào cluster page + build backlink nội bộ",B,3750.0,-100.0%,0
các khách sạn 3 sao tại đà lạt,Khách sạn Đà Lạt,Lưu trú,In-scope Đà Lạt,Transaction,50,N/A,N/A,N/A,Planner (Cao),data/google_planner/da-lat/Keyword Stats 2026-02-23 at 00_28_27.csv,"Tạo landing chuyển đổi (giá/vé/đặt chỗ), gom vào cluster page + build backlink nội bộ",B,3750.0,0%,0
các khách sạn có bồn tắm ở đà lạt,Khách sạn Đà Lạt,Lưu trú,In-scope Đà Lạt,Transaction,50,N/A,N/A,N/A,Planner (Không xác định),data/google_planner/da-lat/Keyword Stats 2026-02-23 at 00_28_27.csv,"Tạo landing chuyển đổi (giá/vé/đặt chỗ), gom vào cluster page + build backlink nội bộ",B,3750.0,-100.0%,0
các khách sạn view đẹp ở đà lạt,Khách sạn Đà Lạt,Lưu trú,In-scope Đà Lạt,Transaction,50,N/A,N/A,N/A,Planner (Trung bình),data/google_planner/da-lat/Keyword Stats 2026-02-23 at 00_28_27.csv,"Tạo landing chuyển đổi (giá/vé/đặt chỗ), gom vào cluster page + build backlink nội bộ",B,3750.0,0%,0
các khách sạn đẹp tại đà lạt,Khách sạn Đà Lạt,Lưu trú,In-scope Đà Lạt,Transaction,50,N/A,N/A,N/A,Planner (Không xác định),data/google_planner/da-lat/Keyword Stats 2026-02-23 at 00_28_27.csv,"Tạo landing chuyển đổi (giá/vé/đặt chỗ), gom vào cluster page + build backlink nội bộ",B,3750.0,-100.0%,0
các khách sạn ở gần chợ đà lạt,Khách sạn Đà Lạt,Lưu trú,In-scope Đà Lạt,Transaction,50,N/A,N/A,N/A,Planner (Không xác định),data/google_planner/da-lat/Keyword Stats 2026-02-23 at 00_28_27.csv,"Tạo landing chuyển đổi (giá/vé/đặt chỗ), gom vào cluster page + build backlink nội bộ",B,3750.0,-100.0%,0
các khách sạn ở gần hồ xuân hương đà lạt,Khách sạn Đà Lạt,Lưu trú,In-scope Đà Lạt,Transaction,50,N/A,N/A,N/A,Planner (Thấp),data/google_planner/da-lat/Keyword Stats 2026-02-23 at 00_28_27.csv,"Tạo landing chuyển đổi (giá/vé/đặt chỗ), gom vào cluster page + build backlink nội bộ",B,3750.0,0%,0
các khách sạn ở đà lạt gần chợ,Khách sạn Đà Lạt,Lưu trú,In-scope Đà Lạt,Transaction,50,N/A,N/A,N/A,Planner (Không xác định),data/google_planner/da-lat/Keyword Stats 2026-02-23 at 00_28_27.csv,"Tạo landing chuyển đổi (giá/vé/đặt chỗ), gom vào cluster page + build backlink nội bộ",B,3750.0,-100.0%,0
các khách sạn ở đà lạt gần chợ đêm,Khách sạn Đà Lạt,Lưu trú,In-scope Đà Lạt,Transaction,50,N/A,N/A,N/A,Planner (Không xác định),data/google_planner/da-lat/Keyword Stats 2026-02-23 at 00_28_27.csv,"Tạo landing chuyển đổi (giá/vé/đặt chỗ), gom vào cluster page + build backlink nội bộ",B,3750.0,-100.0%,0
các khách sạn ở đà lạt gần hồ xuân hương,Khách sạn Đà Lạt,Lưu trú,In-scope Đà Lạt,Transaction,50,N/A,N/A,N/A,Planner (Không xác định),data/google_planner/da-lat/Keyword Stats 2026-02-23 at 00_28_27.csv,"Tạo landing chuyển đổi (giá/vé/đặt chỗ), gom vào cluster page + build backlink nội bộ",B,3750.0,-100.0%,0
các khách sạn ở đà lạt đẹp,Khách sạn Đà Lạt,Lưu trú,In-scope Đà Lạt,Transaction,50,N/A,N/A,N/A,Planner (Không xác định),data/google_planner/da-lat/Keyword Stats 2026-02-23 at 00_28_27.csv,"Tạo landing chuyển đổi (giá/vé/đặt chỗ), gom vào cluster page + build backlink nội bộ",B,3750.0,-100.0%,0
các khách sạn ở đường bùi thị xuân đà lạt,Khách sạn Đà Lạt,Lưu trú,In-scope Đà Lạt,Transaction,50,N/A,N/A,N/A,Planner (Cao),data/google_planner/da-lat/Keyword Stats 2026-02-23 at 00_28_27.csv,"Tạo landing chuyển đổi (giá/vé/đặt chỗ), gom vào cluster page + build backlink nội bộ",B,3750.0,0%,0
các khách sạn ở đường nguyễn chí thanh đà lạt,Khách sạn Đà Lạt,Lưu trú,In-scope Đà Lạt,Transaction,50,N/A,N/A,N/A,Planner (Không xác định),data/google_planner/da-lat/Keyword Stats 2026-02-23 at 00_28_27.csv,"Tạo landing chuyển đổi (giá/vé/đặt chỗ), gom vào cluster page + build backlink nội bộ",B,3750.0,-100.0%,0
các nhà nghỉ ở đà lạt,Khách sạn Đà Lạt,Lưu trú,In-scope Đà Lạt,Transaction,50,N/A,N/A,N/A,Planner (Cao),data/google_planner/da-lat/Keyword Stats 2026-02-23 at 00_28_27.csv,"Tạo landing chuyển đổi (giá/vé/đặt chỗ), gom vào cluster page + build backlink nội bộ",B,3750.0,0%,0
danh sách khách sạn 3 sao tại đà lạt,Khách sạn Đà Lạt,Lưu trú,In-scope Đà Lạt,Transaction,50,N/A,N/A,N/A,Planner (Không xác định),data/google_planner/da-lat/Keyword Stats 2026-02-23 at 00_28_27.csv,"Tạo landing chuyển đổi (giá/vé/đặt chỗ), gom vào cluster page + build backlink nội bộ",B,3750.0,-100.0%,0
danh sách khách sạn ở đà lạt,Khách sạn Đà Lạt,Lưu trú,In-scope Đà Lạt,Transaction,50,N/A,N/A,N/A,Planner (Cao),data/google_planner/da-lat/Keyword Stats 2026-02-23 at 00_28_27.csv,"Tạo landing chuyển đổi (giá/vé/đặt chỗ), gom vào cluster page + build backlink nội bộ",B,3750.0,0%,0
du lịch đà lạt ở khách sạn nào,Khách sạn Đà Lạt,Lưu trú,In-scope Đà Lạt,Transaction,50,N/A,N/A,N/A,Planner (Không xác định),data/google_planner/da-lat/Keyword Stats 2026-02-23 at 00_28_27.csv,"Tạo landing chuyển đổi (giá/vé/đặt chỗ), gom vào cluster page + build backlink nội bộ",B,3750.0,-100.0%,0
dịch vụ đặt phòng khách sạn tại đà lạt,Khách sạn Đà Lạt,Lưu trú,In-scope Đà Lạt,Transaction,50,N/A,N/A,N/A,Planner (Không xác định),data/google_planner/da-lat/Keyword Stats 2026-02-23 at 00_28_27.csv,"Tạo landing chuyển đổi (giá/vé/đặt chỗ), gom vào cluster page + build backlink nội bộ",B,3750.0,0%,0
hotel o dalat,Khách sạn Đà Lạt,Lưu trú,In-scope Đà Lạt,Transaction,50,N/A,N/A,N/A,Planner (Trung bình),data/google_planner/da-lat/Keyword Stats 2026-02-23 at 00_28_27.csv,"Tạo landing chuyển đổi (giá/vé/đặt chỗ), gom vào cluster page + build backlink nội bộ",B,3750.0,0%,0
hotel tại đà lạt,Khách sạn Đà Lạt,Lưu trú,In-scope Đà Lạt,Transaction,50,N/A,N/A,N/A,Planner (Cao),data/google_planner/da-lat/Keyword Stats 2026-02-23 at 00_28_27.csv,"Tạo landing chuyển đổi (giá/vé/đặt chỗ), gom vào cluster page + build backlink nội bộ",B,3750.0,0%,0
hotel đẹp ở đà lạt,Khách sạn Đà Lạt,Lưu trú,In-scope Đà Lạt,Transaction,50,N/A,N/A,N/A,Planner (Cao),data/google_planner/da-lat/Keyword Stats 2026-02-23 at 00_28_27.csv,"Tạo landing chuyển đổi (giá/vé/đặt chỗ), gom vào cluster page + build backlink nội bộ",B,3750.0,0%,0
hệ thống khách sạn accor tại đà lạt,Khách sạn Đà Lạt,Lưu trú,In-scope Đà Lạt,Transaction,50,N/A,N/A,N/A,Planner (Cao),data/google_planner/da-lat/Keyword Stats 2026-02-23 at 00_28_27.csv,"Tạo landing chuyển đổi (giá/vé/đặt chỗ), gom vào cluster page + build backlink nội bộ",B,3750.0,0%,0
khach san 2 sao o da lat,Khách sạn Đà Lạt,Lưu trú,In-scope Đà Lạt,Transaction,50,N/A,N/A,N/A,Planner (Không xác định),data/google_planner/da-lat/Keyword Stats 2026-02-23 at 00_28_27.csv,"Tạo landing chuyển đổi (giá/vé/đặt chỗ), gom vào cluster page + build backlink nội bộ",B,3750.0,-100.0%,0
khach san 3 sao o da lat,Khách sạn Đà Lạt,Lưu trú,In-scope Đà Lạt,Transaction,50,N/A,N/A,N/A,Planner (Cao),data/google_planner/da-lat/Keyword Stats 2026-02-23 at 00_28_27.csv,"Tạo landing chuyển đổi (giá/vé/đặt chỗ), gom vào cluster page + build backlink nội bộ",B,3750.0,0%,0
khach san 3 sao o dalat,Khách sạn Đà Lạt,Lưu trú,In-scope Đà Lạt,Transaction,50,N/A,N/A,N/A,Planner (Không xác định),data/google_planner/da-lat/Keyword Stats 2026-02-23 at 00_28_27.csv,"Tạo landing chuyển đổi (giá/vé/đặt chỗ), gom vào cluster page + build backlink nội bộ",B,3750.0,-100.0%,0
khach san bich dao dalat,Khách sạn Đà Lạt,Lưu trú,In-scope Đà Lạt,Transaction,50,N/A,N/A,N/A,Planner (Cao),data/google_planner/da-lat/Keyword Stats 2026-02-23 at 00_28_27.csv,"Tạo landing chuyển đổi (giá/vé/đặt chỗ), gom vào cluster page + build backlink nội bộ",B,3750.0,0%,0
khach san binh dan o da lat,Khách sạn Đà Lạt,Lưu trú,In-scope Đà Lạt,Transaction,50,N/A,N/A,N/A,Planner (Không xác định),data/google_planner/da-lat/Keyword Stats 2026-02-23 at 00_28_27.csv,"Tạo landing chuyển đổi (giá/vé/đặt chỗ), gom vào cluster page + build backlink nội bộ",B,3750.0,0%,0
khach san da lat agoda,Khách sạn Đà Lạt,Lưu trú,In-scope Đà Lạt,Transaction,50,N/A,N/A,N/A,Planner (Trung bình),data/google_planner/da-lat/Keyword Stats 2026-02-23 at 00_28_27.csv,"Tạo landing chuyển đổi (giá/vé/đặt chỗ), gom vào cluster page + build backlink nội bộ",B,3750.0,0%,0
khach san dep tai da lat,Khách sạn Đà Lạt,Lưu trú,In-scope Đà Lạt,Transaction,50,N/A,N/A,N/A,Planner (Trung bình),data/google_planner/da-lat/Keyword Stats 2026-02-23 at 00_28_27.csv,"Tạo landing chuyển đổi (giá/vé/đặt chỗ), gom vào cluster page + build backlink nội bộ",B,3750.0,0%,0
khach san hoang minh chau o da lat,Khách sạn Đà Lạt,Lưu trú,In-scope Đà Lạt,Transaction,50,N/A,N/A,N/A,Planner (Không xác định),data/google_planner/da-lat/Keyword Stats 2026-02-23 at 00_28_27.csv,"Tạo landing chuyển đổi (giá/vé/đặt chỗ), gom vào cluster page + build backlink nội bộ",B,3750.0,0%,0
khach san hoang viet 2 o da lat,Khách sạn Đà Lạt,Lưu trú,In-scope Đà Lạt,Transaction,50,N/A,N/A,N/A,Planner (Cao),data/google_planner/da-lat/Keyword Stats 2026-02-23 at 00_28_27.csv,"Tạo landing chuyển đổi (giá/vé/đặt chỗ), gom vào cluster page + build backlink nội bộ",B,3750.0,0%,0
khach san marguerite o dalat,Khách sạn Đà Lạt,Lưu trú,In-scope Đà Lạt,Transaction,50,N/A,N/A,N/A,Planner (Trung bình),data/google_planner/da-lat/Keyword Stats 2026-02-23 at 00_28_27.csv,"Tạo landing chuyển đổi (giá/vé/đặt chỗ), gom vào cluster page + build backlink nội bộ",B,3750.0,0%,0
khach san moi xay o da lat,Khách sạn Đà Lạt,Lưu trú,In-scope Đà Lạt,Transaction,50,N/A,N/A,N/A,Planner (Cao),data/google_planner/da-lat/Keyword Stats 2026-02-23 at 00_28_27.csv,"Tạo landing chuyển đổi (giá/vé/đặt chỗ), gom vào cluster page + build backlink nội bộ",B,3750.0,0%,0
khach san nice dream o dalat,Khách sạn Đà Lạt,Lưu trú,In-scope Đà Lạt,Transaction,50,N/A,N/A,N/A,Planner (Cao),data/google_planner/da-lat/Keyword Stats 2026-02-23 at 00_28_27.csv,"Tạo landing chuyển đổi (giá/vé/đặt chỗ), gom vào cluster page + build backlink nội bộ",B,3750.0,0%,0
khach san noi tieng o da lat,Khách sạn Đà Lạt,Lưu trú,In-scope Đà Lạt,Transaction,50,N/A,N/A,N/A,Planner (Không xác định),data/google_planner/da-lat/Keyword Stats 2026-02-23 at 00_28_27.csv,"Tạo landing chuyển đổi (giá/vé/đặt chỗ), gom vào cluster page + build backlink nội bộ",B,3750.0,-100.0%,0
khach san o da lat co may lanh khong,Khách sạn Đà Lạt,Lưu trú,In-scope Đà Lạt,Transaction,50,N/A,N/A,N/A,Planner (Không xác định),data/google_planner/da-lat/Keyword Stats 2026-02-23 at 00_28_27.csv,"Tạo landing chuyển đổi (giá/vé/đặt chỗ), gom vào cluster page + build backlink nội bộ",B,3750.0,0%,0
khach san o da lat co view dep,Khách sạn Đà Lạt,Lưu trú,In-scope Đà Lạt,Transaction,50,N/A,N/A,N/A,Planner (Cao),data/google_planner/da-lat/Keyword Stats 2026-02-23 at 00_28_27.csv,"Tạo landing chuyển đổi (giá/vé/đặt chỗ), gom vào cluster page + build backlink nội bộ",B,3750.0,0%,0
khach san o ho tuyen lam dalat,Khách sạn Đà Lạt,Lưu trú,In-scope Đà Lạt,Transaction,50,N/A,N/A,N/A,Planner (Cao),data/google_planner/da-lat/Keyword Stats 2026-02-23 at 00_28_27.csv,"Tạo landing chuyển đổi (giá/vé/đặt chỗ), gom vào cluster page + build backlink nội bộ",B,3750.0,0%,0
khach san o trung tam da lat,Khách sạn Đà Lạt,Lưu trú,In-scope Đà Lạt,Transaction,50,N/A,N/A,N/A,Planner (Cao),data/google_planner/da-lat/Keyword Stats 2026-02-23 at 00_28_27.csv,"Tạo landing chuyển đổi (giá/vé/đặt chỗ), gom vào cluster page + build backlink nội bộ",B,3750.0,0%,0
khach san phuong chi da lat,Khách sạn Đà Lạt,Lưu trú,In-scope Đà Lạt,Transaction,50,N/A,N/A,N/A,Planner (Không xác định),data/google_planner/da-lat/Keyword Stats 2026-02-23 at 00_28_27.csv,"Tạo landing chuyển đổi (giá/vé/đặt chỗ), gom vào cluster page + build backlink nội bộ",B,3750.0,-100.0%,0
khach san re o da lat,Khách sạn Đà Lạt,Lưu trú,In-scope Đà Lạt,Transaction,50,N/A,N/A,N/A,Planner (Cao),data/google_planner/da-lat/Keyword Stats 2026-02-23 at 00_28_27.csv,"Tạo landing chuyển đổi (giá/vé/đặt chỗ), gom vào cluster page + build backlink nội bộ",B,3750.0,0%,0
khach san rum vang 2 o da lat,Khách sạn Đà Lạt,Lưu trú,In-scope Đà Lạt,Transaction,50,N/A,N/A,N/A,Planner (Không xác định),data/google_planner/da-lat/Keyword Stats 2026-02-23 at 00_28_27.csv,"Tạo landing chuyển đổi (giá/vé/đặt chỗ), gom vào cluster page + build backlink nội bộ",B,3750.0,0%,0
khach san view dep o da lat,Khách sạn Đà Lạt,Lưu trú,In-scope Đà Lạt,Transaction,50,N/A,N/A,N/A,Planner (Cao),data/google_planner/da-lat/Keyword Stats 2026-02-23 at 00_28_27.csv,"Tạo landing chuyển đổi (giá/vé/đặt chỗ), gom vào cluster page + build backlink nội bộ",B,3750.0,0%,0
khach san vyvy dalat,Khách sạn Đà Lạt,Lưu trú,In-scope Đà Lạt,Transaction,50,N/A,N/A,N/A,Planner (Không xác định),data/google_planner/da-lat/Keyword Stats 2026-02-23 at 00_28_27.csv,"Tạo landing chuyển đổi (giá/vé/đặt chỗ), gom vào cluster page + build backlink nội bộ",B,3750.0,-100.0%,0
khách sạn 198 ở đà lạt,Khách sạn Đà Lạt,Lưu trú,In-scope Đà Lạt,Transaction,50,N/A,N/A,N/A,Planner (Thấp),data/google_planner/da-lat/Keyword Stats 2026-02-23 at 00_28_27.csv,"Tạo landing chuyển đổi (giá/vé/đặt chỗ), gom vào cluster page + build backlink nội bộ",B,3750.0,0%,0
khách sạn 2 sao tại đà lạt,Khách sạn Đà Lạt,Lưu trú,In-scope Đà Lạt,Transaction,50,N/A,N/A,N/A,Planner (Thấp),data/google_planner/da-lat/Keyword Stats 2026-02-23 at 00_28_27.csv,"Tạo landing chuyển đổi (giá/vé/đặt chỗ), gom vào cluster page + build backlink nội bộ",B,3750.0,0%,0
khách sạn 2 sao ở đà lạt gần chợ,Khách sạn Đà Lạt,Lưu trú,In-scope Đà Lạt,Transaction,50,N/A,N/A,N/A,Planner (Cao),data/google_planner/da-lat/Keyword Stats 2026-02-23 at 00_28_27.csv,"Tạo landing chuyển đổi (giá/vé/đặt chỗ), gom vào cluster page + build backlink nội bộ",B,3750.0,0%,0
khách sạn 3 sao đẹp ở đà lạt,Khách sạn Đà Lạt,Lưu trú,In-scope Đà Lạt,Transaction,50,N/A,N/A,N/A,Planner (Cao),data/google_planner/da-lat/Keyword Stats 2026-02-23 at 00_28_27.csv,"Tạo landing chuyển đổi (giá/vé/đặt chỗ), gom vào cluster page + build backlink nội bộ",B,3750.0,0%,0
di da lat nen o khach san nao,Khách sạn Đà Lạt,Lưu trú,In-scope Đà Lạt,Commercial Investigation,50,N/A,N/A,N/A,Planner (Không xác định),data/google_planner/da-lat/Keyword Stats 2026-02-23 at 00_28_27.csv,Viết bài top-list/so sánh; map vào cluster hub; bổ sung schema + ảnh/UGC,B,3750.0,-100.0%,0
du lịch đà lạt nên ở khách sạn nào,Khách sạn Đà Lạt,Lưu trú,In-scope Đà Lạt,Commercial Investigation,50,N/A,N/A,N/A,Planner (Không xác định),data/google_planner/da-lat/Keyword Stats 2026-02-23 at 00_28_27.csv,Viết bài top-list/so sánh; map vào cluster hub; bổ sung schema + ảnh/UGC,B,3750.0,-100.0%,0
khach san tot nhat o da lat,Khách sạn Đà Lạt,Lưu trú,In-scope Đà Lạt,Commercial Investigation,50,N/A,N/A,N/A,Planner (Không xác định),data/google_planner/da-lat/Keyword Stats 2026-02-23 at 00_28_27.csv,Viết bài top-list/so sánh; map vào cluster hub; bổ sung schema + ảnh/UGC,B,3750.0,-100.0%,0
khách sạn anh đào ở đà lạt,Khách sạn Đà Lạt,Lưu trú,In-scope Đà Lạt,Commercial Investigation,50,N/A,N/A,N/A,Planner (Không xác định),data/google_planner/da-lat/Keyword Stats 2026-02-23 at 00_28_27.csv,Viết bài top-list/so sánh; map vào cluster hub; bổ sung schema + ảnh/UGC,B,3750.0,-100.0%,0
khách sạn anna sương ở đà lạt,Khách sạn Đà Lạt,Lưu trú,In-scope Đà Lạt,Commercial Investigation,50,N/A,N/A,N/A,Planner (Thấp),data/google_planner/da-lat/Keyword Stats 2026-02-23 at 00_28_27.csv,Viết bài top-list/so sánh; map vào cluster hub; bổ sung schema + ảnh/UGC,B,3750.0,0%,0
khách sạn beepub đà lạt,Khách sạn Đà Lạt,Lưu trú,In-scope Đà Lạt,Commercial Investigation,50,N/A,N/A,N/A,Planner (Không xác định),data/google_planner/da-lat/Keyword Stats 2026-02-23 at 00_28_27.csv,Viết bài top-list/so sánh; map vào cluster hub; bổ sung schema + ảnh/UGC,B,3750.0,-100.0%,0
khách sạn bình dân tại đà lạt,Khách sạn Đà Lạt,Lưu trú,In-scope Đà Lạt,Commercial Investigation,50,N/A,N/A,N/A,Planner (Cao),data/google_planner/da-lat/Keyword Stats 2026-02-23 at 00_28_27.csv,Viết bài top-list/so sánh; map vào cluster hub; bổ sung schema + ảnh/UGC,B,3750.0,0%,0
khách sạn bảy nghĩa ở đà lạt,Khách sạn Đà Lạt,Lưu trú,In-scope Đà Lạt,Commercial Investigation,50,N/A,N/A,N/A,Planner (Thấp),data/google_planner/da-lat/Keyword Stats 2026-02-23 at 00_28_27.csv,Viết bài top-list/so sánh; map vào cluster hub; bổ sung schema + ảnh/UGC,B,3750.0,-90.0%,0
khách sạn cho chó ở đà lạt,Khách sạn Đà Lạt,Lưu trú,In-scope Đà Lạt,Commercial Investigation,50,N/A,N/A,N/A,Planner (Thấp),data/google_planner/da-lat/Keyword Stats 2026-02-23 at 00_28_27.csv,Viết bài top-list/so sánh; map vào cluster hub; bổ sung schema + ảnh/UGC,B,3750.0,0%,0
khách sạn cho cặp đôi ở đà lạt,Khách sạn Đà Lạt,Lưu trú,In-scope Đà Lạt,Commercial Investigation,50,N/A,N/A,N/A,Planner (Thấp),data/google_planner/da-lat/Keyword Stats 2026-02-23 at 00_28_27.csv,Viết bài top-list/so sánh; map vào cluster hub; bổ sung schema + ảnh/UGC,B,3750.0,0%,0
khách sạn cho phép vật nuôi ở đà lạt,Khách sạn Đà Lạt,Lưu trú,In-scope Đà Lạt,Commercial Investigation,50,N/A,N/A,N/A,Planner (Trung bình),data/google_planner/da-lat/Keyword Stats 2026-02-23 at 00_28_27.csv,Viết bài top-list/so sánh; map vào cluster hub; bổ sung schema + ảnh/UGC,B,3750.0,0%,0
khách sạn conico đà lạt,Khách sạn Đà Lạt,Lưu trú,In-scope Đà Lạt,Commercial Investigation,50,N/A,N/A,N/A,Planner (Trung bình),data/google_planner/da-lat/Keyword Stats 2026-02-23 at 00_28_27.csv,Viết bài top-list/so sánh; map vào cluster hub; bổ sung schema + ảnh/UGC,B,3750.0,0%,0
khách sạn còn phòng ở đà lạt,Khách sạn Đà Lạt,Lưu trú,In-scope Đà Lạt,Commercial Investigation,50,N/A,N/A,N/A,Planner (Cao),data/google_planner/da-lat/Keyword Stats 2026-02-23 at 00_28_27.csv,Viết bài top-list/so sánh; map vào cluster hub; bổ sung schema + ảnh/UGC,B,3750.0,0%,0
khách sạn có ban công ở đà lạt,Khách sạn Đà Lạt,Lưu trú,In-scope Đà Lạt,Commercial Investigation,50,N/A,N/A,N/A,Planner (Không xác định),data/google_planner/da-lat/Keyword Stats 2026-02-23 at 00_28_27.csv,Viết bài top-list/so sánh; map vào cluster hub; bổ sung schema + ảnh/UGC,B,3750.0,-100.0%,0
khách sạn có bồn tắm nằm ở đà lạt,Khách sạn Đà Lạt,Lưu trú,In-scope Đà Lạt,Commercial Investigation,50,N/A,N/A,N/A,Planner (Không xác định),data/google_planner/da-lat/Keyword Stats 2026-02-23 at 00_28_27.csv,Viết bài top-list/so sánh; map vào cluster hub; bổ sung schema + ảnh/UGC,B,3750.0,-100.0%,0
khách sạn có bồn tắm tại đà lạt,Khách sạn Đà Lạt,Lưu trú,In-scope Đà Lạt,Commercial Investigation,50,N/A,N/A,N/A,Planner (Cao),data/google_planner/da-lat/Keyword Stats 2026-02-23 at 00_28_27.csv,Viết bài top-list/so sánh; map vào cluster hub; bổ sung schema + ảnh/UGC,B,3750.0,0%,0
khách sạn có bồn tắm đẹp ở đà lạt,Khách sạn Đà Lạt,Lưu trú,In-scope Đà Lạt,Commercial Investigation,50,N/A,N/A,N/A,Planner (Không xác định),data/google_planner/da-lat/Keyword Stats 2026-02-23 at 00_28_27.csv,Viết bài top-list/so sánh; map vào cluster hub; bổ sung schema + ảnh/UGC,B,3750.0,-100.0%,0
khách sạn có ghế tantra ở đà lạt,Khách sạn Đà Lạt,Lưu trú,In-scope Đà Lạt,Commercial Investigation,50,N/A,N/A,N/A,Planner (Không xác định),data/google_planner/da-lat/Keyword Stats 2026-02-23 at 00_28_27.csv,Viết bài top-list/so sánh; map vào cluster hub; bổ sung schema + ảnh/UGC,B,3750.0,-100.0%,0
khách sạn có lò sưởi ở đà lạt,Khách sạn Đà Lạt,Lưu trú,In-scope Đà Lạt,Commercial Investigation,50,N/A,N/A,N/A,Planner (Cao),data/google_planner/da-lat/Keyword Stats 2026-02-23 at 00_28_27.csv,Viết bài top-list/so sánh; map vào cluster hub; bổ sung schema + ảnh/UGC,B,3750.0,0%,0
khách sạn của bộ công an ở đà lạt,Khách sạn Đà Lạt,Lưu trú,In-scope Đà Lạt,Commercial Investigation,50,N/A,N/A,N/A,Planner (Không xác định),data/google_planner/da-lat/Keyword Stats 2026-02-23 at 00_28_27.csv,Viết bài top-list/so sánh; map vào cluster hub; bổ sung schema + ảnh/UGC,B,3750.0,0%,0
khách sạn của lý nhã kỳ ở đà lạt,Khách sạn Đà Lạt,Lưu trú,In-scope Đà Lạt,Commercial Investigation,50,N/A,N/A,N/A,Planner (Thấp),data/google_planner/da-lat/Keyword Stats 2026-02-23 at 00_28_27.csv,Viết bài top-list/so sánh; map vào cluster hub; bổ sung schema + ảnh/UGC,B,3750.0,0%,0
khách sạn dorm đà lạt,Khách sạn Đà Lạt,Lưu trú,In-scope Đà Lạt,Commercial Investigation,50,N/A,N/A,N/A,Planner (Cao),data/google_planner/da-lat/Keyword Stats 2026-02-23 at 00_28_27.csv,Viết bài top-list/so sánh; map vào cluster hub; bổ sung schema + ảnh/UGC,B,3750.0,0%,0
khách sạn dễ thương ở đà lạt,Khách sạn Đà Lạt,Lưu trú,In-scope Đà Lạt,Commercial Investigation,50,N/A,N/A,N/A,Planner (Không xác định),data/google_planner/da-lat/Keyword Stats 2026-02-23 at 00_28_27.csv,Viết bài top-list/so sánh; map vào cluster hub; bổ sung schema + ảnh/UGC,B,3750.0,-100.0%,0
khách sạn gần chợ đêm ở đà lạt,Khách sạn Đà Lạt,Lưu trú,In-scope Đà Lạt,Commercial Investigation,50,N/A,N/A,N/A,Planner (Không xác định),data/google_planner/da-lat/Keyword Stats 2026-02-23 at 00_28_27.csv,Viết bài top-list/so sánh; map vào cluster hub; bổ sung schema + ảnh/UGC,B,3750.0,0%,0
khách sạn hot ở đà lạt,Khách sạn Đà Lạt,Lưu trú,In-scope Đà Lạt,Commercial Investigation,50,N/A,N/A,N/A,Planner (Cao),data/google_planner/da-lat/Keyword Stats 2026-02-23 at 00_28_27.csv,Viết bài top-list/so sánh; map vào cluster hub; bổ sung schema + ảnh/UGC,B,3750.0,0%,0
khách sạn hải uyên ở đà lạt,Khách sạn Đà Lạt,Lưu trú,In-scope Đà Lạt,Commercial Investigation,50,N/A,N/A,N/A,Planner (Không xác định),data/google_planner/da-lat/Keyword Stats 2026-02-23 at 00_28_27.csv,Viết bài top-list/so sánh; map vào cluster hub; bổ sung schema + ảnh/UGC,B,3750.0,-100.0%,0
khách sạn kiểu pháp ở đà lạt,Khách sạn Đà Lạt,Lưu trú,In-scope Đà Lạt,Commercial Investigation,50,N/A,N/A,N/A,Planner (Trung bình),data/google_planner/da-lat/Keyword Stats 2026-02-23 at 00_28_27.csv,Viết bài top-list/so sánh; map vào cluster hub; bổ sung schema + ảnh/UGC,B,3750.0,0%,0
khách sạn kỳ lạ ở đà lạt,Khách sạn Đà Lạt,Lưu trú,In-scope Đà Lạt,Commercial Investigation,50,N/A,N/A,N/A,Planner (Thấp),data/google_planner/da-lat/Keyword Stats 2026-02-23 at 00_28_27.csv,Viết bài top-list/so sánh; map vào cluster hub; bổ sung schema + ảnh/UGC,B,3750.0,0%,0
khách sạn lê vũ ở đà lạt,Khách sạn Đà Lạt,Lưu trú,In-scope Đà Lạt,Commercial Investigation,50,N/A,N/A,N/A,Planner (Thấp),data/google_planner/da-lat/Keyword Stats 2026-02-23 at 00_28_27.csv,Viết bài top-list/so sánh; map vào cluster hub; bổ sung schema + ảnh/UGC,B,3750.0,0%,0
khách sạn lều ở đà lạt,Khách sạn Đà Lạt,Lưu trú,In-scope Đà Lạt,Commercial Investigation,50,N/A,N/A,N/A,Planner (Không xác định),data/google_planner/da-lat/Keyword Stats 2026-02-23 at 00_28_27.csv,Viết bài top-list/so sánh; map vào cluster hub; bổ sung schema + ảnh/UGC,B,3750.0,-100.0%,0
khách sạn mai thắng ở đà lạt,Khách sạn Đà Lạt,Lưu trú,In-scope Đà Lạt,Commercial Investigation,50,N/A,N/A,N/A,Planner (Trung bình),data/google_planner/da-lat/Keyword Stats 2026-02-23 at 00_28_27.csv,Viết bài top-list/so sánh; map vào cluster hub; bổ sung schema + ảnh/UGC,B,3750.0,0%,0
khách sạn mai vang ở đà lạt,Khách sạn Đà Lạt,Lưu trú,In-scope Đà Lạt,Commercial Investigation,50,N/A,N/A,N/A,Planner (Trung bình),data/google_planner/da-lat/Keyword Stats 2026-02-23 at 00_28_27.csv,Viết bài top-list/so sánh; map vào cluster hub; bổ sung schema + ảnh/UGC,B,3750.0,0%,0
khách sạn màu trắng ở đà lạt,Khách sạn Đà Lạt,Lưu trú,In-scope Đà Lạt,Commercial Investigation,50,N/A,N/A,N/A,Planner (Thấp),data/google_planner/da-lat/Keyword Stats 2026-02-23 at 00_28_27.csv,Viết bài top-list/so sánh; map vào cluster hub; bổ sung schema + ảnh/UGC,B,3750.0,0%,0
khách sạn màu đen ở đà lạt,Khách sạn Đà Lạt,Lưu trú,In-scope Đà Lạt,Commercial Investigation,50,N/A,N/A,N/A,Planner (Cao),data/google_planner/da-lat/Keyword Stats 2026-02-23 at 00_28_27.csv,Viết bài top-list/so sánh; map vào cluster hub; bổ sung schema + ảnh/UGC,B,3750.0,0%,0
khách sạn mây lang thang đà lạt,Khách sạn Đà Lạt,Lưu trú,In-scope Đà Lạt,Commercial Investigation,50,N/A,N/A,N/A,Planner (Trung bình),data/google_planner/da-lat/Keyword Stats 2026-02-23 at 00_28_27.csv,Viết bài top-list/so sánh; map vào cluster hub; bổ sung schema + ảnh/UGC,B,3750.0,0%,0
khách sạn nghỉ dưỡng ở đà lạt,Khách sạn Đà Lạt,Lưu trú,In-scope Đà Lạt,Commercial Investigation,50,N/A,N/A,N/A,Planner (Cao),data/google_planner/da-lat/Keyword Stats 2026-02-23 at 00_28_27.csv,Viết bài top-list/so sánh; map vào cluster hub; bổ sung schema + ảnh/UGC,B,3750.0,0%,0
khách sạn ngàn hoa ở đà lạt,Khách sạn Đà Lạt,Lưu trú,In-scope Đà Lạt,Commercial Investigation,50,N/A,N/A,N/A,Planner (Không xác định),data/google_planner/da-lat/Keyword Stats 2026-02-23 at 00_28_27.csv,Viết bài top-list/so sánh; map vào cluster hub; bổ sung schema + ảnh/UGC,B,3750.0,0%,0
khách sạn ngọc lan ở đà lạt,Khách sạn Đà Lạt,Lưu trú,In-scope Đà Lạt,Commercial Investigation,50,N/A,N/A,N/A,Planner (Không xác định),data/google_planner/da-lat/Keyword Stats 2026-02-23 at 00_28_27.csv,Viết bài top-list/so sánh; map vào cluster hub; bổ sung schema + ảnh/UGC,B,3750.0,-100.0%,0
khách sạn ngọc mai phú ở đà lạt,Khách sạn Đà Lạt,Lưu trú,In-scope Đà Lạt,Commercial Investigation,50,N/A,N/A,N/A,Planner (Cao),data/google_planner/da-lat/Keyword Stats 2026-02-23 at 00_28_27.csv,Viết bài top-list/so sánh; map vào cluster hub; bổ sung schema + ảnh/UGC,B,3750.0,-90.0%,0
khách sạn ngọc phát tại đà lạt,Khách sạn Đà Lạt,Lưu trú,In-scope Đà Lạt,Commercial Investigation,50,N/A,N/A,N/A,Planner (Thấp),data/google_planner/da-lat/Keyword Stats 2026-02-23 at 00_28_27.csv,Viết bài top-list/so sánh; map vào cluster hub; bổ sung schema + ảnh/UGC,B,3750.0,0%,0
khách sạn nhà nghỉ ở đà lạt,Khách sạn Đà Lạt,Lưu trú,In-scope Đà Lạt,Commercial Investigation,50,N/A,N/A,N/A,Planner (Không xác định),data/google_planner/da-lat/Keyword Stats 2026-02-23 at 00_28_27.csv,Viết bài top-list/so sánh; map vào cluster hub; bổ sung schema + ảnh/UGC,B,3750.0,-100.0%,0
khách sạn nào tốt ở đà lạt,Khách sạn Đà Lạt,Lưu trú,In-scope Đà Lạt,Commercial Investigation,50,N/A,N/A,N/A,Planner (Cao),data/google_planner/da-lat/Keyword Stats 2026-02-23 at 00_28_27.csv,Viết bài top-list/so sánh; map vào cluster hub; bổ sung schema + ảnh/UGC,B,3750.0,0%,0
khách sạn nào đẹp ở đà lạt,Khách sạn Đà Lạt,Lưu trú,In-scope Đà Lạt,Commercial Investigation,50,N/A,N/A,N/A,Planner (Cao),data/google_planner/da-lat/Keyword Stats 2026-02-23 at 00_28_27.csv,Viết bài top-list/so sánh; map vào cluster hub; bổ sung schema + ảnh/UGC,B,3750.0,0%,0
khách sạn nào ở đà lạt đẹp,Khách sạn Đà Lạt,Lưu trú,In-scope Đà Lạt,Commercial Investigation,50,N/A,N/A,N/A,Planner (Cao),data/google_planner/da-lat/Keyword Stats 2026-02-23 at 00_28_27.csv,Viết bài top-list/so sánh; map vào cluster hub; bổ sung schema + ảnh/UGC,B,3750.0,0%,0
khách sạn nên ở tại đà lạt,Khách sạn Đà Lạt,Lưu trú,In-scope Đà Lạt,Commercial Investigation,50,N/A,N/A,N/A,Planner (Không xác định),data/google_planner/da-lat/Keyword Stats 2026-02-23 at 00_28_27.csv,Viết bài top-list/so sánh; map vào cluster hub; bổ sung schema + ảnh/UGC,B,3750.0,0%,0
khách sạn phong cách châu âu ở đà lạt,Khách sạn Đà Lạt,Lưu trú,In-scope Đà Lạt,Commercial Investigation,50,N/A,N/A,N/A,Planner (Thấp),data/google_planner/da-lat/Keyword Stats 2026-02-23 at 00_28_27.csv,Viết bài top-list/so sánh; map vào cluster hub; bổ sung schema + ảnh/UGC,B,3750.0,0%,0
khách sạn phước đức ở đà lạt,Khách sạn Đà Lạt,Lưu trú,In-scope Đà Lạt,Commercial Investigation,50,N/A,N/A,N/A,Planner (Không xác định),data/google_planner/da-lat/Keyword Stats 2026-02-23 at 00_28_27.csv,Viết bài top-list/so sánh; map vào cluster hub; bổ sung schema + ảnh/UGC,B,3750.0,-100.0%,0
khách sạn rạng đông ở đà lạt,Khách sạn Đà Lạt,Lưu trú,In-scope Đà Lạt,Commercial Investigation,50,N/A,N/A,N/A,Planner (Thấp),data/google_planner/da-lat/Keyword Stats 2026-02-23 at 00_28_27.csv,Viết bài top-list/so sánh; map vào cluster hub; bổ sung schema + ảnh/UGC,B,3750.0,0%,0
khách sạn rẻ nhất ở đà lạt,Khách sạn Đà Lạt,Lưu trú,In-scope Đà Lạt,Commercial Investigation,50,N/A,N/A,N/A,Planner (Không xác định),data/google_planner/da-lat/Keyword Stats 2026-02-23 at 00_28_27.csv,Viết bài top-list/so sánh; map vào cluster hub; bổ sung schema + ảnh/UGC,B,3750.0,-100.0%,0
khách sạn rẻ tại đà lạt,Khách sạn Đà Lạt,Lưu trú,In-scope Đà Lạt,Commercial Investigation,50,N/A,N/A,N/A,Planner (Không xác định),data/google_planner/da-lat/Keyword Stats 2026-02-23 at 00_28_27.csv,Viết bài top-list/so sánh; map vào cluster hub; bổ sung schema + ảnh/UGC,B,3750.0,-100.0%,0
khách sạn rẻ đẹp ở đà lạt,Khách sạn Đà Lạt,Lưu trú,In-scope Đà Lạt,Commercial Investigation,50,N/A,N/A,N/A,Planner (Cao),data/google_planner/da-lat/Keyword Stats 2026-02-23 at 00_28_27.csv,Viết bài top-list/so sánh; map vào cluster hub; bổ sung schema + ảnh/UGC,B,3750.0,0%,0
khách sạn sang trọng ở đà lạt,Khách sạn Đà Lạt,Lưu trú,In-scope Đà Lạt,Commercial Investigation,50,N/A,N/A,N/A,Planner (Không xác định),data/google_planner/da-lat/Keyword Stats 2026-02-23 at 00_28_27.csv,Viết bài top-list/so sánh; map vào cluster hub; bổ sung schema + ảnh/UGC,B,3750.0,-100.0%,0
khách sạn sạch sẽ ở đà lạt,Khách sạn Đà Lạt,Lưu trú,In-scope Đà Lạt,Commercial Investigation,50,N/A,N/A,N/A,Planner (Trung bình),data/google_planner/da-lat/Keyword Stats 2026-02-23 at 00_28_27.csv,Viết bài top-list/so sánh; map vào cluster hub; bổ sung schema + ảnh/UGC,B,3750.0,0%,0
khách sạn sạch đẹp ở đà lạt,Khách sạn Đà Lạt,Lưu trú,In-scope Đà Lạt,Commercial Investigation,50,N/A,N/A,N/A,Planner (Cao),data/google_planner/da-lat/Keyword Stats 2026-02-23 at 00_28_27.csv,Viết bài top-list/so sánh; map vào cluster hub; bổ sung schema + ảnh/UGC,B,3750.0,0%,0
khách sạn tamy ở đà lạt,Khách sạn Đà Lạt,Lưu trú,In-scope Đà Lạt,Commercial Investigation,50,N/A,N/A,N/A,Planner (Trung bình),data/google_planner/da-lat/Keyword Stats 2026-02-23 at 00_28_27.csv,Viết bài top-list/so sánh; map vào cluster hub; bổ sung schema + ảnh/UGC,B,3750.0,0%,0
khách sạn thu hà ở đà lạt,Khách sạn Đà Lạt,Lưu trú,In-scope Đà Lạt,Commercial Investigation,50,N/A,N/A,N/A,Planner (Cao),data/google_planner/da-lat/Keyword Stats 2026-02-23 at 00_28_27.csv,Viết bài top-list/so sánh; map vào cluster hub; bổ sung schema + ảnh/UGC,B,3750.0,0%,0
khách sạn thuộc hệ thống accor tại đà lạt,Khách sạn Đà Lạt,Lưu trú,In-scope Đà Lạt,Commercial Investigation,50,N/A,N/A,N/A,Planner (Không xác định),data/google_planner/da-lat/Keyword Stats 2026-02-23 at 00_28_27.csv,Viết bài top-list/so sánh; map vào cluster hub; bổ sung schema + ảnh/UGC,B,3750.0,-100.0%,0
khách sạn trong rừng ở đà lạt,Khách sạn Đà Lạt,Lưu trú,In-scope Đà Lạt,Commercial Investigation,50,N/A,N/A,N/A,Planner (Trung bình),data/google_planner/da-lat/Keyword Stats 2026-02-23 at 00_28_27.csv,Viết bài top-list/so sánh; map vào cluster hub; bổ sung schema + ảnh/UGC,B,3750.0,0%,0
khách sạn trên cây ở đà lạt,Khách sạn Đà Lạt,Lưu trú,In-scope Đà Lạt,Commercial Investigation,50,N/A,N/A,N/A,Planner (Trung bình),data/google_planner/da-lat/Keyword Stats 2026-02-23 at 00_28_27.csv,Viết bài top-list/so sánh; map vào cluster hub; bổ sung schema + ảnh/UGC,B,3750.0,0%,0
khách sạn trên núi ở đà lạt,Khách sạn Đà Lạt,Lưu trú,In-scope Đà Lạt,Commercial Investigation,50,N/A,N/A,N/A,Planner (Cao),data/google_planner/da-lat/Keyword Stats 2026-02-23 at 00_28_27.csv,Viết bài top-list/so sánh; map vào cluster hub; bổ sung schema + ảnh/UGC,B,3750.0,0%,0
khách sạn tâm dung 1 ở đà lạt,Khách sạn Đà Lạt,Lưu trú,In-scope Đà Lạt,Commercial Investigation,50,N/A,N/A,N/A,Planner (Không xác định),data/google_planner/da-lat/Keyword Stats 2026-02-23 at 00_28_27.csv,Viết bài top-list/so sánh; map vào cluster hub; bổ sung schema + ảnh/UGC,B,3750.0,-100.0%,0
khách sạn tên tiếng pháp ở đà lạt,Khách sạn Đà Lạt,Lưu trú,In-scope Đà Lạt,Commercial Investigation,50,N/A,N/A,N/A,Planner (Cao),data/google_planner/da-lat/Keyword Stats 2026-02-23 at 00_28_27.csv,Viết bài top-list/so sánh; map vào cluster hub; bổ sung schema + ảnh/UGC,B,3750.0,0%,0
khách sạn tại đà lạt đẹp,Khách sạn Đà Lạt,Lưu trú,In-scope Đà Lạt,Commercial Investigation,50,N/A,N/A,N/A,Planner (Không xác định),data/google_planner/da-lat/Keyword Stats 2026-02-23 at 00_28_27.csv,Viết bài top-list/so sánh; map vào cluster hub; bổ sung schema + ảnh/UGC,B,3750.0,-100.0%,0
khách sạn tầm xuân ở đà lạt,Khách sạn Đà Lạt,Lưu trú,In-scope Đà Lạt,Commercial Investigation,50,N/A,N/A,N/A,Planner (Thấp),data/google_planner/da-lat/Keyword Stats 2026-02-23 at 00_28_27.csv,Viết bài top-list/so sánh; map vào cluster hub; bổ sung schema + ảnh/UGC,B,3750.0,-90.0%,0
khách sạn tập thể ở đà lạt,Khách sạn Đà Lạt,Lưu trú,In-scope Đà Lạt,Commercial Investigation,50,N/A,N/A,N/A,Planner (Không xác định),data/google_planner/da-lat/Keyword Stats 2026-02-23 at 00_28_27.csv,Viết bài top-list/so sánh; map vào cluster hub; bổ sung schema + ảnh/UGC,B,3750.0,-100.0%,0
khách sạn tốt ở trung tâm đà lạt,Khách sạn Đà Lạt,Lưu trú,In-scope Đà Lạt,Commercial Investigation,50,N/A,N/A,N/A,Planner (Cao),data/google_planner/da-lat/Keyword Stats 2026-02-23 at 00_28_27.csv,Viết bài top-list/so sánh; map vào cluster hub; bổ sung schema + ảnh/UGC,B,3750.0,0%,0
khách sạn tốt ở đà lạt gần chợ đêm,Khách sạn Đà Lạt,Lưu trú,In-scope Đà Lạt,Commercial Investigation,50,N/A,N/A,N/A,Planner (Cao),data/google_planner/da-lat/Keyword Stats 2026-02-23 at 00_28_27.csv,Viết bài top-list/so sánh; map vào cluster hub; bổ sung schema + ảnh/UGC,B,3750.0,0%,0
khách sạn vi anh đà lạt,Khách sạn Đà Lạt,Lưu trú,In-scope Đà Lạt,Commercial Investigation,50,N/A,N/A,N/A,Planner (Thấp),data/google_planner/da-lat/Keyword Stats 2026-02-23 at 00_28_27.csv,Viết bài top-list/so sánh; map vào cluster hub; bổ sung schema + ảnh/UGC,B,3750.0,-90.0%,0
khách sạn vùng ven đà lạt,Khách sạn Đà Lạt,Lưu trú,In-scope Đà Lạt,Commercial Investigation,50,N/A,N/A,N/A,Planner (Cao),data/google_planner/da-lat/Keyword Stats 2026-02-23 at 00_28_27.csv,Viết bài top-list/so sánh; map vào cluster hub; bổ sung schema + ảnh/UGC,B,3750.0,0%,0
khách sạn đà lạt nên ở,Khách sạn Đà Lạt,Lưu trú,In-scope Đà Lạt,Commercial Investigation,50,N/A,N/A,N/A,Planner (Cao),data/google_planner/da-lat/Keyword Stats 2026-02-23 at 00_28_27.csv,Viết bài top-list/so sánh; map vào cluster hub; bổ sung schema + ảnh/UGC,B,3750.0,0%,0
khách sạn đà lạt ở hồ tuyền lâm,Khách sạn Đà Lạt,Lưu trú,In-scope Đà Lạt,Commercial Investigation,50,N/A,N/A,N/A,Planner (Không xác định),data/google_planner/da-lat/Keyword Stats 2026-02-23 at 00_28_27.csv,Viết bài top-list/so sánh; map vào cluster hub; bổ sung schema + ảnh/UGC,B,3750.0,0%,0
khách sạn đà lạt ở đường nam kỳ khởi nghĩa,Khách sạn Đà Lạt,Lưu trú,In-scope Đà Lạt,Commercial Investigation,50,N/A,N/A,N/A,Planner (Cao),data/google_planner/da-lat/Keyword Stats 2026-02-23 at 00_28_27.csv,Viết bài top-list/so sánh; map vào cluster hub; bổ sung schema + ảnh/UGC,B,3750.0,0%,0
khách sạn đáng ở đà lạt,Khách sạn Đà Lạt,Lưu trú,In-scope Đà Lạt,Commercial Investigation,50,N/A,N/A,N/A,Planner (Không xác định),data/google_planner/da-lat/Keyword Stats 2026-02-23 at 00_28_27.csv,Viết bài top-list/so sánh; map vào cluster hub; bổ sung schema + ảnh/UGC,B,3750.0,-100.0%,0
khách sạn đẹp lãng mạn ở đà lạt,Khách sạn Đà Lạt,Lưu trú,In-scope Đà Lạt,Commercial Investigation,50,N/A,N/A,N/A,Planner (Không xác định),data/google_planner/da-lat/Keyword Stats 2026-02-23 at 00_28_27.csv,Viết bài top-list/so sánh; map vào cluster hub; bổ sung schema + ảnh/UGC,B,3750.0,-100.0%,0
khách sạn đẹp nhất ở đà lạt,Khách sạn Đà Lạt,Lưu trú,In-scope Đà Lạt,Commercial Investigation,50,N/A,N/A,N/A,Planner (Cao),data/google_planner/da-lat/Keyword Stats 2026-02-23 at 00_28_27.csv,Viết bài top-list/so sánh; map vào cluster hub; bổ sung schema + ảnh/UGC,B,3750.0,0%,0
khách sạn đẹp rẻ ở đà lạt,Khách sạn Đà Lạt,Lưu trú,In-scope Đà Lạt,Commercial Investigation,50,N/A,N/A,N/A,Planner (Thấp),data/google_planner/da-lat/Keyword Stats 2026-02-23 at 00_28_27.csv,Viết bài top-list/so sánh; map vào cluster hub; bổ sung schema + ảnh/UGC,B,3750.0,0%,0
khách sạn đẹp và rẻ ở đà lạt,Khách sạn Đà Lạt,Lưu trú,In-scope Đà Lạt,Commercial Investigation,50,N/A,N/A,N/A,Planner (Không xác định),data/google_planner/da-lat/Keyword Stats 2026-02-23 at 00_28_27.csv,Viết bài top-list/so sánh; map vào cluster hub; bổ sung schema + ảnh/UGC,B,3750.0,0%,0
khách sạn đẹp ở hồ tuyền lâm,Khách sạn Đà Lạt,Lưu trú,In-scope Đà Lạt,Commercial Investigation,50,N/A,N/A,N/A,Planner (Không xác định),data/google_planner/da-lat/Keyword Stats 2026-02-23 at 00_28_27.csv,Viết bài top-list/so sánh; map vào cluster hub; bổ sung schema + ảnh/UGC,B,3750.0,-100.0%,0
khách sạn độc lạ ở đà lạt,Khách sạn Đà Lạt,Lưu trú,In-scope Đà Lạt,Commercial Investigation,50,N/A,N/A,N/A,Planner (Thấp),data/google_planner/da-lat/Keyword Stats 2026-02-23 at 00_28_27.csv,Viết bài top-list/so sánh; map vào cluster hub; bổ sung schema + ảnh/UGC,B,3750.0,0%,0
khách sạn độc đáo ở đà lạt,Khách sạn Đà Lạt,Lưu trú,In-scope Đà Lạt,Commercial Investigation,50,N/A,N/A,N/A,Planner (Không xác định),data/google_planner/da-lat/Keyword Stats 2026-02-23 at 00_28_27.csv,Viết bài top-list/so sánh; map vào cluster hub; bổ sung schema + ảnh/UGC,B,3750.0,-100.0%,0
khách sạn ở nguyễn chí thanh đà lạt,Khách sạn Đà Lạt,Lưu trú,In-scope Đà Lạt,Commercial Investigation,50,N/A,N/A,N/A,Planner (Không xác định),data/google_planner/da-lat/Keyword Stats 2026-02-23 at 00_28_27.csv,Viết bài top-list/so sánh; map vào cluster hub; bổ sung schema + ảnh/UGC,B,3750.0,-100.0%,0
khách sạn ở phường 1 đà lạt,Khách sạn Đà Lạt,Lưu trú,In-scope Đà Lạt,Commercial Investigation,50,N/A,N/A,N/A,Planner (Cao),data/google_planner/da-lat/Keyword Stats 2026-02-23 at 00_28_27.csv,Viết bài top-list/so sánh; map vào cluster hub; bổ sung schema + ảnh/UGC,B,3750.0,0%,0
khách sạn ở phường 3 đà lạt,Khách sạn Đà Lạt,Lưu trú,In-scope Đà Lạt,Commercial Investigation,50,N/A,N/A,N/A,Planner (Cao),data/google_planner/da-lat/Keyword Stats 2026-02-23 at 00_28_27.csv,Viết bài top-list/so sánh; map vào cluster hub; bổ sung schema + ảnh/UGC,B,3750.0,0%,0
khách sạn ở đà lạt 3 sao,Khách sạn Đà Lạt,Lưu trú,In-scope Đà Lạt,Commercial Investigation,50,N/A,N/A,N/A,Planner (Cao),data/google_planner/da-lat/Keyword Stats 2026-02-23 at 00_28_27.csv,Viết bài top-list/so sánh; map vào cluster hub; bổ sung schema + ảnh/UGC,B,3750.0,0%,0
khách sạn ở đà lạt có bồn tắm,Khách sạn Đà Lạt,Lưu trú,In-scope Đà Lạt,Commercial Investigation,50,N/A,N/A,N/A,Planner (Cao),data/google_planner/da-lat/Keyword Stats 2026-02-23 at 00_28_27.csv,Viết bài top-list/so sánh; map vào cluster hub; bổ sung schema + ảnh/UGC,B,3750.0,0%,0
khách sạn ở đà lạt có máy lạnh không,Khách sạn Đà Lạt,Lưu trú,In-scope Đà Lạt,Commercial Investigation,50,N/A,N/A,N/A,Planner (Trung bình),data/google_planner/da-lat/Keyword Stats 2026-02-23 at 00_28_27.csv,Viết bài top-list/so sánh; map vào cluster hub; bổ sung schema + ảnh/UGC,B,3750.0,0%,0
khách sạn ở đà lạt gần hồ tuyền lâm,Khách sạn Đà Lạt,Lưu trú,In-scope Đà Lạt,Commercial Investigation,50,N/A,N/A,N/A,Planner (Không xác định),data/google_planner/da-lat/Keyword Stats 2026-02-23 at 00_28_27.csv,Viết bài top-list/so sánh; map vào cluster hub; bổ sung schema + ảnh/UGC,B,3750.0,0%,0
khách sạn ở đà lạt đường bùi thị xuân,Khách sạn Đà Lạt,Lưu trú,In-scope Đà Lạt,Commercial Investigation,50,N/A,N/A,N/A,Planner (Cao),data/google_planner/da-lat/Keyword Stats 2026-02-23 at 00_28_27.csv,Viết bài top-list/so sánh; map vào cluster hub; bổ sung schema + ảnh/UGC,B,3750.0,0%,0
khách sạn ở đà lạt đường nam kỳ khởi nghĩa,Khách sạn Đà Lạt,Lưu trú,In-scope Đà Lạt,Commercial Investigation,50,N/A,N/A,N/A,Planner (Không xác định),data/google_planner/da-lat/Keyword Stats 2026-02-23 at 00_28_27.csv,Viết bài top-list/so sánh; map vào cluster hub; bổ sung schema + ảnh/UGC,B,3750.0,0%,0
khách sạn ở đường 3 2 đà lạt,Khách sạn Đà Lạt,Lưu trú,In-scope Đà Lạt,Commercial Investigation,50,N/A,N/A,N/A,Planner (Cao),data/google_planner/da-lat/Keyword Stats 2026-02-23 at 00_28_27.csv,Viết bài top-list/so sánh; map vào cluster hub; bổ sung schema + ảnh/UGC,B,3750.0,0%,0
khách sạn ở đường lê đại hành đà lạt,Khách sạn Đà Lạt,Lưu trú,In-scope Đà Lạt,Commercial Investigation,50,N/A,N/A,N/A,Planner (Không xác định),data/google_planner/da-lat/Keyword Stats 2026-02-23 at 00_28_27.csv,Viết bài top-list/so sánh; map vào cluster hub; bổ sung schema + ảnh/UGC,B,3750.0,-100.0%,0
khách sạn ở đường nguyễn văn trỗi đà lạt,Khách sạn Đà Lạt,Lưu trú,In-scope Đà Lạt,Commercial Investigation,50,N/A,N/A,N/A,Planner (Cao),data/google_planner/da-lat/Keyword Stats 2026-02-23 at 00_28_27.csv,Viết bài top-list/so sánh; map vào cluster hub; bổ sung schema + ảnh/UGC,B,3750.0,0%,0
khách sạn ở đường phan bội châu đà lạt,Khách sạn Đà Lạt,Lưu trú,In-scope Đà Lạt,Commercial Investigation,50,N/A,N/A,N/A,Planner (Cao),data/google_planner/da-lat/Keyword Stats 2026-02-23 at 00_28_27.csv,Viết bài top-list/so sánh; map vào cluster hub; bổ sung schema + ảnh/UGC,B,3750.0,0%,0
khách sạn ở đường phan như thạch đà lạt,Khách sạn Đà Lạt,Lưu trú,In-scope Đà Lạt,Commercial Investigation,50,N/A,N/A,N/A,Planner (Cao),data/google_planner/da-lat/Keyword Stats 2026-02-23 at 00_28_27.csv,Viết bài top-list/so sánh; map vào cluster hub; bổ sung schema + ảnh/UGC,B,3750.0,0%,0
kinh nghiệm chọn khách sạn ở đà lạt,Khách sạn Đà Lạt,Lưu trú,In-scope Đà Lạt,Commercial Investigation,50,N/A,N/A,N/A,Planner (Cao),data/google_planner/da-lat/Keyword Stats 2026-02-23 at 00_28_27.csv,Viết bài top-list/so sánh; map vào cluster hub; bổ sung schema + ảnh/UGC,B,3750.0,0%,0
kinh nghiệm đặt khách sạn đà lạt,Khách sạn Đà Lạt,Lưu trú,In-scope Đà Lạt,Commercial Investigation,50,N/A,N/A,N/A,Planner (Cao),data/google_planner/da-lat/Keyword Stats 2026-02-23 at 00_28_27.csv,Viết bài top-list/so sánh; map vào cluster hub; bổ sung schema + ảnh/UGC,B,3750.0,0%,0
kinh nghiệm đặt phòng khách sạn đà lạt,Khách sạn Đà Lạt,Lưu trú,In-scope Đà Lạt,Commercial Investigation,50,N/A,N/A,N/A,Planner (Không xác định),data/google_planner/da-lat/Keyword Stats 2026-02-23 at 00_28_27.csv,Viết bài top-list/so sánh; map vào cluster hub; bổ sung schema + ảnh/UGC,B,3750.0,-100.0%,0
kinh nghiệm đặt phòng khách sạn ở đà lạt,Khách sạn Đà Lạt,Lưu trú,In-scope Đà Lạt,Commercial Investigation,50,N/A,N/A,N/A,Planner (Không xác định),data/google_planner/da-lat/Keyword Stats 2026-02-23 at 00_28_27.csv,Viết bài top-list/so sánh; map vào cluster hub; bổ sung schema + ảnh/UGC,B,3750.0,0%,0
một số khách sạn ở đà lạt,Khách sạn Đà Lạt,Lưu trú,In-scope Đà Lạt,Commercial Investigation,50,N/A,N/A,N/A,Planner (Trung bình),data/google_planner/da-lat/Keyword Stats 2026-02-23 at 00_28_27.csv,Viết bài top-list/so sánh; map vào cluster hub; bổ sung schema + ảnh/UGC,B,3750.0,0%,0
nhung khach san dep o da lat,Khách sạn Đà Lạt,Lưu trú,In-scope Đà Lạt,Commercial Investigation,50,N/A,N/A,N/A,Planner (Cao),data/google_planner/da-lat/Keyword Stats 2026-02-23 at 00_28_27.csv,Viết bài top-list/so sánh; map vào cluster hub; bổ sung schema + ảnh/UGC,B,3750.0,0%,0
nhà nghỉ bình dân ở đà lạt,Khách sạn Đà Lạt,Lưu trú,In-scope Đà Lạt,Commercial Investigation,50,N/A,N/A,N/A,Planner (Thấp),data/google_planner/da-lat/Keyword Stats 2026-02-23 at 00_28_27.csv,Viết bài top-list/so sánh; map vào cluster hub; bổ sung schema + ảnh/UGC,B,3750.0,0%,0
nhà nghỉ khách sạn ở đà lạt,Khách sạn Đà Lạt,Lưu trú,In-scope Đà Lạt,Commercial Investigation,50,N/A,N/A,N/A,Planner (Cao),data/google_planner/da-lat/Keyword Stats 2026-02-23 at 00_28_27.csv,Viết bài top-list/so sánh; map vào cluster hub; bổ sung schema + ảnh/UGC,B,3750.0,0%,0
nhà nghỉ ở đường bùi thị xuân đà lạt,Khách sạn Đà Lạt,Lưu trú,In-scope Đà Lạt,Commercial Investigation,50,N/A,N/A,N/A,Planner (Không xác định),data/google_planner/da-lat/Keyword Stats 2026-02-23 at 00_28_27.csv,Viết bài top-list/so sánh; map vào cluster hub; bổ sung schema + ảnh/UGC,B,3750.0,0%,0
những hotel đẹp ở đà lạt,Khách sạn Đà Lạt,Lưu trú,In-scope Đà Lạt,Commercial Investigation,50,N/A,N/A,N/A,Planner (Cao),data/google_planner/da-lat/Keyword Stats 2026-02-23 at 00_28_27.csv,Viết bài top-list/so sánh; map vào cluster hub; bổ sung schema + ảnh/UGC,B,3750.0,0%,0
những khách sạn 3 sao ở đà lạt,Khách sạn Đà Lạt,Lưu trú,In-scope Đà Lạt,Commercial Investigation,50,N/A,N/A,N/A,Planner (Trung bình),data/google_planner/da-lat/Keyword Stats 2026-02-23 at 00_28_27.csv,Viết bài top-list/so sánh; map vào cluster hub; bổ sung schema + ảnh/UGC,B,3750.0,0%,0
những khách sạn còn phòng ở đà lạt,Khách sạn Đà Lạt,Lưu trú,In-scope Đà Lạt,Commercial Investigation,50,N/A,N/A,N/A,Planner (Cao),data/google_planner/da-lat/Keyword Stats 2026-02-23 at 00_28_27.csv,Viết bài top-list/so sánh; map vào cluster hub; bổ sung schema + ảnh/UGC,B,3750.0,0%,0
những khách sạn có view đẹp ở đà lạt,Khách sạn Đà Lạt,Lưu trú,In-scope Đà Lạt,Commercial Investigation,50,N/A,N/A,N/A,Planner (Cao),data/google_planner/da-lat/Keyword Stats 2026-02-23 at 00_28_27.csv,Viết bài top-list/so sánh; map vào cluster hub; bổ sung schema + ảnh/UGC,B,3750.0,0%,0
những khách sạn không nên ở đà lạt,Khách sạn Đà Lạt,Lưu trú,In-scope Đà Lạt,Commercial Investigation,50,N/A,N/A,N/A,Planner (Trung bình),data/google_planner/da-lat/Keyword Stats 2026-02-23 at 00_28_27.csv,Viết bài top-list/so sánh; map vào cluster hub; bổ sung schema + ảnh/UGC,B,3750.0,-90.0%,0
những khách sạn rẻ đẹp ở đà lạt,Khách sạn Đà Lạt,Lưu trú,In-scope Đà Lạt,Commercial Investigation,50,N/A,N/A,N/A,Planner (Không xác định),data/google_planner/da-lat/Keyword Stats 2026-02-23 at 00_28_27.csv,Viết bài top-list/so sánh; map vào cluster hub; bổ sung schema + ảnh/UGC,B,3750.0,0%,0
những khách sạn rẻ ở đà lạt,Khách sạn Đà Lạt,Lưu trú,In-scope Đà Lạt,Commercial Investigation,50,N/A,N/A,N/A,Planner (Cao),data/google_planner/da-lat/Keyword Stats 2026-02-23 at 00_28_27.csv,Viết bài top-list/so sánh; map vào cluster hub; bổ sung schema + ảnh/UGC,B,3750.0,0%,0
những khách sạn view đẹp ở đà lạt,Khách sạn Đà Lạt,Lưu trú,In-scope Đà Lạt,Commercial Investigation,50,N/A,N/A,N/A,Planner (Cao),data/google_planner/da-lat/Keyword Stats 2026-02-23 at 00_28_27.csv,Viết bài top-list/so sánh; map vào cluster hub; bổ sung schema + ảnh/UGC,B,3750.0,0%,0
những khách sạn đẹp ở đà lạt gần chợ,Khách sạn Đà Lạt,Lưu trú,In-scope Đà Lạt,Commercial Investigation,50,N/A,N/A,N/A,Planner (Không xác định),data/google_planner/da-lat/Keyword Stats 2026-02-23 at 00_28_27.csv,Viết bài top-list/so sánh; map vào cluster hub; bổ sung schema + ảnh/UGC,B,3750.0,-100.0%,0
những khách sạn đẹp ở đà lạt gần trung tâm,Khách sạn Đà Lạt,Lưu trú,In-scope Đà Lạt,Commercial Investigation,50,N/A,N/A,N/A,Planner (Cao),data/google_planner/da-lat/Keyword Stats 2026-02-23 at 00_28_27.csv,Viết bài top-list/so sánh; map vào cluster hub; bổ sung schema + ảnh/UGC,B,3750.0,0%,0
những khách sạn ở gần chợ đà lạt,Khách sạn Đà Lạt,Lưu trú,In-scope Đà Lạt,Commercial Investigation,50,N/A,N/A,N/A,Planner (Cao),data/google_planner/da-lat/Keyword Stats 2026-02-23 at 00_28_27.csv,Viết bài top-list/so sánh; map vào cluster hub; bổ sung schema + ảnh/UGC,B,3750.0,0%,0
những khách sạn ở trung tâm đà lạt,Khách sạn Đà Lạt,Lưu trú,In-scope Đà Lạt,Commercial Investigation,50,N/A,N/A,N/A,Planner (Không xác định),data/google_planner/da-lat/Keyword Stats 2026-02-23 at 00_28_27.csv,Viết bài top-list/so sánh; map vào cluster hub; bổ sung schema + ảnh/UGC,B,3750.0,-100.0%,0
nên chọn khách sạn nào ở đà lạt,Khách sạn Đà Lạt,Lưu trú,In-scope Đà Lạt,Commercial Investigation,50,N/A,N/A,N/A,Planner (Không xác định),data/google_planner/da-lat/Keyword Stats 2026-02-23 at 00_28_27.csv,Viết bài top-list/so sánh; map vào cluster hub; bổ sung schema + ảnh/UGC,B,3750.0,-100.0%,0
nên đặt khách sạn nào ở đà lạt,Khách sạn Đà Lạt,Lưu trú,In-scope Đà Lạt,Commercial Investigation,50,N/A,N/A,N/A,Planner (Không xác định),data/google_planner/da-lat/Keyword Stats 2026-02-23 at 00_28_27.csv,Viết bài top-list/so sánh; map vào cluster hub; bổ sung schema + ảnh/UGC,B,3750.0,-100.0%,0
nên ở khách sạn nào tại đà lạt,Khách sạn Đà Lạt,Lưu trú,In-scope Đà Lạt,Commercial Investigation,50,N/A,N/A,N/A,Planner (Không xác định),data/google_planner/da-lat/Keyword Stats 2026-02-23 at 00_28_27.csv,Viết bài top-list/so sánh; map vào cluster hub; bổ sung schema + ảnh/UGC,B,3750.0,0%,0
nên ở khách sạn nào đà lạt,Khách sạn Đà Lạt,Lưu trú,In-scope Đà Lạt,Commercial Investigation,50,N/A,N/A,N/A,Planner (Không xác định),data/google_planner/da-lat/Keyword Stats 2026-02-23 at 00_28_27.csv,Viết bài top-list/so sánh; map vào cluster hub; bổ sung schema + ảnh/UGC,B,3750.0,-100.0%,0
phòng khách sạn đẹp ở đà lạt,Khách sạn Đà Lạt,Lưu trú,In-scope Đà Lạt,Commercial Investigation,50,N/A,N/A,N/A,Planner (Không xác định),data/google_planner/da-lat/Keyword Stats 2026-02-23 at 00_28_27.csv,Viết bài top-list/so sánh; map vào cluster hub; bổ sung schema + ảnh/UGC,B,3750.0,-100.0%,0
số điện thoại các khách sạn ở đà lạt,Khách sạn Đà Lạt,Lưu trú,In-scope Đà Lạt,Commercial Investigation,50,N/A,N/A,N/A,Planner (Không xác định),data/google_planner/da-lat/Keyword Stats 2026-02-23 at 00_28_27.csv,Viết bài top-list/so sánh; map vào cluster hub; bổ sung schema + ảnh/UGC,B,3750.0,0%,0
tim khach san o da lat,Khách sạn Đà Lạt,Lưu trú,In-scope Đà Lạt,Commercial Investigation,50,N/A,N/A,N/A,Planner (Không xác định),data/google_planner/da-lat/Keyword Stats 2026-02-23 at 00_28_27.csv,Viết bài top-list/so sánh; map vào cluster hub; bổ sung schema + ảnh/UGC,B,3750.0,-100.0%,0
top khách sạn view đẹp ở đà lạt,Khách sạn Đà Lạt,Lưu trú,In-scope Đà Lạt,Commercial Investigation,50,N/A,N/A,N/A,Planner (Cao),data/google_planner/da-lat/Keyword Stats 2026-02-23 at 00_28_27.csv,Viết bài top-list/so sánh; map vào cluster hub; bổ sung schema + ảnh/UGC,B,3750.0,0%,0
top khách sạn ở đà lạt,Khách sạn Đà Lạt,Lưu trú,In-scope Đà Lạt,Commercial Investigation,50,N/A,N/A,N/A,Planner (Cao),data/google_planner/da-lat/Keyword Stats 2026-02-23 at 00_28_27.csv,Viết bài top-list/so sánh; map vào cluster hub; bổ sung schema + ảnh/UGC,B,3750.0,0%,0
tên khách sạn ở đà lạt,Khách sạn Đà Lạt,Lưu trú,In-scope Đà Lạt,Commercial Investigation,50,N/A,N/A,N/A,Planner (Trung bình),data/google_planner/da-lat/Keyword Stats 2026-02-23 at 00_28_27.csv,Viết bài top-list/so sánh; map vào cluster hub; bổ sung schema + ảnh/UGC,B,3750.0,0%,0
tìm nhà nghỉ ở đà lạt,Khách sạn Đà Lạt,Lưu trú,In-scope Đà Lạt,Commercial Investigation,50,N/A,N/A,N/A,Planner (Trung bình),data/google_planner/da-lat/Keyword Stats 2026-02-23 at 00_28_27.csv,Viết bài top-list/so sánh; map vào cluster hub; bổ sung schema + ảnh/UGC,B,3750.0,0%,0
tất cả khách sạn ở đà lạt,Khách sạn Đà Lạt,Lưu trú,In-scope Đà Lạt,Commercial Investigation,50,N/A,N/A,N/A,Planner (Cao),data/google_planner/da-lat/Keyword Stats 2026-02-23 at 00_28_27.csv,Viết bài top-list/so sánh; map vào cluster hub; bổ sung schema + ảnh/UGC,B,3750.0,0%,0
đi du lịch đà lạt nên ở khách sạn nào,Khách sạn Đà Lạt,Lưu trú,In-scope Đà Lạt,Commercial Investigation,50,N/A,N/A,N/A,Planner (Cao),data/google_planner/da-lat/Keyword Stats 2026-02-23 at 00_28_27.csv,Viết bài top-list/so sánh; map vào cluster hub; bổ sung schema + ảnh/UGC,B,3750.0,0%,0
đi đà lạt nên nghỉ ở khách sạn nào,Khách sạn Đà Lạt,Lưu trú,In-scope Đà Lạt,Commercial Investigation,50,N/A,N/A,N/A,Planner (Cao),data/google_planner/da-lat/Keyword Stats 2026-02-23 at 00_28_27.csv,Viết bài top-list/so sánh; map vào cluster hub; bổ sung schema + ảnh/UGC,B,3750.0,0%,0
đi đà lạt ở khách sạn nào tốt,Khách sạn Đà Lạt,Lưu trú,In-scope Đà Lạt,Commercial Investigation,50,N/A,N/A,N/A,Planner (Không xác định),data/google_planner/da-lat/Keyword Stats 2026-02-23 at 00_28_27.csv,Viết bài top-list/so sánh; map vào cluster hub; bổ sung schema + ảnh/UGC,B,3750.0,0%,0
đà lạt nên ở khách sạn nào,Khách sạn Đà Lạt,Lưu trú,In-scope Đà Lạt,Commercial Investigation,50,N/A,N/A,N/A,Planner (Cao),data/google_planner/da-lat/Keyword Stats 2026-02-23 at 00_28_27.csv,Viết bài top-list/so sánh; map vào cluster hub; bổ sung schema + ảnh/UGC,B,3750.0,0%,0
đà lạt ở khách sạn nào tốt,Khách sạn Đà Lạt,Lưu trú,In-scope Đà Lạt,Commercial Investigation,50,N/A,N/A,N/A,Planner (Không xác định),data/google_planner/da-lat/Keyword Stats 2026-02-23 at 00_28_27.csv,Viết bài top-list/so sánh; map vào cluster hub; bổ sung schema + ảnh/UGC,B,3750.0,0%,0
đà lạt ở khách sạn nào đẹp,Khách sạn Đà Lạt,Lưu trú,In-scope Đà Lạt,Commercial Investigation,50,N/A,N/A,N/A,Planner (Cao),data/google_planner/da-lat/Keyword Stats 2026-02-23 at 00_28_27.csv,Viết bài top-list/so sánh; map vào cluster hub; bổ sung schema + ảnh/UGC,B,3750.0,0%,0
đặt phòng khách sạn dalat,Khách sạn Đà Lạt,Lưu trú,In-scope Đà Lạt,Commercial Investigation,50,N/A,N/A,N/A,Planner (Cao),data/google_planner/da-lat/Keyword Stats 2026-02-23 at 00_28_27.csv,Viết bài top-list/so sánh; map vào cluster hub; bổ sung schema + ảnh/UGC,B,3750.0,0%,0
đặt phòng khách sạn gần chợ đà lạt,Khách sạn Đà Lạt,Lưu trú,In-scope Đà Lạt,Commercial Investigation,50,N/A,N/A,N/A,Planner (Cao),data/google_planner/da-lat/Keyword Stats 2026-02-23 at 00_28_27.csv,Viết bài top-list/so sánh; map vào cluster hub; bổ sung schema + ảnh/UGC,B,3750.0,0%,0
đặt phòng khách sạn ngọc lan đà lạt,Khách sạn Đà Lạt,Lưu trú,In-scope Đà Lạt,Commercial Investigation,50,N/A,N/A,N/A,Planner (Cao),data/google_planner/da-lat/Keyword Stats 2026-02-23 at 00_28_27.csv,Viết bài top-list/so sánh; map vào cluster hub; bổ sung schema + ảnh/UGC,B,3750.0,0%,0
đặt phòng khách sạn terracotta đà lạt,Khách sạn Đà Lạt,Lưu trú,In-scope Đà Lạt,Commercial Investigation,50,N/A,N/A,N/A,Planner (Cao),data/google_planner/da-lat/Keyword Stats 2026-02-23 at 00_28_27.csv,Viết bài top-list/so sánh; map vào cluster hub; bổ sung schema + ảnh/UGC,B,3750.0,0%,0
đặt phòng khách sạn ttc đà lạt,Khách sạn Đà Lạt,Lưu trú,In-scope Đà Lạt,Commercial Investigation,50,N/A,N/A,N/A,Planner (Cao),data/google_planner/da-lat/Keyword Stats 2026-02-23 at 00_28_27.csv,Viết bài top-list/so sánh; map vào cluster hub; bổ sung schema + ảnh/UGC,B,3750.0,0%,0
đặt phòng khách sạn đà lạt agoda,Khách sạn Đà Lạt,Lưu trú,In-scope Đà Lạt,Commercial Investigation,50,N/A,N/A,N/A,Planner (Không xác định),data/google_planner/da-lat/Keyword Stats 2026-02-23 at 00_28_27.csv,Viết bài top-list/so sánh; map vào cluster hub; bổ sung schema + ảnh/UGC,B,3750.0,-100.0%,0
đặt phòng khách sạn đà lạt gần chợ,Khách sạn Đà Lạt,Lưu trú,In-scope Đà Lạt,Commercial Investigation,50,N/A,N/A,N/A,Planner (Không xác định),data/google_planner/da-lat/Keyword Stats 2026-02-23 at 00_28_27.csv,Viết bài top-list/so sánh; map vào cluster hub; bổ sung schema + ảnh/UGC,B,3750.0,-100.0%,0
đến đà lạt nên ở khách sạn nào,Khách sạn Đà Lạt,Lưu trú,In-scope Đà Lạt,Commercial Investigation,50,N/A,N/A,N/A,Planner (Cao),data/google_planner/da-lat/Keyword Stats 2026-02-23 at 00_28_27.csv,Viết bài top-list/so sánh; map vào cluster hub; bổ sung schema + ảnh/UGC,B,3750.0,0%,0
địa chỉ nhà nghỉ ở đà lạt,Khách sạn Đà Lạt,Lưu trú,In-scope Đà Lạt,Commercial Investigation,50,N/A,N/A,N/A,Planner (Cao),data/google_planner/da-lat/Keyword Stats 2026-02-23 at 00_28_27.csv,Viết bài top-list/so sánh; map vào cluster hub; bổ sung schema + ảnh/UGC,B,3750.0,0%,0
ở khách sạn đà lạt,Khách sạn Đà Lạt,Lưu trú,In-scope Đà Lạt,Commercial Investigation,50,N/A,N/A,N/A,Planner (Cao),data/google_planner/da-lat/Keyword Stats 2026-02-23 at 00_28_27.csv,Viết bài top-list/so sánh; map vào cluster hub; bổ sung schema + ảnh/UGC,B,3750.0,0%,0
ở đà lạt nên ở khách sạn nào,Khách sạn Đà Lạt,Lưu trú,In-scope Đà Lạt,Commercial Investigation,50,N/A,N/A,N/A,Planner (Không xác định),data/google_planner/da-lat/Keyword Stats 2026-02-23 at 00_28_27.csv,Viết bài top-list/so sánh; map vào cluster hub; bổ sung schema + ảnh/UGC,B,3750.0,-100.0%,0
tour du lịch kiên giang đà lạt,Kiên Giang Trip,Di chuyển,Out-of-scope Kiên Giang,Commercial Investigation,50,N/A,N/A,N/A,Planner (Thấp),data/google_planner/da-lat/Keyword Stats 2026-02-23 at 00_28_27.csv,Viết bài top-list/so sánh; map vào cluster hub; bổ sung schema + ảnh/UGC,B,2500.0,0%,0
tour kiên giang đà lạt,Kiên Giang Trip,Di chuyển,Out-of-scope Kiên Giang,Commercial Investigation,50,N/A,N/A,N/A,Planner (Trung bình),data/google_planner/da-lat/Keyword Stats 2026-02-23 at 00_28_27.csv,Viết bài top-list/so sánh; map vào cluster hub; bổ sung schema + ảnh/UGC,B,2500.0,0%,0
tour ninh thuận đà lạt,Ninh Thuận Trip,Di chuyển,Out-of-scope Ninh Thuận,Commercial Investigation,500,N/A,N/A,N/A,Planner (Thấp),data/google_planner/da-lat/Keyword Stats 2026-02-23 at 00_28_27.csv,Viết bài top-list/so sánh; map vào cluster hub; bổ sung schema + ảnh/UGC,B,25000.0,-90.0%,0
tour đà lạt phú quốc 3 ngày 2 đêm,Phú Quốc Trip,Di chuyển,Out-of-scope Phú Quốc,Transaction,50,N/A,N/A,N/A,Planner (Không xác định),data/google_planner/da-lat/Keyword Stats 2026-02-23 at 00_28_27.csv,"Tạo landing chuyển đổi (giá/vé/đặt chỗ), gom vào cluster page + build backlink nội bộ",B,2500.0,0%,0
tour phú quốc đà lạt,Phú Quốc Trip,Di chuyển,Out-of-scope Phú Quốc,Commercial Investigation,50,N/A,N/A,N/A,Planner (Không xác định),data/google_planner/da-lat/Keyword Stats 2026-02-23 at 00_28_27.csv,Viết bài top-list/so sánh; map vào cluster hub; bổ sung schema + ảnh/UGC,B,2500.0,-100.0%,0
tour đà lạt phú quốc,Phú Quốc Trip,Di chuyển,Out-of-scope Phú Quốc,Commercial Investigation,50,N/A,N/A,N/A,Planner (Trung bình),data/google_planner/da-lat/Keyword Stats 2026-02-23 at 00_28_27.csv,Viết bài top-list/so sánh; map vào cluster hub; bổ sung schema + ảnh/UGC,B,2500.0,0%,0
tour đà lạt phú quốc vietravel,Phú Quốc Trip,Di chuyển,Out-of-scope Phú Quốc,Commercial Investigation,50,N/A,N/A,N/A,Planner (Không xác định),data/google_planner/da-lat/Keyword Stats 2026-02-23 at 00_28_27.csv,Viết bài top-list/so sánh; map vào cluster hub; bổ sung schema + ảnh/UGC,B,2500.0,-100.0%,0
du lịch đà lạt phú yên,Phú Yên Trip,Tổng hợp,Out-of-scope Phú Yên,Informational,50,N/A,N/A,N/A,Planner (Không xác định),data/google_planner/da-lat/Keyword Stats 2026-02-23 at 00_28_27.csv,Viết guide/review; ưu tiên long-tail; tạo topic hub và internal link về trang dịch vụ,B,2500.0,0%,0
tour phú yên đi đà lạt,Phú Yên Trip,Di chuyển,Out-of-scope Phú Yên,Commercial Investigation,50,N/A,N/A,N/A,Planner (Không xác định),data/google_planner/da-lat/Keyword Stats 2026-02-23 at 00_28_27.csv,Viết bài top-list/so sánh; map vào cluster hub; bổ sung schema + ảnh/UGC,B,2500.0,-100.0%,0
tour phú yên đà lạt,Phú Yên Trip,Di chuyển,Out-of-scope Phú Yên,Commercial Investigation,50,N/A,N/A,N/A,Planner (Thấp),data/google_planner/da-lat/Keyword Stats 2026-02-23 at 00_28_27.csv,Viết bài top-list/so sánh; map vào cluster hub; bổ sung schema + ảnh/UGC,B,2500.0,0%,0
tour quy nhơn đà lạt,Quy Nhơn Trip,Di chuyển,Out-of-scope Quy Nhơn,Commercial Investigation,50,N/A,N/A,N/A,Planner (Thấp),data/google_planner/da-lat/Keyword Stats 2026-02-23 at 00_28_27.csv,Viết bài top-list/so sánh; map vào cluster hub; bổ sung schema + ảnh/UGC,B,2500.0,0%,0
tour quảng nam đà lạt,Quảng Nam Trip,Di chuyển,Out-of-scope Quảng Nam,Commercial Investigation,50,N/A,N/A,N/A,Planner (Thấp),data/google_planner/da-lat/Keyword Stats 2026-02-23 at 00_28_27.csv,Viết bài top-list/so sánh; map vào cluster hub; bổ sung schema + ảnh/UGC,B,2500.0,0%,0
tour quảng ngãi đà lạt,Quảng Ngãi Trip,Di chuyển,Out-of-scope Quảng Ngãi,Commercial Investigation,50,N/A,N/A,N/A,Planner (Thấp),data/google_planner/da-lat/Keyword Stats 2026-02-23 at 00_28_27.csv,Viết bài top-list/so sánh; map vào cluster hub; bổ sung schema + ảnh/UGC,B,2500.0,0%,0
resort ở đà lạt,Resort Đà Lạt,Lưu trú,In-scope Đà Lạt,Transaction,500,N/A,N/A,N/A,Planner (Cao),data/google_planner/da-lat/Keyword Stats 2026-02-23 at 00_28_27.csv,"Tạo landing chuyển đổi (giá/vé/đặt chỗ), gom vào cluster page + build backlink nội bộ",B,41250.0,0%,"10,433"
resort đẹp ở đà lạt,Resort Đà Lạt,Lưu trú,In-scope Đà Lạt,Transaction,50,N/A,N/A,N/A,Planner (Cao),data/google_planner/da-lat/Keyword Stats 2026-02-23 at 00_28_27.csv,"Tạo landing chuyển đổi (giá/vé/đặt chỗ), gom vào cluster page + build backlink nội bộ",B,4125.000000000001,-90.0%,"8,359"
wonder resort dalat,Resort Đà Lạt,Lưu trú,In-scope Đà Lạt,Transaction,50,N/A,N/A,N/A,Planner (Cao),data/google_planner/da-lat/Keyword Stats 2026-02-23 at 00_28_27.csv,"Tạo landing chuyển đổi (giá/vé/đặt chỗ), gom vào cluster page + build backlink nội bộ",B,4125.000000000001,0%,"10,483"
những resort đẹp ở đà lạt,Resort Đà Lạt,Lưu trú,In-scope Đà Lạt,Transaction,50,N/A,N/A,N/A,Planner (Trung bình),data/google_planner/da-lat/Keyword Stats 2026-02-23 at 00_28_27.csv,"Tạo landing chuyển đổi (giá/vé/đặt chỗ), gom vào cluster page + build backlink nội bộ",B,4125.000000000001,-90.0%,"13,268"
các resort ở đà lạt,Resort Đà Lạt,Lưu trú,In-scope Đà Lạt,Transaction,50,N/A,N/A,N/A,Planner (Cao),data/google_planner/da-lat/Keyword Stats 2026-02-23 at 00_28_27.csv,"Tạo landing chuyển đổi (giá/vé/đặt chỗ), gom vào cluster page + build backlink nội bộ",B,4125.000000000001,0%,"6,110"
các resort đẹp ở đà lạt,Resort Đà Lạt,Lưu trú,In-scope Đà Lạt,Transaction,50,N/A,N/A,N/A,Planner (Cao),data/google_planner/da-lat/Keyword Stats 2026-02-23 at 00_28_27.csv,"Tạo landing chuyển đổi (giá/vé/đặt chỗ), gom vào cluster page + build backlink nội bộ",B,4125.000000000001,0%,"4,809"
các resort ở hồ tuyền lâm,Resort Đà Lạt,Lưu trú,In-scope Đà Lạt,Transaction,50,N/A,N/A,N/A,Planner (Cao),data/google_planner/da-lat/Keyword Stats 2026-02-23 at 00_28_27.csv,"Tạo landing chuyển đổi (giá/vé/đặt chỗ), gom vào cluster page + build backlink nội bộ",B,4125.000000000001,0%,"5,322"
resort dep o da lat,Resort Đà Lạt,Lưu trú,In-scope Đà Lạt,Transaction,50,N/A,N/A,N/A,Planner (Cao),data/google_planner/da-lat/Keyword Stats 2026-02-23 at 00_28_27.csv,"Tạo landing chuyển đổi (giá/vé/đặt chỗ), gom vào cluster page + build backlink nội bộ",B,4125.000000000001,0%,"9,790"
resort o da lat,Resort Đà Lạt,Lưu trú,In-scope Đà Lạt,Transaction,50,N/A,N/A,N/A,Planner (Cao),data/google_planner/da-lat/Keyword Stats 2026-02-23 at 00_28_27.csv,"Tạo landing chuyển đổi (giá/vé/đặt chỗ), gom vào cluster page + build backlink nội bộ",B,4125.000000000001,-90.0%,"12,985"
resort terracotta ở đà lạt,Resort Đà Lạt,Lưu trú,In-scope Đà Lạt,Transaction,50,N/A,N/A,N/A,Planner (Cao),data/google_planner/da-lat/Keyword Stats 2026-02-23 at 00_28_27.csv,"Tạo landing chuyển đổi (giá/vé/đặt chỗ), gom vào cluster page + build backlink nội bộ",B,4125.000000000001,-90.0%,"4,843"
resort đà lạt đẹp,Resort Đà Lạt,Lưu trú,In-scope Đà Lạt,Transaction,50,N/A,N/A,N/A,Planner (Cao),data/google_planner/da-lat/Keyword Stats 2026-02-23 at 00_28_27.csv,"Tạo landing chuyển đổi (giá/vé/đặt chỗ), gom vào cluster page + build backlink nội bộ",B,4125.000000000001,0%,"9,493"
resort đẹp tại đà lạt,Resort Đà Lạt,Lưu trú,In-scope Đà Lạt,Transaction,50,N/A,N/A,N/A,Planner (Cao),data/google_planner/da-lat/Keyword Stats 2026-02-23 at 00_28_27.csv,"Tạo landing chuyển đổi (giá/vé/đặt chỗ), gom vào cluster page + build backlink nội bộ",B,4125.000000000001,0%,"12,845"
resort ở hồ tuyền lâm,Resort Đà Lạt,Lưu trú,In-scope Đà Lạt,Transaction,50,N/A,N/A,N/A,Planner (Cao),data/google_planner/da-lat/Keyword Stats 2026-02-23 at 00_28_27.csv,"Tạo landing chuyển đổi (giá/vé/đặt chỗ), gom vào cluster page + build backlink nội bộ",B,4125.000000000001,0%,"3,668"
resort ở đà lạt gần hồ tuyền lâm,Resort Đà Lạt,Lưu trú,In-scope Đà Lạt,Transaction,50,N/A,N/A,N/A,Planner (Cao),data/google_planner/da-lat/Keyword Stats 2026-02-23 at 00_28_27.csv,"Tạo landing chuyển đổi (giá/vé/đặt chỗ), gom vào cluster page + build backlink nội bộ",B,4125.000000000001,0%,"7,354"
resort giá rẻ ở đà lạt,Resort Đà Lạt,Lưu trú,In-scope Đà Lạt,Transaction,50,N/A,N/A,N/A,Planner (Thấp),data/google_planner/da-lat/Keyword Stats 2026-02-23 at 00_28_27.csv,"Tạo landing chuyển đổi (giá/vé/đặt chỗ), gom vào cluster page + build backlink nội bộ",B,3750.0,0%,0
đặt phòng đà lạt wonder resort,Resort Đà Lạt,Lưu trú,In-scope Đà Lạt,Transaction,50,N/A,N/A,N/A,Planner (Cao),data/google_planner/da-lat/Keyword Stats 2026-02-23 at 00_28_27.csv,"Tạo landing chuyển đổi (giá/vé/đặt chỗ), gom vào cluster page + build backlink nội bộ",B,3750.0,0%,0
resort hồ tuyền lâm đà lạt đặt phòng,Resort Đà Lạt,Lưu trú,In-scope Đà Lạt,Transaction,50,N/A,N/A,N/A,Planner (Không xác định),data/google_planner/da-lat/Keyword Stats 2026-02-23 at 00_28_27.csv,"Tạo landing chuyển đổi (giá/vé/đặt chỗ), gom vào cluster page + build backlink nội bộ",B,3750.0,-100.0%,0
cac resort o da lat,Resort Đà Lạt,Lưu trú,In-scope Đà Lạt,Transaction,50,N/A,N/A,N/A,Planner (Trung bình),data/google_planner/da-lat/Keyword Stats 2026-02-23 at 00_28_27.csv,"Tạo landing chuyển đổi (giá/vé/đặt chỗ), gom vào cluster page + build backlink nội bộ",B,3750.0,0%,0
khu resort ở đà lạt,Resort Đà Lạt,Lưu trú,In-scope Đà Lạt,Transaction,50,N/A,N/A,N/A,Planner (Cao),data/google_planner/da-lat/Keyword Stats 2026-02-23 at 00_28_27.csv,"Tạo landing chuyển đổi (giá/vé/đặt chỗ), gom vào cluster page + build backlink nội bộ",B,3750.0,0%,0
resort châu âu ở đà lạt,Resort Đà Lạt,Lưu trú,In-scope Đà Lạt,Commercial Investigation,50,N/A,N/A,N/A,Planner (Không xác định),data/google_planner/da-lat/Keyword Stats 2026-02-23 at 00_28_27.csv,Viết bài top-list/so sánh; map vào cluster hub; bổ sung schema + ảnh/UGC,B,3750.0,-100.0%,0
resort có hồ bơi nước nóng ở đà lạt,Resort Đà Lạt,Lưu trú,In-scope Đà Lạt,Commercial Investigation,50,N/A,N/A,N/A,Planner (Không xác định),data/google_planner/da-lat/Keyword Stats 2026-02-23 at 00_28_27.csv,Viết bài top-list/so sánh; map vào cluster hub; bổ sung schema + ảnh/UGC,B,3750.0,0%,0
resort có hồ bơi ở đà lạt,Resort Đà Lạt,Lưu trú,In-scope Đà Lạt,Commercial Investigation,50,N/A,N/A,N/A,Planner (Cao),data/google_planner/da-lat/Keyword Stats 2026-02-23 at 00_28_27.csv,Viết bài top-list/so sánh; map vào cluster hub; bổ sung schema + ảnh/UGC,B,3750.0,0%,0
resort dep nhat da lat,Resort Đà Lạt,Lưu trú,In-scope Đà Lạt,Commercial Investigation,50,N/A,N/A,N/A,Planner (Cao),data/google_planner/da-lat/Keyword Stats 2026-02-23 at 00_28_27.csv,Viết bài top-list/so sánh; map vào cluster hub; bổ sung schema + ảnh/UGC,B,3750.0,0%,0
resort lý nhã kỳ tại đà lạt,Resort Đà Lạt,Lưu trú,In-scope Đà Lạt,Commercial Investigation,50,N/A,N/A,N/A,Planner (Thấp),data/google_planner/da-lat/Keyword Stats 2026-02-23 at 00_28_27.csv,Viết bài top-list/so sánh; map vào cluster hub; bổ sung schema + ảnh/UGC,B,3750.0,0%,0
resort mới ở đà lạt,Resort Đà Lạt,Lưu trú,In-scope Đà Lạt,Commercial Investigation,50,N/A,N/A,N/A,Planner (Cao),data/google_planner/da-lat/Keyword Stats 2026-02-23 at 00_28_27.csv,Viết bài top-list/so sánh; map vào cluster hub; bổ sung schema + ảnh/UGC,B,3750.0,0%,0
resort o dalat,Resort Đà Lạt,Lưu trú,In-scope Đà Lạt,Commercial Investigation,50,N/A,N/A,N/A,Planner (Cao),data/google_planner/da-lat/Keyword Stats 2026-02-23 at 00_28_27.csv,Viết bài top-list/so sánh; map vào cluster hub; bổ sung schema + ảnh/UGC,B,3750.0,0%,0
resort view đẹp ở đà lạt,Resort Đà Lạt,Lưu trú,In-scope Đà Lạt,Commercial Investigation,50,N/A,N/A,N/A,Planner (Cao),data/google_planner/da-lat/Keyword Stats 2026-02-23 at 00_28_27.csv,Viết bài top-list/so sánh; map vào cluster hub; bổ sung schema + ảnh/UGC,B,3750.0,0%,0
resort đẹp nhất ở đà lạt,Resort Đà Lạt,Lưu trú,In-scope Đà Lạt,Commercial Investigation,50,N/A,N/A,N/A,Planner (Cao),data/google_planner/da-lat/Keyword Stats 2026-02-23 at 00_28_27.csv,Viết bài top-list/so sánh; map vào cluster hub; bổ sung schema + ảnh/UGC,B,3750.0,0%,0
resort đẹp ở hồ tuyền lâm,Resort Đà Lạt,Lưu trú,In-scope Đà Lạt,Commercial Investigation,50,N/A,N/A,N/A,Planner (Cao),data/google_planner/da-lat/Keyword Stats 2026-02-23 at 00_28_27.csv,Viết bài top-list/so sánh; map vào cluster hub; bổ sung schema + ảnh/UGC,B,3750.0,0%,0
resort ở hồ tuyền lâm đà lạt,Resort Đà Lạt,Lưu trú,In-scope Đà Lạt,Commercial Investigation,50,N/A,N/A,N/A,Planner (Cao),data/google_planner/da-lat/Keyword Stats 2026-02-23 at 00_28_27.csv,Viết bài top-list/so sánh; map vào cluster hub; bổ sung schema + ảnh/UGC,B,3750.0,0%,0
top resort ở đà lạt,Resort Đà Lạt,Lưu trú,In-scope Đà Lạt,Commercial Investigation,50,N/A,N/A,N/A,Planner (Không xác định),data/google_planner/da-lat/Keyword Stats 2026-02-23 at 00_28_27.csv,Viết bài top-list/so sánh; map vào cluster hub; bổ sung schema + ảnh/UGC,B,3750.0,-100.0%,0
tour đà lạt wonder resort,Resort Đà Lạt,Lưu trú,In-scope Đà Lạt,Commercial Investigation,50,N/A,N/A,N/A,Planner (Không xác định),data/google_planner/da-lat/Keyword Stats 2026-02-23 at 00_28_27.csv,Viết bài top-list/so sánh; map vào cluster hub; bổ sung schema + ảnh/UGC,B,3750.0,-100.0%,0
wonder resort ở đà lạt,Resort Đà Lạt,Lưu trú,In-scope Đà Lạt,Commercial Investigation,50,N/A,N/A,N/A,Planner (Không xác định),data/google_planner/da-lat/Keyword Stats 2026-02-23 at 00_28_27.csv,Viết bài top-list/so sánh; map vào cluster hub; bổ sung schema + ảnh/UGC,B,3750.0,0%,0
đặt phòng resort đà lạt,Resort Đà Lạt,Lưu trú,In-scope Đà Lạt,Commercial Investigation,50,N/A,N/A,N/A,Planner (Không xác định),data/google_planner/da-lat/Keyword Stats 2026-02-23 at 00_28_27.csv,Viết bài top-list/so sánh; map vào cluster hub; bổ sung schema + ảnh/UGC,B,3750.0,-100.0%,0
đặt resort đà lạt,Resort Đà Lạt,Lưu trú,In-scope Đà Lạt,Commercial Investigation,50,N/A,N/A,N/A,Planner (Cao),data/google_planner/da-lat/Keyword Stats 2026-02-23 at 00_28_27.csv,Viết bài top-list/so sánh; map vào cluster hub; bổ sung schema + ảnh/UGC,B,3750.0,0%,0
tour sài gòn đà lạt 4 ngày 3 đêm,Sài Gòn Trip,Di chuyển,Out-of-scope Sài Gòn,Transaction,500,N/A,N/A,N/A,Planner (Thấp),data/google_planner/da-lat/Keyword Stats 2026-02-23 at 00_28_27.csv,"Tạo landing chuyển đổi (giá/vé/đặt chỗ), gom vào cluster page + build backlink nội bộ",B,27500.0,-90.0%,"4,463"
khách sạn sài gòn đà lạt,Sài Gòn Trip,Lưu trú,Out-of-scope Sài Gòn,Transaction,5400,N/A,N/A,N/A,Low (0),data/seo_insider/advance_search_report.csv,"Tạo landing chuyển đổi (giá/vé/đặt chỗ), gom vào cluster page + build backlink nội bộ",B,5400.0,N/A,N/A
giá phòng khách sạn sài gòn đà lạt,Sài Gòn Trip,Lưu trú,Out-of-scope Sài Gòn,Transaction,50,N/A,N/A,N/A,Planner (Cao),data/google_planner/da-lat/Keyword Stats 2026-02-23 at 00_28_27.csv,"Tạo landing chuyển đổi (giá/vé/đặt chỗ), gom vào cluster page + build backlink nội bộ",B,4125.000000000001,0%,"1,298"
khách sạn sài gòn đà lạt agoda,Sài Gòn Trip,Lưu trú,Out-of-scope Sài Gòn,Commercial Investigation,50,N/A,N/A,N/A,Planner (Cao),data/google_planner/da-lat/Keyword Stats 2026-02-23 at 00_28_27.csv,Viết bài top-list/so sánh; map vào cluster hub; bổ sung schema + ảnh/UGC,B,3750.0,0%,0
tour sài gòn đà lạt 3 ngày 2 đêm,Sài Gòn Trip,Di chuyển,Out-of-scope Sài Gòn,Transaction,50,N/A,N/A,N/A,Planner (Thấp),data/google_planner/da-lat/Keyword Stats 2026-02-23 at 00_28_27.csv,"Tạo landing chuyển đổi (giá/vé/đặt chỗ), gom vào cluster page + build backlink nội bộ",B,2750.0000000000005,0%,"4,075"
tour sài gòn đà lạt 2 ngày 1 đêm,Sài Gòn Trip,Di chuyển,Out-of-scope Sài Gòn,Transaction,50,N/A,N/A,N/A,Planner (Trung bình),data/google_planner/da-lat/Keyword Stats 2026-02-23 at 00_28_27.csv,"Tạo landing chuyển đổi (giá/vé/đặt chỗ), gom vào cluster page + build backlink nội bộ",B,2750.0000000000005,0%,"6,253"
tour đà lạt sài gòn,Sài Gòn Trip,Di chuyển,Out-of-scope Sài Gòn,Commercial Investigation,50,N/A,N/A,N/A,Planner (Trung bình),data/google_planner/da-lat/Keyword Stats 2026-02-23 at 00_28_27.csv,Viết bài top-list/so sánh; map vào cluster hub; bổ sung schema + ảnh/UGC,B,2750.0000000000005,0%,"4,148"
du lịch sài gòn đà lạt 4 ngày 3 đêm,Sài Gòn Trip,Tổng hợp,Out-of-scope Sài Gòn,Informational,50,N/A,N/A,N/A,Planner (Thấp),data/google_planner/da-lat/Keyword Stats 2026-02-23 at 00_28_27.csv,Viết guide/review; ưu tiên long-tail; tạo topic hub và internal link về trang dịch vụ,B,2500.0,0%,0
du lịch đà lạt sài gòn tourist,Sài Gòn Trip,Di chuyển,Out-of-scope Sài Gòn,Informational,50,N/A,N/A,N/A,Planner (Không xác định),data/google_planner/da-lat/Keyword Stats 2026-02-23 at 00_28_27.csv,Viết guide/review; ưu tiên long-tail; tạo topic hub và internal link về trang dịch vụ,B,2500.0,-100.0%,0
tour sài gòn đà lạt 3 ngày 3 đêm,Sài Gòn Trip,Di chuyển,Out-of-scope Sài Gòn,Transaction,50,N/A,N/A,N/A,Planner (Thấp),data/google_planner/da-lat/Keyword Stats 2026-02-23 at 00_28_27.csv,"Tạo landing chuyển đổi (giá/vé/đặt chỗ), gom vào cluster page + build backlink nội bộ",B,2500.0,0%,0
tour đà lạt 3 ngày 2 đêm từ sài gòn,Sài Gòn Trip,Di chuyển,Out-of-scope Sài Gòn,Transaction,50,N/A,N/A,N/A,Planner (Thấp),data/google_planner/da-lat/Keyword Stats 2026-02-23 at 00_28_27.csv,"Tạo landing chuyển đổi (giá/vé/đặt chỗ), gom vào cluster page + build backlink nội bộ",B,2500.0,0%,0
tour sài gòn đà lạt bằng máy bay,Sài Gòn Trip,Di chuyển,Out-of-scope Sài Gòn,Commercial Investigation,50,N/A,N/A,N/A,Planner (Thấp),data/google_planner/da-lat/Keyword Stats 2026-02-23 at 00_28_27.csv,Viết bài top-list/so sánh; map vào cluster hub; bổ sung schema + ảnh/UGC,B,2500.0,0%,0
tour sài gòn đà lạt máy bay,Sài Gòn Trip,Di chuyển,Out-of-scope Sài Gòn,Commercial Investigation,50,N/A,N/A,N/A,Planner (Thấp),data/google_planner/da-lat/Keyword Stats 2026-02-23 at 00_28_27.csv,Viết bài top-list/so sánh; map vào cluster hub; bổ sung schema + ảnh/UGC,B,2500.0,0%,0
tour đà lạt sài gòn tourist,Sài Gòn Trip,Di chuyển,Out-of-scope Sài Gòn,Commercial Investigation,50,N/A,N/A,N/A,Planner (Trung bình),data/google_planner/da-lat/Keyword Stats 2026-02-23 at 00_28_27.csv,Viết bài top-list/so sánh; map vào cluster hub; bổ sung schema + ảnh/UGC,B,2500.0,0%,0
tour đà lạt từ sài gòn,Sài Gòn Trip,Di chuyển,Out-of-scope Sài Gòn,Commercial Investigation,50,N/A,N/A,N/A,Planner (Thấp),data/google_planner/da-lat/Keyword Stats 2026-02-23 at 00_28_27.csv,Viết bài top-list/so sánh; map vào cluster hub; bổ sung schema + ảnh/UGC,B,2500.0,0%,0
tour sóc trăng đà lạt,Sóc Trăng Trip,Di chuyển,Out-of-scope Sóc Trăng,Commercial Investigation,50,N/A,N/A,N/A,Planner (Thấp),data/google_planner/da-lat/Keyword Stats 2026-02-23 at 00_28_27.csv,Viết bài top-list/so sánh; map vào cluster hub; bổ sung schema + ảnh/UGC,B,2500.0,0%,0
tour du lịch thanh hóa đà lạt,Thanh Hóa Trip,Di chuyển,Out-of-scope Thanh Hóa,Commercial Investigation,50,N/A,N/A,N/A,Planner (Thấp),data/google_planner/da-lat/Keyword Stats 2026-02-23 at 00_28_27.csv,Viết bài top-list/so sánh; map vào cluster hub; bổ sung schema + ảnh/UGC,B,2500.0,0%,0
tour thanh hoá đà lạt,Thanh Hóa Trip,Di chuyển,Out-of-scope Thanh Hóa,Commercial Investigation,50,N/A,N/A,N/A,Planner (Thấp),data/google_planner/da-lat/Keyword Stats 2026-02-23 at 00_28_27.csv,Viết bài top-list/so sánh; map vào cluster hub; bổ sung schema + ảnh/UGC,B,2500.0,0%,0
tour tphcm đà lạt 4 ngày 3 đêm,Tphcm Trip,Di chuyển,Out-of-scope Tphcm,Transaction,50,N/A,N/A,N/A,Planner (Thấp),data/google_planner/da-lat/Keyword Stats 2026-02-23 at 00_28_27.csv,"Tạo landing chuyển đổi (giá/vé/đặt chỗ), gom vào cluster page + build backlink nội bộ",B,2500.0,0%,0
tour du lịch tây ninh đà lạt,Tây Ninh Trip,Di chuyển,Out-of-scope Tây Ninh,Commercial Investigation,50,N/A,N/A,N/A,Planner (Thấp),data/google_planner/da-lat/Keyword Stats 2026-02-23 at 00_28_27.csv,Viết bài top-list/so sánh; map vào cluster hub; bổ sung schema + ảnh/UGC,B,2500.0,0%,0
tour tây ninh đà lạt,Tây Ninh Trip,Di chuyển,Out-of-scope Tây Ninh,Commercial Investigation,50,N/A,N/A,N/A,Planner (Thấp),data/google_planner/da-lat/Keyword Stats 2026-02-23 at 00_28_27.csv,Viết bài top-list/so sánh; map vào cluster hub; bổ sung schema + ảnh/UGC,B,2500.0,0%,0
đồi vọng cảnh đà lạt,Tổng hợp Đà Lạt,Tổng hợp,In-scope Đà Lạt,Informational,N/A,107,13,12.15%,N/A (N/A),data/google_search_console/Queries.csv,"Cập nhật nội dung theo intent, bổ sung FAQ + schema, tối ưu title/meta để đẩy Top 1-3",A,13.0,N/A,N/A
ảnh đẹp đà lạt,Tổng hợp Đà Lạt,Tổng hợp,In-scope Đà Lạt,Informational,N/A,683,12,1.76%,N/A (N/A),data/google_search_console/Queries.csv,"Cập nhật nội dung theo intent, bổ sung FAQ + schema, tối ưu title/meta để đẩy Top 1-3",A,12.0,N/A,N/A
tua du lich đà lạt,Tổng hợp Đà Lạt,Tổng hợp,In-scope Đà Lạt,Informational,5000,N/A,N/A,N/A,Planner (Trung bình),data/google_planner/da-lat/Keyword Stats 2026-02-23 at 00_28_27.csv,Viết guide/review; ưu tiên long-tail; tạo topic hub và internal link về trang dịch vụ,B,275000.0,0%,"6,065"
đi chơi đà lạt,Tổng hợp Đà Lạt,Tổng hợp,In-scope Đà Lạt,Informational,500,N/A,N/A,N/A,Planner (Trung bình),data/google_planner/da-lat/Keyword Stats 2026-02-23 at 00_28_27.csv,Viết guide/review; ưu tiên long-tail; tạo topic hub và internal link về trang dịch vụ,B,27500.0,0%,"11,267"
book phòng đà lạt,Tổng hợp Đà Lạt,Tổng hợp,In-scope Đà Lạt,Informational,500,N/A,N/A,N/A,Planner (Cao),data/google_planner/da-lat/Keyword Stats 2026-02-23 at 00_28_27.csv,Viết guide/review; ưu tiên long-tail; tạo topic hub và internal link về trang dịch vụ,B,27500.0,0%,"44,179"
du lịch đà lạt 3 ngày 2 đêm,Tổng hợp Đà Lạt,Tổng hợp,In-scope Đà Lạt,Informational,500,N/A,N/A,N/A,Planner (Trung bình),data/google_planner/da-lat/Keyword Stats 2026-02-23 at 00_28_27.csv,Viết guide/review; ưu tiên long-tail; tạo topic hub và internal link về trang dịch vụ,B,27500.0,0%,"4,393"
muong thanh da lat,Tổng hợp Đà Lạt,Tổng hợp,In-scope Đà Lạt,Informational,500,N/A,N/A,N/A,Planner (Cao),data/google_planner/da-lat/Keyword Stats 2026-02-23 at 00_28_27.csv,Viết guide/review; ưu tiên long-tail; tạo topic hub và internal link về trang dịch vụ,B,27500.0,0%,"15,475"
du lịch đà lạt 4 ngày 3 đêm,Tổng hợp Đà Lạt,Tổng hợp,In-scope Đà Lạt,Informational,500,N/A,N/A,N/A,Planner (Thấp),data/google_planner/da-lat/Keyword Stats 2026-02-23 at 00_28_27.csv,Viết guide/review; ưu tiên long-tail; tạo topic hub và internal link về trang dịch vụ,B,27500.0,-90.0%,"2,395"
du lich dalat,Tổng hợp Đà Lạt,Tổng hợp,In-scope Đà Lạt,Informational,500,N/A,N/A,N/A,Planner (Trung bình),data/google_planner/da-lat/Keyword Stats 2026-02-23 at 00_28_27.csv,Viết guide/review; ưu tiên long-tail; tạo topic hub và internal link về trang dịch vụ,B,27500.0,0%,"11,735"
lịch trình đi đà lạt,Tổng hợp Đà Lạt,Tổng hợp,In-scope Đà Lạt,Informational,500,N/A,N/A,N/A,Planner (Thấp),data/google_planner/da-lat/Keyword Stats 2026-02-23 at 00_28_27.csv,Viết guide/review; ưu tiên long-tail; tạo topic hub và internal link về trang dịch vụ,B,27500.0,-90.0%,"2,577"
lịch trình đà lạt 3 ngày 2 đêm,Tổng hợp Đà Lạt,Tổng hợp,In-scope Đà Lạt,Informational,500,N/A,N/A,N/A,Planner (Thấp),data/google_planner/da-lat/Keyword Stats 2026-02-23 at 00_28_27.csv,Viết guide/review; ưu tiên long-tail; tạo topic hub và internal link về trang dịch vụ,B,27500.0,0%,"2,374"
địa điểm vui chơi đà lạt,Tổng hợp Đà Lạt,Tổng hợp,In-scope Đà Lạt,Informational,500,N/A,N/A,N/A,Planner (Trung bình),data/google_planner/da-lat/Keyword Stats 2026-02-23 at 00_28_27.csv,Viết guide/review; ưu tiên long-tail; tạo topic hub và internal link về trang dịch vụ,B,27500.0,0%,"1,818"
các khu vui chơi ở đà lạt,Tổng hợp Đà Lạt,Tổng hợp,In-scope Đà Lạt,Informational,500,N/A,N/A,N/A,Planner (Trung bình),data/google_planner/da-lat/Keyword Stats 2026-02-23 at 00_28_27.csv,Viết guide/review; ưu tiên long-tail; tạo topic hub và internal link về trang dịch vụ,B,27500.0,-90.0%,"1,251"
các địa điểm vui chơi ở đà lạt,Tổng hợp Đà Lạt,Tổng hợp,In-scope Đà Lạt,Informational,500,N/A,N/A,N/A,Planner (Trung bình),data/google_planner/da-lat/Keyword Stats 2026-02-23 at 00_28_27.csv,Viết guide/review; ưu tiên long-tail; tạo topic hub và internal link về trang dịch vụ,B,27500.0,-90.0%,"3,376"
công ty du lịch đà lạt,Tổng hợp Đà Lạt,Tổng hợp,In-scope Đà Lạt,Informational,500,N/A,N/A,N/A,Planner (Thấp),data/google_planner/da-lat/Keyword Stats 2026-02-23 at 00_28_27.csv,Viết guide/review; ưu tiên long-tail; tạo topic hub và internal link về trang dịch vụ,B,27500.0,-90.0%,"15,322"
lễ hội cồng chiêng đà lạt,Tổng hợp Đà Lạt,Tổng hợp,In-scope Đà Lạt,Informational,500,N/A,N/A,N/A,Planner (Thấp),data/google_planner/da-lat/Keyword Stats 2026-02-23 at 00_28_27.csv,Viết guide/review; ưu tiên long-tail; tạo topic hub và internal link về trang dịch vụ,B,27500.0,0%,"3,636"
lịch trình đi đà lạt 3 ngày 2 đêm,Tổng hợp Đà Lạt,Tổng hợp,In-scope Đà Lạt,Informational,500,N/A,N/A,N/A,Planner (Thấp),data/google_planner/da-lat/Keyword Stats 2026-02-23 at 00_28_27.csv,Viết guide/review; ưu tiên long-tail; tạo topic hub và internal link về trang dịch vụ,B,27500.0,-90.0%,"4,756"
thác đà lạt,Tổng hợp Đà Lạt,Tổng hợp,In-scope Đà Lạt,Informational,500,N/A,N/A,N/A,Planner (Thấp),data/google_planner/da-lat/Keyword Stats 2026-02-23 at 00_28_27.csv,Viết guide/review; ưu tiên long-tail; tạo topic hub và internal link về trang dịch vụ,B,27500.0,0%,"4,595"
đà lạt du lich,Tổng hợp Đà Lạt,Tổng hợp,In-scope Đà Lạt,Informational,500,N/A,N/A,N/A,Planner (Trung bình),data/google_planner/da-lat/Keyword Stats 2026-02-23 at 00_28_27.csv,Viết guide/review; ưu tiên long-tail; tạo topic hub và internal link về trang dịch vụ,B,27500.0,0%,"11,167"
địa điểm đi chơi đà lạt,Tổng hợp Đà Lạt,Tổng hợp,In-scope Đà Lạt,Informational,500,N/A,N/A,N/A,Planner (Trung bình),data/google_planner/da-lat/Keyword Stats 2026-02-23 at 00_28_27.csv,Viết guide/review; ưu tiên long-tail; tạo topic hub và internal link về trang dịch vụ,B,27500.0,-90.0%,"3,633"
giao lưu văn hóa cồng chiêng đà lạt,Tổng hợp Đà Lạt,Tổng hợp,In-scope Đà Lạt,Informational,500,N/A,N/A,N/A,Planner (Thấp),data/google_planner/da-lat/Keyword Stats 2026-02-23 at 00_28_27.csv,Viết guide/review; ưu tiên long-tail; tạo topic hub và internal link về trang dịch vụ,B,25000.0,0%,0
phượng hoàng cổ trấn đà lạt,Tổng hợp Đà Lạt,Tổng hợp,In-scope Đà Lạt,Informational,500,N/A,N/A,N/A,Planner (Thấp),data/google_planner/da-lat/Keyword Stats 2026-02-23 at 00_28_27.csv,Viết guide/review; ưu tiên long-tail; tạo topic hub và internal link về trang dịch vụ,B,25000.0,0%,0
vườn thượng uyển bay đà lạt,Tổng hợp Đà Lạt,Tổng hợp,In-scope Đà Lạt,Informational,500,N/A,N/A,N/A,Planner (Thấp),data/google_planner/da-lat/Keyword Stats 2026-02-23 at 00_28_27.csv,Viết guide/review; ưu tiên long-tail; tạo topic hub và internal link về trang dịch vụ,B,25000.0,0%,0
vườn hoa thành phố đà lạt,Tổng hợp Đà Lạt,Tổng hợp,In-scope Đà Lạt,Commercial Investigation,12100,N/A,N/A,N/A,Low (0),data/seo_insider/advance_search_report.csv,Viết bài top-list/so sánh; map vào cluster hub; bổ sung schema + ảnh/UGC,B,12100.0,N/A,N/A
quảng trường đà lạt,Tổng hợp Đà Lạt,Tổng hợp,In-scope Đà Lạt,Commercial Investigation,9900,N/A,N/A,N/A,Low (0),data/seo_insider/advance_search_report.csv,Viết bài top-list/so sánh; map vào cluster hub; bổ sung schema + ảnh/UGC,B,9900.0,N/A,N/A
khu du lịch cáp treo đà lạt,Tổng hợp Đà Lạt,Tổng hợp,In-scope Đà Lạt,Informational,6600,N/A,N/A,N/A,Low (0),data/seo_insider/advance_search_report.csv,Viết guide/review; ưu tiên long-tail; tạo topic hub và internal link về trang dịch vụ,B,6600.0,N/A,N/A
an sơn hồ đà lạt,Tổng hợp Đà Lạt,Tổng hợp,In-scope Đà Lạt,Commercial Investigation,6600,N/A,N/A,N/A,Low (0),data/seo_insider/advance_search_report.csv,Viết bài top-list/so sánh; map vào cluster hub; bổ sung schema + ảnh/UGC,B,6600.0,N/A,N/A
lễ hội cồng chiêng ở đà lạt,Tổng hợp Đà Lạt,Tổng hợp,In-scope Đà Lạt,Informational,50,N/A,N/A,N/A,Planner (Thấp),data/google_planner/da-lat/Keyword Stats 2026-02-23 at 00_28_27.csv,Viết guide/review; ưu tiên long-tail; tạo topic hub và internal link về trang dịch vụ,B,3250.0,900.0%,"2,833"
đặt phòng đa lạt,Tổng hợp Đà Lạt,Tổng hợp,In-scope Đà Lạt,Informational,50,N/A,N/A,N/A,Planner (Cao),data/google_planner/da-lat/Keyword Stats 2026-02-23 at 00_28_27.csv,Viết guide/review; ưu tiên long-tail; tạo topic hub và internal link về trang dịch vụ,B,2750.0000000000005,0%,"79,326"
du lich da lạt,Tổng hợp Đà Lạt,Tổng hợp,In-scope Đà Lạt,Informational,50,N/A,N/A,N/A,Planner (Cao),data/google_planner/da-lat/Keyword Stats 2026-02-23 at 00_28_27.csv,Viết guide/review; ưu tiên long-tail; tạo topic hub và internal link về trang dịch vụ,B,2750.0000000000005,0%,"10,407"
đặt phòng ở đà lạt,Tổng hợp Đà Lạt,Tổng hợp,In-scope Đà Lạt,Informational,50,N/A,N/A,N/A,Planner (Cao),data/google_planner/da-lat/Keyword Stats 2026-02-23 at 00_28_27.csv,Viết guide/review; ưu tiên long-tail; tạo topic hub và internal link về trang dịch vụ,B,2750.0000000000005,0%,"117,051"
phòng ở đà lạt,Tổng hợp Đà Lạt,Tổng hợp,In-scope Đà Lạt,Informational,50,N/A,N/A,N/A,Planner (Cao),data/google_planner/da-lat/Keyword Stats 2026-02-23 at 00_28_27.csv,Viết guide/review; ưu tiên long-tail; tạo topic hub và internal link về trang dịch vụ,B,2750.0000000000005,-90.0%,"26,959"
đặt phòng ks đà lạt,Tổng hợp Đà Lạt,Tổng hợp,In-scope Đà Lạt,Informational,50,N/A,N/A,N/A,Planner (Cao),data/google_planner/da-lat/Keyword Stats 2026-02-23 at 00_28_27.csv,Viết guide/review; ưu tiên long-tail; tạo topic hub và internal link về trang dịch vụ,B,2750.0000000000005,0%,"68,954"
đặt phòng terracotta đà lạt,Tổng hợp Đà Lạt,Tổng hợp,In-scope Đà Lạt,Informational,50,N/A,N/A,N/A,Planner (Cao),data/google_planner/da-lat/Keyword Stats 2026-02-23 at 00_28_27.csv,Viết guide/review; ưu tiên long-tail; tạo topic hub và internal link về trang dịch vụ,B,2750.0000000000005,0%,"20,552"
đặt phòng tại đà lạt,Tổng hợp Đà Lạt,Tổng hợp,In-scope Đà Lạt,Informational,50,N/A,N/A,N/A,Planner (Trung bình),data/google_planner/da-lat/Keyword Stats 2026-02-23 at 00_28_27.csv,Viết guide/review; ưu tiên long-tail; tạo topic hub và internal link về trang dịch vụ,B,2750.0000000000005,0%,"58,319"
book phong dalat,Tổng hợp Đà Lạt,Tổng hợp,In-scope Đà Lạt,Informational,50,N/A,N/A,N/A,Planner (Cao),data/google_planner/da-lat/Keyword Stats 2026-02-23 at 00_28_27.csv,Viết guide/review; ưu tiên long-tail; tạo topic hub và internal link về trang dịch vụ,B,2750.0000000000005,0%,"24,329"
ksan đà lạt,Tổng hợp Đà Lạt,Tổng hợp,In-scope Đà Lạt,Informational,50,N/A,N/A,N/A,Planner (Cao),data/google_planner/da-lat/Keyword Stats 2026-02-23 at 00_28_27.csv,Viết guide/review; ưu tiên long-tail; tạo topic hub và internal link về trang dịch vụ,B,2750.0000000000005,0%,"29,044"
đặt phòng đà lạt gần chợ đêm,Tổng hợp Đà Lạt,Tổng hợp,In-scope Đà Lạt,Informational,50,N/A,N/A,N/A,Planner (Cao),data/google_planner/da-lat/Keyword Stats 2026-02-23 at 00_28_27.csv,Viết guide/review; ưu tiên long-tail; tạo topic hub và internal link về trang dịch vụ,B,2750.0000000000005,0%,"46,949"
du lịch đà lạt 2 ngày 1 đêm,Tổng hợp Đà Lạt,Tổng hợp,In-scope Đà Lạt,Informational,50,N/A,N/A,N/A,Planner (Trung bình),data/google_planner/da-lat/Keyword Stats 2026-02-23 at 00_28_27.csv,Viết guide/review; ưu tiên long-tail; tạo topic hub và internal link về trang dịch vụ,B,2750.0000000000005,0%,"4,937"
đặt phòng đà lạt view đẹp,Tổng hợp Đà Lạt,Tổng hợp,In-scope Đà Lạt,Informational,50,N/A,N/A,N/A,Planner (Cao),data/google_planner/da-lat/Keyword Stats 2026-02-23 at 00_28_27.csv,Viết guide/review; ưu tiên long-tail; tạo topic hub và internal link về trang dịch vụ,B,2750.0000000000005,0%,"28,544"
du lich da lat 3 ngay 2 dem,Tổng hợp Đà Lạt,Tổng hợp,In-scope Đà Lạt,Informational,50,N/A,N/A,N/A,Planner (Cao),data/google_planner/da-lat/Keyword Stats 2026-02-23 at 00_28_27.csv,Viết guide/review; ưu tiên long-tail; tạo topic hub và internal link về trang dịch vụ,B,2750.0000000000005,0%,"6,926"
chi phí du lịch đà lạt,Tổng hợp Đà Lạt,Tổng hợp,In-scope Đà Lạt,Informational,50,N/A,N/A,N/A,Planner (Thấp),data/google_planner/da-lat/Keyword Stats 2026-02-23 at 00_28_27.csv,Viết guide/review; ưu tiên long-tail; tạo topic hub và internal link về trang dịch vụ,B,2750.0000000000005,0%,636
chi phí du lịch đà lạt 4 ngày 3 đêm,Tổng hợp Đà Lạt,Tổng hợp,In-scope Đà Lạt,Informational,50,N/A,N/A,N/A,Planner (Thấp),data/google_planner/da-lat/Keyword Stats 2026-02-23 at 00_28_27.csv,Viết guide/review; ưu tiên long-tail; tạo topic hub và internal link về trang dịch vụ,B,2750.0000000000005,0%,"4,466"
chương trình du lịch đà lạt,Tổng hợp Đà Lạt,Tổng hợp,In-scope Đà Lạt,Informational,50,N/A,N/A,N/A,Planner (Thấp),data/google_planner/da-lat/Keyword Stats 2026-02-23 at 00_28_27.csv,Viết guide/review; ưu tiên long-tail; tạo topic hub và internal link về trang dịch vụ,B,2750.0000000000005,0%,"3,372"
chương trình du lịch đà lạt 3 ngày 2 đêm,Tổng hợp Đà Lạt,Tổng hợp,In-scope Đà Lạt,Informational,50,N/A,N/A,N/A,Planner (Trung bình),data/google_planner/da-lat/Keyword Stats 2026-02-23 at 00_28_27.csv,Viết guide/review; ưu tiên long-tail; tạo topic hub và internal link về trang dịch vụ,B,2750.0000000000005,0%,"2,323"
chỗ đi chơi đà lạt,Tổng hợp Đà Lạt,Tổng hợp,In-scope Đà Lạt,Informational,50,N/A,N/A,N/A,Planner (Trung bình),data/google_planner/da-lat/Keyword Stats 2026-02-23 at 00_28_27.csv,Viết guide/review; ưu tiên long-tail; tạo topic hub và internal link về trang dịch vụ,B,2750.0000000000005,0%,"4,971"
chỗ đi chơi ở đà lạt,Tổng hợp Đà Lạt,Tổng hợp,In-scope Đà Lạt,Informational,50,N/A,N/A,N/A,Planner (Trung bình),data/google_planner/da-lat/Keyword Stats 2026-02-23 at 00_28_27.csv,Viết guide/review; ưu tiên long-tail; tạo topic hub và internal link về trang dịch vụ,B,2750.0000000000005,0%,"4,858"
các chỗ đi chơi ở đà lạt,Tổng hợp Đà Lạt,Tổng hợp,In-scope Đà Lạt,Informational,50,N/A,N/A,N/A,Planner (Trung bình),data/google_planner/da-lat/Keyword Stats 2026-02-23 at 00_28_27.csv,Viết guide/review; ưu tiên long-tail; tạo topic hub và internal link về trang dịch vụ,B,2750.0000000000005,0%,"8,233"
các điểm chơi ở đà lạt,Tổng hợp Đà Lạt,Tổng hợp,In-scope Đà Lạt,Informational,50,N/A,N/A,N/A,Planner (Cao),data/google_planner/da-lat/Keyword Stats 2026-02-23 at 00_28_27.csv,Viết guide/review; ưu tiên long-tail; tạo topic hub và internal link về trang dịch vụ,B,2750.0000000000005,0%,"4,255"
các điểm vui chơi đà lạt,Tổng hợp Đà Lạt,Tổng hợp,In-scope Đà Lạt,Informational,50,N/A,N/A,N/A,Planner (Cao),data/google_planner/da-lat/Keyword Stats 2026-02-23 at 00_28_27.csv,Viết guide/review; ưu tiên long-tail; tạo topic hub và internal link về trang dịch vụ,B,2750.0000000000005,0%,"5,556"
các điểm đi chơi đà lạt,Tổng hợp Đà Lạt,Tổng hợp,In-scope Đà Lạt,Informational,50,N/A,N/A,N/A,Planner (Cao),data/google_planner/da-lat/Keyword Stats 2026-02-23 at 00_28_27.csv,Viết guide/review; ưu tiên long-tail; tạo topic hub và internal link về trang dịch vụ,B,2750.0000000000005,0%,"5,194"
các điểm đi chơi ở đà lạt,Tổng hợp Đà Lạt,Tổng hợp,In-scope Đà Lạt,Informational,50,N/A,N/A,N/A,Planner (Cao),data/google_planner/da-lat/Keyword Stats 2026-02-23 at 00_28_27.csv,Viết guide/review; ưu tiên long-tail; tạo topic hub và internal link về trang dịch vụ,B,2750.0000000000005,0%,"4,383"
các địa điểm chơi ở đà lạt,Tổng hợp Đà Lạt,Tổng hợp,In-scope Đà Lạt,Informational,50,N/A,N/A,N/A,Planner (Cao),data/google_planner/da-lat/Keyword Stats 2026-02-23 at 00_28_27.csv,Viết guide/review; ưu tiên long-tail; tạo topic hub và internal link về trang dịch vụ,B,2750.0000000000005,0%,"3,660"
các địa điểm vui chơi đà lạt,Tổng hợp Đà Lạt,Tổng hợp,In-scope Đà Lạt,Informational,50,N/A,N/A,N/A,Planner (Trung bình),data/google_planner/da-lat/Keyword Stats 2026-02-23 at 00_28_27.csv,Viết guide/review; ưu tiên long-tail; tạo topic hub và internal link về trang dịch vụ,B,2750.0000000000005,0%,"4,850"
các địa điểm đi chơi đà lạt,Tổng hợp Đà Lạt,Tổng hợp,In-scope Đà Lạt,Informational,50,N/A,N/A,N/A,Planner (Cao),data/google_planner/da-lat/Keyword Stats 2026-02-23 at 00_28_27.csv,Viết guide/review; ưu tiên long-tail; tạo topic hub và internal link về trang dịch vụ,B,2750.0000000000005,0%,"6,380"
các địa điểm đi chơi ở đà lạt,Tổng hợp Đà Lạt,Tổng hợp,In-scope Đà Lạt,Informational,50,N/A,N/A,N/A,Planner (Trung bình),data/google_planner/da-lat/Keyword Stats 2026-02-23 at 00_28_27.csv,Viết guide/review; ưu tiên long-tail; tạo topic hub và internal link về trang dịch vụ,B,2750.0000000000005,0%,"7,426"
da lat di dau choi,Tổng hợp Đà Lạt,Tổng hợp,In-scope Đà Lạt,Informational,50,N/A,N/A,N/A,Planner (Cao),data/google_planner/da-lat/Keyword Stats 2026-02-23 at 00_28_27.csv,Viết guide/review; ưu tiên long-tail; tạo topic hub và internal link về trang dịch vụ,B,2750.0000000000005,0%,"15,997"
di choi da lat,Tổng hợp Đà Lạt,Tổng hợp,In-scope Đà Lạt,Informational,50,N/A,N/A,N/A,Planner (Trung bình),data/google_planner/da-lat/Keyword Stats 2026-02-23 at 00_28_27.csv,Viết guide/review; ưu tiên long-tail; tạo topic hub và internal link về trang dịch vụ,B,2750.0000000000005,0%,"16,699"
di da lat choi gi,Tổng hợp Đà Lạt,Tổng hợp,In-scope Đà Lạt,Informational,50,N/A,N/A,N/A,Planner (Cao),data/google_planner/da-lat/Keyword Stats 2026-02-23 at 00_28_27.csv,Viết guide/review; ưu tiên long-tail; tạo topic hub và internal link về trang dịch vụ,B,2750.0000000000005,0%,"6,019"
di dau choi o da lat,Tổng hợp Đà Lạt,Tổng hợp,In-scope Đà Lạt,Informational,50,N/A,N/A,N/A,Planner (Cao),data/google_planner/da-lat/Keyword Stats 2026-02-23 at 00_28_27.csv,Viết guide/review; ưu tiên long-tail; tạo topic hub và internal link về trang dịch vụ,B,2750.0000000000005,0%,"3,269"
du lich da lat 4 ngay 3 dem,Tổng hợp Đà Lạt,Tổng hợp,In-scope Đà Lạt,Informational,50,N/A,N/A,N/A,Planner (Trung bình),data/google_planner/da-lat/Keyword Stats 2026-02-23 at 00_28_27.csv,Viết guide/review; ưu tiên long-tail; tạo topic hub và internal link về trang dịch vụ,B,2750.0000000000005,0%,"4,711"
du lịch tết đà lạt,Tổng hợp Đà Lạt,Tổng hợp,In-scope Đà Lạt,Informational,50,N/A,N/A,N/A,Planner (Trung bình),data/google_planner/da-lat/Keyword Stats 2026-02-23 at 00_28_27.csv,Viết guide/review; ưu tiên long-tail; tạo topic hub và internal link về trang dịch vụ,B,2750.0000000000005,0%,"4,378"
du lịch đà lạt 1 ngày,Tổng hợp Đà Lạt,Tổng hợp,In-scope Đà Lạt,Informational,50,N/A,N/A,N/A,Planner (Trung bình),data/google_planner/da-lat/Keyword Stats 2026-02-23 at 00_28_27.csv,Viết guide/review; ưu tiên long-tail; tạo topic hub và internal link về trang dịch vụ,B,2750.0000000000005,0%,"13,395"
du lịch đà lạt 2 ngày 1 đêm tự túc,Tổng hợp Đà Lạt,Tổng hợp,In-scope Đà Lạt,Informational,50,N/A,N/A,N/A,Planner (Thấp),data/google_planner/da-lat/Keyword Stats 2026-02-23 at 00_28_27.csv,Viết guide/review; ưu tiên long-tail; tạo topic hub và internal link về trang dịch vụ,B,2750.0000000000005,0%,"2,078"
du lịch đà lạt 4 ngày 3 đêm tự túc,Tổng hợp Đà Lạt,Tổng hợp,In-scope Đà Lạt,Informational,50,N/A,N/A,N/A,Planner (Trung bình),data/google_planner/da-lat/Keyword Stats 2026-02-23 at 00_28_27.csv,Viết guide/review; ưu tiên long-tail; tạo topic hub và internal link về trang dịch vụ,B,2750.0000000000005,-90.0%,"4,687"
du lịch đà lạt dịp tết nguyên đán,Tổng hợp Đà Lạt,Tổng hợp,In-scope Đà Lạt,Informational,50,N/A,N/A,N/A,Planner (Trung bình),data/google_planner/da-lat/Keyword Stats 2026-02-23 at 00_28_27.csv,Viết guide/review; ưu tiên long-tail; tạo topic hub và internal link về trang dịch vụ,B,2750.0000000000005,0%,"1,768"
du lịch đà lạt tháng 1,Tổng hợp Đà Lạt,Tổng hợp,In-scope Đà Lạt,Informational,50,N/A,N/A,N/A,Planner (Trung bình),data/google_planner/da-lat/Keyword Stats 2026-02-23 at 00_28_27.csv,Viết guide/review; ưu tiên long-tail; tạo topic hub và internal link về trang dịch vụ,B,2750.0000000000005,-90.0%,"2,048"
du lịch đà lạt tháng nào đẹp nhất,Tổng hợp Đà Lạt,Tổng hợp,In-scope Đà Lạt,Informational,50,N/A,N/A,N/A,Planner (Thấp),data/google_planner/da-lat/Keyword Stats 2026-02-23 at 00_28_27.csv,Viết guide/review; ưu tiên long-tail; tạo topic hub và internal link về trang dịch vụ,B,2750.0000000000005,0%,276
du lịch đà lạt tết dương lịch,Tổng hợp Đà Lạt,Tổng hợp,In-scope Đà Lạt,Informational,50,N/A,N/A,N/A,Planner (Cao),data/google_planner/da-lat/Keyword Stats 2026-02-23 at 00_28_27.csv,Viết guide/review; ưu tiên long-tail; tạo topic hub và internal link về trang dịch vụ,B,2750.0000000000005,0%,"5,673"
du lịch đà lạt tết nguyên đán,Tổng hợp Đà Lạt,Tổng hợp,In-scope Đà Lạt,Informational,50,N/A,N/A,N/A,Planner (Trung bình),data/google_planner/da-lat/Keyword Stats 2026-02-23 at 00_28_27.csv,Viết guide/review; ưu tiên long-tail; tạo topic hub và internal link về trang dịch vụ,B,2750.0000000000005,0%,"2,530"
du lịch đà lạt tết tây,Tổng hợp Đà Lạt,Tổng hợp,In-scope Đà Lạt,Informational,50,N/A,N/A,N/A,Planner (Trung bình),data/google_planner/da-lat/Keyword Stats 2026-02-23 at 00_28_27.csv,Viết guide/review; ưu tiên long-tail; tạo topic hub và internal link về trang dịch vụ,B,2750.0000000000005,0%,"3,205"
du lịch đà lạt tết âm lịch,Tổng hợp Đà Lạt,Tổng hợp,In-scope Đà Lạt,Informational,50,N/A,N/A,N/A,Planner (Trung bình),data/google_planner/da-lat/Keyword Stats 2026-02-23 at 00_28_27.csv,Viết guide/review; ưu tiên long-tail; tạo topic hub và internal link về trang dịch vụ,B,2750.0000000000005,0%,"6,052"
du lịch đà lạt tự túc 4 ngày 3 đêm,Tổng hợp Đà Lạt,Tổng hợp,In-scope Đà Lạt,Informational,50,N/A,N/A,N/A,Planner (Trung bình),data/google_planner/da-lat/Keyword Stats 2026-02-23 at 00_28_27.csv,Viết guide/review; ưu tiên long-tail; tạo topic hub và internal link về trang dịch vụ,B,2750.0000000000005,0%,"5,062"
du lịch đà lạt vietravel,Tổng hợp Đà Lạt,Tổng hợp,In-scope Đà Lạt,Informational,50,N/A,N/A,N/A,Planner (Thấp),data/google_planner/da-lat/Keyword Stats 2026-02-23 at 00_28_27.csv,Viết guide/review; ưu tiên long-tail; tạo topic hub và internal link về trang dịch vụ,B,2750.0000000000005,0%,"4,343"
gói du lịch đà lạt,Tổng hợp Đà Lạt,Tổng hợp,In-scope Đà Lạt,Informational,50,N/A,N/A,N/A,Planner (Trung bình),data/google_planner/da-lat/Keyword Stats 2026-02-23 at 00_28_27.csv,Viết guide/review; ưu tiên long-tail; tạo topic hub và internal link về trang dịch vụ,B,2750.0000000000005,0%,"2,578"
lang cu lan da lat,Tổng hợp Đà Lạt,Tổng hợp,In-scope Đà Lạt,Informational,50,N/A,N/A,N/A,Planner (Thấp),data/google_planner/da-lat/Keyword Stats 2026-02-23 at 00_28_27.csv,Viết guide/review; ưu tiên long-tail; tạo topic hub và internal link về trang dịch vụ,B,2750.0000000000005,0%,"7,819"
lịch trình 3 ngày 2 đêm đà lạt,Tổng hợp Đà Lạt,Tổng hợp,In-scope Đà Lạt,Informational,50,N/A,N/A,N/A,Planner (Thấp),data/google_planner/da-lat/Keyword Stats 2026-02-23 at 00_28_27.csv,Viết guide/review; ưu tiên long-tail; tạo topic hub và internal link về trang dịch vụ,B,2750.0000000000005,0%,"4,106"
lịch trình du lịch đà lạt,Tổng hợp Đà Lạt,Tổng hợp,In-scope Đà Lạt,Informational,50,N/A,N/A,N/A,Planner (Thấp),data/google_planner/da-lat/Keyword Stats 2026-02-23 at 00_28_27.csv,Viết guide/review; ưu tiên long-tail; tạo topic hub và internal link về trang dịch vụ,B,2750.0000000000005,-90.0%,"2,425"
lịch trình du lịch đà lạt 3 ngày 2 đêm,Tổng hợp Đà Lạt,Tổng hợp,In-scope Đà Lạt,Informational,50,N/A,N/A,N/A,Planner (Thấp),data/google_planner/da-lat/Keyword Stats 2026-02-23 at 00_28_27.csv,Viết guide/review; ưu tiên long-tail; tạo topic hub và internal link về trang dịch vụ,B,2750.0000000000005,0%,"3,256"
lịch trình du lịch đà lạt 4 ngày 3 đêm,Tổng hợp Đà Lạt,Tổng hợp,In-scope Đà Lạt,Informational,50,N/A,N/A,N/A,Planner (Thấp),data/google_planner/da-lat/Keyword Stats 2026-02-23 at 00_28_27.csv,Viết guide/review; ưu tiên long-tail; tạo topic hub và internal link về trang dịch vụ,B,2750.0000000000005,0%,"4,497"
lịch trình đi chơi đà lạt 3 ngày 2 đêm,Tổng hợp Đà Lạt,Tổng hợp,In-scope Đà Lạt,Informational,50,N/A,N/A,N/A,Planner (Trung bình),data/google_planner/da-lat/Keyword Stats 2026-02-23 at 00_28_27.csv,Viết guide/review; ưu tiên long-tail; tạo topic hub và internal link về trang dịch vụ,B,2750.0000000000005,0%,"1,039"
lịch trình đi đà lạt 4 ngày 3 đêm,Tổng hợp Đà Lạt,Tổng hợp,In-scope Đà Lạt,Informational,50,N/A,N/A,N/A,Planner (Thấp),data/google_planner/da-lat/Keyword Stats 2026-02-23 at 00_28_27.csv,Viết guide/review; ưu tiên long-tail; tạo topic hub và internal link về trang dịch vụ,B,2750.0000000000005,0%,"5,834"
lịch trình đà lạt,Tổng hợp Đà Lạt,Tổng hợp,In-scope Đà Lạt,Informational,50,N/A,N/A,N/A,Planner (Thấp),data/google_planner/da-lat/Keyword Stats 2026-02-23 at 00_28_27.csv,Viết guide/review; ưu tiên long-tail; tạo topic hub và internal link về trang dịch vụ,B,2750.0000000000005,-90.0%,"5,194"
lịch trình đà lạt 2 ngày 1 đêm,Tổng hợp Đà Lạt,Tổng hợp,In-scope Đà Lạt,Informational,50,N/A,N/A,N/A,Planner (Thấp),data/google_planner/da-lat/Keyword Stats 2026-02-23 at 00_28_27.csv,Viết guide/review; ưu tiên long-tail; tạo topic hub và internal link về trang dịch vụ,B,2750.0000000000005,0%,"4,523"
lịch trình đà lạt 3 ngày 2 đêm tự túc,Tổng hợp Đà Lạt,Tổng hợp,In-scope Đà Lạt,Informational,50,N/A,N/A,N/A,Planner (Thấp),data/google_planner/da-lat/Keyword Stats 2026-02-23 at 00_28_27.csv,Viết guide/review; ưu tiên long-tail; tạo topic hub và internal link về trang dịch vụ,B,2750.0000000000005,0%,"4,880"
lịch trình đà lạt 4 ngày 3 đêm,Tổng hợp Đà Lạt,Tổng hợp,In-scope Đà Lạt,Informational,50,N/A,N/A,N/A,Planner (Thấp),data/google_planner/da-lat/Keyword Stats 2026-02-23 at 00_28_27.csv,Viết guide/review; ưu tiên long-tail; tạo topic hub và internal link về trang dịch vụ,B,2750.0000000000005,0%,"5,833"
lịch trình đà lạt 4 ngày 3 đêm tự túc,Tổng hợp Đà Lạt,Tổng hợp,In-scope Đà Lạt,Informational,50,N/A,N/A,N/A,Planner (Thấp),data/google_planner/da-lat/Keyword Stats 2026-02-23 at 00_28_27.csv,Viết guide/review; ưu tiên long-tail; tạo topic hub và internal link về trang dịch vụ,B,2750.0000000000005,0%,"5,826"
những chỗ đi chơi ở đà lạt,Tổng hợp Đà Lạt,Tổng hợp,In-scope Đà Lạt,Informational,50,N/A,N/A,N/A,Planner (Trung bình),data/google_planner/da-lat/Keyword Stats 2026-02-23 at 00_28_27.csv,Viết guide/review; ưu tiên long-tail; tạo topic hub và internal link về trang dịch vụ,B,2750.0000000000005,0%,"7,876"
những nơi đi chơi ở đà lạt,Tổng hợp Đà Lạt,Tổng hợp,In-scope Đà Lạt,Informational,50,N/A,N/A,N/A,Planner (Trung bình),data/google_planner/da-lat/Keyword Stats 2026-02-23 at 00_28_27.csv,Viết guide/review; ưu tiên long-tail; tạo topic hub và internal link về trang dịch vụ,B,2750.0000000000005,0%,779
những điểm vui chơi đà lạt,Tổng hợp Đà Lạt,Tổng hợp,In-scope Đà Lạt,Informational,50,N/A,N/A,N/A,Planner (Cao),data/google_planner/da-lat/Keyword Stats 2026-02-23 at 00_28_27.csv,Viết guide/review; ưu tiên long-tail; tạo topic hub và internal link về trang dịch vụ,B,2750.0000000000005,0%,"9,772"
những điểm vui chơi ở đà lạt,Tổng hợp Đà Lạt,Tổng hợp,In-scope Đà Lạt,Informational,50,N/A,N/A,N/A,Planner (Cao),data/google_planner/da-lat/Keyword Stats 2026-02-23 at 00_28_27.csv,Viết guide/review; ưu tiên long-tail; tạo topic hub và internal link về trang dịch vụ,B,2750.0000000000005,0%,"7,556"
những điểm đi chơi ở đà lạt,Tổng hợp Đà Lạt,Tổng hợp,In-scope Đà Lạt,Informational,50,N/A,N/A,N/A,Planner (Cao),data/google_planner/da-lat/Keyword Stats 2026-02-23 at 00_28_27.csv,Viết guide/review; ưu tiên long-tail; tạo topic hub và internal link về trang dịch vụ,B,2750.0000000000005,0%,"4,589"
những địa điểm đi chơi ở đà lạt,Tổng hợp Đà Lạt,Tổng hợp,In-scope Đà Lạt,Informational,50,N/A,N/A,N/A,Planner (Trung bình),data/google_planner/da-lat/Keyword Stats 2026-02-23 at 00_28_27.csv,Viết guide/review; ưu tiên long-tail; tạo topic hub và internal link về trang dịch vụ,B,2750.0000000000005,0%,779
tham quan da lat,Tổng hợp Đà Lạt,Tổng hợp,In-scope Đà Lạt,Informational,50,N/A,N/A,N/A,Planner (Trung bình),data/google_planner/da-lat/Keyword Stats 2026-02-23 at 00_28_27.csv,Viết guide/review; ưu tiên long-tail; tạo topic hub và internal link về trang dịch vụ,B,2750.0000000000005,0%,"5,712"
tua du lịch đà lạt 1 ngày,Tổng hợp Đà Lạt,Tổng hợp,In-scope Đà Lạt,Informational,50,N/A,N/A,N/A,Planner (Thấp),data/google_planner/da-lat/Keyword Stats 2026-02-23 at 00_28_27.csv,Viết guide/review; ưu tiên long-tail; tạo topic hub và internal link về trang dịch vụ,B,2750.0000000000005,0%,"7,249"
tua đi du lịch đà lạt,Tổng hợp Đà Lạt,Tổng hợp,In-scope Đà Lạt,Informational,50,N/A,N/A,N/A,Planner (Cao),data/google_planner/da-lat/Keyword Stats 2026-02-23 at 00_28_27.csv,Viết guide/review; ưu tiên long-tail; tạo topic hub và internal link về trang dịch vụ,B,2750.0000000000005,0%,"2,200"
đi chơi ở đà lạt,Tổng hợp Đà Lạt,Tổng hợp,In-scope Đà Lạt,Informational,50,N/A,N/A,N/A,Planner (Trung bình),data/google_planner/da-lat/Keyword Stats 2026-02-23 at 00_28_27.csv,Viết guide/review; ưu tiên long-tail; tạo topic hub và internal link về trang dịch vụ,B,2750.0000000000005,0%,"11,743"
điểm chơi đà lạt,Tổng hợp Đà Lạt,Tổng hợp,In-scope Đà Lạt,Informational,50,N/A,N/A,N/A,Planner (Trung bình),data/google_planner/da-lat/Keyword Stats 2026-02-23 at 00_28_27.csv,Viết guide/review; ưu tiên long-tail; tạo topic hub và internal link về trang dịch vụ,B,2750.0000000000005,0%,"4,064"
điểm đi chơi đà lạt,Tổng hợp Đà Lạt,Tổng hợp,In-scope Đà Lạt,Informational,50,N/A,N/A,N/A,Planner (Cao),data/google_planner/da-lat/Keyword Stats 2026-02-23 at 00_28_27.csv,Viết guide/review; ưu tiên long-tail; tạo topic hub và internal link về trang dịch vụ,B,2750.0000000000005,0%,"4,155"
đà lạt đi chơi,Tổng hợp Đà Lạt,Tổng hợp,In-scope Đà Lạt,Informational,50,N/A,N/A,N/A,Planner (Trung bình),data/google_planner/da-lat/Keyword Stats 2026-02-23 at 00_28_27.csv,Viết guide/review; ưu tiên long-tail; tạo topic hub và internal link về trang dịch vụ,B,2750.0000000000005,0%,"2,984"
đặt phòng mercure đà lạt,Tổng hợp Đà Lạt,Tổng hợp,In-scope Đà Lạt,Informational,50,N/A,N/A,N/A,Planner (Cao),data/google_planner/da-lat/Keyword Stats 2026-02-23 at 00_28_27.csv,Viết guide/review; ưu tiên long-tail; tạo topic hub và internal link về trang dịch vụ,B,2750.0000000000005,0%,"17,269"
đặt phòng đi đà lạt,Tổng hợp Đà Lạt,Tổng hợp,In-scope Đà Lạt,Informational,50,N/A,N/A,N/A,Planner (Cao),data/google_planner/da-lat/Keyword Stats 2026-02-23 at 00_28_27.csv,Viết guide/review; ưu tiên long-tail; tạo topic hub và internal link về trang dịch vụ,B,2750.0000000000005,0%,"28,424"
địa điểm đi chơi tại đà lạt,Tổng hợp Đà Lạt,Tổng hợp,In-scope Đà Lạt,Informational,50,N/A,N/A,N/A,Planner (Trung bình),data/google_planner/da-lat/Keyword Stats 2026-02-23 at 00_28_27.csv,Viết guide/review; ưu tiên long-tail; tạo topic hub và internal link về trang dịch vụ,B,2750.0000000000005,0%,"4,493"
địa điểm đi chơi ở đà lạt,Tổng hợp Đà Lạt,Tổng hợp,In-scope Đà Lạt,Informational,50,N/A,N/A,N/A,Planner (Cao),data/google_planner/da-lat/Keyword Stats 2026-02-23 at 00_28_27.csv,Viết guide/review; ưu tiên long-tail; tạo topic hub và internal link về trang dịch vụ,B,2750.0000000000005,-90.0%,"4,839"
đặt phòng đà lạt giá rẻ,Tổng hợp Đà Lạt,Tổng hợp,In-scope Đà Lạt,Transaction,50,N/A,N/A,N/A,Planner (Cao),data/google_planner/da-lat/Keyword Stats 2026-02-23 at 00_28_27.csv,"Tạo landing chuyển đổi (giá/vé/đặt chỗ), gom vào cluster page + build backlink nội bộ",B,2750.0000000000005,-90.0%,"178,164"
dat phong da lat,Tổng hợp Đà Lạt,Tổng hợp,In-scope Đà Lạt,Transaction,50,N/A,N/A,N/A,Planner (Cao),data/google_planner/da-lat/Keyword Stats 2026-02-23 at 00_28_27.csv,"Tạo landing chuyển đổi (giá/vé/đặt chỗ), gom vào cluster page + build backlink nội bộ",B,2750.0000000000005,0%,"41,591"
giá phòng ở đà lạt,Tổng hợp Đà Lạt,Tổng hợp,In-scope Đà Lạt,Transaction,50,N/A,N/A,N/A,Planner (Cao),data/google_planner/da-lat/Keyword Stats 2026-02-23 at 00_28_27.csv,"Tạo landing chuyển đổi (giá/vé/đặt chỗ), gom vào cluster page + build backlink nội bộ",B,2750.0000000000005,0%,"11,645"
book phòng đà lạt giá rẻ,Tổng hợp Đà Lạt,Tổng hợp,In-scope Đà Lạt,Transaction,50,N/A,N/A,N/A,Planner (Cao),data/google_planner/da-lat/Keyword Stats 2026-02-23 at 00_28_27.csv,"Tạo landing chuyển đổi (giá/vé/đặt chỗ), gom vào cluster page + build backlink nội bộ",B,2750.0000000000005,0%,"57,320"
giá phòng tại đà lạt,Tổng hợp Đà Lạt,Tổng hợp,In-scope Đà Lạt,Transaction,50,N/A,N/A,N/A,Planner (Trung bình),data/google_planner/da-lat/Keyword Stats 2026-02-23 at 00_28_27.csv,"Tạo landing chuyển đổi (giá/vé/đặt chỗ), gom vào cluster page + build backlink nội bộ",B,2750.0000000000005,0%,"12,483"
biệt thự cho thuê ở đà lạt,Tổng hợp Đà Lạt,Tổng hợp,In-scope Đà Lạt,Transaction,50,N/A,N/A,N/A,Planner (Cao),data/google_planner/da-lat/Keyword Stats 2026-02-23 at 00_28_27.csv,"Tạo landing chuyển đổi (giá/vé/đặt chỗ), gom vào cluster page + build backlink nội bộ",B,2750.0000000000005,0%,"42,828"
dat ks da lat,Tổng hợp Đà Lạt,Tổng hợp,In-scope Đà Lạt,Transaction,50,N/A,N/A,N/A,Planner (Cao),data/google_planner/da-lat/Keyword Stats 2026-02-23 at 00_28_27.csv,"Tạo landing chuyển đổi (giá/vé/đặt chỗ), gom vào cluster page + build backlink nội bộ",B,2750.0000000000005,0%,"58,723"
dat phong o da lat,Tổng hợp Đà Lạt,Tổng hợp,In-scope Đà Lạt,Transaction,50,N/A,N/A,N/A,Planner (Cao),data/google_planner/da-lat/Keyword Stats 2026-02-23 at 00_28_27.csv,"Tạo landing chuyển đổi (giá/vé/đặt chỗ), gom vào cluster page + build backlink nội bộ",B,2750.0000000000005,0%,"39,144"
du lịch đà lạt giá rẻ,Tổng hợp Đà Lạt,Tổng hợp,In-scope Đà Lạt,Transaction,50,N/A,N/A,N/A,Planner (Trung bình),data/google_planner/da-lat/Keyword Stats 2026-02-23 at 00_28_27.csv,"Tạo landing chuyển đổi (giá/vé/đặt chỗ), gom vào cluster page + build backlink nội bộ",B,2750.0000000000005,0%,"8,171"
giá thuê phòng ở đà lạt,Tổng hợp Đà Lạt,Tổng hợp,In-scope Đà Lạt,Transaction,50,N/A,N/A,N/A,Planner (Cao),data/google_planner/da-lat/Keyword Stats 2026-02-23 at 00_28_27.csv,"Tạo landing chuyển đổi (giá/vé/đặt chỗ), gom vào cluster page + build backlink nội bộ",B,2750.0000000000005,0%,"6,384"
kinh nghiệm đi đà lạt 3 ngày 2 đêm,Tổng hợp Đà Lạt,Tổng hợp,In-scope Đà Lạt,Commercial Investigation,50,N/A,N/A,N/A,Planner (Thấp),data/google_planner/da-lat/Keyword Stats 2026-02-23 at 00_28_27.csv,Viết bài top-list/so sánh; map vào cluster hub; bổ sung schema + ảnh/UGC,B,2750.0000000000005,0%,"1,039"
vé du lịch đà lạt,Tổng hợp Đà Lạt,Tổng hợp,In-scope Đà Lạt,Commercial Investigation,50,N/A,N/A,N/A,Planner (Thấp),data/google_planner/da-lat/Keyword Stats 2026-02-23 at 00_28_27.csv,Viết bài top-list/so sánh; map vào cluster hub; bổ sung schema + ảnh/UGC,B,2750.0000000000005,0%,"3,145"
đặt vé du lịch đà lạt,Tổng hợp Đà Lạt,Tổng hợp,In-scope Đà Lạt,Commercial Investigation,50,N/A,N/A,N/A,Planner (Cao),data/google_planner/da-lat/Keyword Stats 2026-02-23 at 00_28_27.csv,Viết bài top-list/so sánh; map vào cluster hub; bổ sung schema + ảnh/UGC,B,2750.0000000000005,0%,"9,868"
đat phong dalat,Tổng hợp Đà Lạt,Tổng hợp,In-scope Đà Lạt,Informational,50,N/A,N/A,N/A,Planner (Không xác định),data/google_planner/da-lat/Keyword Stats 2026-02-23 at 00_28_27.csv,Viết guide/review; ưu tiên long-tail; tạo topic hub và internal link về trang dịch vụ,B,2500.0,-100.0%,0
đà lạt đặt phòng,Tổng hợp Đà Lạt,Tổng hợp,In-scope Đà Lạt,Informational,50,N/A,N/A,N/A,Planner (Trung bình),data/google_planner/da-lat/Keyword Stats 2026-02-23 at 00_28_27.csv,Viết guide/review; ưu tiên long-tail; tạo topic hub và internal link về trang dịch vụ,B,2500.0,0%,0
cách đặt phòng ở đà lạt,Tổng hợp Đà Lạt,Tổng hợp,In-scope Đà Lạt,Informational,50,N/A,N/A,N/A,Planner (Cao),data/google_planner/da-lat/Keyword Stats 2026-02-23 at 00_28_27.csv,Viết guide/review; ưu tiên long-tail; tạo topic hub và internal link về trang dịch vụ,B,2500.0,0%,0
book phòng ở đà lạt,Tổng hợp Đà Lạt,Tổng hợp,In-scope Đà Lạt,Informational,50,N/A,N/A,N/A,Planner (Trung bình),data/google_planner/da-lat/Keyword Stats 2026-02-23 at 00_28_27.csv,Viết guide/review; ưu tiên long-tail; tạo topic hub và internal link về trang dịch vụ,B,2500.0,0%,0
bản đồ đi chơi đà lạt,Tổng hợp Đà Lạt,Tổng hợp,In-scope Đà Lạt,Informational,50,N/A,N/A,N/A,Planner (Không xác định),data/google_planner/da-lat/Keyword Stats 2026-02-23 at 00_28_27.csv,Viết guide/review; ưu tiên long-tail; tạo topic hub và internal link về trang dịch vụ,B,2500.0,-100.0%,0
chi phi du lich da lat,Tổng hợp Đà Lạt,Tổng hợp,In-scope Đà Lạt,Informational,50,N/A,N/A,N/A,Planner (Thấp),data/google_planner/da-lat/Keyword Stats 2026-02-23 at 00_28_27.csv,Viết guide/review; ưu tiên long-tail; tạo topic hub và internal link về trang dịch vụ,B,2500.0,0%,0
chi phí du lịch đà lạt 2 người,Tổng hợp Đà Lạt,Tổng hợp,In-scope Đà Lạt,Informational,50,N/A,N/A,N/A,Planner (Thấp),data/google_planner/da-lat/Keyword Stats 2026-02-23 at 00_28_27.csv,Viết guide/review; ưu tiên long-tail; tạo topic hub và internal link về trang dịch vụ,B,2500.0,0%,0
chi phí du lịch đà lạt 3 ngày 2 đêm,Tổng hợp Đà Lạt,Tổng hợp,In-scope Đà Lạt,Informational,50,N/A,N/A,N/A,Planner (Thấp),data/google_planner/da-lat/Keyword Stats 2026-02-23 at 00_28_27.csv,Viết guide/review; ưu tiên long-tail; tạo topic hub và internal link về trang dịch vụ,B,2500.0,0%,0
cho di choi da lat,Tổng hợp Đà Lạt,Tổng hợp,In-scope Đà Lạt,Informational,50,N/A,N/A,N/A,Planner (Không xác định),data/google_planner/da-lat/Keyword Stats 2026-02-23 at 00_28_27.csv,Viết guide/review; ưu tiên long-tail; tạo topic hub và internal link về trang dịch vụ,B,2500.0,-100.0%,0
cho di choi o da lat,Tổng hợp Đà Lạt,Tổng hợp,In-scope Đà Lạt,Informational,50,N/A,N/A,N/A,Planner (Cao),data/google_planner/da-lat/Keyword Stats 2026-02-23 at 00_28_27.csv,Viết guide/review; ưu tiên long-tail; tạo topic hub và internal link về trang dịch vụ,B,2500.0,0%,0
chuong trinh du lich da lat,Tổng hợp Đà Lạt,Tổng hợp,In-scope Đà Lạt,Informational,50,N/A,N/A,N/A,Planner (Thấp),data/google_planner/da-lat/Keyword Stats 2026-02-23 at 00_28_27.csv,Viết guide/review; ưu tiên long-tail; tạo topic hub và internal link về trang dịch vụ,B,2500.0,0%,0
chương trình du lịch đà lạt 4 ngày 3 đêm,Tổng hợp Đà Lạt,Tổng hợp,In-scope Đà Lạt,Informational,50,N/A,N/A,N/A,Planner (Thấp),data/google_planner/da-lat/Keyword Stats 2026-02-23 at 00_28_27.csv,Viết guide/review; ưu tiên long-tail; tạo topic hub và internal link về trang dịch vụ,B,2500.0,0%,0
chương trình tham quan đà lạt,Tổng hợp Đà Lạt,Tổng hợp,In-scope Đà Lạt,Informational,50,N/A,N/A,N/A,Planner (Thấp),data/google_planner/da-lat/Keyword Stats 2026-02-23 at 00_28_27.csv,Viết guide/review; ưu tiên long-tail; tạo topic hub và internal link về trang dịch vụ,B,2500.0,0%,0
chương trình tham quan đà lạt 3 ngày 2 đêm,Tổng hợp Đà Lạt,Tổng hợp,In-scope Đà Lạt,Informational,50,N/A,N/A,N/A,Planner (Không xác định),data/google_planner/da-lat/Keyword Stats 2026-02-23 at 00_28_27.csv,Viết guide/review; ưu tiên long-tail; tạo topic hub và internal link về trang dịch vụ,B,2500.0,-100.0%,0
chương trình tham quan đà lạt 4 ngày 3 đêm,Tổng hợp Đà Lạt,Tổng hợp,In-scope Đà Lạt,Informational,50,N/A,N/A,N/A,Planner (Thấp),data/google_planner/da-lat/Keyword Stats 2026-02-23 at 00_28_27.csv,Viết guide/review; ưu tiên long-tail; tạo topic hub và internal link về trang dịch vụ,B,2500.0,0%,0
cong ty du lich da lat,Tổng hợp Đà Lạt,Tổng hợp,In-scope Đà Lạt,Informational,50,N/A,N/A,N/A,Planner (Thấp),data/google_planner/da-lat/Keyword Stats 2026-02-23 at 00_28_27.csv,Viết guide/review; ưu tiên long-tail; tạo topic hub và internal link về trang dịch vụ,B,2500.0,0%,0
cong ty du lich o da lat,Tổng hợp Đà Lạt,Tổng hợp,In-scope Đà Lạt,Informational,50,N/A,N/A,N/A,Planner (Không xác định),data/google_planner/da-lat/Keyword Stats 2026-02-23 at 00_28_27.csv,Viết guide/review; ưu tiên long-tail; tạo topic hub và internal link về trang dịch vụ,B,2500.0,-100.0%,0
cty du lich da lat,Tổng hợp Đà Lạt,Tổng hợp,In-scope Đà Lạt,Informational,50,N/A,N/A,N/A,Planner (Không xác định),data/google_planner/da-lat/Keyword Stats 2026-02-23 at 00_28_27.csv,Viết guide/review; ưu tiên long-tail; tạo topic hub và internal link về trang dịch vụ,B,2500.0,-100.0%,0
cty du lịch đà lạt,Tổng hợp Đà Lạt,Tổng hợp,In-scope Đà Lạt,Informational,50,N/A,N/A,N/A,Planner (Trung bình),data/google_planner/da-lat/Keyword Stats 2026-02-23 at 00_28_27.csv,Viết guide/review; ưu tiên long-tail; tạo topic hub và internal link về trang dịch vụ,B,2500.0,0%,0
các nơi đi chơi ở đà lạt,Tổng hợp Đà Lạt,Tổng hợp,In-scope Đà Lạt,Informational,50,N/A,N/A,N/A,Planner (Cao),data/google_planner/da-lat/Keyword Stats 2026-02-23 at 00_28_27.csv,Viết guide/review; ưu tiên long-tail; tạo topic hub và internal link về trang dịch vụ,B,2500.0,0%,0
các tuyến du lịch đà lạt,Tổng hợp Đà Lạt,Tổng hợp,In-scope Đà Lạt,Informational,50,N/A,N/A,N/A,Planner (Thấp),data/google_planner/da-lat/Keyword Stats 2026-02-23 at 00_28_27.csv,Viết guide/review; ưu tiên long-tail; tạo topic hub và internal link về trang dịch vụ,B,2500.0,0%,0
các điểm vui chơi cho trẻ em ở đà lạt,Tổng hợp Đà Lạt,Tổng hợp,In-scope Đà Lạt,Informational,50,N/A,N/A,N/A,Planner (Thấp),data/google_planner/da-lat/Keyword Stats 2026-02-23 at 00_28_27.csv,Viết guide/review; ưu tiên long-tail; tạo topic hub và internal link về trang dịch vụ,B,2500.0,0%,0
công ty du lịch hoa dalat travel,Tổng hợp Đà Lạt,Tổng hợp,In-scope Đà Lạt,Informational,50,N/A,N/A,N/A,Planner (Không xác định),data/google_planner/da-lat/Keyword Stats 2026-02-23 at 00_28_27.csv,Viết guide/review; ưu tiên long-tail; tạo topic hub và internal link về trang dịch vụ,B,2500.0,0%,0
công ty du lịch tại đà lạt,Tổng hợp Đà Lạt,Tổng hợp,In-scope Đà Lạt,Informational,50,N/A,N/A,N/A,Planner (Thấp),data/google_planner/da-lat/Keyword Stats 2026-02-23 at 00_28_27.csv,Viết guide/review; ưu tiên long-tail; tạo topic hub và internal link về trang dịch vụ,B,2500.0,0%,0
công ty du lịch uy tín tại đà lạt,Tổng hợp Đà Lạt,Tổng hợp,In-scope Đà Lạt,Informational,50,N/A,N/A,N/A,Planner (Trung bình),data/google_planner/da-lat/Keyword Stats 2026-02-23 at 00_28_27.csv,Viết guide/review; ưu tiên long-tail; tạo topic hub và internal link về trang dịch vụ,B,2500.0,0%,0
công ty du lịch vietravel đà lạt,Tổng hợp Đà Lạt,Tổng hợp,In-scope Đà Lạt,Informational,50,N/A,N/A,N/A,Planner (Thấp),data/google_planner/da-lat/Keyword Stats 2026-02-23 at 00_28_27.csv,Viết guide/review; ưu tiên long-tail; tạo topic hub và internal link về trang dịch vụ,B,2500.0,0%,0
công ty du lịch đà lạt trong tôi,Tổng hợp Đà Lạt,Tổng hợp,In-scope Đà Lạt,Informational,50,N/A,N/A,N/A,Planner (Thấp),data/google_planner/da-lat/Keyword Stats 2026-02-23 at 00_28_27.csv,Viết guide/review; ưu tiên long-tail; tạo topic hub và internal link về trang dịch vụ,B,2500.0,0%,0
công ty hoa đà lạt travel,Tổng hợp Đà Lạt,Tổng hợp,In-scope Đà Lạt,Informational,50,N/A,N/A,N/A,Planner (Thấp),data/google_planner/da-lat/Keyword Stats 2026-02-23 at 00_28_27.csv,Viết guide/review; ưu tiên long-tail; tạo topic hub và internal link về trang dịch vụ,B,2500.0,0%,0
công ty lữ hành đà lạt,Tổng hợp Đà Lạt,Tổng hợp,In-scope Đà Lạt,Informational,50,N/A,N/A,N/A,Planner (Thấp),data/google_planner/da-lat/Keyword Stats 2026-02-23 at 00_28_27.csv,Viết guide/review; ưu tiên long-tail; tạo topic hub và internal link về trang dịch vụ,B,2500.0,0%,0
da lat di choi o dau,Tổng hợp Đà Lạt,Tổng hợp,In-scope Đà Lạt,Informational,50,N/A,N/A,N/A,Planner (Cao),data/google_planner/da-lat/Keyword Stats 2026-02-23 at 00_28_27.csv,Viết guide/review; ưu tiên long-tail; tạo topic hub và internal link về trang dịch vụ,B,2500.0,0%,0
dalat di dau choi,Tổng hợp Đà Lạt,Tổng hợp,In-scope Đà Lạt,Informational,50,N/A,N/A,N/A,Planner (Cao),data/google_planner/da-lat/Keyword Stats 2026-02-23 at 00_28_27.csv,Viết guide/review; ưu tiên long-tail; tạo topic hub và internal link về trang dịch vụ,B,2500.0,0%,0
di choi dalat,Tổng hợp Đà Lạt,Tổng hợp,In-scope Đà Lạt,Informational,50,N/A,N/A,N/A,Planner (Không xác định),data/google_planner/da-lat/Keyword Stats 2026-02-23 at 00_28_27.csv,Viết guide/review; ưu tiên long-tail; tạo topic hub và internal link về trang dịch vụ,B,2500.0,0%,0
di choi dau o da lat,Tổng hợp Đà Lạt,Tổng hợp,In-scope Đà Lạt,Informational,50,N/A,N/A,N/A,Planner (Cao),data/google_planner/da-lat/Keyword Stats 2026-02-23 at 00_28_27.csv,Viết guide/review; ưu tiên long-tail; tạo topic hub và internal link về trang dịch vụ,B,2500.0,0%,0
di choi o da lat,Tổng hợp Đà Lạt,Tổng hợp,In-scope Đà Lạt,Informational,50,N/A,N/A,N/A,Planner (Cao),data/google_planner/da-lat/Keyword Stats 2026-02-23 at 00_28_27.csv,Viết guide/review; ưu tiên long-tail; tạo topic hub và internal link về trang dịch vụ,B,2500.0,0%,0
di da lat choi o dau,Tổng hợp Đà Lạt,Tổng hợp,In-scope Đà Lạt,Informational,50,N/A,N/A,N/A,Planner (Thấp),data/google_planner/da-lat/Keyword Stats 2026-02-23 at 00_28_27.csv,Viết guide/review; ưu tiên long-tail; tạo topic hub và internal link về trang dịch vụ,B,2500.0,0%,0
di dalat choi o dau,Tổng hợp Đà Lạt,Tổng hợp,In-scope Đà Lạt,Informational,50,N/A,N/A,N/A,Planner (Không xác định),data/google_planner/da-lat/Keyword Stats 2026-02-23 at 00_28_27.csv,Viết guide/review; ưu tiên long-tail; tạo topic hub và internal link về trang dịch vụ,B,2500.0,0%,0
dia diem choi da lat,Tổng hợp Đà Lạt,Tổng hợp,In-scope Đà Lạt,Informational,50,N/A,N/A,N/A,Planner (Cao),data/google_planner/da-lat/Keyword Stats 2026-02-23 at 00_28_27.csv,Viết guide/review; ưu tiên long-tail; tạo topic hub và internal link về trang dịch vụ,B,2500.0,0%,0
dia diem di choi da lat,Tổng hợp Đà Lạt,Tổng hợp,In-scope Đà Lạt,Informational,50,N/A,N/A,N/A,Planner (Cao),data/google_planner/da-lat/Keyword Stats 2026-02-23 at 00_28_27.csv,Viết guide/review; ưu tiên long-tail; tạo topic hub và internal link về trang dịch vụ,B,2500.0,0%,0
dia diem di choi o da lat,Tổng hợp Đà Lạt,Tổng hợp,In-scope Đà Lạt,Informational,50,N/A,N/A,N/A,Planner (Cao),data/google_planner/da-lat/Keyword Stats 2026-02-23 at 00_28_27.csv,Viết guide/review; ưu tiên long-tail; tạo topic hub và internal link về trang dịch vụ,B,2500.0,0%,0
diem di choi da lat,Tổng hợp Đà Lạt,Tổng hợp,In-scope Đà Lạt,Informational,50,N/A,N/A,N/A,Planner (Không xác định),data/google_planner/da-lat/Keyword Stats 2026-02-23 at 00_28_27.csv,Viết guide/review; ưu tiên long-tail; tạo topic hub và internal link về trang dịch vụ,B,2500.0,-100.0%,0
du lich da lat 1 ngay,Tổng hợp Đà Lạt,Tổng hợp,In-scope Đà Lạt,Informational,50,N/A,N/A,N/A,Planner (Trung bình),data/google_planner/da-lat/Keyword Stats 2026-02-23 at 00_28_27.csv,Viết guide/review; ưu tiên long-tail; tạo topic hub và internal link về trang dịch vụ,B,2500.0,0%,0
du lich da lat 2 ngay 1 dem,Tổng hợp Đà Lạt,Tổng hợp,In-scope Đà Lạt,Informational,50,N/A,N/A,N/A,Planner (Thấp),data/google_planner/da-lat/Keyword Stats 2026-02-23 at 00_28_27.csv,Viết guide/review; ưu tiên long-tail; tạo topic hub và internal link về trang dịch vụ,B,2500.0,0%,0
du lich da lat 2 ngay 2 dem,Tổng hợp Đà Lạt,Tổng hợp,In-scope Đà Lạt,Informational,50,N/A,N/A,N/A,Planner (Không xác định),data/google_planner/da-lat/Keyword Stats 2026-02-23 at 00_28_27.csv,Viết guide/review; ưu tiên long-tail; tạo topic hub và internal link về trang dịch vụ,B,2500.0,-100.0%,0
du lich da lat 2023,Tổng hợp Đà Lạt,Tổng hợp,In-scope Đà Lạt,Informational,50,N/A,N/A,N/A,Planner (Không xác định),data/google_planner/da-lat/Keyword Stats 2026-02-23 at 00_28_27.csv,Viết guide/review; ưu tiên long-tail; tạo topic hub và internal link về trang dịch vụ,B,2500.0,0%,0
du lich da lat 3 ngay 3 dem,Tổng hợp Đà Lạt,Tổng hợp,In-scope Đà Lạt,Informational,50,N/A,N/A,N/A,Planner (Trung bình),data/google_planner/da-lat/Keyword Stats 2026-02-23 at 00_28_27.csv,Viết guide/review; ưu tiên long-tail; tạo topic hub và internal link về trang dịch vụ,B,2500.0,0%,0
du lich da lat 30 4,Tổng hợp Đà Lạt,Tổng hợp,In-scope Đà Lạt,Informational,50,N/A,N/A,N/A,Planner (Không xác định),data/google_planner/da-lat/Keyword Stats 2026-02-23 at 00_28_27.csv,Viết guide/review; ưu tiên long-tail; tạo topic hub và internal link về trang dịch vụ,B,2500.0,0%,0
du lich da lat tet,Tổng hợp Đà Lạt,Tổng hợp,In-scope Đà Lạt,Informational,50,N/A,N/A,N/A,Planner (Trung bình),data/google_planner/da-lat/Keyword Stats 2026-02-23 at 00_28_27.csv,Viết guide/review; ưu tiên long-tail; tạo topic hub và internal link về trang dịch vụ,B,2500.0,0%,0
du lich da lat thang 6,Tổng hợp Đà Lạt,Tổng hợp,In-scope Đà Lạt,Informational,50,N/A,N/A,N/A,Planner (Không xác định),data/google_planner/da-lat/Keyword Stats 2026-02-23 at 00_28_27.csv,Viết guide/review; ưu tiên long-tail; tạo topic hub và internal link về trang dịch vụ,B,2500.0,-100.0%,0
du lich da lat thang 9,Tổng hợp Đà Lạt,Tổng hợp,In-scope Đà Lạt,Informational,50,N/A,N/A,N/A,Planner (Không xác định),data/google_planner/da-lat/Keyword Stats 2026-02-23 at 00_28_27.csv,Viết guide/review; ưu tiên long-tail; tạo topic hub và internal link về trang dịch vụ,B,2500.0,0%,0
du lich da lat tron goi,Tổng hợp Đà Lạt,Tổng hợp,In-scope Đà Lạt,Informational,50,N/A,N/A,N/A,Planner (Không xác định),data/google_planner/da-lat/Keyword Stats 2026-02-23 at 00_28_27.csv,Viết guide/review; ưu tiên long-tail; tạo topic hub và internal link về trang dịch vụ,B,2500.0,-100.0%,0
du lich da lat trong ngay,Tổng hợp Đà Lạt,Tổng hợp,In-scope Đà Lạt,Informational,50,N/A,N/A,N/A,Planner (Không xác định),data/google_planner/da-lat/Keyword Stats 2026-02-23 at 00_28_27.csv,Viết guide/review; ưu tiên long-tail; tạo topic hub và internal link về trang dịch vụ,B,2500.0,-100.0%,0
du lich da lat vietravel,Tổng hợp Đà Lạt,Tổng hợp,In-scope Đà Lạt,Informational,50,N/A,N/A,N/A,Planner (Thấp),data/google_planner/da-lat/Keyword Stats 2026-02-23 at 00_28_27.csv,Viết guide/review; ưu tiên long-tail; tạo topic hub và internal link về trang dịch vụ,B,2500.0,0%,0
du lịch 1 ngày đà lạt,Tổng hợp Đà Lạt,Tổng hợp,In-scope Đà Lạt,Informational,50,N/A,N/A,N/A,Planner (Không xác định),data/google_planner/da-lat/Keyword Stats 2026-02-23 at 00_28_27.csv,Viết guide/review; ưu tiên long-tail; tạo topic hub và internal link về trang dịch vụ,B,2500.0,-100.0%,0
du lịch 1 ngày ở đà lạt,Tổng hợp Đà Lạt,Tổng hợp,In-scope Đà Lạt,Informational,50,N/A,N/A,N/A,Planner (Không xác định),data/google_planner/da-lat/Keyword Stats 2026-02-23 at 00_28_27.csv,Viết guide/review; ưu tiên long-tail; tạo topic hub và internal link về trang dịch vụ,B,2500.0,-100.0%,0
du lịch 3 ngày 2 đêm đà lạt,Tổng hợp Đà Lạt,Tổng hợp,In-scope Đà Lạt,Informational,50,N/A,N/A,N/A,Planner (Cao),data/google_planner/da-lat/Keyword Stats 2026-02-23 at 00_28_27.csv,Viết guide/review; ưu tiên long-tail; tạo topic hub và internal link về trang dịch vụ,B,2500.0,0%,0
du lịch buôn mê thuột đà lạt,Tổng hợp Đà Lạt,Tổng hợp,In-scope Đà Lạt,Informational,50,N/A,N/A,N/A,Planner (Thấp),data/google_planner/da-lat/Keyword Stats 2026-02-23 at 00_28_27.csv,Viết guide/review; ưu tiên long-tail; tạo topic hub và internal link về trang dịch vụ,B,2500.0,0%,0
du lịch bụi đà lạt,Tổng hợp Đà Lạt,Tổng hợp,In-scope Đà Lạt,Informational,50,N/A,N/A,N/A,Planner (Trung bình),data/google_planner/da-lat/Keyword Stats 2026-02-23 at 00_28_27.csv,Viết guide/review; ưu tiên long-tail; tạo topic hub và internal link về trang dịch vụ,B,2500.0,0%,0
du lịch ngoại thành đà lạt,Tổng hợp Đà Lạt,Tổng hợp,In-scope Đà Lạt,Informational,50,N/A,N/A,N/A,Planner (Trung bình),data/google_planner/da-lat/Keyword Stats 2026-02-23 at 00_28_27.csv,Viết guide/review; ưu tiên long-tail; tạo topic hub và internal link về trang dịch vụ,B,2500.0,0%,0
du lịch nội thành đà lạt,Tổng hợp Đà Lạt,Tổng hợp,In-scope Đà Lạt,Informational,50,N/A,N/A,N/A,Planner (Thấp),data/google_planner/da-lat/Keyword Stats 2026-02-23 at 00_28_27.csv,Viết guide/review; ưu tiên long-tail; tạo topic hub và internal link về trang dịch vụ,B,2500.0,0%,0
du lịch phan thiết đà lạt,Tổng hợp Đà Lạt,Tổng hợp,In-scope Đà Lạt,Informational,50,N/A,N/A,N/A,Planner (Thấp),data/google_planner/da-lat/Keyword Stats 2026-02-23 at 00_28_27.csv,Viết guide/review; ưu tiên long-tail; tạo topic hub và internal link về trang dịch vụ,B,2500.0,0%,0
du lịch trọn gói đà lạt,Tổng hợp Đà Lạt,Tổng hợp,In-scope Đà Lạt,Informational,50,N/A,N/A,N/A,Planner (Cao),data/google_planner/da-lat/Keyword Stats 2026-02-23 at 00_28_27.csv,Viết guide/review; ưu tiên long-tail; tạo topic hub và internal link về trang dịch vụ,B,2500.0,0%,0
du lịch tự túc đà lạt 3 ngày 2 đêm,Tổng hợp Đà Lạt,Tổng hợp,In-scope Đà Lạt,Informational,50,N/A,N/A,N/A,Planner (Thấp),data/google_planner/da-lat/Keyword Stats 2026-02-23 at 00_28_27.csv,Viết guide/review; ưu tiên long-tail; tạo topic hub và internal link về trang dịch vụ,B,2500.0,0%,0
du lịch tự túc đà lạt 4 ngày 3 đêm,Tổng hợp Đà Lạt,Tổng hợp,In-scope Đà Lạt,Informational,50,N/A,N/A,N/A,Planner (Trung bình),data/google_planner/da-lat/Keyword Stats 2026-02-23 at 00_28_27.csv,Viết guide/review; ưu tiên long-tail; tạo topic hub và internal link về trang dịch vụ,B,2500.0,0%,0
du lịch đà lạt 1 ngày 1 đêm,Tổng hợp Đà Lạt,Tổng hợp,In-scope Đà Lạt,Informational,50,N/A,N/A,N/A,Planner (Trung bình),data/google_planner/da-lat/Keyword Stats 2026-02-23 at 00_28_27.csv,Viết guide/review; ưu tiên long-tail; tạo topic hub và internal link về trang dịch vụ,B,2500.0,0%,0
du lịch đà lạt 2 ngày,Tổng hợp Đà Lạt,Tổng hợp,In-scope Đà Lạt,Informational,50,N/A,N/A,N/A,Planner (Cao),data/google_planner/da-lat/Keyword Stats 2026-02-23 at 00_28_27.csv,Viết guide/review; ưu tiên long-tail; tạo topic hub và internal link về trang dịch vụ,B,2500.0,0%,0
du lịch đà lạt 2 ngày 2 đêm,Tổng hợp Đà Lạt,Tổng hợp,In-scope Đà Lạt,Informational,50,N/A,N/A,N/A,Planner (Cao),data/google_planner/da-lat/Keyword Stats 2026-02-23 at 00_28_27.csv,Viết guide/review; ưu tiên long-tail; tạo topic hub và internal link về trang dịch vụ,B,2500.0,0%,0
du lịch đà lạt 2 ngày 3 đêm,Tổng hợp Đà Lạt,Tổng hợp,In-scope Đà Lạt,Informational,50,N/A,N/A,N/A,Planner (Cao),data/google_planner/da-lat/Keyword Stats 2026-02-23 at 00_28_27.csv,Viết guide/review; ưu tiên long-tail; tạo topic hub và internal link về trang dịch vụ,B,2500.0,0%,0
du lịch đà lạt 2021,Tổng hợp Đà Lạt,Tổng hợp,In-scope Đà Lạt,Informational,50,N/A,N/A,N/A,Planner (Không xác định),data/google_planner/da-lat/Keyword Stats 2026-02-23 at 00_28_27.csv,Viết guide/review; ưu tiên long-tail; tạo topic hub và internal link về trang dịch vụ,B,2500.0,0%,0
du lịch đà lạt 3 ngày,Tổng hợp Đà Lạt,Tổng hợp,In-scope Đà Lạt,Informational,50,N/A,N/A,N/A,Planner (Trung bình),data/google_planner/da-lat/Keyword Stats 2026-02-23 at 00_28_27.csv,Viết guide/review; ưu tiên long-tail; tạo topic hub và internal link về trang dịch vụ,B,2500.0,0%,0
du lịch đà lạt 3 ngày 2 đêm 2022,Tổng hợp Đà Lạt,Tổng hợp,In-scope Đà Lạt,Informational,50,N/A,N/A,N/A,Planner (Thấp),data/google_planner/da-lat/Keyword Stats 2026-02-23 at 00_28_27.csv,Viết guide/review; ưu tiên long-tail; tạo topic hub và internal link về trang dịch vụ,B,2500.0,0%,0
du lịch đà lạt 3 ngày 2 đêm tự túc,Tổng hợp Đà Lạt,Tổng hợp,In-scope Đà Lạt,Informational,50,N/A,N/A,N/A,Planner (Thấp),data/google_planner/da-lat/Keyword Stats 2026-02-23 at 00_28_27.csv,Viết guide/review; ưu tiên long-tail; tạo topic hub và internal link về trang dịch vụ,B,2500.0,0%,0
du lịch đà lạt 3 ngày 3 đêm,Tổng hợp Đà Lạt,Tổng hợp,In-scope Đà Lạt,Informational,50,N/A,N/A,N/A,Planner (Trung bình),data/google_planner/da-lat/Keyword Stats 2026-02-23 at 00_28_27.csv,Viết guide/review; ưu tiên long-tail; tạo topic hub và internal link về trang dịch vụ,B,2500.0,0%,0
du lịch đà lạt 3 ngày 3 đêm tự túc,Tổng hợp Đà Lạt,Tổng hợp,In-scope Đà Lạt,Informational,50,N/A,N/A,N/A,Planner (Thấp),data/google_planner/da-lat/Keyword Stats 2026-02-23 at 00_28_27.csv,Viết guide/review; ưu tiên long-tail; tạo topic hub và internal link về trang dịch vụ,B,2500.0,0%,0
du lịch đà lạt 30 4,Tổng hợp Đà Lạt,Tổng hợp,In-scope Đà Lạt,Informational,50,N/A,N/A,N/A,Planner (Không xác định),data/google_planner/da-lat/Keyword Stats 2026-02-23 at 00_28_27.csv,Viết guide/review; ưu tiên long-tail; tạo topic hub và internal link về trang dịch vụ,B,2500.0,-100.0%,0
du lịch đà lạt 3n2d,Tổng hợp Đà Lạt,Tổng hợp,In-scope Đà Lạt,Informational,50,N/A,N/A,N/A,Planner (Trung bình),data/google_planner/da-lat/Keyword Stats 2026-02-23 at 00_28_27.csv,Viết guide/review; ưu tiên long-tail; tạo topic hub và internal link về trang dịch vụ,B,2500.0,0%,0
du lịch đà lạt 4 ngày,Tổng hợp Đà Lạt,Tổng hợp,In-scope Đà Lạt,Informational,50,N/A,N/A,N/A,Planner (Thấp),data/google_planner/da-lat/Keyword Stats 2026-02-23 at 00_28_27.csv,Viết guide/review; ưu tiên long-tail; tạo topic hub và internal link về trang dịch vụ,B,2500.0,0%,0
du lịch đà lạt 4n3d,Tổng hợp Đà Lạt,Tổng hợp,In-scope Đà Lạt,Informational,50,N/A,N/A,N/A,Planner (Không xác định),data/google_planner/da-lat/Keyword Stats 2026-02-23 at 00_28_27.csv,Viết guide/review; ưu tiên long-tail; tạo topic hub và internal link về trang dịch vụ,B,2500.0,0%,0
du lịch đà lạt chi phí,Tổng hợp Đà Lạt,Tổng hợp,In-scope Đà Lạt,Informational,50,N/A,N/A,N/A,Planner (Thấp),data/google_planner/da-lat/Keyword Stats 2026-02-23 at 00_28_27.csv,Viết guide/review; ưu tiên long-tail; tạo topic hub và internal link về trang dịch vụ,B,2500.0,0%,0
du lịch đà lạt lễ 30 4,Tổng hợp Đà Lạt,Tổng hợp,In-scope Đà Lạt,Informational,50,N/A,N/A,N/A,Planner (Không xác định),data/google_planner/da-lat/Keyword Stats 2026-02-23 at 00_28_27.csv,Viết guide/review; ưu tiên long-tail; tạo topic hub và internal link về trang dịch vụ,B,2500.0,0%,0
du lịch đà lạt mũi né,Tổng hợp Đà Lạt,Tổng hợp,In-scope Đà Lạt,Informational,50,N/A,N/A,N/A,Planner (Không xác định),data/google_planner/da-lat/Keyword Stats 2026-02-23 at 00_28_27.csv,Viết guide/review; ưu tiên long-tail; tạo topic hub và internal link về trang dịch vụ,B,2500.0,-100.0%,0
du lịch đà lạt rẻ,Tổng hợp Đà Lạt,Tổng hợp,In-scope Đà Lạt,Informational,50,N/A,N/A,N/A,Planner (Không xác định),data/google_planner/da-lat/Keyword Stats 2026-02-23 at 00_28_27.csv,Viết guide/review; ưu tiên long-tail; tạo topic hub và internal link về trang dịch vụ,B,2500.0,-100.0%,0
du lịch đà lạt tháng 8,Tổng hợp Đà Lạt,Tổng hợp,In-scope Đà Lạt,Informational,50,N/A,N/A,N/A,Planner (Không xác định),data/google_planner/da-lat/Keyword Stats 2026-02-23 at 00_28_27.csv,Viết guide/review; ưu tiên long-tail; tạo topic hub và internal link về trang dịch vụ,B,2500.0,-100.0%,0
du lịch đà lạt trong ngày,Tổng hợp Đà Lạt,Tổng hợp,In-scope Đà Lạt,Informational,50,N/A,N/A,N/A,Planner (Trung bình),data/google_planner/da-lat/Keyword Stats 2026-02-23 at 00_28_27.csv,Viết guide/review; ưu tiên long-tail; tạo topic hub và internal link về trang dịch vụ,B,2500.0,0%,0
du lịch đà lạt trọn gói,Tổng hợp Đà Lạt,Tổng hợp,In-scope Đà Lạt,Informational,50,N/A,N/A,N/A,Planner (Thấp),data/google_planner/da-lat/Keyword Stats 2026-02-23 at 00_28_27.csv,Viết guide/review; ưu tiên long-tail; tạo topic hub và internal link về trang dịch vụ,B,2500.0,0%,0
du lịch đà lạt tết,Tổng hợp Đà Lạt,Tổng hợp,In-scope Đà Lạt,Informational,50,N/A,N/A,N/A,Planner (Trung bình),data/google_planner/da-lat/Keyword Stats 2026-02-23 at 00_28_27.csv,Viết guide/review; ưu tiên long-tail; tạo topic hub và internal link về trang dịch vụ,B,2500.0,0%,0
du lịch đêm đà lạt,Tổng hợp Đà Lạt,Tổng hợp,In-scope Đà Lạt,Informational,50,N/A,N/A,N/A,Planner (Cao),data/google_planner/da-lat/Keyword Stats 2026-02-23 at 00_28_27.csv,Viết guide/review; ưu tiên long-tail; tạo topic hub và internal link về trang dịch vụ,B,2500.0,0%,0
giao lưu văn hóa cồng chiêng tại đà lạt,Tổng hợp Đà Lạt,Tổng hợp,In-scope Đà Lạt,Informational,50,N/A,N/A,N/A,Planner (Thấp),data/google_planner/da-lat/Keyword Stats 2026-02-23 at 00_28_27.csv,Viết guide/review; ưu tiên long-tail; tạo topic hub và internal link về trang dịch vụ,B,2500.0,0%,0
hành trình du lịch đà lạt,Tổng hợp Đà Lạt,Tổng hợp,In-scope Đà Lạt,Informational,50,N/A,N/A,N/A,Planner (Thấp),data/google_planner/da-lat/Keyword Stats 2026-02-23 at 00_28_27.csv,Viết guide/review; ưu tiên long-tail; tạo topic hub và internal link về trang dịch vụ,B,2500.0,0%,0
hành trình đi đà lạt,Tổng hợp Đà Lạt,Tổng hợp,In-scope Đà Lạt,Informational,50,N/A,N/A,N/A,Planner (Thấp),data/google_planner/da-lat/Keyword Stats 2026-02-23 at 00_28_27.csv,Viết guide/review; ưu tiên long-tail; tạo topic hub và internal link về trang dịch vụ,B,2500.0,0%,0
hành trình đà lạt 3 ngày 2 đêm,Tổng hợp Đà Lạt,Tổng hợp,In-scope Đà Lạt,Informational,50,N/A,N/A,N/A,Planner (Thấp),data/google_planner/da-lat/Keyword Stats 2026-02-23 at 00_28_27.csv,Viết guide/review; ưu tiên long-tail; tạo topic hub và internal link về trang dịch vụ,B,2500.0,0%,0
hồng kông cổ trấn đà lạt,Tổng hợp Đà Lạt,Tổng hợp,In-scope Đà Lạt,Informational,50,N/A,N/A,N/A,Planner (Thấp),data/google_planner/da-lat/Keyword Stats 2026-02-23 at 00_28_27.csv,Viết guide/review; ưu tiên long-tail; tạo topic hub và internal link về trang dịch vụ,B,2500.0,0%,0
khu nghỉ dưỡng greenland 2 đà lạt,Tổng hợp Đà Lạt,Tổng hợp,In-scope Đà Lạt,Informational,50,N/A,N/A,N/A,Planner (Không xác định),data/google_planner/da-lat/Keyword Stats 2026-02-23 at 00_28_27.csv,Viết guide/review; ưu tiên long-tail; tạo topic hub và internal link về trang dịch vụ,B,2500.0,-100.0%,0
ks ken house dalat,Tổng hợp Đà Lạt,Tổng hợp,In-scope Đà Lạt,Informational,50,N/A,N/A,N/A,Planner (Không xác định),data/google_planner/da-lat/Keyword Stats 2026-02-23 at 00_28_27.csv,Viết guide/review; ưu tiên long-tail; tạo topic hub và internal link về trang dịch vụ,B,2500.0,-100.0%,0
lich trinh da lat,Tổng hợp Đà Lạt,Tổng hợp,In-scope Đà Lạt,Informational,50,N/A,N/A,N/A,Planner (Thấp),data/google_planner/da-lat/Keyword Stats 2026-02-23 at 00_28_27.csv,Viết guide/review; ưu tiên long-tail; tạo topic hub và internal link về trang dịch vụ,B,2500.0,0%,0
lich trinh du lich da lat,Tổng hợp Đà Lạt,Tổng hợp,In-scope Đà Lạt,Informational,50,N/A,N/A,N/A,Planner (Thấp),data/google_planner/da-lat/Keyword Stats 2026-02-23 at 00_28_27.csv,Viết guide/review; ưu tiên long-tail; tạo topic hub và internal link về trang dịch vụ,B,2500.0,0%,0
lich trinh tham quan da lat,Tổng hợp Đà Lạt,Tổng hợp,In-scope Đà Lạt,Informational,50,N/A,N/A,N/A,Planner (Không xác định),data/google_planner/da-lat/Keyword Stats 2026-02-23 at 00_28_27.csv,Viết guide/review; ưu tiên long-tail; tạo topic hub và internal link về trang dịch vụ,B,2500.0,0%,0
làng biệt thự osaka ở đà lạt,Tổng hợp Đà Lạt,Tổng hợp,In-scope Đà Lạt,Informational,50,N/A,N/A,N/A,Planner (Thấp),data/google_planner/da-lat/Keyword Stats 2026-02-23 at 00_28_27.csv,Viết guide/review; ưu tiên long-tail; tạo topic hub và internal link về trang dịch vụ,B,2500.0,0%,0
làng cồng chiêng đà lạt,Tổng hợp Đà Lạt,Tổng hợp,In-scope Đà Lạt,Informational,50,N/A,N/A,N/A,Planner (Thấp),data/google_planner/da-lat/Keyword Stats 2026-02-23 at 00_28_27.csv,Viết guide/review; ưu tiên long-tail; tạo topic hub và internal link về trang dịch vụ,B,2500.0,0%,0
lễ hội cồng chiêng tây nguyên đà lạt,Tổng hợp Đà Lạt,Tổng hợp,In-scope Đà Lạt,Informational,50,N/A,N/A,N/A,Planner (Thấp),data/google_planner/da-lat/Keyword Stats 2026-02-23 at 00_28_27.csv,Viết guide/review; ưu tiên long-tail; tạo topic hub và internal link về trang dịch vụ,B,2500.0,0%,0
lịch trình 3 ngày ở đà lạt,Tổng hợp Đà Lạt,Tổng hợp,In-scope Đà Lạt,Informational,50,N/A,N/A,N/A,Planner (Cao),data/google_planner/da-lat/Keyword Stats 2026-02-23 at 00_28_27.csv,Viết guide/review; ưu tiên long-tail; tạo topic hub và internal link về trang dịch vụ,B,2500.0,0%,0
lịch trình 4 ngày 3 đêm đà lạt,Tổng hợp Đà Lạt,Tổng hợp,In-scope Đà Lạt,Informational,50,N/A,N/A,N/A,Planner (Thấp),data/google_planner/da-lat/Keyword Stats 2026-02-23 at 00_28_27.csv,Viết guide/review; ưu tiên long-tail; tạo topic hub và internal link về trang dịch vụ,B,2500.0,0%,0
lịch trình du lịch đà lạt 2 ngày 1 đêm,Tổng hợp Đà Lạt,Tổng hợp,In-scope Đà Lạt,Informational,50,N/A,N/A,N/A,Planner (Thấp),data/google_planner/da-lat/Keyword Stats 2026-02-23 at 00_28_27.csv,Viết guide/review; ưu tiên long-tail; tạo topic hub và internal link về trang dịch vụ,B,2500.0,0%,0
lịch trình du lịch đà lạt 2 ngày 2 đêm,Tổng hợp Đà Lạt,Tổng hợp,In-scope Đà Lạt,Informational,50,N/A,N/A,N/A,Planner (Không xác định),data/google_planner/da-lat/Keyword Stats 2026-02-23 at 00_28_27.csv,Viết guide/review; ưu tiên long-tail; tạo topic hub và internal link về trang dịch vụ,B,2500.0,-100.0%,0
lịch trình du lịch đà lạt 3 ngày 3 đêm,Tổng hợp Đà Lạt,Tổng hợp,In-scope Đà Lạt,Informational,50,N/A,N/A,N/A,Planner (Thấp),data/google_planner/da-lat/Keyword Stats 2026-02-23 at 00_28_27.csv,Viết guide/review; ưu tiên long-tail; tạo topic hub và internal link về trang dịch vụ,B,2500.0,0%,0
lịch trình khám phá đà lạt,Tổng hợp Đà Lạt,Tổng hợp,In-scope Đà Lạt,Informational,50,N/A,N/A,N/A,Planner (Thấp),data/google_planner/da-lat/Keyword Stats 2026-02-23 at 00_28_27.csv,Viết guide/review; ưu tiên long-tail; tạo topic hub và internal link về trang dịch vụ,B,2500.0,0%,0
lịch trình tham quan đà lạt,Tổng hợp Đà Lạt,Tổng hợp,In-scope Đà Lạt,Informational,50,N/A,N/A,N/A,Planner (Thấp),data/google_planner/da-lat/Keyword Stats 2026-02-23 at 00_28_27.csv,Viết guide/review; ưu tiên long-tail; tạo topic hub và internal link về trang dịch vụ,B,2500.0,0%,0
lịch trình tham quan đà lạt 2 ngày,Tổng hợp Đà Lạt,Tổng hợp,In-scope Đà Lạt,Informational,50,N/A,N/A,N/A,Planner (Thấp),data/google_planner/da-lat/Keyword Stats 2026-02-23 at 00_28_27.csv,Viết guide/review; ưu tiên long-tail; tạo topic hub và internal link về trang dịch vụ,B,2500.0,0%,0
lịch trình tham quan đà lạt 3 ngày 2 đêm,Tổng hợp Đà Lạt,Tổng hợp,In-scope Đà Lạt,Informational,50,N/A,N/A,N/A,Planner (Thấp),data/google_planner/da-lat/Keyword Stats 2026-02-23 at 00_28_27.csv,Viết guide/review; ưu tiên long-tail; tạo topic hub và internal link về trang dịch vụ,B,2500.0,0%,0
lịch trình tham quan đà lạt 4 ngày 3 đêm,Tổng hợp Đà Lạt,Tổng hợp,In-scope Đà Lạt,Informational,50,N/A,N/A,N/A,Planner (Thấp),data/google_planner/da-lat/Keyword Stats 2026-02-23 at 00_28_27.csv,Viết guide/review; ưu tiên long-tail; tạo topic hub và internal link về trang dịch vụ,B,2500.0,0%,0
lịch trình đi chơi đà lạt,Tổng hợp Đà Lạt,Tổng hợp,In-scope Đà Lạt,Informational,50,N/A,N/A,N/A,Planner (Thấp),data/google_planner/da-lat/Keyword Stats 2026-02-23 at 00_28_27.csv,Viết guide/review; ưu tiên long-tail; tạo topic hub và internal link về trang dịch vụ,B,2500.0,0%,0
lịch trình đi du lịch đà lạt,Tổng hợp Đà Lạt,Tổng hợp,In-scope Đà Lạt,Informational,50,N/A,N/A,N/A,Planner (Thấp),data/google_planner/da-lat/Keyword Stats 2026-02-23 at 00_28_27.csv,Viết guide/review; ưu tiên long-tail; tạo topic hub và internal link về trang dịch vụ,B,2500.0,0%,0
lịch trình đi tham quan đà lạt,Tổng hợp Đà Lạt,Tổng hợp,In-scope Đà Lạt,Informational,50,N/A,N/A,N/A,Planner (Không xác định),data/google_planner/da-lat/Keyword Stats 2026-02-23 at 00_28_27.csv,Viết guide/review; ưu tiên long-tail; tạo topic hub và internal link về trang dịch vụ,B,2500.0,-100.0%,0
lịch trình đi đà lạt 2 ngày 1 đêm,Tổng hợp Đà Lạt,Tổng hợp,In-scope Đà Lạt,Informational,50,N/A,N/A,N/A,Planner (Thấp),data/google_planner/da-lat/Keyword Stats 2026-02-23 at 00_28_27.csv,Viết guide/review; ưu tiên long-tail; tạo topic hub và internal link về trang dịch vụ,B,2500.0,0%,0
lịch trình đi đà lạt 2 ngày 2 đêm,Tổng hợp Đà Lạt,Tổng hợp,In-scope Đà Lạt,Informational,50,N/A,N/A,N/A,Planner (Thấp),data/google_planner/da-lat/Keyword Stats 2026-02-23 at 00_28_27.csv,Viết guide/review; ưu tiên long-tail; tạo topic hub và internal link về trang dịch vụ,B,2500.0,0%,0
lịch trình đi đà lạt 3 ngày,Tổng hợp Đà Lạt,Tổng hợp,In-scope Đà Lạt,Informational,50,N/A,N/A,N/A,Planner (Thấp),data/google_planner/da-lat/Keyword Stats 2026-02-23 at 00_28_27.csv,Viết guide/review; ưu tiên long-tail; tạo topic hub và internal link về trang dịch vụ,B,2500.0,0%,0
lịch trình đi đà lạt 3 ngày 3 đêm,Tổng hợp Đà Lạt,Tổng hợp,In-scope Đà Lạt,Informational,50,N/A,N/A,N/A,Planner (Thấp),data/google_planner/da-lat/Keyword Stats 2026-02-23 at 00_28_27.csv,Viết guide/review; ưu tiên long-tail; tạo topic hub và internal link về trang dịch vụ,B,2500.0,0%,0
lịch trình đà lạt 2 ngày,Tổng hợp Đà Lạt,Tổng hợp,In-scope Đà Lạt,Informational,50,N/A,N/A,N/A,Planner (Thấp),data/google_planner/da-lat/Keyword Stats 2026-02-23 at 00_28_27.csv,Viết guide/review; ưu tiên long-tail; tạo topic hub và internal link về trang dịch vụ,B,2500.0,0%,0
lịch trình đà lạt 2 ngày 2 đêm,Tổng hợp Đà Lạt,Tổng hợp,In-scope Đà Lạt,Informational,50,N/A,N/A,N/A,Planner (Thấp),data/google_planner/da-lat/Keyword Stats 2026-02-23 at 00_28_27.csv,Viết guide/review; ưu tiên long-tail; tạo topic hub và internal link về trang dịch vụ,B,2500.0,0%,0
lịch trình đà lạt 3 ngày,Tổng hợp Đà Lạt,Tổng hợp,In-scope Đà Lạt,Informational,50,N/A,N/A,N/A,Planner (Thấp),data/google_planner/da-lat/Keyword Stats 2026-02-23 at 00_28_27.csv,Viết guide/review; ưu tiên long-tail; tạo topic hub và internal link về trang dịch vụ,B,2500.0,0%,0
lịch trình đà lạt 3 ngày 2 đêm 2022,Tổng hợp Đà Lạt,Tổng hợp,In-scope Đà Lạt,Informational,50,N/A,N/A,N/A,Planner (Không xác định),data/google_planner/da-lat/Keyword Stats 2026-02-23 at 00_28_27.csv,Viết guide/review; ưu tiên long-tail; tạo topic hub và internal link về trang dịch vụ,B,2500.0,0%,0
lịch trình đà lạt 3 ngày 3 đêm,Tổng hợp Đà Lạt,Tổng hợp,In-scope Đà Lạt,Informational,50,N/A,N/A,N/A,Planner (Thấp),data/google_planner/da-lat/Keyword Stats 2026-02-23 at 00_28_27.csv,Viết guide/review; ưu tiên long-tail; tạo topic hub và internal link về trang dịch vụ,B,2500.0,0%,0
lịch đi chơi đà lạt,Tổng hợp Đà Lạt,Tổng hợp,In-scope Đà Lạt,Informational,50,N/A,N/A,N/A,Planner (Thấp),data/google_planner/da-lat/Keyword Stats 2026-02-23 at 00_28_27.csv,Viết guide/review; ưu tiên long-tail; tạo topic hub và internal link về trang dịch vụ,B,2500.0,0%,0
lộ trình tham quan đà lạt,Tổng hợp Đà Lạt,Tổng hợp,In-scope Đà Lạt,Informational,50,N/A,N/A,N/A,Planner (Không xác định),data/google_planner/da-lat/Keyword Stats 2026-02-23 at 00_28_27.csv,Viết guide/review; ưu tiên long-tail; tạo topic hub và internal link về trang dịch vụ,B,2500.0,-100.0%,0
lộ trình đi chơi đà lạt,Tổng hợp Đà Lạt,Tổng hợp,In-scope Đà Lạt,Informational,50,N/A,N/A,N/A,Planner (Thấp),data/google_planner/da-lat/Keyword Stats 2026-02-23 at 00_28_27.csv,Viết guide/review; ưu tiên long-tail; tạo topic hub và internal link về trang dịch vụ,B,2500.0,0%,0
nhung diem di choi da lat,Tổng hợp Đà Lạt,Tổng hợp,In-scope Đà Lạt,Informational,50,N/A,N/A,N/A,Planner (Không xác định),data/google_planner/da-lat/Keyword Stats 2026-02-23 at 00_28_27.csv,Viết guide/review; ưu tiên long-tail; tạo topic hub và internal link về trang dịch vụ,B,2500.0,-100.0%,0
nhung diem di choi o da lat,Tổng hợp Đà Lạt,Tổng hợp,In-scope Đà Lạt,Informational,50,N/A,N/A,N/A,Planner (Cao),data/google_planner/da-lat/Keyword Stats 2026-02-23 at 00_28_27.csv,Viết guide/review; ưu tiên long-tail; tạo topic hub và internal link về trang dịch vụ,B,2500.0,0%,0
nhà khách lasan đà lạt,Tổng hợp Đà Lạt,Tổng hợp,In-scope Đà Lạt,Informational,50,N/A,N/A,N/A,Planner (Thấp),data/google_planner/da-lat/Keyword Stats 2026-02-23 at 00_28_27.csv,Viết guide/review; ưu tiên long-tail; tạo topic hub và internal link về trang dịch vụ,B,2500.0,0%,0
những chỗ đi chơi đà lạt,Tổng hợp Đà Lạt,Tổng hợp,In-scope Đà Lạt,Informational,50,N/A,N/A,N/A,Planner (Trung bình),data/google_planner/da-lat/Keyword Stats 2026-02-23 at 00_28_27.csv,Viết guide/review; ưu tiên long-tail; tạo topic hub và internal link về trang dịch vụ,B,2500.0,0%,0
những điểm đi chơi đà lạt,Tổng hợp Đà Lạt,Tổng hợp,In-scope Đà Lạt,Informational,50,N/A,N/A,N/A,Planner (Cao),data/google_planner/da-lat/Keyword Stats 2026-02-23 at 00_28_27.csv,Viết guide/review; ưu tiên long-tail; tạo topic hub và internal link về trang dịch vụ,B,2500.0,0%,0
những địa điểm đi chơi đà lạt,Tổng hợp Đà Lạt,Tổng hợp,In-scope Đà Lạt,Informational,50,N/A,N/A,N/A,Planner (Không xác định),data/google_planner/da-lat/Keyword Stats 2026-02-23 at 00_28_27.csv,Viết guide/review; ưu tiên long-tail; tạo topic hub và internal link về trang dịch vụ,B,2500.0,-100.0%,0
nơi đi chơi ở đà lạt,Tổng hợp Đà Lạt,Tổng hợp,In-scope Đà Lạt,Informational,50,N/A,N/A,N/A,Planner (Thấp),data/google_planner/da-lat/Keyword Stats 2026-02-23 at 00_28_27.csv,Viết guide/review; ưu tiên long-tail; tạo topic hub và internal link về trang dịch vụ,B,2500.0,0%,0
phòng view đẹp ở đà lạt,Tổng hợp Đà Lạt,Tổng hợp,In-scope Đà Lạt,Informational,50,N/A,N/A,N/A,Planner (Thấp),data/google_planner/da-lat/Keyword Stats 2026-02-23 at 00_28_27.csv,Viết guide/review; ưu tiên long-tail; tạo topic hub và internal link về trang dịch vụ,B,2500.0,0%,0
phượng hoàng cổ trấn dalat,Tổng hợp Đà Lạt,Tổng hợp,In-scope Đà Lạt,Informational,50,N/A,N/A,N/A,Planner (Thấp),data/google_planner/da-lat/Keyword Stats 2026-02-23 at 00_28_27.csv,Viết guide/review; ưu tiên long-tail; tạo topic hub và internal link về trang dịch vụ,B,2500.0,0%,0
phượng hoàng cổ trấn tại đà lạt,Tổng hợp Đà Lạt,Tổng hợp,In-scope Đà Lạt,Informational,50,N/A,N/A,N/A,Planner (Thấp),data/google_planner/da-lat/Keyword Stats 2026-02-23 at 00_28_27.csv,Viết guide/review; ưu tiên long-tail; tạo topic hub và internal link về trang dịch vụ,B,2500.0,0%,0
phượng hoàng cổ trấn ở đà lạt,Tổng hợp Đà Lạt,Tổng hợp,In-scope Đà Lạt,Informational,50,N/A,N/A,N/A,Planner (Thấp),data/google_planner/da-lat/Keyword Stats 2026-02-23 at 00_28_27.csv,Viết guide/review; ưu tiên long-tail; tạo topic hub và internal link về trang dịch vụ,B,2500.0,0%,0
phố ẩm thực đà lạt,Tổng hợp Đà Lạt,Tổng hợp,In-scope Đà Lạt,Informational,50,N/A,N/A,N/A,Planner (Thấp),data/google_planner/da-lat/Keyword Stats 2026-02-23 at 00_28_27.csv,Viết guide/review; ưu tiên long-tail; tạo topic hub và internal link về trang dịch vụ,B,2500.0,0%,0
showroom hoa khô đà lạt,Tổng hợp Đà Lạt,Tổng hợp,In-scope Đà Lạt,Informational,50,N/A,N/A,N/A,Planner (Cao),data/google_planner/da-lat/Keyword Stats 2026-02-23 at 00_28_27.csv,Viết guide/review; ưu tiên long-tail; tạo topic hub và internal link về trang dịch vụ,B,2500.0,0%,0
tham quan da lat 1 ngay,Tổng hợp Đà Lạt,Tổng hợp,In-scope Đà Lạt,Informational,50,N/A,N/A,N/A,Planner (Cao),data/google_planner/da-lat/Keyword Stats 2026-02-23 at 00_28_27.csv,Viết guide/review; ưu tiên long-tail; tạo topic hub và internal link về trang dịch vụ,B,2500.0,0%,0
tham quan vườn bí ngô khổng lồ đà lạt,Tổng hợp Đà Lạt,Tổng hợp,In-scope Đà Lạt,Informational,50,N/A,N/A,N/A,Planner (Không xác định),data/google_planner/da-lat/Keyword Stats 2026-02-23 at 00_28_27.csv,Viết guide/review; ưu tiên long-tail; tạo topic hub và internal link về trang dịch vụ,B,2500.0,-100.0%,0
tham quan đà lạt 1 ngày,Tổng hợp Đà Lạt,Tổng hợp,In-scope Đà Lạt,Informational,50,N/A,N/A,N/A,Planner (Trung bình),data/google_planner/da-lat/Keyword Stats 2026-02-23 at 00_28_27.csv,Viết guide/review; ưu tiên long-tail; tạo topic hub và internal link về trang dịch vụ,B,2500.0,0%,0
tham quan đà lạt 3 ngày 2 đêm,Tổng hợp Đà Lạt,Tổng hợp,In-scope Đà Lạt,Informational,50,N/A,N/A,N/A,Planner (Thấp),data/google_planner/da-lat/Keyword Stats 2026-02-23 at 00_28_27.csv,Viết guide/review; ưu tiên long-tail; tạo topic hub và internal link về trang dịch vụ,B,2500.0,0%,0
trang đà lạt,Tổng hợp Đà Lạt,Tổng hợp,In-scope Đà Lạt,Informational,50,N/A,N/A,N/A,Planner (Thấp),data/google_planner/da-lat/Keyword Stats 2026-02-23 at 00_28_27.csv,Viết guide/review; ưu tiên long-tail; tạo topic hub và internal link về trang dịch vụ,B,2500.0,0%,0
trăng mật đà lạt,Tổng hợp Đà Lạt,Tổng hợp,In-scope Đà Lạt,Informational,50,N/A,N/A,N/A,Planner (Thấp),data/google_planner/da-lat/Keyword Stats 2026-02-23 at 00_28_27.csv,Viết guide/review; ưu tiên long-tail; tạo topic hub và internal link về trang dịch vụ,B,2500.0,0%,0
trọn gói du lịch đà lạt,Tổng hợp Đà Lạt,Tổng hợp,In-scope Đà Lạt,Informational,50,N/A,N/A,N/A,Planner (Trung bình),data/google_planner/da-lat/Keyword Stats 2026-02-23 at 00_28_27.csv,Viết guide/review; ưu tiên long-tail; tạo topic hub và internal link về trang dịch vụ,B,2500.0,0%,0
tua du lich da lat 4 ngay 3 dem,Tổng hợp Đà Lạt,Tổng hợp,In-scope Đà Lạt,Informational,50,N/A,N/A,N/A,Planner (Không xác định),data/google_planner/da-lat/Keyword Stats 2026-02-23 at 00_28_27.csv,Viết guide/review; ưu tiên long-tail; tạo topic hub và internal link về trang dịch vụ,B,2500.0,-100.0%,0
tua du lich dalat,Tổng hợp Đà Lạt,Tổng hợp,In-scope Đà Lạt,Informational,50,N/A,N/A,N/A,Planner (Cao),data/google_planner/da-lat/Keyword Stats 2026-02-23 at 00_28_27.csv,Viết guide/review; ưu tiên long-tail; tạo topic hub và internal link về trang dịch vụ,B,2500.0,0%,0
tuyến du lịch đà lạt,Tổng hợp Đà Lạt,Tổng hợp,In-scope Đà Lạt,Informational,50,N/A,N/A,N/A,Planner (Thấp),data/google_planner/da-lat/Keyword Stats 2026-02-23 at 00_28_27.csv,Viết guide/review; ưu tiên long-tail; tạo topic hub và internal link về trang dịch vụ,B,2500.0,0%,0
tết du lịch đà lạt,Tổng hợp Đà Lạt,Tổng hợp,In-scope Đà Lạt,Informational,50,N/A,N/A,N/A,Planner (Trung bình),data/google_planner/da-lat/Keyword Stats 2026-02-23 at 00_28_27.csv,Viết guide/review; ưu tiên long-tail; tạo topic hub và internal link về trang dịch vụ,B,2500.0,0%,0
văn hóa cồng chiêng tây nguyên đà lạt,Tổng hợp Đà Lạt,Tổng hợp,In-scope Đà Lạt,Informational,50,N/A,N/A,N/A,Planner (Thấp),data/google_planner/da-lat/Keyword Stats 2026-02-23 at 00_28_27.csv,Viết guide/review; ưu tiên long-tail; tạo topic hub và internal link về trang dịch vụ,B,2500.0,0%,0
văn hóa cồng chiêng đà lạt,Tổng hợp Đà Lạt,Tổng hợp,In-scope Đà Lạt,Informational,50,N/A,N/A,N/A,Planner (Thấp),data/google_planner/da-lat/Keyword Stats 2026-02-23 at 00_28_27.csv,Viết guide/review; ưu tiên long-tail; tạo topic hub và internal link về trang dịch vụ,B,2500.0,0%,0
vườn bí ngô khổng lồ đà lạt 2020,Tổng hợp Đà Lạt,Tổng hợp,In-scope Đà Lạt,Informational,50,N/A,N/A,N/A,Planner (Không xác định),data/google_planner/da-lat/Keyword Stats 2026-02-23 at 00_28_27.csv,Viết guide/review; ưu tiên long-tail; tạo topic hub và internal link về trang dịch vụ,B,2500.0,0%,0
đi chơi đà lạt tự túc,Tổng hợp Đà Lạt,Tổng hợp,In-scope Đà Lạt,Informational,50,N/A,N/A,N/A,Planner (Không xác định),data/google_planner/da-lat/Keyword Stats 2026-02-23 at 00_28_27.csv,Viết guide/review; ưu tiên long-tail; tạo topic hub và internal link về trang dịch vụ,B,2500.0,0%,0
đi chơi đêm đà lạt,Tổng hợp Đà Lạt,Tổng hợp,In-scope Đà Lạt,Informational,50,N/A,N/A,N/A,Planner (Cao),data/google_planner/da-lat/Keyword Stats 2026-02-23 at 00_28_27.csv,Viết guide/review; ưu tiên long-tail; tạo topic hub và internal link về trang dịch vụ,B,2500.0,0%,0
đi chơi đêm ở đà lạt,Tổng hợp Đà Lạt,Tổng hợp,In-scope Đà Lạt,Informational,50,N/A,N/A,N/A,Planner (Trung bình),data/google_planner/da-lat/Keyword Stats 2026-02-23 at 00_28_27.csv,Viết guide/review; ưu tiên long-tail; tạo topic hub và internal link về trang dịch vụ,B,2500.0,0%,0
đi du lịch đà lạt 2 ngày 1 đêm,Tổng hợp Đà Lạt,Tổng hợp,In-scope Đà Lạt,Informational,50,N/A,N/A,N/A,Planner (Không xác định),data/google_planner/da-lat/Keyword Stats 2026-02-23 at 00_28_27.csv,Viết guide/review; ưu tiên long-tail; tạo topic hub và internal link về trang dịch vụ,B,2500.0,-100.0%,0
đi du lịch đà lạt 3 ngày 2 đêm,Tổng hợp Đà Lạt,Tổng hợp,In-scope Đà Lạt,Informational,50,N/A,N/A,N/A,Planner (Cao),data/google_planner/da-lat/Keyword Stats 2026-02-23 at 00_28_27.csv,Viết guide/review; ưu tiên long-tail; tạo topic hub và internal link về trang dịch vụ,B,2500.0,0%,0
đi tua du lịch đà lạt,Tổng hợp Đà Lạt,Tổng hợp,In-scope Đà Lạt,Informational,50,N/A,N/A,N/A,Planner (Cao),data/google_planner/da-lat/Keyword Stats 2026-02-23 at 00_28_27.csv,Viết guide/review; ưu tiên long-tail; tạo topic hub và internal link về trang dịch vụ,B,2500.0,0%,0
đi đà lạt chơi,Tổng hợp Đà Lạt,Tổng hợp,In-scope Đà Lạt,Informational,50,N/A,N/A,N/A,Planner (Thấp),data/google_planner/da-lat/Keyword Stats 2026-02-23 at 00_28_27.csv,Viết guide/review; ưu tiên long-tail; tạo topic hub và internal link về trang dịch vụ,B,2500.0,0%,0
điểm đi chơi ở đà lạt,Tổng hợp Đà Lạt,Tổng hợp,In-scope Đà Lạt,Informational,50,N/A,N/A,N/A,Planner (Trung bình),data/google_planner/da-lat/Keyword Stats 2026-02-23 at 00_28_27.csv,Viết guide/review; ưu tiên long-tail; tạo topic hub và internal link về trang dịch vụ,B,2500.0,0%,0
đà lạt chỗ đi chơi,Tổng hợp Đà Lạt,Tổng hợp,In-scope Đà Lạt,Informational,50,N/A,N/A,N/A,Planner (Trung bình),data/google_planner/da-lat/Keyword Stats 2026-02-23 at 00_28_27.csv,Viết guide/review; ưu tiên long-tail; tạo topic hub và internal link về trang dịch vụ,B,2500.0,0%,0
đặc sản ẩm thực đà lạt,Tổng hợp Đà Lạt,Tổng hợp,In-scope Đà Lạt,Informational,50,N/A,N/A,N/A,Planner (Trung bình),data/google_planner/da-lat/Keyword Stats 2026-02-23 at 00_28_27.csv,Viết guide/review; ưu tiên long-tail; tạo topic hub và internal link về trang dịch vụ,B,2500.0,0%,0
đặt phòng du lịch đà lạt,Tổng hợp Đà Lạt,Tổng hợp,In-scope Đà Lạt,Informational,50,N/A,N/A,N/A,Planner (Cao),data/google_planner/da-lat/Keyword Stats 2026-02-23 at 00_28_27.csv,Viết guide/review; ưu tiên long-tail; tạo topic hub và internal link về trang dịch vụ,B,2500.0,0%,0
đặt phòng gần chợ đà lạt,Tổng hợp Đà Lạt,Tổng hợp,In-scope Đà Lạt,Informational,50,N/A,N/A,N/A,Planner (Không xác định),data/google_planner/da-lat/Keyword Stats 2026-02-23 at 00_28_27.csv,Viết guide/review; ưu tiên long-tail; tạo topic hub và internal link về trang dịch vụ,B,2500.0,-100.0%,0
đặt phòng giá rẻ đà lạt,Tổng hợp Đà Lạt,Tổng hợp,In-scope Đà Lạt,Transaction,50,N/A,N/A,N/A,Planner (Trung bình),data/google_planner/da-lat/Keyword Stats 2026-02-23 at 00_28_27.csv,"Tạo landing chuyển đổi (giá/vé/đặt chỗ), gom vào cluster page + build backlink nội bộ",B,2500.0,0%,0
đặt phòng ở đà lạt giá rẻ,Tổng hợp Đà Lạt,Tổng hợp,In-scope Đà Lạt,Transaction,50,N/A,N/A,N/A,Planner (Thấp),data/google_planner/da-lat/Keyword Stats 2026-02-23 at 00_28_27.csv,"Tạo landing chuyển đổi (giá/vé/đặt chỗ), gom vào cluster page + build backlink nội bộ",B,2500.0,0%,0
dat phong dalat,Tổng hợp Đà Lạt,Tổng hợp,In-scope Đà Lạt,Transaction,50,N/A,N/A,N/A,Planner (Cao),data/google_planner/da-lat/Keyword Stats 2026-02-23 at 00_28_27.csv,"Tạo landing chuyển đổi (giá/vé/đặt chỗ), gom vào cluster page + build backlink nội bộ",B,2500.0,0%,0
biet thu cho thue o da lat,Tổng hợp Đà Lạt,Tổng hợp,In-scope Đà Lạt,Transaction,50,N/A,N/A,N/A,Planner (Không xác định),data/google_planner/da-lat/Keyword Stats 2026-02-23 at 00_28_27.csv,"Tạo landing chuyển đổi (giá/vé/đặt chỗ), gom vào cluster page + build backlink nội bộ",B,2500.0,-100.0%,0
cho thuê biệt thự tại đà lạt,Tổng hợp Đà Lạt,Tổng hợp,In-scope Đà Lạt,Transaction,50,N/A,N/A,N/A,Planner (Thấp),data/google_planner/da-lat/Keyword Stats 2026-02-23 at 00_28_27.csv,"Tạo landing chuyển đổi (giá/vé/đặt chỗ), gom vào cluster page + build backlink nội bộ",B,2500.0,0%,0
cho thuê biệt thự ở đà lạt,Tổng hợp Đà Lạt,Tổng hợp,In-scope Đà Lạt,Transaction,50,N/A,N/A,N/A,Planner (Cao),data/google_planner/da-lat/Keyword Stats 2026-02-23 at 00_28_27.csv,"Tạo landing chuyển đổi (giá/vé/đặt chỗ), gom vào cluster page + build backlink nội bộ",B,2500.0,0%,0
dat phong da lat gia re,Tổng hợp Đà Lạt,Tổng hợp,In-scope Đà Lạt,Transaction,50,N/A,N/A,N/A,Planner (Cao),data/google_planner/da-lat/Keyword Stats 2026-02-23 at 00_28_27.csv,"Tạo landing chuyển đổi (giá/vé/đặt chỗ), gom vào cluster page + build backlink nội bộ",B,2500.0,0%,0
dat phong tai da lat,Tổng hợp Đà Lạt,Tổng hợp,In-scope Đà Lạt,Transaction,50,N/A,N/A,N/A,Planner (Không xác định),data/google_planner/da-lat/Keyword Stats 2026-02-23 at 00_28_27.csv,"Tạo landing chuyển đổi (giá/vé/đặt chỗ), gom vào cluster page + build backlink nội bộ",B,2500.0,-100.0%,0
dat phong đà lạt,Tổng hợp Đà Lạt,Tổng hợp,In-scope Đà Lạt,Transaction,50,N/A,N/A,N/A,Planner (Không xác định),data/google_planner/da-lat/Keyword Stats 2026-02-23 at 00_28_27.csv,"Tạo landing chuyển đổi (giá/vé/đặt chỗ), gom vào cluster page + build backlink nội bộ",B,2500.0,-100.0%,0
du lich da lat gia re,Tổng hợp Đà Lạt,Tổng hợp,In-scope Đà Lạt,Transaction,50,N/A,N/A,N/A,Planner (Thấp),data/google_planner/da-lat/Keyword Stats 2026-02-23 at 00_28_27.csv,"Tạo landing chuyển đổi (giá/vé/đặt chỗ), gom vào cluster page + build backlink nội bộ",B,2500.0,0%,0
du lịch giá rẻ đà lạt,Tổng hợp Đà Lạt,Tổng hợp,In-scope Đà Lạt,Transaction,50,N/A,N/A,N/A,Planner (Không xác định),data/google_planner/da-lat/Keyword Stats 2026-02-23 at 00_28_27.csv,"Tạo landing chuyển đổi (giá/vé/đặt chỗ), gom vào cluster page + build backlink nội bộ",B,2500.0,-100.0%,0
du lịch đà lạt 3 ngày 2 đêm giá rẻ,Tổng hợp Đà Lạt,Tổng hợp,In-scope Đà Lạt,Transaction,50,N/A,N/A,N/A,Planner (Không xác định),data/google_planner/da-lat/Keyword Stats 2026-02-23 at 00_28_27.csv,"Tạo landing chuyển đổi (giá/vé/đặt chỗ), gom vào cluster page + build backlink nội bộ",B,2500.0,0%,0
du lịch đà lạt giá rẻ 2 ngày 1 đêm,Tổng hợp Đà Lạt,Tổng hợp,In-scope Đà Lạt,Transaction,50,N/A,N/A,N/A,Planner (Không xác định),data/google_planner/da-lat/Keyword Stats 2026-02-23 at 00_28_27.csv,"Tạo landing chuyển đổi (giá/vé/đặt chỗ), gom vào cluster page + build backlink nội bộ",B,2500.0,0%,0
du lịch đà lạt giá rẻ 3 ngày 2 đêm,Tổng hợp Đà Lạt,Tổng hợp,In-scope Đà Lạt,Transaction,50,N/A,N/A,N/A,Planner (Trung bình),data/google_planner/da-lat/Keyword Stats 2026-02-23 at 00_28_27.csv,"Tạo landing chuyển đổi (giá/vé/đặt chỗ), gom vào cluster page + build backlink nội bộ",B,2500.0,0%,0
gia ve du lich da lat,Tổng hợp Đà Lạt,Tổng hợp,In-scope Đà Lạt,Transaction,50,N/A,N/A,N/A,Planner (Thấp),data/google_planner/da-lat/Keyword Stats 2026-02-23 at 00_28_27.csv,"Tạo landing chuyển đổi (giá/vé/đặt chỗ), gom vào cluster page + build backlink nội bộ",B,2500.0,0%,0
giá du lịch đà lạt,Tổng hợp Đà Lạt,Tổng hợp,In-scope Đà Lạt,Transaction,50,N/A,N/A,N/A,Planner (Trung bình),data/google_planner/da-lat/Keyword Stats 2026-02-23 at 00_28_27.csv,"Tạo landing chuyển đổi (giá/vé/đặt chỗ), gom vào cluster page + build backlink nội bộ",B,2500.0,0%,0
giá tham quan đà lạt,Tổng hợp Đà Lạt,Tổng hợp,In-scope Đà Lạt,Transaction,50,N/A,N/A,N/A,Planner (Không xác định),data/google_planner/da-lat/Keyword Stats 2026-02-23 at 00_28_27.csv,"Tạo landing chuyển đổi (giá/vé/đặt chỗ), gom vào cluster page + build backlink nội bộ",B,2500.0,-100.0%,0
giá vé du lịch đà lạt,Tổng hợp Đà Lạt,Tổng hợp,In-scope Đà Lạt,Transaction,50,N/A,N/A,N/A,Planner (Thấp),data/google_planner/da-lat/Keyword Stats 2026-02-23 at 00_28_27.csv,"Tạo landing chuyển đổi (giá/vé/đặt chỗ), gom vào cluster page + build backlink nội bộ",B,2500.0,0%,0
giá vé giao lưu văn hóa cồng chiêng đà lạt,Tổng hợp Đà Lạt,Tổng hợp,In-scope Đà Lạt,Transaction,50,N/A,N/A,N/A,Planner (Thấp),data/google_planner/da-lat/Keyword Stats 2026-02-23 at 00_28_27.csv,"Tạo landing chuyển đổi (giá/vé/đặt chỗ), gom vào cluster page + build backlink nội bộ",B,2500.0,0%,0
giá vé rừng hoa khô đà lạt,Tổng hợp Đà Lạt,Tổng hợp,In-scope Đà Lạt,Transaction,50,N/A,N/A,N/A,Planner (Không xác định),data/google_planner/da-lat/Keyword Stats 2026-02-23 at 00_28_27.csv,"Tạo landing chuyển đổi (giá/vé/đặt chỗ), gom vào cluster page + build backlink nội bộ",B,2500.0,-100.0%,0
khuyến mãi du lịch đà lạt,Tổng hợp Đà Lạt,Tổng hợp,In-scope Đà Lạt,Transaction,50,N/A,N/A,N/A,Planner (Cao),data/google_planner/da-lat/Keyword Stats 2026-02-23 at 00_28_27.csv,"Tạo landing chuyển đổi (giá/vé/đặt chỗ), gom vào cluster page + build backlink nội bộ",B,2500.0,0%,0
kinh nghiệm thuê phòng ở đà lạt,Tổng hợp Đà Lạt,Tổng hợp,In-scope Đà Lạt,Transaction,50,N/A,N/A,N/A,Planner (Không xác định),data/google_planner/da-lat/Keyword Stats 2026-02-23 at 00_28_27.csv,"Tạo landing chuyển đổi (giá/vé/đặt chỗ), gom vào cluster page + build backlink nội bộ",B,2500.0,-100.0%,0
phòng nghỉ giá rẻ ở đà lạt,Tổng hợp Đà Lạt,Tổng hợp,In-scope Đà Lạt,Transaction,50,N/A,N/A,N/A,Planner (Cao),data/google_planner/da-lat/Keyword Stats 2026-02-23 at 00_28_27.csv,"Tạo landing chuyển đổi (giá/vé/đặt chỗ), gom vào cluster page + build backlink nội bộ",B,2500.0,0%,0
phượng hoàng cổ trấn đà lạt giá vé,Tổng hợp Đà Lạt,Tổng hợp,In-scope Đà Lạt,Transaction,50,N/A,N/A,N/A,Planner (Thấp),data/google_planner/da-lat/Keyword Stats 2026-02-23 at 00_28_27.csv,"Tạo landing chuyển đổi (giá/vé/đặt chỗ), gom vào cluster page + build backlink nội bộ",B,2500.0,0%,0
voucher du lịch đà lạt,Tổng hợp Đà Lạt,Tổng hợp,In-scope Đà Lạt,Transaction,50,N/A,N/A,N/A,Planner (Không xác định),data/google_planner/da-lat/Keyword Stats 2026-02-23 at 00_28_27.csv,"Tạo landing chuyển đổi (giá/vé/đặt chỗ), gom vào cluster page + build backlink nội bộ",B,2500.0,-100.0%,0
đi chơi đà lạt mùa nào đẹp nhất,Tổng hợp Đà Lạt,Tổng hợp,In-scope Đà Lạt,Transaction,50,N/A,N/A,N/A,Planner (Thấp),data/google_planner/da-lat/Keyword Stats 2026-02-23 at 00_28_27.csv,"Tạo landing chuyển đổi (giá/vé/đặt chỗ), gom vào cluster page + build backlink nội bộ",B,2500.0,0%,0
đi du lịch đà lạt giá rẻ,Tổng hợp Đà Lạt,Tổng hợp,In-scope Đà Lạt,Transaction,50,N/A,N/A,N/A,Planner (Không xác định),data/google_planner/da-lat/Keyword Stats 2026-02-23 at 00_28_27.csv,"Tạo landing chuyển đổi (giá/vé/đặt chỗ), gom vào cluster page + build backlink nội bộ",B,2500.0,0%,0
đặt phòng giá rẻ ở đà lạt,Tổng hợp Đà Lạt,Tổng hợp,In-scope Đà Lạt,Transaction,50,N/A,N/A,N/A,Planner (Cao),data/google_planner/da-lat/Keyword Stats 2026-02-23 at 00_28_27.csv,"Tạo landing chuyển đổi (giá/vé/đặt chỗ), gom vào cluster page + build backlink nội bộ",B,2500.0,0%,0
đặt phòng đà lạt booking,Tổng hợp Đà Lạt,Tổng hợp,In-scope Đà Lạt,Transaction,50,N/A,N/A,N/A,Planner (Không xác định),data/google_planner/da-lat/Keyword Stats 2026-02-23 at 00_28_27.csv,"Tạo landing chuyển đổi (giá/vé/đặt chỗ), gom vào cluster page + build backlink nội bộ",B,2500.0,0%,0
kinh nghiem di choi da lat,Tổng hợp Đà Lạt,Tổng hợp,In-scope Đà Lạt,Commercial Investigation,50,N/A,N/A,N/A,Planner (Không xác định),data/google_planner/da-lat/Keyword Stats 2026-02-23 at 00_28_27.csv,Viết bài top-list/so sánh; map vào cluster hub; bổ sung schema + ảnh/UGC,B,2500.0,-100.0%,0
kinh nghiem du lich da lat 3 ngay 2 dem,Tổng hợp Đà Lạt,Tổng hợp,In-scope Đà Lạt,Commercial Investigation,50,N/A,N/A,N/A,Planner (Không xác định),data/google_planner/da-lat/Keyword Stats 2026-02-23 at 00_28_27.csv,Viết bài top-list/so sánh; map vào cluster hub; bổ sung schema + ảnh/UGC,B,2500.0,-100.0%,0
kinh nghiệm du lịch đà lạt 2 ngày 1 đêm,Tổng hợp Đà Lạt,Tổng hợp,In-scope Đà Lạt,Commercial Investigation,50,N/A,N/A,N/A,Planner (Cao),data/google_planner/da-lat/Keyword Stats 2026-02-23 at 00_28_27.csv,Viết bài top-list/so sánh; map vào cluster hub; bổ sung schema + ảnh/UGC,B,2500.0,0%,0
kinh nghiệm du lịch đà lạt 3 ngày 2 đêm,Tổng hợp Đà Lạt,Tổng hợp,In-scope Đà Lạt,Commercial Investigation,50,N/A,N/A,N/A,Planner (Trung bình),data/google_planner/da-lat/Keyword Stats 2026-02-23 at 00_28_27.csv,Viết bài top-list/so sánh; map vào cluster hub; bổ sung schema + ảnh/UGC,B,2500.0,0%,0
kinh nghiệm du lịch đà lạt 4 ngày 3 đêm,Tổng hợp Đà Lạt,Tổng hợp,In-scope Đà Lạt,Commercial Investigation,50,N/A,N/A,N/A,Planner (Thấp),data/google_planner/da-lat/Keyword Stats 2026-02-23 at 00_28_27.csv,Viết bài top-list/so sánh; map vào cluster hub; bổ sung schema + ảnh/UGC,B,2500.0,0%,0
kinh nghiệm du lịch đà lạt 5 ngày 4 đêm,Tổng hợp Đà Lạt,Tổng hợp,In-scope Đà Lạt,Commercial Investigation,50,N/A,N/A,N/A,Planner (Không xác định),data/google_planner/da-lat/Keyword Stats 2026-02-23 at 00_28_27.csv,Viết bài top-list/so sánh; map vào cluster hub; bổ sung schema + ảnh/UGC,B,2500.0,0%,0
kinh nghiệm đi chơi đà lạt,Tổng hợp Đà Lạt,Tổng hợp,In-scope Đà Lạt,Commercial Investigation,50,N/A,N/A,N/A,Planner (Cao),data/google_planner/da-lat/Keyword Stats 2026-02-23 at 00_28_27.csv,Viết bài top-list/so sánh; map vào cluster hub; bổ sung schema + ảnh/UGC,B,2500.0,0%,0
kinh nghiệm đi đà lạt 2 ngày 1 đêm,Tổng hợp Đà Lạt,Tổng hợp,In-scope Đà Lạt,Commercial Investigation,50,N/A,N/A,N/A,Planner (Không xác định),data/google_planner/da-lat/Keyword Stats 2026-02-23 at 00_28_27.csv,Viết bài top-list/so sánh; map vào cluster hub; bổ sung schema + ảnh/UGC,B,2500.0,-100.0%,0
kinh nghiệm đi đà lạt 4 ngày 3 đêm,Tổng hợp Đà Lạt,Tổng hợp,In-scope Đà Lạt,Commercial Investigation,50,N/A,N/A,N/A,Planner (Trung bình),data/google_planner/da-lat/Keyword Stats 2026-02-23 at 00_28_27.csv,Viết bài top-list/so sánh; map vào cluster hub; bổ sung schema + ảnh/UGC,B,2500.0,0%,0
kinh nghiệm đà lạt 3 ngày 2 đêm,Tổng hợp Đà Lạt,Tổng hợp,In-scope Đà Lạt,Commercial Investigation,50,N/A,N/A,N/A,Planner (Thấp),data/google_planner/da-lat/Keyword Stats 2026-02-23 at 00_28_27.csv,Viết bài top-list/so sánh; map vào cluster hub; bổ sung schema + ảnh/UGC,B,2500.0,0%,0
kinh nghiệm đặt phòng đà lạt,Tổng hợp Đà Lạt,Tổng hợp,In-scope Đà Lạt,Commercial Investigation,50,N/A,N/A,N/A,Planner (Trung bình),data/google_planner/da-lat/Keyword Stats 2026-02-23 at 00_28_27.csv,Viết bài top-list/so sánh; map vào cluster hub; bổ sung schema + ảnh/UGC,B,2500.0,0%,0
kinh nghiệm đặt phòng ở đà lạt,Tổng hợp Đà Lạt,Tổng hợp,In-scope Đà Lạt,Commercial Investigation,50,N/A,N/A,N/A,Planner (Không xác định),data/google_planner/da-lat/Keyword Stats 2026-02-23 at 00_28_27.csv,Viết bài top-list/so sánh; map vào cluster hub; bổ sung schema + ảnh/UGC,B,2500.0,-100.0%,0
review chỗ ở đà lạt,Tổng hợp Đà Lạt,Tổng hợp,In-scope Đà Lạt,Commercial Investigation,50,N/A,N/A,N/A,Planner (Trung bình),data/google_planner/da-lat/Keyword Stats 2026-02-23 at 00_28_27.csv,Viết bài top-list/so sánh; map vào cluster hub; bổ sung schema + ảnh/UGC,B,2500.0,0%,0
ve du lich da lat,Tổng hợp Đà Lạt,Tổng hợp,In-scope Đà Lạt,Commercial Investigation,50,N/A,N/A,N/A,Planner (Không xác định),data/google_planner/da-lat/Keyword Stats 2026-02-23 at 00_28_27.csv,Viết bài top-list/so sánh; map vào cluster hub; bổ sung schema + ảnh/UGC,B,2500.0,-100.0%,0
đặt phòng kymi đà lạt,Tổng hợp Đà Lạt,Tổng hợp,In-scope Đà Lạt,Informational,50,N/A,N/A,N/A,Planner (Không xác định),data/google_planner/da-lat/Keyword Stats 2026-02-23 at 00_28_27.csv,Viết guide/review; ưu tiên long-tail; tạo topic hub và internal link về trang dịch vụ,B,2500.0,-100.0%,0
đặt phòng mây lang thang đà lạt,Tổng hợp Đà Lạt,Tổng hợp,In-scope Đà Lạt,Informational,50,N/A,N/A,N/A,Planner (Không xác định),data/google_planner/da-lat/Keyword Stats 2026-02-23 at 00_28_27.csv,Viết guide/review; ưu tiên long-tail; tạo topic hub và internal link về trang dịch vụ,B,2500.0,0%,0
đặt phòng nghỉ tại đà lạt,Tổng hợp Đà Lạt,Tổng hợp,In-scope Đà Lạt,Informational,50,N/A,N/A,N/A,Planner (Trung bình),data/google_planner/da-lat/Keyword Stats 2026-02-23 at 00_28_27.csv,Viết guide/review; ưu tiên long-tail; tạo topic hub và internal link về trang dịch vụ,B,2500.0,0%,0
đặt phòng nghỉ ở đà lạt,Tổng hợp Đà Lạt,Tổng hợp,In-scope Đà Lạt,Informational,50,N/A,N/A,N/A,Planner (Không xác định),data/google_planner/da-lat/Keyword Stats 2026-02-23 at 00_28_27.csv,Viết guide/review; ưu tiên long-tail; tạo topic hub và internal link về trang dịch vụ,B,2500.0,0%,0
đặt phòng the seen house đà lạt,Tổng hợp Đà Lạt,Tổng hợp,In-scope Đà Lạt,Informational,50,N/A,N/A,N/A,Planner (Không xác định),data/google_planner/da-lat/Keyword Stats 2026-02-23 at 00_28_27.csv,Viết guide/review; ưu tiên long-tail; tạo topic hub và internal link về trang dịch vụ,B,2500.0,0%,0
đặt phòng đà lạt 30 4,Tổng hợp Đà Lạt,Tổng hợp,In-scope Đà Lạt,Informational,50,N/A,N/A,N/A,Planner (Không xác định),data/google_planner/da-lat/Keyword Stats 2026-02-23 at 00_28_27.csv,Viết guide/review; ưu tiên long-tail; tạo topic hub và internal link về trang dịch vụ,B,2500.0,-100.0%,0
đặt phòng đà lạt agoda,Tổng hợp Đà Lạt,Tổng hợp,In-scope Đà Lạt,Informational,50,N/A,N/A,N/A,Planner (Cao),data/google_planner/da-lat/Keyword Stats 2026-02-23 at 00_28_27.csv,Viết guide/review; ưu tiên long-tail; tạo topic hub và internal link về trang dịch vụ,B,2500.0,0%,0
địa chỉ đi chơi đà lạt,Tổng hợp Đà Lạt,Tổng hợp,In-scope Đà Lạt,Informational,50,N/A,N/A,N/A,Planner (Cao),data/google_planner/da-lat/Keyword Stats 2026-02-23 at 00_28_27.csv,Viết guide/review; ưu tiên long-tail; tạo topic hub và internal link về trang dịch vụ,B,2500.0,0%,0
địa chỉ đi chơi ở đà lạt,Tổng hợp Đà Lạt,Tổng hợp,In-scope Đà Lạt,Informational,50,N/A,N/A,N/A,Planner (Không xác định),data/google_planner/da-lat/Keyword Stats 2026-02-23 at 00_28_27.csv,Viết guide/review; ưu tiên long-tail; tạo topic hub và internal link về trang dịch vụ,B,2500.0,-100.0%,0
địa điểm đi chơi dalat,Tổng hợp Đà Lạt,Tổng hợp,In-scope Đà Lạt,Informational,50,N/A,N/A,N/A,Planner (Cao),data/google_planner/da-lat/Keyword Stats 2026-02-23 at 00_28_27.csv,Viết guide/review; ưu tiên long-tail; tạo topic hub và internal link về trang dịch vụ,B,2500.0,0%,0
địa điểm đi chơi gần trung tâm đà lạt,Tổng hợp Đà Lạt,Tổng hợp,In-scope Đà Lạt,Informational,50,N/A,N/A,N/A,Planner (Trung bình),data/google_planner/da-lat/Keyword Stats 2026-02-23 at 00_28_27.csv,Viết guide/review; ưu tiên long-tail; tạo topic hub và internal link về trang dịch vụ,B,2500.0,0%,0
ẩm thực thái lan đà lạt,Tổng hợp Đà Lạt,Tổng hợp,In-scope Đà Lạt,Informational,50,N/A,N/A,N/A,Planner (Không xác định),data/google_planner/da-lat/Keyword Stats 2026-02-23 at 00_28_27.csv,Viết guide/review; ưu tiên long-tail; tạo topic hub và internal link về trang dịch vụ,B,2500.0,0%,0
du lịch đà lạt,Tổng hợp Đà Lạt,Tổng hợp,In-scope Đà Lạt,Informational,N/A,N/A,N/A,N/A,Trend SI:44 -8%,data/google_trend/searched_with_top-queries_VN_20250210-1750_20260210-1750.csv; data/google_trend/searched_with_top-queries_VN_20250210-1752_20260210-1752.csv,Viết guide/review; ưu tiên long-tail; tạo topic hub và internal link về trang dịch vụ,B,44.0,-8%,N/A
villa ở đà lạt,Villa Đà Lạt,Lưu trú,In-scope Đà Lạt,Transaction,500,N/A,N/A,N/A,Planner (Trung bình),data/google_planner/da-lat/Keyword Stats 2026-02-23 at 00_28_27.csv,"Tạo landing chuyển đổi (giá/vé/đặt chỗ), gom vào cluster page + build backlink nội bộ",B,41250.0,-90.0%,"14,752"
thuê villa ở đà lạt,Villa Đà Lạt,Lưu trú,In-scope Đà Lạt,Transaction,50,N/A,N/A,N/A,Planner (Cao),data/google_planner/da-lat/Keyword Stats 2026-02-23 at 00_28_27.csv,"Tạo landing chuyển đổi (giá/vé/đặt chỗ), gom vào cluster page + build backlink nội bộ",B,4125.000000000001,0%,"19,737"
villa cho thuê ở đà lạt,Villa Đà Lạt,Lưu trú,In-scope Đà Lạt,Transaction,50,N/A,N/A,N/A,Planner (Trung bình),data/google_planner/da-lat/Keyword Stats 2026-02-23 at 00_28_27.csv,"Tạo landing chuyển đổi (giá/vé/đặt chỗ), gom vào cluster page + build backlink nội bộ",B,4125.000000000001,0%,"19,725"
villa đẹp ở đà lạt,Villa Đà Lạt,Lưu trú,In-scope Đà Lạt,Transaction,50,N/A,N/A,N/A,Planner (Trung bình),data/google_planner/da-lat/Keyword Stats 2026-02-23 at 00_28_27.csv,"Tạo landing chuyển đổi (giá/vé/đặt chỗ), gom vào cluster page + build backlink nội bộ",B,4125.000000000001,0%,"16,428"
các villa ở đà lạt,Villa Đà Lạt,Lưu trú,In-scope Đà Lạt,Transaction,50,N/A,N/A,N/A,Planner (Cao),data/google_planner/da-lat/Keyword Stats 2026-02-23 at 00_28_27.csv,"Tạo landing chuyển đổi (giá/vé/đặt chỗ), gom vào cluster page + build backlink nội bộ",B,4125.000000000001,0%,"14,579"
thuê villa nguyên căn ở đà lạt,Villa Đà Lạt,Lưu trú,In-scope Đà Lạt,Transaction,50,N/A,N/A,N/A,Planner (Không xác định),data/google_planner/da-lat/Keyword Stats 2026-02-23 at 00_28_27.csv,"Tạo landing chuyển đổi (giá/vé/đặt chỗ), gom vào cluster page + build backlink nội bộ",B,3750.0,-100.0%,0
thue villa o da lat,Villa Đà Lạt,Lưu trú,In-scope Đà Lạt,Transaction,50,N/A,N/A,N/A,Planner (Không xác định),data/google_planner/da-lat/Keyword Stats 2026-02-23 at 00_28_27.csv,"Tạo landing chuyển đổi (giá/vé/đặt chỗ), gom vào cluster page + build backlink nội bộ",B,3750.0,0%,0
villa cho thue o da lat,Villa Đà Lạt,Lưu trú,In-scope Đà Lạt,Transaction,50,N/A,N/A,N/A,Planner (Không xác định),data/google_planner/da-lat/Keyword Stats 2026-02-23 at 00_28_27.csv,"Tạo landing chuyển đổi (giá/vé/đặt chỗ), gom vào cluster page + build backlink nội bộ",B,3750.0,-100.0%,0
villa cho thuê tại đà lạt,Villa Đà Lạt,Lưu trú,In-scope Đà Lạt,Transaction,50,N/A,N/A,N/A,Planner (Cao),data/google_planner/da-lat/Keyword Stats 2026-02-23 at 00_28_27.csv,"Tạo landing chuyển đổi (giá/vé/đặt chỗ), gom vào cluster page + build backlink nội bộ",B,3750.0,0%,0
villa giá rẻ ở đà lạt,Villa Đà Lạt,Lưu trú,In-scope Đà Lạt,Transaction,50,N/A,N/A,N/A,Planner (Không xác định),data/google_planner/da-lat/Keyword Stats 2026-02-23 at 00_28_27.csv,"Tạo landing chuyển đổi (giá/vé/đặt chỗ), gom vào cluster page + build backlink nội bộ",B,3750.0,-100.0%,0
villa tại đà lạt,Villa Đà Lạt,Lưu trú,In-scope Đà Lạt,Transaction,50,N/A,N/A,N/A,Planner (Trung bình),data/google_planner/da-lat/Keyword Stats 2026-02-23 at 00_28_27.csv,"Tạo landing chuyển đổi (giá/vé/đặt chỗ), gom vào cluster page + build backlink nội bộ",B,3750.0,0%,0
các villa đẹp ở đà lạt,Villa Đà Lạt,Lưu trú,In-scope Đà Lạt,Transaction,50,N/A,N/A,N/A,Planner (Cao),data/google_planner/da-lat/Keyword Stats 2026-02-23 at 00_28_27.csv,"Tạo landing chuyển đổi (giá/vé/đặt chỗ), gom vào cluster page + build backlink nội bộ",B,3750.0,0%,0
những villa đẹp ở đà lạt,Villa Đà Lạt,Lưu trú,In-scope Đà Lạt,Commercial Investigation,50,N/A,N/A,N/A,Planner (Thấp),data/google_planner/da-lat/Keyword Stats 2026-02-23 at 00_28_27.csv,Viết bài top-list/so sánh; map vào cluster hub; bổ sung schema + ảnh/UGC,B,3750.0,0%,0
villa có hồ bơi ở đà lạt,Villa Đà Lạt,Lưu trú,In-scope Đà Lạt,Commercial Investigation,50,N/A,N/A,N/A,Planner (Không xác định),data/google_planner/da-lat/Keyword Stats 2026-02-23 at 00_28_27.csv,Viết bài top-list/so sánh; map vào cluster hub; bổ sung schema + ảnh/UGC,B,3750.0,-100.0%,0
villa dep o da lat,Villa Đà Lạt,Lưu trú,In-scope Đà Lạt,Commercial Investigation,50,N/A,N/A,N/A,Planner (Cao),data/google_planner/da-lat/Keyword Stats 2026-02-23 at 00_28_27.csv,Viết bài top-list/so sánh; map vào cluster hub; bổ sung schema + ảnh/UGC,B,3750.0,0%,0
villa o da lat,Villa Đà Lạt,Lưu trú,In-scope Đà Lạt,Commercial Investigation,50,N/A,N/A,N/A,Planner (Trung bình),data/google_planner/da-lat/Keyword Stats 2026-02-23 at 00_28_27.csv,Viết bài top-list/so sánh; map vào cluster hub; bổ sung schema + ảnh/UGC,B,3750.0,0%,0
villa rẻ đẹp ở đà lạt,Villa Đà Lạt,Lưu trú,In-scope Đà Lạt,Commercial Investigation,50,N/A,N/A,N/A,Planner (Không xác định),data/google_planner/da-lat/Keyword Stats 2026-02-23 at 00_28_27.csv,Viết bài top-list/so sánh; map vào cluster hub; bổ sung schema + ảnh/UGC,B,3750.0,0%,0
villa view đẹp ở đà lạt,Villa Đà Lạt,Lưu trú,In-scope Đà Lạt,Commercial Investigation,50,N/A,N/A,N/A,Planner (Trung bình),data/google_planner/da-lat/Keyword Stats 2026-02-23 at 00_28_27.csv,Viết bài top-list/so sánh; map vào cluster hub; bổ sung schema + ảnh/UGC,B,3750.0,0%,0
villa đẹp tại đà lạt,Villa Đà Lạt,Lưu trú,In-scope Đà Lạt,Commercial Investigation,50,N/A,N/A,N/A,Planner (Cao),data/google_planner/da-lat/Keyword Stats 2026-02-23 at 00_28_27.csv,Viết bài top-list/so sánh; map vào cluster hub; bổ sung schema + ảnh/UGC,B,3750.0,0%,0
tour vũng tàu đà lạt 3 ngày 2 đêm,Vũng Tàu Trip,Di chuyển,Out-of-scope Vũng Tàu,Transaction,50,N/A,N/A,N/A,Planner (Thấp),data/google_planner/da-lat/Keyword Stats 2026-02-23 at 00_28_27.csv,"Tạo landing chuyển đổi (giá/vé/đặt chỗ), gom vào cluster page + build backlink nội bộ",B,2750.0000000000005,0%,"6,899"
tour vũng tàu đà lạt 4 ngày 3 đêm,Vũng Tàu Trip,Di chuyển,Out-of-scope Vũng Tàu,Transaction,50,N/A,N/A,N/A,Planner (Thấp),data/google_planner/da-lat/Keyword Stats 2026-02-23 at 00_28_27.csv,"Tạo landing chuyển đổi (giá/vé/đặt chỗ), gom vào cluster page + build backlink nội bộ",B,2750.0000000000005,0%,"2,638"
tour du lịch vũng tàu đà lạt,Vũng Tàu Trip,Di chuyển,Out-of-scope Vũng Tàu,Commercial Investigation,50,N/A,N/A,N/A,Planner (Trung bình),data/google_planner/da-lat/Keyword Stats 2026-02-23 at 00_28_27.csv,Viết bài top-list/so sánh; map vào cluster hub; bổ sung schema + ảnh/UGC,B,2750.0000000000005,0%,"4,936"
du lịch vũng tàu đà lạt,Vũng Tàu Trip,Di chuyển,Out-of-scope Vũng Tàu,Commercial Investigation,50,N/A,N/A,N/A,Planner (Không xác định),data/google_planner/da-lat/Keyword Stats 2026-02-23 at 00_28_27.csv,Viết bài top-list/so sánh; map vào cluster hub; bổ sung schema + ảnh/UGC,B,2500.0,-100.0%,0
tour du lịch đà lạt từ vũng tàu,Vũng Tàu Trip,Di chuyển,Out-of-scope Vũng Tàu,Commercial Investigation,50,N/A,N/A,N/A,Planner (Không xác định),data/google_planner/da-lat/Keyword Stats 2026-02-23 at 00_28_27.csv,Viết bài top-list/so sánh; map vào cluster hub; bổ sung schema + ảnh/UGC,B,2500.0,0%,0
tour du lịch đà lạt vũng tàu,Vũng Tàu Trip,Di chuyển,Out-of-scope Vũng Tàu,Commercial Investigation,50,N/A,N/A,N/A,Planner (Không xác định),data/google_planner/da-lat/Keyword Stats 2026-02-23 at 00_28_27.csv,Viết bài top-list/so sánh; map vào cluster hub; bổ sung schema + ảnh/UGC,B,2500.0,-100.0%,0
tour vũng tàu đà lạt,Vũng Tàu Trip,Di chuyển,Out-of-scope Vũng Tàu,Commercial Investigation,50,N/A,N/A,N/A,Planner (Thấp),data/google_planner/da-lat/Keyword Stats 2026-02-23 at 00_28_27.csv,Viết bài top-list/so sánh; map vào cluster hub; bổ sung schema + ảnh/UGC,B,2500.0,0%,0
tour đà lạt vũng tàu,Vũng Tàu Trip,Di chuyển,Out-of-scope Vũng Tàu,Commercial Investigation,50,N/A,N/A,N/A,Planner (Thấp),data/google_planner/da-lat/Keyword Stats 2026-02-23 at 00_28_27.csv,Viết bài top-list/so sánh; map vào cluster hub; bổ sung schema + ảnh/UGC,B,2500.0,0%,0
tua du lịch vũng tàu đà lạt,Vũng Tàu Trip,Di chuyển,Out-of-scope Vũng Tàu,Commercial Investigation,50,N/A,N/A,N/A,Planner (Không xác định),data/google_planner/da-lat/Keyword Stats 2026-02-23 at 00_28_27.csv,Viết bài top-list/so sánh; map vào cluster hub; bổ sung schema + ảnh/UGC,B,2500.0,0%,0
bánh roti malaysia đà lạt,Ăn uống Đà Lạt,Ẩm thực (F&B),In-scope Đà Lạt,Informational,50,N/A,N/A,N/A,Planner (Thấp),data/google_planner/da-lat/Keyword Stats 2026-02-23 at 00_28_27.csv,Viết guide/review; ưu tiên long-tail; tạo topic hub và internal link về trang dịch vụ,B,2500.0,0%,0
giới thiệu thác datanla,Điểm tham quan Đà Lạt,Địa danh tham quan / Văn hóa - Lịch sử,In-scope Đà Lạt,Informational,N/A,716,145,20.25%,N/A (N/A),data/google_search_console/Queries.csv,"Cập nhật nội dung theo intent, bổ sung FAQ + schema, tối ưu title/meta để đẩy Top 1-3",A,145.0,N/A,N/A
thác datanla,Điểm tham quan Đà Lạt,Địa danh tham quan / Văn hóa - Lịch sử,In-scope Đà Lạt,Informational,N/A,5221,28,0.54%,N/A (N/A),data/google_search_console/Queries.csv,"Cập nhật nội dung theo intent, bổ sung FAQ + schema, tối ưu title/meta để đẩy Top 1-3",A,28.0,N/A,N/A
chùa linh phước,Điểm tham quan Đà Lạt,Địa danh tham quan / Văn hóa - Lịch sử,In-scope Đà Lạt,Informational,33100,N/A,N/A,N/A,Low (0),data/seo_insider/advance_search_report.csv,Viết guide/review; ưu tiên long-tail; tạo topic hub và internal link về trang dịch vụ,B,33100.0,N/A,N/A
thiền viện trúc lâm,Điểm tham quan Đà Lạt,Địa danh tham quan / Văn hóa - Lịch sử,In-scope Đà Lạt,Informational,14800,N/A,N/A,N/A,Low (0),data/seo_insider/advance_search_report.csv,Viết guide/review; ưu tiên long-tail; tạo topic hub và internal link về trang dịch vụ,B,14800.0,N/A,N/A
thiền viện trúc lâm chánh giác,Điểm tham quan Đà Lạt,Địa danh tham quan / Văn hóa - Lịch sử,In-scope Đà Lạt,Informational,12100,N/A,N/A,N/A,Low (0),data/seo_insider/advance_search_report.csv,Viết guide/review; ưu tiên long-tail; tạo topic hub và internal link về trang dịch vụ,B,12100.0,N/A,N/A
thiền viện trúc lâm đà lạt,Điểm tham quan Đà Lạt,Địa danh tham quan / Văn hóa - Lịch sử,In-scope Đà Lạt,Informational,12100,N/A,N/A,N/A,Low (0),data/seo_insider/advance_search_report.csv,Viết guide/review; ưu tiên long-tail; tạo topic hub và internal link về trang dịch vụ,B,12100.0,N/A,N/A
thác pongour,Điểm tham quan Đà Lạt,Địa danh tham quan / Văn hóa - Lịch sử,In-scope Đà Lạt,Commercial Investigation,8100,N/A,N/A,N/A,Low (0),data/seo_insider/advance_search_report.csv,Viết bài top-list/so sánh; map vào cluster hub; bổ sung schema + ảnh/UGC,B,8100.0,N/A,N/A
thiền viện trúc lâm tây thiên,Điểm tham quan Đà Lạt,Địa danh tham quan / Văn hóa - Lịch sử,In-scope Đà Lạt,Informational,5400,N/A,N/A,N/A,Low (0),data/seo_insider/advance_search_report.csv,Viết guide/review; ưu tiên long-tail; tạo topic hub và internal link về trang dịch vụ,B,5400.0,N/A,N/A
edensee dalat,Điểm tham quan Đà Lạt,Địa danh tham quan / Văn hóa - Lịch sử,In-scope Đà Lạt,Commercial Investigation,4400,N/A,N/A,N/A,Low (14),data/seo_insider/advance_search_report.csv,Viết bài top-list/so sánh; map vào cluster hub; bổ sung schema + ảnh/UGC,B,3784.0,N/A,N/A
que garden dalat,Điểm tham quan Đà Lạt,Địa danh tham quan / Văn hóa - Lịch sử,In-scope Đà Lạt,Informational,50,N/A,N/A,N/A,Planner (Thấp),data/google_planner/da-lat/Keyword Stats 2026-02-23 at 00_28_27.csv,Viết guide/review; ưu tiên long-tail; tạo topic hub và internal link về trang dịch vụ,B,2500.0,0%,0
giá vé que garden đà lạt 2022,Điểm tham quan Đà Lạt,Địa danh tham quan / Văn hóa - Lịch sử,In-scope Đà Lạt,Transaction,50,N/A,N/A,N/A,Planner (Không xác định),data/google_planner/da-lat/Keyword Stats 2026-02-23 at 00_28_27.csv,"Tạo landing chuyển đổi (giá/vé/đặt chỗ), gom vào cluster page + build backlink nội bộ",B,2500.0,0%,0
tour du lịch đà nẵng đà lạt,Đà Nẵng Trip,Di chuyển,Out-of-scope Đà Nẵng,Commercial Investigation,50,N/A,N/A,N/A,Planner (Thấp),data/google_planner/da-lat/Keyword Stats 2026-02-23 at 00_28_27.csv,Viết bài top-list/so sánh; map vào cluster hub; bổ sung schema + ảnh/UGC,B,2750.0000000000005,0%,"28,118"
tour đà nẵng đà lạt,Đà Nẵng Trip,Di chuyển,Out-of-scope Đà Nẵng,Commercial Investigation,50,N/A,N/A,N/A,Planner (Thấp),data/google_planner/da-lat/Keyword Stats 2026-02-23 at 00_28_27.csv,Viết bài top-list/so sánh; map vào cluster hub; bổ sung schema + ảnh/UGC,B,2750.0000000000005,0%,"13,242"
tour đà nẵng đà lạt 4 ngày 3 đêm,Đà Nẵng Trip,Di chuyển,Out-of-scope Đà Nẵng,Transaction,50,N/A,N/A,N/A,Planner (Thấp),data/google_planner/da-lat/Keyword Stats 2026-02-23 at 00_28_27.csv,"Tạo landing chuyển đổi (giá/vé/đặt chỗ), gom vào cluster page + build backlink nội bộ",B,2500.0,0%,0
tour đà nẵng đà lạt 2 ngày 1 đêm,Đà Nẵng Trip,Di chuyển,Out-of-scope Đà Nẵng,Transaction,50,N/A,N/A,N/A,Planner (Thấp),data/google_planner/da-lat/Keyword Stats 2026-02-23 at 00_28_27.csv,"Tạo landing chuyển đổi (giá/vé/đặt chỗ), gom vào cluster page + build backlink nội bộ",B,2500.0,0%,0
tour đà nẵng đà lạt 3 ngày 2 đêm,Đà Nẵng Trip,Di chuyển,Out-of-scope Đà Nẵng,Transaction,50,N/A,N/A,N/A,Planner (Thấp),data/google_planner/da-lat/Keyword Stats 2026-02-23 at 00_28_27.csv,"Tạo landing chuyển đổi (giá/vé/đặt chỗ), gom vào cluster page + build backlink nội bộ",B,2500.0,0%,0
tour du lịch đà lạt từ đà nẵng,Đà Nẵng Trip,Di chuyển,Out-of-scope Đà Nẵng,Commercial Investigation,50,N/A,N/A,N/A,Planner (Không xác định),data/google_planner/da-lat/Keyword Stats 2026-02-23 at 00_28_27.csv,Viết bài top-list/so sánh; map vào cluster hub; bổ sung schema + ảnh/UGC,B,2500.0,-100.0%,0
tour du lịch đà lạt đà nẵng,Đà Nẵng Trip,Di chuyển,Out-of-scope Đà Nẵng,Commercial Investigation,50,N/A,N/A,N/A,Planner (Trung bình),data/google_planner/da-lat/Keyword Stats 2026-02-23 at 00_28_27.csv,Viết bài top-list/so sánh; map vào cluster hub; bổ sung schema + ảnh/UGC,B,2500.0,0%,0
tour đà nẵng đà lạt vietravel,Đà Nẵng Trip,Di chuyển,Out-of-scope Đà Nẵng,Commercial Investigation,50,N/A,N/A,N/A,Planner (Không xác định),data/google_planner/da-lat/Keyword Stats 2026-02-23 at 00_28_27.csv,Viết bài top-list/so sánh; map vào cluster hub; bổ sung schema + ảnh/UGC,B,2500.0,-100.0%,0
langbiang,Đỉnh Langbiang,Địa danh tham quan / Văn hóa - Lịch sử,In-scope Đà Lạt,Commercial Investigation,18100,N/A,N/A,N/A,Low (0),data/seo_insider/advance_search_report.csv,Viết bài top-list/so sánh; map vào cluster hub; bổ sung schema + ảnh/UGC,B,18100.0,N/A,N/A
khu du lịch lang biang,Đỉnh Langbiang,Địa danh tham quan / Văn hóa - Lịch sử,In-scope Đà Lạt,Commercial Investigation,12100,N/A,N/A,N/A,Low (0),data/seo_insider/advance_search_report.csv,Viết bài top-list/so sánh; map vào cluster hub; bổ sung schema + ảnh/UGC,B,12100.0,N/A,N/A
tour du lịch từ đồng tháp đi đà lạt,Đồng Tháp Trip,Di chuyển,Out-of-scope Đồng Tháp,Commercial Investigation,50,N/A,N/A,N/A,Planner (Cao),data/google_planner/da-lat/Keyword Stats 2026-02-23 at 00_28_27.csv,Viết bài top-list/so sánh; map vào cluster hub; bổ sung schema + ảnh/UGC,B,2500.0,0%,0
tour đồng tháp đà lạt,Đồng Tháp Trip,Di chuyển,Out-of-scope Đồng Tháp,Commercial Investigation,50,N/A,N/A,N/A,Planner (Trung bình),data/google_planner/da-lat/Keyword Stats 2026-02-23 at 00_28_27.csv,Viết bài top-list/so sánh; map vào cluster hub; bổ sung schema + ảnh/UGC,B,2500.0,0%,0
