keyword,cluster,cluster_type,geo_scope,intent,vol,imp,clicks,ctr,kd_comp,source,action_plan,group,score,yoy,bid_high
368 bãi cháy,Bãi Cháy,Địa danh tham quan / Văn hóa - Lịch sử,In-scope Hạ Long,Informational,N/A,173,23,13.29%,N/A (N/A),data/google_search_console/Queries.csv,"Cập nhật nội dung theo intent, bổ sung FAQ + schema, tối ưu title/meta để đẩy Top 1-3",A,23.0,N/A,N/A
muong thanh grand bãi cháy,Bãi Cháy,Địa danh tham quan / Văn hóa - Lịch sử,In-scope Hạ Long,Informational,5000,N/A,N/A,N/A,Planner (Thấp),data/google_planner/ha-long/Keyword Stats 2026-02-22 at 22_21_22.csv,Viết guide/review; ưu tiên long-tail; tạo topic hub và internal link về trang dịch vụ,B,5500.0,0%,"7,627"
muong thanh bãi cháy,Bãi Cháy,Địa danh tham quan / Văn hóa - Lịch sử,In-scope Hạ Long,Informational,500,N/A,N/A,N/A,Planner (Trung bình),data/google_planner/ha-long/Keyword Stats 2026-02-22 at 22_21_22.csv,Viết guide/review; ưu tiên long-tail; tạo topic hub và internal link về trang dịch vụ,B,550.0,0%,"10,060"
mường thanh bãi cháy hạ long,Bãi Cháy,Địa danh tham quan / Văn hóa - Lịch sử,In-scope Hạ Long,Informational,500,N/A,N/A,N/A,Planner (Thấp),data/google_planner/ha-long/Keyword Stats 2026-02-22 at 22_21_22.csv,Viết guide/review; ưu tiên long-tail; tạo topic hub và internal link về trang dịch vụ,B,550.0,0%,"14,931"
mườngthanh bãi cháy,Bãi Cháy,Địa danh tham quan / Văn hóa - Lịch sử,In-scope Hạ Long,Informational,500,N/A,N/A,N/A,Planner (Trung bình),data/google_planner/ha-long/Keyword Stats 2026-02-22 at 22_21_22.csv,Viết guide/review; ưu tiên long-tail; tạo topic hub và internal link về trang dịch vụ,B,550.0,0%,"10,060"
muong thanh grand bai chay ha long vietnam,Bãi Cháy,Địa danh tham quan / Văn hóa - Lịch sử,In-scope Hạ Long,Informational,500,N/A,N/A,N/A,Planner (Cao),data/google_planner/ha-long/Keyword Stats 2026-02-22 at 22_21_22.csv,Viết guide/review; ưu tiên long-tail; tạo topic hub và internal link về trang dịch vụ,B,500.0,0%,0
ks mường thanh bãi cháy,Bãi Cháy,Địa danh tham quan / Văn hóa - Lịch sử,In-scope Hạ Long,Informational,50,N/A,N/A,N/A,Planner (Trung bình),data/google_planner/ha-long/Keyword Stats 2026-02-22 at 22_21_22.csv,Viết guide/review; ưu tiên long-tail; tạo topic hub và internal link về trang dịch vụ,B,55.00000000000001,0%,"11,043"
mường thanh bãi cháy khai trương,Bãi Cháy,Địa danh tham quan / Văn hóa - Lịch sử,In-scope Hạ Long,Informational,50,N/A,N/A,N/A,Planner (Trung bình),data/google_planner/ha-long/Keyword Stats 2026-02-22 at 22_21_22.csv,Viết guide/review; ưu tiên long-tail; tạo topic hub và internal link về trang dịch vụ,B,55.00000000000001,0%,"17,892"
mường thanh luxury bãi cháy,Bãi Cháy,Địa danh tham quan / Văn hóa - Lịch sử,In-scope Hạ Long,Informational,50,N/A,N/A,N/A,Planner (Trung bình),data/google_planner/ha-long/Keyword Stats 2026-02-22 at 22_21_22.csv,Viết guide/review; ưu tiên long-tail; tạo topic hub và internal link về trang dịch vụ,B,55.00000000000001,0%,"12,097"
novotel bãi cháy,Bãi Cháy,Địa danh tham quan / Văn hóa - Lịch sử,In-scope Hạ Long,Informational,50,N/A,N/A,N/A,Planner (Trung bình),data/google_planner/ha-long/Keyword Stats 2026-02-22 at 22_21_22.csv,Viết guide/review; ưu tiên long-tail; tạo topic hub và internal link về trang dịch vụ,B,55.00000000000001,0%,"11,898"
wyndham bãi cháy,Bãi Cháy,Địa danh tham quan / Văn hóa - Lịch sử,In-scope Hạ Long,Informational,50,N/A,N/A,N/A,Planner (Cao),data/google_planner/ha-long/Keyword Stats 2026-02-22 at 22_21_22.csv,Viết guide/review; ưu tiên long-tail; tạo topic hub và internal link về trang dịch vụ,B,55.00000000000001,0%,"10,453"
đặt phòng bãi cháy,Bãi Cháy,Địa danh tham quan / Văn hóa - Lịch sử,In-scope Hạ Long,Informational,50,N/A,N/A,N/A,Planner (Cao),data/google_planner/ha-long/Keyword Stats 2026-02-22 at 22_21_22.csv,Viết guide/review; ưu tiên long-tail; tạo topic hub và internal link về trang dịch vụ,B,50.0,0%,0
agoda bãi cháy,Bãi Cháy,Địa danh tham quan / Văn hóa - Lịch sử,In-scope Hạ Long,Informational,50,N/A,N/A,N/A,Planner (Cao),data/google_planner/ha-long/Keyword Stats 2026-02-22 at 22_21_22.csv,Viết guide/review; ưu tiên long-tail; tạo topic hub và internal link về trang dịch vụ,B,50.0,0%,0
book phòng bãi cháy,Bãi Cháy,Địa danh tham quan / Văn hóa - Lịch sử,In-scope Hạ Long,Informational,50,N/A,N/A,N/A,Planner (Cao),data/google_planner/ha-long/Keyword Stats 2026-02-22 at 22_21_22.csv,Viết guide/review; ưu tiên long-tail; tạo topic hub và internal link về trang dịch vụ,B,50.0,0%,0
bể bơi bãi cháy,Bãi Cháy,Địa danh tham quan / Văn hóa - Lịch sử,In-scope Hạ Long,Informational,50,N/A,N/A,N/A,Planner (Không xác định),data/google_planner/ha-long/Keyword Stats 2026-02-22 at 22_21_22.csv,Viết guide/review; ưu tiên long-tail; tạo topic hub và internal link về trang dịch vụ,B,50.0,-100.0%,0
grand bãi cháy,Bãi Cháy,Địa danh tham quan / Văn hóa - Lịch sử,In-scope Hạ Long,Informational,50,N/A,N/A,N/A,Planner (Thấp),data/google_planner/ha-long/Keyword Stats 2026-02-22 at 22_21_22.csv,Viết guide/review; ưu tiên long-tail; tạo topic hub và internal link về trang dịch vụ,B,50.0,0%,0
ks công đoàn bãi cháy,Bãi Cháy,Địa danh tham quan / Văn hóa - Lịch sử,In-scope Hạ Long,Informational,50,N/A,N/A,N/A,Planner (Thấp),data/google_planner/ha-long/Keyword Stats 2026-02-22 at 22_21_22.csv,Viết guide/review; ưu tiên long-tail; tạo topic hub và internal link về trang dịch vụ,B,50.0,0%,0
mường thanh bãi cháy 4 sao,Bãi Cháy,Địa danh tham quan / Văn hóa - Lịch sử,In-scope Hạ Long,Informational,50,N/A,N/A,N/A,Planner (Không xác định),data/google_planner/ha-long/Keyword Stats 2026-02-22 at 22_21_22.csv,Viết guide/review; ưu tiên long-tail; tạo topic hub và internal link về trang dịch vụ,B,50.0,0%,0
mường thanh grand bãi cháy địa chỉ,Bãi Cháy,Địa danh tham quan / Văn hóa - Lịch sử,In-scope Hạ Long,Informational,50,N/A,N/A,N/A,Planner (Trung bình),data/google_planner/ha-long/Keyword Stats 2026-02-22 at 22_21_22.csv,Viết guide/review; ưu tiên long-tail; tạo topic hub và internal link về trang dịch vụ,B,50.0,0%,0
mường thanh suối mơ bãi cháy,Bãi Cháy,Địa danh tham quan / Văn hóa - Lịch sử,In-scope Hạ Long,Informational,50,N/A,N/A,N/A,Planner (Trung bình),data/google_planner/ha-long/Keyword Stats 2026-02-22 at 22_21_22.csv,Viết guide/review; ưu tiên long-tail; tạo topic hub và internal link về trang dịch vụ,B,50.0,0%,0
phòng nghỉ bãi cháy,Bãi Cháy,Địa danh tham quan / Văn hóa - Lịch sử,In-scope Hạ Long,Informational,50,N/A,N/A,N/A,Planner (Cao),data/google_planner/ha-long/Keyword Stats 2026-02-22 at 22_21_22.csv,Viết guide/review; ưu tiên long-tail; tạo topic hub và internal link về trang dịch vụ,B,50.0,0%,0
royal lotus bãi cháy,Bãi Cháy,Địa danh tham quan / Văn hóa - Lịch sử,In-scope Hạ Long,Informational,50,N/A,N/A,N/A,Planner (Không xác định),data/google_planner/ha-long/Keyword Stats 2026-02-22 at 22_21_22.csv,Viết guide/review; ưu tiên long-tail; tạo topic hub và internal link về trang dịch vụ,B,50.0,-100.0%,0
vinpearl bãi cháy,Bãi Cháy,Địa danh tham quan / Văn hóa - Lịch sử,In-scope Hạ Long,Informational,50,N/A,N/A,N/A,Planner (Thấp),data/google_planner/ha-long/Keyword Stats 2026-02-22 at 22_21_22.csv,Viết guide/review; ưu tiên long-tail; tạo topic hub và internal link về trang dịch vụ,B,50.0,0%,0
đặt phòng mường thanh bãi cháy,Bãi Cháy,Địa danh tham quan / Văn hóa - Lịch sử,In-scope Hạ Long,Informational,50,N/A,N/A,N/A,Planner (Cao),data/google_planner/ha-long/Keyword Stats 2026-02-22 at 22_21_22.csv,Viết guide/review; ưu tiên long-tail; tạo topic hub và internal link về trang dịch vụ,B,50.0,0%,0
đặt phòng tại bãi cháy,Bãi Cháy,Địa danh tham quan / Văn hóa - Lịch sử,In-scope Hạ Long,Informational,50,N/A,N/A,N/A,Planner (Không xác định),data/google_planner/ha-long/Keyword Stats 2026-02-22 at 22_21_22.csv,Viết guide/review; ưu tiên long-tail; tạo topic hub và internal link về trang dịch vụ,B,50.0,-100.0%,0
đặt phòng ở bãi cháy,Bãi Cháy,Địa danh tham quan / Văn hóa - Lịch sử,In-scope Hạ Long,Informational,50,N/A,N/A,N/A,Planner (Trung bình),data/google_planner/ha-long/Keyword Stats 2026-02-22 at 22_21_22.csv,Viết guide/review; ưu tiên long-tail; tạo topic hub và internal link về trang dịch vụ,B,50.0,0%,0
giá phòng bãi cháy,Bãi Cháy,Địa danh tham quan / Văn hóa - Lịch sử,In-scope Hạ Long,Transaction,50,N/A,N/A,N/A,Planner (Không xác định),data/google_planner/ha-long/Keyword Stats 2026-02-22 at 22_21_22.csv,"Tạo landing chuyển đổi (giá/vé/đặt chỗ), gom vào cluster page + build backlink nội bộ",B,50.0,-100.0%,0
giá phòng mường thanh bãi cháy,Bãi Cháy,Địa danh tham quan / Văn hóa - Lịch sử,In-scope Hạ Long,Transaction,50,N/A,N/A,N/A,Planner (Cao),data/google_planner/ha-long/Keyword Stats 2026-02-22 at 22_21_22.csv,"Tạo landing chuyển đổi (giá/vé/đặt chỗ), gom vào cluster page + build backlink nội bộ",B,50.0,0%,0
giá phòng tại bãi cháy,Bãi Cháy,Địa danh tham quan / Văn hóa - Lịch sử,In-scope Hạ Long,Transaction,50,N/A,N/A,N/A,Planner (Không xác định),data/google_planner/ha-long/Keyword Stats 2026-02-22 at 22_21_22.csv,"Tạo landing chuyển đổi (giá/vé/đặt chỗ), gom vào cluster page + build backlink nội bộ",B,50.0,-100.0%,0
bảo tàng quảng ninh,Bảo tàng Quảng Ninh,Địa danh tham quan / Văn hóa - Lịch sử,In-scope Hạ Long,Commercial Investigation,40500,N/A,N/A,N/A,Low (0),data/seo_insider/advance_search_report.csv,Viết bài top-list/so sánh; map vào cluster hub; bổ sung schema + ảnh/UGC,B,40500.0,N/A,N/A
san bay hạ long,Di chuyển Hạ Long,Di chuyển,In-scope Hạ Long,Commercial Investigation,50,N/A,N/A,N/A,Planner (Thấp),data/google_planner/ha-long/Keyword Stats 2026-02-22 at 22_21_22.csv,Viết bài top-list/so sánh; map vào cluster hub; bổ sung schema + ảnh/UGC,B,50.0,0%,0
thuê tàu thăm vịnh hạ long,Du thuyền Hạ Long,Di chuyển,In-scope Hạ Long,Transaction,5000,N/A,N/A,N/A,Planner (Thấp),data/google_planner/ha-long/Keyword Stats 2026-02-22 at 22_21_22.csv,"Tạo landing chuyển đổi (giá/vé/đặt chỗ), gom vào cluster page + build backlink nội bộ",B,6500.0,900.0%,"14,325"
tour du thuyền hạ long 1 ngày,Du thuyền Hạ Long,Di chuyển,In-scope Hạ Long,Transaction,500,N/A,N/A,N/A,Planner (Thấp),data/google_planner/ha-long/Keyword Stats 2026-02-22 at 22_21_22.csv,"Tạo landing chuyển đổi (giá/vé/đặt chỗ), gom vào cluster page + build backlink nội bộ",B,650.0,900.0%,"19,198"
tour du thuyền hạ long 2 ngày 1 đêm,Du thuyền Hạ Long,Di chuyển,In-scope Hạ Long,Transaction,500,N/A,N/A,N/A,Planner (Trung bình),data/google_planner/ha-long/Keyword Stats 2026-02-22 at 22_21_22.csv,"Tạo landing chuyển đổi (giá/vé/đặt chỗ), gom vào cluster page + build backlink nội bộ",B,550.0,0%,"14,821"
tour du thuyền hạ long 3 ngày 2 đêm,Du thuyền Hạ Long,Di chuyển,In-scope Hạ Long,Transaction,500,N/A,N/A,N/A,Planner (Trung bình),data/google_planner/ha-long/Keyword Stats 2026-02-22 at 22_21_22.csv,"Tạo landing chuyển đổi (giá/vé/đặt chỗ), gom vào cluster page + build backlink nội bộ",B,550.0,-90.0%,"15,550"
tau du lich ha long,Du thuyền Hạ Long,Di chuyển,In-scope Hạ Long,Commercial Investigation,500,N/A,N/A,N/A,Planner (Trung bình),data/google_planner/ha-long/Keyword Stats 2026-02-22 at 22_21_22.csv,Viết bài top-list/so sánh; map vào cluster hub; bổ sung schema + ảnh/UGC,B,550.0,0%,"14,509"
tau 5 sao hạ long,Du thuyền Hạ Long,Di chuyển,In-scope Hạ Long,Commercial Investigation,500,N/A,N/A,N/A,Planner (Trung bình),data/google_planner/ha-long/Keyword Stats 2026-02-22 at 22_21_22.csv,Viết bài top-list/so sánh; map vào cluster hub; bổ sung schema + ảnh/UGC,B,550.0,-90.0%,"7,422"
tour du thuyền hạ long trong ngày,Du thuyền Hạ Long,Di chuyển,In-scope Hạ Long,Commercial Investigation,500,N/A,N/A,N/A,Planner (Trung bình),data/google_planner/ha-long/Keyword Stats 2026-02-22 at 22_21_22.csv,Viết bài top-list/so sánh; map vào cluster hub; bổ sung schema + ảnh/UGC,B,550.0,0%,"19,713"
thuê tàu hạ long,Du thuyền Hạ Long,Di chuyển,In-scope Hạ Long,Transaction,50,N/A,N/A,N/A,Planner (Thấp),data/google_planner/ha-long/Keyword Stats 2026-02-22 at 22_21_22.csv,"Tạo landing chuyển đổi (giá/vé/đặt chỗ), gom vào cluster page + build backlink nội bộ",B,55.00000000000001,-90.0%,"22,573"
tour du thuyen ha long,Du thuyền Hạ Long,Di chuyển,In-scope Hạ Long,Commercial Investigation,50,N/A,N/A,N/A,Planner (Trung bình),data/google_planner/ha-long/Keyword Stats 2026-02-22 at 22_21_22.csv,Viết bài top-list/so sánh; map vào cluster hub; bổ sung schema + ảnh/UGC,B,55.00000000000001,0%,"15,299"
tour ha long du thuyen,Du thuyền Hạ Long,Di chuyển,In-scope Hạ Long,Commercial Investigation,50,N/A,N/A,N/A,Planner (Cao),data/google_planner/ha-long/Keyword Stats 2026-02-22 at 22_21_22.csv,Viết bài top-list/so sánh; map vào cluster hub; bổ sung schema + ảnh/UGC,B,55.00000000000001,0%,"14,471"
tour du thuyền 5 sao hạ long,Du thuyền Hạ Long,Di chuyển,In-scope Hạ Long,Commercial Investigation,50,N/A,N/A,N/A,Planner (Cao),data/google_planner/ha-long/Keyword Stats 2026-02-22 at 22_21_22.csv,Viết bài top-list/so sánh; map vào cluster hub; bổ sung schema + ảnh/UGC,B,55.00000000000001,0%,"6,610"
tour du lịch du thuyền hạ long,Du thuyền Hạ Long,Di chuyển,In-scope Hạ Long,Commercial Investigation,50,N/A,N/A,N/A,Planner (Cao),data/google_planner/ha-long/Keyword Stats 2026-02-22 at 22_21_22.csv,Viết bài top-list/so sánh; map vào cluster hub; bổ sung schema + ảnh/UGC,B,55.00000000000001,0%,"9,152"
du lịch hạ long tàu 5 sao,Du thuyền Hạ Long,Di chuyển,In-scope Hạ Long,Commercial Investigation,50,N/A,N/A,N/A,Planner (Cao),data/google_planner/ha-long/Keyword Stats 2026-02-22 at 22_21_22.csv,Viết bài top-list/so sánh; map vào cluster hub; bổ sung schema + ảnh/UGC,B,55.00000000000001,0%,"7,152"
du lịch tàu 5 sao hạ long,Du thuyền Hạ Long,Di chuyển,In-scope Hạ Long,Commercial Investigation,50,N/A,N/A,N/A,Planner (Cao),data/google_planner/ha-long/Keyword Stats 2026-02-22 at 22_21_22.csv,Viết bài top-list/so sánh; map vào cluster hub; bổ sung schema + ảnh/UGC,B,55.00000000000001,0%,"8,792"
tàu du lịch 5 sao hạ long,Du thuyền Hạ Long,Di chuyển,In-scope Hạ Long,Commercial Investigation,50,N/A,N/A,N/A,Planner (Trung bình),data/google_planner/ha-long/Keyword Stats 2026-02-22 at 22_21_22.csv,Viết bài top-list/so sánh; map vào cluster hub; bổ sung schema + ảnh/UGC,B,55.00000000000001,0%,"9,614"
tau ha long,Du thuyền Hạ Long,Di chuyển,In-scope Hạ Long,Commercial Investigation,50,N/A,N/A,N/A,Planner (Thấp),data/google_planner/ha-long/Keyword Stats 2026-02-22 at 22_21_22.csv,Viết bài top-list/so sánh; map vào cluster hub; bổ sung schema + ảnh/UGC,B,55.00000000000001,-90.0%,"12,928"
tau tham vinh ha long,Du thuyền Hạ Long,Di chuyển,In-scope Hạ Long,Commercial Investigation,50,N/A,N/A,N/A,Planner (Trung bình),data/google_planner/ha-long/Keyword Stats 2026-02-22 at 22_21_22.csv,Viết bài top-list/so sánh; map vào cluster hub; bổ sung schema + ảnh/UGC,B,55.00000000000001,-90.0%,"19,067"
tour hạ long ngủ trên tàu,Du thuyền Hạ Long,Di chuyển,In-scope Hạ Long,Commercial Investigation,50,N/A,N/A,N/A,Planner (Cao),data/google_planner/ha-long/Keyword Stats 2026-02-22 at 22_21_22.csv,Viết bài top-list/so sánh; map vào cluster hub; bổ sung schema + ảnh/UGC,B,55.00000000000001,0%,"11,690"
tàu 3 sao hạ long,Du thuyền Hạ Long,Di chuyển,In-scope Hạ Long,Commercial Investigation,50,N/A,N/A,N/A,Planner (Thấp),data/google_planner/ha-long/Keyword Stats 2026-02-22 at 22_21_22.csv,Viết bài top-list/so sánh; map vào cluster hub; bổ sung schema + ảnh/UGC,B,55.00000000000001,0%,"7,208"
tàu 4 sao hạ long,Du thuyền Hạ Long,Di chuyển,In-scope Hạ Long,Commercial Investigation,50,N/A,N/A,N/A,Planner (Thấp),data/google_planner/ha-long/Keyword Stats 2026-02-22 at 22_21_22.csv,Viết bài top-list/so sánh; map vào cluster hub; bổ sung schema + ảnh/UGC,B,55.00000000000001,0%,"8,950"
tàu alisa hạ long,Du thuyền Hạ Long,Di chuyển,In-scope Hạ Long,Commercial Investigation,50,N/A,N/A,N/A,Planner (Thấp),data/google_planner/ha-long/Keyword Stats 2026-02-22 at 22_21_22.csv,Viết bài top-list/so sánh; map vào cluster hub; bổ sung schema + ảnh/UGC,B,55.00000000000001,0%,"7,283"
tàu cruise hạ long,Du thuyền Hạ Long,Di chuyển,In-scope Hạ Long,Commercial Investigation,50,N/A,N/A,N/A,Planner (Trung bình),data/google_planner/ha-long/Keyword Stats 2026-02-22 at 22_21_22.csv,Viết bài top-list/so sánh; map vào cluster hub; bổ sung schema + ảnh/UGC,B,55.00000000000001,0%,"10,155"
tàu du lịch hạ long 5 sao,Du thuyền Hạ Long,Di chuyển,In-scope Hạ Long,Commercial Investigation,50,N/A,N/A,N/A,Planner (Cao),data/google_planner/ha-long/Keyword Stats 2026-02-22 at 22_21_22.csv,Viết bài top-list/so sánh; map vào cluster hub; bổ sung schema + ảnh/UGC,B,55.00000000000001,0%,"8,573"
tàu du thuyền hạ long,Du thuyền Hạ Long,Di chuyển,In-scope Hạ Long,Commercial Investigation,50,N/A,N/A,N/A,Planner (Trung bình),data/google_planner/ha-long/Keyword Stats 2026-02-22 at 22_21_22.csv,Viết bài top-list/so sánh; map vào cluster hub; bổ sung schema + ảnh/UGC,B,55.00000000000001,0%,"14,405"
tàu heritage hạ long,Du thuyền Hạ Long,Di chuyển,In-scope Hạ Long,Commercial Investigation,50,N/A,N/A,N/A,Planner (Trung bình),data/google_planner/ha-long/Keyword Stats 2026-02-22 at 22_21_22.csv,Viết bài top-list/so sánh; map vào cluster hub; bổ sung schema + ảnh/UGC,B,55.00000000000001,0%,"7,828"
tàu hạ long 4 sao,Du thuyền Hạ Long,Di chuyển,In-scope Hạ Long,Commercial Investigation,50,N/A,N/A,N/A,Planner (Trung bình),data/google_planner/ha-long/Keyword Stats 2026-02-22 at 22_21_22.csv,Viết bài top-list/so sánh; map vào cluster hub; bổ sung schema + ảnh/UGC,B,55.00000000000001,0%,"10,236"
tàu hạ long 5 sao,Du thuyền Hạ Long,Di chuyển,In-scope Hạ Long,Commercial Investigation,50,N/A,N/A,N/A,Planner (Cao),data/google_planner/ha-long/Keyword Stats 2026-02-22 at 22_21_22.csv,Viết bài top-list/so sánh; map vào cluster hub; bổ sung schema + ảnh/UGC,B,55.00000000000001,0%,"10,488"
tàu indochina hạ long,Du thuyền Hạ Long,Di chuyển,In-scope Hạ Long,Commercial Investigation,50,N/A,N/A,N/A,Planner (Trung bình),data/google_planner/ha-long/Keyword Stats 2026-02-22 at 22_21_22.csv,Viết bài top-list/so sánh; map vào cluster hub; bổ sung schema + ảnh/UGC,B,55.00000000000001,0%,"7,744"
tàu indochine hạ long,Du thuyền Hạ Long,Di chuyển,In-scope Hạ Long,Commercial Investigation,50,N/A,N/A,N/A,Planner (Trung bình),data/google_planner/ha-long/Keyword Stats 2026-02-22 at 22_21_22.csv,Viết bài top-list/so sánh; map vào cluster hub; bổ sung schema + ảnh/UGC,B,55.00000000000001,0%,"7,744"
tàu ngủ đêm hạ long,Du thuyền Hạ Long,Di chuyển,In-scope Hạ Long,Commercial Investigation,50,N/A,N/A,N/A,Planner (Cao),data/google_planner/ha-long/Keyword Stats 2026-02-22 at 22_21_22.csv,Viết bài top-list/so sánh; map vào cluster hub; bổ sung schema + ảnh/UGC,B,55.00000000000001,0%,"10,955"
tàu paradise hạ long,Du thuyền Hạ Long,Di chuyển,In-scope Hạ Long,Commercial Investigation,50,N/A,N/A,N/A,Planner (Trung bình),data/google_planner/ha-long/Keyword Stats 2026-02-22 at 22_21_22.csv,Viết bài top-list/so sánh; map vào cluster hub; bổ sung schema + ảnh/UGC,B,55.00000000000001,0%,"6,842"
giá tour du thuyền hạ long,Du thuyền Hạ Long,Di chuyển,In-scope Hạ Long,Transaction,50,N/A,N/A,N/A,Planner (Cao),data/google_planner/ha-long/Keyword Stats 2026-02-22 at 22_21_22.csv,"Tạo landing chuyển đổi (giá/vé/đặt chỗ), gom vào cluster page + build backlink nội bộ",B,50.0,0%,0
tour du thuyen ha long 2 ngay 1 dem,Du thuyền Hạ Long,Di chuyển,In-scope Hạ Long,Transaction,50,N/A,N/A,N/A,Planner (Cao),data/google_planner/ha-long/Keyword Stats 2026-02-22 at 22_21_22.csv,"Tạo landing chuyển đổi (giá/vé/đặt chỗ), gom vào cluster page + build backlink nội bộ",B,50.0,0%,0
tour du thuyền hạ long giá rẻ,Du thuyền Hạ Long,Di chuyển,In-scope Hạ Long,Transaction,50,N/A,N/A,N/A,Planner (Thấp),data/google_planner/ha-long/Keyword Stats 2026-02-22 at 22_21_22.csv,"Tạo landing chuyển đổi (giá/vé/đặt chỗ), gom vào cluster page + build backlink nội bộ",B,50.0,0%,0
du lịch hạ long trên tàu,Du thuyền Hạ Long,Di chuyển,In-scope Hạ Long,Commercial Investigation,50,N/A,N/A,N/A,Planner (Cao),data/google_planner/ha-long/Keyword Stats 2026-02-22 at 22_21_22.csv,Viết bài top-list/so sánh; map vào cluster hub; bổ sung schema + ảnh/UGC,B,50.0,0%,0
du lịch trên tàu hạ long,Du thuyền Hạ Long,Di chuyển,In-scope Hạ Long,Commercial Investigation,50,N/A,N/A,N/A,Planner (Cao),data/google_planner/ha-long/Keyword Stats 2026-02-22 at 22_21_22.csv,Viết bài top-list/so sánh; map vào cluster hub; bổ sung schema + ảnh/UGC,B,50.0,0%,0
ngủ tàu hạ long,Du thuyền Hạ Long,Di chuyển,In-scope Hạ Long,Commercial Investigation,50,N/A,N/A,N/A,Planner (Cao),data/google_planner/ha-long/Keyword Stats 2026-02-22 at 22_21_22.csv,Viết bài top-list/so sánh; map vào cluster hub; bổ sung schema + ảnh/UGC,B,50.0,0%,0
tau tham quan ha long,Du thuyền Hạ Long,Di chuyển,In-scope Hạ Long,Commercial Investigation,50,N/A,N/A,N/A,Planner (Không xác định),data/google_planner/ha-long/Keyword Stats 2026-02-22 at 22_21_22.csv,Viết bài top-list/so sánh; map vào cluster hub; bổ sung schema + ảnh/UGC,B,50.0,-100.0%,0
tour du thuyền hạ long 5 sao,Du thuyền Hạ Long,Di chuyển,In-scope Hạ Long,Commercial Investigation,50,N/A,N/A,N/A,Planner (Cao),data/google_planner/ha-long/Keyword Stats 2026-02-22 at 22_21_22.csv,Viết bài top-list/so sánh; map vào cluster hub; bổ sung schema + ảnh/UGC,B,50.0,0%,0
tour hạ long ngủ tàu,Du thuyền Hạ Long,Di chuyển,In-scope Hạ Long,Commercial Investigation,50,N/A,N/A,N/A,Planner (Không xác định),data/google_planner/ha-long/Keyword Stats 2026-02-22 at 22_21_22.csv,Viết bài top-list/so sánh; map vào cluster hub; bổ sung schema + ảnh/UGC,B,50.0,-100.0%,0
tour tàu 5 sao hạ long,Du thuyền Hạ Long,Di chuyển,In-scope Hạ Long,Commercial Investigation,50,N/A,N/A,N/A,Planner (Cao),data/google_planner/ha-long/Keyword Stats 2026-02-22 at 22_21_22.csv,Viết bài top-list/so sánh; map vào cluster hub; bổ sung schema + ảnh/UGC,B,50.0,0%,0
tàu 5 * hạ long,Du thuyền Hạ Long,Di chuyển,In-scope Hạ Long,Commercial Investigation,50,N/A,N/A,N/A,Planner (Thấp),data/google_planner/ha-long/Keyword Stats 2026-02-22 at 22_21_22.csv,Viết bài top-list/so sánh; map vào cluster hub; bổ sung schema + ảnh/UGC,B,50.0,0%,0
tàu 5 sao ở hạ long,Du thuyền Hạ Long,Di chuyển,In-scope Hạ Long,Commercial Investigation,50,N/A,N/A,N/A,Planner (Trung bình),data/google_planner/ha-long/Keyword Stats 2026-02-22 at 22_21_22.csv,Viết bài top-list/so sánh; map vào cluster hub; bổ sung schema + ảnh/UGC,B,50.0,0%,0
tàu doris hạ long,Du thuyền Hạ Long,Di chuyển,In-scope Hạ Long,Commercial Investigation,50,N/A,N/A,N/A,Planner (Không xác định),data/google_planner/ha-long/Keyword Stats 2026-02-22 at 22_21_22.csv,Viết bài top-list/so sánh; map vào cluster hub; bổ sung schema + ảnh/UGC,B,50.0,-100.0%,0
tàu gỗ hạ long,Du thuyền Hạ Long,Di chuyển,In-scope Hạ Long,Commercial Investigation,50,N/A,N/A,N/A,Planner (Thấp),data/google_planner/ha-long/Keyword Stats 2026-02-22 at 22_21_22.csv,Viết bài top-list/so sánh; map vào cluster hub; bổ sung schema + ảnh/UGC,B,50.0,0%,0
tàu năm sao hạ long,Du thuyền Hạ Long,Di chuyển,In-scope Hạ Long,Commercial Investigation,50,N/A,N/A,N/A,Planner (Trung bình),data/google_planner/ha-long/Keyword Stats 2026-02-22 at 22_21_22.csv,Viết bài top-list/so sánh; map vào cluster hub; bổ sung schema + ảnh/UGC,B,50.0,0%,0
tàu rosy hạ long,Du thuyền Hạ Long,Di chuyển,In-scope Hạ Long,Commercial Investigation,50,N/A,N/A,N/A,Planner (Không xác định),data/google_planner/ha-long/Keyword Stats 2026-02-22 at 22_21_22.csv,Viết bài top-list/so sánh; map vào cluster hub; bổ sung schema + ảnh/UGC,B,50.0,-100.0%,0
tàu ở hạ long,Du thuyền Hạ Long,Di chuyển,In-scope Hạ Long,Commercial Investigation,50,N/A,N/A,N/A,Planner (Trung bình),data/google_planner/ha-long/Keyword Stats 2026-02-22 at 22_21_22.csv,Viết bài top-list/so sánh; map vào cluster hub; bổ sung schema + ảnh/UGC,B,50.0,0%,0
homestay hạ long giá rẻ,Homestay Hạ Long,Lưu trú,In-scope Hạ Long,Transaction,50,N/A,N/A,N/A,Planner (Trung bình),data/google_planner/ha-long/Keyword Stats 2026-02-22 at 22_21_22.csv,"Tạo landing chuyển đổi (giá/vé/đặt chỗ), gom vào cluster page + build backlink nội bộ",B,82.50000000000001,0%,"6,426"
đặt homestay hạ long,Homestay Hạ Long,Lưu trú,In-scope Hạ Long,Transaction,50,N/A,N/A,N/A,Planner (Cao),data/google_planner/ha-long/Keyword Stats 2026-02-22 at 22_21_22.csv,"Tạo landing chuyển đổi (giá/vé/đặt chỗ), gom vào cluster page + build backlink nội bộ",B,82.50000000000001,0%,"29,865"
book homestay hạ long,Homestay Hạ Long,Lưu trú,In-scope Hạ Long,Transaction,50,N/A,N/A,N/A,Planner (Cao),data/google_planner/ha-long/Keyword Stats 2026-02-22 at 22_21_22.csv,"Tạo landing chuyển đổi (giá/vé/đặt chỗ), gom vào cluster page + build backlink nội bộ",B,75.0,0%,0
khách sạn homestay hạ long,Homestay Hạ Long,Lưu trú,In-scope Hạ Long,Commercial Investigation,50,N/A,N/A,N/A,Planner (Không xác định),data/google_planner/ha-long/Keyword Stats 2026-02-22 at 22_21_22.csv,Viết bài top-list/so sánh; map vào cluster hub; bổ sung schema + ảnh/UGC,B,75.0,-100.0%,0
tulip homestay hạ long,Homestay Hạ Long,Lưu trú,In-scope Hạ Long,Commercial Investigation,50,N/A,N/A,N/A,Planner (Không xác định),data/google_planner/ha-long/Keyword Stats 2026-02-22 at 22_21_22.csv,Viết bài top-list/so sánh; map vào cluster hub; bổ sung schema + ảnh/UGC,B,75.0,0%,0
khách sạn hà nam hạ long,Hà Nam Trip,Lưu trú,Out-of-scope Hà Nam,Commercial Investigation,50,N/A,N/A,N/A,Planner (Thấp),data/google_planner/ha-long/Keyword Stats 2026-02-22 at 22_21_22.csv,Viết bài top-list/so sánh; map vào cluster hub; bổ sung schema + ảnh/UGC,B,75.0,0%,0
hà nội hạ long hotel,Hà Nội Trip,Lưu trú,Out-of-scope Hà Nội,Commercial Investigation,50,N/A,N/A,N/A,Planner (Thấp),data/google_planner/ha-long/Keyword Stats 2026-02-22 at 22_21_22.csv,Viết bài top-list/so sánh; map vào cluster hub; bổ sung schema + ảnh/UGC,B,75.0,0%,0
khách sạn hà nội hạ long,Hà Nội Trip,Lưu trú,Out-of-scope Hà Nội,Commercial Investigation,50,N/A,N/A,N/A,Planner (Thấp),data/google_planner/ha-long/Keyword Stats 2026-02-22 at 22_21_22.csv,Viết bài top-list/so sánh; map vào cluster hub; bổ sung schema + ảnh/UGC,B,75.0,0%,0
khách sạn hà nội hạ long quảng ninh,Hà Nội Trip,Lưu trú,Out-of-scope Hà Nội,Commercial Investigation,50,N/A,N/A,N/A,Planner (Thấp),data/google_planner/ha-long/Keyword Stats 2026-02-22 at 22_21_22.csv,Viết bài top-list/so sánh; map vào cluster hub; bổ sung schema + ảnh/UGC,B,75.0,0%,0
khách sạn hòa bình hạ long,Hòa Bình Trip,Lưu trú,Out-of-scope Hòa Bình,Commercial Investigation,50,N/A,N/A,N/A,Planner (Trung bình),data/google_planner/ha-long/Keyword Stats 2026-02-22 at 22_21_22.csv,Viết bài top-list/so sánh; map vào cluster hub; bổ sung schema + ảnh/UGC,B,75.0,0%,0
du lịch hòn gai,Hòn Gai,Địa danh tham quan / Văn hóa - Lịch sử,In-scope Hạ Long,Informational,50,N/A,N/A,N/A,Planner (Trung bình),data/google_planner/ha-long/Keyword Stats 2026-02-22 at 22_21_22.csv,Viết guide/review; ưu tiên long-tail; tạo topic hub và internal link về trang dịch vụ,B,50.0,0%,0
khách sạn 368 bãi cháy,Khách sạn Bãi Cháy,Lưu trú,In-scope Hạ Long,Transaction,N/A,58,17,29.31%,N/A (N/A),data/google_search_console/Queries.csv,"Tối ưu landing (CTA/giá/FAQ), cải thiện snippet để tăng CTR; internal link từ hub 'Hạ Long'",A,17.0,N/A,N/A
queen hotel bãi cháy,Khách sạn Bãi Cháy,Lưu trú,In-scope Hạ Long,Transaction,500,N/A,N/A,N/A,Planner (Thấp),data/google_planner/ha-long/Keyword Stats 2026-02-22 at 22_21_22.csv,"Tạo landing chuyển đổi (giá/vé/đặt chỗ), gom vào cluster page + build backlink nội bộ",B,900.0,900.0%,0
khách sạn ở bãi cháy,Khách sạn Bãi Cháy,Lưu trú,In-scope Hạ Long,Transaction,500,N/A,N/A,N/A,Planner (Cao),data/google_planner/ha-long/Keyword Stats 2026-02-22 at 22_21_22.csv,"Tạo landing chuyển đổi (giá/vé/đặt chỗ), gom vào cluster page + build backlink nội bộ",B,825.0,0%,"36,529"
khách sạn mường thanh bãi cháy,Khách sạn Bãi Cháy,Lưu trú,In-scope Hạ Long,Transaction,500,N/A,N/A,N/A,Planner (Thấp),data/google_planner/ha-long/Keyword Stats 2026-02-22 at 22_21_22.csv,"Tạo landing chuyển đổi (giá/vé/đặt chỗ), gom vào cluster page + build backlink nội bộ",B,825.0,0%,"13,766"
khách sạn công đoàn bãi cháy,Khách sạn Bãi Cháy,Lưu trú,In-scope Hạ Long,Transaction,500,N/A,N/A,N/A,Planner (Thấp),data/google_planner/ha-long/Keyword Stats 2026-02-22 at 22_21_22.csv,"Tạo landing chuyển đổi (giá/vé/đặt chỗ), gom vào cluster page + build backlink nội bộ",B,825.0,0%,"14,314"
khách sạn bãi cháy 3 sao,Khách sạn Bãi Cháy,Lưu trú,In-scope Hạ Long,Transaction,500,N/A,N/A,N/A,Planner (Cao),data/google_planner/ha-long/Keyword Stats 2026-02-22 at 22_21_22.csv,"Tạo landing chuyển đổi (giá/vé/đặt chỗ), gom vào cluster page + build backlink nội bộ",B,825.0,0%,"18,866"
khách sạn mường thanh grand bãi cháy,Khách sạn Bãi Cháy,Lưu trú,In-scope Hạ Long,Transaction,500,N/A,N/A,N/A,Planner (Thấp),data/google_planner/ha-long/Keyword Stats 2026-02-22 at 22_21_22.csv,"Tạo landing chuyển đổi (giá/vé/đặt chỗ), gom vào cluster page + build backlink nội bộ",B,825.0,0%,"8,681"
khách sạn tại bãi cháy,Khách sạn Bãi Cháy,Lưu trú,In-scope Hạ Long,Transaction,500,N/A,N/A,N/A,Planner (Cao),data/google_planner/ha-long/Keyword Stats 2026-02-22 at 22_21_22.csv,"Tạo landing chuyển đổi (giá/vé/đặt chỗ), gom vào cluster page + build backlink nội bộ",B,825.0,0%,"30,245"
khách sạn ở bãi cháy hạ long,Khách sạn Bãi Cháy,Lưu trú,In-scope Hạ Long,Transaction,500,N/A,N/A,N/A,Planner (Cao),data/google_planner/ha-long/Keyword Stats 2026-02-22 at 22_21_22.csv,"Tạo landing chuyển đổi (giá/vé/đặt chỗ), gom vào cluster page + build backlink nội bộ",B,825.0,0%,"51,939"
khách sạn 3 sao bãi cháy,Khách sạn Bãi Cháy,Lưu trú,In-scope Hạ Long,Transaction,500,N/A,N/A,N/A,Planner (Trung bình),data/google_planner/ha-long/Keyword Stats 2026-02-22 at 22_21_22.csv,"Tạo landing chuyển đổi (giá/vé/đặt chỗ), gom vào cluster page + build backlink nội bộ",B,825.0,0%,"12,625"
khách sạn kenny bãi cháy,Khách sạn Bãi Cháy,Lưu trú,In-scope Hạ Long,Transaction,500,N/A,N/A,N/A,Planner (Thấp),data/google_planner/ha-long/Keyword Stats 2026-02-22 at 22_21_22.csv,"Tạo landing chuyển đổi (giá/vé/đặt chỗ), gom vào cluster page + build backlink nội bộ",B,750.0,-90.0%,0
new sun hotel bãi cháy,Khách sạn Bãi Cháy,Lưu trú,In-scope Hạ Long,Transaction,500,N/A,N/A,N/A,Planner (Thấp),data/google_planner/ha-long/Keyword Stats 2026-02-22 at 22_21_22.csv,"Tạo landing chuyển đổi (giá/vé/đặt chỗ), gom vào cluster page + build backlink nội bộ",B,750.0,0%,0
khách sạn bãi cháy giá rẻ,Khách sạn Bãi Cháy,Lưu trú,In-scope Hạ Long,Transaction,50,N/A,N/A,N/A,Planner (Cao),data/google_planner/ha-long/Keyword Stats 2026-02-22 at 22_21_22.csv,"Tạo landing chuyển đổi (giá/vé/đặt chỗ), gom vào cluster page + build backlink nội bộ",B,82.50000000000001,0%,"14,444"
khách sạn giá rẻ ở bãi cháy,Khách sạn Bãi Cháy,Lưu trú,In-scope Hạ Long,Transaction,50,N/A,N/A,N/A,Planner (Cao),data/google_planner/ha-long/Keyword Stats 2026-02-22 at 22_21_22.csv,"Tạo landing chuyển đổi (giá/vé/đặt chỗ), gom vào cluster page + build backlink nội bộ",B,82.50000000000001,0%,"32,326"
khách sạn ở bãi cháy gần biển,Khách sạn Bãi Cháy,Lưu trú,In-scope Hạ Long,Transaction,50,N/A,N/A,N/A,Planner (Cao),data/google_planner/ha-long/Keyword Stats 2026-02-22 at 22_21_22.csv,"Tạo landing chuyển đổi (giá/vé/đặt chỗ), gom vào cluster page + build backlink nội bộ",B,82.50000000000001,0%,"43,832"
khách sạn 4 sao bãi cháy,Khách sạn Bãi Cháy,Lưu trú,In-scope Hạ Long,Transaction,50,N/A,N/A,N/A,Planner (Trung bình),data/google_planner/ha-long/Keyword Stats 2026-02-22 at 22_21_22.csv,"Tạo landing chuyển đổi (giá/vé/đặt chỗ), gom vào cluster page + build backlink nội bộ",B,82.50000000000001,0%,"11,085"
khách sạn mường thanh luxury bãi cháy,Khách sạn Bãi Cháy,Lưu trú,In-scope Hạ Long,Transaction,50,N/A,N/A,N/A,Planner (Thấp),data/google_planner/ha-long/Keyword Stats 2026-02-22 at 22_21_22.csv,"Tạo landing chuyển đổi (giá/vé/đặt chỗ), gom vào cluster page + build backlink nội bộ",B,82.50000000000001,0%,"14,265"
khách sạn 5 sao bãi cháy,Khách sạn Bãi Cháy,Lưu trú,In-scope Hạ Long,Transaction,50,N/A,N/A,N/A,Planner (Cao),data/google_planner/ha-long/Keyword Stats 2026-02-22 at 22_21_22.csv,"Tạo landing chuyển đổi (giá/vé/đặt chỗ), gom vào cluster page + build backlink nội bộ",B,82.50000000000001,0%,"8,830"
khách sạn 5 sao ở bãi cháy,Khách sạn Bãi Cháy,Lưu trú,In-scope Hạ Long,Transaction,50,N/A,N/A,N/A,Planner (Cao),data/google_planner/ha-long/Keyword Stats 2026-02-22 at 22_21_22.csv,"Tạo landing chuyển đổi (giá/vé/đặt chỗ), gom vào cluster page + build backlink nội bộ",B,82.50000000000001,0%,"12,601"
khách sạn bạch đằng bãi cháy,Khách sạn Bãi Cháy,Lưu trú,In-scope Hạ Long,Transaction,50,N/A,N/A,N/A,Planner (Thấp),data/google_planner/ha-long/Keyword Stats 2026-02-22 at 22_21_22.csv,"Tạo landing chuyển đổi (giá/vé/đặt chỗ), gom vào cluster page + build backlink nội bộ",B,82.50000000000001,0%,"12,177"
khách sạn bảo hân bãi cháy,Khách sạn Bãi Cháy,Lưu trú,In-scope Hạ Long,Transaction,50,N/A,N/A,N/A,Planner (Thấp),data/google_planner/ha-long/Keyword Stats 2026-02-22 at 22_21_22.csv,"Tạo landing chuyển đổi (giá/vé/đặt chỗ), gom vào cluster page + build backlink nội bộ",B,82.50000000000001,0%,"8,464"
khách sạn gần biển ở bãi cháy,Khách sạn Bãi Cháy,Lưu trú,In-scope Hạ Long,Transaction,50,N/A,N/A,N/A,Planner (Cao),data/google_planner/ha-long/Keyword Stats 2026-02-22 at 22_21_22.csv,"Tạo landing chuyển đổi (giá/vé/đặt chỗ), gom vào cluster page + build backlink nội bộ",B,82.50000000000001,0%,"42,608"
khách sạn gần bãi cháy hạ long,Khách sạn Bãi Cháy,Lưu trú,In-scope Hạ Long,Transaction,50,N/A,N/A,N/A,Planner (Trung bình),data/google_planner/ha-long/Keyword Stats 2026-02-22 at 22_21_22.csv,"Tạo landing chuyển đổi (giá/vé/đặt chỗ), gom vào cluster page + build backlink nội bộ",B,82.50000000000001,0%,"51,939"
khách sạn mường thanh bãi cháy hạ long,Khách sạn Bãi Cháy,Lưu trú,In-scope Hạ Long,Transaction,50,N/A,N/A,N/A,Planner (Thấp),data/google_planner/ha-long/Keyword Stats 2026-02-22 at 22_21_22.csv,"Tạo landing chuyển đổi (giá/vé/đặt chỗ), gom vào cluster page + build backlink nội bộ",B,82.50000000000001,0%,"7,105"
khách sạn mường thanh bãi cháy địa chỉ,Khách sạn Bãi Cháy,Lưu trú,In-scope Hạ Long,Transaction,50,N/A,N/A,N/A,Planner (Trung bình),data/google_planner/ha-long/Keyword Stats 2026-02-22 at 22_21_22.csv,"Tạo landing chuyển đổi (giá/vé/đặt chỗ), gom vào cluster page + build backlink nội bộ",B,82.50000000000001,0%,"11,480"
khách sạn tại bãi cháy hạ long,Khách sạn Bãi Cháy,Lưu trú,In-scope Hạ Long,Transaction,50,N/A,N/A,N/A,Planner (Trung bình),data/google_planner/ha-long/Keyword Stats 2026-02-22 at 22_21_22.csv,"Tạo landing chuyển đổi (giá/vé/đặt chỗ), gom vào cluster page + build backlink nội bộ",B,82.50000000000001,0%,"8,334"
khách sạn victory bãi cháy,Khách sạn Bãi Cháy,Lưu trú,In-scope Hạ Long,Transaction,50,N/A,N/A,N/A,Planner (Thấp),data/google_planner/ha-long/Keyword Stats 2026-02-22 at 22_21_22.csv,"Tạo landing chuyển đổi (giá/vé/đặt chỗ), gom vào cluster page + build backlink nội bộ",B,82.50000000000001,0%,"51,939"
khách sạn view biển bãi cháy,Khách sạn Bãi Cháy,Lưu trú,In-scope Hạ Long,Transaction,50,N/A,N/A,N/A,Planner (Cao),data/google_planner/ha-long/Keyword Stats 2026-02-22 at 22_21_22.csv,"Tạo landing chuyển đổi (giá/vé/đặt chỗ), gom vào cluster page + build backlink nội bộ",B,82.50000000000001,0%,"14,077"
resort bãi cháy,Khách sạn Bãi Cháy,Lưu trú,In-scope Hạ Long,Transaction,50,N/A,N/A,N/A,Planner (Trung bình),data/google_planner/ha-long/Keyword Stats 2026-02-22 at 22_21_22.csv,"Tạo landing chuyển đổi (giá/vé/đặt chỗ), gom vào cluster page + build backlink nội bộ",B,82.50000000000001,0%,"3,320"
sun queen hotel bãi cháy,Khách sạn Bãi Cháy,Lưu trú,In-scope Hạ Long,Transaction,50,N/A,N/A,N/A,Planner (Thấp),data/google_planner/ha-long/Keyword Stats 2026-02-22 at 22_21_22.csv,"Tạo landing chuyển đổi (giá/vé/đặt chỗ), gom vào cluster page + build backlink nội bộ",B,82.50000000000001,0%,"2,446"
khách sạn ở bãi cháy giá rẻ,Khách sạn Bãi Cháy,Lưu trú,In-scope Hạ Long,Transaction,50,N/A,N/A,N/A,Planner (Cao),data/google_planner/ha-long/Keyword Stats 2026-02-22 at 22_21_22.csv,"Tạo landing chuyển đổi (giá/vé/đặt chỗ), gom vào cluster page + build backlink nội bộ",B,75.0,0%,0
giá khách sạn bãi cháy,Khách sạn Bãi Cháy,Lưu trú,In-scope Hạ Long,Transaction,50,N/A,N/A,N/A,Planner (Cao),data/google_planner/ha-long/Keyword Stats 2026-02-22 at 22_21_22.csv,"Tạo landing chuyển đổi (giá/vé/đặt chỗ), gom vào cluster page + build backlink nội bộ",B,75.0,0%,0
giá khách sạn mường thanh bãi cháy,Khách sạn Bãi Cháy,Lưu trú,In-scope Hạ Long,Transaction,50,N/A,N/A,N/A,Planner (Cao),data/google_planner/ha-long/Keyword Stats 2026-02-22 at 22_21_22.csv,"Tạo landing chuyển đổi (giá/vé/đặt chỗ), gom vào cluster page + build backlink nội bộ",B,75.0,0%,0
giá khách sạn ở bãi cháy,Khách sạn Bãi Cháy,Lưu trú,In-scope Hạ Long,Transaction,50,N/A,N/A,N/A,Planner (Cao),data/google_planner/ha-long/Keyword Stats 2026-02-22 at 22_21_22.csv,"Tạo landing chuyển đổi (giá/vé/đặt chỗ), gom vào cluster page + build backlink nội bộ",B,75.0,0%,0
giá phòng khách sạn bãi cháy,Khách sạn Bãi Cháy,Lưu trú,In-scope Hạ Long,Transaction,50,N/A,N/A,N/A,Planner (Cao),data/google_planner/ha-long/Keyword Stats 2026-02-22 at 22_21_22.csv,"Tạo landing chuyển đổi (giá/vé/đặt chỗ), gom vào cluster page + build backlink nội bộ",B,75.0,0%,0
giá phòng khách sạn mường thanh bãi cháy,Khách sạn Bãi Cháy,Lưu trú,In-scope Hạ Long,Transaction,50,N/A,N/A,N/A,Planner (Cao),data/google_planner/ha-long/Keyword Stats 2026-02-22 at 22_21_22.csv,"Tạo landing chuyển đổi (giá/vé/đặt chỗ), gom vào cluster page + build backlink nội bộ",B,75.0,0%,0
giá phòng khách sạn tại bãi cháy,Khách sạn Bãi Cháy,Lưu trú,In-scope Hạ Long,Transaction,50,N/A,N/A,N/A,Planner (Không xác định),data/google_planner/ha-long/Keyword Stats 2026-02-22 at 22_21_22.csv,"Tạo landing chuyển đổi (giá/vé/đặt chỗ), gom vào cluster page + build backlink nội bộ",B,75.0,0%,0
giá phòng khách sạn ở bãi cháy,Khách sạn Bãi Cháy,Lưu trú,In-scope Hạ Long,Transaction,50,N/A,N/A,N/A,Planner (Cao),data/google_planner/ha-long/Keyword Stats 2026-02-22 at 22_21_22.csv,"Tạo landing chuyển đổi (giá/vé/đặt chỗ), gom vào cluster page + build backlink nội bộ",B,75.0,0%,0
giá phòng tại khách sạn bãi cháy,Khách sạn Bãi Cháy,Lưu trú,In-scope Hạ Long,Transaction,50,N/A,N/A,N/A,Planner (Không xác định),data/google_planner/ha-long/Keyword Stats 2026-02-22 at 22_21_22.csv,"Tạo landing chuyển đổi (giá/vé/đặt chỗ), gom vào cluster page + build backlink nội bộ",B,75.0,0%,0
khách sạn giá rẻ bãi cháy,Khách sạn Bãi Cháy,Lưu trú,In-scope Hạ Long,Transaction,50,N/A,N/A,N/A,Planner (Không xác định),data/google_planner/ha-long/Keyword Stats 2026-02-22 at 22_21_22.csv,"Tạo landing chuyển đổi (giá/vé/đặt chỗ), gom vào cluster page + build backlink nội bộ",B,75.0,-100.0%,0
khách sạn giá rẻ tại bãi cháy,Khách sạn Bãi Cháy,Lưu trú,In-scope Hạ Long,Transaction,50,N/A,N/A,N/A,Planner (Không xác định),data/google_planner/ha-long/Keyword Stats 2026-02-22 at 22_21_22.csv,"Tạo landing chuyển đổi (giá/vé/đặt chỗ), gom vào cluster page + build backlink nội bộ",B,75.0,0%,0
khách sạn hoàng gia bãi cháy,Khách sạn Bãi Cháy,Lưu trú,In-scope Hạ Long,Transaction,50,N/A,N/A,N/A,Planner (Thấp),data/google_planner/ha-long/Keyword Stats 2026-02-22 at 22_21_22.csv,"Tạo landing chuyển đổi (giá/vé/đặt chỗ), gom vào cluster page + build backlink nội bộ",B,75.0,0%,0
thuê khách sạn bãi cháy,Khách sạn Bãi Cháy,Lưu trú,In-scope Hạ Long,Transaction,50,N/A,N/A,N/A,Planner (Không xác định),data/google_planner/ha-long/Keyword Stats 2026-02-22 at 22_21_22.csv,"Tạo landing chuyển đổi (giá/vé/đặt chỗ), gom vào cluster page + build backlink nội bộ",B,75.0,-100.0%,0
thuê khách sạn tại bãi cháy,Khách sạn Bãi Cháy,Lưu trú,In-scope Hạ Long,Transaction,50,N/A,N/A,N/A,Planner (Không xác định),data/google_planner/ha-long/Keyword Stats 2026-02-22 at 22_21_22.csv,"Tạo landing chuyển đổi (giá/vé/đặt chỗ), gom vào cluster page + build backlink nội bộ",B,75.0,0%,0
thuê khách sạn ở bãi cháy,Khách sạn Bãi Cháy,Lưu trú,In-scope Hạ Long,Transaction,50,N/A,N/A,N/A,Planner (Không xác định),data/google_planner/ha-long/Keyword Stats 2026-02-22 at 22_21_22.csv,"Tạo landing chuyển đổi (giá/vé/đặt chỗ), gom vào cluster page + build backlink nội bộ",B,75.0,0%,0
khach san bãi cháy,Khách sạn Bãi Cháy,Lưu trú,In-scope Hạ Long,Transaction,50,N/A,N/A,N/A,Planner (Không xác định),data/google_planner/ha-long/Keyword Stats 2026-02-22 at 22_21_22.csv,"Tạo landing chuyển đổi (giá/vé/đặt chỗ), gom vào cluster page + build backlink nội bộ",B,75.0,-100.0%,0
khach san bai chay ha long,Khách sạn Bãi Cháy,Lưu trú,In-scope Hạ Long,Transaction,50,N/A,N/A,N/A,Planner (Cao),data/google_planner/ha-long/Keyword Stats 2026-02-22 at 22_21_22.csv,"Tạo landing chuyển đổi (giá/vé/đặt chỗ), gom vào cluster page + build backlink nội bộ",B,75.0,0%,0
đặt phòng khách sạn bãi cháy,Khách sạn Bãi Cháy,Lưu trú,In-scope Hạ Long,Transaction,50,N/A,N/A,N/A,Planner (Cao),data/google_planner/ha-long/Keyword Stats 2026-02-22 at 22_21_22.csv,"Tạo landing chuyển đổi (giá/vé/đặt chỗ), gom vào cluster page + build backlink nội bộ",B,75.0,0%,0
khách sạn gần biển bãi cháy,Khách sạn Bãi Cháy,Lưu trú,In-scope Hạ Long,Transaction,50,N/A,N/A,N/A,Planner (Trung bình),data/google_planner/ha-long/Keyword Stats 2026-02-22 at 22_21_22.csv,"Tạo landing chuyển đổi (giá/vé/đặt chỗ), gom vào cluster page + build backlink nội bộ",B,75.0,0%,0
khách sạn bãi cháy gần biển,Khách sạn Bãi Cháy,Lưu trú,In-scope Hạ Long,Transaction,50,N/A,N/A,N/A,Planner (Cao),data/google_planner/ha-long/Keyword Stats 2026-02-22 at 22_21_22.csv,"Tạo landing chuyển đổi (giá/vé/đặt chỗ), gom vào cluster page + build backlink nội bộ",B,75.0,0%,0
khách sạn gần bãi cháy,Khách sạn Bãi Cháy,Lưu trú,In-scope Hạ Long,Transaction,50,N/A,N/A,N/A,Planner (Cao),data/google_planner/ha-long/Keyword Stats 2026-02-22 at 22_21_22.csv,"Tạo landing chuyển đổi (giá/vé/đặt chỗ), gom vào cluster page + build backlink nội bộ",B,75.0,0%,0
khách sạn gần bãi tắm bãi cháy,Khách sạn Bãi Cháy,Lưu trú,In-scope Hạ Long,Transaction,50,N/A,N/A,N/A,Planner (Không xác định),data/google_planner/ha-long/Keyword Stats 2026-02-22 at 22_21_22.csv,"Tạo landing chuyển đổi (giá/vé/đặt chỗ), gom vào cluster page + build backlink nội bộ",B,75.0,-100.0%,0
khách sạn khu vườn đào bãi cháy,Khách sạn Bãi Cháy,Lưu trú,In-scope Hạ Long,Transaction,50,N/A,N/A,N/A,Planner (Trung bình),data/google_planner/ha-long/Keyword Stats 2026-02-22 at 22_21_22.csv,"Tạo landing chuyển đổi (giá/vé/đặt chỗ), gom vào cluster page + build backlink nội bộ",B,75.0,0%,0
khách sạn bãi cháy có bể bơi,Khách sạn Bãi Cháy,Lưu trú,In-scope Hạ Long,Transaction,50,N/A,N/A,N/A,Planner (Không xác định),data/google_planner/ha-long/Keyword Stats 2026-02-22 at 22_21_22.csv,"Tạo landing chuyển đổi (giá/vé/đặt chỗ), gom vào cluster page + build backlink nội bộ",B,75.0,-100.0%,0
khach san ha long bai chay,Khách sạn Bãi Cháy,Lưu trú,In-scope Hạ Long,Transaction,50,N/A,N/A,N/A,Planner (Không xác định),data/google_planner/ha-long/Keyword Stats 2026-02-22 at 22_21_22.csv,"Tạo landing chuyển đổi (giá/vé/đặt chỗ), gom vào cluster page + build backlink nội bộ",B,75.0,0%,0
đặt phòng khách sạn tại bãi cháy,Khách sạn Bãi Cháy,Lưu trú,In-scope Hạ Long,Transaction,50,N/A,N/A,N/A,Planner (Trung bình),data/google_planner/ha-long/Keyword Stats 2026-02-22 at 22_21_22.csv,"Tạo landing chuyển đổi (giá/vé/đặt chỗ), gom vào cluster page + build backlink nội bộ",B,75.0,0%,0
khách sạn khu 7 màu bãi cháy,Khách sạn Bãi Cháy,Lưu trú,In-scope Hạ Long,Transaction,50,N/A,N/A,N/A,Planner (Không xác định),data/google_planner/ha-long/Keyword Stats 2026-02-22 at 22_21_22.csv,"Tạo landing chuyển đổi (giá/vé/đặt chỗ), gom vào cluster page + build backlink nội bộ",B,75.0,-100.0%,0
đặt khách sạn bãi cháy,Khách sạn Bãi Cháy,Lưu trú,In-scope Hạ Long,Transaction,50,N/A,N/A,N/A,Planner (Không xác định),data/google_planner/ha-long/Keyword Stats 2026-02-22 at 22_21_22.csv,"Tạo landing chuyển đổi (giá/vé/đặt chỗ), gom vào cluster page + build backlink nội bộ",B,75.0,-100.0%,0
hotel bãi cháy,Khách sạn Bãi Cháy,Lưu trú,In-scope Hạ Long,Transaction,50,N/A,N/A,N/A,Planner (Thấp),data/google_planner/ha-long/Keyword Stats 2026-02-22 at 22_21_22.csv,"Tạo landing chuyển đổi (giá/vé/đặt chỗ), gom vào cluster page + build backlink nội bộ",B,75.0,0%,0
khách sạn gần bãi biển bãi cháy,Khách sạn Bãi Cháy,Lưu trú,In-scope Hạ Long,Transaction,50,N/A,N/A,N/A,Planner (Cao),data/google_planner/ha-long/Keyword Stats 2026-02-22 at 22_21_22.csv,"Tạo landing chuyển đổi (giá/vé/đặt chỗ), gom vào cluster page + build backlink nội bộ",B,75.0,0%,0
an hotel bãi cháy,Khách sạn Bãi Cháy,Lưu trú,In-scope Hạ Long,Transaction,50,N/A,N/A,N/A,Planner (Thấp),data/google_planner/ha-long/Keyword Stats 2026-02-22 at 22_21_22.csv,"Tạo landing chuyển đổi (giá/vé/đặt chỗ), gom vào cluster page + build backlink nội bộ",B,75.0,0%,0
bãi cháy khách sạn,Khách sạn Bãi Cháy,Lưu trú,In-scope Hạ Long,Transaction,50,N/A,N/A,N/A,Planner (Trung bình),data/google_planner/ha-long/Keyword Stats 2026-02-22 at 22_21_22.csv,"Tạo landing chuyển đổi (giá/vé/đặt chỗ), gom vào cluster page + build backlink nội bộ",B,75.0,0%,0
bình an hotel bãi cháy,Khách sạn Bãi Cháy,Lưu trú,In-scope Hạ Long,Transaction,50,N/A,N/A,N/A,Planner (Thấp),data/google_planner/ha-long/Keyword Stats 2026-02-22 at 22_21_22.csv,"Tạo landing chuyển đổi (giá/vé/đặt chỗ), gom vào cluster page + build backlink nội bộ",B,75.0,0%,0
bảo hân hotel bãi cháy,Khách sạn Bãi Cháy,Lưu trú,In-scope Hạ Long,Transaction,50,N/A,N/A,N/A,Planner (Cao),data/google_planner/ha-long/Keyword Stats 2026-02-22 at 22_21_22.csv,"Tạo landing chuyển đổi (giá/vé/đặt chỗ), gom vào cluster page + build backlink nội bộ",B,75.0,0%,0
các khách sạn gần biển bãi cháy,Khách sạn Bãi Cháy,Lưu trú,In-scope Hạ Long,Transaction,50,N/A,N/A,N/A,Planner (Cao),data/google_planner/ha-long/Keyword Stats 2026-02-22 at 22_21_22.csv,"Tạo landing chuyển đổi (giá/vé/đặt chỗ), gom vào cluster page + build backlink nội bộ",B,75.0,0%,0
các khách sạn tại bãi cháy,Khách sạn Bãi Cháy,Lưu trú,In-scope Hạ Long,Transaction,50,N/A,N/A,N/A,Planner (Cao),data/google_planner/ha-long/Keyword Stats 2026-02-22 at 22_21_22.csv,"Tạo landing chuyển đổi (giá/vé/đặt chỗ), gom vào cluster page + build backlink nội bộ",B,75.0,0%,0
các khách sạn ở bãi cháy,Khách sạn Bãi Cháy,Lưu trú,In-scope Hạ Long,Transaction,50,N/A,N/A,N/A,Planner (Cao),data/google_planner/ha-long/Keyword Stats 2026-02-22 at 22_21_22.csv,"Tạo landing chuyển đổi (giá/vé/đặt chỗ), gom vào cluster page + build backlink nội bộ",B,75.0,0%,0
các khách sạn ở bãi cháy hạ long,Khách sạn Bãi Cháy,Lưu trú,In-scope Hạ Long,Transaction,50,N/A,N/A,N/A,Planner (Cao),data/google_planner/ha-long/Keyword Stats 2026-02-22 at 22_21_22.csv,"Tạo landing chuyển đổi (giá/vé/đặt chỗ), gom vào cluster page + build backlink nội bộ",B,75.0,0%,0
d lioro hotel bãi cháy,Khách sạn Bãi Cháy,Lưu trú,In-scope Hạ Long,Transaction,50,N/A,N/A,N/A,Planner (Không xác định),data/google_planner/ha-long/Keyword Stats 2026-02-22 at 22_21_22.csv,"Tạo landing chuyển đổi (giá/vé/đặt chỗ), gom vào cluster page + build backlink nội bộ",B,75.0,0%,0
dragon legend hotel bãi cháy,Khách sạn Bãi Cháy,Lưu trú,In-scope Hạ Long,Transaction,50,N/A,N/A,N/A,Planner (Cao),data/google_planner/ha-long/Keyword Stats 2026-02-22 at 22_21_22.csv,"Tạo landing chuyển đổi (giá/vé/đặt chỗ), gom vào cluster page + build backlink nội bộ",B,75.0,0%,0
holiday hotel bãi cháy,Khách sạn Bãi Cháy,Lưu trú,In-scope Hạ Long,Transaction,50,N/A,N/A,N/A,Planner (Thấp),data/google_planner/ha-long/Keyword Stats 2026-02-22 at 22_21_22.csv,"Tạo landing chuyển đổi (giá/vé/đặt chỗ), gom vào cluster page + build backlink nội bộ",B,75.0,0%,0
hotel sol bãi cháy,Khách sạn Bãi Cháy,Lưu trú,In-scope Hạ Long,Transaction,50,N/A,N/A,N/A,Planner (Không xác định),data/google_planner/ha-long/Keyword Stats 2026-02-22 at 22_21_22.csv,"Tạo landing chuyển đổi (giá/vé/đặt chỗ), gom vào cluster page + build backlink nội bộ",B,75.0,-100.0%,0
hải anh vip hotel bãi cháy,Khách sạn Bãi Cháy,Lưu trú,In-scope Hạ Long,Commercial Investigation,50,N/A,N/A,N/A,Planner (Không xác định),data/google_planner/ha-long/Keyword Stats 2026-02-22 at 22_21_22.csv,Viết bài top-list/so sánh; map vào cluster hub; bổ sung schema + ảnh/UGC,B,75.0,-100.0%,0
iris hotel bãi cháy,Khách sạn Bãi Cháy,Lưu trú,In-scope Hạ Long,Commercial Investigation,50,N/A,N/A,N/A,Planner (Thấp),data/google_planner/ha-long/Keyword Stats 2026-02-22 at 22_21_22.csv,Viết bài top-list/so sánh; map vào cluster hub; bổ sung schema + ảnh/UGC,B,75.0,0%,0
ivy hotel bãi cháy,Khách sạn Bãi Cháy,Lưu trú,In-scope Hạ Long,Commercial Investigation,50,N/A,N/A,N/A,Planner (Không xác định),data/google_planner/ha-long/Keyword Stats 2026-02-22 at 22_21_22.csv,Viết bài top-list/so sánh; map vào cluster hub; bổ sung schema + ảnh/UGC,B,75.0,0%,0
khách sạn 2 sao bãi cháy,Khách sạn Bãi Cháy,Lưu trú,In-scope Hạ Long,Commercial Investigation,50,N/A,N/A,N/A,Planner (Thấp),data/google_planner/ha-long/Keyword Stats 2026-02-22 at 22_21_22.csv,Viết bài top-list/so sánh; map vào cluster hub; bổ sung schema + ảnh/UGC,B,75.0,0%,0
khách sạn 2 sao ở bãi cháy,Khách sạn Bãi Cháy,Lưu trú,In-scope Hạ Long,Commercial Investigation,50,N/A,N/A,N/A,Planner (Cao),data/google_planner/ha-long/Keyword Stats 2026-02-22 at 22_21_22.csv,Viết bài top-list/so sánh; map vào cluster hub; bổ sung schema + ảnh/UGC,B,75.0,0%,0
khách sạn 3 sao bãi cháy hạ long,Khách sạn Bãi Cháy,Lưu trú,In-scope Hạ Long,Commercial Investigation,50,N/A,N/A,N/A,Planner (Trung bình),data/google_planner/ha-long/Keyword Stats 2026-02-22 at 22_21_22.csv,Viết bài top-list/so sánh; map vào cluster hub; bổ sung schema + ảnh/UGC,B,75.0,0%,0
khách sạn 3 sao khu vực bãi cháy,Khách sạn Bãi Cháy,Lưu trú,In-scope Hạ Long,Commercial Investigation,50,N/A,N/A,N/A,Planner (Không xác định),data/google_planner/ha-long/Keyword Stats 2026-02-22 at 22_21_22.csv,Viết bài top-list/so sánh; map vào cluster hub; bổ sung schema + ảnh/UGC,B,75.0,0%,0
khách sạn 3 sao tại bãi cháy,Khách sạn Bãi Cháy,Lưu trú,In-scope Hạ Long,Commercial Investigation,50,N/A,N/A,N/A,Planner (Cao),data/google_planner/ha-long/Keyword Stats 2026-02-22 at 22_21_22.csv,Viết bài top-list/so sánh; map vào cluster hub; bổ sung schema + ảnh/UGC,B,75.0,0%,0
khách sạn 3 sao ở bãi cháy,Khách sạn Bãi Cháy,Lưu trú,In-scope Hạ Long,Commercial Investigation,50,N/A,N/A,N/A,Planner (Trung bình),data/google_planner/ha-long/Keyword Stats 2026-02-22 at 22_21_22.csv,Viết bài top-list/so sánh; map vào cluster hub; bổ sung schema + ảnh/UGC,B,75.0,0%,0
khách sạn 4 sao tại bãi cháy,Khách sạn Bãi Cháy,Lưu trú,In-scope Hạ Long,Commercial Investigation,50,N/A,N/A,N/A,Planner (Không xác định),data/google_planner/ha-long/Keyword Stats 2026-02-22 at 22_21_22.csv,Viết bài top-list/so sánh; map vào cluster hub; bổ sung schema + ảnh/UGC,B,75.0,-100.0%,0
khách sạn 4 sao ở bãi cháy,Khách sạn Bãi Cháy,Lưu trú,In-scope Hạ Long,Commercial Investigation,50,N/A,N/A,N/A,Planner (Không xác định),data/google_planner/ha-long/Keyword Stats 2026-02-22 at 22_21_22.csv,Viết bài top-list/so sánh; map vào cluster hub; bổ sung schema + ảnh/UGC,B,75.0,0%,0
khách sạn 5 sao tại bãi cháy,Khách sạn Bãi Cháy,Lưu trú,In-scope Hạ Long,Commercial Investigation,50,N/A,N/A,N/A,Planner (Cao),data/google_planner/ha-long/Keyword Stats 2026-02-22 at 22_21_22.csv,Viết bài top-list/so sánh; map vào cluster hub; bổ sung schema + ảnh/UGC,B,75.0,0%,0
khách sạn asean bãi cháy,Khách sạn Bãi Cháy,Lưu trú,In-scope Hạ Long,Commercial Investigation,50,N/A,N/A,N/A,Planner (Thấp),data/google_planner/ha-long/Keyword Stats 2026-02-22 at 22_21_22.csv,Viết bài top-list/so sánh; map vào cluster hub; bổ sung schema + ảnh/UGC,B,75.0,0%,0
khách sạn beach hotel bãi cháy,Khách sạn Bãi Cháy,Lưu trú,In-scope Hạ Long,Commercial Investigation,50,N/A,N/A,N/A,Planner (Không xác định),data/google_planner/ha-long/Keyword Stats 2026-02-22 at 22_21_22.csv,Viết bài top-list/so sánh; map vào cluster hub; bổ sung schema + ảnh/UGC,B,75.0,0%,0
khách sạn biển bãi cháy,Khách sạn Bãi Cháy,Lưu trú,In-scope Hạ Long,Commercial Investigation,50,N/A,N/A,N/A,Planner (Trung bình),data/google_planner/ha-long/Keyword Stats 2026-02-22 at 22_21_22.csv,Viết bài top-list/so sánh; map vào cluster hub; bổ sung schema + ảnh/UGC,B,75.0,0%,0
khách sạn biển đông bãi cháy,Khách sạn Bãi Cháy,Lưu trú,In-scope Hạ Long,Commercial Investigation,50,N/A,N/A,N/A,Planner (Thấp),data/google_planner/ha-long/Keyword Stats 2026-02-22 at 22_21_22.csv,Viết bài top-list/so sánh; map vào cluster hub; bổ sung schema + ảnh/UGC,B,75.0,0%,0
khách sạn blue sky bãi cháy,Khách sạn Bãi Cháy,Lưu trú,In-scope Hạ Long,Commercial Investigation,50,N/A,N/A,N/A,Planner (Thấp),data/google_planner/ha-long/Keyword Stats 2026-02-22 at 22_21_22.csv,Viết bài top-list/so sánh; map vào cluster hub; bổ sung schema + ảnh/UGC,B,75.0,0%,0
khách sạn bài thơ bãi cháy,Khách sạn Bãi Cháy,Lưu trú,In-scope Hạ Long,Commercial Investigation,50,N/A,N/A,N/A,Planner (Thấp),data/google_planner/ha-long/Keyword Stats 2026-02-22 at 22_21_22.csv,Viết bài top-list/so sánh; map vào cluster hub; bổ sung schema + ảnh/UGC,B,75.0,0%,0
khách sạn bãi cháy 4 sao,Khách sạn Bãi Cháy,Lưu trú,In-scope Hạ Long,Commercial Investigation,50,N/A,N/A,N/A,Planner (Cao),data/google_planner/ha-long/Keyword Stats 2026-02-22 at 22_21_22.csv,Viết bài top-list/so sánh; map vào cluster hub; bổ sung schema + ảnh/UGC,B,75.0,0%,0
khách sạn bên bãi cháy,Khách sạn Bãi Cháy,Lưu trú,In-scope Hạ Long,Commercial Investigation,50,N/A,N/A,N/A,Planner (Không xác định),data/google_planner/ha-long/Keyword Stats 2026-02-22 at 22_21_22.csv,Viết bài top-list/so sánh; map vào cluster hub; bổ sung schema + ảnh/UGC,B,75.0,-100.0%,0
khách sạn bình an bãi cháy,Khách sạn Bãi Cháy,Lưu trú,In-scope Hạ Long,Commercial Investigation,50,N/A,N/A,N/A,Planner (Không xác định),data/google_planner/ha-long/Keyword Stats 2026-02-22 at 22_21_22.csv,Viết bài top-list/so sánh; map vào cluster hub; bổ sung schema + ảnh/UGC,B,75.0,0%,0
khách sạn bưu điện bãi cháy,Khách sạn Bãi Cháy,Lưu trú,In-scope Hạ Long,Commercial Investigation,50,N/A,N/A,N/A,Planner (Thấp),data/google_planner/ha-long/Keyword Stats 2026-02-22 at 22_21_22.csv,Viết bài top-list/so sánh; map vào cluster hub; bổ sung schema + ảnh/UGC,B,75.0,0%,0
khách sạn bảo hân 2 bãi cháy,Khách sạn Bãi Cháy,Lưu trú,In-scope Hạ Long,Commercial Investigation,50,N/A,N/A,N/A,Planner (Thấp),data/google_planner/ha-long/Keyword Stats 2026-02-22 at 22_21_22.csv,Viết bài top-list/so sánh; map vào cluster hub; bổ sung schema + ảnh/UGC,B,75.0,0%,0
khách sạn bảo minh bãi cháy,Khách sạn Bãi Cháy,Lưu trú,In-scope Hạ Long,Commercial Investigation,50,N/A,N/A,N/A,Planner (Thấp),data/google_planner/ha-long/Keyword Stats 2026-02-22 at 22_21_22.csv,Viết bài top-list/so sánh; map vào cluster hub; bổ sung schema + ảnh/UGC,B,75.0,0%,0
khách sạn central bãi cháy,Khách sạn Bãi Cháy,Lưu trú,In-scope Hạ Long,Commercial Investigation,50,N/A,N/A,N/A,Planner (Trung bình),data/google_planner/ha-long/Keyword Stats 2026-02-22 at 22_21_22.csv,Viết bài top-list/so sánh; map vào cluster hub; bổ sung schema + ảnh/UGC,B,75.0,0%,0
khách sạn chiều dương bãi cháy,Khách sạn Bãi Cháy,Lưu trú,In-scope Hạ Long,Commercial Investigation,50,N/A,N/A,N/A,Planner (Không xác định),data/google_planner/ha-long/Keyword Stats 2026-02-22 at 22_21_22.csv,Viết bài top-list/so sánh; map vào cluster hub; bổ sung schema + ảnh/UGC,B,75.0,-100.0%,0
khách sạn chân quê bãi cháy,Khách sạn Bãi Cháy,Lưu trú,In-scope Hạ Long,Commercial Investigation,50,N/A,N/A,N/A,Planner (Thấp),data/google_planner/ha-long/Keyword Stats 2026-02-22 at 22_21_22.csv,Viết bài top-list/so sánh; map vào cluster hub; bổ sung schema + ảnh/UGC,B,75.0,0%,0
khách sạn crown bãi cháy,Khách sạn Bãi Cháy,Lưu trú,In-scope Hạ Long,Commercial Investigation,50,N/A,N/A,N/A,Planner (Thấp),data/google_planner/ha-long/Keyword Stats 2026-02-22 at 22_21_22.csv,Viết bài top-list/so sánh; map vào cluster hub; bổ sung schema + ảnh/UGC,B,75.0,0%,0
khách sạn có bể bơi ở bãi cháy,Khách sạn Bãi Cháy,Lưu trú,In-scope Hạ Long,Commercial Investigation,50,N/A,N/A,N/A,Planner (Không xác định),data/google_planner/ha-long/Keyword Stats 2026-02-22 at 22_21_22.csv,Viết bài top-list/so sánh; map vào cluster hub; bổ sung schema + ảnh/UGC,B,75.0,-100.0%,0
khách sạn công đoàn bãi cháy hạ long,Khách sạn Bãi Cháy,Lưu trú,In-scope Hạ Long,Commercial Investigation,50,N/A,N/A,N/A,Planner (Thấp),data/google_planner/ha-long/Keyword Stats 2026-02-22 at 22_21_22.csv,Viết bài top-list/so sánh; map vào cluster hub; bổ sung schema + ảnh/UGC,B,75.0,0%,0
khách sạn d lioro bãi cháy,Khách sạn Bãi Cháy,Lưu trú,In-scope Hạ Long,Commercial Investigation,50,N/A,N/A,N/A,Planner (Không xác định),data/google_planner/ha-long/Keyword Stats 2026-02-22 at 22_21_22.csv,Viết bài top-list/so sánh; map vào cluster hub; bổ sung schema + ảnh/UGC,B,75.0,-100.0%,0
khách sạn diamond bãi cháy,Khách sạn Bãi Cháy,Lưu trú,In-scope Hạ Long,Commercial Investigation,50,N/A,N/A,N/A,Planner (Thấp),data/google_planner/ha-long/Keyword Stats 2026-02-22 at 22_21_22.csv,Viết bài top-list/so sánh; map vào cluster hub; bổ sung schema + ảnh/UGC,B,75.0,0%,0
khách sạn dragon bãi cháy,Khách sạn Bãi Cháy,Lưu trú,In-scope Hạ Long,Commercial Investigation,50,N/A,N/A,N/A,Planner (Thấp),data/google_planner/ha-long/Keyword Stats 2026-02-22 at 22_21_22.csv,Viết bài top-list/so sánh; map vào cluster hub; bổ sung schema + ảnh/UGC,B,75.0,0%,0
khách sạn dragon legend bãi cháy,Khách sạn Bãi Cháy,Lưu trú,In-scope Hạ Long,Commercial Investigation,50,N/A,N/A,N/A,Planner (Trung bình),data/google_planner/ha-long/Keyword Stats 2026-02-22 at 22_21_22.csv,Viết bài top-list/so sánh; map vào cluster hub; bổ sung schema + ảnh/UGC,B,75.0,0%,0
khách sạn dream bãi cháy,Khách sạn Bãi Cháy,Lưu trú,In-scope Hạ Long,Commercial Investigation,50,N/A,N/A,N/A,Planner (Thấp),data/google_planner/ha-long/Keyword Stats 2026-02-22 at 22_21_22.csv,Viết bài top-list/so sánh; map vào cluster hub; bổ sung schema + ảnh/UGC,B,75.0,0%,0
khách sạn eden bãi cháy,Khách sạn Bãi Cháy,Lưu trú,In-scope Hạ Long,Commercial Investigation,50,N/A,N/A,N/A,Planner (Trung bình),data/google_planner/ha-long/Keyword Stats 2026-02-22 at 22_21_22.csv,Viết bài top-list/so sánh; map vào cluster hub; bổ sung schema + ảnh/UGC,B,75.0,0%,0
khách sạn emma bãi cháy,Khách sạn Bãi Cháy,Lưu trú,In-scope Hạ Long,Commercial Investigation,50,N/A,N/A,N/A,Planner (Không xác định),data/google_planner/ha-long/Keyword Stats 2026-02-22 at 22_21_22.csv,Viết bài top-list/so sánh; map vào cluster hub; bổ sung schema + ảnh/UGC,B,75.0,-100.0%,0
khách sạn entity bãi cháy,Khách sạn Bãi Cháy,Lưu trú,In-scope Hạ Long,Commercial Investigation,50,N/A,N/A,N/A,Planner (Thấp),data/google_planner/ha-long/Keyword Stats 2026-02-22 at 22_21_22.csv,Viết bài top-list/so sánh; map vào cluster hub; bổ sung schema + ảnh/UGC,B,75.0,0%,0
khách sạn essence bãi cháy,Khách sạn Bãi Cháy,Lưu trú,In-scope Hạ Long,Commercial Investigation,50,N/A,N/A,N/A,Planner (Trung bình),data/google_planner/ha-long/Keyword Stats 2026-02-22 at 22_21_22.csv,Viết bài top-list/so sánh; map vào cluster hub; bổ sung schema + ảnh/UGC,B,75.0,0%,0
khách sạn galaxy bãi cháy,Khách sạn Bãi Cháy,Lưu trú,In-scope Hạ Long,Commercial Investigation,50,N/A,N/A,N/A,Planner (Thấp),data/google_planner/ha-long/Keyword Stats 2026-02-22 at 22_21_22.csv,Viết bài top-list/so sánh; map vào cluster hub; bổ sung schema + ảnh/UGC,B,75.0,0%,0
khách sạn golden bãi cháy,Khách sạn Bãi Cháy,Lưu trú,In-scope Hạ Long,Commercial Investigation,50,N/A,N/A,N/A,Planner (Thấp),data/google_planner/ha-long/Keyword Stats 2026-02-22 at 22_21_22.csv,Viết bài top-list/so sánh; map vào cluster hub; bổ sung schema + ảnh/UGC,B,75.0,0%,0
khách sạn golden lotus bãi cháy,Khách sạn Bãi Cháy,Lưu trú,In-scope Hạ Long,Commercial Investigation,50,N/A,N/A,N/A,Planner (Không xác định),data/google_planner/ha-long/Keyword Stats 2026-02-22 at 22_21_22.csv,Viết bài top-list/so sánh; map vào cluster hub; bổ sung schema + ảnh/UGC,B,75.0,0%,0
khách sạn grand bãi cháy,Khách sạn Bãi Cháy,Lưu trú,In-scope Hạ Long,Commercial Investigation,50,N/A,N/A,N/A,Planner (Thấp),data/google_planner/ha-long/Keyword Stats 2026-02-22 at 22_21_22.csv,Viết bài top-list/so sánh; map vào cluster hub; bổ sung schema + ảnh/UGC,B,75.0,0%,0
khách sạn green bay bãi cháy,Khách sạn Bãi Cháy,Lưu trú,In-scope Hạ Long,Commercial Investigation,50,N/A,N/A,N/A,Planner (Cao),data/google_planner/ha-long/Keyword Stats 2026-02-22 at 22_21_22.csv,Viết bài top-list/so sánh; map vào cluster hub; bổ sung schema + ảnh/UGC,B,75.0,0%,0
khách sạn gần biển bãi cháy nhất,Khách sạn Bãi Cháy,Lưu trú,In-scope Hạ Long,Commercial Investigation,50,N/A,N/A,N/A,Planner (Không xác định),data/google_planner/ha-long/Keyword Stats 2026-02-22 at 22_21_22.csv,Viết bài top-list/so sánh; map vào cluster hub; bổ sung schema + ảnh/UGC,B,75.0,0%,0
khách sạn gần cầu bãi cháy,Khách sạn Bãi Cháy,Lưu trú,In-scope Hạ Long,Commercial Investigation,50,N/A,N/A,N/A,Planner (Thấp),data/google_planner/ha-long/Keyword Stats 2026-02-22 at 22_21_22.csv,Viết bài top-list/so sánh; map vào cluster hub; bổ sung schema + ảnh/UGC,B,75.0,0%,0
khách sạn hallo bãi cháy,Khách sạn Bãi Cháy,Lưu trú,In-scope Hạ Long,Commercial Investigation,50,N/A,N/A,N/A,Planner (Không xác định),data/google_planner/ha-long/Keyword Stats 2026-02-22 at 22_21_22.csv,Viết bài top-list/so sánh; map vào cluster hub; bổ sung schema + ảnh/UGC,B,75.0,0%,0
khách sạn heritage bãi cháy,Khách sạn Bãi Cháy,Lưu trú,In-scope Hạ Long,Commercial Investigation,50,N/A,N/A,N/A,Planner (Thấp),data/google_planner/ha-long/Keyword Stats 2026-02-22 at 22_21_22.csv,Viết bài top-list/so sánh; map vào cluster hub; bổ sung schema + ảnh/UGC,B,75.0,0%,0
khách sạn hoa cương bãi cháy,Khách sạn Bãi Cháy,Lưu trú,In-scope Hạ Long,Commercial Investigation,50,N/A,N/A,N/A,Planner (Thấp),data/google_planner/ha-long/Keyword Stats 2026-02-22 at 22_21_22.csv,Viết bài top-list/so sánh; map vào cluster hub; bổ sung schema + ảnh/UGC,B,75.0,0%,0
khách sạn holiday bãi cháy,Khách sạn Bãi Cháy,Lưu trú,In-scope Hạ Long,Commercial Investigation,50,N/A,N/A,N/A,Planner (Thấp),data/google_planner/ha-long/Keyword Stats 2026-02-22 at 22_21_22.csv,Viết bài top-list/so sánh; map vào cluster hub; bổ sung schema + ảnh/UGC,B,75.0,0%,0
khách sạn hoài hương bãi cháy,Khách sạn Bãi Cháy,Lưu trú,In-scope Hạ Long,Commercial Investigation,50,N/A,N/A,N/A,Planner (Không xác định),data/google_planner/ha-long/Keyword Stats 2026-02-22 at 22_21_22.csv,Viết bài top-list/so sánh; map vào cluster hub; bổ sung schema + ảnh/UGC,B,75.0,0%,0
khách sạn hoàng hà bãi cháy,Khách sạn Bãi Cháy,Lưu trú,In-scope Hạ Long,Commercial Investigation,50,N/A,N/A,N/A,Planner (Thấp),data/google_planner/ha-long/Keyword Stats 2026-02-22 at 22_21_22.csv,Viết bài top-list/so sánh; map vào cluster hub; bổ sung schema + ảnh/UGC,B,75.0,0%,0
khách sạn hoàng lan bãi cháy,Khách sạn Bãi Cháy,Lưu trú,In-scope Hạ Long,Commercial Investigation,50,N/A,N/A,N/A,Planner (Không xác định),data/google_planner/ha-long/Keyword Stats 2026-02-22 at 22_21_22.csv,Viết bài top-list/so sánh; map vào cluster hub; bổ sung schema + ảnh/UGC,B,75.0,0%,0
khách sạn hoàng long bãi cháy,Khách sạn Bãi Cháy,Lưu trú,In-scope Hạ Long,Commercial Investigation,50,N/A,N/A,N/A,Planner (Cao),data/google_planner/ha-long/Keyword Stats 2026-02-22 at 22_21_22.csv,Viết bài top-list/so sánh; map vào cluster hub; bổ sung schema + ảnh/UGC,B,75.0,0%,0
khách sạn hòn gai bãi cháy,Khách sạn Bãi Cháy,Lưu trú,In-scope Hạ Long,Commercial Investigation,50,N/A,N/A,N/A,Planner (Không xác định),data/google_planner/ha-long/Keyword Stats 2026-02-22 at 22_21_22.csv,Viết bài top-list/so sánh; map vào cluster hub; bổ sung schema + ảnh/UGC,B,75.0,-100.0%,0
khách sạn hùng phương bãi cháy,Khách sạn Bãi Cháy,Lưu trú,In-scope Hạ Long,Commercial Investigation,50,N/A,N/A,N/A,Planner (Không xác định),data/google_planner/ha-long/Keyword Stats 2026-02-22 at 22_21_22.csv,Viết bài top-list/so sánh; map vào cluster hub; bổ sung schema + ảnh/UGC,B,75.0,0%,0
khách sạn hưng thịnh bãi cháy,Khách sạn Bãi Cháy,Lưu trú,In-scope Hạ Long,Commercial Investigation,50,N/A,N/A,N/A,Planner (Thấp),data/google_planner/ha-long/Keyword Stats 2026-02-22 at 22_21_22.csv,Viết bài top-list/so sánh; map vào cluster hub; bổ sung schema + ảnh/UGC,B,75.0,0%,0
khách sạn hương giang bãi cháy,Khách sạn Bãi Cháy,Lưu trú,In-scope Hạ Long,Commercial Investigation,50,N/A,N/A,N/A,Planner (Không xác định),data/google_planner/ha-long/Keyword Stats 2026-02-22 at 22_21_22.csv,Viết bài top-list/so sánh; map vào cluster hub; bổ sung schema + ảnh/UGC,B,75.0,0%,0
khách sạn hải anh bãi cháy,Khách sạn Bãi Cháy,Lưu trú,In-scope Hạ Long,Commercial Investigation,50,N/A,N/A,N/A,Planner (Không xác định),data/google_planner/ha-long/Keyword Stats 2026-02-22 at 22_21_22.csv,Viết bài top-list/so sánh; map vào cluster hub; bổ sung schema + ảnh/UGC,B,75.0,-100.0%,0
khách sạn hải quân 22 bãi cháy,Khách sạn Bãi Cháy,Lưu trú,In-scope Hạ Long,Commercial Investigation,50,N/A,N/A,N/A,Planner (Không xác định),data/google_planner/ha-long/Keyword Stats 2026-02-22 at 22_21_22.csv,Viết bài top-list/so sánh; map vào cluster hub; bổ sung schema + ảnh/UGC,B,75.0,0%,0
khách sạn hải quân bãi cháy,Khách sạn Bãi Cháy,Lưu trú,In-scope Hạ Long,Commercial Investigation,50,N/A,N/A,N/A,Planner (Cao),data/google_planner/ha-long/Keyword Stats 2026-02-22 at 22_21_22.csv,Viết bài top-list/so sánh; map vào cluster hub; bổ sung schema + ảnh/UGC,B,75.0,0%,0
khách sạn hải yến bãi cháy,Khách sạn Bãi Cháy,Lưu trú,In-scope Hạ Long,Commercial Investigation,50,N/A,N/A,N/A,Planner (Thấp),data/google_planner/ha-long/Keyword Stats 2026-02-22 at 22_21_22.csv,Viết bài top-list/so sánh; map vào cluster hub; bổ sung schema + ảnh/UGC,B,75.0,0%,0
khách sạn hồng minh bãi cháy,Khách sạn Bãi Cháy,Lưu trú,In-scope Hạ Long,Commercial Investigation,50,N/A,N/A,N/A,Planner (Không xác định),data/google_planner/ha-long/Keyword Stats 2026-02-22 at 22_21_22.csv,Viết bài top-list/so sánh; map vào cluster hub; bổ sung schema + ảnh/UGC,B,75.0,0%,0
khách sạn ivy hotel bãi cháy,Khách sạn Bãi Cháy,Lưu trú,In-scope Hạ Long,Commercial Investigation,50,N/A,N/A,N/A,Planner (Không xác định),data/google_planner/ha-long/Keyword Stats 2026-02-22 at 22_21_22.csv,Viết bài top-list/so sánh; map vào cluster hub; bổ sung schema + ảnh/UGC,B,75.0,0%,0
khách sạn khu bãi cháy,Khách sạn Bãi Cháy,Lưu trú,In-scope Hạ Long,Commercial Investigation,50,N/A,N/A,N/A,Planner (Thấp),data/google_planner/ha-long/Keyword Stats 2026-02-22 at 22_21_22.csv,Viết bài top-list/so sánh; map vào cluster hub; bổ sung schema + ảnh/UGC,B,75.0,0%,0
khách sạn khu vực bãi cháy,Khách sạn Bãi Cháy,Lưu trú,In-scope Hạ Long,Commercial Investigation,50,N/A,N/A,N/A,Planner (Cao),data/google_planner/ha-long/Keyword Stats 2026-02-22 at 22_21_22.csv,Viết bài top-list/so sánh; map vào cluster hub; bổ sung schema + ảnh/UGC,B,75.0,0%,0
khách sạn kim dung bãi cháy,Khách sạn Bãi Cháy,Lưu trú,In-scope Hạ Long,Commercial Investigation,50,N/A,N/A,N/A,Planner (Thấp),data/google_planner/ha-long/Keyword Stats 2026-02-22 at 22_21_22.csv,Viết bài top-list/so sánh; map vào cluster hub; bổ sung schema + ảnh/UGC,B,75.0,0%,0
khách sạn kiều anh bãi cháy,Khách sạn Bãi Cháy,Lưu trú,In-scope Hạ Long,Commercial Investigation,50,N/A,N/A,N/A,Planner (Không xác định),data/google_planner/ha-long/Keyword Stats 2026-02-22 at 22_21_22.csv,Viết bài top-list/so sánh; map vào cluster hub; bổ sung schema + ảnh/UGC,B,75.0,0%,0
khách sạn lotus bãi cháy,Khách sạn Bãi Cháy,Lưu trú,In-scope Hạ Long,Commercial Investigation,50,N/A,N/A,N/A,Planner (Trung bình),data/google_planner/ha-long/Keyword Stats 2026-02-22 at 22_21_22.csv,Viết bài top-list/so sánh; map vào cluster hub; bổ sung schema + ảnh/UGC,B,75.0,0%,0
khách sạn luxury bãi cháy,Khách sạn Bãi Cháy,Lưu trú,In-scope Hạ Long,Commercial Investigation,50,N/A,N/A,N/A,Planner (Thấp),data/google_planner/ha-long/Keyword Stats 2026-02-22 at 22_21_22.csv,Viết bài top-list/so sánh; map vào cluster hub; bổ sung schema + ảnh/UGC,B,75.0,0%,0
khách sạn marina bãi cháy,Khách sạn Bãi Cháy,Lưu trú,In-scope Hạ Long,Commercial Investigation,50,N/A,N/A,N/A,Planner (Thấp),data/google_planner/ha-long/Keyword Stats 2026-02-22 at 22_21_22.csv,Viết bài top-list/so sánh; map vào cluster hub; bổ sung schema + ảnh/UGC,B,75.0,0%,0
khách sạn minh thành bãi cháy,Khách sạn Bãi Cháy,Lưu trú,In-scope Hạ Long,Commercial Investigation,50,N/A,N/A,N/A,Planner (Thấp),data/google_planner/ha-long/Keyword Stats 2026-02-22 at 22_21_22.csv,Viết bài top-list/so sánh; map vào cluster hub; bổ sung schema + ảnh/UGC,B,75.0,0%,0
khách sạn mithrin bãi cháy,Khách sạn Bãi Cháy,Lưu trú,In-scope Hạ Long,Commercial Investigation,50,N/A,N/A,N/A,Planner (Không xác định),data/google_planner/ha-long/Keyword Stats 2026-02-22 at 22_21_22.csv,Viết bài top-list/so sánh; map vào cluster hub; bổ sung schema + ảnh/UGC,B,75.0,-100.0%,0
khách sạn moon bãi cháy,Khách sạn Bãi Cháy,Lưu trú,In-scope Hạ Long,Commercial Investigation,50,N/A,N/A,N/A,Planner (Không xác định),data/google_planner/ha-long/Keyword Stats 2026-02-22 at 22_21_22.csv,Viết bài top-list/so sánh; map vào cluster hub; bổ sung schema + ảnh/UGC,B,75.0,-100.0%,0
khách sạn mường thanh 5 sao bãi cháy,Khách sạn Bãi Cháy,Lưu trú,In-scope Hạ Long,Commercial Investigation,50,N/A,N/A,N/A,Planner (Không xác định),data/google_planner/ha-long/Keyword Stats 2026-02-22 at 22_21_22.csv,Viết bài top-list/so sánh; map vào cluster hub; bổ sung schema + ảnh/UGC,B,75.0,-100.0%,0
khách sạn mặt biển bãi cháy,Khách sạn Bãi Cháy,Lưu trú,In-scope Hạ Long,Commercial Investigation,50,N/A,N/A,N/A,Planner (Không xác định),data/google_planner/ha-long/Keyword Stats 2026-02-22 at 22_21_22.csv,Viết bài top-list/so sánh; map vào cluster hub; bổ sung schema + ảnh/UGC,B,75.0,-100.0%,0
khách sạn mộc trà bãi cháy,Khách sạn Bãi Cháy,Lưu trú,In-scope Hạ Long,Commercial Investigation,50,N/A,N/A,N/A,Planner (Thấp),data/google_planner/ha-long/Keyword Stats 2026-02-22 at 22_21_22.csv,Viết bài top-list/so sánh; map vào cluster hub; bổ sung schema + ảnh/UGC,B,75.0,0%,0
khách sạn nam sơn bãi cháy,Khách sạn Bãi Cháy,Lưu trú,In-scope Hạ Long,Commercial Investigation,50,N/A,N/A,N/A,Planner (Thấp),data/google_planner/ha-long/Keyword Stats 2026-02-22 at 22_21_22.csv,Viết bài top-list/so sánh; map vào cluster hub; bổ sung schema + ảnh/UGC,B,75.0,0%,0
khách sạn new sun bãi cháy,Khách sạn Bãi Cháy,Lưu trú,In-scope Hạ Long,Commercial Investigation,50,N/A,N/A,N/A,Planner (Không xác định),data/google_planner/ha-long/Keyword Stats 2026-02-22 at 22_21_22.csv,Viết bài top-list/so sánh; map vào cluster hub; bổ sung schema + ảnh/UGC,B,75.0,-100.0%,0
khách sạn ngọc lan bãi cháy,Khách sạn Bãi Cháy,Lưu trú,In-scope Hạ Long,Commercial Investigation,50,N/A,N/A,N/A,Planner (Thấp),data/google_planner/ha-long/Keyword Stats 2026-02-22 at 22_21_22.csv,Viết bài top-list/so sánh; map vào cluster hub; bổ sung schema + ảnh/UGC,B,75.0,0%,0
khách sạn ngọc mai bãi cháy,Khách sạn Bãi Cháy,Lưu trú,In-scope Hạ Long,Commercial Investigation,50,N/A,N/A,N/A,Planner (Không xác định),data/google_planner/ha-long/Keyword Stats 2026-02-22 at 22_21_22.csv,Viết bài top-list/so sánh; map vào cluster hub; bổ sung schema + ảnh/UGC,B,75.0,0%,0
khách sạn ngọc ánh dương bãi cháy,Khách sạn Bãi Cháy,Lưu trú,In-scope Hạ Long,Commercial Investigation,50,N/A,N/A,N/A,Planner (Không xác định),data/google_planner/ha-long/Keyword Stats 2026-02-22 at 22_21_22.csv,Viết bài top-list/so sánh; map vào cluster hub; bổ sung schema + ảnh/UGC,B,75.0,-100.0%,0
khách sạn novotel bãi cháy,Khách sạn Bãi Cháy,Lưu trú,In-scope Hạ Long,Commercial Investigation,50,N/A,N/A,N/A,Planner (Thấp),data/google_planner/ha-long/Keyword Stats 2026-02-22 at 22_21_22.csv,Viết bài top-list/so sánh; map vào cluster hub; bổ sung schema + ảnh/UGC,B,75.0,0%,0
khách sạn paradise bãi cháy,Khách sạn Bãi Cháy,Lưu trú,In-scope Hạ Long,Commercial Investigation,50,N/A,N/A,N/A,Planner (Không xác định),data/google_planner/ha-long/Keyword Stats 2026-02-22 at 22_21_22.csv,Viết bài top-list/so sánh; map vào cluster hub; bổ sung schema + ảnh/UGC,B,75.0,-100.0%,0
khách sạn paris bãi cháy,Khách sạn Bãi Cháy,Lưu trú,In-scope Hạ Long,Commercial Investigation,50,N/A,N/A,N/A,Planner (Thấp),data/google_planner/ha-long/Keyword Stats 2026-02-22 at 22_21_22.csv,Viết bài top-list/so sánh; map vào cluster hub; bổ sung schema + ảnh/UGC,B,75.0,0%,0
khách sạn phoenix bãi cháy,Khách sạn Bãi Cháy,Lưu trú,In-scope Hạ Long,Commercial Investigation,50,N/A,N/A,N/A,Planner (Trung bình),data/google_planner/ha-long/Keyword Stats 2026-02-22 at 22_21_22.csv,Viết bài top-list/so sánh; map vào cluster hub; bổ sung schema + ảnh/UGC,B,75.0,0%,0
khách sạn phát linh bãi cháy,Khách sạn Bãi Cháy,Lưu trú,In-scope Hạ Long,Commercial Investigation,50,N/A,N/A,N/A,Planner (Không xác định),data/google_planner/ha-long/Keyword Stats 2026-02-22 at 22_21_22.csv,Viết bài top-list/so sánh; map vào cluster hub; bổ sung schema + ảnh/UGC,B,75.0,-100.0%,0
khách sạn phương huy bãi cháy,Khách sạn Bãi Cháy,Lưu trú,In-scope Hạ Long,Commercial Investigation,50,N/A,N/A,N/A,Planner (Thấp),data/google_planner/ha-long/Keyword Stats 2026-02-22 at 22_21_22.csv,Viết bài top-list/so sánh; map vào cluster hub; bổ sung schema + ảnh/UGC,B,75.0,0%,0
khách sạn phương trang bãi cháy,Khách sạn Bãi Cháy,Lưu trú,In-scope Hạ Long,Commercial Investigation,50,N/A,N/A,N/A,Planner (Không xác định),data/google_planner/ha-long/Keyword Stats 2026-02-22 at 22_21_22.csv,Viết bài top-list/so sánh; map vào cluster hub; bổ sung schema + ảnh/UGC,B,75.0,0%,0
khách sạn plaza bãi cháy,Khách sạn Bãi Cháy,Lưu trú,In-scope Hạ Long,Commercial Investigation,50,N/A,N/A,N/A,Planner (Thấp),data/google_planner/ha-long/Keyword Stats 2026-02-22 at 22_21_22.csv,Viết bài top-list/so sánh; map vào cluster hub; bổ sung schema + ảnh/UGC,B,75.0,0%,0
khách sạn pusan bãi cháy,Khách sạn Bãi Cháy,Lưu trú,In-scope Hạ Long,Commercial Investigation,50,N/A,N/A,N/A,Planner (Không xác định),data/google_planner/ha-long/Keyword Stats 2026-02-22 at 22_21_22.csv,Viết bài top-list/so sánh; map vào cluster hub; bổ sung schema + ảnh/UGC,B,75.0,-100.0%,0
khách sạn relax bãi cháy,Khách sạn Bãi Cháy,Lưu trú,In-scope Hạ Long,Commercial Investigation,50,N/A,N/A,N/A,Planner (Thấp),data/google_planner/ha-long/Keyword Stats 2026-02-22 at 22_21_22.csv,Viết bài top-list/so sánh; map vào cluster hub; bổ sung schema + ảnh/UGC,B,75.0,0%,0
khách sạn royal bãi cháy,Khách sạn Bãi Cháy,Lưu trú,In-scope Hạ Long,Commercial Investigation,50,N/A,N/A,N/A,Planner (Thấp),data/google_planner/ha-long/Keyword Stats 2026-02-22 at 22_21_22.csv,Viết bài top-list/so sánh; map vào cluster hub; bổ sung schema + ảnh/UGC,B,75.0,0%,0
khách sạn royal lotus bãi cháy,Khách sạn Bãi Cháy,Lưu trú,In-scope Hạ Long,Commercial Investigation,50,N/A,N/A,N/A,Planner (Thấp),data/google_planner/ha-long/Keyword Stats 2026-02-22 at 22_21_22.csv,Viết bài top-list/so sánh; map vào cluster hub; bổ sung schema + ảnh/UGC,B,75.0,0%,0
khách sạn ruby bãi cháy,Khách sạn Bãi Cháy,Lưu trú,In-scope Hạ Long,Commercial Investigation,50,N/A,N/A,N/A,Planner (Thấp),data/google_planner/ha-long/Keyword Stats 2026-02-22 at 22_21_22.csv,Viết bài top-list/so sánh; map vào cluster hub; bổ sung schema + ảnh/UGC,B,75.0,0%,0
khách sạn sea star bãi cháy,Khách sạn Bãi Cháy,Lưu trú,In-scope Hạ Long,Commercial Investigation,50,N/A,N/A,N/A,Planner (Không xác định),data/google_planner/ha-long/Keyword Stats 2026-02-22 at 22_21_22.csv,Viết bài top-list/so sánh; map vào cluster hub; bổ sung schema + ảnh/UGC,B,75.0,-100.0%,0
khách sạn select bãi cháy,Khách sạn Bãi Cháy,Lưu trú,In-scope Hạ Long,Commercial Investigation,50,N/A,N/A,N/A,Planner (Thấp),data/google_planner/ha-long/Keyword Stats 2026-02-22 at 22_21_22.csv,Viết bài top-list/so sánh; map vào cluster hub; bổ sung schema + ảnh/UGC,B,75.0,0%,0
khách sạn sen hồng bãi cháy,Khách sạn Bãi Cháy,Lưu trú,In-scope Hạ Long,Commercial Investigation,50,N/A,N/A,N/A,Planner (Không xác định),data/google_planner/ha-long/Keyword Stats 2026-02-22 at 22_21_22.csv,Viết bài top-list/so sánh; map vào cluster hub; bổ sung schema + ảnh/UGC,B,75.0,0%,0
khách sạn sen vàng bãi cháy,Khách sạn Bãi Cháy,Lưu trú,In-scope Hạ Long,Commercial Investigation,50,N/A,N/A,N/A,Planner (Thấp),data/google_planner/ha-long/Keyword Stats 2026-02-22 at 22_21_22.csv,Viết bài top-list/so sánh; map vào cluster hub; bổ sung schema + ảnh/UGC,B,75.0,0%,0
khách sạn sol bãi cháy,Khách sạn Bãi Cháy,Lưu trú,In-scope Hạ Long,Commercial Investigation,50,N/A,N/A,N/A,Planner (Trung bình),data/google_planner/ha-long/Keyword Stats 2026-02-22 at 22_21_22.csv,Viết bài top-list/so sánh; map vào cluster hub; bổ sung schema + ảnh/UGC,B,75.0,0%,0
khách sạn song lộc bãi cháy,Khách sạn Bãi Cháy,Lưu trú,In-scope Hạ Long,Commercial Investigation,50,N/A,N/A,N/A,Planner (Thấp),data/google_planner/ha-long/Keyword Stats 2026-02-22 at 22_21_22.csv,Viết bài top-list/so sánh; map vào cluster hub; bổ sung schema + ảnh/UGC,B,75.0,0%,0
khách sạn starcity bãi cháy,Khách sạn Bãi Cháy,Lưu trú,In-scope Hạ Long,Commercial Investigation,50,N/A,N/A,N/A,Planner (Thấp),data/google_planner/ha-long/Keyword Stats 2026-02-22 at 22_21_22.csv,Viết bài top-list/so sánh; map vào cluster hub; bổ sung schema + ảnh/UGC,B,75.0,0%,0
khách sạn starlight bãi cháy,Khách sạn Bãi Cháy,Lưu trú,In-scope Hạ Long,Commercial Investigation,50,N/A,N/A,N/A,Planner (Không xác định),data/google_planner/ha-long/Keyword Stats 2026-02-22 at 22_21_22.csv,Viết bài top-list/so sánh; map vào cluster hub; bổ sung schema + ảnh/UGC,B,75.0,0%,0
khách sạn sun queen bãi cháy,Khách sạn Bãi Cháy,Lưu trú,In-scope Hạ Long,Commercial Investigation,50,N/A,N/A,N/A,Planner (Thấp),data/google_planner/ha-long/Keyword Stats 2026-02-22 at 22_21_22.csv,Viết bài top-list/so sánh; map vào cluster hub; bổ sung schema + ảnh/UGC,B,75.0,0%,0
khách sạn sài gòn bãi cháy,Khách sạn Bãi Cháy,Lưu trú,In-scope Hạ Long,Commercial Investigation,50,N/A,N/A,N/A,Planner (Thấp),data/google_planner/ha-long/Keyword Stats 2026-02-22 at 22_21_22.csv,Viết bài top-list/so sánh; map vào cluster hub; bổ sung schema + ảnh/UGC,B,75.0,0%,0
khách sạn sát biển bãi cháy,Khách sạn Bãi Cháy,Lưu trú,In-scope Hạ Long,Commercial Investigation,50,N/A,N/A,N/A,Planner (Cao),data/google_planner/ha-long/Keyword Stats 2026-02-22 at 22_21_22.csv,Viết bài top-list/so sánh; map vào cluster hub; bổ sung schema + ảnh/UGC,B,75.0,0%,0
khách sạn sơn dương bãi cháy,Khách sạn Bãi Cháy,Lưu trú,In-scope Hạ Long,Commercial Investigation,50,N/A,N/A,N/A,Planner (Thấp),data/google_planner/ha-long/Keyword Stats 2026-02-22 at 22_21_22.csv,Viết bài top-list/so sánh; map vào cluster hub; bổ sung schema + ảnh/UGC,B,75.0,0%,0
khách sạn the light bãi cháy,Khách sạn Bãi Cháy,Lưu trú,In-scope Hạ Long,Commercial Investigation,50,N/A,N/A,N/A,Planner (Không xác định),data/google_planner/ha-long/Keyword Stats 2026-02-22 at 22_21_22.csv,Viết bài top-list/so sánh; map vào cluster hub; bổ sung schema + ảnh/UGC,B,75.0,0%,0
khách sạn thiên thạch bãi cháy,Khách sạn Bãi Cháy,Lưu trú,In-scope Hạ Long,Commercial Investigation,50,N/A,N/A,N/A,Planner (Không xác định),data/google_planner/ha-long/Keyword Stats 2026-02-22 at 22_21_22.csv,Viết bài top-list/so sánh; map vào cluster hub; bổ sung schema + ảnh/UGC,B,75.0,0%,0
khách sạn thuỷ triều bãi cháy,Khách sạn Bãi Cháy,Lưu trú,In-scope Hạ Long,Commercial Investigation,50,N/A,N/A,N/A,Planner (Không xác định),data/google_planner/ha-long/Keyword Stats 2026-02-22 at 22_21_22.csv,Viết bài top-list/so sánh; map vào cluster hub; bổ sung schema + ảnh/UGC,B,75.0,0%,0
khách sạn thái hà boutique bãi cháy,Khách sạn Bãi Cháy,Lưu trú,In-scope Hạ Long,Commercial Investigation,50,N/A,N/A,N/A,Planner (Cao),data/google_planner/ha-long/Keyword Stats 2026-02-22 at 22_21_22.csv,Viết bài top-list/so sánh; map vào cluster hub; bổ sung schema + ảnh/UGC,B,75.0,0%,0
khách sạn thái hà bãi cháy,Khách sạn Bãi Cháy,Lưu trú,In-scope Hạ Long,Commercial Investigation,50,N/A,N/A,N/A,Planner (Thấp),data/google_planner/ha-long/Keyword Stats 2026-02-22 at 22_21_22.csv,Viết bài top-list/so sánh; map vào cluster hub; bổ sung schema + ảnh/UGC,B,75.0,0%,0
khách sạn thái sơn bãi cháy,Khách sạn Bãi Cháy,Lưu trú,In-scope Hạ Long,Commercial Investigation,50,N/A,N/A,N/A,Planner (Thấp),data/google_planner/ha-long/Keyword Stats 2026-02-22 at 22_21_22.csv,Viết bài top-list/so sánh; map vào cluster hub; bổ sung schema + ảnh/UGC,B,75.0,0%,0
khách sạn thống nhất bãi cháy,Khách sạn Bãi Cháy,Lưu trú,In-scope Hạ Long,Commercial Investigation,50,N/A,N/A,N/A,Planner (Trung bình),data/google_planner/ha-long/Keyword Stats 2026-02-22 at 22_21_22.csv,Viết bài top-list/so sánh; map vào cluster hub; bổ sung schema + ảnh/UGC,B,75.0,0%,0
khách sạn tiên long bãi cháy,Khách sạn Bãi Cháy,Lưu trú,In-scope Hạ Long,Commercial Investigation,50,N/A,N/A,N/A,Planner (Trung bình),data/google_planner/ha-long/Keyword Stats 2026-02-22 at 22_21_22.csv,Viết bài top-list/so sánh; map vào cluster hub; bổ sung schema + ảnh/UGC,B,75.0,0%,0
khách sạn trung kiên bãi cháy,Khách sạn Bãi Cháy,Lưu trú,In-scope Hạ Long,Commercial Investigation,50,N/A,N/A,N/A,Planner (Không xác định),data/google_planner/ha-long/Keyword Stats 2026-02-22 at 22_21_22.csv,Viết bài top-list/so sánh; map vào cluster hub; bổ sung schema + ảnh/UGC,B,75.0,-100.0%,0
khách sạn trung tâm bãi cháy,Khách sạn Bãi Cháy,Lưu trú,In-scope Hạ Long,Commercial Investigation,50,N/A,N/A,N/A,Planner (Cao),data/google_planner/ha-long/Keyword Stats 2026-02-22 at 22_21_22.csv,Viết bài top-list/so sánh; map vào cluster hub; bổ sung schema + ảnh/UGC,B,75.0,0%,0
khách sạn trường giang bãi cháy,Khách sạn Bãi Cháy,Lưu trú,In-scope Hạ Long,Commercial Investigation,50,N/A,N/A,N/A,Planner (Thấp),data/google_planner/ha-long/Keyword Stats 2026-02-22 at 22_21_22.csv,Viết bài top-list/so sánh; map vào cluster hub; bổ sung schema + ảnh/UGC,B,75.0,0%,0
khách sạn trần đạt bãi cháy,Khách sạn Bãi Cháy,Lưu trú,In-scope Hạ Long,Commercial Investigation,50,N/A,N/A,N/A,Planner (Cao),data/google_planner/ha-long/Keyword Stats 2026-02-22 at 22_21_22.csv,Viết bài top-list/so sánh; map vào cluster hub; bổ sung schema + ảnh/UGC,B,75.0,0%,0
khách sạn tùng anh bãi cháy,Khách sạn Bãi Cháy,Lưu trú,In-scope Hạ Long,Commercial Investigation,50,N/A,N/A,N/A,Planner (Không xác định),data/google_planner/ha-long/Keyword Stats 2026-02-22 at 22_21_22.csv,Viết bài top-list/so sánh; map vào cluster hub; bổ sung schema + ảnh/UGC,B,75.0,0%,0
khách sạn tại vườn đào bãi cháy,Khách sạn Bãi Cháy,Lưu trú,In-scope Hạ Long,Commercial Investigation,50,N/A,N/A,N/A,Planner (Không xác định),data/google_planner/ha-long/Keyword Stats 2026-02-22 at 22_21_22.csv,Viết bài top-list/so sánh; map vào cluster hub; bổ sung schema + ảnh/UGC,B,75.0,0%,0
khách sạn tốt ở bãi cháy,Khách sạn Bãi Cháy,Lưu trú,In-scope Hạ Long,Commercial Investigation,50,N/A,N/A,N/A,Planner (Cao),data/google_planner/ha-long/Keyword Stats 2026-02-22 at 22_21_22.csv,Viết bài top-list/so sánh; map vào cluster hub; bổ sung schema + ảnh/UGC,B,75.0,0%,0
khách sạn victory luxury bãi cháy,Khách sạn Bãi Cháy,Lưu trú,In-scope Hạ Long,Commercial Investigation,50,N/A,N/A,N/A,Planner (Thấp),data/google_planner/ha-long/Keyword Stats 2026-02-22 at 22_21_22.csv,Viết bài top-list/so sánh; map vào cluster hub; bổ sung schema + ảnh/UGC,B,75.0,0%,0
khách sạn vincent bãi cháy,Khách sạn Bãi Cháy,Lưu trú,In-scope Hạ Long,Commercial Investigation,50,N/A,N/A,N/A,Planner (Thấp),data/google_planner/ha-long/Keyword Stats 2026-02-22 at 22_21_22.csv,Viết bài top-list/so sánh; map vào cluster hub; bổ sung schema + ảnh/UGC,B,75.0,0%,0
khách sạn vinpearl bãi cháy,Khách sạn Bãi Cháy,Lưu trú,In-scope Hạ Long,Commercial Investigation,50,N/A,N/A,N/A,Planner (Thấp),data/google_planner/ha-long/Keyword Stats 2026-02-22 at 22_21_22.csv,Viết bài top-list/so sánh; map vào cluster hub; bổ sung schema + ảnh/UGC,B,75.0,0%,0
khách sạn việt nhật bãi cháy,Khách sạn Bãi Cháy,Lưu trú,In-scope Hạ Long,Commercial Investigation,50,N/A,N/A,N/A,Planner (Không xác định),data/google_planner/ha-long/Keyword Stats 2026-02-22 at 22_21_22.csv,Viết bài top-list/so sánh; map vào cluster hub; bổ sung schema + ảnh/UGC,B,75.0,0%,0
khách sạn vân hải bãi cháy,Khách sạn Bãi Cháy,Lưu trú,In-scope Hạ Long,Commercial Investigation,50,N/A,N/A,N/A,Planner (Thấp),data/google_planner/ha-long/Keyword Stats 2026-02-22 at 22_21_22.csv,Viết bài top-list/so sánh; map vào cluster hub; bổ sung schema + ảnh/UGC,B,75.0,0%,0
khách sạn vườn đào bãi cháy,Khách sạn Bãi Cháy,Lưu trú,In-scope Hạ Long,Commercial Investigation,50,N/A,N/A,N/A,Planner (Thấp),data/google_planner/ha-long/Keyword Stats 2026-02-22 at 22_21_22.csv,Viết bài top-list/so sánh; map vào cluster hub; bổ sung schema + ảnh/UGC,B,75.0,0%,0
khách sạn vạn lý bãi cháy,Khách sạn Bãi Cháy,Lưu trú,In-scope Hạ Long,Commercial Investigation,50,N/A,N/A,N/A,Planner (Không xác định),data/google_planner/ha-long/Keyword Stats 2026-02-22 at 22_21_22.csv,Viết bài top-list/so sánh; map vào cluster hub; bổ sung schema + ảnh/UGC,B,75.0,0%,0
khách sạn white crown bãi cháy,Khách sạn Bãi Cháy,Lưu trú,In-scope Hạ Long,Commercial Investigation,50,N/A,N/A,N/A,Planner (Cao),data/google_planner/ha-long/Keyword Stats 2026-02-22 at 22_21_22.csv,Viết bài top-list/so sánh; map vào cluster hub; bổ sung schema + ảnh/UGC,B,75.0,0%,0
khách sạn wyndham bãi cháy,Khách sạn Bãi Cháy,Lưu trú,In-scope Hạ Long,Commercial Investigation,50,N/A,N/A,N/A,Planner (Thấp),data/google_planner/ha-long/Keyword Stats 2026-02-22 at 22_21_22.csv,Viết bài top-list/so sánh; map vào cluster hub; bổ sung schema + ảnh/UGC,B,75.0,0%,0
khách sạn xuân hinh bãi cháy,Khách sạn Bãi Cháy,Lưu trú,In-scope Hạ Long,Commercial Investigation,50,N/A,N/A,N/A,Planner (Không xác định),data/google_planner/ha-long/Keyword Stats 2026-02-22 at 22_21_22.csv,Viết bài top-list/so sánh; map vào cluster hub; bổ sung schema + ảnh/UGC,B,75.0,-100.0%,0
khách sạn âu lạc bãi cháy,Khách sạn Bãi Cháy,Lưu trú,In-scope Hạ Long,Commercial Investigation,50,N/A,N/A,N/A,Planner (Thấp),data/google_planner/ha-long/Keyword Stats 2026-02-22 at 22_21_22.csv,Viết bài top-list/so sánh; map vào cluster hub; bổ sung schema + ảnh/UGC,B,75.0,0%,0
khách sạn đường hậu cần bãi cháy,Khách sạn Bãi Cháy,Lưu trú,In-scope Hạ Long,Commercial Investigation,50,N/A,N/A,N/A,Planner (Không xác định),data/google_planner/ha-long/Keyword Stats 2026-02-22 at 22_21_22.csv,Viết bài top-list/so sánh; map vào cluster hub; bổ sung schema + ảnh/UGC,B,75.0,0%,0
khách sạn đường vườn đào bãi cháy,Khách sạn Bãi Cháy,Lưu trú,In-scope Hạ Long,Commercial Investigation,50,N/A,N/A,N/A,Planner (Không xác định),data/google_planner/ha-long/Keyword Stats 2026-02-22 at 22_21_22.csv,Viết bài top-list/so sánh; map vào cluster hub; bổ sung schema + ảnh/UGC,B,75.0,0%,0
khách sạn đại lộc bãi cháy,Khách sạn Bãi Cháy,Lưu trú,In-scope Hạ Long,Commercial Investigation,50,N/A,N/A,N/A,Planner (Thấp),data/google_planner/ha-long/Keyword Stats 2026-02-22 at 22_21_22.csv,Viết bài top-list/so sánh; map vào cluster hub; bổ sung schema + ảnh/UGC,B,75.0,0%,0
khách sạn đất phương nam bãi cháy,Khách sạn Bãi Cháy,Lưu trú,In-scope Hạ Long,Commercial Investigation,50,N/A,N/A,N/A,Planner (Không xác định),data/google_planner/ha-long/Keyword Stats 2026-02-22 at 22_21_22.csv,Viết bài top-list/so sánh; map vào cluster hub; bổ sung schema + ảnh/UGC,B,75.0,-100.0%,0
khách sạn đẹp bãi cháy,Khách sạn Bãi Cháy,Lưu trú,In-scope Hạ Long,Commercial Investigation,50,N/A,N/A,N/A,Planner (Trung bình),data/google_planner/ha-long/Keyword Stats 2026-02-22 at 22_21_22.csv,Viết bài top-list/so sánh; map vào cluster hub; bổ sung schema + ảnh/UGC,B,75.0,0%,0
khách sạn đẹp ở bãi cháy,Khách sạn Bãi Cháy,Lưu trú,In-scope Hạ Long,Commercial Investigation,50,N/A,N/A,N/A,Planner (Không xác định),data/google_planner/ha-long/Keyword Stats 2026-02-22 at 22_21_22.csv,Viết bài top-list/so sánh; map vào cluster hub; bổ sung schema + ảnh/UGC,B,75.0,-100.0%,0
khách sạn đức hạnh bãi cháy,Khách sạn Bãi Cháy,Lưu trú,In-scope Hạ Long,Commercial Investigation,50,N/A,N/A,N/A,Planner (Không xác định),data/google_planner/ha-long/Keyword Stats 2026-02-22 at 22_21_22.csv,Viết bài top-list/so sánh; map vào cluster hub; bổ sung schema + ảnh/UGC,B,75.0,0%,0
khách sạn ở bãi cháy có bể bơi,Khách sạn Bãi Cháy,Lưu trú,In-scope Hạ Long,Commercial Investigation,50,N/A,N/A,N/A,Planner (Không xác định),data/google_planner/ha-long/Keyword Stats 2026-02-22 at 22_21_22.csv,Viết bài top-list/so sánh; map vào cluster hub; bổ sung schema + ảnh/UGC,B,75.0,0%,0
khách sạn ở khu vườn đào bãi cháy,Khách sạn Bãi Cháy,Lưu trú,In-scope Hạ Long,Commercial Investigation,50,N/A,N/A,N/A,Planner (Không xác định),data/google_planner/ha-long/Keyword Stats 2026-02-22 at 22_21_22.csv,Viết bài top-list/so sánh; map vào cluster hub; bổ sung schema + ảnh/UGC,B,75.0,0%,0
khách sạn ở vườn đào bãi cháy,Khách sạn Bãi Cháy,Lưu trú,In-scope Hạ Long,Commercial Investigation,50,N/A,N/A,N/A,Planner (Cao),data/google_planner/ha-long/Keyword Stats 2026-02-22 at 22_21_22.csv,Viết bài top-list/so sánh; map vào cluster hub; bổ sung schema + ảnh/UGC,B,75.0,0%,0
lavender bai chay halong hotel,Khách sạn Bãi Cháy,Lưu trú,In-scope Hạ Long,Commercial Investigation,50,N/A,N/A,N/A,Planner (Cao),data/google_planner/ha-long/Keyword Stats 2026-02-22 at 22_21_22.csv,Viết bài top-list/so sánh; map vào cluster hub; bổ sung schema + ảnh/UGC,B,75.0,0%,0
marina hotel bãi cháy,Khách sạn Bãi Cháy,Lưu trú,In-scope Hạ Long,Commercial Investigation,50,N/A,N/A,N/A,Planner (Không xác định),data/google_planner/ha-long/Keyword Stats 2026-02-22 at 22_21_22.csv,Viết bài top-list/so sánh; map vào cluster hub; bổ sung schema + ảnh/UGC,B,75.0,-100.0%,0
may house hotel bãi cháy,Khách sạn Bãi Cháy,Lưu trú,In-scope Hạ Long,Commercial Investigation,50,N/A,N/A,N/A,Planner (Không xác định),data/google_planner/ha-long/Keyword Stats 2026-02-22 at 22_21_22.csv,Viết bài top-list/so sánh; map vào cluster hub; bổ sung schema + ảnh/UGC,B,75.0,0%,0
moon hotel bãi cháy,Khách sạn Bãi Cháy,Lưu trú,In-scope Hạ Long,Commercial Investigation,50,N/A,N/A,N/A,Planner (Không xác định),data/google_planner/ha-long/Keyword Stats 2026-02-22 at 22_21_22.csv,Viết bài top-list/so sánh; map vào cluster hub; bổ sung schema + ảnh/UGC,B,75.0,-100.0%,0
mường thanh grand bãi cháy hotel,Khách sạn Bãi Cháy,Lưu trú,In-scope Hạ Long,Commercial Investigation,50,N/A,N/A,N/A,Planner (Trung bình),data/google_planner/ha-long/Keyword Stats 2026-02-22 at 22_21_22.csv,Viết bài top-list/so sánh; map vào cluster hub; bổ sung schema + ảnh/UGC,B,75.0,0%,0
nam sơn hotel bãi cháy,Khách sạn Bãi Cháy,Lưu trú,In-scope Hạ Long,Commercial Investigation,50,N/A,N/A,N/A,Planner (Thấp),data/google_planner/ha-long/Keyword Stats 2026-02-22 at 22_21_22.csv,Viết bài top-list/so sánh; map vào cluster hub; bổ sung schema + ảnh/UGC,B,75.0,0%,0
ngọc mai hotel bãi cháy,Khách sạn Bãi Cháy,Lưu trú,In-scope Hạ Long,Commercial Investigation,50,N/A,N/A,N/A,Planner (Không xác định),data/google_planner/ha-long/Keyword Stats 2026-02-22 at 22_21_22.csv,Viết bài top-list/so sánh; map vào cluster hub; bổ sung schema + ảnh/UGC,B,75.0,0%,0
paris hotel bãi cháy,Khách sạn Bãi Cháy,Lưu trú,In-scope Hạ Long,Commercial Investigation,50,N/A,N/A,N/A,Planner (Thấp),data/google_planner/ha-long/Keyword Stats 2026-02-22 at 22_21_22.csv,Viết bài top-list/so sánh; map vào cluster hub; bổ sung schema + ảnh/UGC,B,75.0,0%,0
resort tại bãi cháy,Khách sạn Bãi Cháy,Lưu trú,In-scope Hạ Long,Commercial Investigation,50,N/A,N/A,N/A,Planner (Không xác định),data/google_planner/ha-long/Keyword Stats 2026-02-22 at 22_21_22.csv,Viết bài top-list/so sánh; map vào cluster hub; bổ sung schema + ảnh/UGC,B,75.0,0%,0
resort ở bãi cháy,Khách sạn Bãi Cháy,Lưu trú,In-scope Hạ Long,Commercial Investigation,50,N/A,N/A,N/A,Planner (Không xác định),data/google_planner/ha-long/Keyword Stats 2026-02-22 at 22_21_22.csv,Viết bài top-list/so sánh; map vào cluster hub; bổ sung schema + ảnh/UGC,B,75.0,-100.0%,0
the light hotel bãi cháy,Khách sạn Bãi Cháy,Lưu trú,In-scope Hạ Long,Commercial Investigation,50,N/A,N/A,N/A,Planner (Trung bình),data/google_planner/ha-long/Keyword Stats 2026-02-22 at 22_21_22.csv,Viết bài top-list/so sánh; map vào cluster hub; bổ sung schema + ảnh/UGC,B,75.0,0%,0
thái hà hotel bãi cháy,Khách sạn Bãi Cháy,Lưu trú,In-scope Hạ Long,Commercial Investigation,50,N/A,N/A,N/A,Planner (Trung bình),data/google_planner/ha-long/Keyword Stats 2026-02-22 at 22_21_22.csv,Viết bài top-list/so sánh; map vào cluster hub; bổ sung schema + ảnh/UGC,B,75.0,0%,0
thăng long hotel bãi cháy,Khách sạn Bãi Cháy,Lưu trú,In-scope Hạ Long,Commercial Investigation,50,N/A,N/A,N/A,Planner (Không xác định),data/google_planner/ha-long/Keyword Stats 2026-02-22 at 22_21_22.csv,Viết bài top-list/so sánh; map vào cluster hub; bổ sung schema + ảnh/UGC,B,75.0,-100.0%,0
tìm khách sạn bãi cháy,Khách sạn Bãi Cháy,Lưu trú,In-scope Hạ Long,Commercial Investigation,50,N/A,N/A,N/A,Planner (Không xác định),data/google_planner/ha-long/Keyword Stats 2026-02-22 at 22_21_22.csv,Viết bài top-list/so sánh; map vào cluster hub; bổ sung schema + ảnh/UGC,B,75.0,0%,0
tìm khách sạn tại bãi cháy,Khách sạn Bãi Cháy,Lưu trú,In-scope Hạ Long,Commercial Investigation,50,N/A,N/A,N/A,Planner (Cao),data/google_planner/ha-long/Keyword Stats 2026-02-22 at 22_21_22.csv,Viết bài top-list/so sánh; map vào cluster hub; bổ sung schema + ảnh/UGC,B,75.0,0%,0
victory luxury hotel bãi cháy,Khách sạn Bãi Cháy,Lưu trú,In-scope Hạ Long,Commercial Investigation,50,N/A,N/A,N/A,Planner (Không xác định),data/google_planner/ha-long/Keyword Stats 2026-02-22 at 22_21_22.csv,Viết bài top-list/so sánh; map vào cluster hub; bổ sung schema + ảnh/UGC,B,75.0,0%,0
white crown hotel bãi cháy,Khách sạn Bãi Cháy,Lưu trú,In-scope Hạ Long,Commercial Investigation,50,N/A,N/A,N/A,Planner (Không xác định),data/google_planner/ha-long/Keyword Stats 2026-02-22 at 22_21_22.csv,Viết bài top-list/so sánh; map vào cluster hub; bổ sung schema + ảnh/UGC,B,75.0,0%,0
đặt khách sạn tại bãi cháy,Khách sạn Bãi Cháy,Lưu trú,In-scope Hạ Long,Commercial Investigation,50,N/A,N/A,N/A,Planner (Cao),data/google_planner/ha-long/Keyword Stats 2026-02-22 at 22_21_22.csv,Viết bài top-list/so sánh; map vào cluster hub; bổ sung schema + ảnh/UGC,B,75.0,0%,0
đặt khách sạn ở bãi cháy,Khách sạn Bãi Cháy,Lưu trú,In-scope Hạ Long,Commercial Investigation,50,N/A,N/A,N/A,Planner (Cao),data/google_planner/ha-long/Keyword Stats 2026-02-22 at 22_21_22.csv,Viết bài top-list/so sánh; map vào cluster hub; bổ sung schema + ảnh/UGC,B,75.0,0%,0
đặt phòng khách sạn bãi cháy hạ long,Khách sạn Bãi Cháy,Lưu trú,In-scope Hạ Long,Commercial Investigation,50,N/A,N/A,N/A,Planner (Cao),data/google_planner/ha-long/Keyword Stats 2026-02-22 at 22_21_22.csv,Viết bài top-list/so sánh; map vào cluster hub; bổ sung schema + ảnh/UGC,B,75.0,0%,0
đặt phòng khách sạn mường thanh bãi cháy,Khách sạn Bãi Cháy,Lưu trú,In-scope Hạ Long,Commercial Investigation,50,N/A,N/A,N/A,Planner (Cao),data/google_planner/ha-long/Keyword Stats 2026-02-22 at 22_21_22.csv,Viết bài top-list/so sánh; map vào cluster hub; bổ sung schema + ảnh/UGC,B,75.0,0%,0
đặt phòng khách sạn ở bãi cháy,Khách sạn Bãi Cháy,Lưu trú,In-scope Hạ Long,Commercial Investigation,50,N/A,N/A,N/A,Planner (Cao),data/google_planner/ha-long/Keyword Stats 2026-02-22 at 22_21_22.csv,Viết bài top-list/so sánh; map vào cluster hub; bổ sung schema + ảnh/UGC,B,75.0,0%,0
địa chỉ khách sạn mường thanh bãi cháy,Khách sạn Bãi Cháy,Lưu trú,In-scope Hạ Long,Commercial Investigation,50,N/A,N/A,N/A,Planner (Trung bình),data/google_planner/ha-long/Keyword Stats 2026-02-22 at 22_21_22.csv,Viết bài top-list/so sánh; map vào cluster hub; bổ sung schema + ảnh/UGC,B,75.0,0%,0
khách sạn louis hạ long,Khách sạn Hạ Long,Lưu trú,In-scope Hạ Long,Transaction,N/A,2393,346,14.46%,N/A (N/A),data/google_search_console/Queries.csv,"Tối ưu landing (CTA/giá/FAQ), cải thiện snippet để tăng CTR; internal link từ hub 'Hạ Long'",A,346.0,N/A,N/A
louis hotel hạ long,Khách sạn Hạ Long,Lưu trú,In-scope Hạ Long,Transaction,N/A,1658,195,11.76%,N/A (N/A),data/google_search_console/Queries.csv,"Tối ưu landing (CTA/giá/FAQ), cải thiện snippet để tăng CTR; internal link từ hub 'Hạ Long'",A,195.0,N/A,N/A
khách sạn bưu điện hạ long,Khách sạn Hạ Long,Lưu trú,In-scope Hạ Long,Transaction,N/A,2658,147,5.53%,N/A (N/A),data/google_search_console/Queries.csv,"Tối ưu landing (CTA/giá/FAQ), cải thiện snippet để tăng CTR; internal link từ hub 'Hạ Long'",A,147.0,N/A,N/A
khách sạn thành công hạ long,Khách sạn Hạ Long,Lưu trú,In-scope Hạ Long,Transaction,N/A,1754,95,5.42%,N/A (N/A),data/google_search_console/Queries.csv,"Tối ưu landing (CTA/giá/FAQ), cải thiện snippet để tăng CTR; internal link từ hub 'Hạ Long'",A,95.0,N/A,N/A
khách sạn victory luxury hạ long,Khách sạn Hạ Long,Lưu trú,In-scope Hạ Long,Transaction,N/A,1608,65,4.04%,N/A (N/A),data/google_search_console/Queries.csv,"Tối ưu landing (CTA/giá/FAQ), cải thiện snippet để tăng CTR; internal link từ hub 'Hạ Long'",A,65.0,N/A,N/A
victory luxury hạ long hotel,Khách sạn Hạ Long,Lưu trú,In-scope Hạ Long,Transaction,N/A,1817,51,2.81%,N/A (N/A),data/google_search_console/Queries.csv,"Tối ưu landing (CTA/giá/FAQ), cải thiện snippet để tăng CTR; internal link từ hub 'Hạ Long'",A,51.0,N/A,N/A
aqua hotel hạ long,Khách sạn Hạ Long,Lưu trú,In-scope Hạ Long,Transaction,N/A,1225,45,3.67%,N/A (N/A),data/google_search_console/Queries.csv,"Tối ưu landing (CTA/giá/FAQ), cải thiện snippet để tăng CTR; internal link từ hub 'Hạ Long'",A,45.0,N/A,N/A
khách sạn thái hà hạ long,Khách sạn Hạ Long,Lưu trú,In-scope Hạ Long,Transaction,N/A,2165,42,1.94%,N/A (N/A),data/google_search_console/Queries.csv,"Tối ưu landing (CTA/giá/FAQ), cải thiện snippet để tăng CTR; internal link từ hub 'Hạ Long'",A,42.0,N/A,N/A
thành công hotel hạ long,Khách sạn Hạ Long,Lưu trú,In-scope Hạ Long,Transaction,N/A,891,33,3.7%,N/A (N/A),data/google_search_console/Queries.csv,"Tối ưu landing (CTA/giá/FAQ), cải thiện snippet để tăng CTR; internal link từ hub 'Hạ Long'",A,33.0,N/A,N/A
khách sạn aqua hạ long,Khách sạn Hạ Long,Lưu trú,In-scope Hạ Long,Transaction,N/A,750,26,3.47%,N/A (N/A),data/google_search_console/Queries.csv,"Tối ưu landing (CTA/giá/FAQ), cải thiện snippet để tăng CTR; internal link từ hub 'Hạ Long'",A,26.0,N/A,N/A
khách sạn bạch đằng hạ long,Khách sạn Hạ Long,Lưu trú,In-scope Hạ Long,Transaction,N/A,1745,20,1.15%,N/A (N/A),data/google_search_console/Queries.csv,"Tối ưu landing (CTA/giá/FAQ), cải thiện snippet để tăng CTR; internal link từ hub 'Hạ Long'",A,20.0,N/A,N/A
khách sạn hiền linh hạ long,Khách sạn Hạ Long,Lưu trú,In-scope Hạ Long,Transaction,N/A,152,19,12.5%,N/A (N/A),data/google_search_console/Queries.csv,"Tối ưu landing (CTA/giá/FAQ), cải thiện snippet để tăng CTR; internal link từ hub 'Hạ Long'",A,19.0,N/A,N/A
khách sạn 368 hạ long,Khách sạn Hạ Long,Lưu trú,In-scope Hạ Long,Transaction,N/A,51,19,37.25%,N/A (N/A),data/google_search_console/Queries.csv,"Tối ưu landing (CTA/giá/FAQ), cải thiện snippet để tăng CTR; internal link từ hub 'Hạ Long'",A,19.0,N/A,N/A
khách sạn 79 luxury hạ long,Khách sạn Hạ Long,Lưu trú,In-scope Hạ Long,Transaction,N/A,551,17,3.09%,N/A (N/A),data/google_search_console/Queries.csv,"Tối ưu landing (CTA/giá/FAQ), cải thiện snippet để tăng CTR; internal link từ hub 'Hạ Long'",A,17.0,N/A,N/A
khách sạn ruby queen hạ long,Khách sạn Hạ Long,Lưu trú,In-scope Hạ Long,Transaction,N/A,413,17,4.12%,N/A (N/A),data/google_search_console/Queries.csv,"Tối ưu landing (CTA/giá/FAQ), cải thiện snippet để tăng CTR; internal link từ hub 'Hạ Long'",A,17.0,N/A,N/A
sunshine hạ long hotel,Khách sạn Hạ Long,Lưu trú,In-scope Hạ Long,Transaction,N/A,568,16,2.82%,N/A (N/A),data/google_search_console/Queries.csv,"Tối ưu landing (CTA/giá/FAQ), cải thiện snippet để tăng CTR; internal link từ hub 'Hạ Long'",A,16.0,N/A,N/A
khách sạn savanna hạ long,Khách sạn Hạ Long,Lưu trú,In-scope Hạ Long,Transaction,N/A,282,15,5.32%,N/A (N/A),data/google_search_console/Queries.csv,"Tối ưu landing (CTA/giá/FAQ), cải thiện snippet để tăng CTR; internal link từ hub 'Hạ Long'",A,15.0,N/A,N/A
khách sạn king hạ long,Khách sạn Hạ Long,Lưu trú,In-scope Hạ Long,Transaction,N/A,228,15,6.58%,N/A (N/A),data/google_search_console/Queries.csv,"Tối ưu landing (CTA/giá/FAQ), cải thiện snippet để tăng CTR; internal link từ hub 'Hạ Long'",A,15.0,N/A,N/A
sun diamond hotel ha long,Khách sạn Hạ Long,Lưu trú,In-scope Hạ Long,Transaction,N/A,828,14,1.69%,N/A (N/A),data/google_search_console/Queries.csv,"Tối ưu landing (CTA/giá/FAQ), cải thiện snippet để tăng CTR; internal link từ hub 'Hạ Long'",A,14.0,N/A,N/A
khách sạn louis hotel hạ long,Khách sạn Hạ Long,Lưu trú,In-scope Hạ Long,Transaction,N/A,70,12,17.14%,N/A (N/A),data/google_search_console/Queries.csv,"Tối ưu landing (CTA/giá/FAQ), cải thiện snippet để tăng CTR; internal link từ hub 'Hạ Long'",A,12.0,N/A,N/A
khách sạn jayden hạ long,Khách sạn Hạ Long,Lưu trú,In-scope Hạ Long,Transaction,N/A,861,11,1.28%,N/A (N/A),data/google_search_console/Queries.csv,"Tối ưu landing (CTA/giá/FAQ), cải thiện snippet để tăng CTR; internal link từ hub 'Hạ Long'",A,11.0,N/A,N/A
moon hotel hạ long,Khách sạn Hạ Long,Lưu trú,In-scope Hạ Long,Transaction,N/A,200,11,5.5%,N/A (N/A),data/google_search_console/Queries.csv,"Tối ưu landing (CTA/giá/FAQ), cải thiện snippet để tăng CTR; internal link từ hub 'Hạ Long'",A,11.0,N/A,N/A
khách sạn sunshine hạ long,Khách sạn Hạ Long,Lưu trú,In-scope Hạ Long,Transaction,N/A,164,11,6.71%,N/A (N/A),data/google_search_console/Queries.csv,"Tối ưu landing (CTA/giá/FAQ), cải thiện snippet để tăng CTR; internal link từ hub 'Hạ Long'",A,11.0,N/A,N/A
silver coast hotel hạ long,Khách sạn Hạ Long,Lưu trú,In-scope Hạ Long,Transaction,N/A,156,11,7.05%,N/A (N/A),data/google_search_console/Queries.csv,"Tối ưu landing (CTA/giá/FAQ), cải thiện snippet để tăng CTR; internal link từ hub 'Hạ Long'",A,11.0,N/A,N/A
select hotel hạ long,Khách sạn Hạ Long,Lưu trú,In-scope Hạ Long,Transaction,N/A,1589,10,0.63%,N/A (N/A),data/google_search_console/Queries.csv,"Tối ưu landing (CTA/giá/FAQ), cải thiện snippet để tăng CTR; internal link từ hub 'Hạ Long'",A,10.0,N/A,N/A
khach sạn tại hạ long,Khách sạn Hạ Long,Lưu trú,In-scope Hạ Long,Transaction,50000,N/A,N/A,N/A,Planner (Thấp),data/google_planner/ha-long/Keyword Stats 2026-02-22 at 22_21_22.csv,"Tạo landing chuyển đổi (giá/vé/đặt chỗ), gom vào cluster page + build backlink nội bộ",B,82500.00000000001,0%,"31,246"
halios halong hotel,Khách sạn Hạ Long,Lưu trú,In-scope Hạ Long,Transaction,5000,N/A,N/A,N/A,Planner (Thấp),data/google_planner/ha-long/Keyword Stats 2026-02-22 at 22_21_22.csv,"Tạo landing chuyển đổi (giá/vé/đặt chỗ), gom vào cluster page + build backlink nội bộ",B,9750.0,900.0%,"13,415"
a25 hotel hạ long,Khách sạn Hạ Long,Lưu trú,In-scope Hạ Long,Transaction,5000,N/A,N/A,N/A,Planner (Thấp),data/google_planner/ha-long/Keyword Stats 2026-02-22 at 22_21_22.csv,"Tạo landing chuyển đổi (giá/vé/đặt chỗ), gom vào cluster page + build backlink nội bộ",B,9750.0,900.0%,"7,642"
grand ha long hotel,Khách sạn Hạ Long,Lưu trú,In-scope Hạ Long,Transaction,5000,N/A,N/A,N/A,Planner (Thấp),data/google_planner/ha-long/Keyword Stats 2026-02-22 at 22_21_22.csv,"Tạo landing chuyển đổi (giá/vé/đặt chỗ), gom vào cluster page + build backlink nội bộ",B,9750.0,900.0%,"6,112"
ha long palace hotel,Khách sạn Hạ Long,Lưu trú,In-scope Hạ Long,Transaction,5000,N/A,N/A,N/A,Planner (Thấp),data/google_planner/ha-long/Keyword Stats 2026-02-22 at 22_21_22.csv,"Tạo landing chuyển đổi (giá/vé/đặt chỗ), gom vào cluster page + build backlink nội bộ",B,9750.0,900.0%,"8,990"
mường thanh grand hạ long hotel,Khách sạn Hạ Long,Lưu trú,In-scope Hạ Long,Transaction,5000,N/A,N/A,N/A,Planner (Thấp),data/google_planner/ha-long/Keyword Stats 2026-02-22 at 22_21_22.csv,"Tạo landing chuyển đổi (giá/vé/đặt chỗ), gom vào cluster page + build backlink nội bộ",B,9750.0,900.0%,"19,914"
palace hotel hạ long,Khách sạn Hạ Long,Lưu trú,In-scope Hạ Long,Transaction,5000,N/A,N/A,N/A,Planner (Thấp),data/google_planner/ha-long/Keyword Stats 2026-02-22 at 22_21_22.csv,"Tạo landing chuyển đổi (giá/vé/đặt chỗ), gom vào cluster page + build backlink nội bộ",B,9750.0,900.0%,"8,990"
ha long essence hotel,Khách sạn Hạ Long,Lưu trú,In-scope Hạ Long,Transaction,5000,N/A,N/A,N/A,Planner (Thấp),data/google_planner/ha-long/Keyword Stats 2026-02-22 at 22_21_22.csv,"Tạo landing chuyển đổi (giá/vé/đặt chỗ), gom vào cluster page + build backlink nội bộ",B,8250.0,0%,"23,303"
mường thanh luxury ha long centre hotel,Khách sạn Hạ Long,Lưu trú,In-scope Hạ Long,Transaction,5000,N/A,N/A,N/A,Planner (Thấp),data/google_planner/ha-long/Keyword Stats 2026-02-22 at 22_21_22.csv,"Tạo landing chuyển đổi (giá/vé/đặt chỗ), gom vào cluster page + build backlink nội bộ",B,8250.0,0%,"8,792"
flc grand hotel hạ long,Khách sạn Hạ Long,Lưu trú,In-scope Hạ Long,Transaction,5000,N/A,N/A,N/A,Planner (Thấp),data/google_planner/ha-long/Keyword Stats 2026-02-22 at 22_21_22.csv,"Tạo landing chuyển đổi (giá/vé/đặt chỗ), gom vào cluster page + build backlink nội bộ",B,8250.0,0%,"13,504"
khách sạn citadines hạ long,Khách sạn Hạ Long,Lưu trú,In-scope Hạ Long,Transaction,5000,N/A,N/A,N/A,Planner (Thấp),data/google_planner/ha-long/Keyword Stats 2026-02-22 at 22_21_22.csv,"Tạo landing chuyển đổi (giá/vé/đặt chỗ), gom vào cluster page + build backlink nội bộ",B,8250.0,0%,"8,624"
hòn gai hotel,Khách sạn Hạ Long,Lưu trú,In-scope Hạ Long,Transaction,5000,N/A,N/A,N/A,Planner (Thấp),data/google_planner/ha-long/Keyword Stats 2026-02-22 at 22_21_22.csv,"Tạo landing chuyển đổi (giá/vé/đặt chỗ), gom vào cluster page + build backlink nội bộ",B,8250.0,0%,"17,400"
paddington hotel hạ long,Khách sạn Hạ Long,Lưu trú,In-scope Hạ Long,Transaction,5000,N/A,N/A,N/A,Planner (Thấp),data/google_planner/ha-long/Keyword Stats 2026-02-22 at 22_21_22.csv,"Tạo landing chuyển đổi (giá/vé/đặt chỗ), gom vào cluster page + build backlink nội bộ",B,8250.0,0%,"8,310"
ha long pearl hotel,Khách sạn Hạ Long,Lưu trú,In-scope Hạ Long,Transaction,5000,N/A,N/A,N/A,Planner (Thấp),data/google_planner/ha-long/Keyword Stats 2026-02-22 at 22_21_22.csv,"Tạo landing chuyển đổi (giá/vé/đặt chỗ), gom vào cluster page + build backlink nội bộ",B,8250.0,0%,"16,157"
hạ long dc hotel,Khách sạn Hạ Long,Lưu trú,In-scope Hạ Long,Transaction,5000,N/A,N/A,N/A,Planner (Thấp),data/google_planner/ha-long/Keyword Stats 2026-02-22 at 22_21_22.csv,"Tạo landing chuyển đổi (giá/vé/đặt chỗ), gom vào cluster page + build backlink nội bộ",B,8250.0,0%,"15,322"
central luxury hạ long hotel,Khách sạn Hạ Long,Lưu trú,In-scope Hạ Long,Transaction,5000,N/A,N/A,N/A,Planner (Thấp),data/google_planner/ha-long/Keyword Stats 2026-02-22 at 22_21_22.csv,"Tạo landing chuyển đổi (giá/vé/đặt chỗ), gom vào cluster page + build backlink nội bộ",B,8250.0,0%,"13,764"
dream hotel hạ long,Khách sạn Hạ Long,Lưu trú,In-scope Hạ Long,Transaction,5000,N/A,N/A,N/A,Planner (Thấp),data/google_planner/ha-long/Keyword Stats 2026-02-22 at 22_21_22.csv,"Tạo landing chuyển đổi (giá/vé/đặt chỗ), gom vào cluster page + build backlink nội bộ",B,8250.0,0%,"12,821"
green suite hotel hạ long,Khách sạn Hạ Long,Lưu trú,In-scope Hạ Long,Transaction,5000,N/A,N/A,N/A,Planner (Thấp),data/google_planner/ha-long/Keyword Stats 2026-02-22 at 22_21_22.csv,"Tạo landing chuyển đổi (giá/vé/đặt chỗ), gom vào cluster page + build backlink nội bộ",B,8250.0,0%,"6,752"
hạ long new century hotel,Khách sạn Hạ Long,Lưu trú,In-scope Hạ Long,Transaction,5000,N/A,N/A,N/A,Planner (Thấp),data/google_planner/ha-long/Keyword Stats 2026-02-22 at 22_21_22.csv,"Tạo landing chuyển đổi (giá/vé/đặt chỗ), gom vào cluster page + build backlink nội bộ",B,8250.0,0%,"51,939"
hotel novotel ha long bay,Khách sạn Hạ Long,Lưu trú,In-scope Hạ Long,Transaction,5000,N/A,N/A,N/A,Planner (Thấp),data/google_planner/ha-long/Keyword Stats 2026-02-22 at 22_21_22.csv,"Tạo landing chuyển đổi (giá/vé/đặt chỗ), gom vào cluster page + build backlink nội bộ",B,8250.0,0%,"24,671"
hạ long dream hotel,Khách sạn Hạ Long,Lưu trú,In-scope Hạ Long,Transaction,5000,N/A,N/A,N/A,Planner (Thấp),data/google_planner/ha-long/Keyword Stats 2026-02-22 at 22_21_22.csv,"Tạo landing chuyển đổi (giá/vé/đặt chỗ), gom vào cluster page + build backlink nội bộ",B,8250.0,0%,"12,821"
khách sạn âu lạc hạ long,Khách sạn Hạ Long,Lưu trú,In-scope Hạ Long,Transaction,5000,N/A,N/A,N/A,Planner (Thấp),data/google_planner/ha-long/Keyword Stats 2026-02-22 at 22_21_22.csv,"Tạo landing chuyển đổi (giá/vé/đặt chỗ), gom vào cluster page + build backlink nội bộ",B,8250.0,0%,"6,910"
khách sạn golden hạ long,Khách sạn Hạ Long,Lưu trú,In-scope Hạ Long,Transaction,5000,N/A,N/A,N/A,Planner (Thấp),data/google_planner/ha-long/Keyword Stats 2026-02-22 at 22_21_22.csv,"Tạo landing chuyển đổi (giá/vé/đặt chỗ), gom vào cluster page + build backlink nội bộ",B,8250.0,0%,"6,075"
khách sạn jade hạ long,Khách sạn Hạ Long,Lưu trú,In-scope Hạ Long,Transaction,5000,N/A,N/A,N/A,Planner (Thấp),data/google_planner/ha-long/Keyword Stats 2026-02-22 at 22_21_22.csv,"Tạo landing chuyển đổi (giá/vé/đặt chỗ), gom vào cluster page + build backlink nội bộ",B,8250.0,0%,"9,699"
royal lotus hotel hạ long,Khách sạn Hạ Long,Lưu trú,In-scope Hạ Long,Transaction,5000,N/A,N/A,N/A,Planner (Thấp),data/google_planner/ha-long/Keyword Stats 2026-02-22 at 22_21_22.csv,"Tạo landing chuyển đổi (giá/vé/đặt chỗ), gom vào cluster page + build backlink nội bộ",B,8250.0,0%,"14,160"
sea star hotel hạ long,Khách sạn Hạ Long,Lưu trú,In-scope Hạ Long,Transaction,5000,N/A,N/A,N/A,Planner (Thấp),data/google_planner/ha-long/Keyword Stats 2026-02-22 at 22_21_22.csv,"Tạo landing chuyển đổi (giá/vé/đặt chỗ), gom vào cluster page + build backlink nội bộ",B,8250.0,-90.0%,"9,873"
wyndham ha long hotel,Khách sạn Hạ Long,Lưu trú,In-scope Hạ Long,Transaction,5000,N/A,N/A,N/A,Planner (Thấp),data/google_planner/ha-long/Keyword Stats 2026-02-22 at 22_21_22.csv,"Tạo landing chuyển đổi (giá/vé/đặt chỗ), gom vào cluster page + build backlink nội bộ",B,8250.0,0%,"9,349"
wyndham hotel hạ long,Khách sạn Hạ Long,Lưu trú,In-scope Hạ Long,Transaction,5000,N/A,N/A,N/A,Planner (Trung bình),data/google_planner/ha-long/Keyword Stats 2026-02-22 at 22_21_22.csv,"Tạo landing chuyển đổi (giá/vé/đặt chỗ), gom vào cluster page + build backlink nội bộ",B,8250.0,-90.0%,"8,310"
khách sạn hạ long,Khách sạn Hạ Long,Lưu trú,In-scope Hạ Long,Transaction,9900,N/A,N/A,N/A,Low (24),data/seo_insider/advance_search_report.csv,"Tạo landing chuyển đổi (giá/vé/đặt chỗ), gom vào cluster page + build backlink nội bộ",B,7524.0,N/A,N/A
sun halong hotel,Khách sạn Hạ Long,Lưu trú,In-scope Hạ Long,Transaction,5000,N/A,N/A,N/A,Planner (Thấp),data/google_planner/ha-long/Keyword Stats 2026-02-22 at 22_21_22.csv,"Tạo landing chuyển đổi (giá/vé/đặt chỗ), gom vào cluster page + build backlink nội bộ",B,7500.0,0%,0
delasea ha long hotel,Khách sạn Hạ Long,Lưu trú,In-scope Hạ Long,Transaction,6600,N/A,N/A,N/A,Low (0),data/seo_insider/advance_search_report.csv,"Tạo landing chuyển đổi (giá/vé/đặt chỗ), gom vào cluster page + build backlink nội bộ",B,6600.0,N/A,N/A
paradise suites halong hotel,Khách sạn Hạ Long,Lưu trú,In-scope Hạ Long,Transaction,6600,N/A,N/A,N/A,Low (0),data/seo_insider/advance_search_report.csv,"Tạo landing chuyển đổi (giá/vé/đặt chỗ), gom vào cluster page + build backlink nội bộ",B,6600.0,N/A,N/A
the watson premium halong hotel,Khách sạn Hạ Long,Lưu trú,In-scope Hạ Long,Transaction,5400,N/A,N/A,N/A,Low (0),data/seo_insider/advance_search_report.csv,"Tạo landing chuyển đổi (giá/vé/đặt chỗ), gom vào cluster page + build backlink nội bộ",B,5400.0,N/A,N/A
khách sạn a25 hạ long,Khách sạn Hạ Long,Lưu trú,In-scope Hạ Long,Transaction,500,N/A,N/A,N/A,Planner (Trung bình),data/google_planner/ha-long/Keyword Stats 2026-02-22 at 22_21_22.csv,"Tạo landing chuyển đổi (giá/vé/đặt chỗ), gom vào cluster page + build backlink nội bộ",B,975.0,900.0%,"6,479"
hạ long eden hotel,Khách sạn Hạ Long,Lưu trú,In-scope Hạ Long,Transaction,500,N/A,N/A,N/A,Planner (Thấp),data/google_planner/ha-long/Keyword Stats 2026-02-22 at 22_21_22.csv,"Tạo landing chuyển đổi (giá/vé/đặt chỗ), gom vào cluster page + build backlink nội bộ",B,975.0,900.0%,"28,586"
khách sạn central hạ long,Khách sạn Hạ Long,Lưu trú,In-scope Hạ Long,Transaction,500,N/A,N/A,N/A,Planner (Trung bình),data/google_planner/ha-long/Keyword Stats 2026-02-22 at 22_21_22.csv,"Tạo landing chuyển đổi (giá/vé/đặt chỗ), gom vào cluster page + build backlink nội bộ",B,975.0,900.0%,"7,271"
khách sạn eden hạ long,Khách sạn Hạ Long,Lưu trú,In-scope Hạ Long,Transaction,500,N/A,N/A,N/A,Planner (Thấp),data/google_planner/ha-long/Keyword Stats 2026-02-22 at 22_21_22.csv,"Tạo landing chuyển đổi (giá/vé/đặt chỗ), gom vào cluster page + build backlink nội bộ",B,975.0,900.0%,"5,454"
khách sạn sen vàng hạ long,Khách sạn Hạ Long,Lưu trú,In-scope Hạ Long,Transaction,500,N/A,N/A,N/A,Planner (Thấp),data/google_planner/ha-long/Keyword Stats 2026-02-22 at 22_21_22.csv,"Tạo landing chuyển đổi (giá/vé/đặt chỗ), gom vào cluster page + build backlink nội bộ",B,975.0,900.0%,"4,562"
khách sạn song lộc hạ long,Khách sạn Hạ Long,Lưu trú,In-scope Hạ Long,Transaction,500,N/A,N/A,N/A,Planner (Trung bình),data/google_planner/ha-long/Keyword Stats 2026-02-22 at 22_21_22.csv,"Tạo landing chuyển đổi (giá/vé/đặt chỗ), gom vào cluster page + build backlink nội bộ",B,975.0,900.0%,"2,458"
khách sạn grand view palace hạ long,Khách sạn Hạ Long,Lưu trú,In-scope Hạ Long,Transaction,500,N/A,N/A,N/A,Planner (Thấp),data/google_planner/ha-long/Keyword Stats 2026-02-22 at 22_21_22.csv,"Tạo landing chuyển đổi (giá/vé/đặt chỗ), gom vào cluster page + build backlink nội bộ",B,975.0,900.0%,"10,547"
khách sạn halios hạ long,Khách sạn Hạ Long,Lưu trú,In-scope Hạ Long,Transaction,500,N/A,N/A,N/A,Planner (Trung bình),data/google_planner/ha-long/Keyword Stats 2026-02-22 at 22_21_22.csv,"Tạo landing chuyển đổi (giá/vé/đặt chỗ), gom vào cluster page + build backlink nội bộ",B,975.0,900.0%,"14,024"
khách sạn la playa hạ long,Khách sạn Hạ Long,Lưu trú,In-scope Hạ Long,Transaction,500,N/A,N/A,N/A,Planner (Thấp),data/google_planner/ha-long/Keyword Stats 2026-02-22 at 22_21_22.csv,"Tạo landing chuyển đổi (giá/vé/đặt chỗ), gom vào cluster page + build backlink nội bộ",B,975.0,9900.0%,"5,039"
khách sạn milano hạ long,Khách sạn Hạ Long,Lưu trú,In-scope Hạ Long,Transaction,500,N/A,N/A,N/A,Planner (Thấp),data/google_planner/ha-long/Keyword Stats 2026-02-22 at 22_21_22.csv,"Tạo landing chuyển đổi (giá/vé/đặt chỗ), gom vào cluster page + build backlink nội bộ",B,975.0,900.0%,"6,136"
khách sạn sun queen hạ long,Khách sạn Hạ Long,Lưu trú,In-scope Hạ Long,Transaction,500,N/A,N/A,N/A,Planner (Thấp),data/google_planner/ha-long/Keyword Stats 2026-02-22 at 22_21_22.csv,"Tạo landing chuyển đổi (giá/vé/đặt chỗ), gom vào cluster page + build backlink nội bộ",B,975.0,900.0%,"5,817"
khách sạn vĩnh khang hạ long,Khách sạn Hạ Long,Lưu trú,In-scope Hạ Long,Transaction,500,N/A,N/A,N/A,Planner (Thấp),data/google_planner/ha-long/Keyword Stats 2026-02-22 at 22_21_22.csv,"Tạo landing chuyển đổi (giá/vé/đặt chỗ), gom vào cluster page + build backlink nội bộ",B,975.0,900.0%,"6,694"
khách sạn đỉnh hương hạ long,Khách sạn Hạ Long,Lưu trú,In-scope Hạ Long,Transaction,500,N/A,N/A,N/A,Planner (Thấp),data/google_planner/ha-long/Keyword Stats 2026-02-22 at 22_21_22.csv,"Tạo landing chuyển đổi (giá/vé/đặt chỗ), gom vào cluster page + build backlink nội bộ",B,975.0,900.0%,"11,464"
milano hotel hạ long,Khách sạn Hạ Long,Lưu trú,In-scope Hạ Long,Transaction,500,N/A,N/A,N/A,Planner (Thấp),data/google_planner/ha-long/Keyword Stats 2026-02-22 at 22_21_22.csv,"Tạo landing chuyển đổi (giá/vé/đặt chỗ), gom vào cluster page + build backlink nội bộ",B,975.0,900.0%,"6,887"
an hotel hạ long,Khách sạn Hạ Long,Lưu trú,In-scope Hạ Long,Transaction,500,N/A,N/A,N/A,Planner (Thấp),data/google_planner/ha-long/Keyword Stats 2026-02-22 at 22_21_22.csv,"Tạo landing chuyển đổi (giá/vé/đặt chỗ), gom vào cluster page + build backlink nội bộ",B,900.0,900.0%,0
cong doan hotel ha long,Khách sạn Hạ Long,Lưu trú,In-scope Hạ Long,Transaction,500,N/A,N/A,N/A,Planner (Thấp),data/google_planner/ha-long/Keyword Stats 2026-02-22 at 22_21_22.csv,"Tạo landing chuyển đổi (giá/vé/đặt chỗ), gom vào cluster page + build backlink nội bộ",B,900.0,900.0%,0
khách sạn bảo sơn hạ long,Khách sạn Hạ Long,Lưu trú,In-scope Hạ Long,Transaction,500,N/A,N/A,N/A,Planner (Thấp),data/google_planner/ha-long/Keyword Stats 2026-02-22 at 22_21_22.csv,"Tạo landing chuyển đổi (giá/vé/đặt chỗ), gom vào cluster page + build backlink nội bộ",B,900.0,900.0%,0
khách sạn valentine hotel hạ long,Khách sạn Hạ Long,Lưu trú,In-scope Hạ Long,Transaction,500,N/A,N/A,N/A,Planner (Thấp),data/google_planner/ha-long/Keyword Stats 2026-02-22 at 22_21_22.csv,"Tạo landing chuyển đổi (giá/vé/đặt chỗ), gom vào cluster page + build backlink nội bộ",B,900.0,900.0%,0
king hạ long hotel,Khách sạn Hạ Long,Lưu trú,In-scope Hạ Long,Transaction,500,N/A,N/A,N/A,Planner (Thấp),data/google_planner/ha-long/Keyword Stats 2026-02-22 at 22_21_22.csv,"Tạo landing chuyển đổi (giá/vé/đặt chỗ), gom vào cluster page + build backlink nội bộ",B,900.0,900.0%,0
lakeside hotel hạ long,Khách sạn Hạ Long,Lưu trú,In-scope Hạ Long,Transaction,500,N/A,N/A,N/A,Planner (Thấp),data/google_planner/ha-long/Keyword Stats 2026-02-22 at 22_21_22.csv,"Tạo landing chuyển đổi (giá/vé/đặt chỗ), gom vào cluster page + build backlink nội bộ",B,900.0,900.0%,0
ngọc lan hạ long hotel,Khách sạn Hạ Long,Lưu trú,In-scope Hạ Long,Transaction,500,N/A,N/A,N/A,Planner (Thấp),data/google_planner/ha-long/Keyword Stats 2026-02-22 at 22_21_22.csv,"Tạo landing chuyển đổi (giá/vé/đặt chỗ), gom vào cluster page + build backlink nội bộ",B,900.0,900.0%,0
ruby hotel hạ long,Khách sạn Hạ Long,Lưu trú,In-scope Hạ Long,Transaction,500,N/A,N/A,N/A,Planner (Thấp),data/google_planner/ha-long/Keyword Stats 2026-02-22 at 22_21_22.csv,"Tạo landing chuyển đổi (giá/vé/đặt chỗ), gom vào cluster page + build backlink nội bộ",B,900.0,900.0%,0
trung kiên hotel hạ long,Khách sạn Hạ Long,Lưu trú,In-scope Hạ Long,Transaction,500,N/A,N/A,N/A,Planner (Thấp),data/google_planner/ha-long/Keyword Stats 2026-02-22 at 22_21_22.csv,"Tạo landing chuyển đổi (giá/vé/đặt chỗ), gom vào cluster page + build backlink nội bộ",B,900.0,900.0%,0
viet nhat ha long hotel,Khách sạn Hạ Long,Lưu trú,In-scope Hạ Long,Transaction,500,N/A,N/A,N/A,Planner (Thấp),data/google_planner/ha-long/Keyword Stats 2026-02-22 at 22_21_22.csv,"Tạo landing chuyển đổi (giá/vé/đặt chỗ), gom vào cluster page + build backlink nội bộ",B,900.0,900.0%,0
viet nhat halong hotel,Khách sạn Hạ Long,Lưu trú,In-scope Hạ Long,Transaction,500,N/A,N/A,N/A,Planner (Thấp),data/google_planner/ha-long/Keyword Stats 2026-02-22 at 22_21_22.csv,"Tạo landing chuyển đổi (giá/vé/đặt chỗ), gom vào cluster page + build backlink nội bộ",B,900.0,900.0%,0
giá khách sạn muong thanh hạ long,Khách sạn Hạ Long,Lưu trú,In-scope Hạ Long,Transaction,500,N/A,N/A,N/A,Planner (Cao),data/google_planner/ha-long/Keyword Stats 2026-02-22 at 22_21_22.csv,"Tạo landing chuyển đổi (giá/vé/đặt chỗ), gom vào cluster page + build backlink nội bộ",B,825.0,0%,"4,349"
đặt khách sạn hạ long,Khách sạn Hạ Long,Lưu trú,In-scope Hạ Long,Transaction,500,N/A,N/A,N/A,Planner (Trung bình),data/google_planner/ha-long/Keyword Stats 2026-02-22 at 22_21_22.csv,"Tạo landing chuyển đổi (giá/vé/đặt chỗ), gom vào cluster page + build backlink nội bộ",B,825.0,0%,"133,344"
hạ long hotel,Khách sạn Hạ Long,Lưu trú,In-scope Hạ Long,Transaction,500,N/A,N/A,N/A,Planner (Thấp),data/google_planner/ha-long/Keyword Stats 2026-02-22 at 22_21_22.csv,"Tạo landing chuyển đổi (giá/vé/đặt chỗ), gom vào cluster page + build backlink nội bộ",B,825.0,0%,"42,158"
khach san 4 sao hạ long,Khách sạn Hạ Long,Lưu trú,In-scope Hạ Long,Transaction,500,N/A,N/A,N/A,Planner (Trung bình),data/google_planner/ha-long/Keyword Stats 2026-02-22 at 22_21_22.csv,"Tạo landing chuyển đổi (giá/vé/đặt chỗ), gom vào cluster page + build backlink nội bộ",B,825.0,0%,"8,735"
hotel hạ long,Khách sạn Hạ Long,Lưu trú,In-scope Hạ Long,Transaction,500,N/A,N/A,N/A,Planner (Thấp),data/google_planner/ha-long/Keyword Stats 2026-02-22 at 22_21_22.csv,"Tạo landing chuyển đổi (giá/vé/đặt chỗ), gom vào cluster page + build backlink nội bộ",B,825.0,0%,"42,158"
khách sạn novotel ha long,Khách sạn Hạ Long,Lưu trú,In-scope Hạ Long,Transaction,500,N/A,N/A,N/A,Planner (Trung bình),data/google_planner/ha-long/Keyword Stats 2026-02-22 at 22_21_22.csv,"Tạo landing chuyển đổi (giá/vé/đặt chỗ), gom vào cluster page + build backlink nội bộ",B,825.0,0%,"8,310"
khách sạn ở hòn gai,Khách sạn Hạ Long,Lưu trú,In-scope Hạ Long,Transaction,500,N/A,N/A,N/A,Planner (Cao),data/google_planner/ha-long/Keyword Stats 2026-02-22 at 22_21_22.csv,"Tạo landing chuyển đổi (giá/vé/đặt chỗ), gom vào cluster page + build backlink nội bộ",B,825.0,0%,"11,511"
khách sạn gần sunworld hạ long,Khách sạn Hạ Long,Lưu trú,In-scope Hạ Long,Transaction,500,N/A,N/A,N/A,Planner (Cao),data/google_planner/ha-long/Keyword Stats 2026-02-22 at 22_21_22.csv,"Tạo landing chuyển đổi (giá/vé/đặt chỗ), gom vào cluster page + build backlink nội bộ",B,825.0,0%,"17,659"
khách sạn view biển hạ long,Khách sạn Hạ Long,Lưu trú,In-scope Hạ Long,Transaction,500,N/A,N/A,N/A,Planner (Cao),data/google_planner/ha-long/Keyword Stats 2026-02-22 at 22_21_22.csv,"Tạo landing chuyển đổi (giá/vé/đặt chỗ), gom vào cluster page + build backlink nội bộ",B,825.0,0%,"14,060"
khách sạn hòn gai quảng ninh,Khách sạn Hạ Long,Lưu trú,In-scope Hạ Long,Transaction,500,N/A,N/A,N/A,Planner (Cao),data/google_planner/ha-long/Keyword Stats 2026-02-22 at 22_21_22.csv,"Tạo landing chuyển đổi (giá/vé/đặt chỗ), gom vào cluster page + build backlink nội bộ",B,825.0,0%,"14,065"
khách sạn hạ long gần biển,Khách sạn Hạ Long,Lưu trú,In-scope Hạ Long,Transaction,500,N/A,N/A,N/A,Planner (Cao),data/google_planner/ha-long/Keyword Stats 2026-02-22 at 22_21_22.csv,"Tạo landing chuyển đổi (giá/vé/đặt chỗ), gom vào cluster page + build backlink nội bộ",B,825.0,0%,"11,037"
hạ long plaza hotel,Khách sạn Hạ Long,Lưu trú,In-scope Hạ Long,Transaction,500,N/A,N/A,N/A,Planner (Thấp),data/google_planner/ha-long/Keyword Stats 2026-02-22 at 22_21_22.csv,"Tạo landing chuyển đổi (giá/vé/đặt chỗ), gom vào cluster page + build backlink nội bộ",B,825.0,0%,"11,458"
hạ long boutique hotel,Khách sạn Hạ Long,Lưu trú,In-scope Hạ Long,Transaction,500,N/A,N/A,N/A,Planner (Cao),data/google_planner/ha-long/Keyword Stats 2026-02-22 at 22_21_22.csv,"Tạo landing chuyển đổi (giá/vé/đặt chỗ), gom vào cluster page + build backlink nội bộ",B,825.0,0%,"23,124"
royal hạ long hotel,Khách sạn Hạ Long,Lưu trú,In-scope Hạ Long,Transaction,500,N/A,N/A,N/A,Planner (Thấp),data/google_planner/ha-long/Keyword Stats 2026-02-22 at 22_21_22.csv,"Tạo landing chuyển đổi (giá/vé/đặt chỗ), gom vào cluster page + build backlink nội bộ",B,825.0,0%,"18,321"
khách sạn paradise ha long,Khách sạn Hạ Long,Lưu trú,In-scope Hạ Long,Transaction,500,N/A,N/A,N/A,Planner (Cao),data/google_planner/ha-long/Keyword Stats 2026-02-22 at 22_21_22.csv,"Tạo landing chuyển đổi (giá/vé/đặt chỗ), gom vào cluster page + build backlink nội bộ",B,825.0,0%,"51,939"
royal hotel hạ long,Khách sạn Hạ Long,Lưu trú,In-scope Hạ Long,Transaction,500,N/A,N/A,N/A,Planner (Thấp),data/google_planner/ha-long/Keyword Stats 2026-02-22 at 22_21_22.csv,"Tạo landing chuyển đổi (giá/vé/đặt chỗ), gom vào cluster page + build backlink nội bộ",B,825.0,-90.0%,"13,225"
khách sạn grand ha long,Khách sạn Hạ Long,Lưu trú,In-scope Hạ Long,Transaction,500,N/A,N/A,N/A,Planner (Thấp),data/google_planner/ha-long/Keyword Stats 2026-02-22 at 22_21_22.csv,"Tạo landing chuyển đổi (giá/vé/đặt chỗ), gom vào cluster page + build backlink nội bộ",B,825.0,0%,"5,659"
khách sạn hòn gai hạ long,Khách sạn Hạ Long,Lưu trú,In-scope Hạ Long,Transaction,500,N/A,N/A,N/A,Planner (Cao),data/google_planner/ha-long/Keyword Stats 2026-02-22 at 22_21_22.csv,"Tạo landing chuyển đổi (giá/vé/đặt chỗ), gom vào cluster page + build backlink nội bộ",B,825.0,-90.0%,"19,598"
khách sạn ở hạ long gần biển,Khách sạn Hạ Long,Lưu trú,In-scope Hạ Long,Transaction,500,N/A,N/A,N/A,Planner (Cao),data/google_planner/ha-long/Keyword Stats 2026-02-22 at 22_21_22.csv,"Tạo landing chuyển đổi (giá/vé/đặt chỗ), gom vào cluster page + build backlink nội bộ",B,825.0,0%,"14,169"
marina hotel hạ long,Khách sạn Hạ Long,Lưu trú,In-scope Hạ Long,Transaction,500,N/A,N/A,N/A,Planner (Thấp),data/google_planner/ha-long/Keyword Stats 2026-02-22 at 22_21_22.csv,"Tạo landing chuyển đổi (giá/vé/đặt chỗ), gom vào cluster page + build backlink nội bộ",B,825.0,0%,"17,988"
âu lạc hotel hạ long,Khách sạn Hạ Long,Lưu trú,In-scope Hạ Long,Transaction,500,N/A,N/A,N/A,Planner (Thấp),data/google_planner/ha-long/Keyword Stats 2026-02-22 at 22_21_22.csv,"Tạo landing chuyển đổi (giá/vé/đặt chỗ), gom vào cluster page + build backlink nội bộ",B,825.0,0%,"8,257"
central hotel hạ long,Khách sạn Hạ Long,Lưu trú,In-scope Hạ Long,Transaction,500,N/A,N/A,N/A,Planner (Thấp),data/google_planner/ha-long/Keyword Stats 2026-02-22 at 22_21_22.csv,"Tạo landing chuyển đổi (giá/vé/đặt chỗ), gom vào cluster page + build backlink nội bộ",B,825.0,0%,"13,339"
central hạ long hotel,Khách sạn Hạ Long,Lưu trú,In-scope Hạ Long,Transaction,500,N/A,N/A,N/A,Planner (Thấp),data/google_planner/ha-long/Keyword Stats 2026-02-22 at 22_21_22.csv,"Tạo landing chuyển đổi (giá/vé/đặt chỗ), gom vào cluster page + build backlink nội bộ",B,825.0,-90.0%,"25,386"
greenbay hotel hạ long,Khách sạn Hạ Long,Lưu trú,In-scope Hạ Long,Transaction,500,N/A,N/A,N/A,Planner (Trung bình),data/google_planner/ha-long/Keyword Stats 2026-02-22 at 22_21_22.csv,"Tạo landing chuyển đổi (giá/vé/đặt chỗ), gom vào cluster page + build backlink nội bộ",B,825.0,0%,"51,939"
hạ long central hotel,Khách sạn Hạ Long,Lưu trú,In-scope Hạ Long,Transaction,500,N/A,N/A,N/A,Planner (Thấp),data/google_planner/ha-long/Keyword Stats 2026-02-22 at 22_21_22.csv,"Tạo landing chuyển đổi (giá/vé/đặt chỗ), gom vào cluster page + build backlink nội bộ",B,825.0,0%,"13,205"
hạ long diamond hotel,Khách sạn Hạ Long,Lưu trú,In-scope Hạ Long,Transaction,500,N/A,N/A,N/A,Planner (Thấp),data/google_planner/ha-long/Keyword Stats 2026-02-22 at 22_21_22.csv,"Tạo landing chuyển đổi (giá/vé/đặt chỗ), gom vào cluster page + build backlink nội bộ",B,825.0,0%,"8,169"
hạ long harbour hotel,Khách sạn Hạ Long,Lưu trú,In-scope Hạ Long,Transaction,500,N/A,N/A,N/A,Planner (Thấp),data/google_planner/ha-long/Keyword Stats 2026-02-22 at 22_21_22.csv,"Tạo landing chuyển đổi (giá/vé/đặt chỗ), gom vào cluster page + build backlink nội bộ",B,825.0,0%,"9,558"
hạ long paradise hotel,Khách sạn Hạ Long,Lưu trú,In-scope Hạ Long,Transaction,500,N/A,N/A,N/A,Planner (Trung bình),data/google_planner/ha-long/Keyword Stats 2026-02-22 at 22_21_22.csv,"Tạo landing chuyển đổi (giá/vé/đặt chỗ), gom vào cluster page + build backlink nội bộ",B,825.0,0%,"13,767"
hạ long park hotel,Khách sạn Hạ Long,Lưu trú,In-scope Hạ Long,Transaction,500,N/A,N/A,N/A,Planner (Thấp),data/google_planner/ha-long/Keyword Stats 2026-02-22 at 22_21_22.csv,"Tạo landing chuyển đổi (giá/vé/đặt chỗ), gom vào cluster page + build backlink nội bộ",B,825.0,0%,"8,783"
jade hotel hạ long,Khách sạn Hạ Long,Lưu trú,In-scope Hạ Long,Transaction,500,N/A,N/A,N/A,Planner (Thấp),data/google_planner/ha-long/Keyword Stats 2026-02-22 at 22_21_22.csv,"Tạo landing chuyển đổi (giá/vé/đặt chỗ), gom vào cluster page + build backlink nội bộ",B,825.0,0%,"15,867"
khách sạn asean hạ long,Khách sạn Hạ Long,Lưu trú,In-scope Hạ Long,Transaction,500,N/A,N/A,N/A,Planner (Thấp),data/google_planner/ha-long/Keyword Stats 2026-02-22 at 22_21_22.csv,"Tạo landing chuyển đổi (giá/vé/đặt chỗ), gom vào cluster page + build backlink nội bộ",B,825.0,0%,"15,973"
khách sạn diamond hạ long,Khách sạn Hạ Long,Lưu trú,In-scope Hạ Long,Transaction,500,N/A,N/A,N/A,Planner (Thấp),data/google_planner/ha-long/Keyword Stats 2026-02-22 at 22_21_22.csv,"Tạo landing chuyển đổi (giá/vé/đặt chỗ), gom vào cluster page + build backlink nội bộ",B,825.0,-90.0%,"3,458"
khách sạn dlioro hạ long,Khách sạn Hạ Long,Lưu trú,In-scope Hạ Long,Transaction,500,N/A,N/A,N/A,Planner (Trung bình),data/google_planner/ha-long/Keyword Stats 2026-02-22 at 22_21_22.csv,"Tạo landing chuyển đổi (giá/vé/đặt chỗ), gom vào cluster page + build backlink nội bộ",B,825.0,0%,"7,271"
khách sạn hạ long palace,Khách sạn Hạ Long,Lưu trú,In-scope Hạ Long,Transaction,500,N/A,N/A,N/A,Planner (Thấp),data/google_planner/ha-long/Keyword Stats 2026-02-22 at 22_21_22.csv,"Tạo landing chuyển đổi (giá/vé/đặt chỗ), gom vào cluster page + build backlink nội bộ",B,825.0,-90.0%,"7,967"
khách sạn heritage hạ long,Khách sạn Hạ Long,Lưu trú,In-scope Hạ Long,Transaction,500,N/A,N/A,N/A,Planner (Thấp),data/google_planner/ha-long/Keyword Stats 2026-02-22 at 22_21_22.csv,"Tạo landing chuyển đổi (giá/vé/đặt chỗ), gom vào cluster page + build backlink nội bộ",B,825.0,0%,"13,764"
khách sạn luxury hạ long,Khách sạn Hạ Long,Lưu trú,In-scope Hạ Long,Transaction,500,N/A,N/A,N/A,Planner (Thấp),data/google_planner/ha-long/Keyword Stats 2026-02-22 at 22_21_22.csv,"Tạo landing chuyển đổi (giá/vé/đặt chỗ), gom vào cluster page + build backlink nội bộ",B,825.0,0%,"9,179"
khach san novotel halong,Khách sạn Hạ Long,Lưu trú,In-scope Hạ Long,Transaction,500,N/A,N/A,N/A,Planner (Trung bình),data/google_planner/ha-long/Keyword Stats 2026-02-22 at 22_21_22.csv,"Tạo landing chuyển đổi (giá/vé/đặt chỗ), gom vào cluster page + build backlink nội bộ",B,825.0,0%,"8,310"
khách sạn palace hạ long,Khách sạn Hạ Long,Lưu trú,In-scope Hạ Long,Transaction,500,N/A,N/A,N/A,Planner (Thấp),data/google_planner/ha-long/Keyword Stats 2026-02-22 at 22_21_22.csv,"Tạo landing chuyển đổi (giá/vé/đặt chỗ), gom vào cluster page + build backlink nội bộ",B,825.0,0%,"51,939"
khách sạn sea star hạ long,Khách sạn Hạ Long,Lưu trú,In-scope Hạ Long,Transaction,500,N/A,N/A,N/A,Planner (Thấp),data/google_planner/ha-long/Keyword Stats 2026-02-22 at 22_21_22.csv,"Tạo landing chuyển đổi (giá/vé/đặt chỗ), gom vào cluster page + build backlink nội bộ",B,825.0,0%,"6,786"
khách sạn sun hạ long,Khách sạn Hạ Long,Lưu trú,In-scope Hạ Long,Transaction,500,N/A,N/A,N/A,Planner (Trung bình),data/google_planner/ha-long/Keyword Stats 2026-02-22 at 22_21_22.csv,"Tạo landing chuyển đổi (giá/vé/đặt chỗ), gom vào cluster page + build backlink nội bộ",B,825.0,0%,"16,447"
khách sạn victory hạ long,Khách sạn Hạ Long,Lưu trú,In-scope Hạ Long,Transaction,500,N/A,N/A,N/A,Planner (Thấp),data/google_planner/ha-long/Keyword Stats 2026-02-22 at 22_21_22.csv,"Tạo landing chuyển đổi (giá/vé/đặt chỗ), gom vào cluster page + build backlink nội bộ",B,825.0,0%,"51,939"
khách sạn wyndham legend hạ long,Khách sạn Hạ Long,Lưu trú,In-scope Hạ Long,Transaction,500,N/A,N/A,N/A,Planner (Trung bình),data/google_planner/ha-long/Keyword Stats 2026-02-22 at 22_21_22.csv,"Tạo landing chuyển đổi (giá/vé/đặt chỗ), gom vào cluster page + build backlink nội bộ",B,825.0,-90.0%,"5,648"
khách sạn bảo minh hạ long,Khách sạn Hạ Long,Lưu trú,In-scope Hạ Long,Transaction,500,N/A,N/A,N/A,Planner (Trung bình),data/google_planner/ha-long/Keyword Stats 2026-02-22 at 22_21_22.csv,"Tạo landing chuyển đổi (giá/vé/đặt chỗ), gom vào cluster page + build backlink nội bộ",B,825.0,-90.0%,"51,939"
khách sạn central luxury hạ long,Khách sạn Hạ Long,Lưu trú,In-scope Hạ Long,Transaction,500,N/A,N/A,N/A,Planner (Trung bình),data/google_planner/ha-long/Keyword Stats 2026-02-22 at 22_21_22.csv,"Tạo landing chuyển đổi (giá/vé/đặt chỗ), gom vào cluster page + build backlink nội bộ",B,825.0,0%,"6,472"
khách sạn citadines marina hạ long,Khách sạn Hạ Long,Lưu trú,In-scope Hạ Long,Transaction,500,N/A,N/A,N/A,Planner (Trung bình),data/google_planner/ha-long/Keyword Stats 2026-02-22 at 22_21_22.csv,"Tạo landing chuyển đổi (giá/vé/đặt chỗ), gom vào cluster page + build backlink nội bộ",B,825.0,0%,"7,360"
khách sạn d lecia hạ long,Khách sạn Hạ Long,Lưu trú,In-scope Hạ Long,Transaction,500,N/A,N/A,N/A,Planner (Trung bình),data/google_planner/ha-long/Keyword Stats 2026-02-22 at 22_21_22.csv,"Tạo landing chuyển đổi (giá/vé/đặt chỗ), gom vào cluster page + build backlink nội bộ",B,825.0,0%,"8,774"
khách sạn d lioro hạ long,Khách sạn Hạ Long,Lưu trú,In-scope Hạ Long,Transaction,500,N/A,N/A,N/A,Planner (Trung bình),data/google_planner/ha-long/Keyword Stats 2026-02-22 at 22_21_22.csv,"Tạo landing chuyển đổi (giá/vé/đặt chỗ), gom vào cluster page + build backlink nội bộ",B,825.0,0%,"7,271"
khách sạn dragon legend hạ long,Khách sạn Hạ Long,Lưu trú,In-scope Hạ Long,Transaction,500,N/A,N/A,N/A,Planner (Trung bình),data/google_planner/ha-long/Keyword Stats 2026-02-22 at 22_21_22.csv,"Tạo landing chuyển đổi (giá/vé/đặt chỗ), gom vào cluster page + build backlink nội bộ",B,825.0,0%,"6,766"
khách sạn essence hạ long,Khách sạn Hạ Long,Lưu trú,In-scope Hạ Long,Transaction,500,N/A,N/A,N/A,Planner (Thấp),data/google_planner/ha-long/Keyword Stats 2026-02-22 at 22_21_22.csv,"Tạo landing chuyển đổi (giá/vé/đặt chỗ), gom vào cluster page + build backlink nội bộ",B,825.0,0%,"15,702"
khách sạn green suite hạ long,Khách sạn Hạ Long,Lưu trú,In-scope Hạ Long,Transaction,500,N/A,N/A,N/A,Planner (Thấp),data/google_planner/ha-long/Keyword Stats 2026-02-22 at 22_21_22.csv,"Tạo landing chuyển đổi (giá/vé/đặt chỗ), gom vào cluster page + build backlink nội bộ",B,825.0,0%,"10,642"
khách sạn green suites hạ long,Khách sạn Hạ Long,Lưu trú,In-scope Hạ Long,Transaction,500,N/A,N/A,N/A,Planner (Thấp),data/google_planner/ha-long/Keyword Stats 2026-02-22 at 22_21_22.csv,"Tạo landing chuyển đổi (giá/vé/đặt chỗ), gom vào cluster page + build backlink nội bộ",B,825.0,0%,"10,642"
khách sạn hạ long 3 sao,Khách sạn Hạ Long,Lưu trú,In-scope Hạ Long,Transaction,500,N/A,N/A,N/A,Planner (Cao),data/google_planner/ha-long/Keyword Stats 2026-02-22 at 22_21_22.csv,"Tạo landing chuyển đổi (giá/vé/đặt chỗ), gom vào cluster page + build backlink nội bộ",B,825.0,-90.0%,"11,653"
khách sạn hạ long 5 sao,Khách sạn Hạ Long,Lưu trú,In-scope Hạ Long,Transaction,500,N/A,N/A,N/A,Planner (Cao),data/google_planner/ha-long/Keyword Stats 2026-02-22 at 22_21_22.csv,"Tạo landing chuyển đổi (giá/vé/đặt chỗ), gom vào cluster page + build backlink nội bộ",B,825.0,0%,"11,622"
khách sạn hạ long paradise,Khách sạn Hạ Long,Lưu trú,In-scope Hạ Long,Transaction,500,N/A,N/A,N/A,Planner (Cao),data/google_planner/ha-long/Keyword Stats 2026-02-22 at 22_21_22.csv,"Tạo landing chuyển đổi (giá/vé/đặt chỗ), gom vào cluster page + build backlink nội bộ",B,825.0,0%,"51,939"
khách sạn khu 7 màu hạ long,Khách sạn Hạ Long,Lưu trú,In-scope Hạ Long,Transaction,500,N/A,N/A,N/A,Planner (Cao),data/google_planner/ha-long/Keyword Stats 2026-02-22 at 22_21_22.csv,"Tạo landing chuyển đổi (giá/vé/đặt chỗ), gom vào cluster page + build backlink nội bộ",B,825.0,0%,"51,939"
khách sạn la stella hạ long,Khách sạn Hạ Long,Lưu trú,In-scope Hạ Long,Transaction,500,N/A,N/A,N/A,Planner (Trung bình),data/google_planner/ha-long/Keyword Stats 2026-02-22 at 22_21_22.csv,"Tạo landing chuyển đổi (giá/vé/đặt chỗ), gom vào cluster page + build backlink nội bộ",B,825.0,0%,"4,906"
khách sạn lavender hạ long,Khách sạn Hạ Long,Lưu trú,In-scope Hạ Long,Transaction,500,N/A,N/A,N/A,Planner (Thấp),data/google_planner/ha-long/Keyword Stats 2026-02-22 at 22_21_22.csv,"Tạo landing chuyển đổi (giá/vé/đặt chỗ), gom vào cluster page + build backlink nội bộ",B,825.0,-90.0%,"7,960"
khách sạn mithrin hạ long,Khách sạn Hạ Long,Lưu trú,In-scope Hạ Long,Transaction,500,N/A,N/A,N/A,Planner (Thấp),data/google_planner/ha-long/Keyword Stats 2026-02-22 at 22_21_22.csv,"Tạo landing chuyển đổi (giá/vé/đặt chỗ), gom vào cluster page + build backlink nội bộ",B,825.0,0%,"11,987"
khách sạn mường thanh centre hạ long,Khách sạn Hạ Long,Lưu trú,In-scope Hạ Long,Transaction,500,N/A,N/A,N/A,Planner (Trung bình),data/google_planner/ha-long/Keyword Stats 2026-02-22 at 22_21_22.csv,"Tạo landing chuyển đổi (giá/vé/đặt chỗ), gom vào cluster page + build backlink nội bộ",B,825.0,0%,"3,214"
khách sạn paddington hạ long,Khách sạn Hạ Long,Lưu trú,In-scope Hạ Long,Transaction,500,N/A,N/A,N/A,Planner (Trung bình),data/google_planner/ha-long/Keyword Stats 2026-02-22 at 22_21_22.csv,"Tạo landing chuyển đổi (giá/vé/đặt chỗ), gom vào cluster page + build backlink nội bộ",B,825.0,0%,"7,849"
khách sạn sapphire hạ long,Khách sạn Hạ Long,Lưu trú,In-scope Hạ Long,Transaction,500,N/A,N/A,N/A,Planner (Thấp),data/google_planner/ha-long/Keyword Stats 2026-02-22 at 22_21_22.csv,"Tạo landing chuyển đổi (giá/vé/đặt chỗ), gom vào cluster page + build backlink nội bộ",B,825.0,0%,"12,146"
khách sạn sunlight hạ long,Khách sạn Hạ Long,Lưu trú,In-scope Hạ Long,Transaction,500,N/A,N/A,N/A,Planner (Trung bình),data/google_planner/ha-long/Keyword Stats 2026-02-22 at 22_21_22.csv,"Tạo landing chuyển đổi (giá/vé/đặt chỗ), gom vào cluster page + build backlink nội bộ",B,825.0,0%,"16,447"
khách sạn wyndham garden hạ long,Khách sạn Hạ Long,Lưu trú,In-scope Hạ Long,Transaction,500,N/A,N/A,N/A,Planner (Thấp),data/google_planner/ha-long/Keyword Stats 2026-02-22 at 22_21_22.csv,"Tạo landing chuyển đổi (giá/vé/đặt chỗ), gom vào cluster page + build backlink nội bộ",B,825.0,0%,"10,386"
ngọc anh hotel hạ long,Khách sạn Hạ Long,Lưu trú,In-scope Hạ Long,Transaction,500,N/A,N/A,N/A,Planner (Thấp),data/google_planner/ha-long/Keyword Stats 2026-02-22 at 22_21_22.csv,"Tạo landing chuyển đổi (giá/vé/đặt chỗ), gom vào cluster page + build backlink nội bộ",B,825.0,0%,"21,657"
novotel halong hotel,Khách sạn Hạ Long,Lưu trú,In-scope Hạ Long,Transaction,500,N/A,N/A,N/A,Planner (Trung bình),data/google_planner/ha-long/Keyword Stats 2026-02-22 at 22_21_22.csv,"Tạo landing chuyển đổi (giá/vé/đặt chỗ), gom vào cluster page + build backlink nội bộ",B,825.0,0%,"12,212"
paradise hotel hạ long,Khách sạn Hạ Long,Lưu trú,In-scope Hạ Long,Transaction,500,N/A,N/A,N/A,Planner (Trung bình),data/google_planner/ha-long/Keyword Stats 2026-02-22 at 22_21_22.csv,"Tạo landing chuyển đổi (giá/vé/đặt chỗ), gom vào cluster page + build backlink nội bộ",B,825.0,0%,"13,767"
paradise hạ long hotel,Khách sạn Hạ Long,Lưu trú,In-scope Hạ Long,Transaction,500,N/A,N/A,N/A,Planner (Trung bình),data/google_planner/ha-long/Keyword Stats 2026-02-22 at 22_21_22.csv,"Tạo landing chuyển đổi (giá/vé/đặt chỗ), gom vào cluster page + build backlink nội bộ",B,825.0,0%,"13,767"
paradise suite hotel hạ long,Khách sạn Hạ Long,Lưu trú,In-scope Hạ Long,Transaction,500,N/A,N/A,N/A,Planner (Cao),data/google_planner/ha-long/Keyword Stats 2026-02-22 at 22_21_22.csv,"Tạo landing chuyển đổi (giá/vé/đặt chỗ), gom vào cluster page + build backlink nội bộ",B,825.0,0%,"28,365"
phoenix hotel hạ long,Khách sạn Hạ Long,Lưu trú,In-scope Hạ Long,Transaction,500,N/A,N/A,N/A,Planner (Thấp),data/google_planner/ha-long/Keyword Stats 2026-02-22 at 22_21_22.csv,"Tạo landing chuyển đổi (giá/vé/đặt chỗ), gom vào cluster page + build backlink nội bộ",B,825.0,0%,"7,241"
ramada hotel & suites by wyndham hạ long bay view,Khách sạn Hạ Long,Lưu trú,In-scope Hạ Long,Transaction,500,N/A,N/A,N/A,Planner (Trung bình),data/google_planner/ha-long/Keyword Stats 2026-02-22 at 22_21_22.csv,"Tạo landing chuyển đổi (giá/vé/đặt chỗ), gom vào cluster page + build backlink nội bộ",B,825.0,0%,"7,012"
selecthotel hạ long,Khách sạn Hạ Long,Lưu trú,In-scope Hạ Long,Transaction,500,N/A,N/A,N/A,Planner (Thấp),data/google_planner/ha-long/Keyword Stats 2026-02-22 at 22_21_22.csv,"Tạo landing chuyển đổi (giá/vé/đặt chỗ), gom vào cluster page + build backlink nội bộ",B,825.0,0%,"12,985"
the light hotel hạ long,Khách sạn Hạ Long,Lưu trú,In-scope Hạ Long,Transaction,500,N/A,N/A,N/A,Planner (Trung bình),data/google_planner/ha-long/Keyword Stats 2026-02-22 at 22_21_22.csv,"Tạo landing chuyển đổi (giá/vé/đặt chỗ), gom vào cluster page + build backlink nội bộ",B,825.0,-90.0%,"51,939"
sojo hotel ha long,Khách sạn Hạ Long,Lưu trú,In-scope Hạ Long,Transaction,500,N/A,N/A,N/A,Planner (Thấp),data/google_planner/ha-long/Keyword Stats 2026-02-22 at 22_21_22.csv,"Tạo landing chuyển đổi (giá/vé/đặt chỗ), gom vào cluster page + build backlink nội bộ",B,750.0,-99.0%,0
an phú halong hotel,Khách sạn Hạ Long,Lưu trú,In-scope Hạ Long,Transaction,500,N/A,N/A,N/A,Planner (Thấp),data/google_planner/ha-long/Keyword Stats 2026-02-22 at 22_21_22.csv,"Tạo landing chuyển đổi (giá/vé/đặt chỗ), gom vào cluster page + build backlink nội bộ",B,750.0,0%,0
an phú hạ long hotel,Khách sạn Hạ Long,Lưu trú,In-scope Hạ Long,Transaction,500,N/A,N/A,N/A,Planner (Thấp),data/google_planner/ha-long/Keyword Stats 2026-02-22 at 22_21_22.csv,"Tạo landing chuyển đổi (giá/vé/đặt chỗ), gom vào cluster page + build backlink nội bộ",B,750.0,0%,0
dolphin hotel monbay hạ long,Khách sạn Hạ Long,Lưu trú,In-scope Hạ Long,Transaction,500,N/A,N/A,N/A,Planner (Thấp),data/google_planner/ha-long/Keyword Stats 2026-02-22 at 22_21_22.csv,"Tạo landing chuyển đổi (giá/vé/đặt chỗ), gom vào cluster page + build backlink nội bộ",B,750.0,0%,0
dragon hotel hạ long,Khách sạn Hạ Long,Lưu trú,In-scope Hạ Long,Transaction,500,N/A,N/A,N/A,Planner (Thấp),data/google_planner/ha-long/Keyword Stats 2026-02-22 at 22_21_22.csv,"Tạo landing chuyển đổi (giá/vé/đặt chỗ), gom vào cluster page + build backlink nội bộ",B,750.0,0%,0
hùng vương hotel hạ long,Khách sạn Hạ Long,Lưu trú,In-scope Hạ Long,Transaction,500,N/A,N/A,N/A,Planner (Thấp),data/google_planner/ha-long/Keyword Stats 2026-02-22 at 22_21_22.csv,"Tạo landing chuyển đổi (giá/vé/đặt chỗ), gom vào cluster page + build backlink nội bộ",B,750.0,0%,0
hạ long media hotel,Khách sạn Hạ Long,Lưu trú,In-scope Hạ Long,Transaction,500,N/A,N/A,N/A,Planner (Thấp),data/google_planner/ha-long/Keyword Stats 2026-02-22 at 22_21_22.csv,"Tạo landing chuyển đổi (giá/vé/đặt chỗ), gom vào cluster page + build backlink nội bộ",B,750.0,0%,0
khách sạn kenny hạ long,Khách sạn Hạ Long,Lưu trú,In-scope Hạ Long,Transaction,500,N/A,N/A,N/A,Planner (Thấp),data/google_planner/ha-long/Keyword Stats 2026-02-22 at 22_21_22.csv,"Tạo landing chuyển đổi (giá/vé/đặt chỗ), gom vào cluster page + build backlink nội bộ",B,750.0,0%,0
khách sạn 268 hạ long,Khách sạn Hạ Long,Lưu trú,In-scope Hạ Long,Transaction,500,N/A,N/A,N/A,Planner (Thấp),data/google_planner/ha-long/Keyword Stats 2026-02-22 at 22_21_22.csv,"Tạo landing chuyển đổi (giá/vé/đặt chỗ), gom vào cluster page + build backlink nội bộ",B,750.0,0%,0
khách sạn blue sky hạ long,Khách sạn Hạ Long,Lưu trú,In-scope Hạ Long,Transaction,500,N/A,N/A,N/A,Planner (Thấp),data/google_planner/ha-long/Keyword Stats 2026-02-22 at 22_21_22.csv,"Tạo landing chuyển đổi (giá/vé/đặt chỗ), gom vào cluster page + build backlink nội bộ",B,750.0,-90.0%,0
khách sạn hạ long 3,Khách sạn Hạ Long,Lưu trú,In-scope Hạ Long,Transaction,500,N/A,N/A,N/A,Planner (Thấp),data/google_planner/ha-long/Keyword Stats 2026-02-22 at 22_21_22.csv,"Tạo landing chuyển đổi (giá/vé/đặt chỗ), gom vào cluster page + build backlink nội bộ",B,750.0,0%,0
khách sạn hạ long diamond,Khách sạn Hạ Long,Lưu trú,In-scope Hạ Long,Transaction,500,N/A,N/A,N/A,Planner (Thấp),data/google_planner/ha-long/Keyword Stats 2026-02-22 at 22_21_22.csv,"Tạo landing chuyển đổi (giá/vé/đặt chỗ), gom vào cluster page + build backlink nội bộ",B,750.0,0%,0
khách sạn hạ long gold,Khách sạn Hạ Long,Lưu trú,In-scope Hạ Long,Transaction,500,N/A,N/A,N/A,Planner (Thấp),data/google_planner/ha-long/Keyword Stats 2026-02-22 at 22_21_22.csv,"Tạo landing chuyển đổi (giá/vé/đặt chỗ), gom vào cluster page + build backlink nội bộ",B,750.0,0%,0
khách sạn minh tân hạ long,Khách sạn Hạ Long,Lưu trú,In-scope Hạ Long,Transaction,500,N/A,N/A,N/A,Planner (Thấp),data/google_planner/ha-long/Keyword Stats 2026-02-22 at 22_21_22.csv,"Tạo landing chuyển đổi (giá/vé/đặt chỗ), gom vào cluster page + build backlink nội bộ",B,750.0,0%,0
khách sạn moon hạ long,Khách sạn Hạ Long,Lưu trú,In-scope Hạ Long,Transaction,500,N/A,N/A,N/A,Planner (Thấp),data/google_planner/ha-long/Keyword Stats 2026-02-22 at 22_21_22.csv,"Tạo landing chuyển đổi (giá/vé/đặt chỗ), gom vào cluster page + build backlink nội bộ",B,750.0,-90.0%,0
khách sạn new day hạ long,Khách sạn Hạ Long,Lưu trú,In-scope Hạ Long,Transaction,500,N/A,N/A,N/A,Planner (Thấp),data/google_planner/ha-long/Keyword Stats 2026-02-22 at 22_21_22.csv,"Tạo landing chuyển đổi (giá/vé/đặt chỗ), gom vào cluster page + build backlink nội bộ",B,750.0,0%,0
khách sạn newday hạ long,Khách sạn Hạ Long,Lưu trú,In-scope Hạ Long,Transaction,500,N/A,N/A,N/A,Planner (Thấp),data/google_planner/ha-long/Keyword Stats 2026-02-22 at 22_21_22.csv,"Tạo landing chuyển đổi (giá/vé/đặt chỗ), gom vào cluster page + build backlink nội bộ",B,750.0,0%,0
new hotel hạ long,Khách sạn Hạ Long,Lưu trú,In-scope Hạ Long,Transaction,500,N/A,N/A,N/A,Planner (Thấp),data/google_planner/ha-long/Keyword Stats 2026-02-22 at 22_21_22.csv,"Tạo landing chuyển đổi (giá/vé/đặt chỗ), gom vào cluster page + build backlink nội bộ",B,750.0,0%,0
new hạ long hotel,Khách sạn Hạ Long,Lưu trú,In-scope Hạ Long,Transaction,500,N/A,N/A,N/A,Planner (Thấp),data/google_planner/ha-long/Keyword Stats 2026-02-22 at 22_21_22.csv,"Tạo landing chuyển đổi (giá/vé/đặt chỗ), gom vào cluster page + build backlink nội bộ",B,750.0,0%,0
quỳnh anh hotel hạ long,Khách sạn Hạ Long,Lưu trú,In-scope Hạ Long,Transaction,500,N/A,N/A,N/A,Planner (Thấp),data/google_planner/ha-long/Keyword Stats 2026-02-22 at 22_21_22.csv,"Tạo landing chuyển đổi (giá/vé/đặt chỗ), gom vào cluster page + build backlink nội bộ",B,750.0,0%,0
white crown hotel hạ long,Khách sạn Hạ Long,Lưu trú,In-scope Hạ Long,Transaction,500,N/A,N/A,N/A,Planner (Thấp),data/google_planner/ha-long/Keyword Stats 2026-02-22 at 22_21_22.csv,"Tạo landing chuyển đổi (giá/vé/đặt chỗ), gom vào cluster page + build backlink nội bộ",B,750.0,0%,0
hạ long green hotel,Khách sạn Hạ Long,Lưu trú,In-scope Hạ Long,Transaction,50,N/A,N/A,N/A,Planner (Thấp),data/google_planner/ha-long/Keyword Stats 2026-02-22 at 22_21_22.csv,"Tạo landing chuyển đổi (giá/vé/đặt chỗ), gom vào cluster page + build backlink nội bộ",B,90.0,900.0%,0
khách sạn hạ long xanh,Khách sạn Hạ Long,Lưu trú,In-scope Hạ Long,Transaction,50,N/A,N/A,N/A,Planner (Thấp),data/google_planner/ha-long/Keyword Stats 2026-02-22 at 22_21_22.csv,"Tạo landing chuyển đổi (giá/vé/đặt chỗ), gom vào cluster page + build backlink nội bộ",B,90.0,900.0%,0
khách sạn giá rẻ hạ long,Khách sạn Hạ Long,Lưu trú,In-scope Hạ Long,Transaction,50,N/A,N/A,N/A,Planner (Cao),data/google_planner/ha-long/Keyword Stats 2026-02-22 at 22_21_22.csv,"Tạo landing chuyển đổi (giá/vé/đặt chỗ), gom vào cluster page + build backlink nội bộ",B,82.50000000000001,0%,"14,677"
booking khách sạn hạ long,Khách sạn Hạ Long,Lưu trú,In-scope Hạ Long,Transaction,50,N/A,N/A,N/A,Planner (Cao),data/google_planner/ha-long/Keyword Stats 2026-02-22 at 22_21_22.csv,"Tạo landing chuyển đổi (giá/vé/đặt chỗ), gom vào cluster page + build backlink nội bộ",B,82.50000000000001,0%,"26,535"
thuê khách sạn ở hạ long,Khách sạn Hạ Long,Lưu trú,In-scope Hạ Long,Transaction,50,N/A,N/A,N/A,Planner (Cao),data/google_planner/ha-long/Keyword Stats 2026-02-22 at 22_21_22.csv,"Tạo landing chuyển đổi (giá/vé/đặt chỗ), gom vào cluster page + build backlink nội bộ",B,82.50000000000001,0%,"10,640"
gia ninh hotel hạ long,Khách sạn Hạ Long,Lưu trú,In-scope Hạ Long,Transaction,50,N/A,N/A,N/A,Planner (Thấp),data/google_planner/ha-long/Keyword Stats 2026-02-22 at 22_21_22.csv,"Tạo landing chuyển đổi (giá/vé/đặt chỗ), gom vào cluster page + build backlink nội bộ",B,82.50000000000001,0%,"9,896"
giá khách sạn công đoàn hạ long,Khách sạn Hạ Long,Lưu trú,In-scope Hạ Long,Transaction,50,N/A,N/A,N/A,Planner (Trung bình),data/google_planner/ha-long/Keyword Stats 2026-02-22 at 22_21_22.csv,"Tạo landing chuyển đổi (giá/vé/đặt chỗ), gom vào cluster page + build backlink nội bộ",B,82.50000000000001,0%,"4,415"
giá khách sạn tại hạ long,Khách sạn Hạ Long,Lưu trú,In-scope Hạ Long,Transaction,50,N/A,N/A,N/A,Planner (Cao),data/google_planner/ha-long/Keyword Stats 2026-02-22 at 22_21_22.csv,"Tạo landing chuyển đổi (giá/vé/đặt chỗ), gom vào cluster page + build backlink nội bộ",B,82.50000000000001,0%,"8,709"
giá phòng khách sạn ở hạ long,Khách sạn Hạ Long,Lưu trú,In-scope Hạ Long,Transaction,50,N/A,N/A,N/A,Planner (Cao),data/google_planner/ha-long/Keyword Stats 2026-02-22 at 22_21_22.csv,"Tạo landing chuyển đổi (giá/vé/đặt chỗ), gom vào cluster page + build backlink nội bộ",B,82.50000000000001,0%,"3,841"
khách sạn giá rẻ ở hạ long,Khách sạn Hạ Long,Lưu trú,In-scope Hạ Long,Transaction,50,N/A,N/A,N/A,Planner (Cao),data/google_planner/ha-long/Keyword Stats 2026-02-22 at 22_21_22.csv,"Tạo landing chuyển đổi (giá/vé/đặt chỗ), gom vào cluster page + build backlink nội bộ",B,82.50000000000001,0%,"16,311"
khách sạn hoàng phú gia hạ long,Khách sạn Hạ Long,Lưu trú,In-scope Hạ Long,Transaction,50,N/A,N/A,N/A,Planner (Trung bình),data/google_planner/ha-long/Keyword Stats 2026-02-22 at 22_21_22.csv,"Tạo landing chuyển đổi (giá/vé/đặt chỗ), gom vào cluster page + build backlink nội bộ",B,82.50000000000001,0%,"6,058"
khách sạn ở hạ long giá rẻ,Khách sạn Hạ Long,Lưu trú,In-scope Hạ Long,Transaction,50,N/A,N/A,N/A,Planner (Cao),data/google_planner/ha-long/Keyword Stats 2026-02-22 at 22_21_22.csv,"Tạo landing chuyển đổi (giá/vé/đặt chỗ), gom vào cluster page + build backlink nội bộ",B,82.50000000000001,0%,"11,686"
khách sạn muong thanh ha long,Khách sạn Hạ Long,Lưu trú,In-scope Hạ Long,Transaction,50,N/A,N/A,N/A,Planner (Trung bình),data/google_planner/ha-long/Keyword Stats 2026-02-22 at 22_21_22.csv,"Tạo landing chuyển đổi (giá/vé/đặt chỗ), gom vào cluster page + build backlink nội bộ",B,82.50000000000001,0%,"16,605"
khách sạn 5 sao ha long,Khách sạn Hạ Long,Lưu trú,In-scope Hạ Long,Transaction,50,N/A,N/A,N/A,Planner (Cao),data/google_planner/ha-long/Keyword Stats 2026-02-22 at 22_21_22.csv,"Tạo landing chuyển đổi (giá/vé/đặt chỗ), gom vào cluster page + build backlink nội bộ",B,82.50000000000001,0%,"10,474"
book khách sạn hạ long,Khách sạn Hạ Long,Lưu trú,In-scope Hạ Long,Transaction,50,N/A,N/A,N/A,Planner (Cao),data/google_planner/ha-long/Keyword Stats 2026-02-22 at 22_21_22.csv,"Tạo landing chuyển đổi (giá/vé/đặt chỗ), gom vào cluster page + build backlink nội bộ",B,82.50000000000001,0%,"37,915"
khách sạn đẹp ở hạ long,Khách sạn Hạ Long,Lưu trú,In-scope Hạ Long,Transaction,50,N/A,N/A,N/A,Planner (Cao),data/google_planner/ha-long/Keyword Stats 2026-02-22 at 22_21_22.csv,"Tạo landing chuyển đổi (giá/vé/đặt chỗ), gom vào cluster page + build backlink nội bộ",B,82.50000000000001,0%,"17,033"
đặt phòng khách sạn ở hạ long,Khách sạn Hạ Long,Lưu trú,In-scope Hạ Long,Transaction,50,N/A,N/A,N/A,Planner (Cao),data/google_planner/ha-long/Keyword Stats 2026-02-22 at 22_21_22.csv,"Tạo landing chuyển đổi (giá/vé/đặt chỗ), gom vào cluster page + build backlink nội bộ",B,82.50000000000001,0%,"48,018"
đặt khách sạn ở hạ long,Khách sạn Hạ Long,Lưu trú,In-scope Hạ Long,Transaction,50,N/A,N/A,N/A,Planner (Cao),data/google_planner/ha-long/Keyword Stats 2026-02-22 at 22_21_22.csv,"Tạo landing chuyển đổi (giá/vé/đặt chỗ), gom vào cluster page + build backlink nội bộ",B,82.50000000000001,0%,"88,334"
khach san muong thanh luxury ha long,Khách sạn Hạ Long,Lưu trú,In-scope Hạ Long,Transaction,50,N/A,N/A,N/A,Planner (Cao),data/google_planner/ha-long/Keyword Stats 2026-02-22 at 22_21_22.csv,"Tạo landing chuyển đổi (giá/vé/đặt chỗ), gom vào cluster page + build backlink nội bộ",B,82.50000000000001,0%,"8,310"
đặt phòng khách sạn mường thanh hạ long,Khách sạn Hạ Long,Lưu trú,In-scope Hạ Long,Transaction,50,N/A,N/A,N/A,Planner (Cao),data/google_planner/ha-long/Keyword Stats 2026-02-22 at 22_21_22.csv,"Tạo landing chuyển đổi (giá/vé/đặt chỗ), gom vào cluster page + build backlink nội bộ",B,82.50000000000001,0%,"19,925"
khach san 5 sao o ha long,Khách sạn Hạ Long,Lưu trú,In-scope Hạ Long,Transaction,50,N/A,N/A,N/A,Planner (Cao),data/google_planner/ha-long/Keyword Stats 2026-02-22 at 22_21_22.csv,"Tạo landing chuyển đổi (giá/vé/đặt chỗ), gom vào cluster page + build backlink nội bộ",B,82.50000000000001,0%,"4,781"
khách sạn đẹp hạ long,Khách sạn Hạ Long,Lưu trú,In-scope Hạ Long,Transaction,50,N/A,N/A,N/A,Planner (Cao),data/google_planner/ha-long/Keyword Stats 2026-02-22 at 22_21_22.csv,"Tạo landing chuyển đổi (giá/vé/đặt chỗ), gom vào cluster page + build backlink nội bộ",B,82.50000000000001,0%,"12,665"
khách sạn trung tâm hạ long,Khách sạn Hạ Long,Lưu trú,In-scope Hạ Long,Transaction,50,N/A,N/A,N/A,Planner (Cao),data/google_planner/ha-long/Keyword Stats 2026-02-22 at 22_21_22.csv,"Tạo landing chuyển đổi (giá/vé/đặt chỗ), gom vào cluster page + build backlink nội bộ",B,82.50000000000001,0%,"34,280"
mường thanh hotel hạ long,Khách sạn Hạ Long,Lưu trú,In-scope Hạ Long,Transaction,50,N/A,N/A,N/A,Planner (Trung bình),data/google_planner/ha-long/Keyword Stats 2026-02-22 at 22_21_22.csv,"Tạo landing chuyển đổi (giá/vé/đặt chỗ), gom vào cluster page + build backlink nội bộ",B,82.50000000000001,0%,"17,293"
khách sạn sojo hạ long,Khách sạn Hạ Long,Lưu trú,In-scope Hạ Long,Transaction,50,N/A,N/A,N/A,Planner (Trung bình),data/google_planner/ha-long/Keyword Stats 2026-02-22 at 22_21_22.csv,"Tạo landing chuyển đổi (giá/vé/đặt chỗ), gom vào cluster page + build backlink nội bộ",B,82.50000000000001,0%,"18,179"
khách sạn ở hòn gai quảng ninh,Khách sạn Hạ Long,Lưu trú,In-scope Hạ Long,Transaction,50,N/A,N/A,N/A,Planner (Cao),data/google_planner/ha-long/Keyword Stats 2026-02-22 at 22_21_22.csv,"Tạo landing chuyển đổi (giá/vé/đặt chỗ), gom vào cluster page + build backlink nội bộ",B,82.50000000000001,0%,"10,907"
ivy hotel hạ long,Khách sạn Hạ Long,Lưu trú,In-scope Hạ Long,Transaction,50,N/A,N/A,N/A,Planner (Cao),data/google_planner/ha-long/Keyword Stats 2026-02-22 at 22_21_22.csv,"Tạo landing chuyển đổi (giá/vé/đặt chỗ), gom vào cluster page + build backlink nội bộ",B,82.50000000000001,0%,"8,100"
khách sạn plaza hạ long,Khách sạn Hạ Long,Lưu trú,In-scope Hạ Long,Transaction,50,N/A,N/A,N/A,Planner (Thấp),data/google_planner/ha-long/Keyword Stats 2026-02-22 at 22_21_22.csv,"Tạo landing chuyển đổi (giá/vé/đặt chỗ), gom vào cluster page + build backlink nội bộ",B,82.50000000000001,0%,"8,894"
agoda khách sạn hạ long,Khách sạn Hạ Long,Lưu trú,In-scope Hạ Long,Transaction,50,N/A,N/A,N/A,Planner (Cao),data/google_planner/ha-long/Keyword Stats 2026-02-22 at 22_21_22.csv,"Tạo landing chuyển đổi (giá/vé/đặt chỗ), gom vào cluster page + build backlink nội bộ",B,82.50000000000001,0%,"14,027"
an phú hotel hạ long,Khách sạn Hạ Long,Lưu trú,In-scope Hạ Long,Transaction,50,N/A,N/A,N/A,Planner (Trung bình),data/google_planner/ha-long/Keyword Stats 2026-02-22 at 22_21_22.csv,"Tạo landing chuyển đổi (giá/vé/đặt chỗ), gom vào cluster page + build backlink nội bộ",B,82.50000000000001,0%,"4,270"
boutique hotel hạ long,Khách sạn Hạ Long,Lưu trú,In-scope Hạ Long,Transaction,50,N/A,N/A,N/A,Planner (Cao),data/google_planner/ha-long/Keyword Stats 2026-02-22 at 22_21_22.csv,"Tạo landing chuyển đổi (giá/vé/đặt chỗ), gom vào cluster page + build backlink nội bộ",B,82.50000000000001,0%,"4,709"
bạch đằng hotel hạ long,Khách sạn Hạ Long,Lưu trú,In-scope Hạ Long,Transaction,50,N/A,N/A,N/A,Planner (Thấp),data/google_planner/ha-long/Keyword Stats 2026-02-22 at 22_21_22.csv,"Tạo landing chuyển đổi (giá/vé/đặt chỗ), gom vào cluster page + build backlink nội bộ",B,82.50000000000001,0%,"3,822"
city bay hotel hạ long,Khách sạn Hạ Long,Lưu trú,In-scope Hạ Long,Transaction,50,N/A,N/A,N/A,Planner (Cao),data/google_planner/ha-long/Keyword Stats 2026-02-22 at 22_21_22.csv,"Tạo landing chuyển đổi (giá/vé/đặt chỗ), gom vào cluster page + build backlink nội bộ",B,82.50000000000001,0%,"51,939"
các khách sạn 3 sao ở hạ long,Khách sạn Hạ Long,Lưu trú,In-scope Hạ Long,Transaction,50,N/A,N/A,N/A,Planner (Cao),data/google_planner/ha-long/Keyword Stats 2026-02-22 at 22_21_22.csv,"Tạo landing chuyển đổi (giá/vé/đặt chỗ), gom vào cluster page + build backlink nội bộ",B,82.50000000000001,0%,"2,153"
các khách sạn 4 sao ở hạ long,Khách sạn Hạ Long,Lưu trú,In-scope Hạ Long,Transaction,50,N/A,N/A,N/A,Planner (Cao),data/google_planner/ha-long/Keyword Stats 2026-02-22 at 22_21_22.csv,"Tạo landing chuyển đổi (giá/vé/đặt chỗ), gom vào cluster page + build backlink nội bộ",B,82.50000000000001,0%,"3,970"
các khách sạn 5 sao hạ long,Khách sạn Hạ Long,Lưu trú,In-scope Hạ Long,Transaction,50,N/A,N/A,N/A,Planner (Cao),data/google_planner/ha-long/Keyword Stats 2026-02-22 at 22_21_22.csv,"Tạo landing chuyển đổi (giá/vé/đặt chỗ), gom vào cluster page + build backlink nội bộ",B,82.50000000000001,0%,"12,229"
các khách sạn 5 sao ở hạ long,Khách sạn Hạ Long,Lưu trú,In-scope Hạ Long,Transaction,50,N/A,N/A,N/A,Planner (Cao),data/google_planner/ha-long/Keyword Stats 2026-02-22 at 22_21_22.csv,"Tạo landing chuyển đổi (giá/vé/đặt chỗ), gom vào cluster page + build backlink nội bộ",B,82.50000000000001,0%,"4,768"
các khách sạn hạ long,Khách sạn Hạ Long,Lưu trú,In-scope Hạ Long,Transaction,50,N/A,N/A,N/A,Planner (Cao),data/google_planner/ha-long/Keyword Stats 2026-02-22 at 22_21_22.csv,"Tạo landing chuyển đổi (giá/vé/đặt chỗ), gom vào cluster page + build backlink nội bộ",B,82.50000000000001,0%,"7,912"
các khách sạn tại hạ long,Khách sạn Hạ Long,Lưu trú,In-scope Hạ Long,Transaction,50,N/A,N/A,N/A,Planner (Cao),data/google_planner/ha-long/Keyword Stats 2026-02-22 at 22_21_22.csv,"Tạo landing chuyển đổi (giá/vé/đặt chỗ), gom vào cluster page + build backlink nội bộ",B,82.50000000000001,0%,"11,231"
các khách sạn đẹp ở hạ long,Khách sạn Hạ Long,Lưu trú,In-scope Hạ Long,Transaction,50,N/A,N/A,N/A,Planner (Cao),data/google_planner/ha-long/Keyword Stats 2026-02-22 at 22_21_22.csv,"Tạo landing chuyển đổi (giá/vé/đặt chỗ), gom vào cluster page + build backlink nội bộ",B,82.50000000000001,0%,"4,703"
công đoàn hotel hạ long,Khách sạn Hạ Long,Lưu trú,In-scope Hạ Long,Transaction,50,N/A,N/A,N/A,Planner (Thấp),data/google_planner/ha-long/Keyword Stats 2026-02-22 at 22_21_22.csv,"Tạo landing chuyển đổi (giá/vé/đặt chỗ), gom vào cluster page + build backlink nội bộ",B,82.50000000000001,0%,"10,906"
căn hộ nghỉ dưỡng hạ long,Khách sạn Hạ Long,Lưu trú,In-scope Hạ Long,Transaction,50,N/A,N/A,N/A,Planner (Cao),data/google_planner/ha-long/Keyword Stats 2026-02-22 at 22_21_22.csv,"Tạo landing chuyển đổi (giá/vé/đặt chỗ), gom vào cluster page + build backlink nội bộ",B,82.50000000000001,0%,"34,665"
d lecia hotel hạ long,Khách sạn Hạ Long,Lưu trú,In-scope Hạ Long,Transaction,50,N/A,N/A,N/A,Planner (Trung bình),data/google_planner/ha-long/Keyword Stats 2026-02-22 at 22_21_22.csv,"Tạo landing chuyển đổi (giá/vé/đặt chỗ), gom vào cluster page + build backlink nội bộ",B,82.50000000000001,0%,"10,347"
d lioro hotel hạ long,Khách sạn Hạ Long,Lưu trú,In-scope Hạ Long,Transaction,50,N/A,N/A,N/A,Planner (Trung bình),data/google_planner/ha-long/Keyword Stats 2026-02-22 at 22_21_22.csv,"Tạo landing chuyển đổi (giá/vé/đặt chỗ), gom vào cluster page + build backlink nội bộ",B,82.50000000000001,0%,"3,116"
dc hotel hạ long,Khách sạn Hạ Long,Lưu trú,In-scope Hạ Long,Transaction,50,N/A,N/A,N/A,Planner (Cao),data/google_planner/ha-long/Keyword Stats 2026-02-22 at 22_21_22.csv,"Tạo landing chuyển đổi (giá/vé/đặt chỗ), gom vào cluster page + build backlink nội bộ",B,82.50000000000001,0%,"8,965"
eden hotel hạ long,Khách sạn Hạ Long,Lưu trú,In-scope Hạ Long,Transaction,50,N/A,N/A,N/A,Planner (Thấp),data/google_planner/ha-long/Keyword Stats 2026-02-22 at 22_21_22.csv,"Tạo landing chuyển đổi (giá/vé/đặt chỗ), gom vào cluster page + build backlink nội bộ",B,82.50000000000001,0%,"9,423"
emma hotel hạ long,Khách sạn Hạ Long,Lưu trú,In-scope Hạ Long,Transaction,50,N/A,N/A,N/A,Planner (Thấp),data/google_planner/ha-long/Keyword Stats 2026-02-22 at 22_21_22.csv,"Tạo landing chuyển đổi (giá/vé/đặt chỗ), gom vào cluster page + build backlink nội bộ",B,82.50000000000001,0%,"9,380"
flc hotel hạ long,Khách sạn Hạ Long,Lưu trú,In-scope Hạ Long,Transaction,50,N/A,N/A,N/A,Planner (Trung bình),data/google_planner/ha-long/Keyword Stats 2026-02-22 at 22_21_22.csv,"Tạo landing chuyển đổi (giá/vé/đặt chỗ), gom vào cluster page + build backlink nội bộ",B,82.50000000000001,0%,"51,939"
flc hạ long khách sạn,Khách sạn Hạ Long,Lưu trú,In-scope Hạ Long,Transaction,50,N/A,N/A,N/A,Planner (Trung bình),data/google_planner/ha-long/Keyword Stats 2026-02-22 at 22_21_22.csv,"Tạo landing chuyển đổi (giá/vé/đặt chỗ), gom vào cluster page + build backlink nội bộ",B,82.50000000000001,0%,"51,939"
g7 hotel hạ long,Khách sạn Hạ Long,Lưu trú,In-scope Hạ Long,Transaction,50,N/A,N/A,N/A,Planner (Trung bình),data/google_planner/ha-long/Keyword Stats 2026-02-22 at 22_21_22.csv,"Tạo landing chuyển đổi (giá/vé/đặt chỗ), gom vào cluster page + build backlink nội bộ",B,82.50000000000001,0%,"30,109"
golden hotel hạ long,Khách sạn Hạ Long,Lưu trú,In-scope Hạ Long,Transaction,50,N/A,N/A,N/A,Planner (Thấp),data/google_planner/ha-long/Keyword Stats 2026-02-22 at 22_21_22.csv,"Tạo landing chuyển đổi (giá/vé/đặt chỗ), gom vào cluster page + build backlink nội bộ",B,82.50000000000001,0%,"2,519"
golden lotus hotel hạ long,Khách sạn Hạ Long,Lưu trú,In-scope Hạ Long,Transaction,50,N/A,N/A,N/A,Planner (Trung bình),data/google_planner/ha-long/Keyword Stats 2026-02-22 at 22_21_22.csv,"Tạo landing chuyển đổi (giá/vé/đặt chỗ), gom vào cluster page + build backlink nội bộ",B,82.50000000000001,0%,"31,210"
grand hotel hạ long,Khách sạn Hạ Long,Lưu trú,In-scope Hạ Long,Transaction,50,N/A,N/A,N/A,Planner (Thấp),data/google_planner/ha-long/Keyword Stats 2026-02-22 at 22_21_22.csv,"Tạo landing chuyển đổi (giá/vé/đặt chỗ), gom vào cluster page + build backlink nội bộ",B,82.50000000000001,0%,"7,263"
halios hotel hạ long,Khách sạn Hạ Long,Lưu trú,In-scope Hạ Long,Transaction,50,N/A,N/A,N/A,Planner (Cao),data/google_planner/ha-long/Keyword Stats 2026-02-22 at 22_21_22.csv,"Tạo landing chuyển đổi (giá/vé/đặt chỗ), gom vào cluster page + build backlink nội bộ",B,82.50000000000001,0%,"15,468"
halios hạ long hotel,Khách sạn Hạ Long,Lưu trú,In-scope Hạ Long,Transaction,50,N/A,N/A,N/A,Planner (Cao),data/google_planner/ha-long/Keyword Stats 2026-02-22 at 22_21_22.csv,"Tạo landing chuyển đổi (giá/vé/đặt chỗ), gom vào cluster page + build backlink nội bộ",B,82.50000000000001,0%,"9,058"
holiday hotel hạ long,Khách sạn Hạ Long,Lưu trú,In-scope Hạ Long,Transaction,50,N/A,N/A,N/A,Planner (Thấp),data/google_planner/ha-long/Keyword Stats 2026-02-22 at 22_21_22.csv,"Tạo landing chuyển đổi (giá/vé/đặt chỗ), gom vào cluster page + build backlink nội bộ",B,82.50000000000001,0%,"51,939"
hạ long khách sạn 5 sao,Khách sạn Hạ Long,Lưu trú,In-scope Hạ Long,Transaction,50,N/A,N/A,N/A,Planner (Cao),data/google_planner/ha-long/Keyword Stats 2026-02-22 at 22_21_22.csv,"Tạo landing chuyển đổi (giá/vé/đặt chỗ), gom vào cluster page + build backlink nội bộ",B,82.50000000000001,0%,"4,908"
hạ long lavender hotel,Khách sạn Hạ Long,Lưu trú,In-scope Hạ Long,Transaction,50,N/A,N/A,N/A,Planner (Thấp),data/google_planner/ha-long/Keyword Stats 2026-02-22 at 22_21_22.csv,"Tạo landing chuyển đổi (giá/vé/đặt chỗ), gom vào cluster page + build backlink nội bộ",B,82.50000000000001,0%,"28,149"
khách sạn 3 sao tại hạ long,Khách sạn Hạ Long,Lưu trú,In-scope Hạ Long,Transaction,50,N/A,N/A,N/A,Planner (Cao),data/google_planner/ha-long/Keyword Stats 2026-02-22 at 22_21_22.csv,"Tạo landing chuyển đổi (giá/vé/đặt chỗ), gom vào cluster page + build backlink nội bộ",B,82.50000000000001,0%,"7,597"
khách sạn 4 sao tại hạ long,Khách sạn Hạ Long,Lưu trú,In-scope Hạ Long,Transaction,50,N/A,N/A,N/A,Planner (Trung bình),data/google_planner/ha-long/Keyword Stats 2026-02-22 at 22_21_22.csv,"Tạo landing chuyển đổi (giá/vé/đặt chỗ), gom vào cluster page + build backlink nội bộ",B,82.50000000000001,0%,"6,660"
khach san bach dang ha long,Khách sạn Hạ Long,Lưu trú,In-scope Hạ Long,Transaction,50,N/A,N/A,N/A,Planner (Thấp),data/google_planner/ha-long/Keyword Stats 2026-02-22 at 22_21_22.csv,"Tạo landing chuyển đổi (giá/vé/đặt chỗ), gom vào cluster page + build backlink nội bộ",B,82.50000000000001,0%,"3,822"
khách sạn dc hạ long,Khách sạn Hạ Long,Lưu trú,In-scope Hạ Long,Transaction,50,N/A,N/A,N/A,Planner (Trung bình),data/google_planner/ha-long/Keyword Stats 2026-02-22 at 22_21_22.csv,"Tạo landing chuyển đổi (giá/vé/đặt chỗ), gom vào cluster page + build backlink nội bộ",B,82.50000000000001,0%,"6,867"
khach san dep o ha long,Khách sạn Hạ Long,Lưu trú,In-scope Hạ Long,Transaction,50,N/A,N/A,N/A,Planner (Cao),data/google_planner/ha-long/Keyword Stats 2026-02-22 at 22_21_22.csv,"Tạo landing chuyển đổi (giá/vé/đặt chỗ), gom vào cluster page + build backlink nội bộ",B,82.50000000000001,0%,"12,232"
khách sạn hạ long 4 sao,Khách sạn Hạ Long,Lưu trú,In-scope Hạ Long,Transaction,50,N/A,N/A,N/A,Planner (Cao),data/google_planner/ha-long/Keyword Stats 2026-02-22 at 22_21_22.csv,"Tạo landing chuyển đổi (giá/vé/đặt chỗ), gom vào cluster page + build backlink nội bộ",B,82.50000000000001,0%,"21,035"
khách sạn hạ long dc,Khách sạn Hạ Long,Lưu trú,In-scope Hạ Long,Transaction,50,N/A,N/A,N/A,Planner (Thấp),data/google_planner/ha-long/Keyword Stats 2026-02-22 at 22_21_22.csv,"Tạo landing chuyển đổi (giá/vé/đặt chỗ), gom vào cluster page + build backlink nội bộ",B,82.50000000000001,0%,"5,614"
khách sạn hạ long dream,Khách sạn Hạ Long,Lưu trú,In-scope Hạ Long,Transaction,50,N/A,N/A,N/A,Planner (Trung bình),data/google_planner/ha-long/Keyword Stats 2026-02-22 at 22_21_22.csv,"Tạo landing chuyển đổi (giá/vé/đặt chỗ), gom vào cluster page + build backlink nội bộ",B,82.50000000000001,0%,"8,850"
khách sạn hải quân hạ long,Khách sạn Hạ Long,Lưu trú,In-scope Hạ Long,Transaction,50,N/A,N/A,N/A,Planner (Trung bình),data/google_planner/ha-long/Keyword Stats 2026-02-22 at 22_21_22.csv,"Tạo landing chuyển đổi (giá/vé/đặt chỗ), gom vào cluster page + build backlink nội bộ",B,82.50000000000001,0%,"14,622"
khách sạn làng chài hạ long,Khách sạn Hạ Long,Lưu trú,In-scope Hạ Long,Transaction,50,N/A,N/A,N/A,Planner (Thấp),data/google_planner/ha-long/Keyword Stats 2026-02-22 at 22_21_22.csv,"Tạo landing chuyển đổi (giá/vé/đặt chỗ), gom vào cluster page + build backlink nội bộ",B,82.50000000000001,0%,"6,467"
khách sạn lotus hạ long,Khách sạn Hạ Long,Lưu trú,In-scope Hạ Long,Transaction,50,N/A,N/A,N/A,Planner (Thấp),data/google_planner/ha-long/Keyword Stats 2026-02-22 at 22_21_22.csv,"Tạo landing chuyển đổi (giá/vé/đặt chỗ), gom vào cluster page + build backlink nội bộ",B,82.50000000000001,0%,"8,073"
khách sạn ngọc lan hạ long,Khách sạn Hạ Long,Lưu trú,In-scope Hạ Long,Transaction,50,N/A,N/A,N/A,Planner (Thấp),data/google_planner/ha-long/Keyword Stats 2026-02-22 at 22_21_22.csv,"Tạo landing chuyển đổi (giá/vé/đặt chỗ), gom vào cluster page + build backlink nội bộ",B,82.50000000000001,0%,"6,862"
khách sạn royal lotus hạ long,Khách sạn Hạ Long,Lưu trú,In-scope Hạ Long,Transaction,50,N/A,N/A,N/A,Planner (Thấp),data/google_planner/ha-long/Keyword Stats 2026-02-22 at 22_21_22.csv,"Tạo landing chuyển đổi (giá/vé/đặt chỗ), gom vào cluster page + build backlink nội bộ",B,82.50000000000001,0%,"20,810"
khách sạn ruby hạ long,Khách sạn Hạ Long,Lưu trú,In-scope Hạ Long,Transaction,50,N/A,N/A,N/A,Planner (Thấp),data/google_planner/ha-long/Keyword Stats 2026-02-22 at 22_21_22.csv,"Tạo landing chuyển đổi (giá/vé/đặt chỗ), gom vào cluster page + build backlink nội bộ",B,82.50000000000001,0%,"8,194"
khách sạn tốt ở hạ long,Khách sạn Hạ Long,Lưu trú,In-scope Hạ Long,Transaction,50,N/A,N/A,N/A,Planner (Cao),data/google_planner/ha-long/Keyword Stats 2026-02-22 at 22_21_22.csv,"Tạo landing chuyển đổi (giá/vé/đặt chỗ), gom vào cluster page + build backlink nội bộ",B,82.50000000000001,0%,"15,838"
khách sạn 2 sao hạ long,Khách sạn Hạ Long,Lưu trú,In-scope Hạ Long,Transaction,50,N/A,N/A,N/A,Planner (Cao),data/google_planner/ha-long/Keyword Stats 2026-02-22 at 22_21_22.csv,"Tạo landing chuyển đổi (giá/vé/đặt chỗ), gom vào cluster page + build backlink nội bộ",B,82.50000000000001,0%,"12,465"
khách sạn 2 sao tại hạ long,Khách sạn Hạ Long,Lưu trú,In-scope Hạ Long,Transaction,50,N/A,N/A,N/A,Planner (Cao),data/google_planner/ha-long/Keyword Stats 2026-02-22 at 22_21_22.csv,"Tạo landing chuyển đổi (giá/vé/đặt chỗ), gom vào cluster page + build backlink nội bộ",B,82.50000000000001,0%,"10,254"
khách sạn 3 * hạ long,Khách sạn Hạ Long,Lưu trú,In-scope Hạ Long,Transaction,50,N/A,N/A,N/A,Planner (Cao),data/google_planner/ha-long/Keyword Stats 2026-02-22 at 22_21_22.csv,"Tạo landing chuyển đổi (giá/vé/đặt chỗ), gom vào cluster page + build backlink nội bộ",B,82.50000000000001,0%,"3,326"
khách sạn 5 * hạ long,Khách sạn Hạ Long,Lưu trú,In-scope Hạ Long,Transaction,50,N/A,N/A,N/A,Planner (Cao),data/google_planner/ha-long/Keyword Stats 2026-02-22 at 22_21_22.csv,"Tạo landing chuyển đổi (giá/vé/đặt chỗ), gom vào cluster page + build backlink nội bộ",B,82.50000000000001,0%,"6,752"
khách sạn 5 sao mường thanh hạ long,Khách sạn Hạ Long,Lưu trú,In-scope Hạ Long,Transaction,50,N/A,N/A,N/A,Planner (Trung bình),data/google_planner/ha-long/Keyword Stats 2026-02-22 at 22_21_22.csv,"Tạo landing chuyển đổi (giá/vé/đặt chỗ), gom vào cluster page + build backlink nội bộ",B,82.50000000000001,0%,"4,279"
khách sạn 6 sao hạ long,Khách sạn Hạ Long,Lưu trú,In-scope Hạ Long,Transaction,50,N/A,N/A,N/A,Planner (Cao),data/google_planner/ha-long/Keyword Stats 2026-02-22 at 22_21_22.csv,"Tạo landing chuyển đổi (giá/vé/đặt chỗ), gom vào cluster page + build backlink nội bộ",B,82.50000000000001,0%,"6,684"
khách sạn 7 màu hạ long,Khách sạn Hạ Long,Lưu trú,In-scope Hạ Long,Transaction,50,N/A,N/A,N/A,Planner (Thấp),data/google_planner/ha-long/Keyword Stats 2026-02-22 at 22_21_22.csv,"Tạo landing chuyển đổi (giá/vé/đặt chỗ), gom vào cluster page + build backlink nội bộ",B,82.50000000000001,0%,"51,939"
khách sạn an phú hạ long,Khách sạn Hạ Long,Lưu trú,In-scope Hạ Long,Transaction,50,N/A,N/A,N/A,Planner (Trung bình),data/google_planner/ha-long/Keyword Stats 2026-02-22 at 22_21_22.csv,"Tạo landing chuyển đổi (giá/vé/đặt chỗ), gom vào cluster page + build backlink nội bộ",B,82.50000000000001,0%,"2,012"
khách sạn best western premier sapphire hạ long,Khách sạn Hạ Long,Lưu trú,In-scope Hạ Long,Transaction,50,N/A,N/A,N/A,Planner (Thấp),data/google_planner/ha-long/Keyword Stats 2026-02-22 at 22_21_22.csv,"Tạo landing chuyển đổi (giá/vé/đặt chỗ), gom vào cluster page + build backlink nội bộ",B,82.50000000000001,-90.0%,"12,076"
khách sạn biển đông hạ long,Khách sạn Hạ Long,Lưu trú,In-scope Hạ Long,Transaction,50,N/A,N/A,N/A,Planner (Thấp),data/google_planner/ha-long/Keyword Stats 2026-02-22 at 22_21_22.csv,"Tạo landing chuyển đổi (giá/vé/đặt chỗ), gom vào cluster page + build backlink nội bộ",B,82.50000000000001,0%,"12,206"
khách sạn boutique hạ long,Khách sạn Hạ Long,Lưu trú,In-scope Hạ Long,Transaction,50,N/A,N/A,N/A,Planner (Cao),data/google_planner/ha-long/Keyword Stats 2026-02-22 at 22_21_22.csv,"Tạo landing chuyển đổi (giá/vé/đặt chỗ), gom vào cluster page + build backlink nội bộ",B,82.50000000000001,0%,"17,439"
khách sạn bên hòn gai,Khách sạn Hạ Long,Lưu trú,In-scope Hạ Long,Transaction,50,N/A,N/A,N/A,Planner (Cao),data/google_planner/ha-long/Keyword Stats 2026-02-22 at 22_21_22.csv,"Tạo landing chuyển đổi (giá/vé/đặt chỗ), gom vào cluster page + build backlink nội bộ",B,82.50000000000001,0%,"13,078"
khách sạn bảo hân hạ long,Khách sạn Hạ Long,Lưu trú,In-scope Hạ Long,Transaction,50,N/A,N/A,N/A,Planner (Thấp),data/google_planner/ha-long/Keyword Stats 2026-02-22 at 22_21_22.csv,"Tạo landing chuyển đổi (giá/vé/đặt chỗ), gom vào cluster page + build backlink nội bộ",B,82.50000000000001,0%,"8,865"
khách sạn city bay hạ long,Khách sạn Hạ Long,Lưu trú,In-scope Hạ Long,Transaction,50,N/A,N/A,N/A,Planner (Cao),data/google_planner/ha-long/Keyword Stats 2026-02-22 at 22_21_22.csv,"Tạo landing chuyển đổi (giá/vé/đặt chỗ), gom vào cluster page + build backlink nội bộ",B,82.50000000000001,0%,"51,939"
khách sạn diamond luxury hạ long,Khách sạn Hạ Long,Lưu trú,In-scope Hạ Long,Transaction,50,N/A,N/A,N/A,Planner (Trung bình),data/google_planner/ha-long/Keyword Stats 2026-02-22 at 22_21_22.csv,"Tạo landing chuyển đổi (giá/vé/đặt chỗ), gom vào cluster page + build backlink nội bộ",B,82.50000000000001,0%,"11,167"
khách sạn draha hạ long,Khách sạn Hạ Long,Lưu trú,In-scope Hạ Long,Transaction,50,N/A,N/A,N/A,Planner (Trung bình),data/google_planner/ha-long/Keyword Stats 2026-02-22 at 22_21_22.csv,"Tạo landing chuyển đổi (giá/vé/đặt chỗ), gom vào cluster page + build backlink nội bộ",B,82.50000000000001,0%,"12,446"
khách sạn du thuyền hạ long,Khách sạn Hạ Long,Lưu trú,In-scope Hạ Long,Transaction,50,N/A,N/A,N/A,Planner (Trung bình),data/google_planner/ha-long/Keyword Stats 2026-02-22 at 22_21_22.csv,"Tạo landing chuyển đổi (giá/vé/đặt chỗ), gom vào cluster page + build backlink nội bộ",B,82.50000000000001,0%,"51,939"
khách sạn emma hạ long,Khách sạn Hạ Long,Lưu trú,In-scope Hạ Long,Transaction,50,N/A,N/A,N/A,Planner (Thấp),data/google_planner/ha-long/Keyword Stats 2026-02-22 at 22_21_22.csv,"Tạo landing chuyển đổi (giá/vé/đặt chỗ), gom vào cluster page + build backlink nội bộ",B,82.50000000000001,0%,"4,465"
khách sạn flc grand hạ long,Khách sạn Hạ Long,Lưu trú,In-scope Hạ Long,Transaction,50,N/A,N/A,N/A,Planner (Trung bình),data/google_planner/ha-long/Keyword Stats 2026-02-22 at 22_21_22.csv,"Tạo landing chuyển đổi (giá/vé/đặt chỗ), gom vào cluster page + build backlink nội bộ",B,82.50000000000001,0%,"51,939"
khách sạn g7 hạ long,Khách sạn Hạ Long,Lưu trú,In-scope Hạ Long,Transaction,50,N/A,N/A,N/A,Planner (Thấp),data/google_planner/ha-long/Keyword Stats 2026-02-22 at 22_21_22.csv,"Tạo landing chuyển đổi (giá/vé/đặt chỗ), gom vào cluster page + build backlink nội bộ",B,82.50000000000001,0%,"14,198"
khách sạn golden lotus hạ long,Khách sạn Hạ Long,Lưu trú,In-scope Hạ Long,Transaction,50,N/A,N/A,N/A,Planner (Thấp),data/google_planner/ha-long/Keyword Stats 2026-02-22 at 22_21_22.csv,"Tạo landing chuyển đổi (giá/vé/đặt chỗ), gom vào cluster page + build backlink nội bộ",B,82.50000000000001,0%,"4,316"
khách sạn grand fleuve hạ long,Khách sạn Hạ Long,Lưu trú,In-scope Hạ Long,Transaction,50,N/A,N/A,N/A,Planner (Cao),data/google_planner/ha-long/Keyword Stats 2026-02-22 at 22_21_22.csv,"Tạo landing chuyển đổi (giá/vé/đặt chỗ), gom vào cluster page + build backlink nội bộ",B,82.50000000000001,0%,"9,512"
khách sạn green bay hạ long,Khách sạn Hạ Long,Lưu trú,In-scope Hạ Long,Transaction,50,N/A,N/A,N/A,Planner (Trung bình),data/google_planner/ha-long/Keyword Stats 2026-02-22 at 22_21_22.csv,"Tạo landing chuyển đổi (giá/vé/đặt chỗ), gom vào cluster page + build backlink nội bộ",B,82.50000000000001,0%,"51,939"
khách sạn green suites hotel hạ long,Khách sạn Hạ Long,Lưu trú,In-scope Hạ Long,Transaction,50,N/A,N/A,N/A,Planner (Trung bình),data/google_planner/ha-long/Keyword Stats 2026-02-22 at 22_21_22.csv,"Tạo landing chuyển đổi (giá/vé/đặt chỗ), gom vào cluster page + build backlink nội bộ",B,82.50000000000001,0%,"27,187"
khách sạn gần chợ đêm hạ long,Khách sạn Hạ Long,Lưu trú,In-scope Hạ Long,Transaction,50,N/A,N/A,N/A,Planner (Cao),data/google_planner/ha-long/Keyword Stats 2026-02-22 at 22_21_22.csv,"Tạo landing chuyển đổi (giá/vé/đặt chỗ), gom vào cluster page + build backlink nội bộ",B,82.50000000000001,0%,"30,418"
khách sạn gần flc hạ long,Khách sạn Hạ Long,Lưu trú,In-scope Hạ Long,Transaction,50,N/A,N/A,N/A,Planner (Cao),data/google_planner/ha-long/Keyword Stats 2026-02-22 at 22_21_22.csv,"Tạo landing chuyển đổi (giá/vé/đặt chỗ), gom vào cluster page + build backlink nội bộ",B,82.50000000000001,0%,"51,939"
khách sạn gần hạ long,Khách sạn Hạ Long,Lưu trú,In-scope Hạ Long,Transaction,50,N/A,N/A,N/A,Planner (Cao),data/google_planner/ha-long/Keyword Stats 2026-02-22 at 22_21_22.csv,"Tạo landing chuyển đổi (giá/vé/đặt chỗ), gom vào cluster page + build backlink nội bộ",B,82.50000000000001,0%,"20,082"
khách sạn gần mường thanh hạ long,Khách sạn Hạ Long,Lưu trú,In-scope Hạ Long,Transaction,50,N/A,N/A,N/A,Planner (Cao),data/google_planner/ha-long/Keyword Stats 2026-02-22 at 22_21_22.csv,"Tạo landing chuyển đổi (giá/vé/đặt chỗ), gom vào cluster page + build backlink nội bộ",B,82.50000000000001,0%,"6,229"
khách sạn gần sun world hạ long,Khách sạn Hạ Long,Lưu trú,In-scope Hạ Long,Transaction,50,N/A,N/A,N/A,Planner (Cao),data/google_planner/ha-long/Keyword Stats 2026-02-22 at 22_21_22.csv,"Tạo landing chuyển đổi (giá/vé/đặt chỗ), gom vào cluster page + build backlink nội bộ",B,82.50000000000001,0%,"11,506"
khách sạn gần vincom hạ long,Khách sạn Hạ Long,Lưu trú,In-scope Hạ Long,Transaction,50,N/A,N/A,N/A,Planner (Cao),data/google_planner/ha-long/Keyword Stats 2026-02-22 at 22_21_22.csv,"Tạo landing chuyển đổi (giá/vé/đặt chỗ), gom vào cluster page + build backlink nội bộ",B,82.50000000000001,0%,"19,513"
khách sạn helen hạ long,Khách sạn Hạ Long,Lưu trú,In-scope Hạ Long,Transaction,50,N/A,N/A,N/A,Planner (Thấp),data/google_planner/ha-long/Keyword Stats 2026-02-22 at 22_21_22.csv,"Tạo landing chuyển đổi (giá/vé/đặt chỗ), gom vào cluster page + build backlink nội bộ",B,82.50000000000001,0%,"6,980"
khách sạn hùng thắng hạ long,Khách sạn Hạ Long,Lưu trú,In-scope Hạ Long,Transaction,50,N/A,N/A,N/A,Planner (Trung bình),data/google_planner/ha-long/Keyword Stats 2026-02-22 at 22_21_22.csv,"Tạo landing chuyển đổi (giá/vé/đặt chỗ), gom vào cluster page + build backlink nội bộ",B,82.50000000000001,0%,"14,650"
khách sạn hạ long central,Khách sạn Hạ Long,Lưu trú,In-scope Hạ Long,Transaction,50,N/A,N/A,N/A,Planner (Thấp),data/google_planner/ha-long/Keyword Stats 2026-02-22 at 22_21_22.csv,"Tạo landing chuyển đổi (giá/vé/đặt chỗ), gom vào cluster page + build backlink nội bộ",B,82.50000000000001,0%,"22,853"
khách sạn hạ long golden,Khách sạn Hạ Long,Lưu trú,In-scope Hạ Long,Transaction,50,N/A,N/A,N/A,Planner (Trung bình),data/google_planner/ha-long/Keyword Stats 2026-02-22 at 22_21_22.csv,"Tạo landing chuyển đổi (giá/vé/đặt chỗ), gom vào cluster page + build backlink nội bộ",B,82.50000000000001,0%,"17,371"
khách sạn hạ long halios,Khách sạn Hạ Long,Lưu trú,In-scope Hạ Long,Transaction,50,N/A,N/A,N/A,Planner (Trung bình),data/google_planner/ha-long/Keyword Stats 2026-02-22 at 22_21_22.csv,"Tạo landing chuyển đổi (giá/vé/đặt chỗ), gom vào cluster page + build backlink nội bộ",B,82.50000000000001,0%,"16,778"
khách sạn hạ long new century,Khách sạn Hạ Long,Lưu trú,In-scope Hạ Long,Transaction,50,N/A,N/A,N/A,Planner (Cao),data/google_planner/ha-long/Keyword Stats 2026-02-22 at 22_21_22.csv,"Tạo landing chuyển đổi (giá/vé/đặt chỗ), gom vào cluster page + build backlink nội bộ",B,82.50000000000001,0%,"64,404"
khách sạn hạ long sát biển,Khách sạn Hạ Long,Lưu trú,In-scope Hạ Long,Transaction,50,N/A,N/A,N/A,Planner (Cao),data/google_planner/ha-long/Keyword Stats 2026-02-22 at 22_21_22.csv,"Tạo landing chuyển đổi (giá/vé/đặt chỗ), gom vào cluster page + build backlink nội bộ",B,82.50000000000001,0%,"7,856"
khách sạn hạ long view biển,Khách sạn Hạ Long,Lưu trú,In-scope Hạ Long,Transaction,50,N/A,N/A,N/A,Planner (Cao),data/google_planner/ha-long/Keyword Stats 2026-02-22 at 22_21_22.csv,"Tạo landing chuyển đổi (giá/vé/đặt chỗ), gom vào cluster page + build backlink nội bộ",B,82.50000000000001,0%,"18,922"
khách sạn khu vực hạ long,Khách sạn Hạ Long,Lưu trú,In-scope Hạ Long,Transaction,50,N/A,N/A,N/A,Planner (Trung bình),data/google_planner/ha-long/Keyword Stats 2026-02-22 at 22_21_22.csv,"Tạo landing chuyển đổi (giá/vé/đặt chỗ), gom vào cluster page + build backlink nội bộ",B,82.50000000000001,0%,"11,378"
khách sạn linh trang hạ long,Khách sạn Hạ Long,Lưu trú,In-scope Hạ Long,Transaction,50,N/A,N/A,N/A,Planner (Trung bình),data/google_planner/ha-long/Keyword Stats 2026-02-22 at 22_21_22.csv,"Tạo landing chuyển đổi (giá/vé/đặt chỗ), gom vào cluster page + build backlink nội bộ",B,82.50000000000001,0%,"5,477"
khách sạn manchester hạ long,Khách sạn Hạ Long,Lưu trú,In-scope Hạ Long,Transaction,50,N/A,N/A,N/A,Planner (Thấp),data/google_planner/ha-long/Keyword Stats 2026-02-22 at 22_21_22.csv,"Tạo landing chuyển đổi (giá/vé/đặt chỗ), gom vào cluster page + build backlink nội bộ",B,82.50000000000001,0%,"2,499"
khách sạn maris hạ long,Khách sạn Hạ Long,Lưu trú,In-scope Hạ Long,Transaction,50,N/A,N/A,N/A,Planner (Cao),data/google_planner/ha-long/Keyword Stats 2026-02-22 at 22_21_22.csv,"Tạo landing chuyển đổi (giá/vé/đặt chỗ), gom vào cluster page + build backlink nội bộ",B,82.50000000000001,0%,"14,644"
khách sạn monbay hạ long,Khách sạn Hạ Long,Lưu trú,In-scope Hạ Long,Transaction,50,N/A,N/A,N/A,Planner (Trung bình),data/google_planner/ha-long/Keyword Stats 2026-02-22 at 22_21_22.csv,"Tạo landing chuyển đổi (giá/vé/đặt chỗ), gom vào cluster page + build backlink nội bộ",B,82.50000000000001,0%,"51,939"
khách sạn mường thanh 4 sao hạ long,Khách sạn Hạ Long,Lưu trú,In-scope Hạ Long,Transaction,50,N/A,N/A,N/A,Planner (Trung bình),data/google_planner/ha-long/Keyword Stats 2026-02-22 at 22_21_22.csv,"Tạo landing chuyển đổi (giá/vé/đặt chỗ), gom vào cluster page + build backlink nội bộ",B,82.50000000000001,0%,"9,681"
khách sạn mường thanh 5 sao hạ long,Khách sạn Hạ Long,Lưu trú,In-scope Hạ Long,Transaction,50,N/A,N/A,N/A,Planner (Trung bình),data/google_planner/ha-long/Keyword Stats 2026-02-22 at 22_21_22.csv,"Tạo landing chuyển đổi (giá/vé/đặt chỗ), gom vào cluster page + build backlink nội bộ",B,82.50000000000001,0%,"6,855"
khách sạn mường thanh hạ long 5 sao,Khách sạn Hạ Long,Lưu trú,In-scope Hạ Long,Transaction,50,N/A,N/A,N/A,Planner (Trung bình),data/google_planner/ha-long/Keyword Stats 2026-02-22 at 22_21_22.csv,"Tạo landing chuyển đổi (giá/vé/đặt chỗ), gom vào cluster page + build backlink nội bộ",B,82.50000000000001,0%,"6,801"
khách sạn mường thanh hạ long centre,Khách sạn Hạ Long,Lưu trú,In-scope Hạ Long,Transaction,50,N/A,N/A,N/A,Planner (Thấp),data/google_planner/ha-long/Keyword Stats 2026-02-22 at 22_21_22.csv,"Tạo landing chuyển đổi (giá/vé/đặt chỗ), gom vào cluster page + build backlink nội bộ",B,82.50000000000001,0%,"6,867"
khách sạn mường thanh luxury hạ long centre,Khách sạn Hạ Long,Lưu trú,In-scope Hạ Long,Transaction,50,N/A,N/A,N/A,Planner (Thấp),data/google_planner/ha-long/Keyword Stats 2026-02-22 at 22_21_22.csv,"Tạo landing chuyển đổi (giá/vé/đặt chỗ), gom vào cluster page + build backlink nội bộ",B,82.50000000000001,0%,"7,880"
khách sạn mường thanh suối mơ hạ long,Khách sạn Hạ Long,Lưu trú,In-scope Hạ Long,Transaction,50,N/A,N/A,N/A,Planner (Trung bình),data/google_planner/ha-long/Keyword Stats 2026-02-22 at 22_21_22.csv,"Tạo landing chuyển đổi (giá/vé/đặt chỗ), gom vào cluster page + build backlink nội bộ",B,82.50000000000001,0%,"8,885"
khách sạn mường thanh ở hạ long,Khách sạn Hạ Long,Lưu trú,In-scope Hạ Long,Transaction,50,N/A,N/A,N/A,Planner (Thấp),data/google_planner/ha-long/Keyword Stats 2026-02-22 at 22_21_22.csv,"Tạo landing chuyển đổi (giá/vé/đặt chỗ), gom vào cluster page + build backlink nội bộ",B,82.50000000000001,0%,"4,518"
khách sạn mới ở hạ long,Khách sạn Hạ Long,Lưu trú,In-scope Hạ Long,Transaction,50,N/A,N/A,N/A,Planner (Cao),data/google_planner/ha-long/Keyword Stats 2026-02-22 at 22_21_22.csv,"Tạo landing chuyển đổi (giá/vé/đặt chỗ), gom vào cluster page + build backlink nội bộ",B,82.50000000000001,0%,"16,425"
khách sạn nam đạt hạ long,Khách sạn Hạ Long,Lưu trú,In-scope Hạ Long,Transaction,50,N/A,N/A,N/A,Planner (Trung bình),data/google_planner/ha-long/Keyword Stats 2026-02-22 at 22_21_22.csv,"Tạo landing chuyển đổi (giá/vé/đặt chỗ), gom vào cluster page + build backlink nội bộ",B,82.50000000000001,0%,"9,038"
khách sạn new century hạ long,Khách sạn Hạ Long,Lưu trú,In-scope Hạ Long,Transaction,50,N/A,N/A,N/A,Planner (Cao),data/google_planner/ha-long/Keyword Stats 2026-02-22 at 22_21_22.csv,"Tạo landing chuyển đổi (giá/vé/đặt chỗ), gom vào cluster page + build backlink nội bộ",B,82.50000000000001,0%,"51,939"
khách sạn ngọc mai hạ long,Khách sạn Hạ Long,Lưu trú,In-scope Hạ Long,Transaction,50,N/A,N/A,N/A,Planner (Thấp),data/google_planner/ha-long/Keyword Stats 2026-02-22 at 22_21_22.csv,"Tạo landing chuyển đổi (giá/vé/đặt chỗ), gom vào cluster page + build backlink nội bộ",B,82.50000000000001,0%,"10,413"
khách sạn ocean dragon hạ long,Khách sạn Hạ Long,Lưu trú,In-scope Hạ Long,Transaction,50,N/A,N/A,N/A,Planner (Trung bình),data/google_planner/ha-long/Keyword Stats 2026-02-22 at 22_21_22.csv,"Tạo landing chuyển đổi (giá/vé/đặt chỗ), gom vào cluster page + build backlink nội bộ",B,82.50000000000001,0%,"4,837"
khách sạn osaka hạ long,Khách sạn Hạ Long,Lưu trú,In-scope Hạ Long,Transaction,50,N/A,N/A,N/A,Planner (Thấp),data/google_planner/ha-long/Keyword Stats 2026-02-22 at 22_21_22.csv,"Tạo landing chuyển đổi (giá/vé/đặt chỗ), gom vào cluster page + build backlink nội bộ",B,82.50000000000001,0%,"8,885"
khách sạn pearl hạ long,Khách sạn Hạ Long,Lưu trú,In-scope Hạ Long,Transaction,50,N/A,N/A,N/A,Planner (Thấp),data/google_planner/ha-long/Keyword Stats 2026-02-22 at 22_21_22.csv,"Tạo landing chuyển đổi (giá/vé/đặt chỗ), gom vào cluster page + build backlink nội bộ",B,82.50000000000001,0%,"9,349"
khách sạn phoenix hạ long,Khách sạn Hạ Long,Lưu trú,In-scope Hạ Long,Transaction,50,N/A,N/A,N/A,Planner (Trung bình),data/google_planner/ha-long/Keyword Stats 2026-02-22 at 22_21_22.csv,"Tạo landing chuyển đổi (giá/vé/đặt chỗ), gom vào cluster page + build backlink nội bộ",B,82.50000000000001,0%,"51,939"
khách sạn phố biển hạ long,Khách sạn Hạ Long,Lưu trú,In-scope Hạ Long,Transaction,50,N/A,N/A,N/A,Planner (Thấp),data/google_planner/ha-long/Keyword Stats 2026-02-22 at 22_21_22.csv,"Tạo landing chuyển đổi (giá/vé/đặt chỗ), gom vào cluster page + build backlink nội bộ",B,82.50000000000001,0%,"30,367"
khách sạn quỳnh anh hạ long,Khách sạn Hạ Long,Lưu trú,In-scope Hạ Long,Transaction,50,N/A,N/A,N/A,Planner (Trung bình),data/google_planner/ha-long/Keyword Stats 2026-02-22 at 22_21_22.csv,"Tạo landing chuyển đổi (giá/vé/đặt chỗ), gom vào cluster page + build backlink nội bộ",B,82.50000000000001,0%,"51,939"
khách sạn ramada hạ long,Khách sạn Hạ Long,Lưu trú,In-scope Hạ Long,Transaction,50,N/A,N/A,N/A,Planner (Trung bình),data/google_planner/ha-long/Keyword Stats 2026-02-22 at 22_21_22.csv,"Tạo landing chuyển đổi (giá/vé/đặt chỗ), gom vào cluster page + build backlink nội bộ",B,82.50000000000001,0%,"4,148"
khách sạn sao mai hạ long,Khách sạn Hạ Long,Lưu trú,In-scope Hạ Long,Transaction,50,N/A,N/A,N/A,Planner (Thấp),data/google_planner/ha-long/Keyword Stats 2026-02-22 at 22_21_22.csv,"Tạo landing chuyển đổi (giá/vé/đặt chỗ), gom vào cluster page + build backlink nội bộ",B,82.50000000000001,0%,"7,708"
khách sạn seoul hạ long,Khách sạn Hạ Long,Lưu trú,In-scope Hạ Long,Transaction,50,N/A,N/A,N/A,Planner (Trung bình),data/google_planner/ha-long/Keyword Stats 2026-02-22 at 22_21_22.csv,"Tạo landing chuyển đổi (giá/vé/đặt chỗ), gom vào cluster page + build backlink nội bộ",B,82.50000000000001,0%,"6,568"
khách sạn sunderland hạ long,Khách sạn Hạ Long,Lưu trú,In-scope Hạ Long,Transaction,50,N/A,N/A,N/A,Planner (Trung bình),data/google_planner/ha-long/Keyword Stats 2026-02-22 at 22_21_22.csv,"Tạo landing chuyển đổi (giá/vé/đặt chỗ), gom vào cluster page + build backlink nội bộ",B,82.50000000000001,0%,"22,900"
khách sạn sunworld hạ long,Khách sạn Hạ Long,Lưu trú,In-scope Hạ Long,Transaction,50,N/A,N/A,N/A,Planner (Cao),data/google_planner/ha-long/Keyword Stats 2026-02-22 at 22_21_22.csv,"Tạo landing chuyển đổi (giá/vé/đặt chỗ), gom vào cluster page + build backlink nội bộ",B,82.50000000000001,0%,"5,362"
khách sạn the light hạ long,Khách sạn Hạ Long,Lưu trú,In-scope Hạ Long,Transaction,50,N/A,N/A,N/A,Planner (Cao),data/google_planner/ha-long/Keyword Stats 2026-02-22 at 22_21_22.csv,"Tạo landing chuyển đổi (giá/vé/đặt chỗ), gom vào cluster page + build backlink nội bộ",B,82.50000000000001,0%,"24,066"
khách sạn tại hòn gai,Khách sạn Hạ Long,Lưu trú,In-scope Hạ Long,Transaction,50,N/A,N/A,N/A,Planner (Cao),data/google_planner/ha-long/Keyword Stats 2026-02-22 at 22_21_22.csv,"Tạo landing chuyển đổi (giá/vé/đặt chỗ), gom vào cluster page + build backlink nội bộ",B,82.50000000000001,0%,"16,283"
khách sạn view đẹp hạ long,Khách sạn Hạ Long,Lưu trú,In-scope Hạ Long,Transaction,50,N/A,N/A,N/A,Planner (Cao),data/google_planner/ha-long/Keyword Stats 2026-02-22 at 22_21_22.csv,"Tạo landing chuyển đổi (giá/vé/đặt chỗ), gom vào cluster page + build backlink nội bộ",B,82.50000000000001,0%,"10,996"
khách sạn vườn đào hạ long,Khách sạn Hạ Long,Lưu trú,In-scope Hạ Long,Transaction,50,N/A,N/A,N/A,Planner (Trung bình),data/google_planner/ha-long/Keyword Stats 2026-02-22 at 22_21_22.csv,"Tạo landing chuyển đổi (giá/vé/đặt chỗ), gom vào cluster page + build backlink nội bộ",B,82.50000000000001,0%,"12,328"
khách sạn à la carte halong bay,Khách sạn Hạ Long,Lưu trú,In-scope Hạ Long,Transaction,50,N/A,N/A,N/A,Planner (Cao),data/google_planner/ha-long/Keyword Stats 2026-02-22 at 22_21_22.csv,"Tạo landing chuyển đổi (giá/vé/đặt chỗ), gom vào cluster page + build backlink nội bộ",B,82.50000000000001,0%,"51,939"
khách sạn đắt nhất hạ long,Khách sạn Hạ Long,Lưu trú,In-scope Hạ Long,Transaction,50,N/A,N/A,N/A,Planner (Cao),data/google_planner/ha-long/Keyword Stats 2026-02-22 at 22_21_22.csv,"Tạo landing chuyển đổi (giá/vé/đặt chỗ), gom vào cluster page + build backlink nội bộ",B,82.50000000000001,0%,"1,091"
khách sạn đẹp nhất hạ long,Khách sạn Hạ Long,Lưu trú,In-scope Hạ Long,Transaction,50,N/A,N/A,N/A,Planner (Cao),data/google_planner/ha-long/Keyword Stats 2026-02-22 at 22_21_22.csv,"Tạo landing chuyển đổi (giá/vé/đặt chỗ), gom vào cluster page + build backlink nội bộ",B,82.50000000000001,0%,"11,807"
khách sạn đẹp tại hạ long,Khách sạn Hạ Long,Lưu trú,In-scope Hạ Long,Transaction,50,N/A,N/A,N/A,Planner (Cao),data/google_planner/ha-long/Keyword Stats 2026-02-22 at 22_21_22.csv,"Tạo landing chuyển đổi (giá/vé/đặt chỗ), gom vào cluster page + build backlink nội bộ",B,82.50000000000001,0%,"12,178"
khách sạn ở hòn gai hạ long,Khách sạn Hạ Long,Lưu trú,In-scope Hạ Long,Transaction,50,N/A,N/A,N/A,Planner (Cao),data/google_planner/ha-long/Keyword Stats 2026-02-22 at 22_21_22.csv,"Tạo landing chuyển đổi (giá/vé/đặt chỗ), gom vào cluster page + build backlink nội bộ",B,82.50000000000001,0%,"21,295"
khách sạn ở tuần châu hạ long,Khách sạn Hạ Long,Lưu trú,In-scope Hạ Long,Transaction,50,N/A,N/A,N/A,Planner (Cao),data/google_planner/ha-long/Keyword Stats 2026-02-22 at 22_21_22.csv,"Tạo landing chuyển đổi (giá/vé/đặt chỗ), gom vào cluster page + build backlink nội bộ",B,82.50000000000001,0%,"78,688"
kyoto hotel hạ long,Khách sạn Hạ Long,Lưu trú,In-scope Hạ Long,Transaction,50,N/A,N/A,N/A,Planner (Trung bình),data/google_planner/ha-long/Keyword Stats 2026-02-22 at 22_21_22.csv,"Tạo landing chuyển đổi (giá/vé/đặt chỗ), gom vào cluster page + build backlink nội bộ",B,82.50000000000001,0%,"17,432"
la stella hotel hạ long,Khách sạn Hạ Long,Lưu trú,In-scope Hạ Long,Transaction,50,N/A,N/A,N/A,Planner (Cao),data/google_planner/ha-long/Keyword Stats 2026-02-22 at 22_21_22.csv,"Tạo landing chuyển đổi (giá/vé/đặt chỗ), gom vào cluster page + build backlink nội bộ",B,82.50000000000001,0%,"17,650"
lavender hotel hạ long,Khách sạn Hạ Long,Lưu trú,In-scope Hạ Long,Transaction,50,N/A,N/A,N/A,Planner (Thấp),data/google_planner/ha-long/Keyword Stats 2026-02-22 at 22_21_22.csv,"Tạo landing chuyển đổi (giá/vé/đặt chỗ), gom vào cluster page + build backlink nội bộ",B,82.50000000000001,0%,"25,985"
lex hotel hạ long,Khách sạn Hạ Long,Lưu trú,In-scope Hạ Long,Transaction,50,N/A,N/A,N/A,Planner (Trung bình),data/google_planner/ha-long/Keyword Stats 2026-02-22 at 22_21_22.csv,"Tạo landing chuyển đổi (giá/vé/đặt chỗ), gom vào cluster page + build backlink nội bộ",B,82.50000000000001,0%,"11,126"
linh trang hotel hạ long,Khách sạn Hạ Long,Lưu trú,In-scope Hạ Long,Transaction,50,N/A,N/A,N/A,Planner (Trung bình),data/google_planner/ha-long/Keyword Stats 2026-02-22 at 22_21_22.csv,"Tạo landing chuyển đổi (giá/vé/đặt chỗ), gom vào cluster page + build backlink nội bộ",B,82.50000000000001,0%,"10,948"
london hotel hạ long,Khách sạn Hạ Long,Lưu trú,In-scope Hạ Long,Transaction,50,N/A,N/A,N/A,Planner (Cao),data/google_planner/ha-long/Keyword Stats 2026-02-22 at 22_21_22.csv,"Tạo landing chuyển đổi (giá/vé/đặt chỗ), gom vào cluster page + build backlink nội bộ",B,82.50000000000001,0%,"12,411"
luxury palace hotel hạ long,Khách sạn Hạ Long,Lưu trú,In-scope Hạ Long,Transaction,50,N/A,N/A,N/A,Planner (Trung bình),data/google_planner/ha-long/Keyword Stats 2026-02-22 at 22_21_22.csv,"Tạo landing chuyển đổi (giá/vé/đặt chỗ), gom vào cluster page + build backlink nội bộ",B,82.50000000000001,0%,"7,205"
muong thanh hotel halong,Khách sạn Hạ Long,Lưu trú,In-scope Hạ Long,Transaction,50,N/A,N/A,N/A,Planner (Thấp),data/google_planner/ha-long/Keyword Stats 2026-02-22 at 22_21_22.csv,"Tạo landing chuyển đổi (giá/vé/đặt chỗ), gom vào cluster page + build backlink nội bộ",B,82.50000000000001,0%,"15,793"
novotel hotel hạ long,Khách sạn Hạ Long,Lưu trú,In-scope Hạ Long,Transaction,50,N/A,N/A,N/A,Planner (Trung bình),data/google_planner/ha-long/Keyword Stats 2026-02-22 at 22_21_22.csv,"Tạo landing chuyển đổi (giá/vé/đặt chỗ), gom vào cluster page + build backlink nội bộ",B,82.50000000000001,0%,"5,846"
panda hotel hạ long,Khách sạn Hạ Long,Lưu trú,In-scope Hạ Long,Transaction,50,N/A,N/A,N/A,Planner (Trung bình),data/google_planner/ha-long/Keyword Stats 2026-02-22 at 22_21_22.csv,"Tạo landing chuyển đổi (giá/vé/đặt chỗ), gom vào cluster page + build backlink nội bộ",B,82.50000000000001,0%,"7,880"
paradis hotel hạ long,Khách sạn Hạ Long,Lưu trú,In-scope Hạ Long,Transaction,50,N/A,N/A,N/A,Planner (Cao),data/google_planner/ha-long/Keyword Stats 2026-02-22 at 22_21_22.csv,"Tạo landing chuyển đổi (giá/vé/đặt chỗ), gom vào cluster page + build backlink nội bộ",B,82.50000000000001,0%,"5,450"
phòng khách sạn mường thanh hạ long,Khách sạn Hạ Long,Lưu trú,In-scope Hạ Long,Transaction,50,N/A,N/A,N/A,Planner (Thấp),data/google_planner/ha-long/Keyword Stats 2026-02-22 at 22_21_22.csv,"Tạo landing chuyển đổi (giá/vé/đặt chỗ), gom vào cluster page + build backlink nội bộ",B,82.50000000000001,0%,"7,709"
river hotel hạ long,Khách sạn Hạ Long,Lưu trú,In-scope Hạ Long,Transaction,50,N/A,N/A,N/A,Planner (Cao),data/google_planner/ha-long/Keyword Stats 2026-02-22 at 22_21_22.csv,"Tạo landing chuyển đổi (giá/vé/đặt chỗ), gom vào cluster page + build backlink nội bộ",B,82.50000000000001,0%,"18,054"
seastar hotel hạ long,Khách sạn Hạ Long,Lưu trú,In-scope Hạ Long,Transaction,50,N/A,N/A,N/A,Planner (Trung bình),data/google_planner/ha-long/Keyword Stats 2026-02-22 at 22_21_22.csv,"Tạo landing chuyển đổi (giá/vé/đặt chỗ), gom vào cluster page + build backlink nội bộ",B,82.50000000000001,0%,"15,076"
seoul hotel hạ long,Khách sạn Hạ Long,Lưu trú,In-scope Hạ Long,Transaction,50,N/A,N/A,N/A,Planner (Cao),data/google_planner/ha-long/Keyword Stats 2026-02-22 at 22_21_22.csv,"Tạo landing chuyển đổi (giá/vé/đặt chỗ), gom vào cluster page + build backlink nội bộ",B,82.50000000000001,0%,"10,647"
song lộc hotel hạ long,Khách sạn Hạ Long,Lưu trú,In-scope Hạ Long,Transaction,50,N/A,N/A,N/A,Planner (Trung bình),data/google_planner/ha-long/Keyword Stats 2026-02-22 at 22_21_22.csv,"Tạo landing chuyển đổi (giá/vé/đặt chỗ), gom vào cluster page + build backlink nội bộ",B,82.50000000000001,0%,"6,168"
sun queen hotel hạ long,Khách sạn Hạ Long,Lưu trú,In-scope Hạ Long,Transaction,50,N/A,N/A,N/A,Planner (Thấp),data/google_planner/ha-long/Keyword Stats 2026-02-22 at 22_21_22.csv,"Tạo landing chuyển đổi (giá/vé/đặt chỗ), gom vào cluster page + build backlink nội bộ",B,82.50000000000001,0%,"13,244"
sunderland halong hotel,Khách sạn Hạ Long,Lưu trú,In-scope Hạ Long,Transaction,50,N/A,N/A,N/A,Planner (Cao),data/google_planner/ha-long/Keyword Stats 2026-02-22 at 22_21_22.csv,"Tạo landing chuyển đổi (giá/vé/đặt chỗ), gom vào cluster page + build backlink nội bộ",B,82.50000000000001,0%,"51,939"
the enchanted hotel hạ long,Khách sạn Hạ Long,Lưu trú,In-scope Hạ Long,Transaction,50,N/A,N/A,N/A,Planner (Trung bình),data/google_planner/ha-long/Keyword Stats 2026-02-22 at 22_21_22.csv,"Tạo landing chuyển đổi (giá/vé/đặt chỗ), gom vào cluster page + build backlink nội bộ",B,82.50000000000001,0%,"37,380"
the twin hotel hạ long,Khách sạn Hạ Long,Lưu trú,In-scope Hạ Long,Transaction,50,N/A,N/A,N/A,Planner (Trung bình),data/google_planner/ha-long/Keyword Stats 2026-02-22 at 22_21_22.csv,"Tạo landing chuyển đổi (giá/vé/đặt chỗ), gom vào cluster page + build backlink nội bộ",B,82.50000000000001,0%,"51,939"
tìm khách sạn ở hạ long,Khách sạn Hạ Long,Lưu trú,In-scope Hạ Long,Transaction,50,N/A,N/A,N/A,Planner (Trung bình),data/google_planner/ha-long/Keyword Stats 2026-02-22 at 22_21_22.csv,"Tạo landing chuyển đổi (giá/vé/đặt chỗ), gom vào cluster page + build backlink nội bộ",B,82.50000000000001,0%,"30,477"
victoria hotel hạ long,Khách sạn Hạ Long,Lưu trú,In-scope Hạ Long,Transaction,50,N/A,N/A,N/A,Planner (Thấp),data/google_planner/ha-long/Keyword Stats 2026-02-22 at 22_21_22.csv,"Tạo landing chuyển đổi (giá/vé/đặt chỗ), gom vào cluster page + build backlink nội bộ",B,82.50000000000001,0%,"1,558"
victory hotel hạ long,Khách sạn Hạ Long,Lưu trú,In-scope Hạ Long,Transaction,50,N/A,N/A,N/A,Planner (Thấp),data/google_planner/ha-long/Keyword Stats 2026-02-22 at 22_21_22.csv,"Tạo landing chuyển đổi (giá/vé/đặt chỗ), gom vào cluster page + build backlink nội bộ",B,82.50000000000001,0%,"4,075"
zen hotel hạ long,Khách sạn Hạ Long,Lưu trú,In-scope Hạ Long,Transaction,50,N/A,N/A,N/A,Planner (Trung bình),data/google_planner/ha-long/Keyword Stats 2026-02-22 at 22_21_22.csv,"Tạo landing chuyển đổi (giá/vé/đặt chỗ), gom vào cluster page + build backlink nội bộ",B,82.50000000000001,-90.0%,"6,553"
đặt phòng khách sạn flc hạ long,Khách sạn Hạ Long,Lưu trú,In-scope Hạ Long,Transaction,50,N/A,N/A,N/A,Planner (Cao),data/google_planner/ha-long/Keyword Stats 2026-02-22 at 22_21_22.csv,"Tạo landing chuyển đổi (giá/vé/đặt chỗ), gom vào cluster page + build backlink nội bộ",B,82.50000000000001,0%,"25,190"
khách sạn tốt nhất hạ long,Khách sạn Hạ Long,Lưu trú,In-scope Hạ Long,Commercial Investigation,50,N/A,N/A,N/A,Planner (Cao),data/google_planner/ha-long/Keyword Stats 2026-02-22 at 22_21_22.csv,Viết bài top-list/so sánh; map vào cluster hub; bổ sung schema + ảnh/UGC,B,82.50000000000001,0%,"33,534"
nên ở khách sạn nào ở hạ long,Khách sạn Hạ Long,Lưu trú,In-scope Hạ Long,Commercial Investigation,50,N/A,N/A,N/A,Planner (Cao),data/google_planner/ha-long/Keyword Stats 2026-02-22 at 22_21_22.csv,Viết bài top-list/so sánh; map vào cluster hub; bổ sung schema + ảnh/UGC,B,82.50000000000001,0%,"30,583"
review khách sạn ở hạ long,Khách sạn Hạ Long,Lưu trú,In-scope Hạ Long,Commercial Investigation,50,N/A,N/A,N/A,Planner (Cao),data/google_planner/ha-long/Keyword Stats 2026-02-22 at 22_21_22.csv,Viết bài top-list/so sánh; map vào cluster hub; bổ sung schema + ảnh/UGC,B,82.50000000000001,0%,"25,049"
top khách sạn hạ long,Khách sạn Hạ Long,Lưu trú,In-scope Hạ Long,Commercial Investigation,50,N/A,N/A,N/A,Planner (Cao),data/google_planner/ha-long/Keyword Stats 2026-02-22 at 22_21_22.csv,Viết bài top-list/so sánh; map vào cluster hub; bổ sung schema + ảnh/UGC,B,82.50000000000001,0%,"24,731"
khach san ha long gia re,Khách sạn Hạ Long,Lưu trú,In-scope Hạ Long,Transaction,50,N/A,N/A,N/A,Planner (Không xác định),data/google_planner/ha-long/Keyword Stats 2026-02-22 at 22_21_22.csv,"Tạo landing chuyển đổi (giá/vé/đặt chỗ), gom vào cluster page + build backlink nội bộ",B,75.0,-100.0%,0
thue khach san ha long,Khách sạn Hạ Long,Lưu trú,In-scope Hạ Long,Transaction,50,N/A,N/A,N/A,Planner (Cao),data/google_planner/ha-long/Keyword Stats 2026-02-22 at 22_21_22.csv,"Tạo landing chuyển đổi (giá/vé/đặt chỗ), gom vào cluster page + build backlink nội bộ",B,75.0,0%,0
gia khach san ha long,Khách sạn Hạ Long,Lưu trú,In-scope Hạ Long,Transaction,50,N/A,N/A,N/A,Planner (Không xác định),data/google_planner/ha-long/Keyword Stats 2026-02-22 at 22_21_22.csv,"Tạo landing chuyển đổi (giá/vé/đặt chỗ), gom vào cluster page + build backlink nội bộ",B,75.0,0%,0
khách sạn hoàng gia ha long,Khách sạn Hạ Long,Lưu trú,In-scope Hạ Long,Transaction,50,N/A,N/A,N/A,Planner (Thấp),data/google_planner/ha-long/Keyword Stats 2026-02-22 at 22_21_22.csv,"Tạo landing chuyển đổi (giá/vé/đặt chỗ), gom vào cluster page + build backlink nội bộ",B,75.0,0%,0
gia phong khach san ha long,Khách sạn Hạ Long,Lưu trú,In-scope Hạ Long,Transaction,50,N/A,N/A,N/A,Planner (Cao),data/google_planner/ha-long/Keyword Stats 2026-02-22 at 22_21_22.csv,"Tạo landing chuyển đổi (giá/vé/đặt chỗ), gom vào cluster page + build backlink nội bộ",B,75.0,0%,0
gia phong khach san muong thanh ha long,Khách sạn Hạ Long,Lưu trú,In-scope Hạ Long,Transaction,50,N/A,N/A,N/A,Planner (Không xác định),data/google_planner/ha-long/Keyword Stats 2026-02-22 at 22_21_22.csv,"Tạo landing chuyển đổi (giá/vé/đặt chỗ), gom vào cluster page + build backlink nội bộ",B,75.0,0%,0
dat phong khach san ha long,Khách sạn Hạ Long,Lưu trú,In-scope Hạ Long,Transaction,50,N/A,N/A,N/A,Planner (Thấp),data/google_planner/ha-long/Keyword Stats 2026-02-22 at 22_21_22.csv,"Tạo landing chuyển đổi (giá/vé/đặt chỗ), gom vào cluster page + build backlink nội bộ",B,75.0,0%,0
gia khach san o ha long,Khách sạn Hạ Long,Lưu trú,In-scope Hạ Long,Transaction,50,N/A,N/A,N/A,Planner (Không xác định),data/google_planner/ha-long/Keyword Stats 2026-02-22 at 22_21_22.csv,"Tạo landing chuyển đổi (giá/vé/đặt chỗ), gom vào cluster page + build backlink nội bộ",B,75.0,0%,0
booking hotel hạ long,Khách sạn Hạ Long,Lưu trú,In-scope Hạ Long,Transaction,50,N/A,N/A,N/A,Planner (Không xác định),data/google_planner/ha-long/Keyword Stats 2026-02-22 at 22_21_22.csv,"Tạo landing chuyển đổi (giá/vé/đặt chỗ), gom vào cluster page + build backlink nội bộ",B,75.0,0%,0
dat khach san ha long,Khách sạn Hạ Long,Lưu trú,In-scope Hạ Long,Transaction,50,N/A,N/A,N/A,Planner (Không xác định),data/google_planner/ha-long/Keyword Stats 2026-02-22 at 22_21_22.csv,"Tạo landing chuyển đổi (giá/vé/đặt chỗ), gom vào cluster page + build backlink nội bộ",B,75.0,-100.0%,0
dat khach san o ha long,Khách sạn Hạ Long,Lưu trú,In-scope Hạ Long,Transaction,50,N/A,N/A,N/A,Planner (Không xác định),data/google_planner/ha-long/Keyword Stats 2026-02-22 at 22_21_22.csv,"Tạo landing chuyển đổi (giá/vé/đặt chỗ), gom vào cluster page + build backlink nội bộ",B,75.0,0%,0
dat phong khach san o ha long,Khách sạn Hạ Long,Lưu trú,In-scope Hạ Long,Transaction,50,N/A,N/A,N/A,Planner (Không xác định),data/google_planner/ha-long/Keyword Stats 2026-02-22 at 22_21_22.csv,"Tạo landing chuyển đổi (giá/vé/đặt chỗ), gom vào cluster page + build backlink nội bộ",B,75.0,0%,0
dat phong khach san tai ha long,Khách sạn Hạ Long,Lưu trú,In-scope Hạ Long,Transaction,50,N/A,N/A,N/A,Planner (Không xác định),data/google_planner/ha-long/Keyword Stats 2026-02-22 at 22_21_22.csv,"Tạo landing chuyển đổi (giá/vé/đặt chỗ), gom vào cluster page + build backlink nội bộ",B,75.0,0%,0
dat phong khach san tuan chau,Khách sạn Hạ Long,Lưu trú,In-scope Hạ Long,Transaction,50,N/A,N/A,N/A,Planner (Không xác định),data/google_planner/ha-long/Keyword Stats 2026-02-22 at 22_21_22.csv,"Tạo landing chuyển đổi (giá/vé/đặt chỗ), gom vào cluster page + build backlink nội bộ",B,75.0,0%,0
gia long hotel hạ long,Khách sạn Hạ Long,Lưu trú,In-scope Hạ Long,Transaction,50,N/A,N/A,N/A,Planner (Không xác định),data/google_planner/ha-long/Keyword Stats 2026-02-22 at 22_21_22.csv,"Tạo landing chuyển đổi (giá/vé/đặt chỗ), gom vào cluster page + build backlink nội bộ",B,75.0,-100.0%,0
giá phòng khách sạn công đoàn hạ long,Khách sạn Hạ Long,Lưu trú,In-scope Hạ Long,Transaction,50,N/A,N/A,N/A,Planner (Cao),data/google_planner/ha-long/Keyword Stats 2026-02-22 at 22_21_22.csv,"Tạo landing chuyển đổi (giá/vé/đặt chỗ), gom vào cluster page + build backlink nội bộ",B,75.0,0%,0
giá phòng khách sạn tại hạ long,Khách sạn Hạ Long,Lưu trú,In-scope Hạ Long,Transaction,50,N/A,N/A,N/A,Planner (Cao),data/google_planner/ha-long/Keyword Stats 2026-02-22 at 22_21_22.csv,"Tạo landing chuyển đổi (giá/vé/đặt chỗ), gom vào cluster page + build backlink nội bộ",B,75.0,0%,0
hoàng gia hotel hạ long,Khách sạn Hạ Long,Lưu trú,In-scope Hạ Long,Transaction,50,N/A,N/A,N/A,Planner (Trung bình),data/google_planner/ha-long/Keyword Stats 2026-02-22 at 22_21_22.csv,"Tạo landing chuyển đổi (giá/vé/đặt chỗ), gom vào cluster page + build backlink nội bộ",B,75.0,0%,0
khách sạn gia huy hạ long,Khách sạn Hạ Long,Lưu trú,In-scope Hạ Long,Transaction,50,N/A,N/A,N/A,Planner (Không xác định),data/google_planner/ha-long/Keyword Stats 2026-02-22 at 22_21_22.csv,"Tạo landing chuyển đổi (giá/vé/đặt chỗ), gom vào cluster page + build backlink nội bộ",B,75.0,0%,0
khách sạn gia long hạ long,Khách sạn Hạ Long,Lưu trú,In-scope Hạ Long,Transaction,50,N/A,N/A,N/A,Planner (Không xác định),data/google_planner/ha-long/Keyword Stats 2026-02-22 at 22_21_22.csv,"Tạo landing chuyển đổi (giá/vé/đặt chỗ), gom vào cluster page + build backlink nội bộ",B,75.0,0%,0
khách sạn giá rẻ tại hạ long,Khách sạn Hạ Long,Lưu trú,In-scope Hạ Long,Transaction,50,N/A,N/A,N/A,Planner (Không xác định),data/google_planner/ha-long/Keyword Stats 2026-02-22 at 22_21_22.csv,"Tạo landing chuyển đổi (giá/vé/đặt chỗ), gom vào cluster page + build backlink nội bộ",B,75.0,-100.0%,0
khách sạn hạ long giá tốt,Khách sạn Hạ Long,Lưu trú,In-scope Hạ Long,Transaction,50,N/A,N/A,N/A,Planner (Không xác định),data/google_planner/ha-long/Keyword Stats 2026-02-22 at 22_21_22.csv,"Tạo landing chuyển đổi (giá/vé/đặt chỗ), gom vào cluster page + build backlink nội bộ",B,75.0,-100.0%,0
thuê khách sạn tại hạ long,Khách sạn Hạ Long,Lưu trú,In-scope Hạ Long,Transaction,50,N/A,N/A,N/A,Planner (Cao),data/google_planner/ha-long/Keyword Stats 2026-02-22 at 22_21_22.csv,"Tạo landing chuyển đổi (giá/vé/đặt chỗ), gom vào cluster page + build backlink nội bộ",B,75.0,0%,0
thuê phòng khách sạn hạ long,Khách sạn Hạ Long,Lưu trú,In-scope Hạ Long,Transaction,50,N/A,N/A,N/A,Planner (Cao),data/google_planner/ha-long/Keyword Stats 2026-02-22 at 22_21_22.csv,"Tạo landing chuyển đổi (giá/vé/đặt chỗ), gom vào cluster page + build backlink nội bộ",B,75.0,0%,0
voucher khách sạn hạ long,Khách sạn Hạ Long,Lưu trú,In-scope Hạ Long,Transaction,50,N/A,N/A,N/A,Planner (Không xác định),data/google_planner/ha-long/Keyword Stats 2026-02-22 at 22_21_22.csv,"Tạo landing chuyển đổi (giá/vé/đặt chỗ), gom vào cluster page + build backlink nội bộ",B,75.0,0%,0
khách sạn ở ha long,Khách sạn Hạ Long,Lưu trú,In-scope Hạ Long,Transaction,50,N/A,N/A,N/A,Planner (Không xác định),data/google_planner/ha-long/Keyword Stats 2026-02-22 at 22_21_22.csv,"Tạo landing chuyển đổi (giá/vé/đặt chỗ), gom vào cluster page + build backlink nội bộ",B,75.0,-100.0%,0
đặt phòng khách sạn ha long,Khách sạn Hạ Long,Lưu trú,In-scope Hạ Long,Transaction,50,N/A,N/A,N/A,Planner (Không xác định),data/google_planner/ha-long/Keyword Stats 2026-02-22 at 22_21_22.csv,"Tạo landing chuyển đổi (giá/vé/đặt chỗ), gom vào cluster page + build backlink nội bộ",B,75.0,0%,0
khách sạn công đoàn ha long,Khách sạn Hạ Long,Lưu trú,In-scope Hạ Long,Transaction,50,N/A,N/A,N/A,Planner (Cao),data/google_planner/ha-long/Keyword Stats 2026-02-22 at 22_21_22.csv,"Tạo landing chuyển đổi (giá/vé/đặt chỗ), gom vào cluster page + build backlink nội bộ",B,75.0,0%,0
khach san hon gai,Khách sạn Hạ Long,Lưu trú,In-scope Hạ Long,Transaction,50,N/A,N/A,N/A,Planner (Cao),data/google_planner/ha-long/Keyword Stats 2026-02-22 at 22_21_22.csv,"Tạo landing chuyển đổi (giá/vé/đặt chỗ), gom vào cluster page + build backlink nội bộ",B,75.0,0%,0
khach san 3 sao ha long,Khách sạn Hạ Long,Lưu trú,In-scope Hạ Long,Transaction,50,N/A,N/A,N/A,Planner (Trung bình),data/google_planner/ha-long/Keyword Stats 2026-02-22 at 22_21_22.csv,"Tạo landing chuyển đổi (giá/vé/đặt chỗ), gom vào cluster page + build backlink nội bộ",B,75.0,0%,0
khách sạn ha long plaza,Khách sạn Hạ Long,Lưu trú,In-scope Hạ Long,Transaction,50,N/A,N/A,N/A,Planner (Không xác định),data/google_planner/ha-long/Keyword Stats 2026-02-22 at 22_21_22.csv,"Tạo landing chuyển đổi (giá/vé/đặt chỗ), gom vào cluster page + build backlink nội bộ",B,75.0,-100.0%,0
khach san gan bien ha long,Khách sạn Hạ Long,Lưu trú,In-scope Hạ Long,Transaction,50,N/A,N/A,N/A,Planner (Không xác định),data/google_planner/ha-long/Keyword Stats 2026-02-22 at 22_21_22.csv,"Tạo landing chuyển đổi (giá/vé/đặt chỗ), gom vào cluster page + build backlink nội bộ",B,75.0,0%,0
khách sạn flc ha long,Khách sạn Hạ Long,Lưu trú,In-scope Hạ Long,Transaction,50,N/A,N/A,N/A,Planner (Thấp),data/google_planner/ha-long/Keyword Stats 2026-02-22 at 22_21_22.csv,"Tạo landing chuyển đổi (giá/vé/đặt chỗ), gom vào cluster page + build backlink nội bộ",B,75.0,0%,0
phong khach san ha long,Khách sạn Hạ Long,Lưu trú,In-scope Hạ Long,Transaction,50,N/A,N/A,N/A,Planner (Trung bình),data/google_planner/ha-long/Keyword Stats 2026-02-22 at 22_21_22.csv,"Tạo landing chuyển đổi (giá/vé/đặt chỗ), gom vào cluster page + build backlink nội bộ",B,75.0,0%,0
khách sạn marina ha long,Khách sạn Hạ Long,Lưu trú,In-scope Hạ Long,Transaction,50,N/A,N/A,N/A,Planner (Thấp),data/google_planner/ha-long/Keyword Stats 2026-02-22 at 22_21_22.csv,"Tạo landing chuyển đổi (giá/vé/đặt chỗ), gom vào cluster page + build backlink nội bộ",B,75.0,0%,0
khach san tuan chau ha long,Khách sạn Hạ Long,Lưu trú,In-scope Hạ Long,Transaction,50,N/A,N/A,N/A,Planner (Cao),data/google_planner/ha-long/Keyword Stats 2026-02-22 at 22_21_22.csv,"Tạo landing chuyển đổi (giá/vé/đặt chỗ), gom vào cluster page + build backlink nội bộ",B,75.0,0%,0
khách sạn royal ha long,Khách sạn Hạ Long,Lưu trú,In-scope Hạ Long,Transaction,50,N/A,N/A,N/A,Planner (Thấp),data/google_planner/ha-long/Keyword Stats 2026-02-22 at 22_21_22.csv,"Tạo landing chuyển đổi (giá/vé/đặt chỗ), gom vào cluster page + build backlink nội bộ",B,75.0,0%,0
đặt phòng khách sạn tại hạ long,Khách sạn Hạ Long,Lưu trú,In-scope Hạ Long,Transaction,50,N/A,N/A,N/A,Planner (Cao),data/google_planner/ha-long/Keyword Stats 2026-02-22 at 22_21_22.csv,"Tạo landing chuyển đổi (giá/vé/đặt chỗ), gom vào cluster page + build backlink nội bộ",B,75.0,0%,0
khách sạn vinpearl ha long,Khách sạn Hạ Long,Lưu trú,In-scope Hạ Long,Transaction,50,N/A,N/A,N/A,Planner (Cao),data/google_planner/ha-long/Keyword Stats 2026-02-22 at 22_21_22.csv,"Tạo landing chuyển đổi (giá/vé/đặt chỗ), gom vào cluster page + build backlink nội bộ",B,75.0,0%,0
đặt khách sạn tại hạ long,Khách sạn Hạ Long,Lưu trú,In-scope Hạ Long,Transaction,50,N/A,N/A,N/A,Planner (Trung bình),data/google_planner/ha-long/Keyword Stats 2026-02-22 at 22_21_22.csv,"Tạo landing chuyển đổi (giá/vé/đặt chỗ), gom vào cluster page + build backlink nội bộ",B,75.0,0%,0
khach san sol ha long,Khách sạn Hạ Long,Lưu trú,In-scope Hạ Long,Transaction,50,N/A,N/A,N/A,Planner (Không xác định),data/google_planner/ha-long/Keyword Stats 2026-02-22 at 22_21_22.csv,"Tạo landing chuyển đổi (giá/vé/đặt chỗ), gom vào cluster page + build backlink nội bộ",B,75.0,-100.0%,0
cac khach san o ha long,Khách sạn Hạ Long,Lưu trú,In-scope Hạ Long,Transaction,50,N/A,N/A,N/A,Planner (Cao),data/google_planner/ha-long/Keyword Stats 2026-02-22 at 22_21_22.csv,"Tạo landing chuyển đổi (giá/vé/đặt chỗ), gom vào cluster page + build backlink nội bộ",B,75.0,0%,0
khach san thanh pho ha long,Khách sạn Hạ Long,Lưu trú,In-scope Hạ Long,Transaction,50,N/A,N/A,N/A,Planner (Không xác định),data/google_planner/ha-long/Keyword Stats 2026-02-22 at 22_21_22.csv,"Tạo landing chuyển đổi (giá/vé/đặt chỗ), gom vào cluster page + build backlink nội bộ",B,75.0,-100.0%,0
khach san phat linh ha long,Khách sạn Hạ Long,Lưu trú,In-scope Hạ Long,Transaction,50,N/A,N/A,N/A,Planner (Không xác định),data/google_planner/ha-long/Keyword Stats 2026-02-22 at 22_21_22.csv,"Tạo landing chuyển đổi (giá/vé/đặt chỗ), gom vào cluster page + build backlink nội bộ",B,75.0,-100.0%,0
ha long khach san,Khách sạn Hạ Long,Lưu trú,In-scope Hạ Long,Transaction,50,N/A,N/A,N/A,Planner (Cao),data/google_planner/ha-long/Keyword Stats 2026-02-22 at 22_21_22.csv,"Tạo landing chuyển đổi (giá/vé/đặt chỗ), gom vào cluster page + build backlink nội bộ",B,75.0,0%,0
khách sạn có bể bơi ở hạ long,Khách sạn Hạ Long,Lưu trú,In-scope Hạ Long,Transaction,50,N/A,N/A,N/A,Planner (Cao),data/google_planner/ha-long/Keyword Stats 2026-02-22 at 22_21_22.csv,"Tạo landing chuyển đổi (giá/vé/đặt chỗ), gom vào cluster page + build backlink nội bộ",B,75.0,0%,0
khách sạn wyndham ha long,Khách sạn Hạ Long,Lưu trú,In-scope Hạ Long,Transaction,50,N/A,N/A,N/A,Planner (Thấp),data/google_planner/ha-long/Keyword Stats 2026-02-22 at 22_21_22.csv,"Tạo landing chuyển đổi (giá/vé/đặt chỗ), gom vào cluster page + build backlink nội bộ",B,75.0,0%,0
khach san ha long boutique,Khách sạn Hạ Long,Lưu trú,In-scope Hạ Long,Transaction,50,N/A,N/A,N/A,Planner (Trung bình),data/google_planner/ha-long/Keyword Stats 2026-02-22 at 22_21_22.csv,"Tạo landing chuyển đổi (giá/vé/đặt chỗ), gom vào cluster page + build backlink nội bộ",B,75.0,0%,0
khách sạn gần bãi tắm hòn gai,Khách sạn Hạ Long,Lưu trú,In-scope Hạ Long,Transaction,50,N/A,N/A,N/A,Planner (Cao),data/google_planner/ha-long/Keyword Stats 2026-02-22 at 22_21_22.csv,"Tạo landing chuyển đổi (giá/vé/đặt chỗ), gom vào cluster page + build backlink nội bộ",B,75.0,0%,0
khách sạn dream ha long,Khách sạn Hạ Long,Lưu trú,In-scope Hạ Long,Transaction,50,N/A,N/A,N/A,Planner (Không xác định),data/google_planner/ha-long/Keyword Stats 2026-02-22 at 22_21_22.csv,"Tạo landing chuyển đổi (giá/vé/đặt chỗ), gom vào cluster page + build backlink nội bộ",B,75.0,0%,0
khach san 3 sao o ha long,Khách sạn Hạ Long,Lưu trú,In-scope Hạ Long,Transaction,50,N/A,N/A,N/A,Planner (Không xác định),data/google_planner/ha-long/Keyword Stats 2026-02-22 at 22_21_22.csv,"Tạo landing chuyển đổi (giá/vé/đặt chỗ), gom vào cluster page + build backlink nội bộ",B,75.0,0%,0
tim khach san ha long,Khách sạn Hạ Long,Lưu trú,In-scope Hạ Long,Transaction,50,N/A,N/A,N/A,Planner (Cao),data/google_planner/ha-long/Keyword Stats 2026-02-22 at 22_21_22.csv,"Tạo landing chuyển đổi (giá/vé/đặt chỗ), gom vào cluster page + build backlink nội bộ",B,75.0,0%,0
mường thanh hạ long hotel,Khách sạn Hạ Long,Lưu trú,In-scope Hạ Long,Transaction,50,N/A,N/A,N/A,Planner (Thấp),data/google_planner/ha-long/Keyword Stats 2026-02-22 at 22_21_22.csv,"Tạo landing chuyển đổi (giá/vé/đặt chỗ), gom vào cluster page + build backlink nội bộ",B,75.0,0%,0
khach san 4 sao o ha long,Khách sạn Hạ Long,Lưu trú,In-scope Hạ Long,Transaction,50,N/A,N/A,N/A,Planner (Cao),data/google_planner/ha-long/Keyword Stats 2026-02-22 at 22_21_22.csv,"Tạo landing chuyển đổi (giá/vé/đặt chỗ), gom vào cluster page + build backlink nội bộ",B,75.0,0%,0
khách sạn hạ long có be bơi,Khách sạn Hạ Long,Lưu trú,In-scope Hạ Long,Transaction,50,N/A,N/A,N/A,Planner (Không xác định),data/google_planner/ha-long/Keyword Stats 2026-02-22 at 22_21_22.csv,"Tạo landing chuyển đổi (giá/vé/đặt chỗ), gom vào cluster page + build backlink nội bộ",B,75.0,0%,0
khach san muong thanh grand ha long,Khách sạn Hạ Long,Lưu trú,In-scope Hạ Long,Transaction,50,N/A,N/A,N/A,Planner (Không xác định),data/google_planner/ha-long/Keyword Stats 2026-02-22 at 22_21_22.csv,"Tạo landing chuyển đổi (giá/vé/đặt chỗ), gom vào cluster page + build backlink nội bộ",B,75.0,-100.0%,0
khach san dragon ha long,Khách sạn Hạ Long,Lưu trú,In-scope Hạ Long,Transaction,50,N/A,N/A,N/A,Planner (Thấp),data/google_planner/ha-long/Keyword Stats 2026-02-22 at 22_21_22.csv,"Tạo landing chuyển đổi (giá/vé/đặt chỗ), gom vào cluster page + build backlink nội bộ",B,75.0,0%,0
khach san peace ha long,Khách sạn Hạ Long,Lưu trú,In-scope Hạ Long,Transaction,50,N/A,N/A,N/A,Planner (Trung bình),data/google_planner/ha-long/Keyword Stats 2026-02-22 at 22_21_22.csv,"Tạo landing chuyển đổi (giá/vé/đặt chỗ), gom vào cluster page + build backlink nội bộ",B,75.0,0%,0
khách sạn ở thành phố hạ long,Khách sạn Hạ Long,Lưu trú,In-scope Hạ Long,Transaction,50,N/A,N/A,N/A,Planner (Cao),data/google_planner/ha-long/Keyword Stats 2026-02-22 at 22_21_22.csv,"Tạo landing chuyển đổi (giá/vé/đặt chỗ), gom vào cluster page + build backlink nội bộ",B,75.0,0%,0
phat linh hotel halong,Khách sạn Hạ Long,Lưu trú,In-scope Hạ Long,Transaction,50,N/A,N/A,N/A,Planner (Thấp),data/google_planner/ha-long/Keyword Stats 2026-02-22 at 22_21_22.csv,"Tạo landing chuyển đổi (giá/vé/đặt chỗ), gom vào cluster page + build backlink nội bộ",B,75.0,0%,0
khach san tuan chau,Khách sạn Hạ Long,Lưu trú,In-scope Hạ Long,Transaction,50,N/A,N/A,N/A,Planner (Trung bình),data/google_planner/ha-long/Keyword Stats 2026-02-22 at 22_21_22.csv,"Tạo landing chuyển đổi (giá/vé/đặt chỗ), gom vào cluster page + build backlink nội bộ",B,75.0,0%,0
khách sạn tp hạ long,Khách sạn Hạ Long,Lưu trú,In-scope Hạ Long,Transaction,50,N/A,N/A,N/A,Planner (Trung bình),data/google_planner/ha-long/Keyword Stats 2026-02-22 at 22_21_22.csv,"Tạo landing chuyển đổi (giá/vé/đặt chỗ), gom vào cluster page + build backlink nội bộ",B,75.0,0%,0
khach san 5 sao tai ha long,Khách sạn Hạ Long,Lưu trú,In-scope Hạ Long,Transaction,50,N/A,N/A,N/A,Planner (Cao),data/google_planner/ha-long/Keyword Stats 2026-02-22 at 22_21_22.csv,"Tạo landing chuyển đổi (giá/vé/đặt chỗ), gom vào cluster page + build backlink nội bộ",B,75.0,0%,0
khách sạn galaxy ha long,Khách sạn Hạ Long,Lưu trú,In-scope Hạ Long,Transaction,50,N/A,N/A,N/A,Planner (Thấp),data/google_planner/ha-long/Keyword Stats 2026-02-22 at 22_21_22.csv,"Tạo landing chuyển đổi (giá/vé/đặt chỗ), gom vào cluster page + build backlink nội bộ",B,75.0,0%,0
aland hotel hạ long,Khách sạn Hạ Long,Lưu trú,In-scope Hạ Long,Transaction,50,N/A,N/A,N/A,Planner (Cao),data/google_planner/ha-long/Keyword Stats 2026-02-22 at 22_21_22.csv,"Tạo landing chuyển đổi (giá/vé/đặt chỗ), gom vào cluster page + build backlink nội bộ",B,75.0,0%,0
alex hotel hạ long,Khách sạn Hạ Long,Lưu trú,In-scope Hạ Long,Transaction,50,N/A,N/A,N/A,Planner (Trung bình),data/google_planner/ha-long/Keyword Stats 2026-02-22 at 22_21_22.csv,"Tạo landing chuyển đổi (giá/vé/đặt chỗ), gom vào cluster page + build backlink nội bộ",B,75.0,0%,0
asean hotel hạ long,Khách sạn Hạ Long,Lưu trú,In-scope Hạ Long,Transaction,50,N/A,N/A,N/A,Planner (Thấp),data/google_planner/ha-long/Keyword Stats 2026-02-22 at 22_21_22.csv,"Tạo landing chuyển đổi (giá/vé/đặt chỗ), gom vào cluster page + build backlink nội bộ",B,75.0,0%,0
asean hạ long hotel,Khách sạn Hạ Long,Lưu trú,In-scope Hạ Long,Transaction,50,N/A,N/A,N/A,Planner (Thấp),data/google_planner/ha-long/Keyword Stats 2026-02-22 at 22_21_22.csv,"Tạo landing chuyển đổi (giá/vé/đặt chỗ), gom vào cluster page + build backlink nội bộ",B,75.0,0%,0
bamboo hotel hạ long,Khách sạn Hạ Long,Lưu trú,In-scope Hạ Long,Transaction,50,N/A,N/A,N/A,Planner (Thấp),data/google_planner/ha-long/Keyword Stats 2026-02-22 at 22_21_22.csv,"Tạo landing chuyển đổi (giá/vé/đặt chỗ), gom vào cluster page + build backlink nội bộ",B,75.0,0%,0
beach hotel hạ long,Khách sạn Hạ Long,Lưu trú,In-scope Hạ Long,Transaction,50,N/A,N/A,N/A,Planner (Không xác định),data/google_planner/ha-long/Keyword Stats 2026-02-22 at 22_21_22.csv,"Tạo landing chuyển đổi (giá/vé/đặt chỗ), gom vào cluster page + build backlink nội bộ",B,75.0,-100.0%,0
blue sky hotel halong,Khách sạn Hạ Long,Lưu trú,In-scope Hạ Long,Transaction,50,N/A,N/A,N/A,Planner (Thấp),data/google_planner/ha-long/Keyword Stats 2026-02-22 at 22_21_22.csv,"Tạo landing chuyển đổi (giá/vé/đặt chỗ), gom vào cluster page + build backlink nội bộ",B,75.0,0%,0
blue sky hotel hạ long,Khách sạn Hạ Long,Lưu trú,In-scope Hạ Long,Transaction,50,N/A,N/A,N/A,Planner (Thấp),data/google_planner/ha-long/Keyword Stats 2026-02-22 at 22_21_22.csv,"Tạo landing chuyển đổi (giá/vé/đặt chỗ), gom vào cluster page + build backlink nội bộ",B,75.0,0%,0
book phòng khách sạn hạ long,Khách sạn Hạ Long,Lưu trú,In-scope Hạ Long,Transaction,50,N/A,N/A,N/A,Planner (Cao),data/google_planner/ha-long/Keyword Stats 2026-02-22 at 22_21_22.csv,"Tạo landing chuyển đổi (giá/vé/đặt chỗ), gom vào cluster page + build backlink nội bộ",B,75.0,0%,0
boston hotel hạ long,Khách sạn Hạ Long,Lưu trú,In-scope Hạ Long,Transaction,50,N/A,N/A,N/A,Planner (Thấp),data/google_planner/ha-long/Keyword Stats 2026-02-22 at 22_21_22.csv,"Tạo landing chuyển đổi (giá/vé/đặt chỗ), gom vào cluster page + build backlink nội bộ",B,75.0,0%,0
bài thơ hotel hạ long,Khách sạn Hạ Long,Lưu trú,In-scope Hạ Long,Transaction,50,N/A,N/A,N/A,Planner (Thấp),data/google_planner/ha-long/Keyword Stats 2026-02-22 at 22_21_22.csv,"Tạo landing chuyển đổi (giá/vé/đặt chỗ), gom vào cluster page + build backlink nội bộ",B,75.0,0%,0
bình an hotel hạ long,Khách sạn Hạ Long,Lưu trú,In-scope Hạ Long,Transaction,50,N/A,N/A,N/A,Planner (Trung bình),data/google_planner/ha-long/Keyword Stats 2026-02-22 at 22_21_22.csv,"Tạo landing chuyển đổi (giá/vé/đặt chỗ), gom vào cluster page + build backlink nội bộ",B,75.0,0%,0
bảo hân hotel hạ long,Khách sạn Hạ Long,Lưu trú,In-scope Hạ Long,Transaction,50,N/A,N/A,N/A,Planner (Thấp),data/google_planner/ha-long/Keyword Stats 2026-02-22 at 22_21_22.csv,"Tạo landing chuyển đổi (giá/vé/đặt chỗ), gom vào cluster page + build backlink nội bộ",B,75.0,0%,0
bảo minh hotel hạ long,Khách sạn Hạ Long,Lưu trú,In-scope Hạ Long,Transaction,50,N/A,N/A,N/A,Planner (Thấp),data/google_planner/ha-long/Keyword Stats 2026-02-22 at 22_21_22.csv,"Tạo landing chuyển đổi (giá/vé/đặt chỗ), gom vào cluster page + build backlink nội bộ",B,75.0,0%,0
bảo tân hotel hạ long,Khách sạn Hạ Long,Lưu trú,In-scope Hạ Long,Transaction,50,N/A,N/A,N/A,Planner (Không xác định),data/google_planner/ha-long/Keyword Stats 2026-02-22 at 22_21_22.csv,"Tạo landing chuyển đổi (giá/vé/đặt chỗ), gom vào cluster page + build backlink nội bộ",B,75.0,0%,0
central luxury hotel hạ long,Khách sạn Hạ Long,Lưu trú,In-scope Hạ Long,Transaction,50,N/A,N/A,N/A,Planner (Trung bình),data/google_planner/ha-long/Keyword Stats 2026-02-22 at 22_21_22.csv,"Tạo landing chuyển đổi (giá/vé/đặt chỗ), gom vào cluster page + build backlink nội bộ",B,75.0,0%,0
centrica hotel hạ long,Khách sạn Hạ Long,Lưu trú,In-scope Hạ Long,Transaction,50,N/A,N/A,N/A,Planner (Không xác định),data/google_planner/ha-long/Keyword Stats 2026-02-22 at 22_21_22.csv,"Tạo landing chuyển đổi (giá/vé/đặt chỗ), gom vào cluster page + build backlink nội bộ",B,75.0,-100.0%,0
coral hotel hạ long,Khách sạn Hạ Long,Lưu trú,In-scope Hạ Long,Transaction,50,N/A,N/A,N/A,Planner (Thấp),data/google_planner/ha-long/Keyword Stats 2026-02-22 at 22_21_22.csv,"Tạo landing chuyển đổi (giá/vé/đặt chỗ), gom vào cluster page + build backlink nội bộ",B,75.0,0%,0
crown hotel hạ long,Khách sạn Hạ Long,Lưu trú,In-scope Hạ Long,Transaction,50,N/A,N/A,N/A,Planner (Thấp),data/google_planner/ha-long/Keyword Stats 2026-02-22 at 22_21_22.csv,"Tạo landing chuyển đổi (giá/vé/đặt chỗ), gom vào cluster page + build backlink nội bộ",B,75.0,0%,0
các khách sạn có bể bơi ở hạ long,Khách sạn Hạ Long,Lưu trú,In-scope Hạ Long,Transaction,50,N/A,N/A,N/A,Planner (Không xác định),data/google_planner/ha-long/Keyword Stats 2026-02-22 at 22_21_22.csv,"Tạo landing chuyển đổi (giá/vé/đặt chỗ), gom vào cluster page + build backlink nội bộ",B,75.0,0%,0
các khách sạn gần biển ở hạ long,Khách sạn Hạ Long,Lưu trú,In-scope Hạ Long,Transaction,50,N/A,N/A,N/A,Planner (Thấp),data/google_planner/ha-long/Keyword Stats 2026-02-22 at 22_21_22.csv,"Tạo landing chuyển đổi (giá/vé/đặt chỗ), gom vào cluster page + build backlink nội bộ",B,75.0,0%,0
các khách sạn gần sun world hạ long,Khách sạn Hạ Long,Lưu trú,In-scope Hạ Long,Transaction,50,N/A,N/A,N/A,Planner (Cao),data/google_planner/ha-long/Keyword Stats 2026-02-22 at 22_21_22.csv,"Tạo landing chuyển đổi (giá/vé/đặt chỗ), gom vào cluster page + build backlink nội bộ",B,75.0,0%,0
các khách sạn mường thanh ở hạ long,Khách sạn Hạ Long,Lưu trú,In-scope Hạ Long,Transaction,50,N/A,N/A,N/A,Planner (Thấp),data/google_planner/ha-long/Keyword Stats 2026-02-22 at 22_21_22.csv,"Tạo landing chuyển đổi (giá/vé/đặt chỗ), gom vào cluster page + build backlink nội bộ",B,75.0,0%,0
các khách sạn tốt ở hạ long,Khách sạn Hạ Long,Lưu trú,In-scope Hạ Long,Transaction,50,N/A,N/A,N/A,Planner (Cao),data/google_planner/ha-long/Keyword Stats 2026-02-22 at 22_21_22.csv,"Tạo landing chuyển đổi (giá/vé/đặt chỗ), gom vào cluster page + build backlink nội bộ",B,75.0,0%,0
công đoàn hạ long hotel,Khách sạn Hạ Long,Lưu trú,In-scope Hạ Long,Transaction,50,N/A,N/A,N/A,Planner (Thấp),data/google_planner/ha-long/Keyword Stats 2026-02-22 at 22_21_22.csv,"Tạo landing chuyển đổi (giá/vé/đặt chỗ), gom vào cluster page + build backlink nội bộ",B,75.0,0%,0
căn hộ khách sạn hạ long,Khách sạn Hạ Long,Lưu trú,In-scope Hạ Long,Transaction,50,N/A,N/A,N/A,Planner (Trung bình),data/google_planner/ha-long/Keyword Stats 2026-02-22 at 22_21_22.csv,"Tạo landing chuyển đổi (giá/vé/đặt chỗ), gom vào cluster page + build backlink nội bộ",B,75.0,0%,0
d lioro hạ long hotel,Khách sạn Hạ Long,Lưu trú,In-scope Hạ Long,Transaction,50,N/A,N/A,N/A,Planner (Không xác định),data/google_planner/ha-long/Keyword Stats 2026-02-22 at 22_21_22.csv,"Tạo landing chuyển đổi (giá/vé/đặt chỗ), gom vào cluster page + build backlink nội bộ",B,75.0,-100.0%,0
d lioro hotel halong,Khách sạn Hạ Long,Lưu trú,In-scope Hạ Long,Transaction,50,N/A,N/A,N/A,Planner (Không xác định),data/google_planner/ha-long/Keyword Stats 2026-02-22 at 22_21_22.csv,"Tạo landing chuyển đổi (giá/vé/đặt chỗ), gom vào cluster page + build backlink nội bộ",B,75.0,-100.0%,0
danh sách khách sạn hạ long,Khách sạn Hạ Long,Lưu trú,In-scope Hạ Long,Transaction,50,N/A,N/A,N/A,Planner (Không xác định),data/google_planner/ha-long/Keyword Stats 2026-02-22 at 22_21_22.csv,"Tạo landing chuyển đổi (giá/vé/đặt chỗ), gom vào cluster page + build backlink nội bộ",B,75.0,0%,0
danh sách khách sạn tại hạ long,Khách sạn Hạ Long,Lưu trú,In-scope Hạ Long,Transaction,50,N/A,N/A,N/A,Planner (Thấp),data/google_planner/ha-long/Keyword Stats 2026-02-22 at 22_21_22.csv,"Tạo landing chuyển đổi (giá/vé/đặt chỗ), gom vào cluster page + build backlink nội bộ",B,75.0,0%,0
danh sách khách sạn ở hạ long,Khách sạn Hạ Long,Lưu trú,In-scope Hạ Long,Transaction,50,N/A,N/A,N/A,Planner (Không xác định),data/google_planner/ha-long/Keyword Stats 2026-02-22 at 22_21_22.csv,"Tạo landing chuyển đổi (giá/vé/đặt chỗ), gom vào cluster page + build backlink nội bộ",B,75.0,-100.0%,0
diamond hotel hạ long,Khách sạn Hạ Long,Lưu trú,In-scope Hạ Long,Transaction,50,N/A,N/A,N/A,Planner (Thấp),data/google_planner/ha-long/Keyword Stats 2026-02-22 at 22_21_22.csv,"Tạo landing chuyển đổi (giá/vé/đặt chỗ), gom vào cluster page + build backlink nội bộ",B,75.0,0%,0
dlioro hotel hạ long,Khách sạn Hạ Long,Lưu trú,In-scope Hạ Long,Transaction,50,N/A,N/A,N/A,Planner (Không xác định),data/google_planner/ha-long/Keyword Stats 2026-02-22 at 22_21_22.csv,"Tạo landing chuyển đổi (giá/vé/đặt chỗ), gom vào cluster page + build backlink nội bộ",B,75.0,-100.0%,0
dragon legend hotel hạ long,Khách sạn Hạ Long,Lưu trú,In-scope Hạ Long,Transaction,50,N/A,N/A,N/A,Planner (Trung bình),data/google_planner/ha-long/Keyword Stats 2026-02-22 at 22_21_22.csv,"Tạo landing chuyển đổi (giá/vé/đặt chỗ), gom vào cluster page + build backlink nội bộ",B,75.0,0%,0
draha hotel hạ long,Khách sạn Hạ Long,Lưu trú,In-scope Hạ Long,Transaction,50,N/A,N/A,N/A,Planner (Trung bình),data/google_planner/ha-long/Keyword Stats 2026-02-22 at 22_21_22.csv,"Tạo landing chuyển đổi (giá/vé/đặt chỗ), gom vào cluster page + build backlink nội bộ",B,75.0,0%,0
elisa hotel hạ long,Khách sạn Hạ Long,Lưu trú,In-scope Hạ Long,Transaction,50,N/A,N/A,N/A,Planner (Thấp),data/google_planner/ha-long/Keyword Stats 2026-02-22 at 22_21_22.csv,"Tạo landing chuyển đổi (giá/vé/đặt chỗ), gom vào cluster page + build backlink nội bộ",B,75.0,0%,0
full house hotel hạ long,Khách sạn Hạ Long,Lưu trú,In-scope Hạ Long,Transaction,50,N/A,N/A,N/A,Planner (Không xác định),data/google_planner/ha-long/Keyword Stats 2026-02-22 at 22_21_22.csv,"Tạo landing chuyển đổi (giá/vé/đặt chỗ), gom vào cluster page + build backlink nội bộ",B,75.0,0%,0
galaxy hotel hạ long,Khách sạn Hạ Long,Lưu trú,In-scope Hạ Long,Transaction,50,N/A,N/A,N/A,Planner (Thấp),data/google_planner/ha-long/Keyword Stats 2026-02-22 at 22_21_22.csv,"Tạo landing chuyển đổi (giá/vé/đặt chỗ), gom vào cluster page + build backlink nội bộ",B,75.0,0%,0
galaxy hạ long hotel,Khách sạn Hạ Long,Lưu trú,In-scope Hạ Long,Transaction,50,N/A,N/A,N/A,Planner (Thấp),data/google_planner/ha-long/Keyword Stats 2026-02-22 at 22_21_22.csv,"Tạo landing chuyển đổi (giá/vé/đặt chỗ), gom vào cluster page + build backlink nội bộ",B,75.0,0%,0
golden sea hotel hạ long,Khách sạn Hạ Long,Lưu trú,In-scope Hạ Long,Transaction,50,N/A,N/A,N/A,Planner (Thấp),data/google_planner/ha-long/Keyword Stats 2026-02-22 at 22_21_22.csv,"Tạo landing chuyển đổi (giá/vé/đặt chỗ), gom vào cluster page + build backlink nội bộ",B,75.0,0%,0
green hotel hạ long,Khách sạn Hạ Long,Lưu trú,In-scope Hạ Long,Transaction,50,N/A,N/A,N/A,Planner (Thấp),data/google_planner/ha-long/Keyword Stats 2026-02-22 at 22_21_22.csv,"Tạo landing chuyển đổi (giá/vé/đặt chỗ), gom vào cluster page + build backlink nội bộ",B,75.0,0%,0
ha thanh halong hotel,Khách sạn Hạ Long,Lưu trú,In-scope Hạ Long,Transaction,50,N/A,N/A,N/A,Planner (Không xác định),data/google_planner/ha-long/Keyword Stats 2026-02-22 at 22_21_22.csv,"Tạo landing chuyển đổi (giá/vé/đặt chỗ), gom vào cluster page + build backlink nội bộ",B,75.0,0%,0
hallo hotel hạ long,Khách sạn Hạ Long,Lưu trú,In-scope Hạ Long,Transaction,50,N/A,N/A,N/A,Planner (Trung bình),data/google_planner/ha-long/Keyword Stats 2026-02-22 at 22_21_22.csv,"Tạo landing chuyển đổi (giá/vé/đặt chỗ), gom vào cluster page + build backlink nội bộ",B,75.0,0%,0
halong an hotel,Khách sạn Hạ Long,Lưu trú,In-scope Hạ Long,Transaction,50,N/A,N/A,N/A,Planner (Không xác định),data/google_planner/ha-long/Keyword Stats 2026-02-22 at 22_21_22.csv,"Tạo landing chuyển đổi (giá/vé/đặt chỗ), gom vào cluster page + build backlink nội bộ",B,75.0,0%,0
happy hotel hạ long,Khách sạn Hạ Long,Lưu trú,In-scope Hạ Long,Transaction,50,N/A,N/A,N/A,Planner (Thấp),data/google_planner/ha-long/Keyword Stats 2026-02-22 at 22_21_22.csv,"Tạo landing chuyển đổi (giá/vé/đặt chỗ), gom vào cluster page + build backlink nội bộ",B,75.0,0%,0
hera hotel hạ long,Khách sạn Hạ Long,Lưu trú,In-scope Hạ Long,Transaction,50,N/A,N/A,N/A,Planner (Thấp),data/google_planner/ha-long/Keyword Stats 2026-02-22 at 22_21_22.csv,"Tạo landing chuyển đổi (giá/vé/đặt chỗ), gom vào cluster page + build backlink nội bộ",B,75.0,0%,0
heritage hotel hạ long,Khách sạn Hạ Long,Lưu trú,In-scope Hạ Long,Transaction,50,N/A,N/A,N/A,Planner (Thấp),data/google_planner/ha-long/Keyword Stats 2026-02-22 at 22_21_22.csv,"Tạo landing chuyển đổi (giá/vé/đặt chỗ), gom vào cluster page + build backlink nội bộ",B,75.0,0%,0
hotel hạnh phúc hạ long,Khách sạn Hạ Long,Lưu trú,In-scope Hạ Long,Transaction,50,N/A,N/A,N/A,Planner (Cao),data/google_planner/ha-long/Keyword Stats 2026-02-22 at 22_21_22.csv,"Tạo landing chuyển đổi (giá/vé/đặt chỗ), gom vào cluster page + build backlink nội bộ",B,75.0,0%,0
hotel mường thanh hạ long,Khách sạn Hạ Long,Lưu trú,In-scope Hạ Long,Transaction,50,N/A,N/A,N/A,Planner (Không xác định),data/google_planner/ha-long/Keyword Stats 2026-02-22 at 22_21_22.csv,"Tạo landing chuyển đổi (giá/vé/đặt chỗ), gom vào cluster page + build backlink nội bộ",B,75.0,-100.0%,0
hotel novotel hạ long,Khách sạn Hạ Long,Lưu trú,In-scope Hạ Long,Transaction,50,N/A,N/A,N/A,Planner (Thấp),data/google_planner/ha-long/Keyword Stats 2026-02-22 at 22_21_22.csv,"Tạo landing chuyển đổi (giá/vé/đặt chỗ), gom vào cluster page + build backlink nội bộ",B,75.0,0%,0
hotel sunny hạ long,Khách sạn Hạ Long,Lưu trú,In-scope Hạ Long,Transaction,50,N/A,N/A,N/A,Planner (Thấp),data/google_planner/ha-long/Keyword Stats 2026-02-22 at 22_21_22.csv,"Tạo landing chuyển đổi (giá/vé/đặt chỗ), gom vào cluster page + build backlink nội bộ",B,75.0,0%,0
hotel ở hạ long,Khách sạn Hạ Long,Lưu trú,In-scope Hạ Long,Transaction,50,N/A,N/A,N/A,Planner (Thấp),data/google_planner/ha-long/Keyword Stats 2026-02-22 at 22_21_22.csv,"Tạo landing chuyển đổi (giá/vé/đặt chỗ), gom vào cluster page + build backlink nội bộ",B,75.0,0%,0
hoàng hà hotel hạ long,Khách sạn Hạ Long,Lưu trú,In-scope Hạ Long,Commercial Investigation,50,N/A,N/A,N/A,Planner (Trung bình),data/google_planner/ha-long/Keyword Stats 2026-02-22 at 22_21_22.csv,Viết bài top-list/so sánh; map vào cluster hub; bổ sung schema + ảnh/UGC,B,75.0,0%,0
hoàng lan hotel hạ long,Khách sạn Hạ Long,Lưu trú,In-scope Hạ Long,Commercial Investigation,50,N/A,N/A,N/A,Planner (Trung bình),data/google_planner/ha-long/Keyword Stats 2026-02-22 at 22_21_22.csv,Viết bài top-list/so sánh; map vào cluster hub; bổ sung schema + ảnh/UGC,B,75.0,0%,0
hoàng long hotel hạ long,Khách sạn Hạ Long,Lưu trú,In-scope Hạ Long,Commercial Investigation,50,N/A,N/A,N/A,Planner (Thấp),data/google_planner/ha-long/Keyword Stats 2026-02-22 at 22_21_22.csv,Viết bài top-list/so sánh; map vào cluster hub; bổ sung schema + ảnh/UGC,B,75.0,0%,0
hung thinh ha long hotel,Khách sạn Hạ Long,Lưu trú,In-scope Hạ Long,Commercial Investigation,50,N/A,N/A,N/A,Planner (Không xác định),data/google_planner/ha-long/Keyword Stats 2026-02-22 at 22_21_22.csv,Viết bài top-list/so sánh; map vào cluster hub; bổ sung schema + ảnh/UGC,B,75.0,0%,0
hưng thịnh hotel hạ long,Khách sạn Hạ Long,Lưu trú,In-scope Hạ Long,Commercial Investigation,50,N/A,N/A,N/A,Planner (Trung bình),data/google_planner/ha-long/Keyword Stats 2026-02-22 at 22_21_22.csv,Viết bài top-list/so sánh; map vào cluster hub; bổ sung schema + ảnh/UGC,B,75.0,0%,0
hương giang hotel hạ long,Khách sạn Hạ Long,Lưu trú,In-scope Hạ Long,Commercial Investigation,50,N/A,N/A,N/A,Planner (Trung bình),data/google_planner/ha-long/Keyword Stats 2026-02-22 at 22_21_22.csv,Viết bài top-list/so sánh; map vào cluster hub; bổ sung schema + ảnh/UGC,B,75.0,0%,0
hạ long 22 hotel,Khách sạn Hạ Long,Lưu trú,In-scope Hạ Long,Commercial Investigation,50,N/A,N/A,N/A,Planner (Không xác định),data/google_planner/ha-long/Keyword Stats 2026-02-22 at 22_21_22.csv,Viết bài top-list/so sánh; map vào cluster hub; bổ sung schema + ảnh/UGC,B,75.0,0%,0
hạ long centrica hotel,Khách sạn Hạ Long,Lưu trú,In-scope Hạ Long,Commercial Investigation,50,N/A,N/A,N/A,Planner (Thấp),data/google_planner/ha-long/Keyword Stats 2026-02-22 at 22_21_22.csv,Viết bài top-list/so sánh; map vào cluster hub; bổ sung schema + ảnh/UGC,B,75.0,0%,0
hạ long có mấy khách sạn mường thanh,Khách sạn Hạ Long,Lưu trú,In-scope Hạ Long,Commercial Investigation,50,N/A,N/A,N/A,Planner (Thấp),data/google_planner/ha-long/Keyword Stats 2026-02-22 at 22_21_22.csv,Viết bài top-list/so sánh; map vào cluster hub; bổ sung schema + ảnh/UGC,B,75.0,0%,0
hạ long delight hotel,Khách sạn Hạ Long,Lưu trú,In-scope Hạ Long,Commercial Investigation,50,N/A,N/A,N/A,Planner (Không xác định),data/google_planner/ha-long/Keyword Stats 2026-02-22 at 22_21_22.csv,Viết bài top-list/so sánh; map vào cluster hub; bổ sung schema + ảnh/UGC,B,75.0,0%,0
hạ long gem hotel,Khách sạn Hạ Long,Lưu trú,In-scope Hạ Long,Commercial Investigation,50,N/A,N/A,N/A,Planner (Thấp),data/google_planner/ha-long/Keyword Stats 2026-02-22 at 22_21_22.csv,Viết bài top-list/so sánh; map vào cluster hub; bổ sung schema + ảnh/UGC,B,75.0,0%,0
hạ long golden bay hotel,Khách sạn Hạ Long,Lưu trú,In-scope Hạ Long,Commercial Investigation,50,N/A,N/A,N/A,Planner (Thấp),data/google_planner/ha-long/Keyword Stats 2026-02-22 at 22_21_22.csv,Viết bài top-list/so sánh; map vào cluster hub; bổ sung schema + ảnh/UGC,B,75.0,0%,0
hạ long legend hotel,Khách sạn Hạ Long,Lưu trú,In-scope Hạ Long,Commercial Investigation,50,N/A,N/A,N/A,Planner (Thấp),data/google_planner/ha-long/Keyword Stats 2026-02-22 at 22_21_22.csv,Viết bài top-list/so sánh; map vào cluster hub; bổ sung schema + ảnh/UGC,B,75.0,0%,0
hạ long marina hotel,Khách sạn Hạ Long,Lưu trú,In-scope Hạ Long,Commercial Investigation,50,N/A,N/A,N/A,Planner (Trung bình),data/google_planner/ha-long/Keyword Stats 2026-02-22 at 22_21_22.csv,Viết bài top-list/so sánh; map vào cluster hub; bổ sung schema + ảnh/UGC,B,75.0,0%,0
hạ long melia hotel,Khách sạn Hạ Long,Lưu trú,In-scope Hạ Long,Commercial Investigation,50,N/A,N/A,N/A,Planner (Không xác định),data/google_planner/ha-long/Keyword Stats 2026-02-22 at 22_21_22.csv,Viết bài top-list/so sánh; map vào cluster hub; bổ sung schema + ảnh/UGC,B,75.0,0%,0
hạ long sea hotel,Khách sạn Hạ Long,Lưu trú,In-scope Hạ Long,Commercial Investigation,50,N/A,N/A,N/A,Planner (Thấp),data/google_planner/ha-long/Keyword Stats 2026-02-22 at 22_21_22.csv,Viết bài top-list/so sánh; map vào cluster hub; bổ sung schema + ảnh/UGC,B,75.0,0%,0
hạ long view hotel,Khách sạn Hạ Long,Lưu trú,In-scope Hạ Long,Commercial Investigation,50,N/A,N/A,N/A,Planner (Thấp),data/google_planner/ha-long/Keyword Stats 2026-02-22 at 22_21_22.csv,Viết bài top-list/so sánh; map vào cluster hub; bổ sung schema + ảnh/UGC,B,75.0,0%,0
hạ long vạn xuân hotel,Khách sạn Hạ Long,Lưu trú,In-scope Hạ Long,Commercial Investigation,50,N/A,N/A,N/A,Planner (Không xác định),data/google_planner/ha-long/Keyword Stats 2026-02-22 at 22_21_22.csv,Viết bài top-list/so sánh; map vào cluster hub; bổ sung schema + ảnh/UGC,B,75.0,0%,0
iris hotel hạ long,Khách sạn Hạ Long,Lưu trú,In-scope Hạ Long,Commercial Investigation,50,N/A,N/A,N/A,Planner (Cao),data/google_planner/ha-long/Keyword Stats 2026-02-22 at 22_21_22.csv,Viết bài top-list/so sánh; map vào cluster hub; bổ sung schema + ảnh/UGC,B,75.0,0%,0
kenny hotel hạ long,Khách sạn Hạ Long,Lưu trú,In-scope Hạ Long,Commercial Investigation,50,N/A,N/A,N/A,Planner (Thấp),data/google_planner/ha-long/Keyword Stats 2026-02-22 at 22_21_22.csv,Viết bài top-list/so sánh; map vào cluster hub; bổ sung schema + ảnh/UGC,B,75.0,0%,0
khach san buu dien ha long,Khách sạn Hạ Long,Lưu trú,In-scope Hạ Long,Commercial Investigation,50,N/A,N/A,N/A,Planner (Không xác định),data/google_planner/ha-long/Keyword Stats 2026-02-22 at 22_21_22.csv,Viết bài top-list/so sánh; map vào cluster hub; bổ sung schema + ảnh/UGC,B,75.0,-100.0%,0
khach san cong doan ha long,Khách sạn Hạ Long,Lưu trú,In-scope Hạ Long,Commercial Investigation,50,N/A,N/A,N/A,Planner (Thấp),data/google_planner/ha-long/Keyword Stats 2026-02-22 at 22_21_22.csv,Viết bài top-list/so sánh; map vào cluster hub; bổ sung schema + ảnh/UGC,B,75.0,0%,0
khách sạn crown hạ long,Khách sạn Hạ Long,Lưu trú,In-scope Hạ Long,Commercial Investigation,50,N/A,N/A,N/A,Planner (Thấp),data/google_planner/ha-long/Keyword Stats 2026-02-22 at 22_21_22.csv,Viết bài top-list/so sánh; map vào cluster hub; bổ sung schema + ảnh/UGC,B,75.0,0%,0
khach san dep ha long,Khách sạn Hạ Long,Lưu trú,In-scope Hạ Long,Commercial Investigation,50,N/A,N/A,N/A,Planner (Không xác định),data/google_planner/ha-long/Keyword Stats 2026-02-22 at 22_21_22.csv,Viết bài top-list/so sánh; map vào cluster hub; bổ sung schema + ảnh/UGC,B,75.0,0%,0
khach san dien luc ha long,Khách sạn Hạ Long,Lưu trú,In-scope Hạ Long,Commercial Investigation,50,N/A,N/A,N/A,Planner (Không xác định),data/google_planner/ha-long/Keyword Stats 2026-02-22 at 22_21_22.csv,Viết bài top-list/so sánh; map vào cluster hub; bổ sung schema + ảnh/UGC,B,75.0,0%,0
khách sạn hạ long park,Khách sạn Hạ Long,Lưu trú,In-scope Hạ Long,Commercial Investigation,50,N/A,N/A,N/A,Planner (Thấp),data/google_planner/ha-long/Keyword Stats 2026-02-22 at 22_21_22.csv,Viết bài top-list/so sánh; map vào cluster hub; bổ sung schema + ảnh/UGC,B,75.0,0%,0
khách sạn ha long pearl,Khách sạn Hạ Long,Lưu trú,In-scope Hạ Long,Commercial Investigation,50,N/A,N/A,N/A,Planner (Không xác định),data/google_planner/ha-long/Keyword Stats 2026-02-22 at 22_21_22.csv,Viết bài top-list/so sánh; map vào cluster hub; bổ sung schema + ảnh/UGC,B,75.0,-100.0%,0
khach san o tuan chau,Khách sạn Hạ Long,Lưu trú,In-scope Hạ Long,Commercial Investigation,50,N/A,N/A,N/A,Planner (Không xác định),data/google_planner/ha-long/Keyword Stats 2026-02-22 at 22_21_22.csv,Viết bài top-list/so sánh; map vào cluster hub; bổ sung schema + ảnh/UGC,B,75.0,0%,0
khách sạn phương huy hạ long,Khách sạn Hạ Long,Lưu trú,In-scope Hạ Long,Commercial Investigation,50,N/A,N/A,N/A,Planner (Trung bình),data/google_planner/ha-long/Keyword Stats 2026-02-22 at 22_21_22.csv,Viết bài top-list/so sánh; map vào cluster hub; bổ sung schema + ảnh/UGC,B,75.0,0%,0
khách sạn relax hạ long,Khách sạn Hạ Long,Lưu trú,In-scope Hạ Long,Commercial Investigation,50,N/A,N/A,N/A,Planner (Thấp),data/google_planner/ha-long/Keyword Stats 2026-02-22 at 22_21_22.csv,Viết bài top-list/so sánh; map vào cluster hub; bổ sung schema + ảnh/UGC,B,75.0,0%,0
khách sạn thái sơn hạ long,Khách sạn Hạ Long,Lưu trú,In-scope Hạ Long,Commercial Investigation,50,N/A,N/A,N/A,Planner (Thấp),data/google_planner/ha-long/Keyword Stats 2026-02-22 at 22_21_22.csv,Viết bài top-list/so sánh; map vào cluster hub; bổ sung schema + ảnh/UGC,B,75.0,-90.0%,0
khach san tuan chau quang ninh,Khách sạn Hạ Long,Lưu trú,In-scope Hạ Long,Commercial Investigation,50,N/A,N/A,N/A,Planner (Thấp),data/google_planner/ha-long/Keyword Stats 2026-02-22 at 22_21_22.csv,Viết bài top-list/so sánh; map vào cluster hub; bổ sung schema + ảnh/UGC,B,75.0,0%,0
khách sạn vân hải hạ long,Khách sạn Hạ Long,Lưu trú,In-scope Hạ Long,Commercial Investigation,50,N/A,N/A,N/A,Planner (Thấp),data/google_planner/ha-long/Keyword Stats 2026-02-22 at 22_21_22.csv,Viết bài top-list/so sánh; map vào cluster hub; bổ sung schema + ảnh/UGC,B,75.0,0%,0
khach san victoria ha long,Khách sạn Hạ Long,Lưu trú,In-scope Hạ Long,Commercial Investigation,50,N/A,N/A,N/A,Planner (Không xác định),data/google_planner/ha-long/Keyword Stats 2026-02-22 at 22_21_22.csv,Viết bài top-list/so sánh; map vào cluster hub; bổ sung schema + ảnh/UGC,B,75.0,0%,0
khach san vuon dao ha long,Khách sạn Hạ Long,Lưu trú,In-scope Hạ Long,Commercial Investigation,50,N/A,N/A,N/A,Planner (Cao),data/google_planner/ha-long/Keyword Stats 2026-02-22 at 22_21_22.csv,Viết bài top-list/so sánh; map vào cluster hub; bổ sung schema + ảnh/UGC,B,75.0,0%,0
khách sạn 1925 hạ long,Khách sạn Hạ Long,Lưu trú,In-scope Hạ Long,Commercial Investigation,50,N/A,N/A,N/A,Planner (Thấp),data/google_planner/ha-long/Keyword Stats 2026-02-22 at 22_21_22.csv,Viết bài top-list/so sánh; map vào cluster hub; bổ sung schema + ảnh/UGC,B,75.0,0%,0
khách sạn 2 * hạ long,Khách sạn Hạ Long,Lưu trú,In-scope Hạ Long,Commercial Investigation,50,N/A,N/A,N/A,Planner (Không xác định),data/google_planner/ha-long/Keyword Stats 2026-02-22 at 22_21_22.csv,Viết bài top-list/so sánh; map vào cluster hub; bổ sung schema + ảnh/UGC,B,75.0,0%,0
khách sạn 2 sao ở hạ long,Khách sạn Hạ Long,Lưu trú,In-scope Hạ Long,Commercial Investigation,50,N/A,N/A,N/A,Planner (Trung bình),data/google_planner/ha-long/Keyword Stats 2026-02-22 at 22_21_22.csv,Viết bài top-list/so sánh; map vào cluster hub; bổ sung schema + ảnh/UGC,B,75.0,0%,0
khách sạn 3 * ở hạ long,Khách sạn Hạ Long,Lưu trú,In-scope Hạ Long,Commercial Investigation,50,N/A,N/A,N/A,Planner (Không xác định),data/google_planner/ha-long/Keyword Stats 2026-02-22 at 22_21_22.csv,Viết bài top-list/so sánh; map vào cluster hub; bổ sung schema + ảnh/UGC,B,75.0,0%,0
khách sạn 3 sao tại hòn gai,Khách sạn Hạ Long,Lưu trú,In-scope Hạ Long,Commercial Investigation,50,N/A,N/A,N/A,Planner (Không xác định),data/google_planner/ha-long/Keyword Stats 2026-02-22 at 22_21_22.csv,Viết bài top-list/so sánh; map vào cluster hub; bổ sung schema + ảnh/UGC,B,75.0,0%,0
khách sạn 4 * hạ long,Khách sạn Hạ Long,Lưu trú,In-scope Hạ Long,Commercial Investigation,50,N/A,N/A,N/A,Planner (Cao),data/google_planner/ha-long/Keyword Stats 2026-02-22 at 22_21_22.csv,Viết bài top-list/so sánh; map vào cluster hub; bổ sung schema + ảnh/UGC,B,75.0,0%,0
khách sạn 4 5 sao hạ long,Khách sạn Hạ Long,Lưu trú,In-scope Hạ Long,Commercial Investigation,50,N/A,N/A,N/A,Planner (Cao),data/google_planner/ha-long/Keyword Stats 2026-02-22 at 22_21_22.csv,Viết bài top-list/so sánh; map vào cluster hub; bổ sung schema + ảnh/UGC,B,75.0,-90.0%,0
khách sạn 4 sao hạ long gần biển,Khách sạn Hạ Long,Lưu trú,In-scope Hạ Long,Commercial Investigation,50,N/A,N/A,N/A,Planner (Không xác định),data/google_planner/ha-long/Keyword Stats 2026-02-22 at 22_21_22.csv,Viết bài top-list/so sánh; map vào cluster hub; bổ sung schema + ảnh/UGC,B,75.0,-100.0%,0
khách sạn 4 sao tại hòn gai,Khách sạn Hạ Long,Lưu trú,In-scope Hạ Long,Commercial Investigation,50,N/A,N/A,N/A,Planner (Cao),data/google_planner/ha-long/Keyword Stats 2026-02-22 at 22_21_22.csv,Viết bài top-list/so sánh; map vào cluster hub; bổ sung schema + ảnh/UGC,B,75.0,0%,0
khách sạn 5 * ở hạ long,Khách sạn Hạ Long,Lưu trú,In-scope Hạ Long,Commercial Investigation,50,N/A,N/A,N/A,Planner (Cao),data/google_planner/ha-long/Keyword Stats 2026-02-22 at 22_21_22.csv,Viết bài top-list/so sánh; map vào cluster hub; bổ sung schema + ảnh/UGC,B,75.0,0%,0
khách sạn aland hạ long,Khách sạn Hạ Long,Lưu trú,In-scope Hạ Long,Commercial Investigation,50,N/A,N/A,N/A,Planner (Thấp),data/google_planner/ha-long/Keyword Stats 2026-02-22 at 22_21_22.csv,Viết bài top-list/so sánh; map vào cluster hub; bổ sung schema + ảnh/UGC,B,75.0,0%,0
khách sạn alee hạ long,Khách sạn Hạ Long,Lưu trú,In-scope Hạ Long,Commercial Investigation,50,N/A,N/A,N/A,Planner (Thấp),data/google_planner/ha-long/Keyword Stats 2026-02-22 at 22_21_22.csv,Viết bài top-list/so sánh; map vào cluster hub; bổ sung schema + ảnh/UGC,B,75.0,0%,0
khách sạn alex ha long hotel,Khách sạn Hạ Long,Lưu trú,In-scope Hạ Long,Commercial Investigation,50,N/A,N/A,N/A,Planner (Không xác định),data/google_planner/ha-long/Keyword Stats 2026-02-22 at 22_21_22.csv,Viết bài top-list/so sánh; map vào cluster hub; bổ sung schema + ảnh/UGC,B,75.0,0%,0
khách sạn alex hạ long,Khách sạn Hạ Long,Lưu trú,In-scope Hạ Long,Commercial Investigation,50,N/A,N/A,N/A,Planner (Trung bình),data/google_planner/ha-long/Keyword Stats 2026-02-22 at 22_21_22.csv,Viết bài top-list/so sánh; map vào cluster hub; bổ sung schema + ảnh/UGC,B,75.0,0%,0
khách sạn anh đào hạ long,Khách sạn Hạ Long,Lưu trú,In-scope Hạ Long,Commercial Investigation,50,N/A,N/A,N/A,Planner (Trung bình),data/google_planner/ha-long/Keyword Stats 2026-02-22 at 22_21_22.csv,Viết bài top-list/so sánh; map vào cluster hub; bổ sung schema + ảnh/UGC,B,75.0,0%,0
khách sạn ba sao hạ long,Khách sạn Hạ Long,Lưu trú,In-scope Hạ Long,Commercial Investigation,50,N/A,N/A,N/A,Planner (Không xác định),data/google_planner/ha-long/Keyword Stats 2026-02-22 at 22_21_22.csv,Viết bài top-list/so sánh; map vào cluster hub; bổ sung schema + ảnh/UGC,B,75.0,-100.0%,0
khách sạn bamboo hạ long,Khách sạn Hạ Long,Lưu trú,In-scope Hạ Long,Commercial Investigation,50,N/A,N/A,N/A,Planner (Thấp),data/google_planner/ha-long/Keyword Stats 2026-02-22 at 22_21_22.csv,Viết bài top-list/so sánh; map vào cluster hub; bổ sung schema + ảnh/UGC,B,75.0,0%,0
khách sạn basic hạ long,Khách sạn Hạ Long,Lưu trú,In-scope Hạ Long,Commercial Investigation,50,N/A,N/A,N/A,Planner (Thấp),data/google_planner/ha-long/Keyword Stats 2026-02-22 at 22_21_22.csv,Viết bài top-list/so sánh; map vào cluster hub; bổ sung schema + ảnh/UGC,B,75.0,0%,0
khách sạn beach hạ long,Khách sạn Hạ Long,Lưu trú,In-scope Hạ Long,Commercial Investigation,50,N/A,N/A,N/A,Planner (Thấp),data/google_planner/ha-long/Keyword Stats 2026-02-22 at 22_21_22.csv,Viết bài top-list/so sánh; map vào cluster hub; bổ sung schema + ảnh/UGC,B,75.0,0%,0
khách sạn best western hạ long,Khách sạn Hạ Long,Lưu trú,In-scope Hạ Long,Commercial Investigation,50,N/A,N/A,N/A,Planner (Trung bình),data/google_planner/ha-long/Keyword Stats 2026-02-22 at 22_21_22.csv,Viết bài top-list/so sánh; map vào cluster hub; bổ sung schema + ảnh/UGC,B,75.0,0%,0
khách sạn best western premier hạ long,Khách sạn Hạ Long,Lưu trú,In-scope Hạ Long,Commercial Investigation,50,N/A,N/A,N/A,Planner (Thấp),data/google_planner/ha-long/Keyword Stats 2026-02-22 at 22_21_22.csv,Viết bài top-list/so sánh; map vào cluster hub; bổ sung schema + ảnh/UGC,B,75.0,0%,0
khách sạn beverly hill hạ long,Khách sạn Hạ Long,Lưu trú,In-scope Hạ Long,Commercial Investigation,50,N/A,N/A,N/A,Planner (Thấp),data/google_planner/ha-long/Keyword Stats 2026-02-22 at 22_21_22.csv,Viết bài top-list/so sánh; map vào cluster hub; bổ sung schema + ảnh/UGC,B,75.0,0%,0
khách sạn bin bốp hạ long,Khách sạn Hạ Long,Lưu trú,In-scope Hạ Long,Commercial Investigation,50,N/A,N/A,N/A,Planner (Thấp),data/google_planner/ha-long/Keyword Stats 2026-02-22 at 22_21_22.csv,Viết bài top-list/so sánh; map vào cluster hub; bổ sung schema + ảnh/UGC,B,75.0,0%,0
khách sạn biển hạ long,Khách sạn Hạ Long,Lưu trú,In-scope Hạ Long,Commercial Investigation,50,N/A,N/A,N/A,Planner (Thấp),data/google_planner/ha-long/Keyword Stats 2026-02-22 at 22_21_22.csv,Viết bài top-list/so sánh; map vào cluster hub; bổ sung schema + ảnh/UGC,B,75.0,0%,0
khách sạn bmc hạ long,Khách sạn Hạ Long,Lưu trú,In-scope Hạ Long,Commercial Investigation,50,N/A,N/A,N/A,Planner (Thấp),data/google_planner/ha-long/Keyword Stats 2026-02-22 at 22_21_22.csv,Viết bài top-list/so sánh; map vào cluster hub; bổ sung schema + ảnh/UGC,B,75.0,0%,0
khách sạn bwp hạ long,Khách sạn Hạ Long,Lưu trú,In-scope Hạ Long,Commercial Investigation,50,N/A,N/A,N/A,Planner (Không xác định),data/google_planner/ha-long/Keyword Stats 2026-02-22 at 22_21_22.csv,Viết bài top-list/so sánh; map vào cluster hub; bổ sung schema + ảnh/UGC,B,75.0,-100.0%,0
khách sạn bài thơ hạ long,Khách sạn Hạ Long,Lưu trú,In-scope Hạ Long,Commercial Investigation,50,N/A,N/A,N/A,Planner (Thấp),data/google_planner/ha-long/Keyword Stats 2026-02-22 at 22_21_22.csv,Viết bài top-list/so sánh; map vào cluster hub; bổ sung schema + ảnh/UGC,B,75.0,0%,0
khách sạn bãi biển hạ long,Khách sạn Hạ Long,Lưu trú,In-scope Hạ Long,Commercial Investigation,50,N/A,N/A,N/A,Planner (Thấp),data/google_planner/ha-long/Keyword Stats 2026-02-22 at 22_21_22.csv,Viết bài top-list/so sánh; map vào cluster hub; bổ sung schema + ảnh/UGC,B,75.0,0%,0
khách sạn bên hòn gai quảng ninh,Khách sạn Hạ Long,Lưu trú,In-scope Hạ Long,Commercial Investigation,50,N/A,N/A,N/A,Planner (Cao),data/google_planner/ha-long/Keyword Stats 2026-02-22 at 22_21_22.csv,Viết bài top-list/so sánh; map vào cluster hub; bổ sung schema + ảnh/UGC,B,75.0,0%,0
khách sạn bình an hạ long,Khách sạn Hạ Long,Lưu trú,In-scope Hạ Long,Commercial Investigation,50,N/A,N/A,N/A,Planner (Không xác định),data/google_planner/ha-long/Keyword Stats 2026-02-22 at 22_21_22.csv,Viết bài top-list/so sánh; map vào cluster hub; bổ sung schema + ảnh/UGC,B,75.0,-100.0%,0
khách sạn bình dân hạ long,Khách sạn Hạ Long,Lưu trú,In-scope Hạ Long,Commercial Investigation,50,N/A,N/A,N/A,Planner (Trung bình),data/google_planner/ha-long/Keyword Stats 2026-02-22 at 22_21_22.csv,Viết bài top-list/so sánh; map vào cluster hub; bổ sung schema + ảnh/UGC,B,75.0,0%,0
khách sạn bình dân ở hạ long,Khách sạn Hạ Long,Lưu trú,In-scope Hạ Long,Commercial Investigation,50,N/A,N/A,N/A,Planner (Trung bình),data/google_planner/ha-long/Keyword Stats 2026-02-22 at 22_21_22.csv,Viết bài top-list/so sánh; map vào cluster hub; bổ sung schema + ảnh/UGC,B,75.0,0%,0
khách sạn bình minh hạ long,Khách sạn Hạ Long,Lưu trú,In-scope Hạ Long,Commercial Investigation,50,N/A,N/A,N/A,Planner (Thấp),data/google_planner/ha-long/Keyword Stats 2026-02-22 at 22_21_22.csv,Viết bài top-list/so sánh; map vào cluster hub; bổ sung schema + ảnh/UGC,B,75.0,0%,0
khách sạn bảo an hạ long,Khách sạn Hạ Long,Lưu trú,In-scope Hạ Long,Commercial Investigation,50,N/A,N/A,N/A,Planner (Thấp),data/google_planner/ha-long/Keyword Stats 2026-02-22 at 22_21_22.csv,Viết bài top-list/so sánh; map vào cluster hub; bổ sung schema + ảnh/UGC,B,75.0,0%,0
khách sạn bảo ngân hạ long,Khách sạn Hạ Long,Lưu trú,In-scope Hạ Long,Commercial Investigation,50,N/A,N/A,N/A,Planner (Thấp),data/google_planner/ha-long/Keyword Stats 2026-02-22 at 22_21_22.csv,Viết bài top-list/so sánh; map vào cluster hub; bổ sung schema + ảnh/UGC,B,75.0,0%,0
khách sạn bảo tân hạ long,Khách sạn Hạ Long,Lưu trú,In-scope Hạ Long,Commercial Investigation,50,N/A,N/A,N/A,Planner (Thấp),data/google_planner/ha-long/Keyword Stats 2026-02-22 at 22_21_22.csv,Viết bài top-list/so sánh; map vào cluster hub; bổ sung schema + ảnh/UGC,B,75.0,0%,0
khách sạn bảy màu hạ long,Khách sạn Hạ Long,Lưu trú,In-scope Hạ Long,Commercial Investigation,50,N/A,N/A,N/A,Planner (Trung bình),data/google_planner/ha-long/Keyword Stats 2026-02-22 at 22_21_22.csv,Viết bài top-list/so sánh; map vào cluster hub; bổ sung schema + ảnh/UGC,B,75.0,0%,0
khách sạn bắc long hạ long,Khách sạn Hạ Long,Lưu trú,In-scope Hạ Long,Commercial Investigation,50,N/A,N/A,N/A,Planner (Cao),data/google_planner/ha-long/Keyword Stats 2026-02-22 at 22_21_22.csv,Viết bài top-list/so sánh; map vào cluster hub; bổ sung schema + ảnh/UGC,B,75.0,0%,0
khách sạn bộ công an hạ long,Khách sạn Hạ Long,Lưu trú,In-scope Hạ Long,Commercial Investigation,50,N/A,N/A,N/A,Planner (Thấp),data/google_planner/ha-long/Keyword Stats 2026-02-22 at 22_21_22.csv,Viết bài top-list/so sánh; map vào cluster hub; bổ sung schema + ảnh/UGC,B,75.0,0%,0
khách sạn cao cấp hạ long,Khách sạn Hạ Long,Lưu trú,In-scope Hạ Long,Commercial Investigation,50,N/A,N/A,N/A,Planner (Cao),data/google_planner/ha-long/Keyword Stats 2026-02-22 at 22_21_22.csv,Viết bài top-list/so sánh; map vào cluster hub; bổ sung schema + ảnh/UGC,B,75.0,0%,0
khách sạn cao cấp ở hạ long,Khách sạn Hạ Long,Lưu trú,In-scope Hạ Long,Commercial Investigation,50,N/A,N/A,N/A,Planner (Không xác định),data/google_planner/ha-long/Keyword Stats 2026-02-22 at 22_21_22.csv,Viết bài top-list/so sánh; map vào cluster hub; bổ sung schema + ảnh/UGC,B,75.0,-100.0%,0
khách sạn central park hạ long,Khách sạn Hạ Long,Lưu trú,In-scope Hạ Long,Commercial Investigation,50,N/A,N/A,N/A,Planner (Không xác định),data/google_planner/ha-long/Keyword Stats 2026-02-22 at 22_21_22.csv,Viết bài top-list/so sánh; map vào cluster hub; bổ sung schema + ảnh/UGC,B,75.0,0%,0
khách sạn centrica hạ long,Khách sạn Hạ Long,Lưu trú,In-scope Hạ Long,Commercial Investigation,50,N/A,N/A,N/A,Planner (Thấp),data/google_planner/ha-long/Keyword Stats 2026-02-22 at 22_21_22.csv,Viết bài top-list/so sánh; map vào cluster hub; bổ sung schema + ảnh/UGC,B,75.0,0%,0
khách sạn chang mi hạ long,Khách sạn Hạ Long,Lưu trú,In-scope Hạ Long,Commercial Investigation,50,N/A,N/A,N/A,Planner (Không xác định),data/google_planner/ha-long/Keyword Stats 2026-02-22 at 22_21_22.csv,Viết bài top-list/so sánh; map vào cluster hub; bổ sung schema + ảnh/UGC,B,75.0,0%,0
khách sạn chiêu dương hạ long,Khách sạn Hạ Long,Lưu trú,In-scope Hạ Long,Commercial Investigation,50,N/A,N/A,N/A,Planner (Không xác định),data/google_planner/ha-long/Keyword Stats 2026-02-22 at 22_21_22.csv,Viết bài top-list/so sánh; map vào cluster hub; bổ sung schema + ảnh/UGC,B,75.0,-100.0%,0
khách sạn chân quê hạ long,Khách sạn Hạ Long,Lưu trú,In-scope Hạ Long,Commercial Investigation,50,N/A,N/A,N/A,Planner (Thấp),data/google_planner/ha-long/Keyword Stats 2026-02-22 at 22_21_22.csv,Viết bài top-list/so sánh; map vào cluster hub; bổ sung schema + ảnh/UGC,B,75.0,0%,0
khách sạn châu nguyên nhi hạ long,Khách sạn Hạ Long,Lưu trú,In-scope Hạ Long,Commercial Investigation,50,N/A,N/A,N/A,Planner (Không xác định),data/google_planner/ha-long/Keyword Stats 2026-02-22 at 22_21_22.csv,Viết bài top-list/so sánh; map vào cluster hub; bổ sung schema + ảnh/UGC,B,75.0,0%,0
khách sạn confetti hạ long,Khách sạn Hạ Long,Lưu trú,In-scope Hạ Long,Commercial Investigation,50,N/A,N/A,N/A,Planner (Trung bình),data/google_planner/ha-long/Keyword Stats 2026-02-22 at 22_21_22.csv,Viết bài top-list/so sánh; map vào cluster hub; bổ sung schema + ảnh/UGC,B,75.0,0%,0
khách sạn có bể bơi hạ long,Khách sạn Hạ Long,Lưu trú,In-scope Hạ Long,Commercial Investigation,50,N/A,N/A,N/A,Planner (Cao),data/google_planner/ha-long/Keyword Stats 2026-02-22 at 22_21_22.csv,Viết bài top-list/so sánh; map vào cluster hub; bổ sung schema + ảnh/UGC,B,75.0,0%,0
khách sạn có bể bơi tại hạ long,Khách sạn Hạ Long,Lưu trú,In-scope Hạ Long,Commercial Investigation,50,N/A,N/A,N/A,Planner (Không xác định),data/google_planner/ha-long/Keyword Stats 2026-02-22 at 22_21_22.csv,Viết bài top-list/so sánh; map vào cluster hub; bổ sung schema + ảnh/UGC,B,75.0,-100.0%,0
khách sạn công viên hạ long,Khách sạn Hạ Long,Lưu trú,In-scope Hạ Long,Commercial Investigation,50,N/A,N/A,N/A,Planner (Thấp),data/google_planner/ha-long/Keyword Stats 2026-02-22 at 22_21_22.csv,Viết bài top-list/so sánh; map vào cluster hub; bổ sung schema + ảnh/UGC,B,75.0,0%,0
khách sạn công đoàn tại hạ long,Khách sạn Hạ Long,Lưu trú,In-scope Hạ Long,Commercial Investigation,50,N/A,N/A,N/A,Planner (Thấp),data/google_planner/ha-long/Keyword Stats 2026-02-22 at 22_21_22.csv,Viết bài top-list/so sánh; map vào cluster hub; bổ sung schema + ảnh/UGC,B,75.0,0%,0
khách sạn công đoàn việt nam hạ long,Khách sạn Hạ Long,Lưu trú,In-scope Hạ Long,Commercial Investigation,50,N/A,N/A,N/A,Planner (Thấp),data/google_planner/ha-long/Keyword Stats 2026-02-22 at 22_21_22.csv,Viết bài top-list/so sánh; map vào cluster hub; bổ sung schema + ảnh/UGC,B,75.0,0%,0
khách sạn công đoàn việt nam tại hạ long,Khách sạn Hạ Long,Lưu trú,In-scope Hạ Long,Commercial Investigation,50,N/A,N/A,N/A,Planner (Không xác định),data/google_planner/ha-long/Keyword Stats 2026-02-22 at 22_21_22.csv,Viết bài top-list/so sánh; map vào cluster hub; bổ sung schema + ảnh/UGC,B,75.0,0%,0
khách sạn công đoàn ở hạ long,Khách sạn Hạ Long,Lưu trú,In-scope Hạ Long,Commercial Investigation,50,N/A,N/A,N/A,Planner (Thấp),data/google_planner/ha-long/Keyword Stats 2026-02-22 at 22_21_22.csv,Viết bài top-list/so sánh; map vào cluster hub; bổ sung schema + ảnh/UGC,B,75.0,0%,0
khách sạn cường an hạ long,Khách sạn Hạ Long,Lưu trú,In-scope Hạ Long,Commercial Investigation,50,N/A,N/A,N/A,Planner (Không xác định),data/google_planner/ha-long/Keyword Stats 2026-02-22 at 22_21_22.csv,Viết bài top-list/so sánh; map vào cluster hub; bổ sung schema + ảnh/UGC,B,75.0,0%,0
khách sạn delight hạ long,Khách sạn Hạ Long,Lưu trú,In-scope Hạ Long,Commercial Investigation,50,N/A,N/A,N/A,Planner (Không xác định),data/google_planner/ha-long/Keyword Stats 2026-02-22 at 22_21_22.csv,Viết bài top-list/so sánh; map vào cluster hub; bổ sung schema + ảnh/UGC,B,75.0,0%,0
khách sạn dlecia hạ long,Khách sạn Hạ Long,Lưu trú,In-scope Hạ Long,Commercial Investigation,50,N/A,N/A,N/A,Planner (Trung bình),data/google_planner/ha-long/Keyword Stats 2026-02-22 at 22_21_22.csv,Viết bài top-list/so sánh; map vào cluster hub; bổ sung schema + ảnh/UGC,B,75.0,0%,0
khách sạn dragon hotel hạ long,Khách sạn Hạ Long,Lưu trú,In-scope Hạ Long,Commercial Investigation,50,N/A,N/A,N/A,Planner (Không xác định),data/google_planner/ha-long/Keyword Stats 2026-02-22 at 22_21_22.csv,Viết bài top-list/so sánh; map vào cluster hub; bổ sung schema + ảnh/UGC,B,75.0,0%,0
khách sạn dream hotel hạ long,Khách sạn Hạ Long,Lưu trú,In-scope Hạ Long,Commercial Investigation,50,N/A,N/A,N/A,Planner (Không xác định),data/google_planner/ha-long/Keyword Stats 2026-02-22 at 22_21_22.csv,Viết bài top-list/so sánh; map vào cluster hub; bổ sung schema + ảnh/UGC,B,75.0,0%,0
khách sạn du lịch công đoàn hạ long,Khách sạn Hạ Long,Lưu trú,In-scope Hạ Long,Commercial Investigation,50,N/A,N/A,N/A,Planner (Thấp),data/google_planner/ha-long/Keyword Stats 2026-02-22 at 22_21_22.csv,Viết bài top-list/so sánh; map vào cluster hub; bổ sung schema + ảnh/UGC,B,75.0,0%,0
khách sạn duy anh hạ long,Khách sạn Hạ Long,Lưu trú,In-scope Hạ Long,Commercial Investigation,50,N/A,N/A,N/A,Planner (Không xác định),data/google_planner/ha-long/Keyword Stats 2026-02-22 at 22_21_22.csv,Viết bài top-list/so sánh; map vào cluster hub; bổ sung schema + ảnh/UGC,B,75.0,0%,0
khách sạn eastin hạ long,Khách sạn Hạ Long,Lưu trú,In-scope Hạ Long,Commercial Investigation,50,N/A,N/A,N/A,Planner (Không xác định),data/google_planner/ha-long/Keyword Stats 2026-02-22 at 22_21_22.csv,Viết bài top-list/so sánh; map vào cluster hub; bổ sung schema + ảnh/UGC,B,75.0,0%,0
khách sạn eastin phát linh hạ long,Khách sạn Hạ Long,Lưu trú,In-scope Hạ Long,Commercial Investigation,50,N/A,N/A,N/A,Planner (Cao),data/google_planner/ha-long/Keyword Stats 2026-02-22 at 22_21_22.csv,Viết bài top-list/so sánh; map vào cluster hub; bổ sung schema + ảnh/UGC,B,75.0,0%,0
khách sạn elisa hạ long,Khách sạn Hạ Long,Lưu trú,In-scope Hạ Long,Commercial Investigation,50,N/A,N/A,N/A,Planner (Không xác định),data/google_planner/ha-long/Keyword Stats 2026-02-22 at 22_21_22.csv,Viết bài top-list/so sánh; map vào cluster hub; bổ sung schema + ảnh/UGC,B,75.0,0%,0
khách sạn full house hạ long,Khách sạn Hạ Long,Lưu trú,In-scope Hạ Long,Commercial Investigation,50,N/A,N/A,N/A,Planner (Thấp),data/google_planner/ha-long/Keyword Stats 2026-02-22 at 22_21_22.csv,Viết bài top-list/so sánh; map vào cluster hub; bổ sung schema + ảnh/UGC,B,75.0,0%,0
khách sạn gold mark hạ long,Khách sạn Hạ Long,Lưu trú,In-scope Hạ Long,Commercial Investigation,50,N/A,N/A,N/A,Planner (Không xác định),data/google_planner/ha-long/Keyword Stats 2026-02-22 at 22_21_22.csv,Viết bài top-list/so sánh; map vào cluster hub; bổ sung schema + ảnh/UGC,B,75.0,-100.0%,0
khách sạn golden bay hạ long,Khách sạn Hạ Long,Lưu trú,In-scope Hạ Long,Commercial Investigation,50,N/A,N/A,N/A,Planner (Thấp),data/google_planner/ha-long/Keyword Stats 2026-02-22 at 22_21_22.csv,Viết bài top-list/so sánh; map vào cluster hub; bổ sung schema + ảnh/UGC,B,75.0,0%,0
khách sạn golden sea hạ long,Khách sạn Hạ Long,Lưu trú,In-scope Hạ Long,Commercial Investigation,50,N/A,N/A,N/A,Planner (Thấp),data/google_planner/ha-long/Keyword Stats 2026-02-22 at 22_21_22.csv,Viết bài top-list/so sánh; map vào cluster hub; bổ sung schema + ảnh/UGC,B,75.0,0%,0
khách sạn grand hotel hạ long,Khách sạn Hạ Long,Lưu trú,In-scope Hạ Long,Commercial Investigation,50,N/A,N/A,N/A,Planner (Thấp),data/google_planner/ha-long/Keyword Stats 2026-02-22 at 22_21_22.csv,Viết bài top-list/so sánh; map vào cluster hub; bổ sung schema + ảnh/UGC,B,75.0,0%,0
khách sạn grand mường thanh hạ long,Khách sạn Hạ Long,Lưu trú,In-scope Hạ Long,Commercial Investigation,50,N/A,N/A,N/A,Planner (Cao),data/google_planner/ha-long/Keyword Stats 2026-02-22 at 22_21_22.csv,Viết bài top-list/so sánh; map vào cluster hub; bổ sung schema + ảnh/UGC,B,75.0,0%,0
khách sạn green hạ long,Khách sạn Hạ Long,Lưu trú,In-scope Hạ Long,Commercial Investigation,50,N/A,N/A,N/A,Planner (Thấp),data/google_planner/ha-long/Keyword Stats 2026-02-22 at 22_21_22.csv,Viết bài top-list/so sánh; map vào cluster hub; bổ sung schema + ảnh/UGC,B,75.0,0%,0
khách sạn gần biển tại hạ long,Khách sạn Hạ Long,Lưu trú,In-scope Hạ Long,Commercial Investigation,50,N/A,N/A,N/A,Planner (Cao),data/google_planner/ha-long/Keyword Stats 2026-02-22 at 22_21_22.csv,Viết bài top-list/so sánh; map vào cluster hub; bổ sung schema + ảnh/UGC,B,75.0,0%,0
khách sạn gần biển ở hạ long,Khách sạn Hạ Long,Lưu trú,In-scope Hạ Long,Commercial Investigation,50,N/A,N/A,N/A,Planner (Trung bình),data/google_planner/ha-long/Keyword Stats 2026-02-22 at 22_21_22.csv,Viết bài top-list/so sánh; map vào cluster hub; bổ sung schema + ảnh/UGC,B,75.0,0%,0
khách sạn gần bãi biển hạ long,Khách sạn Hạ Long,Lưu trú,In-scope Hạ Long,Commercial Investigation,50,N/A,N/A,N/A,Planner (Trung bình),data/google_planner/ha-long/Keyword Stats 2026-02-22 at 22_21_22.csv,Viết bài top-list/so sánh; map vào cluster hub; bổ sung schema + ảnh/UGC,B,75.0,0%,0
khách sạn gần bãi tắm hạ long,Khách sạn Hạ Long,Lưu trú,In-scope Hạ Long,Commercial Investigation,50,N/A,N/A,N/A,Planner (Không xác định),data/google_planner/ha-long/Keyword Stats 2026-02-22 at 22_21_22.csv,Viết bài top-list/so sánh; map vào cluster hub; bổ sung schema + ảnh/UGC,B,75.0,0%,0
khách sạn gần công viên hạ long,Khách sạn Hạ Long,Lưu trú,In-scope Hạ Long,Commercial Investigation,50,N/A,N/A,N/A,Planner (Không xác định),data/google_planner/ha-long/Keyword Stats 2026-02-22 at 22_21_22.csv,Viết bài top-list/so sánh; map vào cluster hub; bổ sung schema + ảnh/UGC,B,75.0,0%,0
khách sạn gần hạ long park,Khách sạn Hạ Long,Lưu trú,In-scope Hạ Long,Commercial Investigation,50,N/A,N/A,N/A,Planner (Không xác định),data/google_planner/ha-long/Keyword Stats 2026-02-22 at 22_21_22.csv,Viết bài top-list/so sánh; map vào cluster hub; bổ sung schema + ảnh/UGC,B,75.0,0%,0
khách sạn gần trung tâm hạ long,Khách sạn Hạ Long,Lưu trú,In-scope Hạ Long,Commercial Investigation,50,N/A,N/A,N/A,Planner (Cao),data/google_planner/ha-long/Keyword Stats 2026-02-22 at 22_21_22.csv,Viết bài top-list/so sánh; map vào cluster hub; bổ sung schema + ảnh/UGC,B,75.0,0%,0
khách sạn hạ long eden,Khách sạn Hạ Long,Lưu trú,In-scope Hạ Long,Commercial Investigation,50,N/A,N/A,N/A,Planner (Thấp),data/google_planner/ha-long/Keyword Stats 2026-02-22 at 22_21_22.csv,Viết bài top-list/so sánh; map vào cluster hub; bổ sung schema + ảnh/UGC,B,75.0,0%,0
khách sạn halo hạ long,Khách sạn Hạ Long,Lưu trú,In-scope Hạ Long,Commercial Investigation,50,N/A,N/A,N/A,Planner (Cao),data/google_planner/ha-long/Keyword Stats 2026-02-22 at 22_21_22.csv,Viết bài top-list/so sánh; map vào cluster hub; bổ sung schema + ảnh/UGC,B,75.0,0%,0
khách sạn halong,Khách sạn Hạ Long,Lưu trú,In-scope Hạ Long,Commercial Investigation,50,N/A,N/A,N/A,Planner (Thấp),data/google_planner/ha-long/Keyword Stats 2026-02-22 at 22_21_22.csv,Viết bài top-list/so sánh; map vào cluster hub; bổ sung schema + ảnh/UGC,B,75.0,0%,0
khách sạn halong plaza,Khách sạn Hạ Long,Lưu trú,In-scope Hạ Long,Commercial Investigation,50,N/A,N/A,N/A,Planner (Thấp),data/google_planner/ha-long/Keyword Stats 2026-02-22 at 22_21_22.csv,Viết bài top-list/so sánh; map vào cluster hub; bổ sung schema + ảnh/UGC,B,75.0,0%,0
khách sạn halong seoul,Khách sạn Hạ Long,Lưu trú,In-scope Hạ Long,Commercial Investigation,50,N/A,N/A,N/A,Planner (Cao),data/google_planner/ha-long/Keyword Stats 2026-02-22 at 22_21_22.csv,Viết bài top-list/so sánh; map vào cluster hub; bổ sung schema + ảnh/UGC,B,75.0,0%,0
khách sạn harbour hạ long,Khách sạn Hạ Long,Lưu trú,In-scope Hạ Long,Commercial Investigation,50,N/A,N/A,N/A,Planner (Thấp),data/google_planner/ha-long/Keyword Stats 2026-02-22 at 22_21_22.csv,Viết bài top-list/so sánh; map vào cluster hub; bổ sung schema + ảnh/UGC,B,75.0,0%,0
khách sạn hera hạ long,Khách sạn Hạ Long,Lưu trú,In-scope Hạ Long,Commercial Investigation,50,N/A,N/A,N/A,Planner (Thấp),data/google_planner/ha-long/Keyword Stats 2026-02-22 at 22_21_22.csv,Viết bài top-list/so sánh; map vào cluster hub; bổ sung schema + ảnh/UGC,B,75.0,0%,0
khách sạn herriot hạ long,Khách sạn Hạ Long,Lưu trú,In-scope Hạ Long,Commercial Investigation,50,N/A,N/A,N/A,Planner (Thấp),data/google_planner/ha-long/Keyword Stats 2026-02-22 at 22_21_22.csv,Viết bài top-list/so sánh; map vào cluster hub; bổ sung schema + ảnh/UGC,B,75.0,0%,0
khách sạn hidden charm hạ long,Khách sạn Hạ Long,Lưu trú,In-scope Hạ Long,Commercial Investigation,50,N/A,N/A,N/A,Planner (Thấp),data/google_planner/ha-long/Keyword Stats 2026-02-22 at 22_21_22.csv,Viết bài top-list/so sánh; map vào cluster hub; bổ sung schema + ảnh/UGC,B,75.0,0%,0
khách sạn hilton hạ long,Khách sạn Hạ Long,Lưu trú,In-scope Hạ Long,Commercial Investigation,50,N/A,N/A,N/A,Planner (Trung bình),data/google_planner/ha-long/Keyword Stats 2026-02-22 at 22_21_22.csv,Viết bài top-list/so sánh; map vào cluster hub; bổ sung schema + ảnh/UGC,B,75.0,0%,0
khách sạn hiếu thảo hạ long,Khách sạn Hạ Long,Lưu trú,In-scope Hạ Long,Commercial Investigation,50,N/A,N/A,N/A,Planner (Trung bình),data/google_planner/ha-long/Keyword Stats 2026-02-22 at 22_21_22.csv,Viết bài top-list/so sánh; map vào cluster hub; bổ sung schema + ảnh/UGC,B,75.0,0%,0
khách sạn hoa cương hạ long,Khách sạn Hạ Long,Lưu trú,In-scope Hạ Long,Commercial Investigation,50,N/A,N/A,N/A,Planner (Thấp),data/google_planner/ha-long/Keyword Stats 2026-02-22 at 22_21_22.csv,Viết bài top-list/so sánh; map vào cluster hub; bổ sung schema + ảnh/UGC,B,75.0,0%,0
khách sạn hoa hồng hạ long,Khách sạn Hạ Long,Lưu trú,In-scope Hạ Long,Commercial Investigation,50,N/A,N/A,N/A,Planner (Thấp),data/google_planner/ha-long/Keyword Stats 2026-02-22 at 22_21_22.csv,Viết bài top-list/so sánh; map vào cluster hub; bổ sung schema + ảnh/UGC,B,75.0,0%,0
khách sạn holiday hạ long,Khách sạn Hạ Long,Lưu trú,In-scope Hạ Long,Commercial Investigation,50,N/A,N/A,N/A,Planner (Trung bình),data/google_planner/ha-long/Keyword Stats 2026-02-22 at 22_21_22.csv,Viết bài top-list/so sánh; map vào cluster hub; bổ sung schema + ảnh/UGC,B,75.0,0%,0
khách sạn hoài hương hạ long,Khách sạn Hạ Long,Lưu trú,In-scope Hạ Long,Commercial Investigation,50,N/A,N/A,N/A,Planner (Trung bình),data/google_planner/ha-long/Keyword Stats 2026-02-22 at 22_21_22.csv,Viết bài top-list/so sánh; map vào cluster hub; bổ sung schema + ảnh/UGC,B,75.0,0%,0
khách sạn hoàng anh hạ long,Khách sạn Hạ Long,Lưu trú,In-scope Hạ Long,Commercial Investigation,50,N/A,N/A,N/A,Planner (Cao),data/google_planner/ha-long/Keyword Stats 2026-02-22 at 22_21_22.csv,Viết bài top-list/so sánh; map vào cluster hub; bổ sung schema + ảnh/UGC,B,75.0,0%,0
khách sạn hoàng hà hạ long,Khách sạn Hạ Long,Lưu trú,In-scope Hạ Long,Commercial Investigation,50,N/A,N/A,N/A,Planner (Thấp),data/google_planner/ha-long/Keyword Stats 2026-02-22 at 22_21_22.csv,Viết bài top-list/so sánh; map vào cluster hub; bổ sung schema + ảnh/UGC,B,75.0,0%,0
khách sạn hoàng lan hạ long,Khách sạn Hạ Long,Lưu trú,In-scope Hạ Long,Commercial Investigation,50,N/A,N/A,N/A,Planner (Trung bình),data/google_planner/ha-long/Keyword Stats 2026-02-22 at 22_21_22.csv,Viết bài top-list/so sánh; map vào cluster hub; bổ sung schema + ảnh/UGC,B,75.0,0%,0
khách sạn hoàng long hạ long,Khách sạn Hạ Long,Lưu trú,In-scope Hạ Long,Commercial Investigation,50,N/A,N/A,N/A,Planner (Thấp),data/google_planner/ha-long/Keyword Stats 2026-02-22 at 22_21_22.csv,Viết bài top-list/so sánh; map vào cluster hub; bổ sung schema + ảnh/UGC,B,75.0,0%,0
khách sạn hoàng yến hạ long,Khách sạn Hạ Long,Lưu trú,In-scope Hạ Long,Commercial Investigation,50,N/A,N/A,N/A,Planner (Thấp),data/google_planner/ha-long/Keyword Stats 2026-02-22 at 22_21_22.csv,Viết bài top-list/so sánh; map vào cluster hub; bổ sung schema + ảnh/UGC,B,75.0,0%,0
khách sạn hà thành hạ long,Khách sạn Hạ Long,Lưu trú,In-scope Hạ Long,Commercial Investigation,50,N/A,N/A,N/A,Planner (Thấp),data/google_planner/ha-long/Keyword Stats 2026-02-22 at 22_21_22.csv,Viết bài top-list/so sánh; map vào cluster hub; bổ sung schema + ảnh/UGC,B,75.0,0%,0
khách sạn hòn gai hotel,Khách sạn Hạ Long,Lưu trú,In-scope Hạ Long,Commercial Investigation,50,N/A,N/A,N/A,Planner (Thấp),data/google_planner/ha-long/Keyword Stats 2026-02-22 at 22_21_22.csv,Viết bài top-list/so sánh; map vào cluster hub; bổ sung schema + ảnh/UGC,B,75.0,0%,0
khách sạn hùng phương hạ long,Khách sạn Hạ Long,Lưu trú,In-scope Hạ Long,Commercial Investigation,50,N/A,N/A,N/A,Planner (Không xác định),data/google_planner/ha-long/Keyword Stats 2026-02-22 at 22_21_22.csv,Viết bài top-list/so sánh; map vào cluster hub; bổ sung schema + ảnh/UGC,B,75.0,0%,0
khách sạn hùng vương hạ long,Khách sạn Hạ Long,Lưu trú,In-scope Hạ Long,Commercial Investigation,50,N/A,N/A,N/A,Planner (Trung bình),data/google_planner/ha-long/Keyword Stats 2026-02-22 at 22_21_22.csv,Viết bài top-list/so sánh; map vào cluster hub; bổ sung schema + ảnh/UGC,B,75.0,0%,0
khách sạn hưng thịnh hạ long,Khách sạn Hạ Long,Lưu trú,In-scope Hạ Long,Commercial Investigation,50,N/A,N/A,N/A,Planner (Thấp),data/google_planner/ha-long/Keyword Stats 2026-02-22 at 22_21_22.csv,Viết bài top-list/so sánh; map vào cluster hub; bổ sung schema + ảnh/UGC,B,75.0,0%,0
khách sạn hương biển hạ long,Khách sạn Hạ Long,Lưu trú,In-scope Hạ Long,Commercial Investigation,50,N/A,N/A,N/A,Planner (Thấp),data/google_planner/ha-long/Keyword Stats 2026-02-22 at 22_21_22.csv,Viết bài top-list/so sánh; map vào cluster hub; bổ sung schema + ảnh/UGC,B,75.0,0%,0
khách sạn hương giang hạ long,Khách sạn Hạ Long,Lưu trú,In-scope Hạ Long,Commercial Investigation,50,N/A,N/A,N/A,Planner (Thấp),data/google_planner/ha-long/Keyword Stats 2026-02-22 at 22_21_22.csv,Viết bài top-list/so sánh; map vào cluster hub; bổ sung schema + ảnh/UGC,B,75.0,0%,0
khách sạn hướng dương hạ long,Khách sạn Hạ Long,Lưu trú,In-scope Hạ Long,Commercial Investigation,50,N/A,N/A,N/A,Planner (Thấp),data/google_planner/ha-long/Keyword Stats 2026-02-22 at 22_21_22.csv,Viết bài top-list/so sánh; map vào cluster hub; bổ sung schema + ảnh/UGC,B,75.0,0%,0
khách sạn hạ long 1,Khách sạn Hạ Long,Lưu trú,In-scope Hạ Long,Commercial Investigation,50,N/A,N/A,N/A,Planner (Thấp),data/google_planner/ha-long/Keyword Stats 2026-02-22 at 22_21_22.csv,Viết bài top-list/so sánh; map vào cluster hub; bổ sung schema + ảnh/UGC,B,75.0,0%,0
khách sạn hạ long 2,Khách sạn Hạ Long,Lưu trú,In-scope Hạ Long,Commercial Investigation,50,N/A,N/A,N/A,Planner (Thấp),data/google_planner/ha-long/Keyword Stats 2026-02-22 at 22_21_22.csv,Viết bài top-list/so sánh; map vào cluster hub; bổ sung schema + ảnh/UGC,B,75.0,0%,0
khách sạn hạ long 2 sao,Khách sạn Hạ Long,Lưu trú,In-scope Hạ Long,Commercial Investigation,50,N/A,N/A,N/A,Planner (Cao),data/google_planner/ha-long/Keyword Stats 2026-02-22 at 22_21_22.csv,Viết bài top-list/so sánh; map vào cluster hub; bổ sung schema + ảnh/UGC,B,75.0,0%,0
khách sạn hạ long agoda,Khách sạn Hạ Long,Lưu trú,In-scope Hạ Long,Commercial Investigation,50,N/A,N/A,N/A,Planner (Trung bình),data/google_planner/ha-long/Keyword Stats 2026-02-22 at 22_21_22.csv,Viết bài top-list/so sánh; map vào cluster hub; bổ sung schema + ảnh/UGC,B,75.0,0%,0
khách sạn hạ long bc,Khách sạn Hạ Long,Lưu trú,In-scope Hạ Long,Commercial Investigation,50,N/A,N/A,N/A,Planner (Không xác định),data/google_planner/ha-long/Keyword Stats 2026-02-22 at 22_21_22.csv,Viết bài top-list/so sánh; map vào cluster hub; bổ sung schema + ảnh/UGC,B,75.0,0%,0
khách sạn hạ long centrica,Khách sạn Hạ Long,Lưu trú,In-scope Hạ Long,Commercial Investigation,50,N/A,N/A,N/A,Planner (Thấp),data/google_planner/ha-long/Keyword Stats 2026-02-22 at 22_21_22.csv,Viết bài top-list/so sánh; map vào cluster hub; bổ sung schema + ảnh/UGC,B,75.0,0%,0
khách sạn hạ long gần bãi biển,Khách sạn Hạ Long,Lưu trú,In-scope Hạ Long,Commercial Investigation,50,N/A,N/A,N/A,Planner (Không xác định),data/google_planner/ha-long/Keyword Stats 2026-02-22 at 22_21_22.csv,Viết bài top-list/so sánh; map vào cluster hub; bổ sung schema + ảnh/UGC,B,75.0,0%,0
khách sạn hạ long gần bãi tắm,Khách sạn Hạ Long,Lưu trú,In-scope Hạ Long,Commercial Investigation,50,N/A,N/A,N/A,Planner (Không xác định),data/google_planner/ha-long/Keyword Stats 2026-02-22 at 22_21_22.csv,Viết bài top-list/so sánh; map vào cluster hub; bổ sung schema + ảnh/UGC,B,75.0,0%,0
khách sạn hạ long gần sunworld,Khách sạn Hạ Long,Lưu trú,In-scope Hạ Long,Commercial Investigation,50,N/A,N/A,N/A,Planner (Cao),data/google_planner/ha-long/Keyword Stats 2026-02-22 at 22_21_22.csv,Viết bài top-list/so sánh; map vào cluster hub; bổ sung schema + ảnh/UGC,B,75.0,0%,0
khách sạn hạ long harbour,Khách sạn Hạ Long,Lưu trú,In-scope Hạ Long,Commercial Investigation,50,N/A,N/A,N/A,Planner (Cao),data/google_planner/ha-long/Keyword Stats 2026-02-22 at 22_21_22.csv,Viết bài top-list/so sánh; map vào cluster hub; bổ sung schema + ảnh/UGC,B,75.0,0%,0
khách sạn hạ long land,Khách sạn Hạ Long,Lưu trú,In-scope Hạ Long,Commercial Investigation,50,N/A,N/A,N/A,Planner (Trung bình),data/google_planner/ha-long/Keyword Stats 2026-02-22 at 22_21_22.csv,Viết bài top-list/so sánh; map vào cluster hub; bổ sung schema + ảnh/UGC,B,75.0,0%,0
khách sạn hạ long lotus,Khách sạn Hạ Long,Lưu trú,In-scope Hạ Long,Commercial Investigation,50,N/A,N/A,N/A,Planner (Thấp),data/google_planner/ha-long/Keyword Stats 2026-02-22 at 22_21_22.csv,Viết bài top-list/so sánh; map vào cluster hub; bổ sung schema + ảnh/UGC,B,75.0,0%,0
khách sạn hạ long mường thanh,Khách sạn Hạ Long,Lưu trú,In-scope Hạ Long,Commercial Investigation,50,N/A,N/A,N/A,Planner (Thấp),data/google_planner/ha-long/Keyword Stats 2026-02-22 at 22_21_22.csv,Viết bài top-list/so sánh; map vào cluster hub; bổ sung schema + ảnh/UGC,B,75.0,0%,0
khách sạn hạ long new day,Khách sạn Hạ Long,Lưu trú,In-scope Hạ Long,Commercial Investigation,50,N/A,N/A,N/A,Planner (Trung bình),data/google_planner/ha-long/Keyword Stats 2026-02-22 at 22_21_22.csv,Viết bài top-list/so sánh; map vào cluster hub; bổ sung schema + ảnh/UGC,B,75.0,0%,0
khách sạn hạ long newday,Khách sạn Hạ Long,Lưu trú,In-scope Hạ Long,Commercial Investigation,50,N/A,N/A,N/A,Planner (Trung bình),data/google_planner/ha-long/Keyword Stats 2026-02-22 at 22_21_22.csv,Viết bài top-list/so sánh; map vào cluster hub; bổ sung schema + ảnh/UGC,B,75.0,0%,0
khách sạn hạ long plus,Khách sạn Hạ Long,Lưu trú,In-scope Hạ Long,Commercial Investigation,50,N/A,N/A,N/A,Planner (Thấp),data/google_planner/ha-long/Keyword Stats 2026-02-22 at 22_21_22.csv,Viết bài top-list/so sánh; map vào cluster hub; bổ sung schema + ảnh/UGC,B,75.0,0%,0
khách sạn hạ long seoul,Khách sạn Hạ Long,Lưu trú,In-scope Hạ Long,Commercial Investigation,50,N/A,N/A,N/A,Planner (Cao),data/google_planner/ha-long/Keyword Stats 2026-02-22 at 22_21_22.csv,Viết bài top-list/so sánh; map vào cluster hub; bổ sung schema + ảnh/UGC,B,75.0,0%,0
khách sạn hạ long silver coast,Khách sạn Hạ Long,Lưu trú,In-scope Hạ Long,Commercial Investigation,50,N/A,N/A,N/A,Planner (Trung bình),data/google_planner/ha-long/Keyword Stats 2026-02-22 at 22_21_22.csv,Viết bài top-list/so sánh; map vào cluster hub; bổ sung schema + ảnh/UGC,B,75.0,0%,0
khách sạn hạ long star,Khách sạn Hạ Long,Lưu trú,In-scope Hạ Long,Commercial Investigation,50,N/A,N/A,N/A,Planner (Thấp),data/google_planner/ha-long/Keyword Stats 2026-02-22 at 22_21_22.csv,Viết bài top-list/so sánh; map vào cluster hub; bổ sung schema + ảnh/UGC,B,75.0,0%,0
khách sạn hạ long view,Khách sạn Hạ Long,Lưu trú,In-scope Hạ Long,Commercial Investigation,50,N/A,N/A,N/A,Planner (Thấp),data/google_planner/ha-long/Keyword Stats 2026-02-22 at 22_21_22.csv,Viết bài top-list/so sánh; map vào cluster hub; bổ sung schema + ảnh/UGC,B,75.0,0%,0
khách sạn hạ long win,Khách sạn Hạ Long,Lưu trú,In-scope Hạ Long,Commercial Investigation,50,N/A,N/A,N/A,Planner (Không xác định),data/google_planner/ha-long/Keyword Stats 2026-02-22 at 22_21_22.csv,Viết bài top-list/so sánh; map vào cluster hub; bổ sung schema + ảnh/UGC,B,75.0,0%,0
khách sạn hạ long đẹp,Khách sạn Hạ Long,Lưu trú,In-scope Hạ Long,Commercial Investigation,50,N/A,N/A,N/A,Planner (Cao),data/google_planner/ha-long/Keyword Stats 2026-02-22 at 22_21_22.csv,Viết bài top-list/so sánh; map vào cluster hub; bổ sung schema + ảnh/UGC,B,75.0,0%,0
khách sạn hạnh phúc hạ long,Khách sạn Hạ Long,Lưu trú,In-scope Hạ Long,Commercial Investigation,50,N/A,N/A,N/A,Planner (Cao),data/google_planner/ha-long/Keyword Stats 2026-02-22 at 22_21_22.csv,Viết bài top-list/so sánh; map vào cluster hub; bổ sung schema + ảnh/UGC,B,75.0,0%,0
khách sạn hải anh hạ long,Khách sạn Hạ Long,Lưu trú,In-scope Hạ Long,Commercial Investigation,50,N/A,N/A,N/A,Planner (Thấp),data/google_planner/ha-long/Keyword Stats 2026-02-22 at 22_21_22.csv,Viết bài top-list/so sánh; map vào cluster hub; bổ sung schema + ảnh/UGC,B,75.0,0%,0
khách sạn hải anh vip hạ long,Khách sạn Hạ Long,Lưu trú,In-scope Hạ Long,Commercial Investigation,50,N/A,N/A,N/A,Planner (Không xác định),data/google_planner/ha-long/Keyword Stats 2026-02-22 at 22_21_22.csv,Viết bài top-list/so sánh; map vào cluster hub; bổ sung schema + ảnh/UGC,B,75.0,-100.0%,0
khách sạn hải vân hạ long,Khách sạn Hạ Long,Lưu trú,In-scope Hạ Long,Commercial Investigation,50,N/A,N/A,N/A,Planner (Thấp),data/google_planner/ha-long/Keyword Stats 2026-02-22 at 22_21_22.csv,Viết bài top-list/so sánh; map vào cluster hub; bổ sung schema + ảnh/UGC,B,75.0,0%,0
khách sạn hải yến hạ long,Khách sạn Hạ Long,Lưu trú,In-scope Hạ Long,Commercial Investigation,50,N/A,N/A,N/A,Planner (Thấp),data/google_planner/ha-long/Keyword Stats 2026-02-22 at 22_21_22.csv,Viết bài top-list/so sánh; map vào cluster hub; bổ sung schema + ảnh/UGC,B,75.0,0%,0
khách sạn hải âu hạ long,Khách sạn Hạ Long,Lưu trú,In-scope Hạ Long,Commercial Investigation,50,N/A,N/A,N/A,Planner (Trung bình),data/google_planner/ha-long/Keyword Stats 2026-02-22 at 22_21_22.csv,Viết bài top-list/so sánh; map vào cluster hub; bổ sung schema + ảnh/UGC,B,75.0,0%,0
khách sạn hồ tây hạ long,Khách sạn Hạ Long,Lưu trú,In-scope Hạ Long,Commercial Investigation,50,N/A,N/A,N/A,Planner (Không xác định),data/google_planner/ha-long/Keyword Stats 2026-02-22 at 22_21_22.csv,Viết bài top-list/so sánh; map vào cluster hub; bổ sung schema + ảnh/UGC,B,75.0,-100.0%,0
khách sạn hồng anh hạ long,Khách sạn Hạ Long,Lưu trú,In-scope Hạ Long,Commercial Investigation,50,N/A,N/A,N/A,Planner (Thấp),data/google_planner/ha-long/Keyword Stats 2026-02-22 at 22_21_22.csv,Viết bài top-list/so sánh; map vào cluster hub; bổ sung schema + ảnh/UGC,B,75.0,0%,0
khách sạn hồng gai,Khách sạn Hạ Long,Lưu trú,In-scope Hạ Long,Commercial Investigation,50,N/A,N/A,N/A,Planner (Thấp),data/google_planner/ha-long/Keyword Stats 2026-02-22 at 22_21_22.csv,Viết bài top-list/so sánh; map vào cluster hub; bổ sung schema + ảnh/UGC,B,75.0,0%,0
khách sạn hồng gai hạ long,Khách sạn Hạ Long,Lưu trú,In-scope Hạ Long,Commercial Investigation,50,N/A,N/A,N/A,Planner (Cao),data/google_planner/ha-long/Keyword Stats 2026-02-22 at 22_21_22.csv,Viết bài top-list/so sánh; map vào cluster hub; bổ sung schema + ảnh/UGC,B,75.0,0%,0
khách sạn hồng hoa hạ long,Khách sạn Hạ Long,Lưu trú,In-scope Hạ Long,Commercial Investigation,50,N/A,N/A,N/A,Planner (Không xác định),data/google_planner/ha-long/Keyword Stats 2026-02-22 at 22_21_22.csv,Viết bài top-list/so sánh; map vào cluster hub; bổ sung schema + ảnh/UGC,B,75.0,0%,0
khách sạn hồng hà hạ long,Khách sạn Hạ Long,Lưu trú,In-scope Hạ Long,Commercial Investigation,50,N/A,N/A,N/A,Planner (Thấp),data/google_planner/ha-long/Keyword Stats 2026-02-22 at 22_21_22.csv,Viết bài top-list/so sánh; map vào cluster hub; bổ sung schema + ảnh/UGC,B,75.0,0%,0
khách sạn hồng minh hạ long,Khách sạn Hạ Long,Lưu trú,In-scope Hạ Long,Commercial Investigation,50,N/A,N/A,N/A,Planner (Thấp),data/google_planner/ha-long/Keyword Stats 2026-02-22 at 22_21_22.csv,Viết bài top-list/so sánh; map vào cluster hub; bổ sung schema + ảnh/UGC,B,75.0,0%,0
khách sạn hồng vân hạ long,Khách sạn Hạ Long,Lưu trú,In-scope Hạ Long,Commercial Investigation,50,N/A,N/A,N/A,Planner (Thấp),data/google_planner/ha-long/Keyword Stats 2026-02-22 at 22_21_22.csv,Viết bài top-list/so sánh; map vào cluster hub; bổ sung schema + ảnh/UGC,B,75.0,0%,0
khách sạn iris hạ long,Khách sạn Hạ Long,Lưu trú,In-scope Hạ Long,Commercial Investigation,50,N/A,N/A,N/A,Planner (Thấp),data/google_planner/ha-long/Keyword Stats 2026-02-22 at 22_21_22.csv,Viết bài top-list/so sánh; map vào cluster hub; bổ sung schema + ảnh/UGC,B,75.0,0%,0
khách sạn ivy hạ long,Khách sạn Hạ Long,Lưu trú,In-scope Hạ Long,Commercial Investigation,50,N/A,N/A,N/A,Planner (Cao),data/google_planner/ha-long/Keyword Stats 2026-02-22 at 22_21_22.csv,Viết bài top-list/so sánh; map vào cluster hub; bổ sung schema + ảnh/UGC,B,75.0,0%,0
khách sạn khu hạ long,Khách sạn Hạ Long,Lưu trú,In-scope Hạ Long,Commercial Investigation,50,N/A,N/A,N/A,Planner (Cao),data/google_planner/ha-long/Keyword Stats 2026-02-22 at 22_21_22.csv,Viết bài top-list/so sánh; map vào cluster hub; bổ sung schema + ảnh/UGC,B,75.0,0%,0
khách sạn khu vườn đào hạ long,Khách sạn Hạ Long,Lưu trú,In-scope Hạ Long,Commercial Investigation,50,N/A,N/A,N/A,Planner (Cao),data/google_planner/ha-long/Keyword Stats 2026-02-22 at 22_21_22.csv,Viết bài top-list/so sánh; map vào cluster hub; bổ sung schema + ảnh/UGC,B,75.0,0%,0
khách sạn khánh linh hạ long,Khách sạn Hạ Long,Lưu trú,In-scope Hạ Long,Commercial Investigation,50,N/A,N/A,N/A,Planner (Thấp),data/google_planner/ha-long/Keyword Stats 2026-02-22 at 22_21_22.csv,Viết bài top-list/so sánh; map vào cluster hub; bổ sung schema + ảnh/UGC,B,75.0,0%,0
khách sạn kim cương hạ long,Khách sạn Hạ Long,Lưu trú,In-scope Hạ Long,Commercial Investigation,50,N/A,N/A,N/A,Planner (Trung bình),data/google_planner/ha-long/Keyword Stats 2026-02-22 at 22_21_22.csv,Viết bài top-list/so sánh; map vào cluster hub; bổ sung schema + ảnh/UGC,B,75.0,0%,0
khách sạn kim dung hạ long,Khách sạn Hạ Long,Lưu trú,In-scope Hạ Long,Commercial Investigation,50,N/A,N/A,N/A,Planner (Thấp),data/google_planner/ha-long/Keyword Stats 2026-02-22 at 22_21_22.csv,Viết bài top-list/so sánh; map vào cluster hub; bổ sung schema + ảnh/UGC,B,75.0,0%,0
khách sạn kim tiến hạ long,Khách sạn Hạ Long,Lưu trú,In-scope Hạ Long,Commercial Investigation,50,N/A,N/A,N/A,Planner (Thấp),data/google_planner/ha-long/Keyword Stats 2026-02-22 at 22_21_22.csv,Viết bài top-list/so sánh; map vào cluster hub; bổ sung schema + ảnh/UGC,B,75.0,0%,0
khách sạn king hotel hạ long,Khách sạn Hạ Long,Lưu trú,In-scope Hạ Long,Commercial Investigation,50,N/A,N/A,N/A,Planner (Không xác định),data/google_planner/ha-long/Keyword Stats 2026-02-22 at 22_21_22.csv,Viết bài top-list/so sánh; map vào cluster hub; bổ sung schema + ảnh/UGC,B,75.0,-100.0%,0
khách sạn kinh hạ long,Khách sạn Hạ Long,Lưu trú,In-scope Hạ Long,Commercial Investigation,50,N/A,N/A,N/A,Planner (Thấp),data/google_planner/ha-long/Keyword Stats 2026-02-22 at 22_21_22.csv,Viết bài top-list/so sánh; map vào cluster hub; bổ sung schema + ảnh/UGC,B,75.0,0%,0
khách sạn lake side hạ long,Khách sạn Hạ Long,Lưu trú,In-scope Hạ Long,Commercial Investigation,50,N/A,N/A,N/A,Planner (Không xác định),data/google_planner/ha-long/Keyword Stats 2026-02-22 at 22_21_22.csv,Viết bài top-list/so sánh; map vào cluster hub; bổ sung schema + ảnh/UGC,B,75.0,0%,0
khách sạn lantana hạ long,Khách sạn Hạ Long,Lưu trú,In-scope Hạ Long,Commercial Investigation,50,N/A,N/A,N/A,Planner (Thấp),data/google_planner/ha-long/Keyword Stats 2026-02-22 at 22_21_22.csv,Viết bài top-list/so sánh; map vào cluster hub; bổ sung schema + ảnh/UGC,B,75.0,0%,0
khách sạn lavian hạ long,Khách sạn Hạ Long,Lưu trú,In-scope Hạ Long,Commercial Investigation,50,N/A,N/A,N/A,Planner (Trung bình),data/google_planner/ha-long/Keyword Stats 2026-02-22 at 22_21_22.csv,Viết bài top-list/so sánh; map vào cluster hub; bổ sung schema + ảnh/UGC,B,75.0,0%,0
khách sạn legend hạ long,Khách sạn Hạ Long,Lưu trú,In-scope Hạ Long,Commercial Investigation,50,N/A,N/A,N/A,Planner (Thấp),data/google_planner/ha-long/Keyword Stats 2026-02-22 at 22_21_22.csv,Viết bài top-list/so sánh; map vào cluster hub; bổ sung schema + ảnh/UGC,B,75.0,0%,0
khách sạn linh đan hạ long,Khách sạn Hạ Long,Lưu trú,In-scope Hạ Long,Commercial Investigation,50,N/A,N/A,N/A,Planner (Không xác định),data/google_planner/ha-long/Keyword Stats 2026-02-22 at 22_21_22.csv,Viết bài top-list/so sánh; map vào cluster hub; bổ sung schema + ảnh/UGC,B,75.0,-100.0%,0
khách sạn london hạ long,Khách sạn Hạ Long,Lưu trú,In-scope Hạ Long,Commercial Investigation,50,N/A,N/A,N/A,Planner (Thấp),data/google_planner/ha-long/Keyword Stats 2026-02-22 at 22_21_22.csv,Viết bài top-list/so sánh; map vào cluster hub; bổ sung schema + ảnh/UGC,B,75.0,0%,0
khách sạn lotus 1 hạ long,Khách sạn Hạ Long,Lưu trú,In-scope Hạ Long,Commercial Investigation,50,N/A,N/A,N/A,Planner (Không xác định),data/google_planner/ha-long/Keyword Stats 2026-02-22 at 22_21_22.csv,Viết bài top-list/so sánh; map vào cluster hub; bổ sung schema + ảnh/UGC,B,75.0,0%,0
khách sạn luxury 79 hạ long,Khách sạn Hạ Long,Lưu trú,In-scope Hạ Long,Commercial Investigation,50,N/A,N/A,N/A,Planner (Thấp),data/google_planner/ha-long/Keyword Stats 2026-02-22 at 22_21_22.csv,Viết bài top-list/so sánh; map vào cluster hub; bổ sung schema + ảnh/UGC,B,75.0,0%,0
khách sạn maldives hạ long,Khách sạn Hạ Long,Lưu trú,In-scope Hạ Long,Commercial Investigation,50,N/A,N/A,N/A,Planner (Thấp),data/google_planner/ha-long/Keyword Stats 2026-02-22 at 22_21_22.csv,Viết bài top-list/so sánh; map vào cluster hub; bổ sung schema + ảnh/UGC,B,75.0,0%,0
khách sạn maruko hạ long,Khách sạn Hạ Long,Lưu trú,In-scope Hạ Long,Commercial Investigation,50,N/A,N/A,N/A,Planner (Thấp),data/google_planner/ha-long/Keyword Stats 2026-02-22 at 22_21_22.csv,Viết bài top-list/so sánh; map vào cluster hub; bổ sung schema + ảnh/UGC,B,75.0,0%,0
khách sạn melia hạ long,Khách sạn Hạ Long,Lưu trú,In-scope Hạ Long,Commercial Investigation,50,N/A,N/A,N/A,Planner (Thấp),data/google_planner/ha-long/Keyword Stats 2026-02-22 at 22_21_22.csv,Viết bài top-list/so sánh; map vào cluster hub; bổ sung schema + ảnh/UGC,B,75.0,0%,0
khách sạn merit hạ long,Khách sạn Hạ Long,Lưu trú,In-scope Hạ Long,Commercial Investigation,50,N/A,N/A,N/A,Planner (Không xác định),data/google_planner/ha-long/Keyword Stats 2026-02-22 at 22_21_22.csv,Viết bài top-list/so sánh; map vào cluster hub; bổ sung schema + ảnh/UGC,B,75.0,-100.0%,0
khách sạn minh châu hạ long,Khách sạn Hạ Long,Lưu trú,In-scope Hạ Long,Commercial Investigation,50,N/A,N/A,N/A,Planner (Thấp),data/google_planner/ha-long/Keyword Stats 2026-02-22 at 22_21_22.csv,Viết bài top-list/so sánh; map vào cluster hub; bổ sung schema + ảnh/UGC,B,75.0,0%,0
khách sạn minh phong hạ long,Khách sạn Hạ Long,Lưu trú,In-scope Hạ Long,Commercial Investigation,50,N/A,N/A,N/A,Planner (Thấp),data/google_planner/ha-long/Keyword Stats 2026-02-22 at 22_21_22.csv,Viết bài top-list/so sánh; map vào cluster hub; bổ sung schema + ảnh/UGC,B,75.0,0%,0
khách sạn minh phát hạ long,Khách sạn Hạ Long,Lưu trú,In-scope Hạ Long,Commercial Investigation,50,N/A,N/A,N/A,Planner (Không xác định),data/google_planner/ha-long/Keyword Stats 2026-02-22 at 22_21_22.csv,Viết bài top-list/so sánh; map vào cluster hub; bổ sung schema + ảnh/UGC,B,75.0,-100.0%,0
khách sạn minh thành hạ long,Khách sạn Hạ Long,Lưu trú,In-scope Hạ Long,Commercial Investigation,50,N/A,N/A,N/A,Planner (Thấp),data/google_planner/ha-long/Keyword Stats 2026-02-22 at 22_21_22.csv,Viết bài top-list/so sánh; map vào cluster hub; bổ sung schema + ảnh/UGC,B,75.0,0%,0
khách sạn minh đức hạ long,Khách sạn Hạ Long,Lưu trú,In-scope Hạ Long,Commercial Investigation,50,N/A,N/A,N/A,Planner (Thấp),data/google_planner/ha-long/Keyword Stats 2026-02-22 at 22_21_22.csv,Viết bài top-list/so sánh; map vào cluster hub; bổ sung schema + ảnh/UGC,B,75.0,0%,0
khách sạn mon hạ long,Khách sạn Hạ Long,Lưu trú,In-scope Hạ Long,Commercial Investigation,50,N/A,N/A,N/A,Planner (Thấp),data/google_planner/ha-long/Keyword Stats 2026-02-22 at 22_21_22.csv,Viết bài top-list/so sánh; map vào cluster hub; bổ sung schema + ảnh/UGC,B,75.0,0%,0
khách sạn moon hotel hạ long,Khách sạn Hạ Long,Lưu trú,In-scope Hạ Long,Commercial Investigation,50,N/A,N/A,N/A,Planner (Thấp),data/google_planner/ha-long/Keyword Stats 2026-02-22 at 22_21_22.csv,Viết bài top-list/so sánh; map vào cluster hub; bổ sung schema + ảnh/UGC,B,75.0,0%,0
khách sạn mường thanh hạ long mấy sao,Khách sạn Hạ Long,Lưu trú,In-scope Hạ Long,Commercial Investigation,50,N/A,N/A,N/A,Planner (Thấp),data/google_planner/ha-long/Keyword Stats 2026-02-22 at 22_21_22.csv,Viết bài top-list/so sánh; map vào cluster hub; bổ sung schema + ảnh/UGC,B,75.0,0%,0
khách sạn mường thanh luxury hạ long residence,Khách sạn Hạ Long,Lưu trú,In-scope Hạ Long,Commercial Investigation,50,N/A,N/A,N/A,Planner (Cao),data/google_planner/ha-long/Keyword Stats 2026-02-22 at 22_21_22.csv,Viết bài top-list/so sánh; map vào cluster hub; bổ sung schema + ảnh/UGC,B,75.0,0%,0
khách sạn mường thanh tại hạ long,Khách sạn Hạ Long,Lưu trú,In-scope Hạ Long,Commercial Investigation,50,N/A,N/A,N/A,Planner (Trung bình),data/google_planner/ha-long/Keyword Stats 2026-02-22 at 22_21_22.csv,Viết bài top-list/so sánh; map vào cluster hub; bổ sung schema + ảnh/UGC,B,75.0,0%,0
khách sạn mường thanh vịnh hạ long,Khách sạn Hạ Long,Lưu trú,In-scope Hạ Long,Commercial Investigation,50,N/A,N/A,N/A,Planner (Thấp),data/google_planner/ha-long/Keyword Stats 2026-02-22 at 22_21_22.csv,Viết bài top-list/so sánh; map vào cluster hub; bổ sung schema + ảnh/UGC,B,75.0,0%,0
khách sạn mặt biển hạ long,Khách sạn Hạ Long,Lưu trú,In-scope Hạ Long,Commercial Investigation,50,N/A,N/A,N/A,Planner (Không xác định),data/google_planner/ha-long/Keyword Stats 2026-02-22 at 22_21_22.csv,Viết bài top-list/so sánh; map vào cluster hub; bổ sung schema + ảnh/UGC,B,75.0,-100.0%,0
khách sạn mộc trà hạ long,Khách sạn Hạ Long,Lưu trú,In-scope Hạ Long,Commercial Investigation,50,N/A,N/A,N/A,Planner (Thấp),data/google_planner/ha-long/Keyword Stats 2026-02-22 at 22_21_22.csv,Viết bài top-list/so sánh; map vào cluster hub; bổ sung schema + ảnh/UGC,B,75.0,0%,0
khách sạn nam sơn hạ long,Khách sạn Hạ Long,Lưu trú,In-scope Hạ Long,Commercial Investigation,50,N/A,N/A,N/A,Planner (Thấp),data/google_planner/ha-long/Keyword Stats 2026-02-22 at 22_21_22.csv,Viết bài top-list/so sánh; map vào cluster hub; bổ sung schema + ảnh/UGC,B,75.0,0%,0
khách sạn new life hạ long,Khách sạn Hạ Long,Lưu trú,In-scope Hạ Long,Commercial Investigation,50,N/A,N/A,N/A,Planner (Thấp),data/google_planner/ha-long/Keyword Stats 2026-02-22 at 22_21_22.csv,Viết bài top-list/so sánh; map vào cluster hub; bổ sung schema + ảnh/UGC,B,75.0,0%,0
khách sạn new sun hạ long,Khách sạn Hạ Long,Lưu trú,In-scope Hạ Long,Commercial Investigation,50,N/A,N/A,N/A,Planner (Trung bình),data/google_planner/ha-long/Keyword Stats 2026-02-22 at 22_21_22.csv,Viết bài top-list/so sánh; map vào cluster hub; bổ sung schema + ảnh/UGC,B,75.0,0%,0
khách sạn new york hạ long,Khách sạn Hạ Long,Lưu trú,In-scope Hạ Long,Commercial Investigation,50,N/A,N/A,N/A,Planner (Thấp),data/google_planner/ha-long/Keyword Stats 2026-02-22 at 22_21_22.csv,Viết bài top-list/so sánh; map vào cluster hub; bổ sung schema + ảnh/UGC,B,75.0,0%,0
khách sạn newyork hạ long,Khách sạn Hạ Long,Lưu trú,In-scope Hạ Long,Commercial Investigation,50,N/A,N/A,N/A,Planner (Thấp),data/google_planner/ha-long/Keyword Stats 2026-02-22 at 22_21_22.csv,Viết bài top-list/so sánh; map vào cluster hub; bổ sung schema + ảnh/UGC,B,75.0,0%,0
khách sạn ngọc anh hạ long,Khách sạn Hạ Long,Lưu trú,In-scope Hạ Long,Commercial Investigation,50,N/A,N/A,N/A,Planner (Thấp),data/google_planner/ha-long/Keyword Stats 2026-02-22 at 22_21_22.csv,Viết bài top-list/so sánh; map vào cluster hub; bổ sung schema + ảnh/UGC,B,75.0,0%,0
khách sạn ngọc hà hạ long,Khách sạn Hạ Long,Lưu trú,In-scope Hạ Long,Commercial Investigation,50,N/A,N/A,N/A,Planner (Không xác định),data/google_planner/ha-long/Keyword Stats 2026-02-22 at 22_21_22.csv,Viết bài top-list/so sánh; map vào cluster hub; bổ sung schema + ảnh/UGC,B,75.0,0%,0
khách sạn ngọc phong hạ long,Khách sạn Hạ Long,Lưu trú,In-scope Hạ Long,Commercial Investigation,50,N/A,N/A,N/A,Planner (Thấp),data/google_planner/ha-long/Keyword Stats 2026-02-22 at 22_21_22.csv,Viết bài top-list/so sánh; map vào cluster hub; bổ sung schema + ảnh/UGC,B,75.0,0%,0
khách sạn ngọc tùng hạ long,Khách sạn Hạ Long,Lưu trú,In-scope Hạ Long,Commercial Investigation,50,N/A,N/A,N/A,Planner (Không xác định),data/google_planner/ha-long/Keyword Stats 2026-02-22 at 22_21_22.csv,Viết bài top-list/so sánh; map vào cluster hub; bổ sung schema + ảnh/UGC,B,75.0,-100.0%,0
khách sạn ngọc ánh dương hạ long,Khách sạn Hạ Long,Lưu trú,In-scope Hạ Long,Commercial Investigation,50,N/A,N/A,N/A,Planner (Thấp),data/google_planner/ha-long/Keyword Stats 2026-02-22 at 22_21_22.csv,Viết bài top-list/so sánh; map vào cluster hub; bổ sung schema + ảnh/UGC,B,75.0,0%,0
khách sạn nổi tiếng ở hạ long,Khách sạn Hạ Long,Lưu trú,In-scope Hạ Long,Commercial Investigation,50,N/A,N/A,N/A,Planner (Thấp),data/google_planner/ha-long/Keyword Stats 2026-02-22 at 22_21_22.csv,Viết bài top-list/so sánh; map vào cluster hub; bổ sung schema + ảnh/UGC,B,75.0,0%,0
khách sạn oyo hạ long,Khách sạn Hạ Long,Lưu trú,In-scope Hạ Long,Commercial Investigation,50,N/A,N/A,N/A,Planner (Không xác định),data/google_planner/ha-long/Keyword Stats 2026-02-22 at 22_21_22.csv,Viết bài top-list/so sánh; map vào cluster hub; bổ sung schema + ảnh/UGC,B,75.0,0%,0
khách sạn pacific hạ long,Khách sạn Hạ Long,Lưu trú,In-scope Hạ Long,Commercial Investigation,50,N/A,N/A,N/A,Planner (Thấp),data/google_planner/ha-long/Keyword Stats 2026-02-22 at 22_21_22.csv,Viết bài top-list/so sánh; map vào cluster hub; bổ sung schema + ảnh/UGC,B,75.0,0%,0
khách sạn padama hạ long,Khách sạn Hạ Long,Lưu trú,In-scope Hạ Long,Commercial Investigation,50,N/A,N/A,N/A,Planner (Thấp),data/google_planner/ha-long/Keyword Stats 2026-02-22 at 22_21_22.csv,Viết bài top-list/so sánh; map vào cluster hub; bổ sung schema + ảnh/UGC,B,75.0,0%,0
khách sạn paradise suite hạ long,Khách sạn Hạ Long,Lưu trú,In-scope Hạ Long,Commercial Investigation,50,N/A,N/A,N/A,Planner (Trung bình),data/google_planner/ha-long/Keyword Stats 2026-02-22 at 22_21_22.csv,Viết bài top-list/so sánh; map vào cluster hub; bổ sung schema + ảnh/UGC,B,75.0,0%,0
khách sạn paris boutique hạ long,Khách sạn Hạ Long,Lưu trú,In-scope Hạ Long,Commercial Investigation,50,N/A,N/A,N/A,Planner (Thấp),data/google_planner/ha-long/Keyword Stats 2026-02-22 at 22_21_22.csv,Viết bài top-list/so sánh; map vào cluster hub; bổ sung schema + ảnh/UGC,B,75.0,0%,0
khách sạn paris hotel hạ long,Khách sạn Hạ Long,Lưu trú,In-scope Hạ Long,Commercial Investigation,50,N/A,N/A,N/A,Planner (Thấp),data/google_planner/ha-long/Keyword Stats 2026-02-22 at 22_21_22.csv,Viết bài top-list/so sánh; map vào cluster hub; bổ sung schema + ảnh/UGC,B,75.0,0%,0
khách sạn paris hạ long,Khách sạn Hạ Long,Lưu trú,In-scope Hạ Long,Commercial Investigation,50,N/A,N/A,N/A,Planner (Thấp),data/google_planner/ha-long/Keyword Stats 2026-02-22 at 22_21_22.csv,Viết bài top-list/so sánh; map vào cluster hub; bổ sung schema + ảnh/UGC,B,75.0,0%,0
khách sạn passion hạ long,Khách sạn Hạ Long,Lưu trú,In-scope Hạ Long,Commercial Investigation,50,N/A,N/A,N/A,Planner (Thấp),data/google_planner/ha-long/Keyword Stats 2026-02-22 at 22_21_22.csv,Viết bài top-list/so sánh; map vào cluster hub; bổ sung schema + ảnh/UGC,B,75.0,0%,0
khách sạn peace hotel hạ long,Khách sạn Hạ Long,Lưu trú,In-scope Hạ Long,Commercial Investigation,50,N/A,N/A,N/A,Planner (Trung bình),data/google_planner/ha-long/Keyword Stats 2026-02-22 at 22_21_22.csv,Viết bài top-list/so sánh; map vào cluster hub; bổ sung schema + ảnh/UGC,B,75.0,0%,0
khách sạn phúc luxury hạ long,Khách sạn Hạ Long,Lưu trú,In-scope Hạ Long,Commercial Investigation,50,N/A,N/A,N/A,Planner (Không xác định),data/google_planner/ha-long/Keyword Stats 2026-02-22 at 22_21_22.csv,Viết bài top-list/so sánh; map vào cluster hub; bổ sung schema + ảnh/UGC,B,75.0,-100.0%,0
khách sạn phương lâm hạ long,Khách sạn Hạ Long,Lưu trú,In-scope Hạ Long,Commercial Investigation,50,N/A,N/A,N/A,Planner (Thấp),data/google_planner/ha-long/Keyword Stats 2026-02-22 at 22_21_22.csv,Viết bài top-list/so sánh; map vào cluster hub; bổ sung schema + ảnh/UGC,B,75.0,0%,0
khách sạn phương nam hạ long,Khách sạn Hạ Long,Lưu trú,In-scope Hạ Long,Commercial Investigation,50,N/A,N/A,N/A,Planner (Thấp),data/google_planner/ha-long/Keyword Stats 2026-02-22 at 22_21_22.csv,Viết bài top-list/so sánh; map vào cluster hub; bổ sung schema + ảnh/UGC,B,75.0,0%,0
khách sạn phương trang hạ long,Khách sạn Hạ Long,Lưu trú,In-scope Hạ Long,Commercial Investigation,50,N/A,N/A,N/A,Planner (Trung bình),data/google_planner/ha-long/Keyword Stats 2026-02-22 at 22_21_22.csv,Viết bài top-list/so sánh; map vào cluster hub; bổ sung schema + ảnh/UGC,B,75.0,0%,0
khách sạn premier hạ long,Khách sạn Hạ Long,Lưu trú,In-scope Hạ Long,Commercial Investigation,50,N/A,N/A,N/A,Planner (Trung bình),data/google_planner/ha-long/Keyword Stats 2026-02-22 at 22_21_22.csv,Viết bài top-list/so sánh; map vào cluster hub; bổ sung schema + ảnh/UGC,B,75.0,0%,0
khách sạn prosperity hạ long,Khách sạn Hạ Long,Lưu trú,In-scope Hạ Long,Commercial Investigation,50,N/A,N/A,N/A,Planner (Thấp),data/google_planner/ha-long/Keyword Stats 2026-02-22 at 22_21_22.csv,Viết bài top-list/so sánh; map vào cluster hub; bổ sung schema + ảnh/UGC,B,75.0,0%,0
khách sạn pusan hạ long,Khách sạn Hạ Long,Lưu trú,In-scope Hạ Long,Commercial Investigation,50,N/A,N/A,N/A,Planner (Thấp),data/google_planner/ha-long/Keyword Stats 2026-02-22 at 22_21_22.csv,Viết bài top-list/so sánh; map vào cluster hub; bổ sung schema + ảnh/UGC,B,75.0,0%,0
khách sạn queen hạ long,Khách sạn Hạ Long,Lưu trú,In-scope Hạ Long,Commercial Investigation,50,N/A,N/A,N/A,Planner (Trung bình),data/google_planner/ha-long/Keyword Stats 2026-02-22 at 22_21_22.csv,Viết bài top-list/so sánh; map vào cluster hub; bổ sung schema + ảnh/UGC,B,75.0,0%,0
khách sạn quân đội hạ long,Khách sạn Hạ Long,Lưu trú,In-scope Hạ Long,Commercial Investigation,50,N/A,N/A,N/A,Planner (Cao),data/google_planner/ha-long/Keyword Stats 2026-02-22 at 22_21_22.csv,Viết bài top-list/so sánh; map vào cluster hub; bổ sung schema + ảnh/UGC,B,75.0,0%,0
khách sạn quỳnh yến hạ long,Khách sạn Hạ Long,Lưu trú,In-scope Hạ Long,Commercial Investigation,50,N/A,N/A,N/A,Planner (Không xác định),data/google_planner/ha-long/Keyword Stats 2026-02-22 at 22_21_22.csv,Viết bài top-list/so sánh; map vào cluster hub; bổ sung schema + ảnh/UGC,B,75.0,0%,0
khách sạn rainbow hạ long,Khách sạn Hạ Long,Lưu trú,In-scope Hạ Long,Commercial Investigation,50,N/A,N/A,N/A,Planner (Không xác định),data/google_planner/ha-long/Keyword Stats 2026-02-22 at 22_21_22.csv,Viết bài top-list/so sánh; map vào cluster hub; bổ sung schema + ảnh/UGC,B,75.0,0%,0
khách sạn river hotel hạ long,Khách sạn Hạ Long,Lưu trú,In-scope Hạ Long,Commercial Investigation,50,N/A,N/A,N/A,Planner (Trung bình),data/google_planner/ha-long/Keyword Stats 2026-02-22 at 22_21_22.csv,Viết bài top-list/so sánh; map vào cluster hub; bổ sung schema + ảnh/UGC,B,75.0,0%,0
khách sạn river hạ long,Khách sạn Hạ Long,Lưu trú,In-scope Hạ Long,Commercial Investigation,50,N/A,N/A,N/A,Planner (Cao),data/google_planner/ha-long/Keyword Stats 2026-02-22 at 22_21_22.csv,Viết bài top-list/so sánh; map vào cluster hub; bổ sung schema + ảnh/UGC,B,75.0,0%,0
khách sạn riverside hạ long,Khách sạn Hạ Long,Lưu trú,In-scope Hạ Long,Commercial Investigation,50,N/A,N/A,N/A,Planner (Thấp),data/google_planner/ha-long/Keyword Stats 2026-02-22 at 22_21_22.csv,Viết bài top-list/so sánh; map vào cluster hub; bổ sung schema + ảnh/UGC,B,75.0,0%,0
khách sạn rosy hạ long,Khách sạn Hạ Long,Lưu trú,In-scope Hạ Long,Commercial Investigation,50,N/A,N/A,N/A,Planner (Trung bình),data/google_planner/ha-long/Keyword Stats 2026-02-22 at 22_21_22.csv,Viết bài top-list/so sánh; map vào cluster hub; bổ sung schema + ảnh/UGC,B,75.0,0%,0
khách sạn royal hotel hạ long,Khách sạn Hạ Long,Lưu trú,In-scope Hạ Long,Commercial Investigation,50,N/A,N/A,N/A,Planner (Thấp),data/google_planner/ha-long/Keyword Stats 2026-02-22 at 22_21_22.csv,Viết bài top-list/so sánh; map vào cluster hub; bổ sung schema + ảnh/UGC,B,75.0,0%,0
khách sạn royal hòn gai,Khách sạn Hạ Long,Lưu trú,In-scope Hạ Long,Commercial Investigation,50,N/A,N/A,N/A,Planner (Thấp),data/google_planner/ha-long/Keyword Stats 2026-02-22 at 22_21_22.csv,Viết bài top-list/so sánh; map vào cluster hub; bổ sung schema + ảnh/UGC,B,75.0,0%,0
khách sạn royal hạ long hotel,Khách sạn Hạ Long,Lưu trú,In-scope Hạ Long,Commercial Investigation,50,N/A,N/A,N/A,Planner (Thấp),data/google_planner/ha-long/Keyword Stats 2026-02-22 at 22_21_22.csv,Viết bài top-list/so sánh; map vào cluster hub; bổ sung schema + ảnh/UGC,B,75.0,0%,0
khách sạn ruby 2 hạ long,Khách sạn Hạ Long,Lưu trú,In-scope Hạ Long,Commercial Investigation,50,N/A,N/A,N/A,Planner (Không xác định),data/google_planner/ha-long/Keyword Stats 2026-02-22 at 22_21_22.csv,Viết bài top-list/so sánh; map vào cluster hub; bổ sung schema + ảnh/UGC,B,75.0,0%,0
khách sạn ruby 6 hạ long,Khách sạn Hạ Long,Lưu trú,In-scope Hạ Long,Commercial Investigation,50,N/A,N/A,N/A,Planner (Thấp),data/google_planner/ha-long/Keyword Stats 2026-02-22 at 22_21_22.csv,Viết bài top-list/so sánh; map vào cluster hub; bổ sung schema + ảnh/UGC,B,75.0,0%,0
khách sạn ruby hạ long 2,Khách sạn Hạ Long,Lưu trú,In-scope Hạ Long,Commercial Investigation,50,N/A,N/A,N/A,Planner (Thấp),data/google_planner/ha-long/Keyword Stats 2026-02-22 at 22_21_22.csv,Viết bài top-list/so sánh; map vào cluster hub; bổ sung schema + ảnh/UGC,B,75.0,0%,0
khách sạn ruby hạ long 6,Khách sạn Hạ Long,Lưu trú,In-scope Hạ Long,Commercial Investigation,50,N/A,N/A,N/A,Planner (Cao),data/google_planner/ha-long/Keyword Stats 2026-02-22 at 22_21_22.csv,Viết bài top-list/so sánh; map vào cluster hub; bổ sung schema + ảnh/UGC,B,75.0,0%,0
khách sạn rẻ hạ long,Khách sạn Hạ Long,Lưu trú,In-scope Hạ Long,Commercial Investigation,50,N/A,N/A,N/A,Planner (Cao),data/google_planner/ha-long/Keyword Stats 2026-02-22 at 22_21_22.csv,Viết bài top-list/so sánh; map vào cluster hub; bổ sung schema + ảnh/UGC,B,75.0,0%,0
khách sạn rẻ ở hạ long,Khách sạn Hạ Long,Lưu trú,In-scope Hạ Long,Commercial Investigation,50,N/A,N/A,N/A,Planner (Cao),data/google_planner/ha-long/Keyword Stats 2026-02-22 at 22_21_22.csv,Viết bài top-list/so sánh; map vào cluster hub; bổ sung schema + ảnh/UGC,B,75.0,0%,0
khách sạn sakura hạ long,Khách sạn Hạ Long,Lưu trú,In-scope Hạ Long,Commercial Investigation,50,N/A,N/A,N/A,Planner (Trung bình),data/google_planner/ha-long/Keyword Stats 2026-02-22 at 22_21_22.csv,Viết bài top-list/so sánh; map vào cluster hub; bổ sung schema + ảnh/UGC,B,75.0,0%,0
khách sạn sao hạ long,Khách sạn Hạ Long,Lưu trú,In-scope Hạ Long,Commercial Investigation,50,N/A,N/A,N/A,Planner (Cao),data/google_planner/ha-long/Keyword Stats 2026-02-22 at 22_21_22.csv,Viết bài top-list/so sánh; map vào cluster hub; bổ sung schema + ảnh/UGC,B,75.0,0%,0
khách sạn seasun hạ long,Khách sạn Hạ Long,Lưu trú,In-scope Hạ Long,Commercial Investigation,50,N/A,N/A,N/A,Planner (Thấp),data/google_planner/ha-long/Keyword Stats 2026-02-22 at 22_21_22.csv,Viết bài top-list/so sánh; map vào cluster hub; bổ sung schema + ảnh/UGC,B,75.0,0%,0
khách sạn secret hạ long,Khách sạn Hạ Long,Lưu trú,In-scope Hạ Long,Commercial Investigation,50,N/A,N/A,N/A,Planner (Thấp),data/google_planner/ha-long/Keyword Stats 2026-02-22 at 22_21_22.csv,Viết bài top-list/so sánh; map vào cluster hub; bổ sung schema + ảnh/UGC,B,75.0,0%,0
khách sạn select hạ long,Khách sạn Hạ Long,Lưu trú,In-scope Hạ Long,Commercial Investigation,50,N/A,N/A,N/A,Planner (Thấp),data/google_planner/ha-long/Keyword Stats 2026-02-22 at 22_21_22.csv,Viết bài top-list/so sánh; map vào cluster hub; bổ sung schema + ảnh/UGC,B,75.0,0%,0
khách sạn sen hạ long,Khách sạn Hạ Long,Lưu trú,In-scope Hạ Long,Commercial Investigation,50,N/A,N/A,N/A,Planner (Trung bình),data/google_planner/ha-long/Keyword Stats 2026-02-22 at 22_21_22.csv,Viết bài top-list/so sánh; map vào cluster hub; bổ sung schema + ảnh/UGC,B,75.0,0%,0
khách sạn sen hồng hạ long,Khách sạn Hạ Long,Lưu trú,In-scope Hạ Long,Commercial Investigation,50,N/A,N/A,N/A,Planner (Thấp),data/google_planner/ha-long/Keyword Stats 2026-02-22 at 22_21_22.csv,Viết bài top-list/so sánh; map vào cluster hub; bổ sung schema + ảnh/UGC,B,75.0,0%,0
khách sạn sheraton hạ long,Khách sạn Hạ Long,Lưu trú,In-scope Hạ Long,Commercial Investigation,50,N/A,N/A,N/A,Planner (Thấp),data/google_planner/ha-long/Keyword Stats 2026-02-22 at 22_21_22.csv,Viết bài top-list/so sánh; map vào cluster hub; bổ sung schema + ảnh/UGC,B,75.0,0%,0
khách sạn sky hạ long,Khách sạn Hạ Long,Lưu trú,In-scope Hạ Long,Commercial Investigation,50,N/A,N/A,N/A,Planner (Không xác định),data/google_planner/ha-long/Keyword Stats 2026-02-22 at 22_21_22.csv,Viết bài top-list/so sánh; map vào cluster hub; bổ sung schema + ảnh/UGC,B,75.0,0%,0
khách sạn sol hạ long trademark collection by wyndham,Khách sạn Hạ Long,Lưu trú,In-scope Hạ Long,Commercial Investigation,50,N/A,N/A,N/A,Planner (Không xác định),data/google_planner/ha-long/Keyword Stats 2026-02-22 at 22_21_22.csv,Viết bài top-list/so sánh; map vào cluster hub; bổ sung schema + ảnh/UGC,B,75.0,-100.0%,0
khách sạn song lộc luxury hạ long,Khách sạn Hạ Long,Lưu trú,In-scope Hạ Long,Commercial Investigation,50,N/A,N/A,N/A,Planner (Trung bình),data/google_planner/ha-long/Keyword Stats 2026-02-22 at 22_21_22.csv,Viết bài top-list/so sánh; map vào cluster hub; bổ sung schema + ảnh/UGC,B,75.0,0%,0
khách sạn star hạ long,Khách sạn Hạ Long,Lưu trú,In-scope Hạ Long,Commercial Investigation,50,N/A,N/A,N/A,Planner (Thấp),data/google_planner/ha-long/Keyword Stats 2026-02-22 at 22_21_22.csv,Viết bài top-list/so sánh; map vào cluster hub; bổ sung schema + ảnh/UGC,B,75.0,0%,0
khách sạn starcity hạ long,Khách sạn Hạ Long,Lưu trú,In-scope Hạ Long,Commercial Investigation,50,N/A,N/A,N/A,Planner (Thấp),data/google_planner/ha-long/Keyword Stats 2026-02-22 at 22_21_22.csv,Viết bài top-list/so sánh; map vào cluster hub; bổ sung schema + ảnh/UGC,B,75.0,0%,0
khách sạn starlight hạ long,Khách sạn Hạ Long,Lưu trú,In-scope Hạ Long,Commercial Investigation,50,N/A,N/A,N/A,Planner (Thấp),data/google_planner/ha-long/Keyword Stats 2026-02-22 at 22_21_22.csv,Viết bài top-list/so sánh; map vào cluster hub; bổ sung schema + ảnh/UGC,B,75.0,0%,0
khách sạn stella hạ long,Khách sạn Hạ Long,Lưu trú,In-scope Hạ Long,Commercial Investigation,50,N/A,N/A,N/A,Planner (Thấp),data/google_planner/ha-long/Keyword Stats 2026-02-22 at 22_21_22.csv,Viết bài top-list/so sánh; map vào cluster hub; bổ sung schema + ảnh/UGC,B,75.0,0%,0
khách sạn sun bay hạ long,Khách sạn Hạ Long,Lưu trú,In-scope Hạ Long,Commercial Investigation,50,N/A,N/A,N/A,Planner (Không xác định),data/google_planner/ha-long/Keyword Stats 2026-02-22 at 22_21_22.csv,Viết bài top-list/so sánh; map vào cluster hub; bổ sung schema + ảnh/UGC,B,75.0,-100.0%,0
khách sạn sun gold hạ long,Khách sạn Hạ Long,Lưu trú,In-scope Hạ Long,Commercial Investigation,50,N/A,N/A,N/A,Planner (Thấp),data/google_planner/ha-long/Keyword Stats 2026-02-22 at 22_21_22.csv,Viết bài top-list/so sánh; map vào cluster hub; bổ sung schema + ảnh/UGC,B,75.0,0%,0
khách sạn sun hotel hạ long,Khách sạn Hạ Long,Lưu trú,In-scope Hạ Long,Commercial Investigation,50,N/A,N/A,N/A,Planner (Cao),data/google_planner/ha-long/Keyword Stats 2026-02-22 at 22_21_22.csv,Viết bài top-list/so sánh; map vào cluster hub; bổ sung schema + ảnh/UGC,B,75.0,0%,0
khách sạn sun plaza hạ long,Khách sạn Hạ Long,Lưu trú,In-scope Hạ Long,Commercial Investigation,50,N/A,N/A,N/A,Planner (Trung bình),data/google_planner/ha-long/Keyword Stats 2026-02-22 at 22_21_22.csv,Viết bài top-list/so sánh; map vào cluster hub; bổ sung schema + ảnh/UGC,B,75.0,0%,0
khách sạn sun world hạ long,Khách sạn Hạ Long,Lưu trú,In-scope Hạ Long,Commercial Investigation,50,N/A,N/A,N/A,Planner (Trung bình),data/google_planner/ha-long/Keyword Stats 2026-02-22 at 22_21_22.csv,Viết bài top-list/so sánh; map vào cluster hub; bổ sung schema + ảnh/UGC,B,75.0,0%,0
khách sạn sunbay hạ long,Khách sạn Hạ Long,Lưu trú,In-scope Hạ Long,Commercial Investigation,50,N/A,N/A,N/A,Planner (Cao),data/google_planner/ha-long/Keyword Stats 2026-02-22 at 22_21_22.csv,Viết bài top-list/so sánh; map vào cluster hub; bổ sung schema + ảnh/UGC,B,75.0,0%,0
khách sạn sunflower hạ long,Khách sạn Hạ Long,Lưu trú,In-scope Hạ Long,Commercial Investigation,50,N/A,N/A,N/A,Planner (Cao),data/google_planner/ha-long/Keyword Stats 2026-02-22 at 22_21_22.csv,Viết bài top-list/so sánh; map vào cluster hub; bổ sung schema + ảnh/UGC,B,75.0,0%,0
khách sạn sunny hạ long,Khách sạn Hạ Long,Lưu trú,In-scope Hạ Long,Commercial Investigation,50,N/A,N/A,N/A,Planner (Thấp),data/google_planner/ha-long/Keyword Stats 2026-02-22 at 22_21_22.csv,Viết bài top-list/so sánh; map vào cluster hub; bổ sung schema + ảnh/UGC,B,75.0,0%,0
khách sạn sunrise hạ long,Khách sạn Hạ Long,Lưu trú,In-scope Hạ Long,Commercial Investigation,50,N/A,N/A,N/A,Planner (Thấp),data/google_planner/ha-long/Keyword Stats 2026-02-22 at 22_21_22.csv,Viết bài top-list/so sánh; map vào cluster hub; bổ sung schema + ảnh/UGC,B,75.0,0%,0
khách sạn suối mơ hạ long,Khách sạn Hạ Long,Lưu trú,In-scope Hạ Long,Commercial Investigation,50,N/A,N/A,N/A,Planner (Thấp),data/google_planner/ha-long/Keyword Stats 2026-02-22 at 22_21_22.csv,Viết bài top-list/so sánh; map vào cluster hub; bổ sung schema + ảnh/UGC,B,75.0,0%,0
khách sạn sát biển hạ long,Khách sạn Hạ Long,Lưu trú,In-scope Hạ Long,Commercial Investigation,50,N/A,N/A,N/A,Planner (Không xác định),data/google_planner/ha-long/Keyword Stats 2026-02-22 at 22_21_22.csv,Viết bài top-list/so sánh; map vào cluster hub; bổ sung schema + ảnh/UGC,B,75.0,0%,0
khách sạn sơn dương hạ long,Khách sạn Hạ Long,Lưu trú,In-scope Hạ Long,Commercial Investigation,50,N/A,N/A,N/A,Planner (Thấp),data/google_planner/ha-long/Keyword Stats 2026-02-22 at 22_21_22.csv,Viết bài top-list/so sánh; map vào cluster hub; bổ sung schema + ảnh/UGC,B,75.0,0%,0
khách sạn thanh bình hạ long,Khách sạn Hạ Long,Lưu trú,In-scope Hạ Long,Commercial Investigation,50,N/A,N/A,N/A,Planner (Không xác định),data/google_planner/ha-long/Keyword Stats 2026-02-22 at 22_21_22.csv,Viết bài top-list/so sánh; map vào cluster hub; bổ sung schema + ảnh/UGC,B,75.0,-100.0%,0
khách sạn thanh long hạ long,Khách sạn Hạ Long,Lưu trú,In-scope Hạ Long,Commercial Investigation,50,N/A,N/A,N/A,Planner (Thấp),data/google_planner/ha-long/Keyword Stats 2026-02-22 at 22_21_22.csv,Viết bài top-list/so sánh; map vào cluster hub; bổ sung schema + ảnh/UGC,B,75.0,0%,0
khách sạn thanh lịch hạ long,Khách sạn Hạ Long,Lưu trú,In-scope Hạ Long,Commercial Investigation,50,N/A,N/A,N/A,Planner (Trung bình),data/google_planner/ha-long/Keyword Stats 2026-02-22 at 22_21_22.csv,Viết bài top-list/so sánh; map vào cluster hub; bổ sung schema + ảnh/UGC,B,75.0,0%,0
khách sạn the secret hạ long,Khách sạn Hạ Long,Lưu trú,In-scope Hạ Long,Commercial Investigation,50,N/A,N/A,N/A,Planner (Thấp),data/google_planner/ha-long/Keyword Stats 2026-02-22 at 22_21_22.csv,Viết bài top-list/so sánh; map vào cluster hub; bổ sung schema + ảnh/UGC,B,75.0,0%,0
khách sạn the twin hạ long,Khách sạn Hạ Long,Lưu trú,In-scope Hạ Long,Commercial Investigation,50,N/A,N/A,N/A,Planner (Thấp),data/google_planner/ha-long/Keyword Stats 2026-02-22 at 22_21_22.csv,Viết bài top-list/so sánh; map vào cluster hub; bổ sung schema + ảnh/UGC,B,75.0,0%,0
khách sạn thiên long hạ long,Khách sạn Hạ Long,Lưu trú,In-scope Hạ Long,Commercial Investigation,50,N/A,N/A,N/A,Planner (Không xác định),data/google_planner/ha-long/Keyword Stats 2026-02-22 at 22_21_22.csv,Viết bài top-list/so sánh; map vào cluster hub; bổ sung schema + ảnh/UGC,B,75.0,-100.0%,0
khách sạn thiên thạch hạ long,Khách sạn Hạ Long,Lưu trú,In-scope Hạ Long,Commercial Investigation,50,N/A,N/A,N/A,Planner (Không xác định),data/google_planner/ha-long/Keyword Stats 2026-02-22 at 22_21_22.csv,Viết bài top-list/so sánh; map vào cluster hub; bổ sung schema + ảnh/UGC,B,75.0,-100.0%,0
khách sạn thu nam hạ long,Khách sạn Hạ Long,Lưu trú,In-scope Hạ Long,Commercial Investigation,50,N/A,N/A,N/A,Planner (Thấp),data/google_planner/ha-long/Keyword Stats 2026-02-22 at 22_21_22.csv,Viết bài top-list/so sánh; map vào cluster hub; bổ sung schema + ảnh/UGC,B,75.0,0%,0
khách sạn thuý nga hạ long,Khách sạn Hạ Long,Lưu trú,In-scope Hạ Long,Commercial Investigation,50,N/A,N/A,N/A,Planner (Cao),data/google_planner/ha-long/Keyword Stats 2026-02-22 at 22_21_22.csv,Viết bài top-list/so sánh; map vào cluster hub; bổ sung schema + ảnh/UGC,B,75.0,0%,0
khách sạn thùy dương hạ long,Khách sạn Hạ Long,Lưu trú,In-scope Hạ Long,Commercial Investigation,50,N/A,N/A,N/A,Planner (Trung bình),data/google_planner/ha-long/Keyword Stats 2026-02-22 at 22_21_22.csv,Viết bài top-list/so sánh; map vào cluster hub; bổ sung schema + ảnh/UGC,B,75.0,0%,0
khách sạn thuỷ triều hạ long,Khách sạn Hạ Long,Lưu trú,In-scope Hạ Long,Commercial Investigation,50,N/A,N/A,N/A,Planner (Thấp),data/google_planner/ha-long/Keyword Stats 2026-02-22 at 22_21_22.csv,Viết bài top-list/so sánh; map vào cluster hub; bổ sung schema + ảnh/UGC,B,75.0,0%,0
khách sạn thành an hạ long,Khách sạn Hạ Long,Lưu trú,In-scope Hạ Long,Commercial Investigation,50,N/A,N/A,N/A,Planner (Thấp),data/google_planner/ha-long/Keyword Stats 2026-02-22 at 22_21_22.csv,Viết bài top-list/so sánh; map vào cluster hub; bổ sung schema + ảnh/UGC,B,75.0,0%,0
khách sạn thái hà boutique hạ long,Khách sạn Hạ Long,Lưu trú,In-scope Hạ Long,Commercial Investigation,50,N/A,N/A,N/A,Planner (Trung bình),data/google_planner/ha-long/Keyword Stats 2026-02-22 at 22_21_22.csv,Viết bài top-list/so sánh; map vào cluster hub; bổ sung schema + ảnh/UGC,B,75.0,0%,0
khách sạn thái sơn luxury hạ long,Khách sạn Hạ Long,Lưu trú,In-scope Hạ Long,Commercial Investigation,50,N/A,N/A,N/A,Planner (Thấp),data/google_planner/ha-long/Keyword Stats 2026-02-22 at 22_21_22.csv,Viết bài top-list/so sánh; map vào cluster hub; bổ sung schema + ảnh/UGC,B,75.0,0%,0
khách sạn thăng long 2 hạ long,Khách sạn Hạ Long,Lưu trú,In-scope Hạ Long,Commercial Investigation,50,N/A,N/A,N/A,Planner (Không xác định),data/google_planner/ha-long/Keyword Stats 2026-02-22 at 22_21_22.csv,Viết bài top-list/so sánh; map vào cluster hub; bổ sung schema + ảnh/UGC,B,75.0,0%,0
khách sạn thăng long hạ long,Khách sạn Hạ Long,Lưu trú,In-scope Hạ Long,Commercial Investigation,50,N/A,N/A,N/A,Planner (Thấp),data/google_planner/ha-long/Keyword Stats 2026-02-22 at 22_21_22.csv,Viết bài top-list/so sánh; map vào cluster hub; bổ sung schema + ảnh/UGC,B,75.0,0%,0
khách sạn thống nhất hạ long,Khách sạn Hạ Long,Lưu trú,In-scope Hạ Long,Commercial Investigation,50,N/A,N/A,N/A,Planner (Thấp),data/google_planner/ha-long/Keyword Stats 2026-02-22 at 22_21_22.csv,Viết bài top-list/so sánh; map vào cluster hub; bổ sung schema + ảnh/UGC,B,75.0,0%,0
khách sạn thủ đô hạ long,Khách sạn Hạ Long,Lưu trú,In-scope Hạ Long,Commercial Investigation,50,N/A,N/A,N/A,Planner (Không xác định),data/google_planner/ha-long/Keyword Stats 2026-02-22 at 22_21_22.csv,Viết bài top-list/so sánh; map vào cluster hub; bổ sung schema + ảnh/UGC,B,75.0,-100.0%,0
khách sạn thủ đô xanh hạ long,Khách sạn Hạ Long,Lưu trú,In-scope Hạ Long,Commercial Investigation,50,N/A,N/A,N/A,Planner (Thấp),data/google_planner/ha-long/Keyword Stats 2026-02-22 at 22_21_22.csv,Viết bài top-list/so sánh; map vào cluster hub; bổ sung schema + ảnh/UGC,B,75.0,0%,0
khách sạn tigon hạ long,Khách sạn Hạ Long,Lưu trú,In-scope Hạ Long,Commercial Investigation,50,N/A,N/A,N/A,Planner (Trung bình),data/google_planner/ha-long/Keyword Stats 2026-02-22 at 22_21_22.csv,Viết bài top-list/so sánh; map vào cluster hub; bổ sung schema + ảnh/UGC,B,75.0,0%,0
khách sạn time lotus hạ long,Khách sạn Hạ Long,Lưu trú,In-scope Hạ Long,Commercial Investigation,50,N/A,N/A,N/A,Planner (Trung bình),data/google_planner/ha-long/Keyword Stats 2026-02-22 at 22_21_22.csv,Viết bài top-list/so sánh; map vào cluster hub; bổ sung schema + ảnh/UGC,B,75.0,0%,0
khách sạn tiên long hạ long,Khách sạn Hạ Long,Lưu trú,In-scope Hạ Long,Commercial Investigation,50,N/A,N/A,N/A,Planner (Thấp),data/google_planner/ha-long/Keyword Stats 2026-02-22 at 22_21_22.csv,Viết bài top-list/so sánh; map vào cluster hub; bổ sung schema + ảnh/UGC,B,75.0,0%,0
khách sạn top one hạ long,Khách sạn Hạ Long,Lưu trú,In-scope Hạ Long,Commercial Investigation,50,N/A,N/A,N/A,Planner (Thấp),data/google_planner/ha-long/Keyword Stats 2026-02-22 at 22_21_22.csv,Viết bài top-list/so sánh; map vào cluster hub; bổ sung schema + ảnh/UGC,B,75.0,0%,0
khách sạn toàn phương hạ long,Khách sạn Hạ Long,Lưu trú,In-scope Hạ Long,Commercial Investigation,50,N/A,N/A,N/A,Planner (Không xác định),data/google_planner/ha-long/Keyword Stats 2026-02-22 at 22_21_22.csv,Viết bài top-list/so sánh; map vào cluster hub; bổ sung schema + ảnh/UGC,B,75.0,-100.0%,0
khách sạn trang tây hạ long,Khách sạn Hạ Long,Lưu trú,In-scope Hạ Long,Commercial Investigation,50,N/A,N/A,N/A,Planner (Thấp),data/google_planner/ha-long/Keyword Stats 2026-02-22 at 22_21_22.csv,Viết bài top-list/so sánh; map vào cluster hub; bổ sung schema + ảnh/UGC,B,75.0,0%,0
khách sạn trung kiên hạ long,Khách sạn Hạ Long,Lưu trú,In-scope Hạ Long,Commercial Investigation,50,N/A,N/A,N/A,Planner (Thấp),data/google_planner/ha-long/Keyword Stats 2026-02-22 at 22_21_22.csv,Viết bài top-list/so sánh; map vào cluster hub; bổ sung schema + ảnh/UGC,B,75.0,0%,0
khách sạn trên thuyền hạ long,Khách sạn Hạ Long,Lưu trú,In-scope Hạ Long,Commercial Investigation,50,N/A,N/A,N/A,Planner (Cao),data/google_planner/ha-long/Keyword Stats 2026-02-22 at 22_21_22.csv,Viết bài top-list/so sánh; map vào cluster hub; bổ sung schema + ảnh/UGC,B,75.0,0%,0
khách sạn trên đường hạ long,Khách sạn Hạ Long,Lưu trú,In-scope Hạ Long,Commercial Investigation,50,N/A,N/A,N/A,Planner (Không xác định),data/google_planner/ha-long/Keyword Stats 2026-02-22 at 22_21_22.csv,Viết bài top-list/so sánh; map vào cluster hub; bổ sung schema + ảnh/UGC,B,75.0,0%,0
khách sạn trường giang hạ long,Khách sạn Hạ Long,Lưu trú,In-scope Hạ Long,Commercial Investigation,50,N/A,N/A,N/A,Planner (Không xác định),data/google_planner/ha-long/Keyword Stats 2026-02-22 at 22_21_22.csv,Viết bài top-list/so sánh; map vào cluster hub; bổ sung schema + ảnh/UGC,B,75.0,0%,0
khách sạn trường thịnh hạ long,Khách sạn Hạ Long,Lưu trú,In-scope Hạ Long,Commercial Investigation,50,N/A,N/A,N/A,Planner (Thấp),data/google_planner/ha-long/Keyword Stats 2026-02-22 at 22_21_22.csv,Viết bài top-list/so sánh; map vào cluster hub; bổ sung schema + ảnh/UGC,B,75.0,0%,0
khách sạn trần đạt hạ long,Khách sạn Hạ Long,Lưu trú,In-scope Hạ Long,Commercial Investigation,50,N/A,N/A,N/A,Planner (Không xác định),data/google_planner/ha-long/Keyword Stats 2026-02-22 at 22_21_22.csv,Viết bài top-list/so sánh; map vào cluster hub; bổ sung schema + ảnh/UGC,B,75.0,-100.0%,0
khách sạn tuấn linh hạ long,Khách sạn Hạ Long,Lưu trú,In-scope Hạ Long,Commercial Investigation,50,N/A,N/A,N/A,Planner (Cao),data/google_planner/ha-long/Keyword Stats 2026-02-22 at 22_21_22.csv,Viết bài top-list/so sánh; map vào cluster hub; bổ sung schema + ảnh/UGC,B,75.0,0%,0
khách sạn twin hạ long,Khách sạn Hạ Long,Lưu trú,In-scope Hạ Long,Commercial Investigation,50,N/A,N/A,N/A,Planner (Không xác định),data/google_planner/ha-long/Keyword Stats 2026-02-22 at 22_21_22.csv,Viết bài top-list/so sánh; map vào cluster hub; bổ sung schema + ảnh/UGC,B,75.0,-100.0%,0
khách sạn tâm thắng hạ long,Khách sạn Hạ Long,Lưu trú,In-scope Hạ Long,Commercial Investigation,50,N/A,N/A,N/A,Planner (Trung bình),data/google_planner/ha-long/Keyword Stats 2026-02-22 at 22_21_22.csv,Viết bài top-list/so sánh; map vào cluster hub; bổ sung schema + ảnh/UGC,B,75.0,0%,0
khách sạn tân trang hạ long,Khách sạn Hạ Long,Lưu trú,In-scope Hạ Long,Commercial Investigation,50,N/A,N/A,N/A,Planner (Không xác định),data/google_planner/ha-long/Keyword Stats 2026-02-22 at 22_21_22.csv,Viết bài top-list/so sánh; map vào cluster hub; bổ sung schema + ảnh/UGC,B,75.0,0%,0
khách sạn tây hồ hạ long,Khách sạn Hạ Long,Lưu trú,In-scope Hạ Long,Commercial Investigation,50,N/A,N/A,N/A,Planner (Không xác định),data/google_planner/ha-long/Keyword Stats 2026-02-22 at 22_21_22.csv,Viết bài top-list/so sánh; map vào cluster hub; bổ sung schema + ảnh/UGC,B,75.0,-100.0%,0
khách sạn tùng anh hạ long,Khách sạn Hạ Long,Lưu trú,In-scope Hạ Long,Commercial Investigation,50,N/A,N/A,N/A,Planner (Thấp),data/google_planner/ha-long/Keyword Stats 2026-02-22 at 22_21_22.csv,Viết bài top-list/so sánh; map vào cluster hub; bổ sung schema + ảnh/UGC,B,75.0,0%,0
khách sạn tùng dương hạ long,Khách sạn Hạ Long,Lưu trú,In-scope Hạ Long,Commercial Investigation,50,N/A,N/A,N/A,Planner (Không xác định),data/google_planner/ha-long/Keyword Stats 2026-02-22 at 22_21_22.csv,Viết bài top-list/so sánh; map vào cluster hub; bổ sung schema + ảnh/UGC,B,75.0,-100.0%,0
khách sạn tại hòn gai quảng ninh,Khách sạn Hạ Long,Lưu trú,In-scope Hạ Long,Commercial Investigation,50,N/A,N/A,N/A,Planner (Thấp),data/google_planner/ha-long/Keyword Stats 2026-02-22 at 22_21_22.csv,Viết bài top-list/so sánh; map vào cluster hub; bổ sung schema + ảnh/UGC,B,75.0,0%,0
khách sạn tại thành phố hạ long,Khách sạn Hạ Long,Lưu trú,In-scope Hạ Long,Commercial Investigation,50,N/A,N/A,N/A,Planner (Cao),data/google_planner/ha-long/Keyword Stats 2026-02-22 at 22_21_22.csv,Viết bài top-list/so sánh; map vào cluster hub; bổ sung schema + ảnh/UGC,B,75.0,0%,0
khách sạn tại tuần châu hạ long,Khách sạn Hạ Long,Lưu trú,In-scope Hạ Long,Commercial Investigation,50,N/A,N/A,N/A,Planner (Trung bình),data/google_planner/ha-long/Keyword Stats 2026-02-22 at 22_21_22.csv,Viết bài top-list/so sánh; map vào cluster hub; bổ sung schema + ảnh/UGC,B,75.0,0%,0
khách sạn tốt hạ long,Khách sạn Hạ Long,Lưu trú,In-scope Hạ Long,Commercial Investigation,50,N/A,N/A,N/A,Planner (Không xác định),data/google_planner/ha-long/Keyword Stats 2026-02-22 at 22_21_22.csv,Viết bài top-list/so sánh; map vào cluster hub; bổ sung schema + ảnh/UGC,B,75.0,-100.0%,0
khách sạn tốt nhất ở hạ long,Khách sạn Hạ Long,Lưu trú,In-scope Hạ Long,Commercial Investigation,50,N/A,N/A,N/A,Planner (Cao),data/google_planner/ha-long/Keyword Stats 2026-02-22 at 22_21_22.csv,Viết bài top-list/so sánh; map vào cluster hub; bổ sung schema + ảnh/UGC,B,75.0,0%,0
khách sạn tốt tại hạ long,Khách sạn Hạ Long,Lưu trú,In-scope Hạ Long,Commercial Investigation,50,N/A,N/A,N/A,Planner (Không xác định),data/google_planner/ha-long/Keyword Stats 2026-02-22 at 22_21_22.csv,Viết bài top-list/so sánh; map vào cluster hub; bổ sung schema + ảnh/UGC,B,75.0,-100.0%,0
khách sạn tốt ở hòn gai,Khách sạn Hạ Long,Lưu trú,In-scope Hạ Long,Commercial Investigation,50,N/A,N/A,N/A,Planner (Cao),data/google_planner/ha-long/Keyword Stats 2026-02-22 at 22_21_22.csv,Viết bài top-list/so sánh; map vào cluster hub; bổ sung schema + ảnh/UGC,B,75.0,0%,0
khách sạn valentine hạ long,Khách sạn Hạ Long,Lưu trú,In-scope Hạ Long,Commercial Investigation,50,N/A,N/A,N/A,Planner (Trung bình),data/google_planner/ha-long/Keyword Stats 2026-02-22 at 22_21_22.csv,Viết bài top-list/so sánh; map vào cluster hub; bổ sung schema + ảnh/UGC,B,75.0,0%,0
khách sạn ven biển hạ long,Khách sạn Hạ Long,Lưu trú,In-scope Hạ Long,Commercial Investigation,50,N/A,N/A,N/A,Planner (Cao),data/google_planner/ha-long/Keyword Stats 2026-02-22 at 22_21_22.csv,Viết bài top-list/so sánh; map vào cluster hub; bổ sung schema + ảnh/UGC,B,75.0,0%,0
khách sạn venus hạ long,Khách sạn Hạ Long,Lưu trú,In-scope Hạ Long,Commercial Investigation,50,N/A,N/A,N/A,Planner (Thấp),data/google_planner/ha-long/Keyword Stats 2026-02-22 at 22_21_22.csv,Viết bài top-list/so sánh; map vào cluster hub; bổ sung schema + ảnh/UGC,B,75.0,0%,0
khách sạn view đẹp ở hạ long,Khách sạn Hạ Long,Lưu trú,In-scope Hạ Long,Commercial Investigation,50,N/A,N/A,N/A,Planner (Cao),data/google_planner/ha-long/Keyword Stats 2026-02-22 at 22_21_22.csv,Viết bài top-list/so sánh; map vào cluster hub; bổ sung schema + ảnh/UGC,B,75.0,0%,0
khách sạn vin hạ long,Khách sạn Hạ Long,Lưu trú,In-scope Hạ Long,Commercial Investigation,50,N/A,N/A,N/A,Planner (Cao),data/google_planner/ha-long/Keyword Stats 2026-02-22 at 22_21_22.csv,Viết bài top-list/so sánh; map vào cluster hub; bổ sung schema + ảnh/UGC,B,75.0,0%,0
khách sạn viêng chăn hạ long,Khách sạn Hạ Long,Lưu trú,In-scope Hạ Long,Commercial Investigation,50,N/A,N/A,N/A,Planner (Không xác định),data/google_planner/ha-long/Keyword Stats 2026-02-22 at 22_21_22.csv,Viết bài top-list/so sánh; map vào cluster hub; bổ sung schema + ảnh/UGC,B,75.0,0%,0
khách sạn việt anh hạ long,Khách sạn Hạ Long,Lưu trú,In-scope Hạ Long,Commercial Investigation,50,N/A,N/A,N/A,Planner (Thấp),data/google_planner/ha-long/Keyword Stats 2026-02-22 at 22_21_22.csv,Viết bài top-list/so sánh; map vào cluster hub; bổ sung schema + ảnh/UGC,B,75.0,0%,0
khách sạn việt nhật hạ long,Khách sạn Hạ Long,Lưu trú,In-scope Hạ Long,Commercial Investigation,50,N/A,N/A,N/A,Planner (Thấp),data/google_planner/ha-long/Keyword Stats 2026-02-22 at 22_21_22.csv,Viết bài top-list/so sánh; map vào cluster hub; bổ sung schema + ảnh/UGC,B,75.0,0%,0
khách sạn việt thanh hạ long,Khách sạn Hạ Long,Lưu trú,In-scope Hạ Long,Commercial Investigation,50,N/A,N/A,N/A,Planner (Thấp),data/google_planner/ha-long/Keyword Stats 2026-02-22 at 22_21_22.csv,Viết bài top-list/so sánh; map vào cluster hub; bổ sung schema + ảnh/UGC,B,75.0,0%,0
khách sạn vân nam hạ long,Khách sạn Hạ Long,Lưu trú,In-scope Hạ Long,Commercial Investigation,50,N/A,N/A,N/A,Planner (Thấp),data/google_planner/ha-long/Keyword Stats 2026-02-22 at 22_21_22.csv,Viết bài top-list/so sánh; map vào cluster hub; bổ sung schema + ảnh/UGC,B,75.0,0%,0
khách sạn vạn lý hạ long,Khách sạn Hạ Long,Lưu trú,In-scope Hạ Long,Commercial Investigation,50,N/A,N/A,N/A,Planner (Thấp),data/google_planner/ha-long/Keyword Stats 2026-02-22 at 22_21_22.csv,Viết bài top-list/so sánh; map vào cluster hub; bổ sung schema + ảnh/UGC,B,75.0,0%,0
khách sạn vạn xuân hạ long,Khách sạn Hạ Long,Lưu trú,In-scope Hạ Long,Commercial Investigation,50,N/A,N/A,N/A,Planner (Thấp),data/google_planner/ha-long/Keyword Stats 2026-02-22 at 22_21_22.csv,Viết bài top-list/so sánh; map vào cluster hub; bổ sung schema + ảnh/UGC,B,75.0,0%,0
khách sạn white crown hạ long,Khách sạn Hạ Long,Lưu trú,In-scope Hạ Long,Commercial Investigation,50,N/A,N/A,N/A,Planner (Thấp),data/google_planner/ha-long/Keyword Stats 2026-02-22 at 22_21_22.csv,Viết bài top-list/so sánh; map vào cluster hub; bổ sung schema + ảnh/UGC,B,75.0,0%,0
khách sạn win hạ long,Khách sạn Hạ Long,Lưu trú,In-scope Hạ Long,Commercial Investigation,50,N/A,N/A,N/A,Planner (Thấp),data/google_planner/ha-long/Keyword Stats 2026-02-22 at 22_21_22.csv,Viết bài top-list/so sánh; map vào cluster hub; bổ sung schema + ảnh/UGC,B,75.0,0%,0
khách sạn xuân hinh hạ long,Khách sạn Hạ Long,Lưu trú,In-scope Hạ Long,Commercial Investigation,50,N/A,N/A,N/A,Planner (Thấp),data/google_planner/ha-long/Keyword Stats 2026-02-22 at 22_21_22.csv,Viết bài top-list/so sánh; map vào cluster hub; bổ sung schema + ảnh/UGC,B,75.0,0%,0
khách sạn xuân phúc hạ long,Khách sạn Hạ Long,Lưu trú,In-scope Hạ Long,Commercial Investigation,50,N/A,N/A,N/A,Planner (Không xác định),data/google_planner/ha-long/Keyword Stats 2026-02-22 at 22_21_22.csv,Viết bài top-list/so sánh; map vào cluster hub; bổ sung schema + ảnh/UGC,B,75.0,0%,0
khách sạn ánh dương hạ long,Khách sạn Hạ Long,Lưu trú,In-scope Hạ Long,Commercial Investigation,50,N/A,N/A,N/A,Planner (Thấp),data/google_planner/ha-long/Keyword Stats 2026-02-22 at 22_21_22.csv,Viết bài top-list/so sánh; map vào cluster hub; bổ sung schema + ảnh/UGC,B,75.0,0%,0
khách sạn ánh sao hạ long,Khách sạn Hạ Long,Lưu trú,In-scope Hạ Long,Commercial Investigation,50,N/A,N/A,N/A,Planner (Không xác định),data/google_planner/ha-long/Keyword Stats 2026-02-22 at 22_21_22.csv,Viết bài top-list/so sánh; map vào cluster hub; bổ sung schema + ảnh/UGC,B,75.0,-100.0%,0
khách sạn điện lực hạ long,Khách sạn Hạ Long,Lưu trú,In-scope Hạ Long,Commercial Investigation,50,N/A,N/A,N/A,Planner (Thấp),data/google_planner/ha-long/Keyword Stats 2026-02-22 at 22_21_22.csv,Viết bài top-list/so sánh; map vào cluster hub; bổ sung schema + ảnh/UGC,B,75.0,0%,0
khách sạn đoan trang hạ long,Khách sạn Hạ Long,Lưu trú,In-scope Hạ Long,Commercial Investigation,50,N/A,N/A,N/A,Planner (Không xác định),data/google_planner/ha-long/Keyword Stats 2026-02-22 at 22_21_22.csv,Viết bài top-list/so sánh; map vào cluster hub; bổ sung schema + ảnh/UGC,B,75.0,0%,0
khách sạn đường hạ long,Khách sạn Hạ Long,Lưu trú,In-scope Hạ Long,Commercial Investigation,50,N/A,N/A,N/A,Planner (Cao),data/google_planner/ha-long/Keyword Stats 2026-02-22 at 22_21_22.csv,Viết bài top-list/so sánh; map vào cluster hub; bổ sung schema + ảnh/UGC,B,75.0,0%,0
khách sạn đại lộc hạ long,Khách sạn Hạ Long,Lưu trú,In-scope Hạ Long,Commercial Investigation,50,N/A,N/A,N/A,Planner (Thấp),data/google_planner/ha-long/Keyword Stats 2026-02-22 at 22_21_22.csv,Viết bài top-list/so sánh; map vào cluster hub; bổ sung schema + ảnh/UGC,B,75.0,0%,0
khách sạn đại thanh hạ long,Khách sạn Hạ Long,Lưu trú,In-scope Hạ Long,Commercial Investigation,50,N/A,N/A,N/A,Planner (Thấp),data/google_planner/ha-long/Keyword Stats 2026-02-22 at 22_21_22.csv,Viết bài top-list/so sánh; map vào cluster hub; bổ sung schema + ảnh/UGC,B,75.0,0%,0
khách sạn đại việt hạ long,Khách sạn Hạ Long,Lưu trú,In-scope Hạ Long,Commercial Investigation,50,N/A,N/A,N/A,Planner (Thấp),data/google_planner/ha-long/Keyword Stats 2026-02-22 at 22_21_22.csv,Viết bài top-list/so sánh; map vào cluster hub; bổ sung schema + ảnh/UGC,B,75.0,0%,0
khách sạn đất phương nam hạ long,Khách sạn Hạ Long,Lưu trú,In-scope Hạ Long,Commercial Investigation,50,N/A,N/A,N/A,Planner (Trung bình),data/google_planner/ha-long/Keyword Stats 2026-02-22 at 22_21_22.csv,Viết bài top-list/so sánh; map vào cluster hub; bổ sung schema + ảnh/UGC,B,75.0,0%,0
khách sạn đức duy hạ long,Khách sạn Hạ Long,Lưu trú,In-scope Hạ Long,Commercial Investigation,50,N/A,N/A,N/A,Planner (Không xác định),data/google_planner/ha-long/Keyword Stats 2026-02-22 at 22_21_22.csv,Viết bài top-list/so sánh; map vào cluster hub; bổ sung schema + ảnh/UGC,B,75.0,0%,0
khách sạn đức hạnh hạ long,Khách sạn Hạ Long,Lưu trú,In-scope Hạ Long,Commercial Investigation,50,N/A,N/A,N/A,Planner (Không xác định),data/google_planner/ha-long/Keyword Stats 2026-02-22 at 22_21_22.csv,Viết bài top-list/so sánh; map vào cluster hub; bổ sung schema + ảnh/UGC,B,75.0,0%,0
khách sạn ở hạ long có bể bơi,Khách sạn Hạ Long,Lưu trú,In-scope Hạ Long,Commercial Investigation,50,N/A,N/A,N/A,Planner (Không xác định),data/google_planner/ha-long/Keyword Stats 2026-02-22 at 22_21_22.csv,Viết bài top-list/so sánh; map vào cluster hub; bổ sung schema + ảnh/UGC,B,75.0,0%,0
khách sạn ở hạ long đẹp,Khách sạn Hạ Long,Lưu trú,In-scope Hạ Long,Commercial Investigation,50,N/A,N/A,N/A,Planner (Không xác định),data/google_planner/ha-long/Keyword Stats 2026-02-22 at 22_21_22.csv,Viết bài top-list/so sánh; map vào cluster hub; bổ sung schema + ảnh/UGC,B,75.0,0%,0
khách sạn ở hồng gai,Khách sạn Hạ Long,Lưu trú,In-scope Hạ Long,Commercial Investigation,50,N/A,N/A,N/A,Planner (Cao),data/google_planner/ha-long/Keyword Stats 2026-02-22 at 22_21_22.csv,Viết bài top-list/so sánh; map vào cluster hub; bổ sung schema + ảnh/UGC,B,75.0,0%,0
khách sạn ở trung tâm hạ long,Khách sạn Hạ Long,Lưu trú,In-scope Hạ Long,Commercial Investigation,50,N/A,N/A,N/A,Planner (Cao),data/google_planner/ha-long/Keyword Stats 2026-02-22 at 22_21_22.csv,Viết bài top-list/so sánh; map vào cluster hub; bổ sung schema + ảnh/UGC,B,75.0,0%,0
khách sạn ở vườn đào hạ long,Khách sạn Hạ Long,Lưu trú,In-scope Hạ Long,Commercial Investigation,50,N/A,N/A,N/A,Planner (Không xác định),data/google_planner/ha-long/Keyword Stats 2026-02-22 at 22_21_22.csv,Viết bài top-list/so sánh; map vào cluster hub; bổ sung schema + ảnh/UGC,B,75.0,0%,0
khánh linh hotel hạ long,Khách sạn Hạ Long,Lưu trú,In-scope Hạ Long,Commercial Investigation,50,N/A,N/A,N/A,Planner (Thấp),data/google_planner/ha-long/Keyword Stats 2026-02-22 at 22_21_22.csv,Viết bài top-list/so sánh; map vào cluster hub; bổ sung schema + ảnh/UGC,B,75.0,0%,0
kim dung hotel hạ long,Khách sạn Hạ Long,Lưu trú,In-scope Hạ Long,Commercial Investigation,50,N/A,N/A,N/A,Planner (Không xác định),data/google_planner/ha-long/Keyword Stats 2026-02-22 at 22_21_22.csv,Viết bài top-list/so sánh; map vào cluster hub; bổ sung schema + ảnh/UGC,B,75.0,-100.0%,0
kim tiến hotel hạ long,Khách sạn Hạ Long,Lưu trú,In-scope Hạ Long,Commercial Investigation,50,N/A,N/A,N/A,Planner (Không xác định),data/google_planner/ha-long/Keyword Stats 2026-02-22 at 22_21_22.csv,Viết bài top-list/so sánh; map vào cluster hub; bổ sung schema + ảnh/UGC,B,75.0,0%,0
king hotel hạ long,Khách sạn Hạ Long,Lưu trú,In-scope Hạ Long,Commercial Investigation,50,N/A,N/A,N/A,Planner (Thấp),data/google_planner/ha-long/Keyword Stats 2026-02-22 at 22_21_22.csv,Viết bài top-list/so sánh; map vào cluster hub; bổ sung schema + ảnh/UGC,B,75.0,0%,0
legend hotel hạ long,Khách sạn Hạ Long,Lưu trú,In-scope Hạ Long,Commercial Investigation,50,N/A,N/A,N/A,Planner (Trung bình),data/google_planner/ha-long/Keyword Stats 2026-02-22 at 22_21_22.csv,Viết bài top-list/so sánh; map vào cluster hub; bổ sung schema + ảnh/UGC,B,75.0,0%,0
link hotel hạ long,Khách sạn Hạ Long,Lưu trú,In-scope Hạ Long,Commercial Investigation,50,N/A,N/A,N/A,Planner (Thấp),data/google_planner/ha-long/Keyword Stats 2026-02-22 at 22_21_22.csv,Viết bài top-list/so sánh; map vào cluster hub; bổ sung schema + ảnh/UGC,B,75.0,0%,0
lotus hotel hạ long,Khách sạn Hạ Long,Lưu trú,In-scope Hạ Long,Commercial Investigation,50,N/A,N/A,N/A,Planner (Thấp),data/google_planner/ha-long/Keyword Stats 2026-02-22 at 22_21_22.csv,Viết bài top-list/so sánh; map vào cluster hub; bổ sung schema + ảnh/UGC,B,75.0,0%,0
luxstay hotel hạ long,Khách sạn Hạ Long,Lưu trú,In-scope Hạ Long,Commercial Investigation,50,N/A,N/A,N/A,Planner (Không xác định),data/google_planner/ha-long/Keyword Stats 2026-02-22 at 22_21_22.csv,Viết bài top-list/so sánh; map vào cluster hub; bổ sung schema + ảnh/UGC,B,75.0,0%,0
luxury hotel hạ long,Khách sạn Hạ Long,Lưu trú,In-scope Hạ Long,Commercial Investigation,50,N/A,N/A,N/A,Planner (Thấp),data/google_planner/ha-long/Keyword Stats 2026-02-22 at 22_21_22.csv,Viết bài top-list/so sánh; map vào cluster hub; bổ sung schema + ảnh/UGC,B,75.0,0%,0
luxury hạ long hotel,Khách sạn Hạ Long,Lưu trú,In-scope Hạ Long,Commercial Investigation,50,N/A,N/A,N/A,Planner (Thấp),data/google_planner/ha-long/Keyword Stats 2026-02-22 at 22_21_22.csv,Viết bài top-list/so sánh; map vào cluster hub; bổ sung schema + ảnh/UGC,B,75.0,0%,0
làng chài hotel hạ long,Khách sạn Hạ Long,Lưu trú,In-scope Hạ Long,Commercial Investigation,50,N/A,N/A,N/A,Planner (Thấp),data/google_planner/ha-long/Keyword Stats 2026-02-22 at 22_21_22.csv,Viết bài top-list/so sánh; map vào cluster hub; bổ sung schema + ảnh/UGC,B,75.0,0%,0
marina hạ long hotel,Khách sạn Hạ Long,Lưu trú,In-scope Hạ Long,Commercial Investigation,50,N/A,N/A,N/A,Planner (Thấp),data/google_planner/ha-long/Keyword Stats 2026-02-22 at 22_21_22.csv,Viết bài top-list/so sánh; map vào cluster hub; bổ sung schema + ảnh/UGC,B,75.0,0%,0
maris hotel hạ long,Khách sạn Hạ Long,Lưu trú,In-scope Hạ Long,Commercial Investigation,50,N/A,N/A,N/A,Planner (Cao),data/google_planner/ha-long/Keyword Stats 2026-02-22 at 22_21_22.csv,Viết bài top-list/so sánh; map vào cluster hub; bổ sung schema + ảnh/UGC,B,75.0,0%,0
may house hotel hạ long,Khách sạn Hạ Long,Lưu trú,In-scope Hạ Long,Commercial Investigation,50,N/A,N/A,N/A,Planner (Trung bình),data/google_planner/ha-long/Keyword Stats 2026-02-22 at 22_21_22.csv,Viết bài top-list/so sánh; map vào cluster hub; bổ sung schema + ảnh/UGC,B,75.0,0%,0
minh châu hotel hạ long,Khách sạn Hạ Long,Lưu trú,In-scope Hạ Long,Commercial Investigation,50,N/A,N/A,N/A,Planner (Cao),data/google_planner/ha-long/Keyword Stats 2026-02-22 at 22_21_22.csv,Viết bài top-list/so sánh; map vào cluster hub; bổ sung schema + ảnh/UGC,B,75.0,0%,0
minh phong hotel hạ long,Khách sạn Hạ Long,Lưu trú,In-scope Hạ Long,Commercial Investigation,50,N/A,N/A,N/A,Planner (Trung bình),data/google_planner/ha-long/Keyword Stats 2026-02-22 at 22_21_22.csv,Viết bài top-list/so sánh; map vào cluster hub; bổ sung schema + ảnh/UGC,B,75.0,0%,0
minh đức hotel hạ long,Khách sạn Hạ Long,Lưu trú,In-scope Hạ Long,Commercial Investigation,50,N/A,N/A,N/A,Planner (Thấp),data/google_planner/ha-long/Keyword Stats 2026-02-22 at 22_21_22.csv,Viết bài top-list/so sánh; map vào cluster hub; bổ sung schema + ảnh/UGC,B,75.0,0%,0
mithrin hotel hạ long,Khách sạn Hạ Long,Lưu trú,In-scope Hạ Long,Commercial Investigation,50,N/A,N/A,N/A,Planner (Thấp),data/google_planner/ha-long/Keyword Stats 2026-02-22 at 22_21_22.csv,Viết bài top-list/so sánh; map vào cluster hub; bổ sung schema + ảnh/UGC,B,75.0,0%,0
ms hotel hạ long,Khách sạn Hạ Long,Lưu trú,In-scope Hạ Long,Commercial Investigation,50,N/A,N/A,N/A,Planner (Không xác định),data/google_planner/ha-long/Keyword Stats 2026-02-22 at 22_21_22.csv,Viết bài top-list/so sánh; map vào cluster hub; bổ sung schema + ảnh/UGC,B,75.0,0%,0
muong thanh halong hotel,Khách sạn Hạ Long,Lưu trú,In-scope Hạ Long,Commercial Investigation,50,N/A,N/A,N/A,Planner (Trung bình),data/google_planner/ha-long/Keyword Stats 2026-02-22 at 22_21_22.csv,Viết bài top-list/so sánh; map vào cluster hub; bổ sung schema + ảnh/UGC,B,75.0,0%,0
muong thanh luxury ha long hotel,Khách sạn Hạ Long,Lưu trú,In-scope Hạ Long,Commercial Investigation,50,N/A,N/A,N/A,Planner (Thấp),data/google_planner/ha-long/Keyword Stats 2026-02-22 at 22_21_22.csv,Viết bài top-list/so sánh; map vào cluster hub; bổ sung schema + ảnh/UGC,B,75.0,0%,0
mường thanh grand hotel hạ long,Khách sạn Hạ Long,Lưu trú,In-scope Hạ Long,Commercial Investigation,50,N/A,N/A,N/A,Planner (Thấp),data/google_planner/ha-long/Keyword Stats 2026-02-22 at 22_21_22.csv,Viết bài top-list/so sánh; map vào cluster hub; bổ sung schema + ảnh/UGC,B,75.0,0%,0
mộc trà hotel hạ long,Khách sạn Hạ Long,Lưu trú,In-scope Hạ Long,Commercial Investigation,50,N/A,N/A,N/A,Planner (Trung bình),data/google_planner/ha-long/Keyword Stats 2026-02-22 at 22_21_22.csv,Viết bài top-list/so sánh; map vào cluster hub; bổ sung schema + ảnh/UGC,B,75.0,0%,0
nam sơn hotel hạ long,Khách sạn Hạ Long,Lưu trú,In-scope Hạ Long,Commercial Investigation,50,N/A,N/A,N/A,Planner (Thấp),data/google_planner/ha-long/Keyword Stats 2026-02-22 at 22_21_22.csv,Viết bài top-list/so sánh; map vào cluster hub; bổ sung schema + ảnh/UGC,B,75.0,0%,0
new century hotel hạ long,Khách sạn Hạ Long,Lưu trú,In-scope Hạ Long,Commercial Investigation,50,N/A,N/A,N/A,Planner (Trung bình),data/google_planner/ha-long/Keyword Stats 2026-02-22 at 22_21_22.csv,Viết bài top-list/so sánh; map vào cluster hub; bổ sung schema + ảnh/UGC,B,75.0,0%,0
new york hotel hạ long,Khách sạn Hạ Long,Lưu trú,In-scope Hạ Long,Commercial Investigation,50,N/A,N/A,N/A,Planner (Thấp),data/google_planner/ha-long/Keyword Stats 2026-02-22 at 22_21_22.csv,Viết bài top-list/so sánh; map vào cluster hub; bổ sung schema + ảnh/UGC,B,75.0,0%,0
ngọc hà hotel hạ long,Khách sạn Hạ Long,Lưu trú,In-scope Hạ Long,Commercial Investigation,50,N/A,N/A,N/A,Planner (Thấp),data/google_planner/ha-long/Keyword Stats 2026-02-22 at 22_21_22.csv,Viết bài top-list/so sánh; map vào cluster hub; bổ sung schema + ảnh/UGC,B,75.0,0%,0
ngọc lan hotel hạ long,Khách sạn Hạ Long,Lưu trú,In-scope Hạ Long,Commercial Investigation,50,N/A,N/A,N/A,Planner (Thấp),data/google_planner/ha-long/Keyword Stats 2026-02-22 at 22_21_22.csv,Viết bài top-list/so sánh; map vào cluster hub; bổ sung schema + ảnh/UGC,B,75.0,0%,0
ngọc mai hotel hạ long,Khách sạn Hạ Long,Lưu trú,In-scope Hạ Long,Commercial Investigation,50,N/A,N/A,N/A,Planner (Thấp),data/google_planner/ha-long/Keyword Stats 2026-02-22 at 22_21_22.csv,Viết bài top-list/so sánh; map vào cluster hub; bổ sung schema + ảnh/UGC,B,75.0,0%,0
những khách sạn đẹp ở hạ long,Khách sạn Hạ Long,Lưu trú,In-scope Hạ Long,Commercial Investigation,50,N/A,N/A,N/A,Planner (Cao),data/google_planner/ha-long/Keyword Stats 2026-02-22 at 22_21_22.csv,Viết bài top-list/so sánh; map vào cluster hub; bổ sung schema + ảnh/UGC,B,75.0,0%,0
những khách sạn ở hạ long,Khách sạn Hạ Long,Lưu trú,In-scope Hạ Long,Commercial Investigation,50,N/A,N/A,N/A,Planner (Cao),data/google_planner/ha-long/Keyword Stats 2026-02-22 at 22_21_22.csv,Viết bài top-list/so sánh; map vào cluster hub; bổ sung schema + ảnh/UGC,B,75.0,0%,0
novotel hạ long hotel,Khách sạn Hạ Long,Lưu trú,In-scope Hạ Long,Commercial Investigation,50,N/A,N/A,N/A,Planner (Trung bình),data/google_planner/ha-long/Keyword Stats 2026-02-22 at 22_21_22.csv,Viết bài top-list/so sánh; map vào cluster hub; bổ sung schema + ảnh/UGC,B,75.0,0%,0
osaka hotel hạ long,Khách sạn Hạ Long,Lưu trú,In-scope Hạ Long,Commercial Investigation,50,N/A,N/A,N/A,Planner (Thấp),data/google_planner/ha-long/Keyword Stats 2026-02-22 at 22_21_22.csv,Viết bài top-list/so sánh; map vào cluster hub; bổ sung schema + ảnh/UGC,B,75.0,0%,0
padama hotel hạ long,Khách sạn Hạ Long,Lưu trú,In-scope Hạ Long,Commercial Investigation,50,N/A,N/A,N/A,Planner (Trung bình),data/google_planner/ha-long/Keyword Stats 2026-02-22 at 22_21_22.csv,Viết bài top-list/so sánh; map vào cluster hub; bổ sung schema + ảnh/UGC,B,75.0,0%,0
paradise suites hotel tuần châu hạ long,Khách sạn Hạ Long,Lưu trú,In-scope Hạ Long,Commercial Investigation,50,N/A,N/A,N/A,Planner (Cao),data/google_planner/ha-long/Keyword Stats 2026-02-22 at 22_21_22.csv,Viết bài top-list/so sánh; map vào cluster hub; bổ sung schema + ảnh/UGC,B,75.0,0%,0
pearl hotel hạ long,Khách sạn Hạ Long,Lưu trú,In-scope Hạ Long,Commercial Investigation,50,N/A,N/A,N/A,Planner (Trung bình),data/google_planner/ha-long/Keyword Stats 2026-02-22 at 22_21_22.csv,Viết bài top-list/so sánh; map vào cluster hub; bổ sung schema + ảnh/UGC,B,75.0,0%,0
phát linh hotel hạ long,Khách sạn Hạ Long,Lưu trú,In-scope Hạ Long,Commercial Investigation,50,N/A,N/A,N/A,Planner (Trung bình),data/google_planner/ha-long/Keyword Stats 2026-02-22 at 22_21_22.csv,Viết bài top-list/so sánh; map vào cluster hub; bổ sung schema + ảnh/UGC,B,75.0,0%,0
phương huy hạ long hotel,Khách sạn Hạ Long,Lưu trú,In-scope Hạ Long,Commercial Investigation,50,N/A,N/A,N/A,Planner (Không xác định),data/google_planner/ha-long/Keyword Stats 2026-02-22 at 22_21_22.csv,Viết bài top-list/so sánh; map vào cluster hub; bổ sung schema + ảnh/UGC,B,75.0,0%,0
phòng khách sạn tại hạ long,Khách sạn Hạ Long,Lưu trú,In-scope Hạ Long,Commercial Investigation,50,N/A,N/A,N/A,Planner (Không xác định),data/google_planner/ha-long/Keyword Stats 2026-02-22 at 22_21_22.csv,Viết bài top-list/so sánh; map vào cluster hub; bổ sung schema + ảnh/UGC,B,75.0,-100.0%,0
phòng khách sạn ở hạ long,Khách sạn Hạ Long,Lưu trú,In-scope Hạ Long,Commercial Investigation,50,N/A,N/A,N/A,Planner (Không xác định),data/google_planner/ha-long/Keyword Stats 2026-02-22 at 22_21_22.csv,Viết bài top-list/so sánh; map vào cluster hub; bổ sung schema + ảnh/UGC,B,75.0,0%,0
phương huy hotel hạ long,Khách sạn Hạ Long,Lưu trú,In-scope Hạ Long,Commercial Investigation,50,N/A,N/A,N/A,Planner (Không xác định),data/google_planner/ha-long/Keyword Stats 2026-02-22 at 22_21_22.csv,Viết bài top-list/so sánh; map vào cluster hub; bổ sung schema + ảnh/UGC,B,75.0,0%,0
phố biển hotel hạ long,Khách sạn Hạ Long,Lưu trú,In-scope Hạ Long,Commercial Investigation,50,N/A,N/A,N/A,Planner (Trung bình),data/google_planner/ha-long/Keyword Stats 2026-02-22 at 22_21_22.csv,Viết bài top-list/so sánh; map vào cluster hub; bổ sung schema + ảnh/UGC,B,75.0,0%,0
plaza hotel hạ long,Khách sạn Hạ Long,Lưu trú,In-scope Hạ Long,Commercial Investigation,50,N/A,N/A,N/A,Planner (Không xác định),data/google_planner/ha-long/Keyword Stats 2026-02-22 at 22_21_22.csv,Viết bài top-list/so sánh; map vào cluster hub; bổ sung schema + ảnh/UGC,B,75.0,-100.0%,0
poseidon hotel hạ long,Khách sạn Hạ Long,Lưu trú,In-scope Hạ Long,Commercial Investigation,50,N/A,N/A,N/A,Planner (Thấp),data/google_planner/ha-long/Keyword Stats 2026-02-22 at 22_21_22.csv,Viết bài top-list/so sánh; map vào cluster hub; bổ sung schema + ảnh/UGC,B,75.0,0%,0
prosperity hotel hạ long,Khách sạn Hạ Long,Lưu trú,In-scope Hạ Long,Commercial Investigation,50,N/A,N/A,N/A,Planner (Trung bình),data/google_planner/ha-long/Keyword Stats 2026-02-22 at 22_21_22.csv,Viết bài top-list/so sánh; map vào cluster hub; bổ sung schema + ảnh/UGC,B,75.0,0%,0
pusan hotel hạ long,Khách sạn Hạ Long,Lưu trú,In-scope Hạ Long,Commercial Investigation,50,N/A,N/A,N/A,Planner (Cao),data/google_planner/ha-long/Keyword Stats 2026-02-22 at 22_21_22.csv,Viết bài top-list/so sánh; map vào cluster hub; bổ sung schema + ảnh/UGC,B,75.0,0%,0
queen hotel hạ long,Khách sạn Hạ Long,Lưu trú,In-scope Hạ Long,Commercial Investigation,50,N/A,N/A,N/A,Planner (Thấp),data/google_planner/ha-long/Keyword Stats 2026-02-22 at 22_21_22.csv,Viết bài top-list/so sánh; map vào cluster hub; bổ sung schema + ảnh/UGC,B,75.0,0%,0
rainbow hotel hạ long,Khách sạn Hạ Long,Lưu trú,In-scope Hạ Long,Commercial Investigation,50,N/A,N/A,N/A,Planner (Thấp),data/google_planner/ha-long/Keyword Stats 2026-02-22 at 22_21_22.csv,Viết bài top-list/so sánh; map vào cluster hub; bổ sung schema + ảnh/UGC,B,75.0,0%,0
ramada hotel & suites by wyndham hạ long,Khách sạn Hạ Long,Lưu trú,In-scope Hạ Long,Commercial Investigation,50,N/A,N/A,N/A,Planner (Cao),data/google_planner/ha-long/Keyword Stats 2026-02-22 at 22_21_22.csv,Viết bài top-list/so sánh; map vào cluster hub; bổ sung schema + ảnh/UGC,B,75.0,0%,0
ramada hotel hạ long,Khách sạn Hạ Long,Lưu trú,In-scope Hạ Long,Commercial Investigation,50,N/A,N/A,N/A,Planner (Thấp),data/google_planner/ha-long/Keyword Stats 2026-02-22 at 22_21_22.csv,Viết bài top-list/so sánh; map vào cluster hub; bổ sung schema + ảnh/UGC,B,75.0,0%,0
relax hotel hạ long,Khách sạn Hạ Long,Lưu trú,In-scope Hạ Long,Commercial Investigation,50,N/A,N/A,N/A,Planner (Không xác định),data/google_planner/ha-long/Keyword Stats 2026-02-22 at 22_21_22.csv,Viết bài top-list/so sánh; map vào cluster hub; bổ sung schema + ảnh/UGC,B,75.0,-100.0%,0
relax hạ long hotel,Khách sạn Hạ Long,Lưu trú,In-scope Hạ Long,Commercial Investigation,50,N/A,N/A,N/A,Planner (Thấp),data/google_planner/ha-long/Keyword Stats 2026-02-22 at 22_21_22.csv,Viết bài top-list/so sánh; map vào cluster hub; bổ sung schema + ảnh/UGC,B,75.0,0%,0
review khách sạn d lioro hạ long,Khách sạn Hạ Long,Lưu trú,In-scope Hạ Long,Commercial Investigation,50,N/A,N/A,N/A,Planner (Không xác định),data/google_planner/ha-long/Keyword Stats 2026-02-22 at 22_21_22.csv,Viết bài top-list/so sánh; map vào cluster hub; bổ sung schema + ảnh/UGC,B,75.0,0%,0
review khách sạn hạ long,Khách sạn Hạ Long,Lưu trú,In-scope Hạ Long,Commercial Investigation,50,N/A,N/A,N/A,Planner (Trung bình),data/google_planner/ha-long/Keyword Stats 2026-02-22 at 22_21_22.csv,Viết bài top-list/so sánh; map vào cluster hub; bổ sung schema + ảnh/UGC,B,75.0,0%,0
review khách sạn mường thanh hạ long,Khách sạn Hạ Long,Lưu trú,In-scope Hạ Long,Commercial Investigation,50,N/A,N/A,N/A,Planner (Thấp),data/google_planner/ha-long/Keyword Stats 2026-02-22 at 22_21_22.csv,Viết bài top-list/so sánh; map vào cluster hub; bổ sung schema + ảnh/UGC,B,75.0,0%,0
rosy hotel hạ long,Khách sạn Hạ Long,Lưu trú,In-scope Hạ Long,Commercial Investigation,50,N/A,N/A,N/A,Planner (Không xác định),data/google_planner/ha-long/Keyword Stats 2026-02-22 at 22_21_22.csv,Viết bài top-list/so sánh; map vào cluster hub; bổ sung schema + ảnh/UGC,B,75.0,0%,0
ruby queen hotel hạ long,Khách sạn Hạ Long,Lưu trú,In-scope Hạ Long,Commercial Investigation,50,N/A,N/A,N/A,Planner (Cao),data/google_planner/ha-long/Keyword Stats 2026-02-22 at 22_21_22.csv,Viết bài top-list/so sánh; map vào cluster hub; bổ sung schema + ảnh/UGC,B,75.0,0%,0
sakura hotel hạ long,Khách sạn Hạ Long,Lưu trú,In-scope Hạ Long,Commercial Investigation,50,N/A,N/A,N/A,Planner (Trung bình),data/google_planner/ha-long/Keyword Stats 2026-02-22 at 22_21_22.csv,Viết bài top-list/so sánh; map vào cluster hub; bổ sung schema + ảnh/UGC,B,75.0,0%,0
scent hotel hạ long,Khách sạn Hạ Long,Lưu trú,In-scope Hạ Long,Commercial Investigation,50,N/A,N/A,N/A,Planner (Cao),data/google_planner/ha-long/Keyword Stats 2026-02-22 at 22_21_22.csv,Viết bài top-list/so sánh; map vào cluster hub; bổ sung schema + ảnh/UGC,B,75.0,0%,0
secret hotel hạ long,Khách sạn Hạ Long,Lưu trú,In-scope Hạ Long,Commercial Investigation,50,N/A,N/A,N/A,Planner (Thấp),data/google_planner/ha-long/Keyword Stats 2026-02-22 at 22_21_22.csv,Viết bài top-list/so sánh; map vào cluster hub; bổ sung schema + ảnh/UGC,B,75.0,0%,0
sen hạ long hotel,Khách sạn Hạ Long,Lưu trú,In-scope Hạ Long,Commercial Investigation,50,N/A,N/A,N/A,Planner (Trung bình),data/google_planner/ha-long/Keyword Stats 2026-02-22 at 22_21_22.csv,Viết bài top-list/so sánh; map vào cluster hub; bổ sung schema + ảnh/UGC,B,75.0,0%,0
sen hotel hạ long,Khách sạn Hạ Long,Lưu trú,In-scope Hạ Long,Commercial Investigation,50,N/A,N/A,N/A,Planner (Trung bình),data/google_planner/ha-long/Keyword Stats 2026-02-22 at 22_21_22.csv,Viết bài top-list/so sánh; map vào cluster hub; bổ sung schema + ảnh/UGC,B,75.0,0%,0
sky hotel hạ long,Khách sạn Hạ Long,Lưu trú,In-scope Hạ Long,Commercial Investigation,50,N/A,N/A,N/A,Planner (Thấp),data/google_planner/ha-long/Keyword Stats 2026-02-22 at 22_21_22.csv,Viết bài top-list/so sánh; map vào cluster hub; bổ sung schema + ảnh/UGC,B,75.0,0%,0
sol hotel hạ long,Khách sạn Hạ Long,Lưu trú,In-scope Hạ Long,Commercial Investigation,50,N/A,N/A,N/A,Planner (Thấp),data/google_planner/ha-long/Keyword Stats 2026-02-22 at 22_21_22.csv,Viết bài top-list/so sánh; map vào cluster hub; bổ sung schema + ảnh/UGC,B,75.0,0%,0
square hostel hạ long,Khách sạn Hạ Long,Lưu trú,In-scope Hạ Long,Commercial Investigation,50,N/A,N/A,N/A,Planner (Cao),data/google_planner/ha-long/Keyword Stats 2026-02-22 at 22_21_22.csv,Viết bài top-list/so sánh; map vào cluster hub; bổ sung schema + ảnh/UGC,B,75.0,0%,0
square hotel hạ long,Khách sạn Hạ Long,Lưu trú,In-scope Hạ Long,Commercial Investigation,50,N/A,N/A,N/A,Planner (Thấp),data/google_planner/ha-long/Keyword Stats 2026-02-22 at 22_21_22.csv,Viết bài top-list/so sánh; map vào cluster hub; bổ sung schema + ảnh/UGC,B,75.0,0%,0
star hotel hạ long,Khách sạn Hạ Long,Lưu trú,In-scope Hạ Long,Commercial Investigation,50,N/A,N/A,N/A,Planner (Thấp),data/google_planner/ha-long/Keyword Stats 2026-02-22 at 22_21_22.csv,Viết bài top-list/so sánh; map vào cluster hub; bổ sung schema + ảnh/UGC,B,75.0,0%,0
starway hotel hạ long,Khách sạn Hạ Long,Lưu trú,In-scope Hạ Long,Commercial Investigation,50,N/A,N/A,N/A,Planner (Thấp),data/google_planner/ha-long/Keyword Stats 2026-02-22 at 22_21_22.csv,Viết bài top-list/so sánh; map vào cluster hub; bổ sung schema + ảnh/UGC,B,75.0,0%,0
stella hotel hạ long,Khách sạn Hạ Long,Lưu trú,In-scope Hạ Long,Commercial Investigation,50,N/A,N/A,N/A,Planner (Trung bình),data/google_planner/ha-long/Keyword Stats 2026-02-22 at 22_21_22.csv,Viết bài top-list/so sánh; map vào cluster hub; bổ sung schema + ảnh/UGC,B,75.0,0%,0
sunbay hotel hạ long,Khách sạn Hạ Long,Lưu trú,In-scope Hạ Long,Commercial Investigation,50,N/A,N/A,N/A,Planner (Trung bình),data/google_planner/ha-long/Keyword Stats 2026-02-22 at 22_21_22.csv,Viết bài top-list/so sánh; map vào cluster hub; bổ sung schema + ảnh/UGC,B,75.0,0%,0
sunlight hotel hạ long,Khách sạn Hạ Long,Lưu trú,In-scope Hạ Long,Commercial Investigation,50,N/A,N/A,N/A,Planner (Trung bình),data/google_planner/ha-long/Keyword Stats 2026-02-22 at 22_21_22.csv,Viết bài top-list/so sánh; map vào cluster hub; bổ sung schema + ảnh/UGC,B,75.0,0%,0
sunny hotel hạ long,Khách sạn Hạ Long,Lưu trú,In-scope Hạ Long,Commercial Investigation,50,N/A,N/A,N/A,Planner (Trung bình),data/google_planner/ha-long/Keyword Stats 2026-02-22 at 22_21_22.csv,Viết bài top-list/so sánh; map vào cluster hub; bổ sung schema + ảnh/UGC,B,75.0,0%,0
sunrise apartment hạ long,Khách sạn Hạ Long,Lưu trú,In-scope Hạ Long,Commercial Investigation,50,N/A,N/A,N/A,Planner (Không xác định),data/google_planner/ha-long/Keyword Stats 2026-02-22 at 22_21_22.csv,Viết bài top-list/so sánh; map vào cluster hub; bổ sung schema + ảnh/UGC,B,75.0,0%,0
sunshine hotel hạ long,Khách sạn Hạ Long,Lưu trú,In-scope Hạ Long,Commercial Investigation,50,N/A,N/A,N/A,Planner (Thấp),data/google_planner/ha-long/Keyword Stats 2026-02-22 at 22_21_22.csv,Viết bài top-list/so sánh; map vào cluster hub; bổ sung schema + ảnh/UGC,B,75.0,0%,0
thang long hotel hạ long,Khách sạn Hạ Long,Lưu trú,In-scope Hạ Long,Commercial Investigation,50,N/A,N/A,N/A,Planner (Không xác định),data/google_planner/ha-long/Keyword Stats 2026-02-22 at 22_21_22.csv,Viết bài top-list/so sánh; map vào cluster hub; bổ sung schema + ảnh/UGC,B,75.0,-100.0%,0
thanh bình hotel hạ long,Khách sạn Hạ Long,Lưu trú,In-scope Hạ Long,Commercial Investigation,50,N/A,N/A,N/A,Planner (Không xác định),data/google_planner/ha-long/Keyword Stats 2026-02-22 at 22_21_22.csv,Viết bài top-list/so sánh; map vào cluster hub; bổ sung schema + ảnh/UGC,B,75.0,0%,0
thanh hoài hotel hạ long,Khách sạn Hạ Long,Lưu trú,In-scope Hạ Long,Commercial Investigation,50,N/A,N/A,N/A,Planner (Không xác định),data/google_planner/ha-long/Keyword Stats 2026-02-22 at 22_21_22.csv,Viết bài top-list/so sánh; map vào cluster hub; bổ sung schema + ảnh/UGC,B,75.0,0%,0
thanh long hotel hạ long,Khách sạn Hạ Long,Lưu trú,In-scope Hạ Long,Commercial Investigation,50,N/A,N/A,N/A,Planner (Trung bình),data/google_planner/ha-long/Keyword Stats 2026-02-22 at 22_21_22.csv,Viết bài top-list/so sánh; map vào cluster hub; bổ sung schema + ảnh/UGC,B,75.0,0%,0
the marine halong hotel,Khách sạn Hạ Long,Lưu trú,In-scope Hạ Long,Commercial Investigation,50,N/A,N/A,N/A,Planner (Không xác định),data/google_planner/ha-long/Keyword Stats 2026-02-22 at 22_21_22.csv,Viết bài top-list/so sánh; map vào cluster hub; bổ sung schema + ảnh/UGC,B,75.0,0%,0
the marine hotel hạ long,Khách sạn Hạ Long,Lưu trú,In-scope Hạ Long,Commercial Investigation,50,N/A,N/A,N/A,Planner (Không xác định),data/google_planner/ha-long/Keyword Stats 2026-02-22 at 22_21_22.csv,Viết bài top-list/so sánh; map vào cluster hub; bổ sung schema + ảnh/UGC,B,75.0,0%,0
thu hotel hạ long,Khách sạn Hạ Long,Lưu trú,In-scope Hạ Long,Commercial Investigation,50,N/A,N/A,N/A,Planner (Trung bình),data/google_planner/ha-long/Keyword Stats 2026-02-22 at 22_21_22.csv,Viết bài top-list/so sánh; map vào cluster hub; bổ sung schema + ảnh/UGC,B,75.0,0%,0
thuý nga hotel hạ long,Khách sạn Hạ Long,Lưu trú,In-scope Hạ Long,Commercial Investigation,50,N/A,N/A,N/A,Planner (Không xác định),data/google_planner/ha-long/Keyword Stats 2026-02-22 at 22_21_22.csv,Viết bài top-list/so sánh; map vào cluster hub; bổ sung schema + ảnh/UGC,B,75.0,0%,0
thành an hotel hạ long,Khách sạn Hạ Long,Lưu trú,In-scope Hạ Long,Commercial Investigation,50,N/A,N/A,N/A,Planner (Trung bình),data/google_planner/ha-long/Keyword Stats 2026-02-22 at 22_21_22.csv,Viết bài top-list/so sánh; map vào cluster hub; bổ sung schema + ảnh/UGC,B,75.0,0%,0
thái hà hotel hạ long,Khách sạn Hạ Long,Lưu trú,In-scope Hạ Long,Commercial Investigation,50,N/A,N/A,N/A,Planner (Thấp),data/google_planner/ha-long/Keyword Stats 2026-02-22 at 22_21_22.csv,Viết bài top-list/so sánh; map vào cluster hub; bổ sung schema + ảnh/UGC,B,75.0,0%,0
thái sơn hotel hạ long,Khách sạn Hạ Long,Lưu trú,In-scope Hạ Long,Commercial Investigation,50,N/A,N/A,N/A,Planner (Không xác định),data/google_planner/ha-long/Keyword Stats 2026-02-22 at 22_21_22.csv,Viết bài top-list/so sánh; map vào cluster hub; bổ sung schema + ảnh/UGC,B,75.0,-100.0%,0
top khách sạn ở hạ long,Khách sạn Hạ Long,Lưu trú,In-scope Hạ Long,Commercial Investigation,50,N/A,N/A,N/A,Planner (Cao),data/google_planner/ha-long/Keyword Stats 2026-02-22 at 22_21_22.csv,Viết bài top-list/so sánh; map vào cluster hub; bổ sung schema + ảnh/UGC,B,75.0,0%,0
trần đạt hotel hạ long,Khách sạn Hạ Long,Lưu trú,In-scope Hạ Long,Commercial Investigation,50,N/A,N/A,N/A,Planner (Thấp),data/google_planner/ha-long/Keyword Stats 2026-02-22 at 22_21_22.csv,Viết bài top-list/so sánh; map vào cluster hub; bổ sung schema + ảnh/UGC,B,75.0,0%,0
twin hotel hạ long,Khách sạn Hạ Long,Lưu trú,In-scope Hạ Long,Commercial Investigation,50,N/A,N/A,N/A,Planner (Cao),data/google_planner/ha-long/Keyword Stats 2026-02-22 at 22_21_22.csv,Viết bài top-list/so sánh; map vào cluster hub; bổ sung schema + ảnh/UGC,B,75.0,0%,0
tìm khách sạn tại hạ long,Khách sạn Hạ Long,Lưu trú,In-scope Hạ Long,Commercial Investigation,50,N/A,N/A,N/A,Planner (Không xác định),data/google_planner/ha-long/Keyword Stats 2026-02-22 at 22_21_22.csv,Viết bài top-list/so sánh; map vào cluster hub; bổ sung schema + ảnh/UGC,B,75.0,0%,0
tìm phòng khách sạn hạ long,Khách sạn Hạ Long,Lưu trú,In-scope Hạ Long,Commercial Investigation,50,N/A,N/A,N/A,Planner (Không xác định),data/google_planner/ha-long/Keyword Stats 2026-02-22 at 22_21_22.csv,Viết bài top-list/so sánh; map vào cluster hub; bổ sung schema + ảnh/UGC,B,75.0,-100.0%,0
tùng dương hotel hạ long,Khách sạn Hạ Long,Lưu trú,In-scope Hạ Long,Commercial Investigation,50,N/A,N/A,N/A,Planner (Không xác định),data/google_planner/ha-long/Keyword Stats 2026-02-22 at 22_21_22.csv,Viết bài top-list/so sánh; map vào cluster hub; bổ sung schema + ảnh/UGC,B,75.0,-100.0%,0
vân nam hotel hạ long,Khách sạn Hạ Long,Lưu trú,In-scope Hạ Long,Commercial Investigation,50,N/A,N/A,N/A,Planner (Trung bình),data/google_planner/ha-long/Keyword Stats 2026-02-22 at 22_21_22.csv,Viết bài top-list/so sánh; map vào cluster hub; bổ sung schema + ảnh/UGC,B,75.0,0%,0
venus hotel hạ long,Khách sạn Hạ Long,Lưu trú,In-scope Hạ Long,Commercial Investigation,50,N/A,N/A,N/A,Planner (Thấp),data/google_planner/ha-long/Keyword Stats 2026-02-22 at 22_21_22.csv,Viết bài top-list/so sánh; map vào cluster hub; bổ sung schema + ảnh/UGC,B,75.0,0%,0
vincent hotel hạ long,Khách sạn Hạ Long,Lưu trú,In-scope Hạ Long,Commercial Investigation,50,N/A,N/A,N/A,Planner (Trung bình),data/google_planner/ha-long/Keyword Stats 2026-02-22 at 22_21_22.csv,Viết bài top-list/so sánh; map vào cluster hub; bổ sung schema + ảnh/UGC,B,75.0,0%,0
viêng chăn hotel hạ long,Khách sạn Hạ Long,Lưu trú,In-scope Hạ Long,Commercial Investigation,50,N/A,N/A,N/A,Planner (Không xác định),data/google_planner/ha-long/Keyword Stats 2026-02-22 at 22_21_22.csv,Viết bài top-list/so sánh; map vào cluster hub; bổ sung schema + ảnh/UGC,B,75.0,0%,0
việt anh hotel hạ long,Khách sạn Hạ Long,Lưu trú,In-scope Hạ Long,Commercial Investigation,50,N/A,N/A,N/A,Planner (Không xác định),data/google_planner/ha-long/Keyword Stats 2026-02-22 at 22_21_22.csv,Viết bài top-list/so sánh; map vào cluster hub; bổ sung schema + ảnh/UGC,B,75.0,-100.0%,0
ánh dương hotel hạ long,Khách sạn Hạ Long,Lưu trú,In-scope Hạ Long,Commercial Investigation,50,N/A,N/A,N/A,Planner (Thấp),data/google_planner/ha-long/Keyword Stats 2026-02-22 at 22_21_22.csv,Viết bài top-list/so sánh; map vào cluster hub; bổ sung schema + ảnh/UGC,B,75.0,0%,0
âu lạc hạ long hotel,Khách sạn Hạ Long,Lưu trú,In-scope Hạ Long,Commercial Investigation,50,N/A,N/A,N/A,Planner (Thấp),data/google_planner/ha-long/Keyword Stats 2026-02-22 at 22_21_22.csv,Viết bài top-list/so sánh; map vào cluster hub; bổ sung schema + ảnh/UGC,B,75.0,0%,0
đi hạ long nên ở khách sạn nào,Khách sạn Hạ Long,Lưu trú,In-scope Hạ Long,Commercial Investigation,50,N/A,N/A,N/A,Planner (Cao),data/google_planner/ha-long/Keyword Stats 2026-02-22 at 22_21_22.csv,Viết bài top-list/so sánh; map vào cluster hub; bổ sung schema + ảnh/UGC,B,75.0,0%,0
đi hạ long ở khách sạn nào,Khách sạn Hạ Long,Lưu trú,In-scope Hạ Long,Commercial Investigation,50,N/A,N/A,N/A,Planner (Không xác định),data/google_planner/ha-long/Keyword Stats 2026-02-22 at 22_21_22.csv,Viết bài top-list/so sánh; map vào cluster hub; bổ sung schema + ảnh/UGC,B,75.0,-100.0%,0
đại lộc hotel hạ long,Khách sạn Hạ Long,Lưu trú,In-scope Hạ Long,Commercial Investigation,50,N/A,N/A,N/A,Planner (Trung bình),data/google_planner/ha-long/Keyword Stats 2026-02-22 at 22_21_22.csv,Viết bài top-list/so sánh; map vào cluster hub; bổ sung schema + ảnh/UGC,B,75.0,0%,0
đại lộc hạ long hotel,Khách sạn Hạ Long,Lưu trú,In-scope Hạ Long,Commercial Investigation,50,N/A,N/A,N/A,Planner (Thấp),data/google_planner/ha-long/Keyword Stats 2026-02-22 at 22_21_22.csv,Viết bài top-list/so sánh; map vào cluster hub; bổ sung schema + ảnh/UGC,B,75.0,0%,0
đặt khách sạn mường thanh hạ long,Khách sạn Hạ Long,Lưu trú,In-scope Hạ Long,Commercial Investigation,50,N/A,N/A,N/A,Planner (Cao),data/google_planner/ha-long/Keyword Stats 2026-02-22 at 22_21_22.csv,Viết bài top-list/so sánh; map vào cluster hub; bổ sung schema + ảnh/UGC,B,75.0,0%,0
đặt phòng khách sạn công đoàn hạ long,Khách sạn Hạ Long,Lưu trú,In-scope Hạ Long,Commercial Investigation,50,N/A,N/A,N/A,Planner (Không xác định),data/google_planner/ha-long/Keyword Stats 2026-02-22 at 22_21_22.csv,Viết bài top-list/so sánh; map vào cluster hub; bổ sung schema + ảnh/UGC,B,75.0,0%,0
đặt phòng khách sạn novotel hạ long,Khách sạn Hạ Long,Lưu trú,In-scope Hạ Long,Commercial Investigation,50,N/A,N/A,N/A,Planner (Cao),data/google_planner/ha-long/Keyword Stats 2026-02-22 at 22_21_22.csv,Viết bài top-list/so sánh; map vào cluster hub; bổ sung schema + ảnh/UGC,B,75.0,0%,0
đặt phòng khách sạn vinpearl hạ long,Khách sạn Hạ Long,Lưu trú,In-scope Hạ Long,Commercial Investigation,50,N/A,N/A,N/A,Planner (Cao),data/google_planner/ha-long/Keyword Stats 2026-02-22 at 22_21_22.csv,Viết bài top-list/so sánh; map vào cluster hub; bổ sung schema + ảnh/UGC,B,75.0,0%,0
địa chỉ khách sạn mường thanh hạ long,Khách sạn Hạ Long,Lưu trú,In-scope Hạ Long,Commercial Investigation,50,N/A,N/A,N/A,Planner (Thấp),data/google_planner/ha-long/Keyword Stats 2026-02-22 at 22_21_22.csv,Viết bài top-list/so sánh; map vào cluster hub; bổ sung schema + ảnh/UGC,B,75.0,0%,0
đức duy hotel hạ long,Khách sạn Hạ Long,Lưu trú,In-scope Hạ Long,Commercial Investigation,50,N/A,N/A,N/A,Planner (Không xác định),data/google_planner/ha-long/Keyword Stats 2026-02-22 at 22_21_22.csv,Viết bài top-list/so sánh; map vào cluster hub; bổ sung schema + ảnh/UGC,B,75.0,0%,0
nhà hàng du thuyền hạ long,Nhà hàng Hạ Long,Ẩm thực (F&B),In-scope Hạ Long,Informational,50,N/A,N/A,N/A,Planner (Cao),data/google_planner/ha-long/Keyword Stats 2026-02-22 at 22_21_22.csv,Viết guide/review; ưu tiên long-tail; tạo topic hub và internal link về trang dịch vụ,B,50.0,0%,0
nhà hàng pavilion hạ long,Nhà hàng Hạ Long,Ẩm thực (F&B),In-scope Hạ Long,Informational,50,N/A,N/A,N/A,Planner (Thấp),data/google_planner/ha-long/Keyword Stats 2026-02-22 at 22_21_22.csv,Viết guide/review; ưu tiên long-tail; tạo topic hub và internal link về trang dịch vụ,B,50.0,0%,0
khách sạn mường thanh hạ long quảng ninh,Quảng Ninh Trip,Lưu trú,Out-of-scope Quảng Ninh,Transaction,500,N/A,N/A,N/A,Planner (Thấp),data/google_planner/ha-long/Keyword Stats 2026-02-22 at 22_21_22.csv,"Tạo landing chuyển đổi (giá/vé/đặt chỗ), gom vào cluster page + build backlink nội bộ",B,825.0,0%,"16,624"
khách sạn ở hạ long quảng ninh,Quảng Ninh Trip,Lưu trú,Out-of-scope Quảng Ninh,Transaction,50,N/A,N/A,N/A,Planner (Cao),data/google_planner/ha-long/Keyword Stats 2026-02-22 at 22_21_22.csv,"Tạo landing chuyển đổi (giá/vé/đặt chỗ), gom vào cluster page + build backlink nội bộ",B,82.50000000000001,0%,"36,617"
khách sạn công đoàn hạ long quảng ninh,Quảng Ninh Trip,Lưu trú,Out-of-scope Quảng Ninh,Transaction,50,N/A,N/A,N/A,Planner (Trung bình),data/google_planner/ha-long/Keyword Stats 2026-02-22 at 22_21_22.csv,"Tạo landing chuyển đổi (giá/vé/đặt chỗ), gom vào cluster page + build backlink nội bộ",B,82.50000000000001,0%,"7,214"
khách sạn sài gòn hạ long quảng ninh,Quảng Ninh Trip,Lưu trú,Out-of-scope Quảng Ninh,Transaction,50,N/A,N/A,N/A,Planner (Cao),data/google_planner/ha-long/Keyword Stats 2026-02-22 at 22_21_22.csv,"Tạo landing chuyển đổi (giá/vé/đặt chỗ), gom vào cluster page + build backlink nội bộ",B,82.50000000000001,0%,"9,231"
vinpearl resort & spa ha long quảng ninh,Quảng Ninh Trip,Lưu trú,Out-of-scope Quảng Ninh,Transaction,50,N/A,N/A,N/A,Planner (Trung bình),data/google_planner/ha-long/Keyword Stats 2026-02-22 at 22_21_22.csv,"Tạo landing chuyển đổi (giá/vé/đặt chỗ), gom vào cluster page + build backlink nội bộ",B,82.50000000000001,0%,"9,046"
khach san ha long quang ninh,Quảng Ninh Trip,Lưu trú,Out-of-scope Quảng Ninh,Transaction,50,N/A,N/A,N/A,Planner (Cao),data/google_planner/ha-long/Keyword Stats 2026-02-22 at 22_21_22.csv,"Tạo landing chuyển đổi (giá/vé/đặt chỗ), gom vào cluster page + build backlink nội bộ",B,75.0,0%,0
khách sạn hạ long bay quảng ninh,Quảng Ninh Trip,Lưu trú,Out-of-scope Quảng Ninh,Commercial Investigation,50,N/A,N/A,N/A,Planner (Trung bình),data/google_planner/ha-long/Keyword Stats 2026-02-22 at 22_21_22.csv,Viết bài top-list/so sánh; map vào cluster hub; bổ sung schema + ảnh/UGC,B,75.0,0%,0
khách sạn tại hạ long quảng ninh,Quảng Ninh Trip,Lưu trú,Out-of-scope Quảng Ninh,Commercial Investigation,50,N/A,N/A,N/A,Planner (Cao),data/google_planner/ha-long/Keyword Stats 2026-02-22 at 22_21_22.csv,Viết bài top-list/so sánh; map vào cluster hub; bổ sung schema + ảnh/UGC,B,75.0,0%,0
muong thanh luxury quang ninh hotel ha long vietnam,Quảng Ninh Trip,Lưu trú,Out-of-scope Quảng Ninh,Commercial Investigation,50,N/A,N/A,N/A,Planner (Thấp),data/google_planner/ha-long/Keyword Stats 2026-02-22 at 22_21_22.csv,Viết bài top-list/so sánh; map vào cluster hub; bổ sung schema + ảnh/UGC,B,75.0,0%,0
mường thanh hạ long quảng ninh,Quảng Ninh Trip,Tổng hợp,Out-of-scope Quảng Ninh,Informational,50,N/A,N/A,N/A,Planner (Thấp),data/google_planner/ha-long/Keyword Stats 2026-02-22 at 22_21_22.csv,Viết guide/review; ưu tiên long-tail; tạo topic hub và internal link về trang dịch vụ,B,50.0,0%,0
tuần châu resort hạ long,Resort Hạ Long,Lưu trú,In-scope Hạ Long,Transaction,5000,N/A,N/A,N/A,Planner (Cao),data/google_planner/ha-long/Keyword Stats 2026-02-22 at 22_21_22.csv,"Tạo landing chuyển đổi (giá/vé/đặt chỗ), gom vào cluster page + build backlink nội bộ",B,8250.0,0%,"14,036"
vinpearl resort & spa ha long,Resort Hạ Long,Lưu trú,In-scope Hạ Long,Transaction,5400,N/A,N/A,N/A,Low (0),data/seo_insider/advance_search_report.csv,"Tạo landing chuyển đổi (giá/vé/đặt chỗ), gom vào cluster page + build backlink nội bộ",B,5400.0,N/A,N/A
resort ha long,Resort Hạ Long,Lưu trú,In-scope Hạ Long,Transaction,500,N/A,N/A,N/A,Planner (Cao),data/google_planner/ha-long/Keyword Stats 2026-02-22 at 22_21_22.csv,"Tạo landing chuyển đổi (giá/vé/đặt chỗ), gom vào cluster page + build backlink nội bộ",B,825.0,0%,"11,832"
vinpearl resort hạ long,Resort Hạ Long,Lưu trú,In-scope Hạ Long,Transaction,500,N/A,N/A,N/A,Planner (Cao),data/google_planner/ha-long/Keyword Stats 2026-02-22 at 22_21_22.csv,"Tạo landing chuyển đổi (giá/vé/đặt chỗ), gom vào cluster page + build backlink nội bộ",B,825.0,0%,"16,730"
vinpearl resort and spa halong,Resort Hạ Long,Lưu trú,In-scope Hạ Long,Transaction,500,N/A,N/A,N/A,Planner (Cao),data/google_planner/ha-long/Keyword Stats 2026-02-22 at 22_21_22.csv,"Tạo landing chuyển đổi (giá/vé/đặt chỗ), gom vào cluster page + build backlink nội bộ",B,825.0,-90.0%,"22,074"
royal lotus halong resort & villas,Resort Hạ Long,Lưu trú,In-scope Hạ Long,Transaction,500,N/A,N/A,N/A,Planner (Thấp),data/google_planner/ha-long/Keyword Stats 2026-02-22 at 22_21_22.csv,"Tạo landing chuyển đổi (giá/vé/đặt chỗ), gom vào cluster page + build backlink nội bộ",B,825.0,0%,"12,222"
vinpearl resort and spa hạ long,Resort Hạ Long,Lưu trú,In-scope Hạ Long,Transaction,500,N/A,N/A,N/A,Planner (Cao),data/google_planner/ha-long/Keyword Stats 2026-02-22 at 22_21_22.csv,"Tạo landing chuyển đổi (giá/vé/đặt chỗ), gom vào cluster page + build backlink nội bộ",B,825.0,-90.0%,"22,074"
resort vinpearl hạ long,Resort Hạ Long,Lưu trú,In-scope Hạ Long,Transaction,500,N/A,N/A,N/A,Planner (Cao),data/google_planner/ha-long/Keyword Stats 2026-02-22 at 22_21_22.csv,"Tạo landing chuyển đổi (giá/vé/đặt chỗ), gom vào cluster page + build backlink nội bộ",B,825.0,0%,"16,730"
royal lotus ha long resort and villas,Resort Hạ Long,Lưu trú,In-scope Hạ Long,Transaction,500,N/A,N/A,N/A,Planner (Thấp),data/google_planner/ha-long/Keyword Stats 2026-02-22 at 22_21_22.csv,"Tạo landing chuyển đổi (giá/vé/đặt chỗ), gom vào cluster page + build backlink nội bộ",B,825.0,0%,"12,222"
vinpearl hạ long resort,Resort Hạ Long,Lưu trú,In-scope Hạ Long,Transaction,500,N/A,N/A,N/A,Planner (Cao),data/google_planner/ha-long/Keyword Stats 2026-02-22 at 22_21_22.csv,"Tạo landing chuyển đổi (giá/vé/đặt chỗ), gom vào cluster page + build backlink nội bộ",B,825.0,0%,"16,730"
tuan chau resort,Resort Hạ Long,Lưu trú,In-scope Hạ Long,Transaction,50,N/A,N/A,N/A,Planner (Thấp),data/google_planner/ha-long/Keyword Stats 2026-02-22 at 22_21_22.csv,"Tạo landing chuyển đổi (giá/vé/đặt chỗ), gom vào cluster page + build backlink nội bộ",B,82.50000000000001,0%,"25,969"
các resort ở hạ long,Resort Hạ Long,Lưu trú,In-scope Hạ Long,Transaction,50,N/A,N/A,N/A,Planner (Cao),data/google_planner/ha-long/Keyword Stats 2026-02-22 at 22_21_22.csv,"Tạo landing chuyển đổi (giá/vé/đặt chỗ), gom vào cluster page + build backlink nội bộ",B,82.50000000000001,0%,"4,369"
d lioro hotel & resort hạ long,Resort Hạ Long,Lưu trú,In-scope Hạ Long,Transaction,50,N/A,N/A,N/A,Planner (Trung bình),data/google_planner/ha-long/Keyword Stats 2026-02-22 at 22_21_22.csv,"Tạo landing chuyển đổi (giá/vé/đặt chỗ), gom vào cluster page + build backlink nội bộ",B,82.50000000000001,0%,"7,043"
flc hạ long resort,Resort Hạ Long,Lưu trú,In-scope Hạ Long,Transaction,50,N/A,N/A,N/A,Planner (Trung bình),data/google_planner/ha-long/Keyword Stats 2026-02-22 at 22_21_22.csv,"Tạo landing chuyển đổi (giá/vé/đặt chỗ), gom vào cluster page + build backlink nội bộ",B,82.50000000000001,0%,"51,939"
flc resort hạ long,Resort Hạ Long,Lưu trú,In-scope Hạ Long,Transaction,50,N/A,N/A,N/A,Planner (Thấp),data/google_planner/ha-long/Keyword Stats 2026-02-22 at 22_21_22.csv,"Tạo landing chuyển đổi (giá/vé/đặt chỗ), gom vào cluster page + build backlink nội bộ",B,82.50000000000001,0%,"51,939"
khu resort hạ long,Resort Hạ Long,Lưu trú,In-scope Hạ Long,Transaction,50,N/A,N/A,N/A,Planner (Trung bình),data/google_planner/ha-long/Keyword Stats 2026-02-22 at 22_21_22.csv,"Tạo landing chuyển đổi (giá/vé/đặt chỗ), gom vào cluster page + build backlink nội bộ",B,82.50000000000001,0%,"7,239"
resort 5 sao hạ long,Resort Hạ Long,Lưu trú,In-scope Hạ Long,Transaction,50,N/A,N/A,N/A,Planner (Cao),data/google_planner/ha-long/Keyword Stats 2026-02-22 at 22_21_22.csv,"Tạo landing chuyển đổi (giá/vé/đặt chỗ), gom vào cluster page + build backlink nội bộ",B,82.50000000000001,0%,"6,086"
resort flc hạ long,Resort Hạ Long,Lưu trú,In-scope Hạ Long,Transaction,50,N/A,N/A,N/A,Planner (Trung bình),data/google_planner/ha-long/Keyword Stats 2026-02-22 at 22_21_22.csv,"Tạo landing chuyển đổi (giá/vé/đặt chỗ), gom vào cluster page + build backlink nội bộ",B,82.50000000000001,0%,"13,275"
resort tại hạ long,Resort Hạ Long,Lưu trú,In-scope Hạ Long,Transaction,50,N/A,N/A,N/A,Planner (Cao),data/google_planner/ha-long/Keyword Stats 2026-02-22 at 22_21_22.csv,"Tạo landing chuyển đổi (giá/vé/đặt chỗ), gom vào cluster page + build backlink nội bộ",B,82.50000000000001,0%,"10,337"
resort tuần châu hạ long,Resort Hạ Long,Lưu trú,In-scope Hạ Long,Transaction,50,N/A,N/A,N/A,Planner (Cao),data/google_planner/ha-long/Keyword Stats 2026-02-22 at 22_21_22.csv,"Tạo landing chuyển đổi (giá/vé/đặt chỗ), gom vào cluster page + build backlink nội bộ",B,82.50000000000001,0%,"14,006"
royal lotus resort & villas hạ long,Resort Hạ Long,Lưu trú,In-scope Hạ Long,Transaction,50,N/A,N/A,N/A,Planner (Cao),data/google_planner/ha-long/Keyword Stats 2026-02-22 at 22_21_22.csv,"Tạo landing chuyển đổi (giá/vé/đặt chỗ), gom vào cluster page + build backlink nội bộ",B,82.50000000000001,0%,"9,877"
tuần châu hạ long resort,Resort Hạ Long,Lưu trú,In-scope Hạ Long,Transaction,50,N/A,N/A,N/A,Planner (Trung bình),data/google_planner/ha-long/Keyword Stats 2026-02-22 at 22_21_22.csv,"Tạo landing chuyển đổi (giá/vé/đặt chỗ), gom vào cluster page + build backlink nội bộ",B,82.50000000000001,0%,"12,253"
vinpearl hạ long bay resort,Resort Hạ Long,Lưu trú,In-scope Hạ Long,Transaction,50,N/A,N/A,N/A,Planner (Cao),data/google_planner/ha-long/Keyword Stats 2026-02-22 at 22_21_22.csv,"Tạo landing chuyển đổi (giá/vé/đặt chỗ), gom vào cluster page + build backlink nội bộ",B,82.50000000000001,0%,"51,939"
vinpearl resort spa hạ long,Resort Hạ Long,Lưu trú,In-scope Hạ Long,Transaction,50,N/A,N/A,N/A,Planner (Trung bình),data/google_planner/ha-long/Keyword Stats 2026-02-22 at 22_21_22.csv,"Tạo landing chuyển đổi (giá/vé/đặt chỗ), gom vào cluster page + build backlink nội bộ",B,82.50000000000001,0%,"12,447"
giá resort hạ long,Resort Hạ Long,Lưu trú,In-scope Hạ Long,Transaction,50,N/A,N/A,N/A,Planner (Cao),data/google_planner/ha-long/Keyword Stats 2026-02-22 at 22_21_22.csv,"Tạo landing chuyển đổi (giá/vé/đặt chỗ), gom vào cluster page + build backlink nội bộ",B,75.0,0%,0
thuê resort hạ long,Resort Hạ Long,Lưu trú,In-scope Hạ Long,Transaction,50,N/A,N/A,N/A,Planner (Cao),data/google_planner/ha-long/Keyword Stats 2026-02-22 at 22_21_22.csv,"Tạo landing chuyển đổi (giá/vé/đặt chỗ), gom vào cluster page + build backlink nội bộ",B,75.0,0%,0
resort o ha long,Resort Hạ Long,Lưu trú,In-scope Hạ Long,Transaction,50,N/A,N/A,N/A,Planner (Cao),data/google_planner/ha-long/Keyword Stats 2026-02-22 at 22_21_22.csv,"Tạo landing chuyển đổi (giá/vé/đặt chỗ), gom vào cluster page + build backlink nội bộ",B,75.0,0%,0
tuan chau resort halong,Resort Hạ Long,Lưu trú,In-scope Hạ Long,Transaction,50,N/A,N/A,N/A,Planner (Cao),data/google_planner/ha-long/Keyword Stats 2026-02-22 at 22_21_22.csv,"Tạo landing chuyển đổi (giá/vé/đặt chỗ), gom vào cluster page + build backlink nội bộ",B,75.0,0%,0
beverly hill resort hạ long,Resort Hạ Long,Lưu trú,In-scope Hạ Long,Transaction,50,N/A,N/A,N/A,Planner (Trung bình),data/google_planner/ha-long/Keyword Stats 2026-02-22 at 22_21_22.csv,"Tạo landing chuyển đổi (giá/vé/đặt chỗ), gom vào cluster page + build backlink nội bộ",B,75.0,0%,0
các khu resort ở hạ long,Resort Hạ Long,Lưu trú,In-scope Hạ Long,Transaction,50,N/A,N/A,N/A,Planner (Không xác định),data/google_planner/ha-long/Keyword Stats 2026-02-22 at 22_21_22.csv,"Tạo landing chuyển đổi (giá/vé/đặt chỗ), gom vào cluster page + build backlink nội bộ",B,75.0,0%,0
các resort hạ long,Resort Hạ Long,Lưu trú,In-scope Hạ Long,Transaction,50,N/A,N/A,N/A,Planner (Cao),data/google_planner/ha-long/Keyword Stats 2026-02-22 at 22_21_22.csv,"Tạo landing chuyển đổi (giá/vé/đặt chỗ), gom vào cluster page + build backlink nội bộ",B,75.0,0%,0
các resort tại hạ long,Resort Hạ Long,Lưu trú,In-scope Hạ Long,Transaction,50,N/A,N/A,N/A,Planner (Cao),data/google_planner/ha-long/Keyword Stats 2026-02-22 at 22_21_22.csv,"Tạo landing chuyển đổi (giá/vé/đặt chỗ), gom vào cluster page + build backlink nội bộ",B,75.0,0%,0
khu resort ở hạ long,Resort Hạ Long,Lưu trú,In-scope Hạ Long,Commercial Investigation,50,N/A,N/A,N/A,Planner (Cao),data/google_planner/ha-long/Keyword Stats 2026-02-22 at 22_21_22.csv,Viết bài top-list/so sánh; map vào cluster hub; bổ sung schema + ảnh/UGC,B,75.0,0%,0
khách sạn resort hạ long,Resort Hạ Long,Lưu trú,In-scope Hạ Long,Commercial Investigation,50,N/A,N/A,N/A,Planner (Trung bình),data/google_planner/ha-long/Keyword Stats 2026-02-22 at 22_21_22.csv,Viết bài top-list/so sánh; map vào cluster hub; bổ sung schema + ảnh/UGC,B,75.0,0%,0
la batisse resort halong,Resort Hạ Long,Lưu trú,In-scope Hạ Long,Commercial Investigation,50,N/A,N/A,N/A,Planner (Thấp),data/google_planner/ha-long/Keyword Stats 2026-02-22 at 22_21_22.csv,Viết bài top-list/so sánh; map vào cluster hub; bổ sung schema + ảnh/UGC,B,75.0,0%,0
la batisse resort hạ long,Resort Hạ Long,Lưu trú,In-scope Hạ Long,Commercial Investigation,50,N/A,N/A,N/A,Planner (Không xác định),data/google_planner/ha-long/Keyword Stats 2026-02-22 at 22_21_22.csv,Viết bài top-list/so sánh; map vào cluster hub; bổ sung schema + ảnh/UGC,B,75.0,-100.0%,0
lotus resort hạ long,Resort Hạ Long,Lưu trú,In-scope Hạ Long,Commercial Investigation,50,N/A,N/A,N/A,Planner (Không xác định),data/google_planner/ha-long/Keyword Stats 2026-02-22 at 22_21_22.csv,Viết bài top-list/so sánh; map vào cluster hub; bổ sung schema + ảnh/UGC,B,75.0,-100.0%,0
những resort đẹp ở hạ long,Resort Hạ Long,Lưu trú,In-scope Hạ Long,Commercial Investigation,50,N/A,N/A,N/A,Planner (Không xác định),data/google_planner/ha-long/Keyword Stats 2026-02-22 at 22_21_22.csv,Viết bài top-list/so sánh; map vào cluster hub; bổ sung schema + ảnh/UGC,B,75.0,-100.0%,0
paradise resort hạ long,Resort Hạ Long,Lưu trú,In-scope Hạ Long,Commercial Investigation,50,N/A,N/A,N/A,Planner (Không xác định),data/google_planner/ha-long/Keyword Stats 2026-02-22 at 22_21_22.csv,Viết bài top-list/so sánh; map vào cluster hub; bổ sung schema + ảnh/UGC,B,75.0,-100.0%,0
premier village ha long resort,Resort Hạ Long,Lưu trú,In-scope Hạ Long,Commercial Investigation,50,N/A,N/A,N/A,Planner (Thấp),data/google_planner/ha-long/Keyword Stats 2026-02-22 at 22_21_22.csv,Viết bài top-list/so sánh; map vào cluster hub; bổ sung schema + ảnh/UGC,B,75.0,0%,0
resort biển hạ long,Resort Hạ Long,Lưu trú,In-scope Hạ Long,Commercial Investigation,50,N/A,N/A,N/A,Planner (Trung bình),data/google_planner/ha-long/Keyword Stats 2026-02-22 at 22_21_22.csv,Viết bài top-list/so sánh; map vào cluster hub; bổ sung schema + ảnh/UGC,B,75.0,0%,0
resort hạ long đẹp,Resort Hạ Long,Lưu trú,In-scope Hạ Long,Commercial Investigation,50,N/A,N/A,N/A,Planner (Cao),data/google_planner/ha-long/Keyword Stats 2026-02-22 at 22_21_22.csv,Viết bài top-list/so sánh; map vào cluster hub; bổ sung schema + ảnh/UGC,B,75.0,0%,0
resort lotus hạ long,Resort Hạ Long,Lưu trú,In-scope Hạ Long,Commercial Investigation,50,N/A,N/A,N/A,Planner (Không xác định),data/google_planner/ha-long/Keyword Stats 2026-02-22 at 22_21_22.csv,Viết bài top-list/so sánh; map vào cluster hub; bổ sung schema + ảnh/UGC,B,75.0,-100.0%,0
resort premier hạ long,Resort Hạ Long,Lưu trú,In-scope Hạ Long,Commercial Investigation,50,N/A,N/A,N/A,Planner (Thấp),data/google_planner/ha-long/Keyword Stats 2026-02-22 at 22_21_22.csv,Viết bài top-list/so sánh; map vào cluster hub; bổ sung schema + ảnh/UGC,B,75.0,0%,0
resort royal lotus hạ long,Resort Hạ Long,Lưu trú,In-scope Hạ Long,Commercial Investigation,50,N/A,N/A,N/A,Planner (Trung bình),data/google_planner/ha-long/Keyword Stats 2026-02-22 at 22_21_22.csv,Viết bài top-list/so sánh; map vào cluster hub; bổ sung schema + ảnh/UGC,B,75.0,0%,0
resort đẹp hạ long,Resort Hạ Long,Lưu trú,In-scope Hạ Long,Commercial Investigation,50,N/A,N/A,N/A,Planner (Trung bình),data/google_planner/ha-long/Keyword Stats 2026-02-22 at 22_21_22.csv,Viết bài top-list/so sánh; map vào cluster hub; bổ sung schema + ảnh/UGC,B,75.0,0%,0
resort đẹp nhất hạ long,Resort Hạ Long,Lưu trú,In-scope Hạ Long,Commercial Investigation,50,N/A,N/A,N/A,Planner (Cao),data/google_planner/ha-long/Keyword Stats 2026-02-22 at 22_21_22.csv,Viết bài top-list/so sánh; map vào cluster hub; bổ sung schema + ảnh/UGC,B,75.0,0%,0
resort đẹp ở hạ long,Resort Hạ Long,Lưu trú,In-scope Hạ Long,Commercial Investigation,50,N/A,N/A,N/A,Planner (Cao),data/google_planner/ha-long/Keyword Stats 2026-02-22 at 22_21_22.csv,Viết bài top-list/so sánh; map vào cluster hub; bổ sung schema + ảnh/UGC,B,75.0,0%,0
royal lotus hạ long resort,Resort Hạ Long,Lưu trú,In-scope Hạ Long,Commercial Investigation,50,N/A,N/A,N/A,Planner (Thấp),data/google_planner/ha-long/Keyword Stats 2026-02-22 at 22_21_22.csv,Viết bài top-list/so sánh; map vào cluster hub; bổ sung schema + ảnh/UGC,B,75.0,0%,0
royal lotus ha long resort villas,Resort Hạ Long,Lưu trú,In-scope Hạ Long,Commercial Investigation,50,N/A,N/A,N/A,Planner (Không xác định),data/google_planner/ha-long/Keyword Stats 2026-02-22 at 22_21_22.csv,Viết bài top-list/so sánh; map vào cluster hub; bổ sung schema + ảnh/UGC,B,75.0,0%,0
royal lotus hạ long resort and villa,Resort Hạ Long,Lưu trú,In-scope Hạ Long,Commercial Investigation,50,N/A,N/A,N/A,Planner (Không xác định),data/google_planner/ha-long/Keyword Stats 2026-02-22 at 22_21_22.csv,Viết bài top-list/so sánh; map vào cluster hub; bổ sung schema + ảnh/UGC,B,75.0,0%,0
royal lotus resort and villa hạ long,Resort Hạ Long,Lưu trú,In-scope Hạ Long,Commercial Investigation,50,N/A,N/A,N/A,Planner (Không xác định),data/google_planner/ha-long/Keyword Stats 2026-02-22 at 22_21_22.csv,Viết bài top-list/so sánh; map vào cluster hub; bổ sung schema + ảnh/UGC,B,75.0,0%,0
royal lotus resort hạ long,Resort Hạ Long,Lưu trú,In-scope Hạ Long,Commercial Investigation,50,N/A,N/A,N/A,Planner (Không xác định),data/google_planner/ha-long/Keyword Stats 2026-02-22 at 22_21_22.csv,Viết bài top-list/so sánh; map vào cluster hub; bổ sung schema + ảnh/UGC,B,75.0,-100.0%,0
royal resort hạ long,Resort Hạ Long,Lưu trú,In-scope Hạ Long,Commercial Investigation,50,N/A,N/A,N/A,Planner (Không xác định),data/google_planner/ha-long/Keyword Stats 2026-02-22 at 22_21_22.csv,Viết bài top-list/so sánh; map vào cluster hub; bổ sung schema + ảnh/UGC,B,75.0,0%,0
top resort hạ long,Resort Hạ Long,Lưu trú,In-scope Hạ Long,Commercial Investigation,50,N/A,N/A,N/A,Planner (Không xác định),data/google_planner/ha-long/Keyword Stats 2026-02-22 at 22_21_22.csv,Viết bài top-list/so sánh; map vào cluster hub; bổ sung schema + ảnh/UGC,B,75.0,-100.0%,0
villa resort hạ long,Resort Hạ Long,Lưu trú,In-scope Hạ Long,Commercial Investigation,50,N/A,N/A,N/A,Planner (Không xác định),data/google_planner/ha-long/Keyword Stats 2026-02-22 at 22_21_22.csv,Viết bài top-list/so sánh; map vào cluster hub; bổ sung schema + ảnh/UGC,B,75.0,-100.0%,0
vinpearl resort & spa hạ long ivivu,Resort Hạ Long,Lưu trú,In-scope Hạ Long,Commercial Investigation,50,N/A,N/A,N/A,Planner (Cao),data/google_planner/ha-long/Keyword Stats 2026-02-22 at 22_21_22.csv,Viết bài top-list/so sánh; map vào cluster hub; bổ sung schema + ảnh/UGC,B,75.0,0%,0
resort hạ long gần biển,Resort Hạ Long,Lưu trú,In-scope Hạ Long,Commercial Investigation,50,N/A,N/A,N/A,Planner (Không xác định),data/google_planner/ha-long/Keyword Stats 2026-02-22 at 22_21_22.csv,Viết bài top-list/so sánh; map vào cluster hub; bổ sung schema + ảnh/UGC,B,75.0,0%,0
khach san saigon ha long,Saigon Trip,Lưu trú,Out-of-scope Saigon,Transaction,500,N/A,N/A,N/A,Planner (Trung bình),data/google_planner/ha-long/Keyword Stats 2026-02-22 at 22_21_22.csv,"Tạo landing chuyển đổi (giá/vé/đặt chỗ), gom vào cluster page + build backlink nội bộ",B,825.0,0%,"7,983"
bãi biển sun world hạ long,Sun World Hạ Long,Địa danh tham quan / Văn hóa - Lịch sử,In-scope Hạ Long,Commercial Investigation,9900,N/A,N/A,N/A,Low (0),data/seo_insider/advance_search_report.csv,Viết bài top-list/so sánh; map vào cluster hub; bổ sung schema + ảnh/UGC,B,9900.0,N/A,N/A
ga cáp treo sun world fansipan legend,Sun World Hạ Long,Địa danh tham quan / Văn hóa - Lịch sử,In-scope Hạ Long,Commercial Investigation,5400,N/A,N/A,N/A,Low (13),data/seo_insider/advance_search_report.csv,Viết bài top-list/so sánh; map vào cluster hub; bổ sung schema + ảnh/UGC,B,4698.0,N/A,N/A
sài gòn hotel hạ long,Sài Gòn Trip,Lưu trú,Out-of-scope Sài Gòn,Transaction,50,N/A,N/A,N/A,Planner (Cao),data/google_planner/ha-long/Keyword Stats 2026-02-22 at 22_21_22.csv,"Tạo landing chuyển đổi (giá/vé/đặt chỗ), gom vào cluster page + build backlink nội bộ",B,82.50000000000001,0%,"37,665"
giá phòng khách sạn sài gòn hạ long,Sài Gòn Trip,Lưu trú,Out-of-scope Sài Gòn,Transaction,50,N/A,N/A,N/A,Planner (Cao),data/google_planner/ha-long/Keyword Stats 2026-02-22 at 22_21_22.csv,"Tạo landing chuyển đổi (giá/vé/đặt chỗ), gom vào cluster page + build backlink nội bộ",B,75.0,0%,0
khách sạn sài gòn ha long,Sài Gòn Trip,Lưu trú,Out-of-scope Sài Gòn,Transaction,50,N/A,N/A,N/A,Planner (Không xác định),data/google_planner/ha-long/Keyword Stats 2026-02-22 at 22_21_22.csv,"Tạo landing chuyển đổi (giá/vé/đặt chỗ), gom vào cluster page + build backlink nội bộ",B,75.0,-100.0%,0
review khách sạn sài gòn hạ long,Sài Gòn Trip,Lưu trú,Out-of-scope Sài Gòn,Commercial Investigation,50,N/A,N/A,N/A,Planner (Không xác định),data/google_planner/ha-long/Keyword Stats 2026-02-22 at 22_21_22.csv,Viết bài top-list/so sánh; map vào cluster hub; bổ sung schema + ảnh/UGC,B,75.0,0%,0
sài gòn hạ long khách sạn,Sài Gòn Trip,Lưu trú,Out-of-scope Sài Gòn,Commercial Investigation,50,N/A,N/A,N/A,Planner (Thấp),data/google_planner/ha-long/Keyword Stats 2026-02-22 at 22_21_22.csv,Viết bài top-list/so sánh; map vào cluster hub; bổ sung schema + ảnh/UGC,B,75.0,0%,0
đặt phòng khách sạn sài gòn hạ long,Sài Gòn Trip,Lưu trú,Out-of-scope Sài Gòn,Commercial Investigation,50,N/A,N/A,N/A,Planner (Cao),data/google_planner/ha-long/Keyword Stats 2026-02-22 at 22_21_22.csv,Viết bài top-list/so sánh; map vào cluster hub; bổ sung schema + ảnh/UGC,B,75.0,0%,0
địa chỉ khách sạn sài gòn hạ long,Sài Gòn Trip,Lưu trú,Out-of-scope Sài Gòn,Commercial Investigation,50,N/A,N/A,N/A,Planner (Thấp),data/google_planner/ha-long/Keyword Stats 2026-02-22 at 22_21_22.csv,Viết bài top-list/so sánh; map vào cluster hub; bổ sung schema + ảnh/UGC,B,75.0,0%,0
khách sạn hạ long tam đảo,Tam Đảo Trip,Lưu trú,Out-of-scope Tam Đảo,Transaction,50,N/A,N/A,N/A,Planner (Thấp),data/google_planner/ha-long/Keyword Stats 2026-02-22 at 01_10_50.csv,"Tạo landing chuyển đổi (giá/vé/đặt chỗ), gom vào cluster page + build backlink nội bộ",B,75.0,0%,0
mytour hạ long,Tour Hạ Long,Di chuyển,In-scope Hạ Long,Informational,50,N/A,N/A,N/A,Planner (Không xác định),data/google_planner/ha-long/Keyword Stats 2026-02-22 at 22_21_22.csv,Viết guide/review; ưu tiên long-tail; tạo topic hub và internal link về trang dịch vụ,B,50.0,0%,0
tour hạ long giá rẻ,Tour Hạ Long,Di chuyển,In-scope Hạ Long,Transaction,50,N/A,N/A,N/A,Planner (Thấp),data/google_planner/ha-long/Keyword Stats 2026-02-22 at 22_21_22.csv,"Tạo landing chuyển đổi (giá/vé/đặt chỗ), gom vào cluster page + build backlink nội bộ",B,50.0,0%,0
tour hạ long lan hạ,Tour Hạ Long,Di chuyển,In-scope Hạ Long,Commercial Investigation,50,N/A,N/A,N/A,Planner (Trung bình),data/google_planner/ha-long/Keyword Stats 2026-02-22 at 22_21_22.csv,Viết bài top-list/so sánh; map vào cluster hub; bổ sung schema + ảnh/UGC,B,50.0,0%,0
tour hạ long vịnh lan hạ,Tour Hạ Long,Di chuyển,In-scope Hạ Long,Commercial Investigation,50,N/A,N/A,N/A,Planner (Không xác định),data/google_planner/ha-long/Keyword Stats 2026-02-22 at 22_21_22.csv,Viết bài top-list/so sánh; map vào cluster hub; bổ sung schema + ảnh/UGC,B,50.0,-100.0%,0
tour du lịch hạ long,Tour Hạ Long,Di chuyển,In-scope Hạ Long,Commercial Investigation,N/A,N/A,N/A,N/A,Trend SI:26 -5%,data/google_trend/searched_with_top-queries_VN_20250210-1750_20260210-1750.csv,Viết bài top-list/so sánh; map vào cluster hub; bổ sung schema + ảnh/UGC,B,26.0,-5%,N/A
nhà khách bộ công an hạ long,Tổng hợp Hạ Long,Tổng hợp,In-scope Hạ Long,Informational,N/A,55,20,36.36%,N/A (N/A),data/google_search_console/Queries.csv,"Cập nhật nội dung theo intent, bổ sung FAQ + schema, tối ưu title/meta để đẩy Top 1-3",A,20.0,N/A,N/A
mườngthanh hạ long,Tổng hợp Hạ Long,Tổng hợp,In-scope Hạ Long,Informational,5000,N/A,N/A,N/A,Planner (Trung bình),data/google_planner/ha-long/Keyword Stats 2026-02-22 at 22_21_22.csv,Viết guide/review; ưu tiên long-tail; tạo topic hub và internal link về trang dịch vụ,B,5500.0,0%,"10,128"
du thuyền hạ long trong ngày,Tổng hợp Hạ Long,Tổng hợp,In-scope Hạ Long,Informational,500,N/A,N/A,N/A,Planner (Trung bình),data/google_planner/ha-long/Keyword Stats 2026-02-22 at 22_21_22.csv,Viết guide/review; ưu tiên long-tail; tạo topic hub và internal link về trang dịch vụ,B,650.0,900.0%,"19,259"
du thuyen ha long,Tổng hợp Hạ Long,Tổng hợp,In-scope Hạ Long,Informational,500,N/A,N/A,N/A,Planner (Thấp),data/google_planner/ha-long/Keyword Stats 2026-02-22 at 22_21_22.csv,Viết guide/review; ưu tiên long-tail; tạo topic hub và internal link về trang dịch vụ,B,550.0,0%,"15,428"
du thuyền hạ long 2 ngày 1 đêm,Tổng hợp Hạ Long,Tổng hợp,In-scope Hạ Long,Informational,500,N/A,N/A,N/A,Planner (Trung bình),data/google_planner/ha-long/Keyword Stats 2026-02-22 at 22_21_22.csv,Viết guide/review; ưu tiên long-tail; tạo topic hub và internal link về trang dịch vụ,B,550.0,0%,"16,028"
du thuyền hạ long 1 ngày,Tổng hợp Hạ Long,Tổng hợp,In-scope Hạ Long,Informational,500,N/A,N/A,N/A,Planner (Trung bình),data/google_planner/ha-long/Keyword Stats 2026-02-22 at 22_21_22.csv,Viết guide/review; ưu tiên long-tail; tạo topic hub và internal link về trang dịch vụ,B,550.0,0%,"19,724"
đi du thuyền hạ long,Tổng hợp Hạ Long,Tổng hợp,In-scope Hạ Long,Informational,500,N/A,N/A,N/A,Planner (Trung bình),data/google_planner/ha-long/Keyword Stats 2026-02-22 at 22_21_22.csv,Viết guide/review; ưu tiên long-tail; tạo topic hub và internal link về trang dịch vụ,B,550.0,0%,"15,533"
đặt du thuyền hạ long,Tổng hợp Hạ Long,Tổng hợp,In-scope Hạ Long,Informational,500,N/A,N/A,N/A,Planner (Cao),data/google_planner/ha-long/Keyword Stats 2026-02-22 at 22_21_22.csv,Viết guide/review; ưu tiên long-tail; tạo topic hub và internal link về trang dịch vụ,B,550.0,0%,"18,343"
ks muong thanh hạ long,Tổng hợp Hạ Long,Tổng hợp,In-scope Hạ Long,Informational,500,N/A,N/A,N/A,Planner (Trung bình),data/google_planner/ha-long/Keyword Stats 2026-02-22 at 22_21_22.csv,Viết guide/review; ưu tiên long-tail; tạo topic hub và internal link về trang dịch vụ,B,550.0,0%,"11,427"
du thuyền ambassador hạ long,Tổng hợp Hạ Long,Tổng hợp,In-scope Hạ Long,Informational,500,N/A,N/A,N/A,Planner (Trung bình),data/google_planner/ha-long/Keyword Stats 2026-02-22 at 22_21_22.csv,Viết guide/review; ưu tiên long-tail; tạo topic hub và internal link về trang dịch vụ,B,550.0,-90.0%,"13,244"
du thuyền 6 sao hạ long,Tổng hợp Hạ Long,Tổng hợp,In-scope Hạ Long,Informational,500,N/A,N/A,N/A,Planner (Trung bình),data/google_planner/ha-long/Keyword Stats 2026-02-22 at 22_21_22.csv,Viết guide/review; ưu tiên long-tail; tạo topic hub và internal link về trang dịch vụ,B,550.0,0%,"11,899"
khachs sạn hạ long,Tổng hợp Hạ Long,Tổng hợp,In-scope Hạ Long,Informational,500,N/A,N/A,N/A,Planner (Cao),data/google_planner/ha-long/Keyword Stats 2026-02-22 at 22_21_22.csv,Viết guide/review; ưu tiên long-tail; tạo topic hub và internal link về trang dịch vụ,B,550.0,-90.0%,"36,041"
flc grand hạ long,Tổng hợp Hạ Long,Tổng hợp,In-scope Hạ Long,Informational,500,N/A,N/A,N/A,Planner (Thấp),data/google_planner/ha-long/Keyword Stats 2026-02-22 at 22_21_22.csv,Viết guide/review; ưu tiên long-tail; tạo topic hub và internal link về trang dịch vụ,B,550.0,-90.0%,"51,939"
du thuyền tại hạ long,Tổng hợp Hạ Long,Tổng hợp,In-scope Hạ Long,Informational,500,N/A,N/A,N/A,Planner (Trung bình),data/google_planner/ha-long/Keyword Stats 2026-02-22 at 22_21_22.csv,Viết guide/review; ưu tiên long-tail; tạo topic hub và internal link về trang dịch vụ,B,550.0,0%,"10,923"
grand hạ long,Tổng hợp Hạ Long,Tổng hợp,In-scope Hạ Long,Informational,500,N/A,N/A,N/A,Planner (Thấp),data/google_planner/ha-long/Keyword Stats 2026-02-22 at 22_21_22.csv,Viết guide/review; ưu tiên long-tail; tạo topic hub và internal link về trang dịch vụ,B,550.0,0%,"5,659"
ksan hạ long,Tổng hợp Hạ Long,Tổng hợp,In-scope Hạ Long,Informational,500,N/A,N/A,N/A,Planner (Cao),data/google_planner/ha-long/Keyword Stats 2026-02-22 at 22_21_22.csv,Viết guide/review; ưu tiên long-tail; tạo topic hub và internal link về trang dịch vụ,B,550.0,-90.0%,"36,041"
muong thanh grand halong,Tổng hợp Hạ Long,Tổng hợp,In-scope Hạ Long,Informational,500,N/A,N/A,N/A,Planner (Thấp),data/google_planner/ha-long/Keyword Stats 2026-02-22 at 22_21_22.csv,Viết guide/review; ưu tiên long-tail; tạo topic hub và internal link về trang dịch vụ,B,550.0,0%,"12,901"
mường thanh hạ long 4 sao,Tổng hợp Hạ Long,Tổng hợp,In-scope Hạ Long,Informational,500,N/A,N/A,N/A,Planner (Thấp),data/google_planner/ha-long/Keyword Stats 2026-02-22 at 22_21_22.csv,Viết guide/review; ưu tiên long-tail; tạo topic hub và internal link về trang dịch vụ,B,550.0,0%,"5,904"
mường thanh hạ long 5 sao,Tổng hợp Hạ Long,Tổng hợp,In-scope Hạ Long,Informational,500,N/A,N/A,N/A,Planner (Thấp),data/google_planner/ha-long/Keyword Stats 2026-02-22 at 22_21_22.csv,Viết guide/review; ưu tiên long-tail; tạo topic hub và internal link về trang dịch vụ,B,550.0,-90.0%,"7,450"
mường thanh luxury centre hạ long,Tổng hợp Hạ Long,Tổng hợp,In-scope Hạ Long,Informational,500,N/A,N/A,N/A,Planner (Thấp),data/google_planner/ha-long/Keyword Stats 2026-02-22 at 22_21_22.csv,Viết guide/review; ưu tiên long-tail; tạo topic hub và internal link về trang dịch vụ,B,550.0,0%,"8,570"
mường thanh suối mơ hạ long,Tổng hợp Hạ Long,Tổng hợp,In-scope Hạ Long,Informational,500,N/A,N/A,N/A,Planner (Trung bình),data/google_planner/ha-long/Keyword Stats 2026-02-22 at 22_21_22.csv,Viết guide/review; ưu tiên long-tail; tạo topic hub và internal link về trang dịch vụ,B,550.0,0%,"8,863"
booking hạ long,Tổng hợp Hạ Long,Tổng hợp,In-scope Hạ Long,Transaction,500,N/A,N/A,N/A,Planner (Trung bình),data/google_planner/ha-long/Keyword Stats 2026-02-22 at 22_21_22.csv,"Tạo landing chuyển đổi (giá/vé/đặt chỗ), gom vào cluster page + build backlink nội bộ",B,550.0,0%,"37,478"
du lịch hạ long bằng du thuyền,Tổng hợp Hạ Long,Tổng hợp,In-scope Hạ Long,Informational,500,N/A,N/A,N/A,Planner (Thấp),data/google_planner/ha-long/Keyword Stats 2026-02-22 at 22_21_22.csv,Viết guide/review; ưu tiên long-tail; tạo topic hub và internal link về trang dịch vụ,B,500.0,0%,0
lịch trình du thuyền hạ long,Tổng hợp Hạ Long,Tổng hợp,In-scope Hạ Long,Informational,500,N/A,N/A,N/A,Planner (Cao),data/google_planner/ha-long/Keyword Stats 2026-02-22 at 22_21_22.csv,Viết guide/review; ưu tiên long-tail; tạo topic hub và internal link về trang dịch vụ,B,500.0,0%,0
trải nghiệm du thuyền hạ long,Tổng hợp Hạ Long,Tổng hợp,In-scope Hạ Long,Informational,500,N/A,N/A,N/A,Planner (Thấp),data/google_planner/ha-long/Keyword Stats 2026-02-22 at 22_21_22.csv,Viết guide/review; ưu tiên long-tail; tạo topic hub và internal link về trang dịch vụ,B,500.0,0%,0
đặt phòng du thuyền hạ long,Tổng hợp Hạ Long,Tổng hợp,In-scope Hạ Long,Informational,50,N/A,N/A,N/A,Planner (Trung bình),data/google_planner/ha-long/Keyword Stats 2026-02-22 at 22_21_22.csv,Viết guide/review; ưu tiên long-tail; tạo topic hub và internal link về trang dịch vụ,B,55.00000000000001,0%,"13,869"
mường thành hạ long,Tổng hợp Hạ Long,Tổng hợp,In-scope Hạ Long,Informational,50,N/A,N/A,N/A,Planner (Thấp),data/google_planner/ha-long/Keyword Stats 2026-02-22 at 22_21_22.csv,Viết guide/review; ưu tiên long-tail; tạo topic hub và internal link về trang dịch vụ,B,55.00000000000001,0%,"4,487"
du thuyen 5 sao ha long,Tổng hợp Hạ Long,Tổng hợp,In-scope Hạ Long,Informational,50,N/A,N/A,N/A,Planner (Cao),data/google_planner/ha-long/Keyword Stats 2026-02-22 at 22_21_22.csv,Viết guide/review; ưu tiên long-tail; tạo topic hub và internal link về trang dịch vụ,B,55.00000000000001,0%,"14,405"
mường thanh luxury ha long,Tổng hợp Hạ Long,Tổng hợp,In-scope Hạ Long,Informational,50,N/A,N/A,N/A,Planner (Thấp),data/google_planner/ha-long/Keyword Stats 2026-02-22 at 22_21_22.csv,Viết guide/review; ưu tiên long-tail; tạo topic hub và internal link về trang dịch vụ,B,55.00000000000001,0%,"21,513"
muong thanh grand hạ long,Tổng hợp Hạ Long,Tổng hợp,In-scope Hạ Long,Informational,50,N/A,N/A,N/A,Planner (Trung bình),data/google_planner/ha-long/Keyword Stats 2026-02-22 at 22_21_22.csv,Viết guide/review; ưu tiên long-tail; tạo topic hub và internal link về trang dịch vụ,B,55.00000000000001,0%,"16,620"
đặt phòng mường thanh hạ long,Tổng hợp Hạ Long,Tổng hợp,In-scope Hạ Long,Informational,50,N/A,N/A,N/A,Planner (Cao),data/google_planner/ha-long/Keyword Stats 2026-02-22 at 22_21_22.csv,Viết guide/review; ưu tiên long-tail; tạo topic hub và internal link về trang dịch vụ,B,55.00000000000001,0%,"25,118"
du thuyền hạ long 3 ngày 2 đêm,Tổng hợp Hạ Long,Tổng hợp,In-scope Hạ Long,Informational,50,N/A,N/A,N/A,Planner (Trung bình),data/google_planner/ha-long/Keyword Stats 2026-02-22 at 22_21_22.csv,Viết guide/review; ưu tiên long-tail; tạo topic hub và internal link về trang dịch vụ,B,55.00000000000001,0%,"15,354"
hạ long du thuyền,Tổng hợp Hạ Long,Tổng hợp,In-scope Hạ Long,Informational,50,N/A,N/A,N/A,Planner (Thấp),data/google_planner/ha-long/Keyword Stats 2026-02-22 at 22_21_22.csv,Viết guide/review; ưu tiên long-tail; tạo topic hub và internal link về trang dịch vụ,B,55.00000000000001,0%,"10,638"
du thuyen ha long 2 ngay 1 dem,Tổng hợp Hạ Long,Tổng hợp,In-scope Hạ Long,Informational,50,N/A,N/A,N/A,Planner (Cao),data/google_planner/ha-long/Keyword Stats 2026-02-22 at 22_21_22.csv,Viết guide/review; ưu tiên long-tail; tạo topic hub và internal link về trang dịch vụ,B,55.00000000000001,0%,"15,432"
book du thuyền hạ long,Tổng hợp Hạ Long,Tổng hợp,In-scope Hạ Long,Informational,50,N/A,N/A,N/A,Planner (Cao),data/google_planner/ha-long/Keyword Stats 2026-02-22 at 22_21_22.csv,Viết guide/review; ưu tiên long-tail; tạo topic hub và internal link về trang dịch vụ,B,55.00000000000001,0%,"9,768"
mường thanh luxury halong,Tổng hợp Hạ Long,Tổng hợp,In-scope Hạ Long,Informational,50,N/A,N/A,N/A,Planner (Thấp),data/google_planner/ha-long/Keyword Stats 2026-02-22 at 22_21_22.csv,Viết guide/review; ưu tiên long-tail; tạo topic hub và internal link về trang dịch vụ,B,55.00000000000001,0%,"20,776"
dự án alacarte hạ long,Tổng hợp Hạ Long,Tổng hợp,In-scope Hạ Long,Informational,50,N/A,N/A,N/A,Planner (Thấp),data/google_planner/ha-long/Keyword Stats 2026-02-22 at 22_21_22.csv,Viết guide/review; ưu tiên long-tail; tạo topic hub và internal link về trang dịch vụ,B,55.00000000000001,0%,"25,640"
muong thanh halong,Tổng hợp Hạ Long,Tổng hợp,In-scope Hạ Long,Informational,50,N/A,N/A,N/A,Planner (Thấp),data/google_planner/ha-long/Keyword Stats 2026-02-22 at 22_21_22.csv,Viết guide/review; ưu tiên long-tail; tạo topic hub và internal link về trang dịch vụ,B,55.00000000000001,0%,"8,790"
các du thuyền hạ long,Tổng hợp Hạ Long,Tổng hợp,In-scope Hạ Long,Informational,50,N/A,N/A,N/A,Planner (Trung bình),data/google_planner/ha-long/Keyword Stats 2026-02-22 at 22_21_22.csv,Viết guide/review; ưu tiên long-tail; tạo topic hub và internal link về trang dịch vụ,B,55.00000000000001,0%,"10,329"
du lịch đảo rều hạ long,Tổng hợp Hạ Long,Tổng hợp,In-scope Hạ Long,Informational,50,N/A,N/A,N/A,Planner (Cao),data/google_planner/ha-long/Keyword Stats 2026-02-22 at 22_21_22.csv,Viết guide/review; ưu tiên long-tail; tạo topic hub và internal link về trang dịch vụ,B,55.00000000000001,0%,"2,446"
du thuyen halong,Tổng hợp Hạ Long,Tổng hợp,In-scope Hạ Long,Informational,50,N/A,N/A,N/A,Planner (Trung bình),data/google_planner/ha-long/Keyword Stats 2026-02-22 at 22_21_22.csv,Viết guide/review; ưu tiên long-tail; tạo topic hub và internal link về trang dịch vụ,B,55.00000000000001,0%,"18,442"
du thuyền paradise hạ long,Tổng hợp Hạ Long,Tổng hợp,In-scope Hạ Long,Informational,50,N/A,N/A,N/A,Planner (Thấp),data/google_planner/ha-long/Keyword Stats 2026-02-22 at 22_21_22.csv,Viết guide/review; ưu tiên long-tail; tạo topic hub và internal link về trang dịch vụ,B,55.00000000000001,0%,"9,505"
du thuyền 1 ngày hạ long,Tổng hợp Hạ Long,Tổng hợp,In-scope Hạ Long,Informational,50,N/A,N/A,N/A,Planner (Cao),data/google_planner/ha-long/Keyword Stats 2026-02-22 at 22_21_22.csv,Viết guide/review; ưu tiên long-tail; tạo topic hub và internal link về trang dịch vụ,B,55.00000000000001,0%,"19,742"
du thuyền 3 sao hạ long,Tổng hợp Hạ Long,Tổng hợp,In-scope Hạ Long,Informational,50,N/A,N/A,N/A,Planner (Thấp),data/google_planner/ha-long/Keyword Stats 2026-02-22 at 22_21_22.csv,Viết guide/review; ưu tiên long-tail; tạo topic hub và internal link về trang dịch vụ,B,55.00000000000001,0%,"19,277"
du thuyền 4 sao hạ long,Tổng hợp Hạ Long,Tổng hợp,In-scope Hạ Long,Informational,50,N/A,N/A,N/A,Planner (Thấp),data/google_planner/ha-long/Keyword Stats 2026-02-22 at 22_21_22.csv,Viết guide/review; ưu tiên long-tail; tạo topic hub và internal link về trang dịch vụ,B,55.00000000000001,0%,"13,112"
du thuyền 5 sao tại hạ long,Tổng hợp Hạ Long,Tổng hợp,In-scope Hạ Long,Informational,50,N/A,N/A,N/A,Planner (Trung bình),data/google_planner/ha-long/Keyword Stats 2026-02-22 at 22_21_22.csv,Viết guide/review; ưu tiên long-tail; tạo topic hub và internal link về trang dịch vụ,B,55.00000000000001,0%,"12,954"
du thuyền 5 sao ở hạ long,Tổng hợp Hạ Long,Tổng hợp,In-scope Hạ Long,Informational,50,N/A,N/A,N/A,Planner (Trung bình),data/google_planner/ha-long/Keyword Stats 2026-02-22 at 22_21_22.csv,Viết guide/review; ưu tiên long-tail; tạo topic hub và internal link về trang dịch vụ,B,55.00000000000001,0%,"14,816"
du thuyền alisa hạ long,Tổng hợp Hạ Long,Tổng hợp,In-scope Hạ Long,Informational,50,N/A,N/A,N/A,Planner (Thấp),data/google_planner/ha-long/Keyword Stats 2026-02-22 at 22_21_22.csv,Viết guide/review; ưu tiên long-tail; tạo topic hub và internal link về trang dịch vụ,B,55.00000000000001,0%,"5,356"
du thuyền ambassador cruise hạ long,Tổng hợp Hạ Long,Tổng hợp,In-scope Hạ Long,Informational,50,N/A,N/A,N/A,Planner (Cao),data/google_planner/ha-long/Keyword Stats 2026-02-22 at 22_21_22.csv,Viết guide/review; ưu tiên long-tail; tạo topic hub và internal link về trang dịch vụ,B,55.00000000000001,0%,"9,851"
du thuyền athena hạ long,Tổng hợp Hạ Long,Tổng hợp,In-scope Hạ Long,Informational,50,N/A,N/A,N/A,Planner (Trung bình),data/google_planner/ha-long/Keyword Stats 2026-02-22 at 22_21_22.csv,Viết guide/review; ưu tiên long-tail; tạo topic hub và internal link về trang dịch vụ,B,55.00000000000001,0%,"5,973"
du thuyền du lịch hạ long,Tổng hợp Hạ Long,Tổng hợp,In-scope Hạ Long,Informational,50,N/A,N/A,N/A,Planner (Thấp),data/google_planner/ha-long/Keyword Stats 2026-02-22 at 22_21_22.csv,Viết guide/review; ưu tiên long-tail; tạo topic hub và internal link về trang dịch vụ,B,55.00000000000001,0%,"8,092"
du thuyền heritage hạ long,Tổng hợp Hạ Long,Tổng hợp,In-scope Hạ Long,Informational,50,N/A,N/A,N/A,Planner (Trung bình),data/google_planner/ha-long/Keyword Stats 2026-02-22 at 22_21_22.csv,Viết guide/review; ưu tiên long-tail; tạo topic hub và internal link về trang dịch vụ,B,55.00000000000001,0%,"10,431"
du thuyền hạ long 2n1d,Tổng hợp Hạ Long,Tổng hợp,In-scope Hạ Long,Informational,50,N/A,N/A,N/A,Planner (Trung bình),data/google_planner/ha-long/Keyword Stats 2026-02-22 at 22_21_22.csv,Viết guide/review; ưu tiên long-tail; tạo topic hub và internal link về trang dịch vụ,B,55.00000000000001,0%,"17,291"
du thuyền hạ long 3 sao,Tổng hợp Hạ Long,Tổng hợp,In-scope Hạ Long,Informational,50,N/A,N/A,N/A,Planner (Trung bình),data/google_planner/ha-long/Keyword Stats 2026-02-22 at 22_21_22.csv,Viết guide/review; ưu tiên long-tail; tạo topic hub và internal link về trang dịch vụ,B,55.00000000000001,0%,"12,650"
du thuyền hạ long 6 sao,Tổng hợp Hạ Long,Tổng hợp,In-scope Hạ Long,Informational,50,N/A,N/A,N/A,Planner (Trung bình),data/google_planner/ha-long/Keyword Stats 2026-02-22 at 22_21_22.csv,Viết guide/review; ưu tiên long-tail; tạo topic hub và internal link về trang dịch vụ,B,55.00000000000001,0%,"12,592"
du thuyền hạ long cruise,Tổng hợp Hạ Long,Tổng hợp,In-scope Hạ Long,Informational,50,N/A,N/A,N/A,Planner (Trung bình),data/google_planner/ha-long/Keyword Stats 2026-02-22 at 22_21_22.csv,Viết guide/review; ưu tiên long-tail; tạo topic hub và internal link về trang dịch vụ,B,55.00000000000001,0%,"7,806"
du thuyền lớn nhất hạ long,Tổng hợp Hạ Long,Tổng hợp,In-scope Hạ Long,Informational,50,N/A,N/A,N/A,Planner (Trung bình),data/google_planner/ha-long/Keyword Stats 2026-02-22 at 22_21_22.csv,Viết guide/review; ưu tiên long-tail; tạo topic hub và internal link về trang dịch vụ,B,55.00000000000001,0%,"8,875"
du thuyền orchid hạ long,Tổng hợp Hạ Long,Tổng hợp,In-scope Hạ Long,Informational,50,N/A,N/A,N/A,Planner (Trung bình),data/google_planner/ha-long/Keyword Stats 2026-02-22 at 22_21_22.csv,Viết guide/review; ưu tiên long-tail; tạo topic hub và internal link về trang dịch vụ,B,55.00000000000001,0%,"7,429"
du thuyền paradise elegance hạ long,Tổng hợp Hạ Long,Tổng hợp,In-scope Hạ Long,Informational,50,N/A,N/A,N/A,Planner (Thấp),data/google_planner/ha-long/Keyword Stats 2026-02-22 at 22_21_22.csv,Viết guide/review; ưu tiên long-tail; tạo topic hub và internal link về trang dịch vụ,B,55.00000000000001,0%,"5,742"
du thuyền scarlet pearl hạ long,Tổng hợp Hạ Long,Tổng hợp,In-scope Hạ Long,Informational,50,N/A,N/A,N/A,Planner (Trung bình),data/google_planner/ha-long/Keyword Stats 2026-02-22 at 22_21_22.csv,Viết guide/review; ưu tiên long-tail; tạo topic hub và internal link về trang dịch vụ,B,55.00000000000001,0%,"16,068"
du thuyền to nhất hạ long,Tổng hợp Hạ Long,Tổng hợp,In-scope Hạ Long,Informational,50,N/A,N/A,N/A,Planner (Trung bình),data/google_planner/ha-long/Keyword Stats 2026-02-22 at 22_21_22.csv,Viết guide/review; ưu tiên long-tail; tạo topic hub và internal link về trang dịch vụ,B,55.00000000000001,0%,"6,903"
du thuyền xịn nhất hạ long,Tổng hợp Hạ Long,Tổng hợp,In-scope Hạ Long,Informational,50,N/A,N/A,N/A,Planner (Trung bình),data/google_planner/ha-long/Keyword Stats 2026-02-22 at 22_21_22.csv,Viết guide/review; ưu tiên long-tail; tạo topic hub và internal link về trang dịch vụ,B,55.00000000000001,0%,"10,588"
du thuyền đi hạ long,Tổng hợp Hạ Long,Tổng hợp,In-scope Hạ Long,Informational,50,N/A,N/A,N/A,Planner (Cao),data/google_planner/ha-long/Keyword Stats 2026-02-22 at 22_21_22.csv,Viết guide/review; ưu tiên long-tail; tạo topic hub và internal link về trang dịch vụ,B,55.00000000000001,0%,"16,734"
du thuyền đẹp nhất hạ long,Tổng hợp Hạ Long,Tổng hợp,In-scope Hạ Long,Informational,50,N/A,N/A,N/A,Planner (Trung bình),data/google_planner/ha-long/Keyword Stats 2026-02-22 at 22_21_22.csv,Viết guide/review; ưu tiên long-tail; tạo topic hub và internal link về trang dịch vụ,B,55.00000000000001,0%,"16,308"
ks grand hạ long,Tổng hợp Hạ Long,Tổng hợp,In-scope Hạ Long,Informational,50,N/A,N/A,N/A,Planner (Thấp),data/google_planner/ha-long/Keyword Stats 2026-02-22 at 22_21_22.csv,Viết guide/review; ưu tiên long-tail; tạo topic hub và internal link về trang dịch vụ,B,55.00000000000001,0%,"7,681"
ks mường thanh grand hạ long,Tổng hợp Hạ Long,Tổng hợp,In-scope Hạ Long,Informational,50,N/A,N/A,N/A,Planner (Cao),data/google_planner/ha-long/Keyword Stats 2026-02-22 at 22_21_22.csv,Viết guide/review; ưu tiên long-tail; tạo topic hub và internal link về trang dịch vụ,B,55.00000000000001,0%,"9,091"
ks mường thanh luxury hạ long,Tổng hợp Hạ Long,Tổng hợp,In-scope Hạ Long,Informational,50,N/A,N/A,N/A,Planner (Trung bình),data/google_planner/ha-long/Keyword Stats 2026-02-22 at 22_21_22.csv,Viết guide/review; ưu tiên long-tail; tạo topic hub và internal link về trang dịch vụ,B,55.00000000000001,0%,"10,750"
lễ tân vinpearl hạ long,Tổng hợp Hạ Long,Tổng hợp,In-scope Hạ Long,Informational,50,N/A,N/A,N/A,Planner (Trung bình),data/google_planner/ha-long/Keyword Stats 2026-02-22 at 22_21_22.csv,Viết guide/review; ưu tiên long-tail; tạo topic hub và internal link về trang dịch vụ,B,55.00000000000001,0%,"21,330"
mường thanh 5 sao hạ long,Tổng hợp Hạ Long,Tổng hợp,In-scope Hạ Long,Informational,50,N/A,N/A,N/A,Planner (Thấp),data/google_planner/ha-long/Keyword Stats 2026-02-22 at 22_21_22.csv,Viết guide/review; ưu tiên long-tail; tạo topic hub và internal link về trang dịch vụ,B,55.00000000000001,0%,"6,922"
mường thanh hạ long grand,Tổng hợp Hạ Long,Tổng hợp,In-scope Hạ Long,Informational,50,N/A,N/A,N/A,Planner (Trung bình),data/google_planner/ha-long/Keyword Stats 2026-02-22 at 22_21_22.csv,Viết guide/review; ưu tiên long-tail; tạo topic hub và internal link về trang dịch vụ,B,55.00000000000001,0%,"7,281"
mường thanh hạ long luxury,Tổng hợp Hạ Long,Tổng hợp,In-scope Hạ Long,Informational,50,N/A,N/A,N/A,Planner (Trung bình),data/google_planner/ha-long/Keyword Stats 2026-02-22 at 22_21_22.csv,Viết guide/review; ưu tiên long-tail; tạo topic hub và internal link về trang dịch vụ,B,55.00000000000001,0%,"6,310"
mường thanh hạ long mấy sao,Tổng hợp Hạ Long,Tổng hợp,In-scope Hạ Long,Informational,50,N/A,N/A,N/A,Planner (Thấp),data/google_planner/ha-long/Keyword Stats 2026-02-22 at 22_21_22.csv,Viết guide/review; ưu tiên long-tail; tạo topic hub và internal link về trang dịch vụ,B,55.00000000000001,0%,"14,597"
nên đi du thuyền nào ở hạ long,Tổng hợp Hạ Long,Tổng hợp,In-scope Hạ Long,Informational,50,N/A,N/A,N/A,Planner (Cao),data/google_planner/ha-long/Keyword Stats 2026-02-22 at 22_21_22.csv,Viết guide/review; ưu tiên long-tail; tạo topic hub và internal link về trang dịch vụ,B,55.00000000000001,0%,"7,659"
thuyền du lịch hạ long,Tổng hợp Hạ Long,Tổng hợp,In-scope Hạ Long,Informational,50,N/A,N/A,N/A,Planner (Thấp),data/google_planner/ha-long/Keyword Stats 2026-02-22 at 22_21_22.csv,Viết guide/review; ưu tiên long-tail; tạo topic hub và internal link về trang dịch vụ,B,55.00000000000001,0%,"13,416"
đi du thuyền ở hạ long,Tổng hợp Hạ Long,Tổng hợp,In-scope Hạ Long,Informational,50,N/A,N/A,N/A,Planner (Trung bình),data/google_planner/ha-long/Keyword Stats 2026-02-22 at 22_21_22.csv,Viết guide/review; ưu tiên long-tail; tạo topic hub và internal link về trang dịch vụ,B,55.00000000000001,0%,"7,948"
gia du thuyen ha long,Tổng hợp Hạ Long,Tổng hợp,In-scope Hạ Long,Transaction,50,N/A,N/A,N/A,Planner (Cao),data/google_planner/ha-long/Keyword Stats 2026-02-22 at 22_21_22.csv,"Tạo landing chuyển đổi (giá/vé/đặt chỗ), gom vào cluster page + build backlink nội bộ",B,55.00000000000001,0%,"10,661"
dat phong ha long,Tổng hợp Hạ Long,Tổng hợp,In-scope Hạ Long,Transaction,50,N/A,N/A,N/A,Planner (Trung bình),data/google_planner/ha-long/Keyword Stats 2026-02-22 at 22_21_22.csv,"Tạo landing chuyển đổi (giá/vé/đặt chỗ), gom vào cluster page + build backlink nội bộ",B,55.00000000000001,0%,"46,059"
giá thuê du thuyền hạ long,Tổng hợp Hạ Long,Tổng hợp,In-scope Hạ Long,Transaction,50,N/A,N/A,N/A,Planner (Trung bình),data/google_planner/ha-long/Keyword Stats 2026-02-22 at 22_21_22.csv,"Tạo landing chuyển đổi (giá/vé/đặt chỗ), gom vào cluster page + build backlink nội bộ",B,55.00000000000001,0%,"7,051"
combo du thuyền hạ long 2 ngày 1 đêm,Tổng hợp Hạ Long,Tổng hợp,In-scope Hạ Long,Transaction,50,N/A,N/A,N/A,Planner (Cao),data/google_planner/ha-long/Keyword Stats 2026-02-22 at 22_21_22.csv,"Tạo landing chuyển đổi (giá/vé/đặt chỗ), gom vào cluster page + build backlink nội bộ",B,55.00000000000001,0%,"6,208"
bảng giá du thuyền hạ long,Tổng hợp Hạ Long,Tổng hợp,In-scope Hạ Long,Transaction,50,N/A,N/A,N/A,Planner (Trung bình),data/google_planner/ha-long/Keyword Stats 2026-02-22 at 22_21_22.csv,"Tạo landing chuyển đổi (giá/vé/đặt chỗ), gom vào cluster page + build backlink nội bộ",B,55.00000000000001,0%,"5,440"
cho thuê du thuyền hạ long,Tổng hợp Hạ Long,Tổng hợp,In-scope Hạ Long,Transaction,50,N/A,N/A,N/A,Planner (Cao),data/google_planner/ha-long/Keyword Stats 2026-02-22 at 22_21_22.csv,"Tạo landing chuyển đổi (giá/vé/đặt chỗ), gom vào cluster page + build backlink nội bộ",B,55.00000000000001,0%,"21,254"
du thuyền hạ long giá rẻ,Tổng hợp Hạ Long,Tổng hợp,In-scope Hạ Long,Transaction,50,N/A,N/A,N/A,Planner (Cao),data/google_planner/ha-long/Keyword Stats 2026-02-22 at 22_21_22.csv,"Tạo landing chuyển đổi (giá/vé/đặt chỗ), gom vào cluster page + build backlink nội bộ",B,55.00000000000001,0%,"14,803"
giá du thuyền ở hạ long,Tổng hợp Hạ Long,Tổng hợp,In-scope Hạ Long,Transaction,50,N/A,N/A,N/A,Planner (Trung bình),data/google_planner/ha-long/Keyword Stats 2026-02-22 at 22_21_22.csv,"Tạo landing chuyển đổi (giá/vé/đặt chỗ), gom vào cluster page + build backlink nội bộ",B,55.00000000000001,0%,"8,237"
giá mường thanh hạ long,Tổng hợp Hạ Long,Tổng hợp,In-scope Hạ Long,Transaction,50,N/A,N/A,N/A,Planner (Trung bình),data/google_planner/ha-long/Keyword Stats 2026-02-22 at 22_21_22.csv,"Tạo landing chuyển đổi (giá/vé/đặt chỗ), gom vào cluster page + build backlink nội bộ",B,55.00000000000001,0%,"1,190"
giá phòng du thuyền hạ long,Tổng hợp Hạ Long,Tổng hợp,In-scope Hạ Long,Transaction,50,N/A,N/A,N/A,Planner (Cao),data/google_planner/ha-long/Keyword Stats 2026-02-22 at 22_21_22.csv,"Tạo landing chuyển đổi (giá/vé/đặt chỗ), gom vào cluster page + build backlink nội bộ",B,55.00000000000001,0%,"6,086"
giá thuê du thuyền ở hạ long,Tổng hợp Hạ Long,Tổng hợp,In-scope Hạ Long,Transaction,50,N/A,N/A,N/A,Planner (Cao),data/google_planner/ha-long/Keyword Stats 2026-02-22 at 22_21_22.csv,"Tạo landing chuyển đổi (giá/vé/đặt chỗ), gom vào cluster page + build backlink nội bộ",B,55.00000000000001,0%,"8,884"
giá vé đi du thuyền hạ long,Tổng hợp Hạ Long,Tổng hợp,In-scope Hạ Long,Transaction,50,N/A,N/A,N/A,Planner (Cao),data/google_planner/ha-long/Keyword Stats 2026-02-22 at 22_21_22.csv,"Tạo landing chuyển đổi (giá/vé/đặt chỗ), gom vào cluster page + build backlink nội bộ",B,55.00000000000001,0%,"5,195"
mua vé du thuyền hạ long,Tổng hợp Hạ Long,Tổng hợp,In-scope Hạ Long,Transaction,50,N/A,N/A,N/A,Planner (Trung bình),data/google_planner/ha-long/Keyword Stats 2026-02-22 at 22_21_22.csv,"Tạo landing chuyển đổi (giá/vé/đặt chỗ), gom vào cluster page + build backlink nội bộ",B,55.00000000000001,0%,"16,550"
thuê du thuyền riêng hạ long,Tổng hợp Hạ Long,Tổng hợp,In-scope Hạ Long,Transaction,50,N/A,N/A,N/A,Planner (Trung bình),data/google_planner/ha-long/Keyword Stats 2026-02-22 at 22_21_22.csv,"Tạo landing chuyển đổi (giá/vé/đặt chỗ), gom vào cluster page + build backlink nội bộ",B,55.00000000000001,0%,"11,111"
vinpearl hạ long booking,Tổng hợp Hạ Long,Tổng hợp,In-scope Hạ Long,Transaction,50,N/A,N/A,N/A,Planner (Cao),data/google_planner/ha-long/Keyword Stats 2026-02-22 at 22_21_22.csv,"Tạo landing chuyển đổi (giá/vé/đặt chỗ), gom vào cluster page + build backlink nội bộ",B,55.00000000000001,0%,"15,011"
voucher du thuyền hạ long,Tổng hợp Hạ Long,Tổng hợp,In-scope Hạ Long,Transaction,50,N/A,N/A,N/A,Planner (Cao),data/google_planner/ha-long/Keyword Stats 2026-02-22 at 22_21_22.csv,"Tạo landing chuyển đổi (giá/vé/đặt chỗ), gom vào cluster page + build backlink nội bộ",B,55.00000000000001,0%,"17,769"
đánh giá vinpearl hạ long,Tổng hợp Hạ Long,Tổng hợp,In-scope Hạ Long,Transaction,50,N/A,N/A,N/A,Planner (Thấp),data/google_planner/ha-long/Keyword Stats 2026-02-22 at 22_21_22.csv,"Tạo landing chuyển đổi (giá/vé/đặt chỗ), gom vào cluster page + build backlink nội bộ",B,55.00000000000001,0%,"18,138"
ve du thuyen ha long,Tổng hợp Hạ Long,Tổng hợp,In-scope Hạ Long,Commercial Investigation,50,N/A,N/A,N/A,Planner (Cao),data/google_planner/ha-long/Keyword Stats 2026-02-22 at 22_21_22.csv,Viết bài top-list/so sánh; map vào cluster hub; bổ sung schema + ảnh/UGC,B,55.00000000000001,0%,"12,078"
đặt vé du thuyền hạ long,Tổng hợp Hạ Long,Tổng hợp,In-scope Hạ Long,Commercial Investigation,50,N/A,N/A,N/A,Planner (Cao),data/google_planner/ha-long/Keyword Stats 2026-02-22 at 22_21_22.csv,Viết bài top-list/so sánh; map vào cluster hub; bổ sung schema + ảnh/UGC,B,55.00000000000001,0%,"20,515"
vé đi du thuyền hạ long,Tổng hợp Hạ Long,Tổng hợp,In-scope Hạ Long,Commercial Investigation,50,N/A,N/A,N/A,Planner (Trung bình),data/google_planner/ha-long/Keyword Stats 2026-02-22 at 22_21_22.csv,Viết bài top-list/so sánh; map vào cluster hub; bổ sung schema + ảnh/UGC,B,55.00000000000001,0%,"10,667"
top du thuyền hạ long,Tổng hợp Hạ Long,Tổng hợp,In-scope Hạ Long,Commercial Investigation,50,N/A,N/A,N/A,Planner (Cao),data/google_planner/ha-long/Keyword Stats 2026-02-22 at 22_21_22.csv,Viết bài top-list/so sánh; map vào cluster hub; bổ sung schema + ảnh/UGC,B,55.00000000000001,0%,"7,525"
du lich du thuyen ha long,Tổng hợp Hạ Long,Tổng hợp,In-scope Hạ Long,Informational,50,N/A,N/A,N/A,Planner (Thấp),data/google_planner/ha-long/Keyword Stats 2026-02-22 at 22_21_22.csv,Viết guide/review; ưu tiên long-tail; tạo topic hub và internal link về trang dịch vụ,B,50.0,0%,0
du thuyen ha long 5 sao,Tổng hợp Hạ Long,Tổng hợp,In-scope Hạ Long,Informational,50,N/A,N/A,N/A,Planner (Cao),data/google_planner/ha-long/Keyword Stats 2026-02-22 at 22_21_22.csv,Viết guide/review; ưu tiên long-tail; tạo topic hub và internal link về trang dịch vụ,B,50.0,0%,0
du thuyen o ha long,Tổng hợp Hạ Long,Tổng hợp,In-scope Hạ Long,Informational,50,N/A,N/A,N/A,Planner (Không xác định),data/google_planner/ha-long/Keyword Stats 2026-02-22 at 22_21_22.csv,Viết guide/review; ưu tiên long-tail; tạo topic hub và internal link về trang dịch vụ,B,50.0,-100.0%,0
tua du thuyền hạ long,Tổng hợp Hạ Long,Tổng hợp,In-scope Hạ Long,Informational,50,N/A,N/A,N/A,Planner (Không xác định),data/google_planner/ha-long/Keyword Stats 2026-02-22 at 22_21_22.csv,Viết guide/review; ưu tiên long-tail; tạo topic hub và internal link về trang dịch vụ,B,50.0,0%,0
du lich ha long du thuyen,Tổng hợp Hạ Long,Tổng hợp,In-scope Hạ Long,Informational,50,N/A,N/A,N/A,Planner (Không xác định),data/google_planner/ha-long/Keyword Stats 2026-02-22 at 22_21_22.csv,Viết guide/review; ưu tiên long-tail; tạo topic hub và internal link về trang dịch vụ,B,50.0,-100.0%,0
mường thanh luxury ha long centre,Tổng hợp Hạ Long,Tổng hợp,In-scope Hạ Long,Informational,50,N/A,N/A,N/A,Planner (Cao),data/google_planner/ha-long/Keyword Stats 2026-02-22 at 22_21_22.csv,Viết guide/review; ưu tiên long-tail; tạo topic hub và internal link về trang dịch vụ,B,50.0,0%,0
muong thanh ha long centre,Tổng hợp Hạ Long,Tổng hợp,In-scope Hạ Long,Informational,50,N/A,N/A,N/A,Planner (Thấp),data/google_planner/ha-long/Keyword Stats 2026-02-22 at 22_21_22.csv,Viết guide/review; ưu tiên long-tail; tạo topic hub và internal link về trang dịch vụ,B,50.0,0%,0
mường thanh centre ha long,Tổng hợp Hạ Long,Tổng hợp,In-scope Hạ Long,Informational,50,N/A,N/A,N/A,Planner (Trung bình),data/google_planner/ha-long/Keyword Stats 2026-02-22 at 22_21_22.csv,Viết guide/review; ưu tiên long-tail; tạo topic hub và internal link về trang dịch vụ,B,50.0,0%,0
du thuyền hạ long nào tốt,Tổng hợp Hạ Long,Tổng hợp,In-scope Hạ Long,Informational,50,N/A,N/A,N/A,Planner (Không xác định),data/google_planner/ha-long/Keyword Stats 2026-02-22 at 22_21_22.csv,Viết guide/review; ưu tiên long-tail; tạo topic hub và internal link về trang dịch vụ,B,50.0,-100.0%,0
lịch trình đi hạ long 2 ngày 1 đêm,Tổng hợp Hạ Long,Tổng hợp,In-scope Hạ Long,Informational,50,N/A,N/A,N/A,Planner (Thấp),data/google_planner/ha-long/Keyword Stats 2026-02-22 at 22_21_22.csv,Viết guide/review; ưu tiên long-tail; tạo topic hub và internal link về trang dịch vụ,B,50.0,0%,0
dịch vụ du thuyền hạ long,Tổng hợp Hạ Long,Tổng hợp,In-scope Hạ Long,Informational,50,N/A,N/A,N/A,Planner (Cao),data/google_planner/ha-long/Keyword Stats 2026-02-22 at 22_21_22.csv,Viết guide/review; ưu tiên long-tail; tạo topic hub và internal link về trang dịch vụ,B,50.0,0%,0
3 địa điểm du lịch nổi tiếng ở hạ long,Tổng hợp Hạ Long,Tổng hợp,In-scope Hạ Long,Informational,50,N/A,N/A,N/A,Planner (Thấp),data/google_planner/ha-long/Keyword Stats 2026-02-22 at 22_21_22.csv,Viết guide/review; ưu tiên long-tail; tạo topic hub và internal link về trang dịch vụ,B,50.0,0%,0
agoda mường thanh hạ long,Tổng hợp Hạ Long,Tổng hợp,In-scope Hạ Long,Informational,50,N/A,N/A,N/A,Planner (Trung bình),data/google_planner/ha-long/Keyword Stats 2026-02-22 at 22_21_22.csv,Viết guide/review; ưu tiên long-tail; tạo topic hub và internal link về trang dịch vụ,B,50.0,0%,0
asean ha long,Tổng hợp Hạ Long,Tổng hợp,In-scope Hạ Long,Informational,50,N/A,N/A,N/A,Planner (Thấp),data/google_planner/ha-long/Keyword Stats 2026-02-22 at 22_21_22.csv,Viết guide/review; ưu tiên long-tail; tạo topic hub và internal link về trang dịch vụ,B,50.0,0%,0
bao trọn du thuyền hạ long,Tổng hợp Hạ Long,Tổng hợp,In-scope Hạ Long,Informational,50,N/A,N/A,N/A,Planner (Không xác định),data/google_planner/ha-long/Keyword Stats 2026-02-22 at 22_21_22.csv,Viết guide/review; ưu tiên long-tail; tạo topic hub và internal link về trang dịch vụ,B,50.0,-100.0%,0
bể bơi mường thanh hạ long,Tổng hợp Hạ Long,Tổng hợp,In-scope Hạ Long,Informational,50,N/A,N/A,N/A,Planner (Thấp),data/google_planner/ha-long/Keyword Stats 2026-02-22 at 22_21_22.csv,Viết guide/review; ưu tiên long-tail; tạo topic hub và internal link về trang dịch vụ,B,50.0,0%,0
công đoàn hạ long,Tổng hợp Hạ Long,Tổng hợp,In-scope Hạ Long,Informational,50,N/A,N/A,N/A,Planner (Thấp),data/google_planner/ha-long/Keyword Stats 2026-02-22 at 22_21_22.csv,Viết guide/review; ưu tiên long-tail; tạo topic hub và internal link về trang dịch vụ,B,50.0,0%,0
di du thuyen ha long,Tổng hợp Hạ Long,Tổng hợp,In-scope Hạ Long,Informational,50,N/A,N/A,N/A,Planner (Không xác định),data/google_planner/ha-long/Keyword Stats 2026-02-22 at 22_21_22.csv,Viết guide/review; ưu tiên long-tail; tạo topic hub và internal link về trang dịch vụ,B,50.0,0%,0
du lich ha long 3 ngay,Tổng hợp Hạ Long,Tổng hợp,In-scope Hạ Long,Informational,50,N/A,N/A,N/A,Planner (Không xác định),data/google_planner/ha-long/Keyword Stats 2026-02-22 at 22_21_22.csv,Viết guide/review; ưu tiên long-tail; tạo topic hub và internal link về trang dịch vụ,B,50.0,0%,0
du lịch thuyền hạ long,Tổng hợp Hạ Long,Tổng hợp,In-scope Hạ Long,Informational,50,N/A,N/A,N/A,Planner (Cao),data/google_planner/ha-long/Keyword Stats 2026-02-22 at 22_21_22.csv,Viết guide/review; ưu tiên long-tail; tạo topic hub và internal link về trang dịch vụ,B,50.0,0%,0
du lịch du thuyền 5 sao hạ long,Tổng hợp Hạ Long,Tổng hợp,In-scope Hạ Long,Informational,50,N/A,N/A,N/A,Planner (Không xác định),data/google_planner/ha-long/Keyword Stats 2026-02-22 at 22_21_22.csv,Viết guide/review; ưu tiên long-tail; tạo topic hub và internal link về trang dịch vụ,B,50.0,-100.0%,0
du lịch flc hạ long,Tổng hợp Hạ Long,Tổng hợp,In-scope Hạ Long,Informational,50,N/A,N/A,N/A,Planner (Thấp),data/google_planner/ha-long/Keyword Stats 2026-02-22 at 22_21_22.csv,Viết guide/review; ưu tiên long-tail; tạo topic hub và internal link về trang dịch vụ,B,50.0,0%,0
du lịch hạ long bằng thuyền,Tổng hợp Hạ Long,Tổng hợp,In-scope Hạ Long,Informational,50,N/A,N/A,N/A,Planner (Không xác định),data/google_planner/ha-long/Keyword Stats 2026-02-22 at 22_21_22.csv,Viết guide/review; ưu tiên long-tail; tạo topic hub và internal link về trang dịch vụ,B,50.0,-100.0%,0
du lịch hạ long trên du thuyền,Tổng hợp Hạ Long,Tổng hợp,In-scope Hạ Long,Informational,50,N/A,N/A,N/A,Planner (Không xác định),data/google_planner/ha-long/Keyword Stats 2026-02-22 at 22_21_22.csv,Viết guide/review; ưu tiên long-tail; tạo topic hub và internal link về trang dịch vụ,B,50.0,-100.0%,0
du lịch hạ long trên thuyền,Tổng hợp Hạ Long,Tổng hợp,In-scope Hạ Long,Informational,50,N/A,N/A,N/A,Planner (Không xác định),data/google_planner/ha-long/Keyword Stats 2026-02-22 at 22_21_22.csv,Viết guide/review; ưu tiên long-tail; tạo topic hub và internal link về trang dịch vụ,B,50.0,0%,0
du lịch thuyền 5 sao hạ long,Tổng hợp Hạ Long,Tổng hợp,In-scope Hạ Long,Informational,50,N/A,N/A,N/A,Planner (Cao),data/google_planner/ha-long/Keyword Stats 2026-02-22 at 22_21_22.csv,Viết guide/review; ưu tiên long-tail; tạo topic hub và internal link về trang dịch vụ,B,50.0,0%,0
du lịch trên du thuyền hạ long,Tổng hợp Hạ Long,Tổng hợp,In-scope Hạ Long,Informational,50,N/A,N/A,N/A,Planner (Không xác định),data/google_planner/ha-long/Keyword Stats 2026-02-22 at 22_21_22.csv,Viết guide/review; ưu tiên long-tail; tạo topic hub và internal link về trang dịch vụ,B,50.0,0%,0
du lịch trên thuyền hạ long,Tổng hợp Hạ Long,Tổng hợp,In-scope Hạ Long,Informational,50,N/A,N/A,N/A,Planner (Thấp),data/google_planner/ha-long/Keyword Stats 2026-02-22 at 22_21_22.csv,Viết guide/review; ưu tiên long-tail; tạo topic hub và internal link về trang dịch vụ,B,50.0,0%,0
du lịch vinpearl hạ long,Tổng hợp Hạ Long,Tổng hợp,In-scope Hạ Long,Informational,50,N/A,N/A,N/A,Planner (Cao),data/google_planner/ha-long/Keyword Stats 2026-02-22 at 22_21_22.csv,Viết guide/review; ưu tiên long-tail; tạo topic hub và internal link về trang dịch vụ,B,50.0,0%,0
du thuyền 5 * hạ long,Tổng hợp Hạ Long,Tổng hợp,In-scope Hạ Long,Informational,50,N/A,N/A,N/A,Planner (Cao),data/google_planner/ha-long/Keyword Stats 2026-02-22 at 22_21_22.csv,Viết guide/review; ưu tiên long-tail; tạo topic hub và internal link về trang dịch vụ,B,50.0,0%,0
du thuyền 5 sao đẹp nhất hạ long,Tổng hợp Hạ Long,Tổng hợp,In-scope Hạ Long,Informational,50,N/A,N/A,N/A,Planner (Trung bình),data/google_planner/ha-long/Keyword Stats 2026-02-22 at 22_21_22.csv,Viết guide/review; ưu tiên long-tail; tạo topic hub và internal link về trang dịch vụ,B,50.0,0%,0
du thuyền bhaya hạ long,Tổng hợp Hạ Long,Tổng hợp,In-scope Hạ Long,Informational,50,N/A,N/A,N/A,Planner (Trung bình),data/google_planner/ha-long/Keyword Stats 2026-02-22 at 22_21_22.csv,Viết guide/review; ưu tiên long-tail; tạo topic hub và internal link về trang dịch vụ,B,50.0,0%,0
du thuyền dynasty hạ long,Tổng hợp Hạ Long,Tổng hợp,In-scope Hạ Long,Informational,50,N/A,N/A,N/A,Planner (Không xác định),data/google_planner/ha-long/Keyword Stats 2026-02-22 at 22_21_22.csv,Viết guide/review; ưu tiên long-tail; tạo topic hub và internal link về trang dịch vụ,B,50.0,0%,0
du thuyền emperor hạ long,Tổng hợp Hạ Long,Tổng hợp,In-scope Hạ Long,Informational,50,N/A,N/A,N/A,Planner (Trung bình),data/google_planner/ha-long/Keyword Stats 2026-02-22 at 22_21_22.csv,Viết guide/review; ưu tiên long-tail; tạo topic hub và internal link về trang dịch vụ,B,50.0,0%,0
du thuyền hạ long 4 sao,Tổng hợp Hạ Long,Tổng hợp,In-scope Hạ Long,Informational,50,N/A,N/A,N/A,Planner (Trung bình),data/google_planner/ha-long/Keyword Stats 2026-02-22 at 22_21_22.csv,Viết guide/review; ưu tiên long-tail; tạo topic hub và internal link về trang dịch vụ,B,50.0,0%,0
du thuyền hạ long 5 *,Tổng hợp Hạ Long,Tổng hợp,In-scope Hạ Long,Informational,50,N/A,N/A,N/A,Planner (Trung bình),data/google_planner/ha-long/Keyword Stats 2026-02-22 at 22_21_22.csv,Viết guide/review; ưu tiên long-tail; tạo topic hub và internal link về trang dịch vụ,B,50.0,0%,0
du thuyền hạ long agoda,Tổng hợp Hạ Long,Tổng hợp,In-scope Hạ Long,Informational,50,N/A,N/A,N/A,Planner (Không xác định),data/google_planner/ha-long/Keyword Stats 2026-02-22 at 22_21_22.csv,Viết guide/review; ưu tiên long-tail; tạo topic hub và internal link về trang dịch vụ,B,50.0,-100.0%,0
du thuyền hạ long athena,Tổng hợp Hạ Long,Tổng hợp,In-scope Hạ Long,Informational,50,N/A,N/A,N/A,Planner (Cao),data/google_planner/ha-long/Keyword Stats 2026-02-22 at 22_21_22.csv,Viết guide/review; ưu tiên long-tail; tạo topic hub và internal link về trang dịch vụ,B,50.0,0%,0
du thuyền hạ long cát bà,Tổng hợp Hạ Long,Tổng hợp,In-scope Hạ Long,Informational,50,N/A,N/A,N/A,Planner (Cao),data/google_planner/ha-long/Keyword Stats 2026-02-22 at 22_21_22.csv,Viết guide/review; ưu tiên long-tail; tạo topic hub và internal link về trang dịch vụ,B,50.0,0%,0
du thuyền hạ long có bể bơi,Tổng hợp Hạ Long,Tổng hợp,In-scope Hạ Long,Informational,50,N/A,N/A,N/A,Planner (Không xác định),data/google_planner/ha-long/Keyword Stats 2026-02-22 at 22_21_22.csv,Viết guide/review; ưu tiên long-tail; tạo topic hub và internal link về trang dịch vụ,B,50.0,-100.0%,0
du thuyền hạ long hạng sang,Tổng hợp Hạ Long,Tổng hợp,In-scope Hạ Long,Informational,50,N/A,N/A,N/A,Planner (Không xác định),data/google_planner/ha-long/Keyword Stats 2026-02-22 at 22_21_22.csv,Viết guide/review; ưu tiên long-tail; tạo topic hub và internal link về trang dịch vụ,B,50.0,-100.0%,0
du thuyền hạ long ivivu,Tổng hợp Hạ Long,Tổng hợp,In-scope Hạ Long,Informational,50,N/A,N/A,N/A,Planner (Thấp),data/google_planner/ha-long/Keyword Stats 2026-02-22 at 22_21_22.csv,Viết guide/review; ưu tiên long-tail; tạo topic hub và internal link về trang dịch vụ,B,50.0,0%,0
du thuyền hạ long lan hạ,Tổng hợp Hạ Long,Tổng hợp,In-scope Hạ Long,Informational,50,N/A,N/A,N/A,Planner (Thấp),data/google_planner/ha-long/Keyword Stats 2026-02-22 at 22_21_22.csv,Viết guide/review; ưu tiên long-tail; tạo topic hub và internal link về trang dịch vụ,B,50.0,0%,0
du thuyền hạ long paradise,Tổng hợp Hạ Long,Tổng hợp,In-scope Hạ Long,Informational,50,N/A,N/A,N/A,Planner (Thấp),data/google_planner/ha-long/Keyword Stats 2026-02-22 at 22_21_22.csv,Viết guide/review; ưu tiên long-tail; tạo topic hub và internal link về trang dịch vụ,B,50.0,0%,0
du thuyền indochine hạ long,Tổng hợp Hạ Long,Tổng hợp,In-scope Hạ Long,Informational,50,N/A,N/A,N/A,Planner (Thấp),data/google_planner/ha-long/Keyword Stats 2026-02-22 at 22_21_22.csv,Viết guide/review; ưu tiên long-tail; tạo topic hub và internal link về trang dịch vụ,B,50.0,0%,0
du thuyền margaret hạ long,Tổng hợp Hạ Long,Tổng hợp,In-scope Hạ Long,Informational,50,N/A,N/A,N/A,Planner (Thấp),data/google_planner/ha-long/Keyword Stats 2026-02-22 at 22_21_22.csv,Viết guide/review; ưu tiên long-tail; tạo topic hub và internal link về trang dịch vụ,B,50.0,0%,0
du thuyền mon cheri hạ long,Tổng hợp Hạ Long,Tổng hợp,In-scope Hạ Long,Informational,50,N/A,N/A,N/A,Planner (Thấp),data/google_planner/ha-long/Keyword Stats 2026-02-22 at 22_21_22.csv,Viết guide/review; ưu tiên long-tail; tạo topic hub và internal link về trang dịch vụ,B,50.0,0%,0
du thuyền nào đẹp nhất hạ long,Tổng hợp Hạ Long,Tổng hợp,In-scope Hạ Long,Informational,50,N/A,N/A,N/A,Planner (Trung bình),data/google_planner/ha-long/Keyword Stats 2026-02-22 at 22_21_22.csv,Viết guide/review; ưu tiên long-tail; tạo topic hub và internal link về trang dịch vụ,B,50.0,0%,0
du thuyền năm sao hạ long,Tổng hợp Hạ Long,Tổng hợp,In-scope Hạ Long,Informational,50,N/A,N/A,N/A,Planner (Cao),data/google_planner/ha-long/Keyword Stats 2026-02-22 at 22_21_22.csv,Viết guide/review; ưu tiên long-tail; tạo topic hub và internal link về trang dịch vụ,B,50.0,0%,0
du thuyền pelican hạ long,Tổng hợp Hạ Long,Tổng hợp,In-scope Hạ Long,Informational,50,N/A,N/A,N/A,Planner (Cao),data/google_planner/ha-long/Keyword Stats 2026-02-22 at 22_21_22.csv,Viết guide/review; ưu tiên long-tail; tạo topic hub và internal link về trang dịch vụ,B,50.0,0%,0
du thuyền peony hạ long,Tổng hợp Hạ Long,Tổng hợp,In-scope Hạ Long,Informational,50,N/A,N/A,N/A,Planner (Thấp),data/google_planner/ha-long/Keyword Stats 2026-02-22 at 22_21_22.csv,Viết guide/review; ưu tiên long-tail; tạo topic hub và internal link về trang dịch vụ,B,50.0,0%,0
du thuyền rosy hạ long,Tổng hợp Hạ Long,Tổng hợp,In-scope Hạ Long,Informational,50,N/A,N/A,N/A,Planner (Thấp),data/google_planner/ha-long/Keyword Stats 2026-02-22 at 22_21_22.csv,Viết guide/review; ưu tiên long-tail; tạo topic hub và internal link về trang dịch vụ,B,50.0,0%,0
du thuyền sealife hạ long,Tổng hợp Hạ Long,Tổng hợp,In-scope Hạ Long,Informational,50,N/A,N/A,N/A,Planner (Không xác định),data/google_planner/ha-long/Keyword Stats 2026-02-22 at 22_21_22.csv,Viết guide/review; ưu tiên long-tail; tạo topic hub và internal link về trang dịch vụ,B,50.0,-100.0%,0
du thuyền sena hạ long,Tổng hợp Hạ Long,Tổng hợp,In-scope Hạ Long,Informational,50,N/A,N/A,N/A,Planner (Thấp),data/google_planner/ha-long/Keyword Stats 2026-02-22 at 22_21_22.csv,Viết guide/review; ưu tiên long-tail; tạo topic hub và internal link về trang dịch vụ,B,50.0,0%,0
du thuyền starlight hạ long,Tổng hợp Hạ Long,Tổng hợp,In-scope Hạ Long,Informational,50,N/A,N/A,N/A,Planner (Thấp),data/google_planner/ha-long/Keyword Stats 2026-02-22 at 22_21_22.csv,Viết guide/review; ưu tiên long-tail; tạo topic hub và internal link về trang dịch vụ,B,50.0,0%,0
du thuyền trên hạ long,Tổng hợp Hạ Long,Tổng hợp,In-scope Hạ Long,Informational,50,N/A,N/A,N/A,Planner (Trung bình),data/google_planner/ha-long/Keyword Stats 2026-02-22 at 22_21_22.csv,Viết guide/review; ưu tiên long-tail; tạo topic hub và internal link về trang dịch vụ,B,50.0,0%,0
flc hạ long grand,Tổng hợp Hạ Long,Tổng hợp,In-scope Hạ Long,Informational,50,N/A,N/A,N/A,Planner (Trung bình),data/google_planner/ha-long/Keyword Stats 2026-02-22 at 22_21_22.csv,Viết guide/review; ưu tiên long-tail; tạo topic hub và internal link về trang dịch vụ,B,50.0,0%,0
grand mường thanh hạ long,Tổng hợp Hạ Long,Tổng hợp,In-scope Hạ Long,Informational,50,N/A,N/A,N/A,Planner (Thấp),data/google_planner/ha-long/Keyword Stats 2026-02-22 at 22_21_22.csv,Viết guide/review; ưu tiên long-tail; tạo topic hub và internal link về trang dịch vụ,B,50.0,0%,0
grand view hạ long,Tổng hợp Hạ Long,Tổng hợp,In-scope Hạ Long,Informational,50,N/A,N/A,N/A,Planner (Thấp),data/google_planner/ha-long/Keyword Stats 2026-02-22 at 22_21_22.csv,Viết guide/review; ưu tiên long-tail; tạo topic hub và internal link về trang dịch vụ,B,50.0,0%,0
hạ long mường thanh,Tổng hợp Hạ Long,Tổng hợp,In-scope Hạ Long,Informational,50,N/A,N/A,N/A,Planner (Thấp),data/google_planner/ha-long/Keyword Stats 2026-02-22 at 22_21_22.csv,Viết guide/review; ưu tiên long-tail; tạo topic hub và internal link về trang dịch vụ,B,50.0,0%,0
hình ảnh vinpearl hạ long,Tổng hợp Hạ Long,Tổng hợp,In-scope Hạ Long,Informational,50,N/A,N/A,N/A,Planner (Thấp),data/google_planner/ha-long/Keyword Stats 2026-02-22 at 22_21_22.csv,Viết guide/review; ưu tiên long-tail; tạo topic hub và internal link về trang dịch vụ,B,50.0,0%,0
hạ long grand,Tổng hợp Hạ Long,Tổng hợp,In-scope Hạ Long,Informational,50,N/A,N/A,N/A,Planner (Thấp),data/google_planner/ha-long/Keyword Stats 2026-02-22 at 22_21_22.csv,Viết guide/review; ưu tiên long-tail; tạo topic hub và internal link về trang dịch vụ,B,50.0,0%,0
khachs sạn công đoàn hạ long,Tổng hợp Hạ Long,Tổng hợp,In-scope Hạ Long,Informational,50,N/A,N/A,N/A,Planner (Không xác định),data/google_planner/ha-long/Keyword Stats 2026-02-22 at 22_21_22.csv,Viết guide/review; ưu tiên long-tail; tạo topic hub và internal link về trang dịch vụ,B,50.0,0%,0
khachs sạn ở hạ long,Tổng hợp Hạ Long,Tổng hợp,In-scope Hạ Long,Informational,50,N/A,N/A,N/A,Planner (Không xác định),data/google_planner/ha-long/Keyword Stats 2026-02-22 at 22_21_22.csv,Viết guide/review; ưu tiên long-tail; tạo topic hub và internal link về trang dịch vụ,B,50.0,-100.0%,0
ks asean hạ long,Tổng hợp Hạ Long,Tổng hợp,In-scope Hạ Long,Informational,50,N/A,N/A,N/A,Planner (Trung bình),data/google_planner/ha-long/Keyword Stats 2026-02-22 at 22_21_22.csv,Viết guide/review; ưu tiên long-tail; tạo topic hub và internal link về trang dịch vụ,B,50.0,0%,0
ks bạch đằng hạ long,Tổng hợp Hạ Long,Tổng hợp,In-scope Hạ Long,Informational,50,N/A,N/A,N/A,Planner (Thấp),data/google_planner/ha-long/Keyword Stats 2026-02-22 at 22_21_22.csv,Viết guide/review; ưu tiên long-tail; tạo topic hub và internal link về trang dịch vụ,B,50.0,0%,0
ks công đoàn hạ long,Tổng hợp Hạ Long,Tổng hợp,In-scope Hạ Long,Informational,50,N/A,N/A,N/A,Planner (Thấp),data/google_planner/ha-long/Keyword Stats 2026-02-22 at 22_21_22.csv,Viết guide/review; ưu tiên long-tail; tạo topic hub và internal link về trang dịch vụ,B,50.0,0%,0
ks ngọc lan hạ long,Tổng hợp Hạ Long,Tổng hợp,In-scope Hạ Long,Informational,50,N/A,N/A,N/A,Planner (Thấp),data/google_planner/ha-long/Keyword Stats 2026-02-22 at 22_21_22.csv,Viết guide/review; ưu tiên long-tail; tạo topic hub và internal link về trang dịch vụ,B,50.0,0%,0
lan rừng hạ long,Tổng hợp Hạ Long,Tổng hợp,In-scope Hạ Long,Informational,50,N/A,N/A,N/A,Planner (Thấp),data/google_planner/ha-long/Keyword Stats 2026-02-22 at 22_21_22.csv,Viết guide/review; ưu tiên long-tail; tạo topic hub và internal link về trang dịch vụ,B,50.0,0%,0
luxury mường thanh hạ long,Tổng hợp Hạ Long,Tổng hợp,In-scope Hạ Long,Informational,50,N/A,N/A,N/A,Planner (Thấp),data/google_planner/ha-long/Keyword Stats 2026-02-22 at 22_21_22.csv,Viết guide/review; ưu tiên long-tail; tạo topic hub và internal link về trang dịch vụ,B,50.0,0%,0
lịch trình hạ long 2 ngày,Tổng hợp Hạ Long,Tổng hợp,In-scope Hạ Long,Informational,50,N/A,N/A,N/A,Planner (Không xác định),data/google_planner/ha-long/Keyword Stats 2026-02-22 at 22_21_22.csv,Viết guide/review; ưu tiên long-tail; tạo topic hub và internal link về trang dịch vụ,B,50.0,0%,0
mường thanh 4 sao hạ long,Tổng hợp Hạ Long,Tổng hợp,In-scope Hạ Long,Informational,50,N/A,N/A,N/A,Planner (Thấp),data/google_planner/ha-long/Keyword Stats 2026-02-22 at 22_21_22.csv,Viết guide/review; ưu tiên long-tail; tạo topic hub và internal link về trang dịch vụ,B,50.0,0%,0
mường thanh hạ long central,Tổng hợp Hạ Long,Tổng hợp,In-scope Hạ Long,Informational,50,N/A,N/A,N/A,Planner (Thấp),data/google_planner/ha-long/Keyword Stats 2026-02-22 at 22_21_22.csv,Viết guide/review; ưu tiên long-tail; tạo topic hub và internal link về trang dịch vụ,B,50.0,0%,0
mường thanh ở hạ long,Tổng hợp Hạ Long,Tổng hợp,In-scope Hạ Long,Informational,50,N/A,N/A,N/A,Planner (Trung bình),data/google_planner/ha-long/Keyword Stats 2026-02-22 at 22_21_22.csv,Viết guide/review; ưu tiên long-tail; tạo topic hub và internal link về trang dịch vụ,B,50.0,0%,0
ngọc lan hạ long,Tổng hợp Hạ Long,Tổng hợp,In-scope Hạ Long,Informational,50,N/A,N/A,N/A,Planner (Không xác định),data/google_planner/ha-long/Keyword Stats 2026-02-22 at 22_21_22.csv,Viết guide/review; ưu tiên long-tail; tạo topic hub và internal link về trang dịch vụ,B,50.0,-100.0%,0
nhung diem tham quan dep o ha long,Tổng hợp Hạ Long,Tổng hợp,In-scope Hạ Long,Informational,50,N/A,N/A,N/A,Planner (Thấp),data/google_planner/ha-long/Keyword Stats 2026-02-22 at 22_21_22.csv,Viết guide/review; ưu tiên long-tail; tạo topic hub và internal link về trang dịch vụ,B,50.0,0%,0
nhà khách công đoàn hạ long,Tổng hợp Hạ Long,Tổng hợp,In-scope Hạ Long,Informational,50,N/A,N/A,N/A,Planner (Thấp),data/google_planner/ha-long/Keyword Stats 2026-02-22 at 22_21_22.csv,Viết guide/review; ưu tiên long-tail; tạo topic hub và internal link về trang dịch vụ,B,50.0,0%,0
paradise elegance hạ long,Tổng hợp Hạ Long,Tổng hợp,In-scope Hạ Long,Informational,50,N/A,N/A,N/A,Planner (Thấp),data/google_planner/ha-long/Keyword Stats 2026-02-22 at 22_21_22.csv,Viết guide/review; ưu tiên long-tail; tạo topic hub và internal link về trang dịch vụ,B,50.0,0%,0
paradise grand hạ long,Tổng hợp Hạ Long,Tổng hợp,In-scope Hạ Long,Informational,50,N/A,N/A,N/A,Planner (Thấp),data/google_planner/ha-long/Keyword Stats 2026-02-22 at 22_21_22.csv,Viết guide/review; ưu tiên long-tail; tạo topic hub và internal link về trang dịch vụ,B,50.0,0%,0
pelican hạ long,Tổng hợp Hạ Long,Tổng hợp,In-scope Hạ Long,Informational,50,N/A,N/A,N/A,Planner (Thấp),data/google_planner/ha-long/Keyword Stats 2026-02-22 at 22_21_22.csv,Viết guide/review; ưu tiên long-tail; tạo topic hub và internal link về trang dịch vụ,B,50.0,0%,0
phòng grand suite flc hạ long,Tổng hợp Hạ Long,Tổng hợp,In-scope Hạ Long,Informational,50,N/A,N/A,N/A,Planner (Trung bình),data/google_planner/ha-long/Keyword Stats 2026-02-22 at 22_21_22.csv,Viết guide/review; ưu tiên long-tail; tạo topic hub và internal link về trang dịch vụ,B,50.0,0%,0
sàn hạ long,Tổng hợp Hạ Long,Tổng hợp,In-scope Hạ Long,Informational,50,N/A,N/A,N/A,Planner (Thấp),data/google_planner/ha-long/Keyword Stats 2026-02-22 at 22_21_22.csv,Viết guide/review; ưu tiên long-tail; tạo topic hub và internal link về trang dịch vụ,B,50.0,0%,0
thăng long bmc hạ long,Tổng hợp Hạ Long,Tổng hợp,In-scope Hạ Long,Informational,50,N/A,N/A,N/A,Planner (Thấp),data/google_planner/ha-long/Keyword Stats 2026-02-22 at 22_21_22.csv,Viết guide/review; ưu tiên long-tail; tạo topic hub và internal link về trang dịch vụ,B,50.0,0%,0
tua du lịch du thuyền hạ long,Tổng hợp Hạ Long,Tổng hợp,In-scope Hạ Long,Informational,50,N/A,N/A,N/A,Planner (Không xác định),data/google_planner/ha-long/Keyword Stats 2026-02-22 at 22_21_22.csv,Viết guide/review; ưu tiên long-tail; tạo topic hub và internal link về trang dịch vụ,B,50.0,0%,0
vịnh lan hạ hạ long,Tổng hợp Hạ Long,Tổng hợp,In-scope Hạ Long,Informational,50,N/A,N/A,N/A,Planner (Thấp),data/google_planner/ha-long/Keyword Stats 2026-02-22 at 22_21_22.csv,Viết guide/review; ưu tiên long-tail; tạo topic hub và internal link về trang dịch vụ,B,50.0,0%,0
địa chỉ mường thanh hạ long,Tổng hợp Hạ Long,Tổng hợp,In-scope Hạ Long,Informational,50,N/A,N/A,N/A,Planner (Thấp),data/google_planner/ha-long/Keyword Stats 2026-02-22 at 22_21_22.csv,Viết guide/review; ưu tiên long-tail; tạo topic hub và internal link về trang dịch vụ,B,50.0,0%,0
ảnh vinpearl hạ long,Tổng hợp Hạ Long,Tổng hợp,In-scope Hạ Long,Informational,50,N/A,N/A,N/A,Planner (Thấp),data/google_planner/ha-long/Keyword Stats 2026-02-22 at 22_21_22.csv,Viết guide/review; ưu tiên long-tail; tạo topic hub và internal link về trang dịch vụ,B,50.0,0%,0
thuê du thuyền ha long,Tổng hợp Hạ Long,Tổng hợp,In-scope Hạ Long,Transaction,50,N/A,N/A,N/A,Planner (Trung bình),data/google_planner/ha-long/Keyword Stats 2026-02-22 at 22_21_22.csv,"Tạo landing chuyển đổi (giá/vé/đặt chỗ), gom vào cluster page + build backlink nội bộ",B,50.0,0%,0
gia ve du thuyen ha long,Tổng hợp Hạ Long,Tổng hợp,In-scope Hạ Long,Transaction,50,N/A,N/A,N/A,Planner (Không xác định),data/google_planner/ha-long/Keyword Stats 2026-02-22 at 22_21_22.csv,"Tạo landing chuyển đổi (giá/vé/đặt chỗ), gom vào cluster page + build backlink nội bộ",B,50.0,-100.0%,0
gia phong muong thanh ha long,Tổng hợp Hạ Long,Tổng hợp,In-scope Hạ Long,Transaction,50,N/A,N/A,N/A,Planner (Không xác định),data/google_planner/ha-long/Keyword Stats 2026-02-22 at 22_21_22.csv,"Tạo landing chuyển đổi (giá/vé/đặt chỗ), gom vào cluster page + build backlink nội bộ",B,50.0,0%,0
combo du thuyen ha long,Tổng hợp Hạ Long,Tổng hợp,In-scope Hạ Long,Transaction,50,N/A,N/A,N/A,Planner (Không xác định),data/google_planner/ha-long/Keyword Stats 2026-02-22 at 22_21_22.csv,"Tạo landing chuyển đổi (giá/vé/đặt chỗ), gom vào cluster page + build backlink nội bộ",B,50.0,-100.0%,0
giá đi du thuyền hạ long,Tổng hợp Hạ Long,Tổng hợp,In-scope Hạ Long,Transaction,50,N/A,N/A,N/A,Planner (Cao),data/google_planner/ha-long/Keyword Stats 2026-02-22 at 22_21_22.csv,"Tạo landing chuyển đổi (giá/vé/đặt chỗ), gom vào cluster page + build backlink nội bộ",B,50.0,0%,0
dat phong muong thanh ha long,Tổng hợp Hạ Long,Tổng hợp,In-scope Hạ Long,Transaction,50,N/A,N/A,N/A,Planner (Không xác định),data/google_planner/ha-long/Keyword Stats 2026-02-22 at 22_21_22.csv,"Tạo landing chuyển đổi (giá/vé/đặt chỗ), gom vào cluster page + build backlink nội bộ",B,50.0,0%,0
dat phong o ha long,Tổng hợp Hạ Long,Tổng hợp,In-scope Hạ Long,Transaction,50,N/A,N/A,N/A,Planner (Không xác định),data/google_planner/ha-long/Keyword Stats 2026-02-22 at 22_21_22.csv,"Tạo landing chuyển đổi (giá/vé/đặt chỗ), gom vào cluster page + build backlink nội bộ",B,50.0,-100.0%,0
dat phong tai ha long,Tổng hợp Hạ Long,Tổng hợp,In-scope Hạ Long,Transaction,50,N/A,N/A,N/A,Planner (Không xác định),data/google_planner/ha-long/Keyword Stats 2026-02-22 at 22_21_22.csv,"Tạo landing chuyển đổi (giá/vé/đặt chỗ), gom vào cluster page + build backlink nội bộ",B,50.0,0%,0
dat phong vinpearl ha long,Tổng hợp Hạ Long,Tổng hợp,In-scope Hạ Long,Transaction,50,N/A,N/A,N/A,Planner (Cao),data/google_planner/ha-long/Keyword Stats 2026-02-22 at 22_21_22.csv,"Tạo landing chuyển đổi (giá/vé/đặt chỗ), gom vào cluster page + build backlink nội bộ",B,50.0,0%,0
du thuyền hạ long booking,Tổng hợp Hạ Long,Tổng hợp,In-scope Hạ Long,Transaction,50,N/A,N/A,N/A,Planner (Trung bình),data/google_planner/ha-long/Keyword Stats 2026-02-22 at 22_21_22.csv,"Tạo landing chuyển đổi (giá/vé/đặt chỗ), gom vào cluster page + build backlink nội bộ",B,50.0,0%,0
du thuyền hạ long giá,Tổng hợp Hạ Long,Tổng hợp,In-scope Hạ Long,Transaction,50,N/A,N/A,N/A,Planner (Cao),data/google_planner/ha-long/Keyword Stats 2026-02-22 at 22_21_22.csv,"Tạo landing chuyển đổi (giá/vé/đặt chỗ), gom vào cluster page + build backlink nội bộ",B,50.0,0%,0
giá du thuyền 5 sao hạ long,Tổng hợp Hạ Long,Tổng hợp,In-scope Hạ Long,Transaction,50,N/A,N/A,N/A,Planner (Thấp),data/google_planner/ha-long/Keyword Stats 2026-02-22 at 22_21_22.csv,"Tạo landing chuyển đổi (giá/vé/đặt chỗ), gom vào cluster page + build backlink nội bộ",B,50.0,0%,0
giá phòng ks mường thanh hạ long,Tổng hợp Hạ Long,Tổng hợp,In-scope Hạ Long,Transaction,50,N/A,N/A,N/A,Planner (Cao),data/google_planner/ha-long/Keyword Stats 2026-02-22 at 22_21_22.csv,"Tạo landing chuyển đổi (giá/vé/đặt chỗ), gom vào cluster page + build backlink nội bộ",B,50.0,0%,0
ks hoàng gia hạ long,Tổng hợp Hạ Long,Tổng hợp,In-scope Hạ Long,Transaction,50,N/A,N/A,N/A,Planner (Thấp),data/google_planner/ha-long/Keyword Stats 2026-02-22 at 22_21_22.csv,"Tạo landing chuyển đổi (giá/vé/đặt chỗ), gom vào cluster page + build backlink nội bộ",B,50.0,0%,0
thuê du thuyền cá nhân hạ long,Tổng hợp Hạ Long,Tổng hợp,In-scope Hạ Long,Transaction,50,N/A,N/A,N/A,Planner (Thấp),data/google_planner/ha-long/Keyword Stats 2026-02-22 at 22_21_22.csv,"Tạo landing chuyển đổi (giá/vé/đặt chỗ), gom vào cluster page + build backlink nội bộ",B,50.0,0%,0
thuê du thuyền ở hạ long,Tổng hợp Hạ Long,Tổng hợp,In-scope Hạ Long,Transaction,50,N/A,N/A,N/A,Planner (Cao),data/google_planner/ha-long/Keyword Stats 2026-02-22 at 22_21_22.csv,"Tạo landing chuyển đổi (giá/vé/đặt chỗ), gom vào cluster page + build backlink nội bộ",B,50.0,0%,0
thuê thuyền du lịch hạ long,Tổng hợp Hạ Long,Tổng hợp,In-scope Hạ Long,Transaction,50,N/A,N/A,N/A,Planner (Cao),data/google_planner/ha-long/Keyword Stats 2026-02-22 at 22_21_22.csv,"Tạo landing chuyển đổi (giá/vé/đặt chỗ), gom vào cluster page + build backlink nội bộ",B,50.0,0%,0
thuê trọn du thuyền hạ long,Tổng hợp Hạ Long,Tổng hợp,In-scope Hạ Long,Transaction,50,N/A,N/A,N/A,Planner (Trung bình),data/google_planner/ha-long/Keyword Stats 2026-02-22 at 22_21_22.csv,"Tạo landing chuyển đổi (giá/vé/đặt chỗ), gom vào cluster page + build backlink nội bộ",B,50.0,0%,0
đánh giá flc hạ long,Tổng hợp Hạ Long,Tổng hợp,In-scope Hạ Long,Transaction,50,N/A,N/A,N/A,Planner (Thấp),data/google_planner/ha-long/Keyword Stats 2026-02-22 at 22_21_22.csv,"Tạo landing chuyển đổi (giá/vé/đặt chỗ), gom vào cluster page + build backlink nội bộ",B,50.0,0%,0
du thuyền hạ long tốt nhất,Tổng hợp Hạ Long,Tổng hợp,In-scope Hạ Long,Commercial Investigation,50,N/A,N/A,N/A,Planner (Thấp),data/google_planner/ha-long/Keyword Stats 2026-02-22 at 22_21_22.csv,Viết bài top-list/so sánh; map vào cluster hub; bổ sung schema + ảnh/UGC,B,50.0,0%,0
du thuyền tốt nhất hạ long,Tổng hợp Hạ Long,Tổng hợp,In-scope Hạ Long,Commercial Investigation,50,N/A,N/A,N/A,Planner (Thấp),data/google_planner/ha-long/Keyword Stats 2026-02-22 at 22_21_22.csv,Viết bài top-list/so sánh; map vào cluster hub; bổ sung schema + ảnh/UGC,B,50.0,0%,0
kinh nghiệm du lịch du thuyền hạ long,Tổng hợp Hạ Long,Tổng hợp,In-scope Hạ Long,Commercial Investigation,50,N/A,N/A,N/A,Planner (Cao),data/google_planner/ha-long/Keyword Stats 2026-02-22 at 22_21_22.csv,Viết bài top-list/so sánh; map vào cluster hub; bổ sung schema + ảnh/UGC,B,50.0,0%,0
kinh nghiệm du thuyền hạ long,Tổng hợp Hạ Long,Tổng hợp,In-scope Hạ Long,Commercial Investigation,50,N/A,N/A,N/A,Planner (Cao),data/google_planner/ha-long/Keyword Stats 2026-02-22 at 22_21_22.csv,Viết bài top-list/so sánh; map vào cluster hub; bổ sung schema + ảnh/UGC,B,50.0,0%,0
kinh nghiệm đi du thuyền hạ long,Tổng hợp Hạ Long,Tổng hợp,In-scope Hạ Long,Commercial Investigation,50,N/A,N/A,N/A,Planner (Thấp),data/google_planner/ha-long/Keyword Stats 2026-02-22 at 22_21_22.csv,Viết bài top-list/so sánh; map vào cluster hub; bổ sung schema + ảnh/UGC,B,50.0,0%,0
kinh nghiệm đi flc hạ long,Tổng hợp Hạ Long,Tổng hợp,In-scope Hạ Long,Commercial Investigation,50,N/A,N/A,N/A,Planner (Không xác định),data/google_planner/ha-long/Keyword Stats 2026-02-22 at 22_21_22.csv,Viết bài top-list/so sánh; map vào cluster hub; bổ sung schema + ảnh/UGC,B,50.0,-100.0%,0
review mường thanh hạ long,Tổng hợp Hạ Long,Tổng hợp,In-scope Hạ Long,Commercial Investigation,50,N/A,N/A,N/A,Planner (Thấp),data/google_planner/ha-long/Keyword Stats 2026-02-22 at 22_21_22.csv,Viết bài top-list/so sánh; map vào cluster hub; bổ sung schema + ảnh/UGC,B,50.0,0%,0
top du thuyền 5 sao hạ long,Tổng hợp Hạ Long,Tổng hợp,In-scope Hạ Long,Commercial Investigation,50,N/A,N/A,N/A,Planner (Cao),data/google_planner/ha-long/Keyword Stats 2026-02-22 at 22_21_22.csv,Viết bài top-list/so sánh; map vào cluster hub; bổ sung schema + ảnh/UGC,B,50.0,0%,0
du lịch hạ long,Tổng hợp Hạ Long,Tổng hợp,In-scope Hạ Long,Informational,N/A,N/A,N/A,N/A,Trend SI:26 10%,data/google_trend/searched_with_top-queries_VN_20250210-1750_20260210-1750.csv; data/google_trend/searched_with_top-queries_VN_20250210-1752_20260210-1752.csv,Viết guide/review; ưu tiên long-tail; tạo topic hub và internal link về trang dịch vụ,B,26.0,10%,N/A
premier village ha long,Villa Hạ Long,Lưu trú,In-scope Hạ Long,Transaction,500,N/A,N/A,N/A,Planner (Thấp),data/google_planner/ha-long/Keyword Stats 2026-02-22 at 22_21_22.csv,"Tạo landing chuyển đổi (giá/vé/đặt chỗ), gom vào cluster page + build backlink nội bộ",B,825.0,0%,"10,361"
sun premier village ha long,Villa Hạ Long,Lưu trú,In-scope Hạ Long,Transaction,500,N/A,N/A,N/A,Planner (Thấp),data/google_planner/ha-long/Keyword Stats 2026-02-22 at 22_21_22.csv,"Tạo landing chuyển đổi (giá/vé/đặt chỗ), gom vào cluster page + build backlink nội bộ",B,825.0,0%,"16,461"
royal lotus villa hạ long,Villa Hạ Long,Lưu trú,In-scope Hạ Long,Transaction,500,N/A,N/A,N/A,Planner (Thấp),data/google_planner/ha-long/Keyword Stats 2026-02-22 at 22_21_22.csv,"Tạo landing chuyển đổi (giá/vé/đặt chỗ), gom vào cluster page + build backlink nội bộ",B,825.0,0%,"9,874"
villa royal lotus hạ long,Villa Hạ Long,Lưu trú,In-scope Hạ Long,Transaction,500,N/A,N/A,N/A,Planner (Thấp),data/google_planner/ha-long/Keyword Stats 2026-02-22 at 22_21_22.csv,"Tạo landing chuyển đổi (giá/vé/đặt chỗ), gom vào cluster page + build backlink nội bộ",B,825.0,0%,"9,874"
villa lotus hạ long,Villa Hạ Long,Lưu trú,In-scope Hạ Long,Transaction,50,N/A,N/A,N/A,Planner (Thấp),data/google_planner/ha-long/Keyword Stats 2026-02-22 at 22_21_22.csv,"Tạo landing chuyển đổi (giá/vé/đặt chỗ), gom vào cluster page + build backlink nội bộ",B,82.50000000000001,0%,"9,877"
villa vinpearl hạ long,Villa Hạ Long,Lưu trú,In-scope Hạ Long,Transaction,50,N/A,N/A,N/A,Planner (Trung bình),data/google_planner/ha-long/Keyword Stats 2026-02-22 at 22_21_22.csv,"Tạo landing chuyển đổi (giá/vé/đặt chỗ), gom vào cluster page + build backlink nội bộ",B,82.50000000000001,0%,"13,338"
cho thuê villa hạ long,Villa Hạ Long,Lưu trú,In-scope Hạ Long,Transaction,50,N/A,N/A,N/A,Planner (Cao),data/google_planner/ha-long/Keyword Stats 2026-02-22 at 22_21_22.csv,"Tạo landing chuyển đổi (giá/vé/đặt chỗ), gom vào cluster page + build backlink nội bộ",B,75.0,0%,0
biệt thự premier village hạ long,Villa Hạ Long,Lưu trú,In-scope Hạ Long,Transaction,50,N/A,N/A,N/A,Planner (Không xác định),data/google_planner/ha-long/Keyword Stats 2026-02-22 at 22_21_22.csv,"Tạo landing chuyển đổi (giá/vé/đặt chỗ), gom vào cluster page + build backlink nội bộ",B,75.0,0%,0
biệt thự sun premier village hạ long,Villa Hạ Long,Lưu trú,In-scope Hạ Long,Transaction,50,N/A,N/A,N/A,Planner (Thấp),data/google_planner/ha-long/Keyword Stats 2026-02-22 at 22_21_22.csv,"Tạo landing chuyển đổi (giá/vé/đặt chỗ), gom vào cluster page + build backlink nội bộ",B,75.0,0%,0
flc villa ha long,Villa Hạ Long,Lưu trú,In-scope Hạ Long,Transaction,50,N/A,N/A,N/A,Planner (Thấp),data/google_planner/ha-long/Keyword Stats 2026-02-22 at 22_21_22.csv,"Tạo landing chuyển đổi (giá/vé/đặt chỗ), gom vào cluster page + build backlink nội bộ",B,75.0,0%,0
hạ long premier village,Villa Hạ Long,Lưu trú,In-scope Hạ Long,Commercial Investigation,50,N/A,N/A,N/A,Planner (Trung bình),data/google_planner/ha-long/Keyword Stats 2026-02-22 at 22_21_22.csv,Viết bài top-list/so sánh; map vào cluster hub; bổ sung schema + ảnh/UGC,B,75.0,0%,0
khách sạn premier village hạ long,Villa Hạ Long,Lưu trú,In-scope Hạ Long,Commercial Investigation,50,N/A,N/A,N/A,Planner (Thấp),data/google_planner/ha-long/Keyword Stats 2026-02-22 at 22_21_22.csv,Viết bài top-list/so sánh; map vào cluster hub; bổ sung schema + ảnh/UGC,B,75.0,0%,0
khách sạn royal villas hạ long,Villa Hạ Long,Lưu trú,In-scope Hạ Long,Commercial Investigation,50,N/A,N/A,N/A,Planner (Không xác định),data/google_planner/ha-long/Keyword Stats 2026-02-22 at 22_21_22.csv,Viết bài top-list/so sánh; map vào cluster hub; bổ sung schema + ảnh/UGC,B,75.0,0%,0
lotus villa hạ long,Villa Hạ Long,Lưu trú,In-scope Hạ Long,Commercial Investigation,50,N/A,N/A,N/A,Planner (Trung bình),data/google_planner/ha-long/Keyword Stats 2026-02-22 at 22_21_22.csv,Viết bài top-list/so sánh; map vào cluster hub; bổ sung schema + ảnh/UGC,B,75.0,0%,0
royal lotus hạ long villa,Villa Hạ Long,Lưu trú,In-scope Hạ Long,Commercial Investigation,50,N/A,N/A,N/A,Planner (Thấp),data/google_planner/ha-long/Keyword Stats 2026-02-22 at 22_21_22.csv,Viết bài top-list/so sánh; map vào cluster hub; bổ sung schema + ảnh/UGC,B,75.0,0%,0
royal villas hạ long,Villa Hạ Long,Lưu trú,In-scope Hạ Long,Commercial Investigation,50,N/A,N/A,N/A,Planner (Không xác định),data/google_planner/ha-long/Keyword Stats 2026-02-22 at 22_21_22.csv,Viết bài top-list/so sánh; map vào cluster hub; bổ sung schema + ảnh/UGC,B,75.0,-100.0%,0
sun village hạ long,Villa Hạ Long,Lưu trú,In-scope Hạ Long,Commercial Investigation,50,N/A,N/A,N/A,Planner (Trung bình),data/google_planner/ha-long/Keyword Stats 2026-02-22 at 22_21_22.csv,Viết bài top-list/so sánh; map vào cluster hub; bổ sung schema + ảnh/UGC,B,75.0,0%,0
villa premier hạ long,Villa Hạ Long,Lưu trú,In-scope Hạ Long,Commercial Investigation,50,N/A,N/A,N/A,Planner (Không xác định),data/google_planner/ha-long/Keyword Stats 2026-02-22 at 22_21_22.csv,Viết bài top-list/so sánh; map vào cluster hub; bổ sung schema + ảnh/UGC,B,75.0,0%,0
village hạ long,Villa Hạ Long,Lưu trú,In-scope Hạ Long,Commercial Investigation,50,N/A,N/A,N/A,Planner (Thấp),data/google_planner/ha-long/Keyword Stats 2026-02-22 at 22_21_22.csv,Viết bài top-list/so sánh; map vào cluster hub; bổ sung schema + ảnh/UGC,B,75.0,0%,0
vinpearl hạ long villa,Villa Hạ Long,Lưu trú,In-scope Hạ Long,Commercial Investigation,50,N/A,N/A,N/A,Planner (Trung bình),data/google_planner/ha-long/Keyword Stats 2026-02-22 at 22_21_22.csv,Viết bài top-list/so sánh; map vào cluster hub; bổ sung schema + ảnh/UGC,B,75.0,0%,0
vinpearl vịnh hạ long,Vịnh Hạ Long,Địa danh tham quan / Văn hóa - Lịch sử,In-scope Hạ Long,Informational,50,N/A,N/A,N/A,Planner (Trung bình),data/google_planner/ha-long/Keyword Stats 2026-02-22 at 22_21_22.csv,Viết guide/review; ưu tiên long-tail; tạo topic hub và internal link về trang dịch vụ,B,50.0,0%,0
vịnh hạ long,Vịnh Hạ Long,Địa danh tham quan / Văn hóa - Lịch sử,In-scope Hạ Long,Informational,N/A,N/A,N/A,N/A,Trend SI:3 20%,data/google_trend/searched_with_rising-queries_VN_20250210-1752_20260210-1752.csv,Viết guide/review; ưu tiên long-tail; tạo topic hub và internal link về trang dịch vụ,B,3.0,20%,N/A
phòng deluxe vinpearl hạ long,Xe đi Hạ Long,Di chuyển,In-scope Hạ Long,Commercial Investigation,50,N/A,N/A,N/A,Planner (Cao),data/google_planner/ha-long/Keyword Stats 2026-02-22 at 22_21_22.csv,Viết bài top-list/so sánh; map vào cluster hub; bổ sung schema + ảnh/UGC,B,55.00000000000001,0%,"9,385"
la luna coffee hạ long,Ăn uống Hạ Long,Ẩm thực (F&B),In-scope Hạ Long,Commercial Investigation,9900,N/A,N/A,N/A,Low (0),data/seo_insider/advance_search_report.csv,Viết bài top-list/so sánh; map vào cluster hub; bổ sung schema + ảnh/UGC,B,9900.0,N/A,N/A
hòn trống mái sầm sơn,Điểm tham quan Hạ Long,Địa danh tham quan / Văn hóa - Lịch sử,In-scope Hạ Long,Informational,6600,N/A,N/A,N/A,Low (0),data/seo_insider/advance_search_report.csv,Viết guide/review; ưu tiên long-tail; tạo topic hub và internal link về trang dịch vụ,B,6600.0,N/A,N/A
golden hạ long,Điểm tham quan Hạ Long,Địa danh tham quan / Văn hóa - Lịch sử,In-scope Hạ Long,Informational,500,N/A,N/A,N/A,Planner (Thấp),data/google_planner/ha-long/Keyword Stats 2026-02-22 at 22_21_22.csv,Viết guide/review; ưu tiên long-tail; tạo topic hub và internal link về trang dịch vụ,B,550.0,0%,"51,939"
wyndham garden hạ long,Điểm tham quan Hạ Long,Địa danh tham quan / Văn hóa - Lịch sử,In-scope Hạ Long,Informational,500,N/A,N/A,N/A,Planner (Thấp),data/google_planner/ha-long/Keyword Stats 2026-02-22 at 22_21_22.csv,Viết guide/review; ưu tiên long-tail; tạo topic hub và internal link về trang dịch vụ,B,550.0,0%,"7,021"
du thuyền golden cruise hạ long,Điểm tham quan Hạ Long,Địa danh tham quan / Văn hóa - Lịch sử,In-scope Hạ Long,Informational,50,N/A,N/A,N/A,Planner (Thấp),data/google_planner/ha-long/Keyword Stats 2026-02-22 at 22_21_22.csv,Viết guide/review; ưu tiên long-tail; tạo topic hub và internal link về trang dịch vụ,B,50.0,0%,0
du thuyền president hạ long,Điểm tham quan Hạ Long,Địa danh tham quan / Văn hóa - Lịch sử,In-scope Hạ Long,Informational,50,N/A,N/A,N/A,Planner (Thấp),data/google_planner/ha-long/Keyword Stats 2026-02-22 at 22_21_22.csv,Viết guide/review; ưu tiên long-tail; tạo topic hub và internal link về trang dịch vụ,B,50.0,0%,0
golden cruise hạ long,Điểm tham quan Hạ Long,Địa danh tham quan / Văn hóa - Lịch sử,In-scope Hạ Long,Informational,50,N/A,N/A,N/A,Planner (Thấp),data/google_planner/ha-long/Keyword Stats 2026-02-22 at 22_21_22.csv,Viết guide/review; ưu tiên long-tail; tạo topic hub và internal link về trang dịch vụ,B,50.0,0%,0
hạ long hiddencharm,Điểm tham quan Hạ Long,Địa danh tham quan / Văn hóa - Lịch sử,In-scope Hạ Long,Informational,50,N/A,N/A,N/A,Planner (Không xác định),data/google_planner/ha-long/Keyword Stats 2026-02-22 at 22_21_22.csv,Viết guide/review; ưu tiên long-tail; tạo topic hub và internal link về trang dịch vụ,B,50.0,0%,0
ks eden hạ long,Điểm tham quan Hạ Long,Địa danh tham quan / Văn hóa - Lịch sử,In-scope Hạ Long,Informational,50,N/A,N/A,N/A,Planner (Trung bình),data/google_planner/ha-long/Keyword Stats 2026-02-22 at 22_21_22.csv,Viết guide/review; ưu tiên long-tail; tạo topic hub và internal link về trang dịch vụ,B,50.0,0%,0
ks golden hạ long,Điểm tham quan Hạ Long,Địa danh tham quan / Văn hóa - Lịch sử,In-scope Hạ Long,Informational,50,N/A,N/A,N/A,Planner (Thấp),data/google_planner/ha-long/Keyword Stats 2026-02-22 at 22_21_22.csv,Viết guide/review; ưu tiên long-tail; tạo topic hub và internal link về trang dịch vụ,B,50.0,0%,0
president hạ long,Điểm tham quan Hạ Long,Địa danh tham quan / Văn hóa - Lịch sử,In-scope Hạ Long,Informational,50,N/A,N/A,N/A,Planner (Thấp),data/google_planner/ha-long/Keyword Stats 2026-02-22 at 22_21_22.csv,Viết guide/review; ưu tiên long-tail; tạo topic hub và internal link về trang dịch vụ,B,50.0,0%,0
nhà khách tuần châu,Đảo Tuần Châu,Địa danh tham quan / Văn hóa - Lịch sử,In-scope Hạ Long,Informational,N/A,543,70,12.89%,N/A (N/A),data/google_search_console/Queries.csv,"Cập nhật nội dung theo intent, bổ sung FAQ + schema, tối ưu title/meta để đẩy Top 1-3",A,70.0,N/A,N/A
đảo tuần châu,Đảo Tuần Châu,Địa danh tham quan / Văn hóa - Lịch sử,In-scope Hạ Long,Informational,22200,N/A,N/A,N/A,Low (3),data/seo_insider/advance_search_report.csv,Viết guide/review; ưu tiên long-tail; tạo topic hub và internal link về trang dịch vụ,B,21534.0,N/A,N/A
tuần châu,Đảo Tuần Châu,Địa danh tham quan / Văn hóa - Lịch sử,In-scope Hạ Long,Commercial Investigation,8100,N/A,N/A,N/A,Low (2),data/seo_insider/advance_search_report.csv,Viết bài top-list/so sánh; map vào cluster hub; bổ sung schema + ảnh/UGC,B,7938.0,N/A,N/A
khu nghỉ dưỡng tuần châu hạ long,Đảo Tuần Châu,Địa danh tham quan / Văn hóa - Lịch sử,In-scope Hạ Long,Informational,50,N/A,N/A,N/A,Planner (Cao),data/google_planner/ha-long/Keyword Stats 2026-02-22 at 22_21_22.csv,Viết guide/review; ưu tiên long-tail; tạo topic hub và internal link về trang dịch vụ,B,50.0,0%,0
paradise suite tuan chau,Đảo Tuần Châu,Địa danh tham quan / Văn hóa - Lịch sử,In-scope Hạ Long,Informational,50,N/A,N/A,N/A,Planner (Không xác định),data/google_planner/ha-long/Keyword Stats 2026-02-22 at 22_21_22.csv,Viết guide/review; ưu tiên long-tail; tạo topic hub và internal link về trang dịch vụ,B,50.0,-100.0%,0
tuần chau hạ long,Đảo Tuần Châu,Địa danh tham quan / Văn hóa - Lịch sử,In-scope Hạ Long,Informational,50,N/A,N/A,N/A,Planner (Thấp),data/google_planner/ha-long/Keyword Stats 2026-02-22 at 22_21_22.csv,Viết guide/review; ưu tiên long-tail; tạo topic hub và internal link về trang dịch vụ,B,50.0,0%,0
