keyword,cluster,cluster_type,geo_scope,intent,vol,imp,clicks,ctr,kd_comp,source,action_plan,group,score,yoy,bid_high
tour hà nội cao bằng,Cao Bằng Trip,Di chuyển,Out-of-scope Cao Bằng,Commercial Investigation,50,N/A,N/A,N/A,Planner (Trung bình),data/google_planner/hanoi/Keyword Stats 2026-02-13 at 11_54_58.csv,Viết bài top-list/so sánh; map vào cluster hub; bổ sung schema + ảnh/UGC,B,55.00000000000001,0%,"8,347"
tour hà nội cao bằng 3 ngày 2 đêm,Cao Bằng Trip,Di chuyển,Out-of-scope Cao Bằng,Transaction,50,N/A,N/A,N/A,Planner (Cao),data/google_planner/hanoi/Keyword Stats 2026-02-13 at 11_54_58.csv,"Tạo landing chuyển đổi (giá/vé/đặt chỗ), gom vào cluster page + build backlink nội bộ",B,55.00000000000001,0%,"11,517"
tour cần thơ hà nội,Cần Thơ Trip,Di chuyển,Out-of-scope Cần Thơ,Commercial Investigation,50,N/A,N/A,N/A,Planner (Thấp),data/google_planner/hanoi/Keyword Stats 2026-02-13 at 11_54_58.csv,Viết bài top-list/so sánh; map vào cluster hub; bổ sung schema + ảnh/UGC,B,55.00000000000001,0%,"1,870"
the sinh tourist hà nội,Di chuyển Hà Nội,Di chuyển,In-scope Hà Nội,Informational,500,N/A,N/A,N/A,Planner (Thấp),data/google_planner/hanoi/Keyword Stats 2026-02-13 at 11_54_58.csv,Viết guide/review; ưu tiên long-tail; tạo topic hub và internal link về trang dịch vụ,B,650.0,900.0%,"9,860"
du lịch bằng tàu hỏa từ hà nội,Di chuyển Hà Nội,Di chuyển,In-scope Hà Nội,Commercial Investigation,500,N/A,N/A,N/A,Planner (Thấp),data/google_planner/hanoi/Keyword Stats 2026-02-13 at 11_54_58.csv,Viết bài top-list/so sánh; map vào cluster hub; bổ sung schema + ảnh/UGC,B,550.0,-90.0%,"1,488"
vé máy bay hà nội,Di chuyển Hà Nội,Di chuyển,In-scope Hà Nội,Transaction,N/A,N/A,N/A,N/A,Trend SI:56 8%,data/google_trend/searched_with_top-queries_VN_20250210-1749_20260210-1749.csv,"Tạo landing chuyển đổi (giá/vé/đặt chỗ), gom vào cluster page + build backlink nội bộ",B,56.0,8%,N/A
sinh cafe tourist hanoi,Di chuyển Hà Nội,Di chuyển,In-scope Hà Nội,Informational,50,N/A,N/A,N/A,Planner (Cao),data/google_planner/hanoi/Keyword Stats 2026-02-13 at 11_54_58.csv,Viết guide/review; ưu tiên long-tail; tạo topic hub và internal link về trang dịch vụ,B,55.00000000000001,0%,"20,003"
công ty du lịch hà nội tourist,Di chuyển Hà Nội,Di chuyển,In-scope Hà Nội,Informational,50,N/A,N/A,N/A,Planner (Thấp),data/google_planner/hanoi/Keyword Stats 2026-02-13 at 11_54_58.csv,Viết guide/review; ưu tiên long-tail; tạo topic hub và internal link về trang dịch vụ,B,55.00000000000001,0%,"7,629"
công ty hà nội tourist,Di chuyển Hà Nội,Di chuyển,In-scope Hà Nội,Informational,50,N/A,N/A,N/A,Planner (Thấp),data/google_planner/hanoi/Keyword Stats 2026-02-13 at 11_54_58.csv,Viết guide/review; ưu tiên long-tail; tạo topic hub và internal link về trang dịch vụ,B,55.00000000000001,0%,"6,252"
công ty lữ hành hà nội tourist,Di chuyển Hà Nội,Di chuyển,In-scope Hà Nội,Informational,50,N/A,N/A,N/A,Planner (Thấp),data/google_planner/hanoi/Keyword Stats 2026-02-13 at 11_54_58.csv,Viết guide/review; ưu tiên long-tail; tạo topic hub và internal link về trang dịch vụ,B,55.00000000000001,0%,"6,732"
du lịch tàu hỏa từ hà nội,Di chuyển Hà Nội,Di chuyển,In-scope Hà Nội,Commercial Investigation,50,N/A,N/A,N/A,Planner (Thấp),data/google_planner/hanoi/Keyword Stats 2026-02-13 at 11_54_58.csv,Viết bài top-list/so sánh; map vào cluster hub; bổ sung schema + ảnh/UGC,B,55.00000000000001,0%,"1,607"
hanoi redtour,Di chuyển Hà Nội,Di chuyển,In-scope Hà Nội,Informational,50,N/A,N/A,N/A,Planner (Thấp),data/google_planner/hanoi/Keyword Stats 2026-02-13 at 11_54_58.csv,Viết guide/review; ưu tiên long-tail; tạo topic hub và internal link về trang dịch vụ,B,55.00000000000001,0%,"11,279"
đi du lịch bằng tàu hỏa từ hà nội,Di chuyển Hà Nội,Di chuyển,In-scope Hà Nội,Commercial Investigation,50,N/A,N/A,N/A,Planner (Thấp),data/google_planner/hanoi/Keyword Stats 2026-02-13 at 11_54_58.csv,Viết bài top-list/so sánh; map vào cluster hub; bổ sung schema + ảnh/UGC,B,55.00000000000001,0%,"1,480"
vinatourist hà nội,Di chuyển Hà Nội,Di chuyển,In-scope Hà Nội,Informational,50,N/A,N/A,N/A,Planner (Không xác định),data/google_planner/hanoi/Keyword Stats 2026-02-13 at 11_54_58.csv,Viết guide/review; ưu tiên long-tail; tạo topic hub và internal link về trang dịch vụ,B,50.0,0%,0
vé máy bay đi hà nội,Di chuyển Hà Nội,Di chuyển,In-scope Hà Nội,Transaction,N/A,N/A,N/A,N/A,Trend SI:11 8%,data/google_trend/searched_with_top-queries_VN_20250210-1749_20260210-1749.csv,"Tạo landing chuyển đổi (giá/vé/đặt chỗ), gom vào cluster page + build backlink nội bộ",B,11.0,8%,N/A
hoàng thành thăng long ở đâu,Hoàng Thành Thăng Long,Địa danh tham quan / Văn hóa - Lịch sử,In-scope Hà Nội,Informational,N/A,6302,39,0.62%,N/A (N/A),data/google_search_console/Queries.csv,"Cập nhật nội dung theo intent, bổ sung FAQ + schema, tối ưu title/meta để đẩy Top 1-3",A,39.0,N/A,N/A
19c phố hoàng diệu hoàng thành thăng long,Hoàng Thành Thăng Long,Địa danh tham quan / Văn hóa - Lịch sử,In-scope Hà Nội,Informational,N/A,3566,39,1.09%,N/A (N/A),data/google_search_console/Queries.csv,"Cập nhật nội dung theo intent, bổ sung FAQ + schema, tối ưu title/meta để đẩy Top 1-3",A,39.0,N/A,N/A
19c phố hoàng diệu hoàng thành thăng long là ở đầu,Hoàng Thành Thăng Long,Địa danh tham quan / Văn hóa - Lịch sử,In-scope Hà Nội,Informational,N/A,829,20,2.41%,N/A (N/A),data/google_search_console/Queries.csv,"Cập nhật nội dung theo intent, bổ sung FAQ + schema, tối ưu title/meta để đẩy Top 1-3",A,20.0,N/A,N/A
19c phố hoàng diệu hoàng thành thăng long hà nội,Hoàng Thành Thăng Long,Địa danh tham quan / Văn hóa - Lịch sử,In-scope Hà Nội,Informational,N/A,143,15,10.49%,N/A (N/A),data/google_search_console/Queries.csv,"Cập nhật nội dung theo intent, bổ sung FAQ + schema, tối ưu title/meta để đẩy Top 1-3",A,15.0,N/A,N/A
19c hoàng diệu hoàng thành thăng long,Hoàng Thành Thăng Long,Địa danh tham quan / Văn hóa - Lịch sử,In-scope Hà Nội,Informational,N/A,879,12,1.37%,N/A (N/A),data/google_search_console/Queries.csv,"Cập nhật nội dung theo intent, bổ sung FAQ + schema, tối ưu title/meta để đẩy Top 1-3",A,12.0,N/A,N/A
hoàng thành thăng long,Hoàng Thành Thăng Long,Địa danh tham quan / Văn hóa - Lịch sử,In-scope Hà Nội,Informational,74000,N/A,N/A,N/A,Low (5),data/seo_insider/advance_search_report.csv,Viết guide/review; ưu tiên long-tail; tạo topic hub và internal link về trang dịch vụ,B,70300.0,N/A,N/A
cột cờ hà nội,Hoàng Thành Thăng Long,Địa danh tham quan / Văn hóa - Lịch sử,In-scope Hà Nội,Commercial Investigation,18100,N/A,N/A,N/A,Low (0),data/seo_insider/advance_search_report.csv,Viết bài top-list/so sánh; map vào cluster hub; bổ sung schema + ảnh/UGC,B,18100.0,N/A,N/A
du lịch hoàng thành thăng long,Hoàng Thành Thăng Long,Địa danh tham quan / Văn hóa - Lịch sử,In-scope Hà Nội,Informational,50,N/A,N/A,N/A,Planner (Thấp),data/google_planner/hanoi/Keyword Stats 2026-02-13 at 11_54_58.csv,Viết guide/review; ưu tiên long-tail; tạo topic hub và internal link về trang dịch vụ,B,55.00000000000001,-90.0%,388
tour hà nội huế,Huế Trip,Di chuyển,Out-of-scope Huế,Commercial Investigation,500,N/A,N/A,N/A,Planner (Trung bình),data/google_planner/hanoi/Keyword Stats 2026-02-13 at 11_54_58.csv,Viết bài top-list/so sánh; map vào cluster hub; bổ sung schema + ảnh/UGC,B,550.0,0%,"4,050"
tour hà nội huế 3 ngày 2 đêm,Huế Trip,Di chuyển,Out-of-scope Huế,Transaction,500,N/A,N/A,N/A,Planner (Thấp),data/google_planner/hanoi/Keyword Stats 2026-02-13 at 11_54_58.csv,"Tạo landing chuyển đổi (giá/vé/đặt chỗ), gom vào cluster page + build backlink nội bộ",B,550.0,0%,"7,270"
khách sạn phố huế hà nội,Huế Trip,Lưu trú,Out-of-scope Huế,Commercial Investigation,50,N/A,N/A,N/A,Planner (Cao),data/google_planner/hanoi/Keyword Stats 2026-02-13 at 11_54_58.csv,Viết bài top-list/so sánh; map vào cluster hub; bổ sung schema + ảnh/UGC,B,82.50000000000001,0%,"16,484"
tour hà nội huế 4 ngày 3 đêm,Huế Trip,Di chuyển,Out-of-scope Huế,Transaction,50,N/A,N/A,N/A,Planner (Thấp),data/google_planner/hanoi/Keyword Stats 2026-02-13 at 11_54_58.csv,"Tạo landing chuyển đổi (giá/vé/đặt chỗ), gom vào cluster page + build backlink nội bộ",B,55.00000000000001,0%,"5,193"
du lịch huế từ hà nội,Huế Trip,Tổng hợp,Out-of-scope Huế,Informational,50,N/A,N/A,N/A,Planner (Thấp),data/google_planner/hanoi/Keyword Stats 2026-02-13 at 11_54_58.csv,Viết guide/review; ưu tiên long-tail; tạo topic hub và internal link về trang dịch vụ,B,50.0,0%,0
tour du lịch hà nội huế 3 ngày 2 đêm,Huế Trip,Di chuyển,Out-of-scope Huế,Transaction,50,N/A,N/A,N/A,Planner (Thấp),data/google_planner/hanoi/Keyword Stats 2026-02-13 at 11_54_58.csv,"Tạo landing chuyển đổi (giá/vé/đặt chỗ), gom vào cluster page + build backlink nội bộ",B,50.0,0%,0
tour đi huế từ hà nội,Huế Trip,Di chuyển,Out-of-scope Huế,Commercial Investigation,50,N/A,N/A,N/A,Planner (Trung bình),data/google_planner/hanoi/Keyword Stats 2026-02-13 at 11_54_58.csv,Viết bài top-list/so sánh; map vào cluster hub; bổ sung schema + ảnh/UGC,B,50.0,0%,0
tour hà giang từ hà nội,Hà Giang Trip,Di chuyển,Out-of-scope Hà Giang,Commercial Investigation,500,N/A,N/A,N/A,Planner (Cao),data/google_planner/hanoi/Keyword Stats 2026-02-13 at 11_54_58.csv,Viết bài top-list/so sánh; map vào cluster hub; bổ sung schema + ảnh/UGC,B,550.0,0%,"10,835"
tour hà nội hà giang 3 ngày 2 đêm,Hà Giang Trip,Di chuyển,Out-of-scope Hà Giang,Transaction,500,N/A,N/A,N/A,Planner (Cao),data/google_planner/hanoi/Keyword Stats 2026-02-13 at 11_54_58.csv,"Tạo landing chuyển đổi (giá/vé/đặt chỗ), gom vào cluster page + build backlink nội bộ",B,550.0,0%,"13,121"
tour hà nội hà giang 4 ngày 3 đêm,Hà Giang Trip,Di chuyển,Out-of-scope Hà Giang,Transaction,500,N/A,N/A,N/A,Planner (Cao),data/google_planner/hanoi/Keyword Stats 2026-02-13 at 11_54_58.csv,"Tạo landing chuyển đổi (giá/vé/đặt chỗ), gom vào cluster page + build backlink nội bộ",B,550.0,0%,"9,870"
hà nội hà giang,Hà Giang Trip,Tổng hợp,Out-of-scope Hà Giang,Informational,500,N/A,N/A,N/A,Planner (Thấp),data/google_planner/hanoi/Keyword Stats 2026-02-13 at 11_54_58.csv,Viết guide/review; ưu tiên long-tail; tạo topic hub và internal link về trang dịch vụ,B,550.0,0%,"4,079"
tour đi hà giang từ hà nội,Hà Giang Trip,Di chuyển,Out-of-scope Hà Giang,Commercial Investigation,50,N/A,N/A,N/A,Planner (Cao),data/google_planner/hanoi/Keyword Stats 2026-02-13 at 11_54_58.csv,Viết bài top-list/so sánh; map vào cluster hub; bổ sung schema + ảnh/UGC,B,65.0,900.0%,"10,846"
tour ha noi ha giang,Hà Giang Trip,Di chuyển,Out-of-scope Hà Giang,Commercial Investigation,50,N/A,N/A,N/A,Planner (Cao),data/google_planner/hanoi/Keyword Stats 2026-02-13 at 11_54_58.csv,Viết bài top-list/so sánh; map vào cluster hub; bổ sung schema + ảnh/UGC,B,55.00000000000001,0%,"8,312"
tour hà nội hà giang 2 ngày 1 đêm,Hà Giang Trip,Di chuyển,Out-of-scope Hà Giang,Transaction,50,N/A,N/A,N/A,Planner (Cao),data/google_planner/hanoi/Keyword Stats 2026-02-13 at 11_54_58.csv,"Tạo landing chuyển đổi (giá/vé/đặt chỗ), gom vào cluster page + build backlink nội bộ",B,55.00000000000001,0%,"9,368"
tour du lịch hà nội hà giang,Hà Giang Trip,Di chuyển,Out-of-scope Hà Giang,Commercial Investigation,50,N/A,N/A,N/A,Planner (Cao),data/google_planner/hanoi/Keyword Stats 2026-02-13 at 11_54_58.csv,Viết bài top-list/so sánh; map vào cluster hub; bổ sung schema + ảnh/UGC,B,55.00000000000001,0%,"9,377"
du lịch hà nội hà giang,Hà Giang Trip,Tổng hợp,Out-of-scope Hà Giang,Informational,50,N/A,N/A,N/A,Planner (Cao),data/google_planner/hanoi/Keyword Stats 2026-02-13 at 11_54_58.csv,Viết guide/review; ưu tiên long-tail; tạo topic hub và internal link về trang dịch vụ,B,55.00000000000001,0%,"8,247"
tour hà nội hà giang 2 ngày 2 đêm,Hà Giang Trip,Di chuyển,Out-of-scope Hà Giang,Transaction,50,N/A,N/A,N/A,Planner (Cao),data/google_planner/hanoi/Keyword Stats 2026-02-13 at 11_54_58.csv,"Tạo landing chuyển đổi (giá/vé/đặt chỗ), gom vào cluster page + build backlink nội bộ",B,55.00000000000001,0%,"8,988"
tour hà nội sapa hà giang,Hà Giang Trip,Di chuyển,Out-of-scope Hà Giang,Commercial Investigation,50,N/A,N/A,N/A,Planner (Cao),data/google_planner/hanoi/Keyword Stats 2026-02-13 at 11_54_58.csv,Viết bài top-list/so sánh; map vào cluster hub; bổ sung schema + ảnh/UGC,B,55.00000000000001,0%,"10,552"
tour du lịch hà giang từ hà nội,Hà Giang Trip,Di chuyển,Out-of-scope Hà Giang,Commercial Investigation,50,N/A,N/A,N/A,Planner (Trung bình),data/google_planner/hanoi/Keyword Stats 2026-02-13 at 11_54_58.csv,Viết bài top-list/so sánh; map vào cluster hub; bổ sung schema + ảnh/UGC,B,55.00000000000001,-90.0%,"9,597"
du lịch hà giang từ hà nội,Hà Giang Trip,Tổng hợp,Out-of-scope Hà Giang,Informational,50,N/A,N/A,N/A,Planner (Trung bình),data/google_planner/hanoi/Keyword Stats 2026-02-13 at 11_54_58.csv,Viết guide/review; ưu tiên long-tail; tạo topic hub và internal link về trang dịch vụ,B,55.00000000000001,0%,"9,861"
tour hà giang 2 ngày 1 đêm từ hà nội,Hà Giang Trip,Di chuyển,Out-of-scope Hà Giang,Transaction,50,N/A,N/A,N/A,Planner (Cao),data/google_planner/hanoi/Keyword Stats 2026-02-13 at 11_54_58.csv,"Tạo landing chuyển đổi (giá/vé/đặt chỗ), gom vào cluster page + build backlink nội bộ",B,55.00000000000001,0%,"9,058"
tour hà nội hà giang sapa,Hà Giang Trip,Di chuyển,Out-of-scope Hà Giang,Commercial Investigation,50,N/A,N/A,N/A,Planner (Cao),data/google_planner/hanoi/Keyword Stats 2026-02-13 at 11_54_58.csv,Viết bài top-list/so sánh; map vào cluster hub; bổ sung schema + ảnh/UGC,B,55.00000000000001,0%,"9,571"
đi hà giang từ hà nội,Hà Giang Trip,Tổng hợp,Out-of-scope Hà Giang,Informational,50,N/A,N/A,N/A,Planner (Trung bình),data/google_planner/hanoi/Keyword Stats 2026-02-13 at 11_54_58.csv,Viết guide/review; ưu tiên long-tail; tạo topic hub và internal link về trang dịch vụ,B,55.00000000000001,0%,"5,478"
somerset hoa binh hanoi,Hòa Bình Trip,Tổng hợp,Out-of-scope Hòa Bình,Commercial Investigation,6600,N/A,N/A,N/A,Low (0),data/seo_insider/advance_search_report.csv,Viết bài top-list/so sánh; map vào cluster hub; bổ sung schema + ảnh/UGC,B,6600.0,N/A,N/A
khach san hoa binh ha noi,Hòa Bình Trip,Lưu trú,Out-of-scope Hòa Bình,Commercial Investigation,50,N/A,N/A,N/A,Planner (Cao),data/google_planner/hanoi/Keyword Stats 2026-02-13 at 11_54_58.csv,Viết bài top-list/so sánh; map vào cluster hub; bổ sung schema + ảnh/UGC,B,82.50000000000001,0%,"7,123"
khách sạn hoà bình lý thường kiệt hà nội,Hòa Bình Trip,Lưu trú,Out-of-scope Hòa Bình,Commercial Investigation,50,N/A,N/A,N/A,Planner (Trung bình),data/google_planner/hanoi/Keyword Stats 2026-02-13 at 11_54_58.csv,Viết bài top-list/so sánh; map vào cluster hub; bổ sung schema + ảnh/UGC,B,82.50000000000001,0%,"7,331"
giá phòng khách sạn hòa bình hà nội,Hòa Bình Trip,Lưu trú,Out-of-scope Hòa Bình,Transaction,50,N/A,N/A,N/A,Planner (Cao),data/google_planner/hanoi/Keyword Stats 2026-02-13 at 11_54_58.csv,"Tạo landing chuyển đổi (giá/vé/đặt chỗ), gom vào cluster page + build backlink nội bộ",B,75.0,0%,0
tour hạ long từ hà nội,Hạ Long Trip,Di chuyển,Out-of-scope Hạ Long,Commercial Investigation,50,N/A,N/A,N/A,Planner (Trung bình),data/google_planner/hanoi/Keyword Stats 2026-02-13 at 11_54_58.csv,Viết bài top-list/so sánh; map vào cluster hub; bổ sung schema + ảnh/UGC,B,55.00000000000001,0%,"16,304"
tour hà nội hải phòng 1 ngày,Hải Phòng Trip,Di chuyển,Out-of-scope Hải Phòng,Transaction,N/A,264,18,6.82%,N/A (N/A),data/google_search_console/Queries.csv,"Tối ưu landing (CTA/giá/FAQ), cải thiện snippet để tăng CTR; internal link từ hub 'Hà Nội'",A,18.0,N/A,N/A
tour hà nội - hải phòng 1 ngày,Hải Phòng Trip,Di chuyển,Out-of-scope Hải Phòng,Transaction,N/A,453,17,3.75%,N/A (N/A),data/google_search_console/Queries.csv,"Tối ưu landing (CTA/giá/FAQ), cải thiện snippet để tăng CTR; internal link từ hub 'Hà Nội'",A,17.0,N/A,N/A
hồ hoàn kiếm,Hồ Gươm & Hoàn Kiếm,Địa danh tham quan / Văn hóa - Lịch sử,In-scope Hà Nội,Commercial Investigation,368000,10468,62,0.59%,Low (15),data/google_search_console/Queries.csv,"Refresh bài top-list, thêm bảng so sánh + schema FAQ/Review; tối ưu title để tăng CTR",A,62.0,N/A,N/A
hồ hoàn kiếm hàng trống hoàn kiếm hà nội,Hồ Gươm & Hoàn Kiếm,Địa danh tham quan / Văn hóa - Lịch sử,In-scope Hà Nội,Commercial Investigation,49500,N/A,N/A,N/A,Low (15),data/seo_insider/advance_search_report.csv,Viết bài top-list/so sánh; map vào cluster hub; bổ sung schema + ảnh/UGC,B,42075.0,N/A,N/A
hồ hoàn kiếm địa chỉ,Hồ Gươm & Hoàn Kiếm,Địa danh tham quan / Văn hóa - Lịch sử,In-scope Hà Nội,Informational,50,N/A,N/A,N/A,Planner (Thấp),data/google_planner/hanoi/Keyword Stats 2026-02-13 at 11_54_58.csv,Viết guide/review; ưu tiên long-tail; tạo topic hub và internal link về trang dịch vụ,B,60.0,900.0%,0
ks gần hồ gươm,Hồ Gươm & Hoàn Kiếm,Địa danh tham quan / Văn hóa - Lịch sử,In-scope Hà Nội,Informational,50,N/A,N/A,N/A,Planner (Cao),data/google_planner/hanoi/Keyword Stats 2026-02-13 at 11_54_58.csv,Viết guide/review; ưu tiên long-tail; tạo topic hub và internal link về trang dịch vụ,B,55.00000000000001,0%,"22,777"
hồ hoàn kiếm về đêm,Hồ Gươm & Hoàn Kiếm,Địa danh tham quan / Văn hóa - Lịch sử,In-scope Hà Nội,Commercial Investigation,50,N/A,N/A,N/A,Planner (Thấp),data/google_planner/hanoi/Keyword Stats 2026-02-13 at 11_54_58.csv,Viết bài top-list/so sánh; map vào cluster hub; bổ sung schema + ảnh/UGC,B,50.0,0%,0
địa chỉ hồ hoàn kiếm,Hồ Gươm & Hoàn Kiếm,Địa danh tham quan / Văn hóa - Lịch sử,In-scope Hà Nội,Informational,50,N/A,N/A,N/A,Planner (Thấp),data/google_planner/hanoi/Keyword Stats 2026-02-13 at 11_54_58.csv,Viết guide/review; ưu tiên long-tail; tạo topic hub và internal link về trang dịch vụ,B,50.0,0%,0
giờ mở cửa chùa trấn quốc,Hồ Tây & Chùa Trấn Quốc,Địa danh tham quan / Văn hóa - Lịch sử,In-scope Hà Nội,Informational,N/A,802,13,1.62%,N/A (N/A),data/google_search_console/Queries.csv,"Cập nhật nội dung theo intent, bổ sung FAQ + schema, tối ưu title/meta để đẩy Top 1-3",A,13.0,N/A,N/A
chùa trấn quốc,Hồ Tây & Chùa Trấn Quốc,Địa danh tham quan / Văn hóa - Lịch sử,In-scope Hà Nội,Informational,40500,N/A,N/A,N/A,Low (0),data/seo_insider/advance_search_report.csv,Viết guide/review; ưu tiên long-tail; tạo topic hub và internal link về trang dịch vụ,B,40500.0,N/A,N/A
chùa trấn quốc nằm ở đâu tại việt nam,Hồ Tây & Chùa Trấn Quốc,Địa danh tham quan / Văn hóa - Lịch sử,In-scope Hà Nội,Informational,6600,N/A,N/A,N/A,Low (0),data/seo_insider/advance_search_report.csv,Viết guide/review; ưu tiên long-tail; tạo topic hub và internal link về trang dịch vụ,B,6600.0,N/A,N/A
intercontinental hà nội hồ tây,Hồ Tây & Chùa Trấn Quốc,Địa danh tham quan / Văn hóa - Lịch sử,In-scope Hà Nội,Informational,50,N/A,N/A,N/A,Planner (Cao),data/google_planner/hanoi/Keyword Stats 2026-02-13 at 11_54_58.csv,Viết guide/review; ưu tiên long-tail; tạo topic hub và internal link về trang dịch vụ,B,55.00000000000001,0%,"5,712"
intercontinental hồ tây hà nội,Hồ Tây & Chùa Trấn Quốc,Địa danh tham quan / Văn hóa - Lịch sử,In-scope Hà Nội,Informational,50,N/A,N/A,N/A,Planner (Thấp),data/google_planner/hanoi/Keyword Stats 2026-02-13 at 11_54_58.csv,Viết guide/review; ưu tiên long-tail; tạo topic hub và internal link về trang dịch vụ,B,50.0,0%,0
khách sạn cầu giấy,Khách sạn Cầu Giấy,Lưu trú,In-scope Hà Nội,Commercial Investigation,5400,N/A,N/A,N/A,Low (0),data/seo_insider/advance_search_report.csv,Viết bài top-list/so sánh; map vào cluster hub; bổ sung schema + ảnh/UGC,B,5400.0,N/A,N/A
khách sạn cầu giấy hà nội,Khách sạn Cầu Giấy,Lưu trú,In-scope Hà Nội,Commercial Investigation,500,N/A,N/A,N/A,Planner (Cao),data/google_planner/hanoi/Keyword Stats 2026-02-13 at 11_54_58.csv,Viết bài top-list/so sánh; map vào cluster hub; bổ sung schema + ảnh/UGC,B,825.0,0%,"21,717"
khách sạn ở cầu giấy hà nội,Khách sạn Cầu Giấy,Lưu trú,In-scope Hà Nội,Commercial Investigation,500,N/A,N/A,N/A,Planner (Cao),data/google_planner/hanoi/Keyword Stats 2026-02-13 at 11_54_58.csv,Viết bài top-list/so sánh; map vào cluster hub; bổ sung schema + ảnh/UGC,B,825.0,-90.0%,"22,458"
khách sạn gần cầu giấy hà nội,Khách sạn Cầu Giấy,Lưu trú,In-scope Hà Nội,Commercial Investigation,500,N/A,N/A,N/A,Planner (Thấp),data/google_planner/hanoi/Keyword Stats 2026-02-13 at 11_54_58.csv,Viết bài top-list/so sánh; map vào cluster hub; bổ sung schema + ảnh/UGC,B,825.0,0%,"16,593"
khách sạn a25 cầu giấy hà nội,Khách sạn Cầu Giấy,Lưu trú,In-scope Hà Nội,Commercial Investigation,500,N/A,N/A,N/A,Planner (Trung bình),data/google_planner/hanoi/Keyword Stats 2026-02-13 at 11_54_58.csv,Viết bài top-list/so sánh; map vào cluster hub; bổ sung schema + ảnh/UGC,B,825.0,0%,"5,836"
khách sạn quận cầu giấy hà nội,Khách sạn Cầu Giấy,Lưu trú,In-scope Hà Nội,Commercial Investigation,50,N/A,N/A,N/A,Planner (Cao),data/google_planner/hanoi/Keyword Stats 2026-02-13 at 11_54_58.csv,Viết bài top-list/so sánh; map vào cluster hub; bổ sung schema + ảnh/UGC,B,82.50000000000001,0%,"35,419"
khách sạn giá rẻ cầu giấy hà nội,Khách sạn Cầu Giấy,Lưu trú,In-scope Hà Nội,Transaction,50,N/A,N/A,N/A,Planner (Cao),data/google_planner/hanoi/Keyword Stats 2026-02-13 at 11_54_58.csv,"Tạo landing chuyển đổi (giá/vé/đặt chỗ), gom vào cluster page + build backlink nội bộ",B,82.50000000000001,0%,"29,949"
khách sạn khu cầu giấy hà nội,Khách sạn Cầu Giấy,Lưu trú,In-scope Hà Nội,Commercial Investigation,50,N/A,N/A,N/A,Planner (Cao),data/google_planner/hanoi/Keyword Stats 2026-02-13 at 11_54_58.csv,Viết bài top-list/so sánh; map vào cluster hub; bổ sung schema + ảnh/UGC,B,82.50000000000001,0%,"22,251"
khách sạn khu vực cầu giấy hà nội,Khách sạn Cầu Giấy,Lưu trú,In-scope Hà Nội,Commercial Investigation,50,N/A,N/A,N/A,Planner (Cao),data/google_planner/hanoi/Keyword Stats 2026-02-13 at 11_54_58.csv,Viết bài top-list/so sánh; map vào cluster hub; bổ sung schema + ảnh/UGC,B,82.50000000000001,0%,"15,270"
khách sạn bạch dương cầu giấy hà nội,Khách sạn Cầu Giấy,Lưu trú,In-scope Hà Nội,Commercial Investigation,50,N/A,N/A,N/A,Planner (Cao),data/google_planner/hanoi/Keyword Stats 2026-02-13 at 11_54_58.csv,Viết bài top-list/so sánh; map vào cluster hub; bổ sung schema + ảnh/UGC,B,82.50000000000001,0%,"5,848"
khách sạn cầu giấy hà nội địa chỉ,Khách sạn Cầu Giấy,Lưu trú,In-scope Hà Nội,Commercial Investigation,50,N/A,N/A,N/A,Planner (Trung bình),data/google_planner/hanoi/Keyword Stats 2026-02-13 at 11_54_58.csv,Viết bài top-list/so sánh; map vào cluster hub; bổ sung schema + ảnh/UGC,B,82.50000000000001,0%,"9,943"
khách sạn hoàng tử cầu giấy hà nội,Khách sạn Cầu Giấy,Lưu trú,In-scope Hà Nội,Commercial Investigation,50,N/A,N/A,N/A,Planner (Thấp),data/google_planner/hanoi/Keyword Stats 2026-02-13 at 11_54_58.csv,Viết bài top-list/so sánh; map vào cluster hub; bổ sung schema + ảnh/UGC,B,82.50000000000001,0%,"11,533"
khách sạn ở trung hòa cầu giấy hà nội,Khách sạn Cầu Giấy,Lưu trú,In-scope Hà Nội,Commercial Investigation,50,N/A,N/A,N/A,Planner (Cao),data/google_planner/hanoi/Keyword Stats 2026-02-13 at 11_54_58.csv,Viết bài top-list/so sánh; map vào cluster hub; bổ sung schema + ảnh/UGC,B,82.50000000000001,0%,"17,916"
khách sạn ở quận cầu giấy hà nội,Khách sạn Cầu Giấy,Lưu trú,In-scope Hà Nội,Commercial Investigation,50,N/A,N/A,N/A,Planner (Không xác định),data/google_planner/hanoi/Keyword Stats 2026-02-13 at 11_54_58.csv,Viết bài top-list/so sánh; map vào cluster hub; bổ sung schema + ảnh/UGC,B,75.0,-100.0%,0
khách sạn đẹp ở cầu giấy hà nội,Khách sạn Cầu Giấy,Lưu trú,In-scope Hà Nội,Commercial Investigation,50,N/A,N/A,N/A,Planner (Cao),data/google_planner/hanoi/Keyword Stats 2026-02-13 at 11_54_58.csv,Viết bài top-list/so sánh; map vào cluster hub; bổ sung schema + ảnh/UGC,B,75.0,0%,0
mai villa hotel cầu giấy hà nội,Khách sạn Cầu Giấy,Lưu trú,In-scope Hà Nội,Commercial Investigation,50,N/A,N/A,N/A,Planner (Thấp),data/google_planner/hanoi/Keyword Stats 2026-02-13 at 11_54_58.csv,Viết bài top-list/so sánh; map vào cluster hub; bổ sung schema + ảnh/UGC,B,75.0,-90.0%,0
khách sạn 4 sao hà nội,Khách sạn Hà Nội,Lưu trú,In-scope Hà Nội,Commercial Investigation,N/A,7743,193,2.49%,N/A (N/A),data/google_search_console/Queries.csv,"Refresh bài top-list, thêm bảng so sánh + schema FAQ/Review; tối ưu title để tăng CTR",A,193.0,N/A,N/A
khách sạn gần phố đi bộ hồ gươm,Khách sạn Hà Nội,Lưu trú,In-scope Hà Nội,Commercial Investigation,N/A,1749,113,6.46%,N/A (N/A),data/google_search_console/Queries.csv,"Refresh bài top-list, thêm bảng so sánh + schema FAQ/Review; tối ưu title để tăng CTR",A,113.0,N/A,N/A
khách sạn 5 sao hà nội,Khách sạn Hà Nội,Lưu trú,In-scope Hà Nội,Commercial Investigation,N/A,13613,104,0.76%,N/A (N/A),data/google_search_console/Queries.csv,"Refresh bài top-list, thêm bảng so sánh + schema FAQ/Review; tối ưu title để tăng CTR",A,104.0,N/A,N/A
khách sạn gần hồ gươm giá rẻ,Khách sạn Hà Nội,Lưu trú,In-scope Hà Nội,Transaction,N/A,1668,71,4.26%,N/A (N/A),data/google_search_console/Queries.csv,"Tối ưu landing (CTA/giá/FAQ), cải thiện snippet để tăng CTR; internal link từ hub 'Hà Nội'",A,71.0,N/A,N/A
khách sạn gần phố đi bộ hà nội,Khách sạn Hà Nội,Lưu trú,In-scope Hà Nội,Commercial Investigation,N/A,1385,70,5.05%,N/A (N/A),data/google_search_console/Queries.csv,"Refresh bài top-list, thêm bảng so sánh + schema FAQ/Review; tối ưu title để tăng CTR",A,70.0,N/A,N/A
khách sạn 4 sao ở hà nội,Khách sạn Hà Nội,Lưu trú,In-scope Hà Nội,Commercial Investigation,N/A,1400,27,1.93%,N/A (N/A),data/google_search_console/Queries.csv,"Refresh bài top-list, thêm bảng so sánh + schema FAQ/Review; tối ưu title để tăng CTR",A,27.0,N/A,N/A
resort quốc oai,Khách sạn Hà Nội,Lưu trú,In-scope Hà Nội,Commercial Investigation,N/A,306,23,7.52%,N/A (N/A),data/google_search_console/Queries.csv,"Refresh bài top-list, thêm bảng so sánh + schema FAQ/Review; tối ưu title để tăng CTR",A,23.0,N/A,N/A
khách sạn gần hồ gươm,Khách sạn Hà Nội,Lưu trú,In-scope Hà Nội,Commercial Investigation,N/A,3571,22,0.62%,N/A (N/A),data/google_search_console/Queries.csv,"Refresh bài top-list, thêm bảng so sánh + schema FAQ/Review; tối ưu title để tăng CTR",A,22.0,N/A,N/A
khách sạn hà nội 4 sao,Khách sạn Hà Nội,Lưu trú,In-scope Hà Nội,Commercial Investigation,N/A,1424,22,1.54%,N/A (N/A),data/google_search_console/Queries.csv,"Refresh bài top-list, thêm bảng so sánh + schema FAQ/Review; tối ưu title để tăng CTR",A,22.0,N/A,N/A
homestay thường tín,Khách sạn Hà Nội,Lưu trú,In-scope Hà Nội,Commercial Investigation,N/A,131,20,15.27%,N/A (N/A),data/google_search_console/Queries.csv,"Refresh bài top-list, thêm bảng so sánh + schema FAQ/Review; tối ưu title để tăng CTR",A,20.0,N/A,N/A
khách sạn ở hà nội gần hồ gươm,Khách sạn Hà Nội,Lưu trú,In-scope Hà Nội,Commercial Investigation,N/A,1630,19,1.17%,N/A (N/A),data/google_search_console/Queries.csv,"Refresh bài top-list, thêm bảng so sánh + schema FAQ/Review; tối ưu title để tăng CTR",A,19.0,N/A,N/A
khách sạn 4 sao tại hà nội,Khách sạn Hà Nội,Lưu trú,In-scope Hà Nội,Commercial Investigation,N/A,890,18,2.02%,N/A (N/A),data/google_search_console/Queries.csv,"Refresh bài top-list, thêm bảng so sánh + schema FAQ/Review; tối ưu title để tăng CTR",A,18.0,N/A,N/A
khách sạn 5 sao ở hà nội,Khách sạn Hà Nội,Lưu trú,In-scope Hà Nội,Commercial Investigation,N/A,1681,15,0.89%,N/A (N/A),data/google_search_console/Queries.csv,"Refresh bài top-list, thêm bảng so sánh + schema FAQ/Review; tối ưu title để tăng CTR",A,15.0,N/A,N/A
khách sạn cát linh hà nội,Khách sạn Hà Nội,Lưu trú,In-scope Hà Nội,Commercial Investigation,N/A,183,15,8.2%,N/A (N/A),data/google_search_console/Queries.csv,"Refresh bài top-list, thêm bảng so sánh + schema FAQ/Review; tối ưu title để tăng CTR",A,15.0,N/A,N/A
khách sạn ở huế gần phố đi bộ,Khách sạn Hà Nội,Lưu trú,In-scope Hà Nội,Commercial Investigation,N/A,1737,14,0.81%,N/A (N/A),data/google_search_console/Queries.csv,"Refresh bài top-list, thêm bảng so sánh + schema FAQ/Review; tối ưu title để tăng CTR",A,14.0,N/A,N/A
khách sạn gần trung tâm hội nghị quốc gia,Khách sạn Hà Nội,Lưu trú,In-scope Hà Nội,Transaction,N/A,979,14,1.43%,N/A (N/A),data/google_search_console/Queries.csv,"Tối ưu landing (CTA/giá/FAQ), cải thiện snippet để tăng CTR; internal link từ hub 'Hà Nội'",A,14.0,N/A,N/A
khách sạn gần hồ gươm hà nội,Khách sạn Hà Nội,Lưu trú,In-scope Hà Nội,Commercial Investigation,N/A,1252,13,1.04%,N/A (N/A),data/google_search_console/Queries.csv,"Refresh bài top-list, thêm bảng so sánh + schema FAQ/Review; tối ưu title để tăng CTR",A,13.0,N/A,N/A
khách sạn 5 sao gần hồ gươm,Khách sạn Hà Nội,Lưu trú,In-scope Hà Nội,Commercial Investigation,N/A,245,13,5.31%,N/A (N/A),data/google_search_console/Queries.csv,"Refresh bài top-list, thêm bảng so sánh + schema FAQ/Review; tối ưu title để tăng CTR",A,13.0,N/A,N/A
khách sạn lò sũ hà nội,Khách sạn Hà Nội,Lưu trú,In-scope Hà Nội,Commercial Investigation,N/A,171,13,7.6%,N/A (N/A),data/google_search_console/Queries.csv,"Refresh bài top-list, thêm bảng so sánh + schema FAQ/Review; tối ưu title để tăng CTR",A,13.0,N/A,N/A
khách sạn phố cầu gỗ hà nội,Khách sạn Hà Nội,Lưu trú,In-scope Hà Nội,Commercial Investigation,N/A,362,11,3.04%,N/A (N/A),data/google_search_console/Queries.csv,"Refresh bài top-list, thêm bảng so sánh + schema FAQ/Review; tối ưu title để tăng CTR",A,11.0,N/A,N/A
khách sạn lê văn lương hà nội,Khách sạn Hà Nội,Lưu trú,In-scope Hà Nội,Commercial Investigation,N/A,94,11,11.7%,N/A (N/A),data/google_search_console/Queries.csv,"Refresh bài top-list, thêm bảng so sánh + schema FAQ/Review; tối ưu title để tăng CTR",A,11.0,N/A,N/A
khách sạn hà nội giá rẻ,Khách sạn Hà Nội,Lưu trú,In-scope Hà Nội,Transaction,N/A,1471,10,0.68%,N/A (N/A),data/google_search_console/Queries.csv,"Tối ưu landing (CTA/giá/FAQ), cải thiện snippet để tăng CTR; internal link từ hub 'Hà Nội'",A,10.0,N/A,N/A
paradise sóc sơn resort,Khách sạn Hà Nội,Lưu trú,In-scope Hà Nội,Commercial Investigation,N/A,460,10,2.17%,N/A (N/A),data/google_search_console/Queries.csv,"Refresh bài top-list, thêm bảng so sánh + schema FAQ/Review; tối ưu title để tăng CTR",A,10.0,N/A,N/A
khách sạn 4 sao trung tâm hà nội,Khách sạn Hà Nội,Lưu trú,In-scope Hà Nội,Commercial Investigation,N/A,249,10,4.02%,N/A (N/A),data/google_search_console/Queries.csv,"Refresh bài top-list, thêm bảng so sánh + schema FAQ/Review; tối ưu title để tăng CTR",A,10.0,N/A,N/A
resort long biên,Khách sạn Hà Nội,Lưu trú,In-scope Hà Nội,Commercial Investigation,N/A,99,10,10.1%,N/A (N/A),data/google_search_console/Queries.csv,"Refresh bài top-list, thêm bảng so sánh + schema FAQ/Review; tối ưu title để tăng CTR",A,10.0,N/A,N/A
grand k hotel suites hanoi,Khách sạn Hà Nội,Lưu trú,In-scope Hà Nội,Commercial Investigation,50000,N/A,N/A,N/A,Planner (Thấp),data/google_planner/hanoi/Keyword Stats 2026-02-13 at 11_54_58.csv,Viết bài top-list/so sánh; map vào cluster hub; bổ sung schema + ảnh/UGC,B,97500.0,900.0%,"12,467"
lotte hotel ha noi,Khách sạn Hà Nội,Lưu trú,In-scope Hà Nội,Commercial Investigation,50000,N/A,N/A,N/A,Planner (Thấp),data/google_planner/hanoi/Keyword Stats 2026-02-13 at 11_54_58.csv,Viết bài top-list/so sánh; map vào cluster hub; bổ sung schema + ảnh/UGC,B,82500.00000000001,0%,"24,470"
khach san apricot hanoi,Khách sạn Hà Nội,Lưu trú,In-scope Hà Nội,Commercial Investigation,50000,N/A,N/A,N/A,Planner (Thấp),data/google_planner/hanoi/Keyword Stats 2026-02-13 at 11_54_58.csv,Viết bài top-list/so sánh; map vào cluster hub; bổ sung schema + ảnh/UGC,B,82500.00000000001,0%,"25,965"
khách sạn hà nội daewoo,Khách sạn Hà Nội,Lưu trú,In-scope Hà Nội,Commercial Investigation,50000,N/A,N/A,N/A,Planner (Thấp),data/google_planner/hanoi/Keyword Stats 2026-02-13 at 11_54_58.csv,Viết bài top-list/so sánh; map vào cluster hub; bổ sung schema + ảnh/UGC,B,82500.00000000001,0%,"9,575"
khach san grand plaza hanoi,Khách sạn Hà Nội,Lưu trú,In-scope Hà Nội,Commercial Investigation,50000,N/A,N/A,N/A,Planner (Thấp),data/google_planner/hanoi/Keyword Stats 2026-02-13 at 11_54_58.csv,Viết bài top-list/so sánh; map vào cluster hub; bổ sung schema + ảnh/UGC,B,82500.00000000001,0%,"14,411"
silk path hotel hà nội,Khách sạn Hà Nội,Lưu trú,In-scope Hà Nội,Commercial Investigation,50000,N/A,N/A,N/A,Planner (Thấp),data/google_planner/hanoi/Keyword Stats 2026-02-13 at 11_54_58.csv,Viết bài top-list/so sánh; map vào cluster hub; bổ sung schema + ảnh/UGC,B,82500.00000000001,0%,"22,101"
khách sạn mường thanh grand hà nội,Khách sạn Hà Nội,Lưu trú,In-scope Hà Nội,Commercial Investigation,18100,N/A,N/A,N/A,Low (0),data/seo_insider/advance_search_report.csv,Viết bài top-list/so sánh; map vào cluster hub; bổ sung schema + ảnh/UGC,B,18100.0,N/A,N/A
khách sạn fortuna hà nội,Khách sạn Hà Nội,Lưu trú,In-scope Hà Nội,Commercial Investigation,9900,N/A,N/A,N/A,Low (0),data/seo_insider/advance_search_report.csv,Viết bài top-list/so sánh; map vào cluster hub; bổ sung schema + ảnh/UGC,B,9900.0,N/A,N/A
fortuna hotel hanoi,Khách sạn Hà Nội,Lưu trú,In-scope Hà Nội,Commercial Investigation,5000,N/A,N/A,N/A,Planner (Thấp),data/google_planner/hanoi/Keyword Stats 2026-02-13 at 11_54_58.csv,Viết bài top-list/so sánh; map vào cluster hub; bổ sung schema + ảnh/UGC,B,8250.0,-90.0%,"21,517"
hà nội hotel,Khách sạn Hà Nội,Lưu trú,In-scope Hà Nội,Commercial Investigation,5000,N/A,N/A,N/A,Planner (Trung bình),data/google_planner/hanoi/Keyword Stats 2026-02-13 at 11_54_58.csv,Viết bài top-list/so sánh; map vào cluster hub; bổ sung schema + ảnh/UGC,B,8250.0,0%,"20,914"
khách sạn công đoàn hà nội,Khách sạn Hà Nội,Lưu trú,In-scope Hà Nội,Commercial Investigation,5000,N/A,N/A,N/A,Planner (Trung bình),data/google_planner/hanoi/Keyword Stats 2026-02-13 at 11_54_58.csv,Viết bài top-list/so sánh; map vào cluster hub; bổ sung schema + ảnh/UGC,B,8250.0,0%,"10,241"
khách sạn intercontinental hà nội,Khách sạn Hà Nội,Lưu trú,In-scope Hà Nội,Commercial Investigation,5000,N/A,N/A,N/A,Planner (Trung bình),data/google_planner/hanoi/Keyword Stats 2026-02-13 at 11_54_58.csv,Viết bài top-list/so sánh; map vào cluster hub; bổ sung schema + ảnh/UGC,B,8250.0,0%,"9,544"
mia hotel hanoi,Khách sạn Hà Nội,Lưu trú,In-scope Hà Nội,Commercial Investigation,5000,N/A,N/A,N/A,Planner (Thấp),data/google_planner/hanoi/Keyword Stats 2026-02-13 at 11_54_58.csv,Viết bài top-list/so sánh; map vào cluster hub; bổ sung schema + ảnh/UGC,B,8250.0,0%,"13,762"
khách sạn canary hà nội,Khách sạn Hà Nội,Lưu trú,In-scope Hà Nội,Commercial Investigation,5000,N/A,N/A,N/A,Planner (Thấp),data/google_planner/hanoi/Keyword Stats 2026-02-13 at 11_54_58.csv,Viết bài top-list/so sánh; map vào cluster hub; bổ sung schema + ảnh/UGC,B,8250.0,0%,"12,165"
khách sạn nesta hà nội,Khách sạn Hà Nội,Lưu trú,In-scope Hà Nội,Commercial Investigation,5000,N/A,N/A,N/A,Planner (Thấp),data/google_planner/hanoi/Keyword Stats 2026-02-13 at 11_54_58.csv,Viết bài top-list/so sánh; map vào cluster hub; bổ sung schema + ảnh/UGC,B,8250.0,0%,"11,944"
khách sạn điện lực hà nội,Khách sạn Hà Nội,Lưu trú,In-scope Hà Nội,Commercial Investigation,5000,N/A,N/A,N/A,Planner (Thấp),data/google_planner/hanoi/Keyword Stats 2026-02-13 at 11_54_58.csv,Viết bài top-list/so sánh; map vào cluster hub; bổ sung schema + ảnh/UGC,B,8250.0,0%,"14,063"
khách sạn sheraton hà nội,Khách sạn Hà Nội,Lưu trú,In-scope Hà Nội,Commercial Investigation,5000,N/A,N/A,N/A,Planner (Trung bình),data/google_planner/hanoi/Keyword Stats 2026-02-13 at 11_54_58.csv,Viết bài top-list/so sánh; map vào cluster hub; bổ sung schema + ảnh/UGC,B,8250.0,0%,"5,712"
royal hotel hà nội,Khách sạn Hà Nội,Lưu trú,In-scope Hà Nội,Commercial Investigation,5000,N/A,N/A,N/A,Planner (Thấp),data/google_planner/hanoi/Keyword Stats 2026-02-13 at 11_54_58.csv,Viết bài top-list/so sánh; map vào cluster hub; bổ sung schema + ảnh/UGC,B,8250.0,0%,"7,790"
daewoo hotel hà nội,Khách sạn Hà Nội,Lưu trú,In-scope Hà Nội,Commercial Investigation,5000,N/A,N/A,N/A,Planner (Trung bình),data/google_planner/hanoi/Keyword Stats 2026-02-13 at 11_54_58.csv,Viết bài top-list/so sánh; map vào cluster hub; bổ sung schema + ảnh/UGC,B,8250.0,-90.0%,"21,946"
khách sạn pullman hà nội,Khách sạn Hà Nội,Lưu trú,In-scope Hà Nội,Commercial Investigation,5000,N/A,N/A,N/A,Planner (Trung bình),data/google_planner/hanoi/Keyword Stats 2026-02-13 at 11_54_58.csv,Viết bài top-list/so sánh; map vào cluster hub; bổ sung schema + ảnh/UGC,B,8250.0,0%,"6,232"
khách sạn the ann hà nội,Khách sạn Hà Nội,Lưu trú,In-scope Hà Nội,Commercial Investigation,5000,N/A,N/A,N/A,Planner (Thấp),data/google_planner/hanoi/Keyword Stats 2026-02-13 at 11_54_58.csv,Viết bài top-list/so sánh; map vào cluster hub; bổ sung schema + ảnh/UGC,B,8250.0,0%,"9,955"
khách sạn royal hà nội,Khách sạn Hà Nội,Lưu trú,In-scope Hà Nội,Commercial Investigation,5000,N/A,N/A,N/A,Planner (Thấp),data/google_planner/hanoi/Keyword Stats 2026-02-13 at 11_54_58.csv,Viết bài top-list/so sánh; map vào cluster hub; bổ sung schema + ảnh/UGC,B,8250.0,0%,"8,828"
eden hotel hà nội,Khách sạn Hà Nội,Lưu trú,In-scope Hà Nội,Commercial Investigation,5000,N/A,N/A,N/A,Planner (Thấp),data/google_planner/hanoi/Keyword Stats 2026-02-13 at 11_54_58.csv,Viết bài top-list/so sánh; map vào cluster hub; bổ sung schema + ảnh/UGC,B,8250.0,0%,"16,046"
hà nội golden hotel,Khách sạn Hà Nội,Lưu trú,In-scope Hà Nội,Commercial Investigation,5000,N/A,N/A,N/A,Planner (Thấp),data/google_planner/hanoi/Keyword Stats 2026-02-13 at 11_54_58.csv,Viết bài top-list/so sánh; map vào cluster hub; bổ sung schema + ảnh/UGC,B,8250.0,0%,"20,154"
khách sạn sheraton hanoi,Khách sạn Hà Nội,Lưu trú,In-scope Hà Nội,Commercial Investigation,5000,N/A,N/A,N/A,Planner (Trung bình),data/google_planner/hanoi/Keyword Stats 2026-02-13 at 11_54_58.csv,Viết bài top-list/so sánh; map vào cluster hub; bổ sung schema + ảnh/UGC,B,8250.0,0%,"12,148"
khách sạn la casa hà nội,Khách sạn Hà Nội,Lưu trú,In-scope Hà Nội,Commercial Investigation,5000,N/A,N/A,N/A,Planner (Thấp),data/google_planner/hanoi/Keyword Stats 2026-02-13 at 11_54_58.csv,Viết bài top-list/so sánh; map vào cluster hub; bổ sung schema + ảnh/UGC,B,8250.0,0%,"8,540"
khách sạn movenpick hà nội,Khách sạn Hà Nội,Lưu trú,In-scope Hà Nội,Commercial Investigation,5000,N/A,N/A,N/A,Planner (Thấp),data/google_planner/hanoi/Keyword Stats 2026-02-13 at 11_54_58.csv,Viết bài top-list/so sánh; map vào cluster hub; bổ sung schema + ảnh/UGC,B,8250.0,0%,"7,790"
khách sạn novotel suites hà nội,Khách sạn Hà Nội,Lưu trú,In-scope Hà Nội,Commercial Investigation,5000,N/A,N/A,N/A,Planner (Thấp),data/google_planner/hanoi/Keyword Stats 2026-02-13 at 11_54_58.csv,Viết bài top-list/so sánh; map vào cluster hub; bổ sung schema + ảnh/UGC,B,8250.0,0%,"5,625"
khách sạn sunway hà nội,Khách sạn Hà Nội,Lưu trú,In-scope Hà Nội,Commercial Investigation,5000,N/A,N/A,N/A,Planner (Thấp),data/google_planner/hanoi/Keyword Stats 2026-02-13 at 11_54_58.csv,Viết bài top-list/so sánh; map vào cluster hub; bổ sung schema + ảnh/UGC,B,8250.0,0%,"7,621"
marina hotel hanoi khách sạn marina hà nội,Khách sạn Hà Nội,Lưu trú,In-scope Hà Nội,Commercial Investigation,5000,N/A,N/A,N/A,Planner (Thấp),data/google_planner/hanoi/Keyword Stats 2026-02-13 at 11_54_58.csv,Viết bài top-list/so sánh; map vào cluster hub; bổ sung schema + ảnh/UGC,B,8250.0,0%,"5,712"
nesta hà nội hotel,Khách sạn Hà Nội,Lưu trú,In-scope Hà Nội,Commercial Investigation,5000,N/A,N/A,N/A,Planner (Thấp),data/google_planner/hanoi/Keyword Stats 2026-02-13 at 11_54_58.csv,Viết bài top-list/so sánh; map vào cluster hub; bổ sung schema + ảnh/UGC,B,8250.0,0%,"17,397"
anatole hotel hanoi,Khách sạn Hà Nội,Lưu trú,In-scope Hà Nội,Commercial Investigation,8100,N/A,N/A,N/A,Low (0),data/seo_insider/advance_search_report.csv,Viết bài top-list/so sánh; map vào cluster hub; bổ sung schema + ảnh/UGC,B,8100.0,N/A,N/A
mường thanh grand hà nội centre hotel,Khách sạn Hà Nội,Lưu trú,In-scope Hà Nội,Commercial Investigation,6600,N/A,N/A,N/A,Low (0),data/seo_insider/advance_search_report.csv,Viết bài top-list/so sánh; map vào cluster hub; bổ sung schema + ảnh/UGC,B,6600.0,N/A,N/A
rex hanoi hotel,Khách sạn Hà Nội,Lưu trú,In-scope Hà Nội,Commercial Investigation,6600,N/A,N/A,N/A,Low (0),data/seo_insider/advance_search_report.csv,Viết bài top-list/so sánh; map vào cluster hub; bổ sung schema + ảnh/UGC,B,6600.0,N/A,N/A
aira boutique hanoi hotel & spa,Khách sạn Hà Nội,Lưu trú,In-scope Hà Nội,Commercial Investigation,6600,N/A,N/A,N/A,Low (5),data/seo_insider/advance_search_report.csv,Viết bài top-list/so sánh; map vào cluster hub; bổ sung schema + ảnh/UGC,B,6270.0,N/A,N/A
amira hotel hanoi,Khách sạn Hà Nội,Lưu trú,In-scope Hà Nội,Commercial Investigation,5400,N/A,N/A,N/A,Low (0),data/seo_insider/advance_search_report.csv,Viết bài top-list/so sánh; map vào cluster hub; bổ sung schema + ảnh/UGC,B,5400.0,N/A,N/A
grand hotel du lac hanoi,Khách sạn Hà Nội,Lưu trú,In-scope Hà Nội,Commercial Investigation,5400,N/A,N/A,N/A,Low (0),data/seo_insider/advance_search_report.csv,Viết bài top-list/so sánh; map vào cluster hub; bổ sung schema + ảnh/UGC,B,5400.0,N/A,N/A
hanoi le jardin hotel & spa,Khách sạn Hà Nội,Lưu trú,In-scope Hà Nội,Commercial Investigation,5400,N/A,N/A,N/A,Low (0),data/seo_insider/advance_search_report.csv,Viết bài top-list/so sánh; map vào cluster hub; bổ sung schema + ảnh/UGC,B,5400.0,N/A,N/A
reyna hotel hanoi,Khách sạn Hà Nội,Lưu trú,In-scope Hà Nội,Commercial Investigation,5400,N/A,N/A,N/A,Low (3),data/seo_insider/advance_search_report.csv,Viết bài top-list/so sánh; map vào cluster hub; bổ sung schema + ảnh/UGC,B,5238.0,N/A,N/A
hanoi emerald hotel,Khách sạn Hà Nội,Lưu trú,In-scope Hà Nội,Commercial Investigation,4400,N/A,N/A,N/A,Low (0),data/seo_insider/advance_search_report.csv,Viết bài top-list/so sánh; map vào cluster hub; bổ sung schema + ảnh/UGC,B,4400.0,N/A,N/A
khách sạn capella hà nội,Khách sạn Hà Nội,Lưu trú,In-scope Hà Nội,Commercial Investigation,4400,N/A,N/A,N/A,Low (11),data/seo_insider/advance_search_report.csv,Viết bài top-list/so sánh; map vào cluster hub; bổ sung schema + ảnh/UGC,B,3916.0,N/A,N/A
khách sạn hà nội giảng võ,Khách sạn Hà Nội,Lưu trú,In-scope Hà Nội,Commercial Investigation,500,N/A,N/A,N/A,Planner (Trung bình),data/google_planner/hanoi/Keyword Stats 2026-02-13 at 11_54_58.csv,Viết bài top-list/so sánh; map vào cluster hub; bổ sung schema + ảnh/UGC,B,975.0,900.0%,"41,911"
khách sạn au coeur d hanoi,Khách sạn Hà Nội,Lưu trú,In-scope Hà Nội,Commercial Investigation,500,N/A,N/A,N/A,Planner (Thấp),data/google_planner/hanoi/Keyword Stats 2026-02-13 at 11_54_58.csv,Viết bài top-list/so sánh; map vào cluster hub; bổ sung schema + ảnh/UGC,B,975.0,900.0%,"22,634"
ha noi le grand hotel,Khách sạn Hà Nội,Lưu trú,In-scope Hà Nội,Commercial Investigation,500,N/A,N/A,N/A,Planner (Trung bình),data/google_planner/hanoi/Keyword Stats 2026-02-13 at 11_54_58.csv,Viết bài top-list/so sánh; map vào cluster hub; bổ sung schema + ảnh/UGC,B,975.0,900.0%,"22,493"
khách sạn metropole hanoi,Khách sạn Hà Nội,Lưu trú,In-scope Hà Nội,Commercial Investigation,500,N/A,N/A,N/A,Planner (Trung bình),data/google_planner/hanoi/Keyword Stats 2026-02-13 at 11_54_58.csv,Viết bài top-list/so sánh; map vào cluster hub; bổ sung schema + ảnh/UGC,B,975.0,900.0%,"9,285"
khách sạn bel ami hà nội,Khách sạn Hà Nội,Lưu trú,In-scope Hà Nội,Commercial Investigation,500,N/A,N/A,N/A,Planner (Trung bình),data/google_planner/hanoi/Keyword Stats 2026-02-13 at 11_54_58.csv,Viết bài top-list/so sánh; map vào cluster hub; bổ sung schema + ảnh/UGC,B,975.0,900.0%,"21,156"
khách sạn fairmont hà nội,Khách sạn Hà Nội,Lưu trú,In-scope Hà Nội,Commercial Investigation,500,N/A,N/A,N/A,Planner (Thấp),data/google_planner/hanoi/Keyword Stats 2026-02-13 at 11_54_58.csv,Viết bài top-list/so sánh; map vào cluster hub; bổ sung schema + ảnh/UGC,B,975.0,900.0%,"29,390"
đặt phòng khách sạn hà nội,Khách sạn Hà Nội,Lưu trú,In-scope Hà Nội,Commercial Investigation,500,N/A,N/A,N/A,Planner (Cao),data/google_planner/hanoi/Keyword Stats 2026-02-13 at 11_54_58.csv,Viết bài top-list/so sánh; map vào cluster hub; bổ sung schema + ảnh/UGC,B,825.0,0%,"54,773"
đặt khách sạn hà nội,Khách sạn Hà Nội,Lưu trú,In-scope Hà Nội,Commercial Investigation,500,N/A,N/A,N/A,Planner (Cao),data/google_planner/hanoi/Keyword Stats 2026-02-13 at 11_54_58.csv,Viết bài top-list/so sánh; map vào cluster hub; bổ sung schema + ảnh/UGC,B,825.0,0%,"54,792"
hotel ha noi,Khách sạn Hà Nội,Lưu trú,In-scope Hà Nội,Commercial Investigation,500,N/A,N/A,N/A,Planner (Cao),data/google_planner/hanoi/Keyword Stats 2026-02-13 at 11_54_58.csv,Viết bài top-list/so sánh; map vào cluster hub; bổ sung schema + ảnh/UGC,B,825.0,-90.0%,"55,622"
booking khách sạn hà nội,Khách sạn Hà Nội,Lưu trú,In-scope Hà Nội,Transaction,500,N/A,N/A,N/A,Planner (Cao),data/google_planner/hanoi/Keyword Stats 2026-02-13 at 11_54_58.csv,"Tạo landing chuyển đổi (giá/vé/đặt chỗ), gom vào cluster page + build backlink nội bộ",B,825.0,0%,"45,727"
khách sạn hà nội gần hồ gươm,Khách sạn Hà Nội,Lưu trú,In-scope Hà Nội,Commercial Investigation,500,N/A,N/A,N/A,Planner (Cao),data/google_planner/hanoi/Keyword Stats 2026-02-13 at 11_54_58.csv,Viết bài top-list/so sánh; map vào cluster hub; bổ sung schema + ảnh/UGC,B,825.0,-90.0%,"17,378"
khách sạn ở hà nội giá rẻ,Khách sạn Hà Nội,Lưu trú,In-scope Hà Nội,Transaction,500,N/A,N/A,N/A,Planner (Cao),data/google_planner/hanoi/Keyword Stats 2026-02-13 at 11_54_58.csv,"Tạo landing chuyển đổi (giá/vé/đặt chỗ), gom vào cluster page + build backlink nội bộ",B,825.0,0%,"18,565"
khách sạn quanh hồ gươm,Khách sạn Hà Nội,Lưu trú,In-scope Hà Nội,Commercial Investigation,500,N/A,N/A,N/A,Planner (Cao),data/google_planner/hanoi/Keyword Stats 2026-02-13 at 11_54_58.csv,Viết bài top-list/so sánh; map vào cluster hub; bổ sung schema + ảnh/UGC,B,825.0,0%,"16,102"
book khách sạn hà nội,Khách sạn Hà Nội,Lưu trú,In-scope Hà Nội,Commercial Investigation,500,N/A,N/A,N/A,Planner (Cao),data/google_planner/hanoi/Keyword Stats 2026-02-13 at 11_54_58.csv,Viết bài top-list/so sánh; map vào cluster hub; bổ sung schema + ảnh/UGC,B,825.0,0%,"45,727"
khách sạn gần ga hà nội,Khách sạn Hà Nội,Lưu trú,In-scope Hà Nội,Commercial Investigation,500,N/A,N/A,N/A,Planner (Cao),data/google_planner/hanoi/Keyword Stats 2026-02-13 at 11_54_58.csv,Viết bài top-list/so sánh; map vào cluster hub; bổ sung schema + ảnh/UGC,B,825.0,0%,"21,887"
khách sạn hanoi,Khách sạn Hà Nội,Lưu trú,In-scope Hà Nội,Commercial Investigation,500,N/A,N/A,N/A,Planner (Cao),data/google_planner/hanoi/Keyword Stats 2026-02-13 at 11_54_58.csv,Viết bài top-list/so sánh; map vào cluster hub; bổ sung schema + ảnh/UGC,B,825.0,0%,"47,646"
khách sạn gần nhà hát lớn hà nội,Khách sạn Hà Nội,Lưu trú,In-scope Hà Nội,Commercial Investigation,500,N/A,N/A,N/A,Planner (Cao),data/google_planner/hanoi/Keyword Stats 2026-02-13 at 11_54_58.csv,Viết bài top-list/so sánh; map vào cluster hub; bổ sung schema + ảnh/UGC,B,825.0,0%,"21,525"
khách sạn grand plaza hà nội,Khách sạn Hà Nội,Lưu trú,In-scope Hà Nội,Commercial Investigation,500,N/A,N/A,N/A,Planner (Cao),data/google_planner/hanoi/Keyword Stats 2026-02-13 at 11_54_58.csv,Viết bài top-list/so sánh; map vào cluster hub; bổ sung schema + ảnh/UGC,B,825.0,0%,"12,108"
khach san 3 sao ha noi,Khách sạn Hà Nội,Lưu trú,In-scope Hà Nội,Commercial Investigation,500,N/A,N/A,N/A,Planner (Cao),data/google_planner/hanoi/Keyword Stats 2026-02-13 at 11_54_58.csv,Viết bài top-list/so sánh; map vào cluster hub; bổ sung schema + ảnh/UGC,B,825.0,-90.0%,"13,166"
khách sạn đẹp ở hà nội,Khách sạn Hà Nội,Lưu trú,In-scope Hà Nội,Commercial Investigation,500,N/A,N/A,N/A,Planner (Cao),data/google_planner/hanoi/Keyword Stats 2026-02-13 at 11_54_58.csv,Viết bài top-list/so sánh; map vào cluster hub; bổ sung schema + ảnh/UGC,B,825.0,-90.0%,"14,027"
khách sạn quận hai bà trưng,Khách sạn Hà Nội,Lưu trú,In-scope Hà Nội,Commercial Investigation,500,N/A,N/A,N/A,Planner (Cao),data/google_planner/hanoi/Keyword Stats 2026-02-13 at 11_54_58.csv,Viết bài top-list/so sánh; map vào cluster hub; bổ sung schema + ảnh/UGC,B,825.0,-90.0%,"22,970"
khách sạn quận ba đình,Khách sạn Hà Nội,Lưu trú,In-scope Hà Nội,Commercial Investigation,500,N/A,N/A,N/A,Planner (Cao),data/google_planner/hanoi/Keyword Stats 2026-02-13 at 11_54_58.csv,Viết bài top-list/so sánh; map vào cluster hub; bổ sung schema + ảnh/UGC,B,825.0,-90.0%,"17,916"
khách sạn hồ gươm,Khách sạn Hà Nội,Lưu trú,In-scope Hà Nội,Commercial Investigation,500,N/A,N/A,N/A,Planner (Trung bình),data/google_planner/hanoi/Keyword Stats 2026-02-13 at 11_54_58.csv,Viết bài top-list/so sánh; map vào cluster hub; bổ sung schema + ảnh/UGC,B,825.0,-90.0%,"19,010"
a25 hotel hà nội,Khách sạn Hà Nội,Lưu trú,In-scope Hà Nội,Commercial Investigation,500,N/A,N/A,N/A,Planner (Trung bình),data/google_planner/hanoi/Keyword Stats 2026-02-13 at 11_54_58.csv,Viết bài top-list/so sánh; map vào cluster hub; bổ sung schema + ảnh/UGC,B,825.0,0%,"11,905"
khách sạn ba đình hà nội,Khách sạn Hà Nội,Lưu trú,In-scope Hà Nội,Commercial Investigation,500,N/A,N/A,N/A,Planner (Cao),data/google_planner/hanoi/Keyword Stats 2026-02-13 at 11_54_58.csv,Viết bài top-list/so sánh; map vào cluster hub; bổ sung schema + ảnh/UGC,B,825.0,-90.0%,"25,432"
khách sạn gần sân bay hà nội,Khách sạn Hà Nội,Lưu trú,In-scope Hà Nội,Commercial Investigation,500,N/A,N/A,N/A,Planner (Cao),data/google_planner/hanoi/Keyword Stats 2026-02-13 at 11_54_58.csv,Viết bài top-list/so sánh; map vào cluster hub; bổ sung schema + ảnh/UGC,B,825.0,0%,"25,872"
khách sạn đống đa,Khách sạn Hà Nội,Lưu trú,In-scope Hà Nội,Commercial Investigation,500,N/A,N/A,N/A,Planner (Cao),data/google_planner/hanoi/Keyword Stats 2026-02-13 at 11_54_58.csv,Viết bài top-list/so sánh; map vào cluster hub; bổ sung schema + ảnh/UGC,B,825.0,0%,"28,793"
khách sạn quận đống đa,Khách sạn Hà Nội,Lưu trú,In-scope Hà Nội,Commercial Investigation,500,N/A,N/A,N/A,Planner (Cao),data/google_planner/hanoi/Keyword Stats 2026-02-13 at 11_54_58.csv,Viết bài top-list/so sánh; map vào cluster hub; bổ sung schema + ảnh/UGC,B,825.0,-90.0%,"34,274"
khách sạn daewoo hà nội,Khách sạn Hà Nội,Lưu trú,In-scope Hà Nội,Commercial Investigation,500,N/A,N/A,N/A,Planner (Trung bình),data/google_planner/hanoi/Keyword Stats 2026-02-13 at 11_54_58.csv,Viết bài top-list/so sánh; map vào cluster hub; bổ sung schema + ảnh/UGC,B,825.0,0%,"15,320"
khách sạn gần đại học y hà nội,Khách sạn Hà Nội,Lưu trú,In-scope Hà Nội,Commercial Investigation,500,N/A,N/A,N/A,Planner (Cao),data/google_planner/hanoi/Keyword Stats 2026-02-13 at 11_54_58.csv,Viết bài top-list/so sánh; map vào cluster hub; bổ sung schema + ảnh/UGC,B,825.0,0%,"12,865"
giá khách sạn hà nội,Khách sạn Hà Nội,Lưu trú,In-scope Hà Nội,Transaction,500,N/A,N/A,N/A,Planner (Cao),data/google_planner/hanoi/Keyword Stats 2026-02-13 at 11_54_58.csv,"Tạo landing chuyển đổi (giá/vé/đặt chỗ), gom vào cluster page + build backlink nội bộ",B,825.0,-90.0%,"10,906"
đặt homestay hà nội,Khách sạn Hà Nội,Lưu trú,In-scope Hà Nội,Commercial Investigation,500,N/A,N/A,N/A,Planner (Cao),data/google_planner/hanoi/Keyword Stats 2026-02-13 at 11_54_58.csv,Viết bài top-list/so sánh; map vào cluster hub; bổ sung schema + ảnh/UGC,B,825.0,0%,"14,121"
khách sạn đẹp hà nội,Khách sạn Hà Nội,Lưu trú,In-scope Hà Nội,Commercial Investigation,500,N/A,N/A,N/A,Planner (Cao),data/google_planner/hanoi/Keyword Stats 2026-02-13 at 11_54_58.csv,Viết bài top-list/so sánh; map vào cluster hub; bổ sung schema + ảnh/UGC,B,825.0,-90.0%,"17,720"
khách sạn hai bà trưng hà nội,Khách sạn Hà Nội,Lưu trú,In-scope Hà Nội,Commercial Investigation,500,N/A,N/A,N/A,Planner (Cao),data/google_planner/hanoi/Keyword Stats 2026-02-13 at 11_54_58.csv,Viết bài top-list/so sánh; map vào cluster hub; bổ sung schema + ảnh/UGC,B,825.0,0%,"24,731"
thuê khách sạn hà nội,Khách sạn Hà Nội,Lưu trú,In-scope Hà Nội,Transaction,500,N/A,N/A,N/A,Planner (Cao),data/google_planner/hanoi/Keyword Stats 2026-02-13 at 11_54_58.csv,"Tạo landing chuyển đổi (giá/vé/đặt chỗ), gom vào cluster page + build backlink nội bộ",B,825.0,0%,"30,380"
khách sạn silk path hà nội,Khách sạn Hà Nội,Lưu trú,In-scope Hà Nội,Commercial Investigation,500,N/A,N/A,N/A,Planner (Trung bình),data/google_planner/hanoi/Keyword Stats 2026-02-13 at 11_54_58.csv,Viết bài top-list/so sánh; map vào cluster hub; bổ sung schema + ảnh/UGC,B,825.0,0%,"10,244"
khách sạn 5 sao tại hà nội,Khách sạn Hà Nội,Lưu trú,In-scope Hà Nội,Commercial Investigation,500,N/A,N/A,N/A,Planner (Cao),data/google_planner/hanoi/Keyword Stats 2026-02-13 at 11_54_58.csv,Viết bài top-list/so sánh; map vào cluster hub; bổ sung schema + ảnh/UGC,B,825.0,0%,"8,873"
grand dragon hotel hanoi,Khách sạn Hà Nội,Lưu trú,In-scope Hà Nội,Commercial Investigation,500,N/A,N/A,N/A,Planner (Trung bình),data/google_planner/hanoi/Keyword Stats 2026-02-13 at 11_54_58.csv,Viết bài top-list/so sánh; map vào cluster hub; bổ sung schema + ảnh/UGC,B,825.0,0%,"14,329"
khách sạn du parc hà nội,Khách sạn Hà Nội,Lưu trú,In-scope Hà Nội,Commercial Investigation,500,N/A,N/A,N/A,Planner (Cao),data/google_planner/hanoi/Keyword Stats 2026-02-13 at 11_54_58.csv,Viết bài top-list/so sánh; map vào cluster hub; bổ sung schema + ảnh/UGC,B,825.0,0%,"13,868"
khách sạn dolce hanoi golden lake,Khách sạn Hà Nội,Lưu trú,In-scope Hà Nội,Commercial Investigation,500,N/A,N/A,N/A,Planner (Trung bình),data/google_planner/hanoi/Keyword Stats 2026-02-13 at 11_54_58.csv,Viết bài top-list/so sánh; map vào cluster hub; bổ sung schema + ảnh/UGC,B,825.0,0%,"7,263"
khách sạn nikko hà nội,Khách sạn Hà Nội,Lưu trú,In-scope Hà Nội,Commercial Investigation,500,N/A,N/A,N/A,Planner (Trung bình),data/google_planner/hanoi/Keyword Stats 2026-02-13 at 11_54_58.csv,Viết bài top-list/so sánh; map vào cluster hub; bổ sung schema + ảnh/UGC,B,825.0,0%,"8,685"
khách sạn đống đa hà nội,Khách sạn Hà Nội,Lưu trú,In-scope Hà Nội,Commercial Investigation,500,N/A,N/A,N/A,Planner (Cao),data/google_planner/hanoi/Keyword Stats 2026-02-13 at 11_54_58.csv,Viết bài top-list/so sánh; map vào cluster hub; bổ sung schema + ảnh/UGC,B,825.0,-90.0%,"41,657"
khách sạn hà nội 5 sao,Khách sạn Hà Nội,Lưu trú,In-scope Hà Nội,Commercial Investigation,500,N/A,N/A,N/A,Planner (Cao),data/google_planner/hanoi/Keyword Stats 2026-02-13 at 11_54_58.csv,Viết bài top-list/so sánh; map vào cluster hub; bổ sung schema + ảnh/UGC,B,825.0,-90.0%,"12,264"
khách sạn metropole hà nội,Khách sạn Hà Nội,Lưu trú,In-scope Hà Nội,Commercial Investigation,500,N/A,N/A,N/A,Planner (Trung bình),data/google_planner/hanoi/Keyword Stats 2026-02-13 at 11_54_58.csv,Viết bài top-list/so sánh; map vào cluster hub; bổ sung schema + ảnh/UGC,B,825.0,0%,"9,786"
grand hotel hanoi,Khách sạn Hà Nội,Lưu trú,In-scope Hà Nội,Commercial Investigation,500,N/A,N/A,N/A,Planner (Trung bình),data/google_planner/hanoi/Keyword Stats 2026-02-13 at 11_54_58.csv,Viết bài top-list/so sánh; map vào cluster hub; bổ sung schema + ảnh/UGC,B,825.0,0%,"27,407"
hanoi hotel giảng võ,Khách sạn Hà Nội,Lưu trú,In-scope Hà Nội,Commercial Investigation,500,N/A,N/A,N/A,Planner (Trung bình),data/google_planner/hanoi/Keyword Stats 2026-02-13 at 11_54_58.csv,Viết bài top-list/so sánh; map vào cluster hub; bổ sung schema + ảnh/UGC,B,825.0,0%,"50,825"
các khách sạn 5 sao ở hà nội,Khách sạn Hà Nội,Lưu trú,In-scope Hà Nội,Commercial Investigation,500,N/A,N/A,N/A,Planner (Cao),data/google_planner/hanoi/Keyword Stats 2026-02-13 at 11_54_58.csv,Viết bài top-list/so sánh; map vào cluster hub; bổ sung schema + ảnh/UGC,B,825.0,0%,"6,116"
khách sạn thanh xuân hà nội,Khách sạn Hà Nội,Lưu trú,In-scope Hà Nội,Commercial Investigation,500,N/A,N/A,N/A,Planner (Cao),data/google_planner/hanoi/Keyword Stats 2026-02-13 at 11_54_58.csv,Viết bài top-list/so sánh; map vào cluster hub; bổ sung schema + ảnh/UGC,B,825.0,-90.0%,"18,497"
khách sạn western hà nội,Khách sạn Hà Nội,Lưu trú,In-scope Hà Nội,Commercial Investigation,500,N/A,N/A,N/A,Planner (Trung bình),data/google_planner/hanoi/Keyword Stats 2026-02-13 at 11_54_58.csv,Viết bài top-list/so sánh; map vào cluster hub; bổ sung schema + ảnh/UGC,B,825.0,0%,"10,329"
khách sạn hồ gươm hà nội,Khách sạn Hà Nội,Lưu trú,In-scope Hà Nội,Commercial Investigation,500,N/A,N/A,N/A,Planner (Thấp),data/google_planner/hanoi/Keyword Stats 2026-02-13 at 11_54_58.csv,Viết bài top-list/so sánh; map vào cluster hub; bổ sung schema + ảnh/UGC,B,825.0,0%,"21,442"
khách sạn thắng lợi hà nội,Khách sạn Hà Nội,Lưu trú,In-scope Hà Nội,Commercial Investigation,500,N/A,N/A,N/A,Planner (Trung bình),data/google_planner/hanoi/Keyword Stats 2026-02-13 at 11_54_58.csv,Viết bài top-list/so sánh; map vào cluster hub; bổ sung schema + ảnh/UGC,B,825.0,0%,"15,746"
khách sạn hilton hà nội,Khách sạn Hà Nội,Lưu trú,In-scope Hà Nội,Commercial Investigation,500,N/A,N/A,N/A,Planner (Thấp),data/google_planner/hanoi/Keyword Stats 2026-02-13 at 11_54_58.csv,Viết bài top-list/so sánh; map vào cluster hub; bổ sung schema + ảnh/UGC,B,825.0,0%,"11,850"
khách sạn gần bệnh viện đại học y hà nội,Khách sạn Hà Nội,Lưu trú,In-scope Hà Nội,Commercial Investigation,500,N/A,N/A,N/A,Planner (Cao),data/google_planner/hanoi/Keyword Stats 2026-02-13 at 11_54_58.csv,Viết bài top-list/so sánh; map vào cluster hub; bổ sung schema + ảnh/UGC,B,825.0,-90.0%,"13,310"
nesta hotel hà nội,Khách sạn Hà Nội,Lưu trú,In-scope Hà Nội,Commercial Investigation,500,N/A,N/A,N/A,Planner (Trung bình),data/google_planner/hanoi/Keyword Stats 2026-02-13 at 11_54_58.csv,Viết bài top-list/so sánh; map vào cluster hub; bổ sung schema + ảnh/UGC,B,825.0,0%,"14,541"
khách sạn gần sân bay nội bài hà nội,Khách sạn Hà Nội,Lưu trú,In-scope Hà Nội,Commercial Investigation,500,N/A,N/A,N/A,Planner (Cao),data/google_planner/hanoi/Keyword Stats 2026-02-13 at 11_54_58.csv,Viết bài top-list/so sánh; map vào cluster hub; bổ sung schema + ảnh/UGC,B,825.0,0%,"30,316"
khách sạn hn,Khách sạn Hà Nội,Lưu trú,In-scope Hà Nội,Commercial Investigation,500,N/A,N/A,N/A,Planner (Thấp),data/google_planner/hanoi/Keyword Stats 2026-02-13 at 11_54_58.csv,Viết bài top-list/so sánh; map vào cluster hub; bổ sung schema + ảnh/UGC,B,825.0,0%,"25,965"
khách sạn riverside hà nội,Khách sạn Hà Nội,Lưu trú,In-scope Hà Nội,Commercial Investigation,500,N/A,N/A,N/A,Planner (Trung bình),data/google_planner/hanoi/Keyword Stats 2026-02-13 at 11_54_58.csv,Viết bài top-list/so sánh; map vào cluster hub; bổ sung schema + ảnh/UGC,B,825.0,0%,"13,451"
apricot hotel hà nội,Khách sạn Hà Nội,Lưu trú,In-scope Hà Nội,Commercial Investigation,500,N/A,N/A,N/A,Planner (Cao),data/google_planner/hanoi/Keyword Stats 2026-02-13 at 11_54_58.csv,Viết bài top-list/so sánh; map vào cluster hub; bổ sung schema + ảnh/UGC,B,825.0,-90.0%,"12,690"
khách sạn la thành hà nội,Khách sạn Hà Nội,Lưu trú,In-scope Hà Nội,Commercial Investigation,500,N/A,N/A,N/A,Planner (Thấp),data/google_planner/hanoi/Keyword Stats 2026-02-13 at 11_54_58.csv,Viết bài top-list/so sánh; map vào cluster hub; bổ sung schema + ảnh/UGC,B,825.0,0%,"13,083"
khách sạn le grand hà nội,Khách sạn Hà Nội,Lưu trú,In-scope Hà Nội,Commercial Investigation,500,N/A,N/A,N/A,Planner (Trung bình),data/google_planner/hanoi/Keyword Stats 2026-02-13 at 11_54_58.csv,Viết bài top-list/so sánh; map vào cluster hub; bổ sung schema + ảnh/UGC,B,825.0,0%,"12,204"
khách sạn nổi tiếng hà nội,Khách sạn Hà Nội,Lưu trú,In-scope Hà Nội,Commercial Investigation,500,N/A,N/A,N/A,Planner (Cao),data/google_planner/hanoi/Keyword Stats 2026-02-13 at 11_54_58.csv,Viết bài top-list/so sánh; map vào cluster hub; bổ sung schema + ảnh/UGC,B,825.0,-90.0%,"7,270"
khách sạn sojo ga hà nội,Khách sạn Hà Nội,Lưu trú,In-scope Hà Nội,Commercial Investigation,500,N/A,N/A,N/A,Planner (Trung bình),data/google_planner/hanoi/Keyword Stats 2026-02-13 at 11_54_58.csv,Viết bài top-list/so sánh; map vào cluster hub; bổ sung schema + ảnh/UGC,B,825.0,-90.0%,"18,176"
khách sạn opera hà nội,Khách sạn Hà Nội,Lưu trú,In-scope Hà Nội,Commercial Investigation,500,N/A,N/A,N/A,Planner (Cao),data/google_planner/hanoi/Keyword Stats 2026-02-13 at 11_54_58.csv,Viết bài top-list/so sánh; map vào cluster hub; bổ sung schema + ảnh/UGC,B,825.0,0%,"14,504"
khách sạn ba đình,Khách sạn Hà Nội,Lưu trú,In-scope Hà Nội,Commercial Investigation,500,N/A,N/A,N/A,Planner (Cao),data/google_planner/hanoi/Keyword Stats 2026-02-13 at 11_54_58.csv,Viết bài top-list/so sánh; map vào cluster hub; bổ sung schema + ảnh/UGC,B,825.0,0%,"19,477"
khách sạn mường thanh hà nội địa chỉ,Khách sạn Hà Nội,Lưu trú,In-scope Hà Nội,Commercial Investigation,500,N/A,N/A,N/A,Planner (Trung bình),data/google_planner/hanoi/Keyword Stats 2026-02-13 at 11_54_58.csv,Viết bài top-list/so sánh; map vào cluster hub; bổ sung schema + ảnh/UGC,B,825.0,-90.0%,"10,164"
the light hotel hà nội,Khách sạn Hà Nội,Lưu trú,In-scope Hà Nội,Commercial Investigation,500,N/A,N/A,N/A,Planner (Trung bình),data/google_planner/hanoi/Keyword Stats 2026-02-13 at 11_54_58.csv,Viết bài top-list/so sánh; map vào cluster hub; bổ sung schema + ảnh/UGC,B,825.0,-90.0%,"21,032"
khách sạn 3 sao ở hà nội,Khách sạn Hà Nội,Lưu trú,In-scope Hà Nội,Commercial Investigation,500,N/A,N/A,N/A,Planner (Trung bình),data/google_planner/hanoi/Keyword Stats 2026-02-13 at 11_54_58.csv,Viết bài top-list/so sánh; map vào cluster hub; bổ sung schema + ảnh/UGC,B,825.0,0%,"13,716"
khách sạn a25 hai bà trưng,Khách sạn Hà Nội,Lưu trú,In-scope Hà Nội,Commercial Investigation,500,N/A,N/A,N/A,Planner (Trung bình),data/google_planner/hanoi/Keyword Stats 2026-02-13 at 11_54_58.csv,Viết bài top-list/so sánh; map vào cluster hub; bổ sung schema + ảnh/UGC,B,825.0,0%,"8,554"
grand hotel hà nội,Khách sạn Hà Nội,Lưu trú,In-scope Hà Nội,Commercial Investigation,500,N/A,N/A,N/A,Planner (Cao),data/google_planner/hanoi/Keyword Stats 2026-02-13 at 11_54_58.csv,Viết bài top-list/so sánh; map vào cluster hub; bổ sung schema + ảnh/UGC,B,825.0,0%,"11,315"
khách sạn somerset hà nội,Khách sạn Hà Nội,Lưu trú,In-scope Hà Nội,Commercial Investigation,500,N/A,N/A,N/A,Planner (Trung bình),data/google_planner/hanoi/Keyword Stats 2026-02-13 at 11_54_58.csv,Viết bài top-list/so sánh; map vào cluster hub; bổ sung schema + ảnh/UGC,B,825.0,0%,"16,502"
love hotel hà nội,Khách sạn Hà Nội,Lưu trú,In-scope Hà Nội,Commercial Investigation,500,N/A,N/A,N/A,Planner (Trung bình),data/google_planner/hanoi/Keyword Stats 2026-02-13 at 11_54_58.csv,Viết bài top-list/so sánh; map vào cluster hub; bổ sung schema + ảnh/UGC,B,825.0,0%,"11,620"
khách sạn army hà nội,Khách sạn Hà Nội,Lưu trú,In-scope Hà Nội,Commercial Investigation,500,N/A,N/A,N/A,Planner (Trung bình),data/google_planner/hanoi/Keyword Stats 2026-02-13 at 11_54_58.csv,Viết bài top-list/so sánh; map vào cluster hub; bổ sung schema + ảnh/UGC,B,825.0,0%,"9,375"
khách sạn le jardin hà nội,Khách sạn Hà Nội,Lưu trú,In-scope Hà Nội,Commercial Investigation,500,N/A,N/A,N/A,Planner (Trung bình),data/google_planner/hanoi/Keyword Stats 2026-02-13 at 11_54_58.csv,Viết bài top-list/so sánh; map vào cluster hub; bổ sung schema + ảnh/UGC,B,825.0,0%,"9,479"
khách sạn 3 sao tại hà nội,Khách sạn Hà Nội,Lưu trú,In-scope Hà Nội,Commercial Investigation,500,N/A,N/A,N/A,Planner (Cao),data/google_planner/hanoi/Keyword Stats 2026-02-13 at 11_54_58.csv,Viết bài top-list/so sánh; map vào cluster hub; bổ sung schema + ảnh/UGC,B,825.0,-90.0%,"8,309"
khách sạn long biên hà nội,Khách sạn Hà Nội,Lưu trú,In-scope Hà Nội,Commercial Investigation,500,N/A,N/A,N/A,Planner (Cao),data/google_planner/hanoi/Keyword Stats 2026-02-13 at 11_54_58.csv,Viết bài top-list/so sánh; map vào cluster hub; bổ sung schema + ảnh/UGC,B,825.0,-90.0%,"21,521"
khách sạn fraser residence hà nội,Khách sạn Hà Nội,Lưu trú,In-scope Hà Nội,Commercial Investigation,500,N/A,N/A,N/A,Planner (Thấp),data/google_planner/hanoi/Keyword Stats 2026-02-13 at 11_54_58.csv,Viết bài top-list/so sánh; map vào cluster hub; bổ sung schema + ảnh/UGC,B,825.0,0%,"10,176"
khách sạn rex hà nội,Khách sạn Hà Nội,Lưu trú,In-scope Hà Nội,Commercial Investigation,500,N/A,N/A,N/A,Planner (Thấp),data/google_planner/hanoi/Keyword Stats 2026-02-13 at 11_54_58.csv,Viết bài top-list/so sánh; map vào cluster hub; bổ sung schema + ảnh/UGC,B,825.0,0%,"13,934"
hotel a25 hanoi,Khách sạn Hà Nội,Lưu trú,In-scope Hà Nội,Commercial Investigation,500,N/A,N/A,N/A,Planner (Trung bình),data/google_planner/hanoi/Keyword Stats 2026-02-13 at 11_54_58.csv,Viết bài top-list/so sánh; map vào cluster hub; bổ sung schema + ảnh/UGC,B,825.0,-90.0%,"25,123"
khách sạn 6 sao hà nội,Khách sạn Hà Nội,Lưu trú,In-scope Hà Nội,Commercial Investigation,500,N/A,N/A,N/A,Planner (Trung bình),data/google_planner/hanoi/Keyword Stats 2026-02-13 at 11_54_58.csv,Viết bài top-list/so sánh; map vào cluster hub; bổ sung schema + ảnh/UGC,B,825.0,0%,"11,944"
7s splendid pearlight hanoi hotel,Khách sạn Hà Nội,Lưu trú,In-scope Hà Nội,Commercial Investigation,500,N/A,N/A,N/A,Planner (Thấp),data/google_planner/hanoi/Keyword Stats 2026-02-13 at 11_54_58.csv,Viết bài top-list/so sánh; map vào cluster hub; bổ sung schema + ảnh/UGC,B,825.0,0%,"10,646"
lotte hà nội hotel,Khách sạn Hà Nội,Lưu trú,In-scope Hà Nội,Commercial Investigation,500,N/A,N/A,N/A,Planner (Cao),data/google_planner/hanoi/Keyword Stats 2026-02-13 at 11_54_58.csv,Viết bài top-list/so sánh; map vào cluster hub; bổ sung schema + ảnh/UGC,B,825.0,-90.0%,"16,786"
khách sạn mercure hà nội,Khách sạn Hà Nội,Lưu trú,In-scope Hà Nội,Commercial Investigation,500,N/A,N/A,N/A,Planner (Thấp),data/google_planner/hanoi/Keyword Stats 2026-02-13 at 11_54_58.csv,Viết bài top-list/so sánh; map vào cluster hub; bổ sung schema + ảnh/UGC,B,825.0,0%,"10,646"
khách sạn pacific hà nội,Khách sạn Hà Nội,Lưu trú,In-scope Hà Nội,Commercial Investigation,500,N/A,N/A,N/A,Planner (Trung bình),data/google_planner/hanoi/Keyword Stats 2026-02-13 at 11_54_58.csv,Viết bài top-list/so sánh; map vào cluster hub; bổ sung schema + ảnh/UGC,B,825.0,0%,"8,189"
green hotel hà nội,Khách sạn Hà Nội,Lưu trú,In-scope Hà Nội,Commercial Investigation,500,N/A,N/A,N/A,Planner (Trung bình),data/google_planner/hanoi/Keyword Stats 2026-02-13 at 11_54_58.csv,Viết bài top-list/so sánh; map vào cluster hub; bổ sung schema + ảnh/UGC,B,825.0,-90.0%,"10,386"
khách sạn wyndham garden hà nội,Khách sạn Hà Nội,Lưu trú,In-scope Hà Nội,Commercial Investigation,500,N/A,N/A,N/A,Planner (Trung bình),data/google_planner/hanoi/Keyword Stats 2026-02-13 at 11_54_58.csv,Viết bài top-list/so sánh; map vào cluster hub; bổ sung schema + ảnh/UGC,B,825.0,0%,"6,280"
khách sạn mỹ lan hà nội,Khách sạn Hà Nội,Lưu trú,In-scope Hà Nội,Commercial Investigation,500,N/A,N/A,N/A,Planner (Thấp),data/google_planner/hanoi/Keyword Stats 2026-02-13 at 11_54_58.csv,Viết bài top-list/so sánh; map vào cluster hub; bổ sung schema + ảnh/UGC,B,825.0,0%,"11,165"
khách sạn la siesta hà nội,Khách sạn Hà Nội,Lưu trú,In-scope Hà Nội,Commercial Investigation,500,N/A,N/A,N/A,Planner (Trung bình),data/google_planner/hanoi/Keyword Stats 2026-02-13 at 11_54_58.csv,Viết bài top-list/so sánh; map vào cluster hub; bổ sung schema + ảnh/UGC,B,825.0,0%,"13,741"
khach san cong doan ha noi,Khách sạn Hà Nội,Lưu trú,In-scope Hà Nội,Commercial Investigation,500,N/A,N/A,N/A,Planner (Thấp),data/google_planner/hanoi/Keyword Stats 2026-02-13 at 11_54_58.csv,Viết bài top-list/so sánh; map vào cluster hub; bổ sung schema + ảnh/UGC,B,825.0,0%,"13,098"
hà nội sky hotel,Khách sạn Hà Nội,Lưu trú,In-scope Hà Nội,Commercial Investigation,500,N/A,N/A,N/A,Planner (Trung bình),data/google_planner/hanoi/Keyword Stats 2026-02-13 at 11_54_58.csv,Viết bài top-list/so sánh; map vào cluster hub; bổ sung schema + ảnh/UGC,B,825.0,-90.0%,"17,500"
army hotel hà nội,Khách sạn Hà Nội,Lưu trú,In-scope Hà Nội,Commercial Investigation,500,N/A,N/A,N/A,Planner (Trung bình),data/google_planner/hanoi/Keyword Stats 2026-02-13 at 11_54_58.csv,Viết bài top-list/so sánh; map vào cluster hub; bổ sung schema + ảnh/UGC,B,825.0,0%,"11,223"
halais hotel hà nội,Khách sạn Hà Nội,Lưu trú,In-scope Hà Nội,Commercial Investigation,500,N/A,N/A,N/A,Planner (Cao),data/google_planner/hanoi/Keyword Stats 2026-02-13 at 11_54_58.csv,Viết bài top-list/so sánh; map vào cluster hub; bổ sung schema + ảnh/UGC,B,825.0,-90.0%,"21,504"
hotel du parc hà nội,Khách sạn Hà Nội,Lưu trú,In-scope Hà Nội,Commercial Investigation,500,N/A,N/A,N/A,Planner (Cao),data/google_planner/hanoi/Keyword Stats 2026-02-13 at 11_54_58.csv,Viết bài top-list/so sánh; map vào cluster hub; bổ sung schema + ảnh/UGC,B,825.0,0%,"18,018"
hoàng gia hotel hà nội,Khách sạn Hà Nội,Lưu trú,In-scope Hà Nội,Transaction,500,N/A,N/A,N/A,Planner (Thấp),data/google_planner/hanoi/Keyword Stats 2026-02-13 at 11_54_58.csv,"Tạo landing chuyển đổi (giá/vé/đặt chỗ), gom vào cluster page + build backlink nội bộ",B,825.0,0%,"8,335"
khach san hilton hanoi,Khách sạn Hà Nội,Lưu trú,In-scope Hà Nội,Commercial Investigation,500,N/A,N/A,N/A,Planner (Thấp),data/google_planner/hanoi/Keyword Stats 2026-02-13 at 11_54_58.csv,Viết bài top-list/so sánh; map vào cluster hub; bổ sung schema + ảnh/UGC,B,825.0,-90.0%,"11,697"
khách sạn a25 hai bà trưng hà nội,Khách sạn Hà Nội,Lưu trú,In-scope Hà Nội,Commercial Investigation,500,N/A,N/A,N/A,Planner (Trung bình),data/google_planner/hanoi/Keyword Stats 2026-02-13 at 11_54_58.csv,Viết bài top-list/so sánh; map vào cluster hub; bổ sung schema + ảnh/UGC,B,825.0,0%,"5,574"
khách sạn a25 hà nội địa chỉ,Khách sạn Hà Nội,Lưu trú,In-scope Hà Nội,Commercial Investigation,500,N/A,N/A,N/A,Planner (Thấp),data/google_planner/hanoi/Keyword Stats 2026-02-13 at 11_54_58.csv,Viết bài top-list/so sánh; map vào cluster hub; bổ sung schema + ảnh/UGC,B,825.0,-90.0%,"8,309"
khách sạn aurora hà nội,Khách sạn Hà Nội,Lưu trú,In-scope Hà Nội,Commercial Investigation,500,N/A,N/A,N/A,Planner (Trung bình),data/google_planner/hanoi/Keyword Stats 2026-02-13 at 11_54_58.csv,Viết bài top-list/so sánh; map vào cluster hub; bổ sung schema + ảnh/UGC,B,825.0,0%,"8,827"
khách sạn continental hà nội,Khách sạn Hà Nội,Lưu trú,In-scope Hà Nội,Commercial Investigation,500,N/A,N/A,N/A,Planner (Trung bình),data/google_planner/hanoi/Keyword Stats 2026-02-13 at 11_54_58.csv,Viết bài top-list/so sánh; map vào cluster hub; bổ sung schema + ảnh/UGC,B,825.0,0%,"9,781"
khách sạn dolce by wyndham hanoi golden lake,Khách sạn Hà Nội,Lưu trú,In-scope Hà Nội,Commercial Investigation,500,N/A,N/A,N/A,Planner (Trung bình),data/google_planner/hanoi/Keyword Stats 2026-02-13 at 11_54_58.csv,Viết bài top-list/so sánh; map vào cluster hub; bổ sung schema + ảnh/UGC,B,825.0,0%,"8,435"
khách sạn eden hà nội,Khách sạn Hà Nội,Lưu trú,In-scope Hà Nội,Commercial Investigation,500,N/A,N/A,N/A,Planner (Trung bình),data/google_planner/hanoi/Keyword Stats 2026-02-13 at 11_54_58.csv,Viết bài top-list/so sánh; map vào cluster hub; bổ sung schema + ảnh/UGC,B,825.0,-90.0%,"11,488"
khách sạn four seasons hà nội,Khách sạn Hà Nội,Lưu trú,In-scope Hà Nội,Commercial Investigation,500,N/A,N/A,N/A,Planner (Thấp),data/google_planner/hanoi/Keyword Stats 2026-02-13 at 11_54_58.csv,Viết bài top-list/so sánh; map vào cluster hub; bổ sung schema + ảnh/UGC,B,825.0,0%,"17,855"
khách sạn grand hà nội,Khách sạn Hà Nội,Lưu trú,In-scope Hà Nội,Commercial Investigation,500,N/A,N/A,N/A,Planner (Trung bình),data/google_planner/hanoi/Keyword Stats 2026-02-13 at 11_54_58.csv,Viết bài top-list/so sánh; map vào cluster hub; bổ sung schema + ảnh/UGC,B,825.0,-90.0%,"15,839"
khách sạn grand mercure hà nội,Khách sạn Hà Nội,Lưu trú,In-scope Hà Nội,Commercial Investigation,500,N/A,N/A,N/A,Planner (Trung bình),data/google_planner/hanoi/Keyword Stats 2026-02-13 at 11_54_58.csv,Viết bài top-list/so sánh; map vào cluster hub; bổ sung schema + ảnh/UGC,B,825.0,0%,"6,724"
khách sạn gần bệnh viện 108 hà nội,Khách sạn Hà Nội,Lưu trú,In-scope Hà Nội,Commercial Investigation,500,N/A,N/A,N/A,Planner (Cao),data/google_planner/hanoi/Keyword Stats 2026-02-13 at 11_54_58.csv,Viết bài top-list/so sánh; map vào cluster hub; bổ sung schema + ảnh/UGC,B,825.0,-90.0%,"31,938"
khách sạn gần hà nội,Khách sạn Hà Nội,Lưu trú,In-scope Hà Nội,Commercial Investigation,500,N/A,N/A,N/A,Planner (Thấp),data/google_planner/hanoi/Keyword Stats 2026-02-13 at 11_54_58.csv,Viết bài top-list/so sánh; map vào cluster hub; bổ sung schema + ảnh/UGC,B,825.0,0%,"23,888"
khách sạn gần đại học bách khoa hà nội,Khách sạn Hà Nội,Lưu trú,In-scope Hà Nội,Commercial Investigation,500,N/A,N/A,N/A,Planner (Cao),data/google_planner/hanoi/Keyword Stats 2026-02-13 at 11_54_58.csv,Viết bài top-list/so sánh; map vào cluster hub; bổ sung schema + ảnh/UGC,B,825.0,-90.0%,"23,807"
khách sạn gần đại học hà nội,Khách sạn Hà Nội,Lưu trú,In-scope Hà Nội,Commercial Investigation,500,N/A,N/A,N/A,Planner (Cao),data/google_planner/hanoi/Keyword Stats 2026-02-13 at 11_54_58.csv,Viết bài top-list/so sánh; map vào cluster hub; bổ sung schema + ảnh/UGC,B,825.0,-90.0%,"17,385"
khách sạn hoa hồng hà nội,Khách sạn Hà Nội,Lưu trú,In-scope Hà Nội,Commercial Investigation,500,N/A,N/A,N/A,Planner (Trung bình),data/google_planner/hanoi/Keyword Stats 2026-02-13 at 11_54_58.csv,Viết bài top-list/so sánh; map vào cluster hub; bổ sung schema + ảnh/UGC,B,825.0,0%,"12,307"
khách sạn hoàng gia hà nội,Khách sạn Hà Nội,Lưu trú,In-scope Hà Nội,Transaction,500,N/A,N/A,N/A,Planner (Thấp),data/google_planner/hanoi/Keyword Stats 2026-02-13 at 11_54_58.csv,"Tạo landing chuyển đổi (giá/vé/đặt chỗ), gom vào cluster page + build backlink nội bộ",B,825.0,-90.0%,"11,891"
khách sạn hoàng tử hà nội,Khách sạn Hà Nội,Lưu trú,In-scope Hà Nội,Commercial Investigation,500,N/A,N/A,N/A,Planner (Thấp),data/google_planner/hanoi/Keyword Stats 2026-02-13 at 11_54_58.csv,Viết bài top-list/so sánh; map vào cluster hub; bổ sung schema + ảnh/UGC,B,825.0,-90.0%,"7,643"
khách sạn hà nội 3 sao,Khách sạn Hà Nội,Lưu trú,In-scope Hà Nội,Commercial Investigation,500,N/A,N/A,N/A,Planner (Cao),data/google_planner/hanoi/Keyword Stats 2026-02-13 at 11_54_58.csv,Viết bài top-list/so sánh; map vào cluster hub; bổ sung schema + ảnh/UGC,B,825.0,-90.0%,"12,413"
khách sạn hà nội d8 giảng võ,Khách sạn Hà Nội,Lưu trú,In-scope Hà Nội,Commercial Investigation,500,N/A,N/A,N/A,Planner (Thấp),data/google_planner/hanoi/Keyword Stats 2026-02-13 at 11_54_58.csv,Viết bài top-list/so sánh; map vào cluster hub; bổ sung schema + ảnh/UGC,B,825.0,0%,"26,925"
khách sạn imperial & spa hà nội,Khách sạn Hà Nội,Lưu trú,In-scope Hà Nội,Commercial Investigation,500,N/A,N/A,N/A,Planner (Thấp),data/google_planner/hanoi/Keyword Stats 2026-02-13 at 11_54_58.csv,Viết bài top-list/so sánh; map vào cluster hub; bổ sung schema + ảnh/UGC,B,825.0,0%,"12,400"
khách sạn london hà nội,Khách sạn Hà Nội,Lưu trú,In-scope Hà Nội,Commercial Investigation,500,N/A,N/A,N/A,Planner (Trung bình),data/google_planner/hanoi/Keyword Stats 2026-02-13 at 11_54_58.csv,Viết bài top-list/so sánh; map vào cluster hub; bổ sung schema + ảnh/UGC,B,825.0,0%,"12,797"
khách sạn may de ville hà nội,Khách sạn Hà Nội,Lưu trú,In-scope Hà Nội,Commercial Investigation,500,N/A,N/A,N/A,Planner (Trung bình),data/google_planner/hanoi/Keyword Stats 2026-02-13 at 11_54_58.csv,Viết bài top-list/so sánh; map vào cluster hub; bổ sung schema + ảnh/UGC,B,825.0,-90.0%,"7,981"
khách sạn novotel hà nội,Khách sạn Hà Nội,Lưu trú,In-scope Hà Nội,Commercial Investigation,500,N/A,N/A,N/A,Planner (Thấp),data/google_planner/hanoi/Keyword Stats 2026-02-13 at 11_54_58.csv,Viết bài top-list/so sánh; map vào cluster hub; bổ sung schema + ảnh/UGC,B,825.0,0%,"7,536"
khách sạn pan pacific hà nội,Khách sạn Hà Nội,Lưu trú,In-scope Hà Nội,Commercial Investigation,500,N/A,N/A,N/A,Planner (Trung bình),data/google_planner/hanoi/Keyword Stats 2026-02-13 at 11_54_58.csv,Viết bài top-list/so sánh; map vào cluster hub; bổ sung schema + ảnh/UGC,B,825.0,0%,"7,797"
khách sạn pullman hanoi,Khách sạn Hà Nội,Lưu trú,In-scope Hà Nội,Commercial Investigation,500,N/A,N/A,N/A,Planner (Trung bình),data/google_planner/hanoi/Keyword Stats 2026-02-13 at 11_54_58.csv,Viết bài top-list/so sánh; map vào cluster hub; bổ sung schema + ảnh/UGC,B,825.0,-90.0%,"7,752"
khách sạn pullman hà nội địa chỉ,Khách sạn Hà Nội,Lưu trú,In-scope Hà Nội,Commercial Investigation,500,N/A,N/A,N/A,Planner (Thấp),data/google_planner/hanoi/Keyword Stats 2026-02-13 at 11_54_58.csv,Viết bài top-list/so sánh; map vào cluster hub; bổ sung schema + ảnh/UGC,B,825.0,0%,"4,242"
khách sạn royal hotel hà nội,Khách sạn Hà Nội,Lưu trú,In-scope Hà Nội,Commercial Investigation,500,N/A,N/A,N/A,Planner (Thấp),data/google_planner/hanoi/Keyword Stats 2026-02-13 at 11_54_58.csv,Viết bài top-list/so sánh; map vào cluster hub; bổ sung schema + ảnh/UGC,B,825.0,0%,"6,232"
khách sạn sao mai hà nội,Khách sạn Hà Nội,Lưu trú,In-scope Hà Nội,Commercial Investigation,500,N/A,N/A,N/A,Planner (Trung bình),data/google_planner/hanoi/Keyword Stats 2026-02-13 at 11_54_58.csv,Viết bài top-list/so sánh; map vào cluster hub; bổ sung schema + ảnh/UGC,B,825.0,-90.0%,"14,787"
khách sạn sheraton hà nội địa chỉ,Khách sạn Hà Nội,Lưu trú,In-scope Hà Nội,Commercial Investigation,500,N/A,N/A,N/A,Planner (Thấp),data/google_planner/hanoi/Keyword Stats 2026-02-13 at 11_54_58.csv,Viết bài top-list/so sánh; map vào cluster hub; bổ sung schema + ảnh/UGC,B,825.0,0%,"6,457"
khách sạn sofitel legend metropole hà nội,Khách sạn Hà Nội,Lưu trú,In-scope Hà Nội,Commercial Investigation,500,N/A,N/A,N/A,Planner (Trung bình),data/google_planner/hanoi/Keyword Stats 2026-02-13 at 11_54_58.csv,Viết bài top-list/so sánh; map vào cluster hub; bổ sung schema + ảnh/UGC,B,825.0,0%,"4,674"
khách sạn sunrise hà nội,Khách sạn Hà Nội,Lưu trú,In-scope Hà Nội,Commercial Investigation,500,N/A,N/A,N/A,Planner (Thấp),data/google_planner/hanoi/Keyword Stats 2026-02-13 at 11_54_58.csv,Viết bài top-list/so sánh; map vào cluster hub; bổ sung schema + ảnh/UGC,B,825.0,0%,"11,676"
khách sạn sunset westlake hà nội,Khách sạn Hà Nội,Lưu trú,In-scope Hà Nội,Commercial Investigation,500,N/A,N/A,N/A,Planner (Trung bình),data/google_planner/hanoi/Keyword Stats 2026-02-13 at 11_54_58.csv,Viết bài top-list/so sánh; map vào cluster hub; bổ sung schema + ảnh/UGC,B,825.0,0%,"20,515"
khách sạn thăng long hà nội,Khách sạn Hà Nội,Lưu trú,In-scope Hà Nội,Commercial Investigation,500,N/A,N/A,N/A,Planner (Trung bình),data/google_planner/hanoi/Keyword Stats 2026-02-13 at 11_54_58.csv,Viết bài top-list/so sánh; map vào cluster hub; bổ sung schema + ảnh/UGC,B,825.0,0%,"8,186"
khách sạn tràng tiền,Khách sạn Hà Nội,Lưu trú,In-scope Hà Nội,Commercial Investigation,500,N/A,N/A,N/A,Planner (Trung bình),data/google_planner/hanoi/Keyword Stats 2026-02-13 at 11_54_58.csv,Viết bài top-list/so sánh; map vào cluster hub; bổ sung schema + ảnh/UGC,B,825.0,0%,"11,920"
khách sạn đắt nhất hà nội,Khách sạn Hà Nội,Lưu trú,In-scope Hà Nội,Commercial Investigation,500,N/A,N/A,N/A,Planner (Cao),data/google_planner/hanoi/Keyword Stats 2026-02-13 at 11_54_58.csv,Viết bài top-list/so sánh; map vào cluster hub; bổ sung schema + ảnh/UGC,B,825.0,0%,"7,884"
la casa hotel hà nội,Khách sạn Hà Nội,Lưu trú,In-scope Hà Nội,Commercial Investigation,500,N/A,N/A,N/A,Planner (Trung bình),data/google_planner/hanoi/Keyword Stats 2026-02-13 at 11_54_58.csv,Viết bài top-list/so sánh; map vào cluster hub; bổ sung schema + ảnh/UGC,B,825.0,0%,"10,906"
nature hotel hà nội,Khách sạn Hà Nội,Lưu trú,In-scope Hà Nội,Commercial Investigation,500,N/A,N/A,N/A,Planner (Cao),data/google_planner/hanoi/Keyword Stats 2026-02-13 at 11_54_58.csv,Viết bài top-list/so sánh; map vào cluster hub; bổ sung schema + ảnh/UGC,B,825.0,0%,"14,113"
phuong trang hotel hanoi,Khách sạn Hà Nội,Lưu trú,In-scope Hà Nội,Commercial Investigation,500,N/A,N/A,N/A,Planner (Thấp),data/google_planner/hanoi/Keyword Stats 2026-02-13 at 11_54_58.csv,Viết bài top-list/so sánh; map vào cluster hub; bổ sung schema + ảnh/UGC,B,825.0,-90.0%,"45,344"
sunny hotel hà nội,Khách sạn Hà Nội,Lưu trú,In-scope Hà Nội,Commercial Investigation,500,N/A,N/A,N/A,Planner (Cao),data/google_planner/hanoi/Keyword Stats 2026-02-13 at 11_54_58.csv,Viết bài top-list/so sánh; map vào cluster hub; bổ sung schema + ảnh/UGC,B,825.0,-90.0%,"16,741"
thang loi hotel hanoi,Khách sạn Hà Nội,Lưu trú,In-scope Hà Nội,Commercial Investigation,500,N/A,N/A,N/A,Planner (Thấp),data/google_planner/hanoi/Keyword Stats 2026-02-13 at 11_54_58.csv,Viết bài top-list/so sánh; map vào cluster hub; bổ sung schema + ảnh/UGC,B,825.0,0%,"20,772"
địa chỉ khách sạn hà nội,Khách sạn Hà Nội,Lưu trú,In-scope Hà Nội,Commercial Investigation,500,N/A,N/A,N/A,Planner (Trung bình),data/google_planner/hanoi/Keyword Stats 2026-02-13 at 11_54_58.csv,Viết bài top-list/so sánh; map vào cluster hub; bổ sung schema + ảnh/UGC,B,825.0,-90.0%,"11,443"
địa chỉ khách sạn melia hà nội,Khách sạn Hà Nội,Lưu trú,In-scope Hà Nội,Commercial Investigation,500,N/A,N/A,N/A,Planner (Thấp),data/google_planner/hanoi/Keyword Stats 2026-02-13 at 11_54_58.csv,Viết bài top-list/so sánh; map vào cluster hub; bổ sung schema + ảnh/UGC,B,825.0,0%,"4,575"
khách sạn hà nội,Khách sạn Hà Nội,Lưu trú,In-scope Hà Nội,Commercial Investigation,N/A,N/A,N/A,N/A,Trend SI:100 3%,data/google_trend/searched_with_top-queries_VN_20250210-1748_20260210-1748.csv,Viết bài top-list/so sánh; map vào cluster hub; bổ sung schema + ảnh/UGC,B,150.0,3%,N/A
khách sạn grand vista hà nội,Khách sạn Hà Nội,Lưu trú,In-scope Hà Nội,Commercial Investigation,50,N/A,N/A,N/A,Planner (Cao),data/google_planner/hanoi/Keyword Stats 2026-02-13 at 11_54_58.csv,Viết bài top-list/so sánh; map vào cluster hub; bổ sung schema + ảnh/UGC,B,97.5,900.0%,"11,823"
khách sạn jw marriott hanoi,Khách sạn Hà Nội,Lưu trú,In-scope Hà Nội,Commercial Investigation,50,N/A,N/A,N/A,Planner (Trung bình),data/google_planner/hanoi/Keyword Stats 2026-02-13 at 11_54_58.csv,Viết bài top-list/so sánh; map vào cluster hub; bổ sung schema + ảnh/UGC,B,97.5,900.0%,"8,853"
khách sạn nature hà nội,Khách sạn Hà Nội,Lưu trú,In-scope Hà Nội,Commercial Investigation,50,N/A,N/A,N/A,Planner (Cao),data/google_planner/hanoi/Keyword Stats 2026-02-13 at 11_54_58.csv,Viết bài top-list/so sánh; map vào cluster hub; bổ sung schema + ảnh/UGC,B,97.5,900.0%,"14,502"
phòng khách sạn hà nội,Khách sạn Hà Nội,Lưu trú,In-scope Hà Nội,Commercial Investigation,50,N/A,N/A,N/A,Planner (Cao),data/google_planner/hanoi/Keyword Stats 2026-02-13 at 11_54_58.csv,Viết bài top-list/so sánh; map vào cluster hub; bổ sung schema + ảnh/UGC,B,82.50000000000001,0%,"49,192"
khach san gia re ha noi,Khách sạn Hà Nội,Lưu trú,In-scope Hà Nội,Transaction,50,N/A,N/A,N/A,Planner (Cao),data/google_planner/hanoi/Keyword Stats 2026-02-13 at 11_54_58.csv,"Tạo landing chuyển đổi (giá/vé/đặt chỗ), gom vào cluster page + build backlink nội bộ",B,82.50000000000001,0%,"65,030"
khach san tai ha noi,Khách sạn Hà Nội,Lưu trú,In-scope Hà Nội,Commercial Investigation,50,N/A,N/A,N/A,Planner (Cao),data/google_planner/hanoi/Keyword Stats 2026-02-13 at 11_54_58.csv,Viết bài top-list/so sánh; map vào cluster hub; bổ sung schema + ảnh/UGC,B,82.50000000000001,0%,"66,952"
khach san a25 ha noi,Khách sạn Hà Nội,Lưu trú,In-scope Hà Nội,Commercial Investigation,50,N/A,N/A,N/A,Planner (Trung bình),data/google_planner/hanoi/Keyword Stats 2026-02-13 at 11_54_58.csv,Viết bài top-list/so sánh; map vào cluster hub; bổ sung schema + ảnh/UGC,B,82.50000000000001,0%,"10,906"
khach san lotte ha noi,Khách sạn Hà Nội,Lưu trú,In-scope Hà Nội,Commercial Investigation,50,N/A,N/A,N/A,Planner (Cao),data/google_planner/hanoi/Keyword Stats 2026-02-13 at 11_54_58.csv,Viết bài top-list/so sánh; map vào cluster hub; bổ sung schema + ảnh/UGC,B,82.50000000000001,0%,"42,937"
khach san muong thanh ha noi,Khách sạn Hà Nội,Lưu trú,In-scope Hà Nội,Commercial Investigation,50,N/A,N/A,N/A,Planner (Trung bình),data/google_planner/hanoi/Keyword Stats 2026-02-13 at 11_54_58.csv,Viết bài top-list/so sánh; map vào cluster hub; bổ sung schema + ảnh/UGC,B,82.50000000000001,0%,"18,306"
khach san trung tam ha noi,Khách sạn Hà Nội,Lưu trú,In-scope Hà Nội,Commercial Investigation,50,N/A,N/A,N/A,Planner (Cao),data/google_planner/hanoi/Keyword Stats 2026-02-13 at 11_54_58.csv,Viết bài top-list/so sánh; map vào cluster hub; bổ sung schema + ảnh/UGC,B,82.50000000000001,-90.0%,"27,783"
khach san kim lien ha noi,Khách sạn Hà Nội,Lưu trú,In-scope Hà Nội,Commercial Investigation,50,N/A,N/A,N/A,Planner (Cao),data/google_planner/hanoi/Keyword Stats 2026-02-13 at 11_54_58.csv,Viết bài top-list/so sánh; map vào cluster hub; bổ sung schema + ảnh/UGC,B,82.50000000000001,0%,"8,569"
khách sạn giá rẻ ở hà nội,Khách sạn Hà Nội,Lưu trú,In-scope Hà Nội,Transaction,50,N/A,N/A,N/A,Planner (Cao),data/google_planner/hanoi/Keyword Stats 2026-02-13 at 11_54_58.csv,"Tạo landing chuyển đổi (giá/vé/đặt chỗ), gom vào cluster page + build backlink nội bộ",B,82.50000000000001,-90.0%,"47,861"
khach san marriott ha noi,Khách sạn Hà Nội,Lưu trú,In-scope Hà Nội,Commercial Investigation,50,N/A,N/A,N/A,Planner (Trung bình),data/google_planner/hanoi/Keyword Stats 2026-02-13 at 11_54_58.csv,Viết bài top-list/so sánh; map vào cluster hub; bổ sung schema + ảnh/UGC,B,82.50000000000001,0%,"6,640"
khach san bao son ha noi,Khách sạn Hà Nội,Lưu trú,In-scope Hà Nội,Commercial Investigation,50,N/A,N/A,N/A,Planner (Cao),data/google_planner/hanoi/Keyword Stats 2026-02-13 at 11_54_58.csv,Viết bài top-list/so sánh; map vào cluster hub; bổ sung schema + ảnh/UGC,B,82.50000000000001,0%,"29,596"
khach san hanoi gan ho guom,Khách sạn Hà Nội,Lưu trú,In-scope Hà Nội,Commercial Investigation,50,N/A,N/A,N/A,Planner (Cao),data/google_planner/hanoi/Keyword Stats 2026-02-13 at 11_54_58.csv,Viết bài top-list/so sánh; map vào cluster hub; bổ sung schema + ảnh/UGC,B,82.50000000000001,0%,"24,697"
tìm khách sạn hà nội,Khách sạn Hà Nội,Lưu trú,In-scope Hà Nội,Commercial Investigation,50,N/A,N/A,N/A,Planner (Cao),data/google_planner/hanoi/Keyword Stats 2026-02-13 at 11_54_58.csv,Viết bài top-list/so sánh; map vào cluster hub; bổ sung schema + ảnh/UGC,B,82.50000000000001,0%,"72,561"
khách sạn dat vang ha noi,Khách sạn Hà Nội,Lưu trú,In-scope Hà Nội,Transaction,50,N/A,N/A,N/A,Planner (Cao),data/google_planner/hanoi/Keyword Stats 2026-02-13 at 11_54_58.csv,"Tạo landing chuyển đổi (giá/vé/đặt chỗ), gom vào cluster page + build backlink nội bộ",B,82.50000000000001,0%,"21,148"
đặt khách sạn ở hà nội,Khách sạn Hà Nội,Lưu trú,In-scope Hà Nội,Commercial Investigation,50,N/A,N/A,N/A,Planner (Cao),data/google_planner/hanoi/Keyword Stats 2026-02-13 at 11_54_58.csv,Viết bài top-list/so sánh; map vào cluster hub; bổ sung schema + ảnh/UGC,B,82.50000000000001,-90.0%,"48,815"
đặt phòng khách sạn gần hồ gươm,Khách sạn Hà Nội,Lưu trú,In-scope Hà Nội,Commercial Investigation,50,N/A,N/A,N/A,Planner (Cao),data/google_planner/hanoi/Keyword Stats 2026-02-13 at 11_54_58.csv,Viết bài top-list/so sánh; map vào cluster hub; bổ sung schema + ảnh/UGC,B,82.50000000000001,0%,"35,718"
khach san melia ha noi,Khách sạn Hà Nội,Lưu trú,In-scope Hà Nội,Commercial Investigation,50,N/A,N/A,N/A,Planner (Cao),data/google_planner/hanoi/Keyword Stats 2026-02-13 at 11_54_58.csv,Viết bài top-list/so sánh; map vào cluster hub; bổ sung schema + ảnh/UGC,B,82.50000000000001,0%,"8,647"
đặt phòng khách sạn lotte hà nội,Khách sạn Hà Nội,Lưu trú,In-scope Hà Nội,Commercial Investigation,50,N/A,N/A,N/A,Planner (Cao),data/google_planner/hanoi/Keyword Stats 2026-02-13 at 11_54_58.csv,Viết bài top-list/so sánh; map vào cluster hub; bổ sung schema + ảnh/UGC,B,82.50000000000001,0%,"19,104"
khách sạn quận hai bà trưng hà nội,Khách sạn Hà Nội,Lưu trú,In-scope Hà Nội,Commercial Investigation,50,N/A,N/A,N/A,Planner (Cao),data/google_planner/hanoi/Keyword Stats 2026-02-13 at 11_54_58.csv,Viết bài top-list/so sánh; map vào cluster hub; bổ sung schema + ảnh/UGC,B,82.50000000000001,-90.0%,"33,183"
khách sạn quận ba đình hà nội,Khách sạn Hà Nội,Lưu trú,In-scope Hà Nội,Commercial Investigation,50,N/A,N/A,N/A,Planner (Cao),data/google_planner/hanoi/Keyword Stats 2026-02-13 at 11_54_58.csv,Viết bài top-list/so sánh; map vào cluster hub; bổ sung schema + ảnh/UGC,B,82.50000000000001,0%,"22,108"
thuê khách sạn ở hà nội,Khách sạn Hà Nội,Lưu trú,In-scope Hà Nội,Transaction,50,N/A,N/A,N/A,Planner (Cao),data/google_planner/hanoi/Keyword Stats 2026-02-13 at 11_54_58.csv,"Tạo landing chuyển đổi (giá/vé/đặt chỗ), gom vào cluster page + build backlink nội bộ",B,82.50000000000001,0%,"41,584"
đặt khách sạn tại hà nội,Khách sạn Hà Nội,Lưu trú,In-scope Hà Nội,Commercial Investigation,50,N/A,N/A,N/A,Planner (Cao),data/google_planner/hanoi/Keyword Stats 2026-02-13 at 11_54_58.csv,Viết bài top-list/so sánh; map vào cluster hub; bổ sung schema + ảnh/UGC,B,82.50000000000001,0%,"63,004"
khách sạn gần đại sứ quán mỹ hà nội,Khách sạn Hà Nội,Lưu trú,In-scope Hà Nội,Commercial Investigation,50,N/A,N/A,N/A,Planner (Cao),data/google_planner/hanoi/Keyword Stats 2026-02-13 at 11_54_58.csv,Viết bài top-list/so sánh; map vào cluster hub; bổ sung schema + ảnh/UGC,B,82.50000000000001,-90.0%,"44,840"
khách sạn gần mỹ đình hà nội,Khách sạn Hà Nội,Lưu trú,In-scope Hà Nội,Commercial Investigation,50,N/A,N/A,N/A,Planner (Cao),data/google_planner/hanoi/Keyword Stats 2026-02-13 at 11_54_58.csv,Viết bài top-list/so sánh; map vào cluster hub; bổ sung schema + ảnh/UGC,B,82.50000000000001,0%,"28,205"
khách sạn ở hà nội 5 sao,Khách sạn Hà Nội,Lưu trú,In-scope Hà Nội,Commercial Investigation,50,N/A,N/A,N/A,Planner (Cao),data/google_planner/hanoi/Keyword Stats 2026-02-13 at 11_54_58.csv,Viết bài top-list/so sánh; map vào cluster hub; bổ sung schema + ảnh/UGC,B,82.50000000000001,-90.0%,"11,304"
khách sạn view hồ gươm,Khách sạn Hà Nội,Lưu trú,In-scope Hà Nội,Commercial Investigation,50,N/A,N/A,N/A,Planner (Cao),data/google_planner/hanoi/Keyword Stats 2026-02-13 at 11_54_58.csv,Viết bài top-list/so sánh; map vào cluster hub; bổ sung schema + ảnh/UGC,B,82.50000000000001,-90.0%,"13,844"
khách sạn gần 170 ngọc khánh hà nội,Khách sạn Hà Nội,Lưu trú,In-scope Hà Nội,Commercial Investigation,50,N/A,N/A,N/A,Planner (Cao),data/google_planner/hanoi/Keyword Stats 2026-02-13 at 11_54_58.csv,Viết bài top-list/so sánh; map vào cluster hub; bổ sung schema + ảnh/UGC,B,82.50000000000001,-90.0%,"13,432"
khách sạn anatole hà nội,Khách sạn Hà Nội,Lưu trú,In-scope Hà Nội,Commercial Investigation,50,N/A,N/A,N/A,Planner (Cao),data/google_planner/hanoi/Keyword Stats 2026-02-13 at 11_54_58.csv,Viết bài top-list/so sánh; map vào cluster hub; bổ sung schema + ảnh/UGC,B,82.50000000000001,-90.0%,"10,869"
khách sạn khu vực đống đa,Khách sạn Hà Nội,Lưu trú,In-scope Hà Nội,Commercial Investigation,50,N/A,N/A,N/A,Planner (Cao),data/google_planner/hanoi/Keyword Stats 2026-02-13 at 11_54_58.csv,Viết bài top-list/so sánh; map vào cluster hub; bổ sung schema + ảnh/UGC,B,82.50000000000001,0%,"30,553"
khách sạn imperial hà nội,Khách sạn Hà Nội,Lưu trú,In-scope Hà Nội,Commercial Investigation,50,N/A,N/A,N/A,Planner (Cao),data/google_planner/hanoi/Keyword Stats 2026-02-13 at 11_54_58.csv,Viết bài top-list/so sánh; map vào cluster hub; bổ sung schema + ảnh/UGC,B,82.50000000000001,0%,"11,057"
đặt phòng khách sạn ở hà nội,Khách sạn Hà Nội,Lưu trú,In-scope Hà Nội,Commercial Investigation,50,N/A,N/A,N/A,Planner (Cao),data/google_planner/hanoi/Keyword Stats 2026-02-13 at 11_54_58.csv,Viết bài top-list/so sánh; map vào cluster hub; bổ sung schema + ảnh/UGC,B,82.50000000000001,0%,"55,953"
khách sạn tốt ở hà nội,Khách sạn Hà Nội,Lưu trú,In-scope Hà Nội,Commercial Investigation,50,N/A,N/A,N/A,Planner (Cao),data/google_planner/hanoi/Keyword Stats 2026-02-13 at 11_54_58.csv,Viết bài top-list/so sánh; map vào cluster hub; bổ sung schema + ảnh/UGC,B,82.50000000000001,0%,"10,789"
hotel hà nội giá rẻ,Khách sạn Hà Nội,Lưu trú,In-scope Hà Nội,Transaction,50,N/A,N/A,N/A,Planner (Cao),data/google_planner/hanoi/Keyword Stats 2026-02-13 at 11_54_58.csv,"Tạo landing chuyển đổi (giá/vé/đặt chỗ), gom vào cluster page + build backlink nội bộ",B,82.50000000000001,0%,"17,035"
khách sạn gần trung tâm hà nội,Khách sạn Hà Nội,Lưu trú,In-scope Hà Nội,Commercial Investigation,50,N/A,N/A,N/A,Planner (Cao),data/google_planner/hanoi/Keyword Stats 2026-02-13 at 11_54_58.csv,Viết bài top-list/so sánh; map vào cluster hub; bổ sung schema + ảnh/UGC,B,82.50000000000001,-90.0%,"35,533"
các khách sạn ở hà nội,Khách sạn Hà Nội,Lưu trú,In-scope Hà Nội,Commercial Investigation,50,N/A,N/A,N/A,Planner (Cao),data/google_planner/hanoi/Keyword Stats 2026-02-13 at 11_54_58.csv,Viết bài top-list/so sánh; map vào cluster hub; bổ sung schema + ảnh/UGC,B,82.50000000000001,-90.0%,"11,269"
đặt phòng khách sạn tại hà nội,Khách sạn Hà Nội,Lưu trú,In-scope Hà Nội,Commercial Investigation,50,N/A,N/A,N/A,Planner (Cao),data/google_planner/hanoi/Keyword Stats 2026-02-13 at 11_54_58.csv,Viết bài top-list/so sánh; map vào cluster hub; bổ sung schema + ảnh/UGC,B,82.50000000000001,0%,"41,915"
khách sạn quận đống đa hà nội,Khách sạn Hà Nội,Lưu trú,In-scope Hà Nội,Commercial Investigation,50,N/A,N/A,N/A,Planner (Cao),data/google_planner/hanoi/Keyword Stats 2026-02-13 at 11_54_58.csv,Viết bài top-list/so sánh; map vào cluster hub; bổ sung schema + ảnh/UGC,B,82.50000000000001,0%,"40,261"
khách sạn gần lotte hà nội,Khách sạn Hà Nội,Lưu trú,In-scope Hà Nội,Commercial Investigation,50,N/A,N/A,N/A,Planner (Cao),data/google_planner/hanoi/Keyword Stats 2026-02-13 at 11_54_58.csv,Viết bài top-list/so sánh; map vào cluster hub; bổ sung schema + ảnh/UGC,B,82.50000000000001,0%,"24,161"
khách sạn ở trung tâm hà nội,Khách sạn Hà Nội,Lưu trú,In-scope Hà Nội,Commercial Investigation,50,N/A,N/A,N/A,Planner (Cao),data/google_planner/hanoi/Keyword Stats 2026-02-13 at 11_54_58.csv,Viết bài top-list/so sánh; map vào cluster hub; bổ sung schema + ảnh/UGC,B,82.50000000000001,0%,"28,224"
khách sạn giá rẻ tại hà nội,Khách sạn Hà Nội,Lưu trú,In-scope Hà Nội,Transaction,50,N/A,N/A,N/A,Planner (Cao),data/google_planner/hanoi/Keyword Stats 2026-02-13 at 11_54_58.csv,"Tạo landing chuyển đổi (giá/vé/đặt chỗ), gom vào cluster page + build backlink nội bộ",B,82.50000000000001,0%,"60,836"
đặt phòng homestay hà nội,Khách sạn Hà Nội,Lưu trú,In-scope Hà Nội,Commercial Investigation,50,N/A,N/A,N/A,Planner (Cao),data/google_planner/hanoi/Keyword Stats 2026-02-13 at 11_54_58.csv,Viết bài top-list/so sánh; map vào cluster hub; bổ sung schema + ảnh/UGC,B,82.50000000000001,0%,"25,965"
khách sạn rẻ hà nội,Khách sạn Hà Nội,Lưu trú,In-scope Hà Nội,Commercial Investigation,50,N/A,N/A,N/A,Planner (Cao),data/google_planner/hanoi/Keyword Stats 2026-02-13 at 11_54_58.csv,Viết bài top-list/so sánh; map vào cluster hub; bổ sung schema + ảnh/UGC,B,82.50000000000001,0%,"41,031"
khách sạn the chi boutique hà nội,Khách sạn Hà Nội,Lưu trú,In-scope Hà Nội,Commercial Investigation,50,N/A,N/A,N/A,Planner (Cao),data/google_planner/hanoi/Keyword Stats 2026-02-13 at 11_54_58.csv,Viết bài top-list/so sánh; map vào cluster hub; bổ sung schema + ảnh/UGC,B,82.50000000000001,-90.0%,"16,855"
sojo hotel hà nội,Khách sạn Hà Nội,Lưu trú,In-scope Hà Nội,Commercial Investigation,50,N/A,N/A,N/A,Planner (Trung bình),data/google_planner/hanoi/Keyword Stats 2026-02-13 at 11_54_58.csv,Viết bài top-list/so sánh; map vào cluster hub; bổ sung schema + ảnh/UGC,B,82.50000000000001,0%,"18,176"
khách sạn trung tâm hà nội giá rẻ,Khách sạn Hà Nội,Lưu trú,In-scope Hà Nội,Transaction,50,N/A,N/A,N/A,Planner (Cao),data/google_planner/hanoi/Keyword Stats 2026-02-13 at 11_54_58.csv,"Tạo landing chuyển đổi (giá/vé/đặt chỗ), gom vào cluster page + build backlink nội bộ",B,82.50000000000001,-90.0%,"37,403"
khách sạn rẻ ở hà nội,Khách sạn Hà Nội,Lưu trú,In-scope Hà Nội,Commercial Investigation,50,N/A,N/A,N/A,Planner (Cao),data/google_planner/hanoi/Keyword Stats 2026-02-13 at 11_54_58.csv,Viết bài top-list/so sánh; map vào cluster hub; bổ sung schema + ảnh/UGC,B,82.50000000000001,0%,"52,991"
khách sạn ở đống đa hà nội,Khách sạn Hà Nội,Lưu trú,In-scope Hà Nội,Commercial Investigation,50,N/A,N/A,N/A,Planner (Cao),data/google_planner/hanoi/Keyword Stats 2026-02-13 at 11_54_58.csv,Viết bài top-list/so sánh; map vào cluster hub; bổ sung schema + ảnh/UGC,B,82.50000000000001,-90.0%,"41,301"
hotel ở hà nội,Khách sạn Hà Nội,Lưu trú,In-scope Hà Nội,Commercial Investigation,50,N/A,N/A,N/A,Planner (Cao),data/google_planner/hanoi/Keyword Stats 2026-02-13 at 11_54_58.csv,Viết bài top-list/so sánh; map vào cluster hub; bổ sung schema + ảnh/UGC,B,82.50000000000001,0%,"33,739"
khách sạn graceful hà nội,Khách sạn Hà Nội,Lưu trú,In-scope Hà Nội,Commercial Investigation,50,N/A,N/A,N/A,Planner (Cao),data/google_planner/hanoi/Keyword Stats 2026-02-13 at 11_54_58.csv,Viết bài top-list/so sánh; map vào cluster hub; bổ sung schema + ảnh/UGC,B,82.50000000000001,0%,"18,619"
canary hotel hà nội,Khách sạn Hà Nội,Lưu trú,In-scope Hà Nội,Commercial Investigation,50,N/A,N/A,N/A,Planner (Thấp),data/google_planner/hanoi/Keyword Stats 2026-02-13 at 11_54_58.csv,Viết bài top-list/so sánh; map vào cluster hub; bổ sung schema + ảnh/UGC,B,82.50000000000001,-90.0%,"23,387"
khách sạn ở ba đình hà nội,Khách sạn Hà Nội,Lưu trú,In-scope Hà Nội,Commercial Investigation,50,N/A,N/A,N/A,Planner (Cao),data/google_planner/hanoi/Keyword Stats 2026-02-13 at 11_54_58.csv,Viết bài top-list/so sánh; map vào cluster hub; bổ sung schema + ảnh/UGC,B,82.50000000000001,0%,"22,390"
khách sạn ở thanh xuân hà nội,Khách sạn Hà Nội,Lưu trú,In-scope Hà Nội,Commercial Investigation,50,N/A,N/A,N/A,Planner (Trung bình),data/google_planner/hanoi/Keyword Stats 2026-02-13 at 11_54_58.csv,Viết bài top-list/so sánh; map vào cluster hub; bổ sung schema + ảnh/UGC,B,82.50000000000001,0%,"16,152"
khách sạn hà nội gần sân bay,Khách sạn Hà Nội,Lưu trú,In-scope Hà Nội,Commercial Investigation,50,N/A,N/A,N/A,Planner (Cao),data/google_planner/hanoi/Keyword Stats 2026-02-13 at 11_54_58.csv,Viết bài top-list/so sánh; map vào cluster hub; bổ sung schema + ảnh/UGC,B,82.50000000000001,0%,"20,139"
khách sạn hà đông hà nội,Khách sạn Hà Nội,Lưu trú,In-scope Hà Nội,Commercial Investigation,50,N/A,N/A,N/A,Planner (Cao),data/google_planner/hanoi/Keyword Stats 2026-02-13 at 11_54_58.csv,Viết bài top-list/so sánh; map vào cluster hub; bổ sung schema + ảnh/UGC,B,82.50000000000001,-90.0%,"15,200"
khách sạn mỹ đình hà nội,Khách sạn Hà Nội,Lưu trú,In-scope Hà Nội,Commercial Investigation,50,N/A,N/A,N/A,Planner (Cao),data/google_planner/hanoi/Keyword Stats 2026-02-13 at 11_54_58.csv,Viết bài top-list/so sánh; map vào cluster hub; bổ sung schema + ảnh/UGC,B,82.50000000000001,0%,"18,524"
khách sạn ở hai bà trưng hà nội,Khách sạn Hà Nội,Lưu trú,In-scope Hà Nội,Commercial Investigation,50,N/A,N/A,N/A,Planner (Cao),data/google_planner/hanoi/Keyword Stats 2026-02-13 at 11_54_58.csv,Viết bài top-list/so sánh; map vào cluster hub; bổ sung schema + ảnh/UGC,B,82.50000000000001,0%,"20,855"
khách sạn ở hanoi,Khách sạn Hà Nội,Lưu trú,In-scope Hà Nội,Commercial Investigation,50,N/A,N/A,N/A,Planner (Cao),data/google_planner/hanoi/Keyword Stats 2026-02-13 at 11_54_58.csv,Viết bài top-list/so sánh; map vào cluster hub; bổ sung schema + ảnh/UGC,B,82.50000000000001,-90.0%,"25,965"
khách sạn 2 sao hà nội,Khách sạn Hà Nội,Lưu trú,In-scope Hà Nội,Commercial Investigation,50,N/A,N/A,N/A,Planner (Cao),data/google_planner/hanoi/Keyword Stats 2026-02-13 at 11_54_58.csv,Viết bài top-list/so sánh; map vào cluster hub; bổ sung schema + ảnh/UGC,B,82.50000000000001,-90.0%,"11,165"
đặt phòng khách sạn hà nội giá rẻ,Khách sạn Hà Nội,Lưu trú,In-scope Hà Nội,Transaction,50,N/A,N/A,N/A,Planner (Cao),data/google_planner/hanoi/Keyword Stats 2026-02-13 at 11_54_58.csv,"Tạo landing chuyển đổi (giá/vé/đặt chỗ), gom vào cluster page + build backlink nội bộ",B,82.50000000000001,0%,"61,784"
book phòng khách sạn hà nội,Khách sạn Hà Nội,Lưu trú,In-scope Hà Nội,Commercial Investigation,50,N/A,N/A,N/A,Planner (Cao),data/google_planner/hanoi/Keyword Stats 2026-02-13 at 11_54_58.csv,Viết bài top-list/so sánh; map vào cluster hub; bổ sung schema + ảnh/UGC,B,82.50000000000001,0%,"296,888"
khách sạn có bồn tắm ở hà nội,Khách sạn Hà Nội,Lưu trú,In-scope Hà Nội,Commercial Investigation,50,N/A,N/A,N/A,Planner (Cao),data/google_planner/hanoi/Keyword Stats 2026-02-13 at 11_54_58.csv,Viết bài top-list/so sánh; map vào cluster hub; bổ sung schema + ảnh/UGC,B,82.50000000000001,0%,"11,583"
khách sạn ở hồ gươm hà nội,Khách sạn Hà Nội,Lưu trú,In-scope Hà Nội,Commercial Investigation,50,N/A,N/A,N/A,Planner (Cao),data/google_planner/hanoi/Keyword Stats 2026-02-13 at 11_54_58.csv,Viết bài top-list/so sánh; map vào cluster hub; bổ sung schema + ảnh/UGC,B,82.50000000000001,0%,"18,971"
khách sạn ở mỹ đình hà nội,Khách sạn Hà Nội,Lưu trú,In-scope Hà Nội,Commercial Investigation,50,N/A,N/A,N/A,Planner (Cao),data/google_planner/hanoi/Keyword Stats 2026-02-13 at 11_54_58.csv,Viết bài top-list/so sánh; map vào cluster hub; bổ sung schema + ảnh/UGC,B,82.50000000000001,0%,"18,642"
khách sạn hà nội đẹp,Khách sạn Hà Nội,Lưu trú,In-scope Hà Nội,Commercial Investigation,50,N/A,N/A,N/A,Planner (Cao),data/google_planner/hanoi/Keyword Stats 2026-02-13 at 11_54_58.csv,Viết bài top-list/so sánh; map vào cluster hub; bổ sung schema + ảnh/UGC,B,82.50000000000001,0%,"14,490"
khách sạn phố đi bộ hà nội,Khách sạn Hà Nội,Lưu trú,In-scope Hà Nội,Commercial Investigation,50,N/A,N/A,N/A,Planner (Trung bình),data/google_planner/hanoi/Keyword Stats 2026-02-13 at 11_54_58.csv,Viết bài top-list/so sánh; map vào cluster hub; bổ sung schema + ảnh/UGC,B,82.50000000000001,0%,"12,548"
khách sạn ở quận ba đình hà nội,Khách sạn Hà Nội,Lưu trú,In-scope Hà Nội,Commercial Investigation,50,N/A,N/A,N/A,Planner (Cao),data/google_planner/hanoi/Keyword Stats 2026-02-13 at 11_54_58.csv,Viết bài top-list/so sánh; map vào cluster hub; bổ sung schema + ảnh/UGC,B,82.50000000000001,0%,"14,023"
app đặt khách sạn hà nội,Khách sạn Hà Nội,Lưu trú,In-scope Hà Nội,Commercial Investigation,50,N/A,N/A,N/A,Planner (Cao),data/google_planner/hanoi/Keyword Stats 2026-02-13 at 11_54_58.csv,Viết bài top-list/so sánh; map vào cluster hub; bổ sung schema + ảnh/UGC,B,82.50000000000001,0%,"59,564"
khách sạn gần hồ gươm đẹp,Khách sạn Hà Nội,Lưu trú,In-scope Hà Nội,Commercial Investigation,50,N/A,N/A,N/A,Planner (Cao),data/google_planner/hanoi/Keyword Stats 2026-02-13 at 11_54_58.csv,Viết bài top-list/so sánh; map vào cluster hub; bổ sung schema + ảnh/UGC,B,82.50000000000001,0%,"27,004"
khách sạn sojo hà nội,Khách sạn Hà Nội,Lưu trú,In-scope Hà Nội,Commercial Investigation,50,N/A,N/A,N/A,Planner (Trung bình),data/google_planner/hanoi/Keyword Stats 2026-02-13 at 11_54_58.csv,Viết bài top-list/so sánh; map vào cluster hub; bổ sung schema + ảnh/UGC,B,82.50000000000001,-90.0%,"18,176"
khach san hong ha ha noi,Khách sạn Hà Nội,Lưu trú,In-scope Hà Nội,Commercial Investigation,50,N/A,N/A,N/A,Planner (Trung bình),data/google_planner/hanoi/Keyword Stats 2026-02-13 at 11_54_58.csv,Viết bài top-list/so sánh; map vào cluster hub; bổ sung schema + ảnh/UGC,B,82.50000000000001,0%,"17,937"
khách sạn eternity hà nội,Khách sạn Hà Nội,Lưu trú,In-scope Hà Nội,Commercial Investigation,50,N/A,N/A,N/A,Planner (Cao),data/google_planner/hanoi/Keyword Stats 2026-02-13 at 11_54_58.csv,Viết bài top-list/so sánh; map vào cluster hub; bổ sung schema + ảnh/UGC,B,82.50000000000001,-90.0%,"22,911"
khách sạn boutique hà nội,Khách sạn Hà Nội,Lưu trú,In-scope Hà Nội,Commercial Investigation,50,N/A,N/A,N/A,Planner (Cao),data/google_planner/hanoi/Keyword Stats 2026-02-13 at 11_54_58.csv,Viết bài top-list/so sánh; map vào cluster hub; bổ sung schema + ảnh/UGC,B,82.50000000000001,-90.0%,"14,825"
app đặt homestay hà nội,Khách sạn Hà Nội,Lưu trú,In-scope Hà Nội,Commercial Investigation,50,N/A,N/A,N/A,Planner (Cao),data/google_planner/hanoi/Keyword Stats 2026-02-13 at 11_54_58.csv,Viết bài top-list/so sánh; map vào cluster hub; bổ sung schema + ảnh/UGC,B,82.50000000000001,0%,"39,208"
khách sạn ở quận đống đa hà nội,Khách sạn Hà Nội,Lưu trú,In-scope Hà Nội,Commercial Investigation,50,N/A,N/A,N/A,Planner (Cao),data/google_planner/hanoi/Keyword Stats 2026-02-13 at 11_54_58.csv,Viết bài top-list/so sánh; map vào cluster hub; bổ sung schema + ảnh/UGC,B,82.50000000000001,0%,"20,956"
dat phong khach san ha noi,Khách sạn Hà Nội,Lưu trú,In-scope Hà Nội,Transaction,50,N/A,N/A,N/A,Planner (Cao),data/google_planner/hanoi/Keyword Stats 2026-02-13 at 11_54_58.csv,"Tạo landing chuyển đổi (giá/vé/đặt chỗ), gom vào cluster page + build backlink nội bộ",B,82.50000000000001,0%,"68,925"
marina hotel hà nội,Khách sạn Hà Nội,Lưu trú,In-scope Hà Nội,Commercial Investigation,50,N/A,N/A,N/A,Planner (Cao),data/google_planner/hanoi/Keyword Stats 2026-02-13 at 11_54_58.csv,Viết bài top-list/so sánh; map vào cluster hub; bổ sung schema + ảnh/UGC,B,82.50000000000001,0%,"18,579"
hotel giá rẻ hà nội,Khách sạn Hà Nội,Lưu trú,In-scope Hà Nội,Transaction,50,N/A,N/A,N/A,Planner (Cao),data/google_planner/hanoi/Keyword Stats 2026-02-13 at 11_54_58.csv,"Tạo landing chuyển đổi (giá/vé/đặt chỗ), gom vào cluster page + build backlink nội bộ",B,82.50000000000001,0%,"21,229"
khách sạn đường hoàng quốc việt hà nội,Khách sạn Hà Nội,Lưu trú,In-scope Hà Nội,Commercial Investigation,50,N/A,N/A,N/A,Planner (Cao),data/google_planner/hanoi/Keyword Stats 2026-02-13 at 11_54_58.csv,Viết bài top-list/so sánh; map vào cluster hub; bổ sung schema + ảnh/UGC,B,82.50000000000001,-90.0%,"11,543"
khách sạn view đẹp hà nội,Khách sạn Hà Nội,Lưu trú,In-scope Hà Nội,Commercial Investigation,50,N/A,N/A,N/A,Planner (Cao),data/google_planner/hanoi/Keyword Stats 2026-02-13 at 11_54_58.csv,Viết bài top-list/so sánh; map vào cluster hub; bổ sung schema + ảnh/UGC,B,82.50000000000001,0%,"12,966"
khách sạn tirant hà nội,Khách sạn Hà Nội,Lưu trú,In-scope Hà Nội,Commercial Investigation,50,N/A,N/A,N/A,Planner (Cao),data/google_planner/hanoi/Keyword Stats 2026-02-13 at 11_54_58.csv,Viết bài top-list/so sánh; map vào cluster hub; bổ sung schema + ảnh/UGC,B,82.50000000000001,0%,"10,702"
review khách sạn hà nội,Khách sạn Hà Nội,Lưu trú,In-scope Hà Nội,Commercial Investigation,50,N/A,N/A,N/A,Planner (Cao),data/google_planner/hanoi/Keyword Stats 2026-02-13 at 11_54_58.csv,Viết bài top-list/so sánh; map vào cluster hub; bổ sung schema + ảnh/UGC,B,82.50000000000001,0%,"17,433"
khách sạn theo giờ hà nội,Khách sạn Hà Nội,Lưu trú,In-scope Hà Nội,Commercial Investigation,50,N/A,N/A,N/A,Planner (Cao),data/google_planner/hanoi/Keyword Stats 2026-02-13 at 11_54_58.csv,Viết bài top-list/so sánh; map vào cluster hub; bổ sung schema + ảnh/UGC,B,82.50000000000001,0%,"16,807"
khách sạn calido hà nội,Khách sạn Hà Nội,Lưu trú,In-scope Hà Nội,Commercial Investigation,50,N/A,N/A,N/A,Planner (Cao),data/google_planner/hanoi/Keyword Stats 2026-02-13 at 11_54_58.csv,Viết bài top-list/so sánh; map vào cluster hub; bổ sung schema + ảnh/UGC,B,82.50000000000001,0%,"13,242"
giá khách sạn ở hà nội,Khách sạn Hà Nội,Lưu trú,In-scope Hà Nội,Transaction,50,N/A,N/A,N/A,Planner (Cao),data/google_planner/hanoi/Keyword Stats 2026-02-13 at 11_54_58.csv,"Tạo landing chuyển đổi (giá/vé/đặt chỗ), gom vào cluster page + build backlink nội bộ",B,82.50000000000001,0%,"9,432"
sojo hotel ga hà nội,Khách sạn Hà Nội,Lưu trú,In-scope Hà Nội,Commercial Investigation,50,N/A,N/A,N/A,Planner (Trung bình),data/google_planner/hanoi/Keyword Stats 2026-02-13 at 11_54_58.csv,Viết bài top-list/so sánh; map vào cluster hub; bổ sung schema + ảnh/UGC,B,82.50000000000001,0%,"18,176"
khách sạn the light hà nội,Khách sạn Hà Nội,Lưu trú,In-scope Hà Nội,Commercial Investigation,50,N/A,N/A,N/A,Planner (Trung bình),data/google_planner/hanoi/Keyword Stats 2026-02-13 at 11_54_58.csv,Viết bài top-list/so sánh; map vào cluster hub; bổ sung schema + ảnh/UGC,B,82.50000000000001,-90.0%,"14,986"
app đặt phòng khách sạn hà nội,Khách sạn Hà Nội,Lưu trú,In-scope Hà Nội,Commercial Investigation,50,N/A,N/A,N/A,Planner (Cao),data/google_planner/hanoi/Keyword Stats 2026-02-13 at 11_54_58.csv,Viết bài top-list/so sánh; map vào cluster hub; bổ sung schema + ảnh/UGC,B,82.50000000000001,0%,"62,011"
khách sạn khu vực hai bà trưng,Khách sạn Hà Nội,Lưu trú,In-scope Hà Nội,Commercial Investigation,50,N/A,N/A,N/A,Planner (Cao),data/google_planner/hanoi/Keyword Stats 2026-02-13 at 11_54_58.csv,Viết bài top-list/so sánh; map vào cluster hub; bổ sung schema + ảnh/UGC,B,82.50000000000001,-90.0%,"29,331"
giá phòng khách sạn hà nội,Khách sạn Hà Nội,Lưu trú,In-scope Hà Nội,Transaction,50,N/A,N/A,N/A,Planner (Cao),data/google_planner/hanoi/Keyword Stats 2026-02-13 at 11_54_58.csv,"Tạo landing chuyển đổi (giá/vé/đặt chỗ), gom vào cluster page + build backlink nội bộ",B,82.50000000000001,0%,"8,382"
khách sạn ở quận hai bà trưng hà nội,Khách sạn Hà Nội,Lưu trú,In-scope Hà Nội,Commercial Investigation,50,N/A,N/A,N/A,Planner (Cao),data/google_planner/hanoi/Keyword Stats 2026-02-13 at 11_54_58.csv,Viết bài top-list/so sánh; map vào cluster hub; bổ sung schema + ảnh/UGC,B,82.50000000000001,0%,"52,831"
khách sạn mia hà nội,Khách sạn Hà Nội,Lưu trú,In-scope Hà Nội,Commercial Investigation,50,N/A,N/A,N/A,Planner (Trung bình),data/google_planner/hanoi/Keyword Stats 2026-02-13 at 11_54_58.csv,Viết bài top-list/so sánh; map vào cluster hub; bổ sung schema + ảnh/UGC,B,82.50000000000001,-90.0%,"11,684"
khách sạn đường trần duy hưng hà nội,Khách sạn Hà Nội,Lưu trú,In-scope Hà Nội,Commercial Investigation,50,N/A,N/A,N/A,Planner (Cao),data/google_planner/hanoi/Keyword Stats 2026-02-13 at 11_54_58.csv,Viết bài top-list/so sánh; map vào cluster hub; bổ sung schema + ảnh/UGC,B,82.50000000000001,0%,"26,251"
khách sạn giảng võ hà nội,Khách sạn Hà Nội,Lưu trú,In-scope Hà Nội,Commercial Investigation,50,N/A,N/A,N/A,Planner (Cao),data/google_planner/hanoi/Keyword Stats 2026-02-13 at 11_54_58.csv,Viết bài top-list/so sánh; map vào cluster hub; bổ sung schema + ảnh/UGC,B,82.50000000000001,-90.0%,"16,796"
khách sạn apricot hà nội,Khách sạn Hà Nội,Lưu trú,In-scope Hà Nội,Commercial Investigation,50,N/A,N/A,N/A,Planner (Cao),data/google_planner/hanoi/Keyword Stats 2026-02-13 at 11_54_58.csv,Viết bài top-list/so sánh; map vào cluster hub; bổ sung schema + ảnh/UGC,B,82.50000000000001,0%,"12,463"
khách sạn oriental jade hà nội,Khách sạn Hà Nội,Lưu trú,In-scope Hà Nội,Commercial Investigation,50,N/A,N/A,N/A,Planner (Cao),data/google_planner/hanoi/Keyword Stats 2026-02-13 at 11_54_58.csv,Viết bài top-list/so sánh; map vào cluster hub; bổ sung schema + ảnh/UGC,B,82.50000000000001,0%,"11,796"
khách sạn gần time city hà nội,Khách sạn Hà Nội,Lưu trú,In-scope Hà Nội,Commercial Investigation,50,N/A,N/A,N/A,Planner (Cao),data/google_planner/hanoi/Keyword Stats 2026-02-13 at 11_54_58.csv,Viết bài top-list/so sánh; map vào cluster hub; bổ sung schema + ảnh/UGC,B,82.50000000000001,0%,"11,925"
khách sạn dát vàng ở hà nội,Khách sạn Hà Nội,Lưu trú,In-scope Hà Nội,Transaction,50,N/A,N/A,N/A,Planner (Trung bình),data/google_planner/hanoi/Keyword Stats 2026-02-13 at 11_54_58.csv,"Tạo landing chuyển đổi (giá/vé/đặt chỗ), gom vào cluster page + build backlink nội bộ",B,82.50000000000001,0%,"3,771"
khách sạn khu vực ba đình,Khách sạn Hà Nội,Lưu trú,In-scope Hà Nội,Commercial Investigation,50,N/A,N/A,N/A,Planner (Cao),data/google_planner/hanoi/Keyword Stats 2026-02-13 at 11_54_58.csv,Viết bài top-list/so sánh; map vào cluster hub; bổ sung schema + ảnh/UGC,B,82.50000000000001,0%,"15,411"
khách sạn hà nội gần lăng bác,Khách sạn Hà Nội,Lưu trú,In-scope Hà Nội,Commercial Investigation,50,N/A,N/A,N/A,Planner (Cao),data/google_planner/hanoi/Keyword Stats 2026-02-13 at 11_54_58.csv,Viết bài top-list/so sánh; map vào cluster hub; bổ sung schema + ảnh/UGC,B,82.50000000000001,0%,"15,681"
khách sạn ở đống đa,Khách sạn Hà Nội,Lưu trú,In-scope Hà Nội,Commercial Investigation,50,N/A,N/A,N/A,Planner (Cao),data/google_planner/hanoi/Keyword Stats 2026-02-13 at 11_54_58.csv,Viết bài top-list/so sánh; map vào cluster hub; bổ sung schema + ảnh/UGC,B,82.50000000000001,-90.0%,"29,661"
khách sạn tràng tiền hà nội,Khách sạn Hà Nội,Lưu trú,In-scope Hà Nội,Commercial Investigation,50,N/A,N/A,N/A,Planner (Cao),data/google_planner/hanoi/Keyword Stats 2026-02-13 at 11_54_58.csv,Viết bài top-list/so sánh; map vào cluster hub; bổ sung schema + ảnh/UGC,B,82.50000000000001,0%,"12,764"
khách sạn tại trung tâm hà nội,Khách sạn Hà Nội,Lưu trú,In-scope Hà Nội,Commercial Investigation,50,N/A,N/A,N/A,Planner (Cao),data/google_planner/hanoi/Keyword Stats 2026-02-13 at 11_54_58.csv,Viết bài top-list/so sánh; map vào cluster hub; bổ sung schema + ảnh/UGC,B,82.50000000000001,0%,"17,397"
khách sạn đường hai bà trưng hà nội,Khách sạn Hà Nội,Lưu trú,In-scope Hà Nội,Commercial Investigation,50,N/A,N/A,N/A,Planner (Cao),data/google_planner/hanoi/Keyword Stats 2026-02-13 at 11_54_58.csv,Viết bài top-list/so sánh; map vào cluster hub; bổ sung schema + ảnh/UGC,B,82.50000000000001,-90.0%,"23,713"
khách sạn bình dân hà nội,Khách sạn Hà Nội,Lưu trú,In-scope Hà Nội,Commercial Investigation,50,N/A,N/A,N/A,Planner (Cao),data/google_planner/hanoi/Keyword Stats 2026-02-13 at 11_54_58.csv,Viết bài top-list/so sánh; map vào cluster hub; bổ sung schema + ảnh/UGC,B,82.50000000000001,0%,"46,771"
khách sạn ping hà nội,Khách sạn Hà Nội,Lưu trú,In-scope Hà Nội,Commercial Investigation,50,N/A,N/A,N/A,Planner (Trung bình),data/google_planner/hanoi/Keyword Stats 2026-02-13 at 11_54_58.csv,Viết bài top-list/so sánh; map vào cluster hub; bổ sung schema + ảnh/UGC,B,82.50000000000001,-90.0%,"14,462"
khách sạn acoustic hà nội,Khách sạn Hà Nội,Lưu trú,In-scope Hà Nội,Commercial Investigation,50,N/A,N/A,N/A,Planner (Trung bình),data/google_planner/hanoi/Keyword Stats 2026-02-13 at 11_54_58.csv,Viết bài top-list/so sánh; map vào cluster hub; bổ sung schema + ảnh/UGC,B,82.50000000000001,0%,"9,867"
khách sạn spring hà nội,Khách sạn Hà Nội,Lưu trú,In-scope Hà Nội,Commercial Investigation,50,N/A,N/A,N/A,Planner (Trung bình),data/google_planner/hanoi/Keyword Stats 2026-02-13 at 11_54_58.csv,Viết bài top-list/so sánh; map vào cluster hub; bổ sung schema + ảnh/UGC,B,82.50000000000001,-90.0%,"10,444"
giá phòng khách sạn lotte hà nội,Khách sạn Hà Nội,Lưu trú,In-scope Hà Nội,Transaction,50,N/A,N/A,N/A,Planner (Cao),data/google_planner/hanoi/Keyword Stats 2026-02-13 at 11_54_58.csv,"Tạo landing chuyển đổi (giá/vé/đặt chỗ), gom vào cluster page + build backlink nội bộ",B,82.50000000000001,0%,"5,033"
khách sạn pearl hà nội,Khách sạn Hà Nội,Lưu trú,In-scope Hà Nội,Commercial Investigation,50,N/A,N/A,N/A,Planner (Trung bình),data/google_planner/hanoi/Keyword Stats 2026-02-13 at 11_54_58.csv,Viết bài top-list/so sánh; map vào cluster hub; bổ sung schema + ảnh/UGC,B,82.50000000000001,-90.0%,"10,169"
khách sạn daewoo hanoi,Khách sạn Hà Nội,Lưu trú,In-scope Hà Nội,Commercial Investigation,50,N/A,N/A,N/A,Planner (Trung bình),data/google_planner/hanoi/Keyword Stats 2026-02-13 at 11_54_58.csv,Viết bài top-list/so sánh; map vào cluster hub; bổ sung schema + ảnh/UGC,B,82.50000000000001,-90.0%,"14,541"
khách sạn vàng hà nội,Khách sạn Hà Nội,Lưu trú,In-scope Hà Nội,Commercial Investigation,50,N/A,N/A,N/A,Planner (Trung bình),data/google_planner/hanoi/Keyword Stats 2026-02-13 at 11_54_58.csv,Viết bài top-list/so sánh; map vào cluster hub; bổ sung schema + ảnh/UGC,B,82.50000000000001,0%,"27,461"
đặt phòng khách sạn a25 hà nội,Khách sạn Hà Nội,Lưu trú,In-scope Hà Nội,Commercial Investigation,50,N/A,N/A,N/A,Planner (Cao),data/google_planner/hanoi/Keyword Stats 2026-02-13 at 11_54_58.csv,Viết bài top-list/so sánh; map vào cluster hub; bổ sung schema + ảnh/UGC,B,82.50000000000001,0%,"14,621"
khách sạn gần royal city hà nội,Khách sạn Hà Nội,Lưu trú,In-scope Hà Nội,Commercial Investigation,50,N/A,N/A,N/A,Planner (Cao),data/google_planner/hanoi/Keyword Stats 2026-02-13 at 11_54_58.csv,Viết bài top-list/so sánh; map vào cluster hub; bổ sung schema + ảnh/UGC,B,82.50000000000001,0%,"22,763"
khách sạn anise hà nội,Khách sạn Hà Nội,Lưu trú,In-scope Hà Nội,Commercial Investigation,50,N/A,N/A,N/A,Planner (Trung bình),data/google_planner/hanoi/Keyword Stats 2026-02-13 at 11_54_58.csv,Viết bài top-list/so sánh; map vào cluster hub; bổ sung schema + ảnh/UGC,B,82.50000000000001,0%,"9,348"
khách sạn dahlia hà nội,Khách sạn Hà Nội,Lưu trú,In-scope Hà Nội,Commercial Investigation,50,N/A,N/A,N/A,Planner (Trung bình),data/google_planner/hanoi/Keyword Stats 2026-02-13 at 11_54_58.csv,Viết bài top-list/so sánh; map vào cluster hub; bổ sung schema + ảnh/UGC,B,82.50000000000001,0%,"14,618"
khach san 5 sao hanoi,Khách sạn Hà Nội,Lưu trú,In-scope Hà Nội,Commercial Investigation,50,N/A,N/A,N/A,Planner (Cao),data/google_planner/hanoi/Keyword Stats 2026-02-13 at 11_54_58.csv,Viết bài top-list/so sánh; map vào cluster hub; bổ sung schema + ảnh/UGC,B,82.50000000000001,-90.0%,"16,576"
khách sạn hà nội boutique,Khách sạn Hà Nội,Lưu trú,In-scope Hà Nội,Commercial Investigation,50,N/A,N/A,N/A,Planner (Cao),data/google_planner/hanoi/Keyword Stats 2026-02-13 at 11_54_58.csv,Viết bài top-list/so sánh; map vào cluster hub; bổ sung schema + ảnh/UGC,B,82.50000000000001,0%,"200,465"
khách sạn phố bảo khánh hà nội,Khách sạn Hà Nội,Lưu trú,In-scope Hà Nội,Commercial Investigation,50,N/A,N/A,N/A,Planner (Cao),data/google_planner/hanoi/Keyword Stats 2026-02-13 at 11_54_58.csv,Viết bài top-list/so sánh; map vào cluster hub; bổ sung schema + ảnh/UGC,B,82.50000000000001,-90.0%,"21,018"
khách sạn đẹp tại hà nội,Khách sạn Hà Nội,Lưu trú,In-scope Hà Nội,Commercial Investigation,50,N/A,N/A,N/A,Planner (Cao),data/google_planner/hanoi/Keyword Stats 2026-02-13 at 11_54_58.csv,Viết bài top-list/so sánh; map vào cluster hub; bổ sung schema + ảnh/UGC,B,82.50000000000001,0%,"15,616"
new century hotel hà nội,Khách sạn Hà Nội,Lưu trú,In-scope Hà Nội,Commercial Investigation,50,N/A,N/A,N/A,Planner (Cao),data/google_planner/hanoi/Keyword Stats 2026-02-13 at 11_54_58.csv,Viết bài top-list/so sánh; map vào cluster hub; bổ sung schema + ảnh/UGC,B,82.50000000000001,0%,"15,841"
khách sạn grand cititel hà nội,Khách sạn Hà Nội,Lưu trú,In-scope Hà Nội,Commercial Investigation,50,N/A,N/A,N/A,Planner (Trung bình),data/google_planner/hanoi/Keyword Stats 2026-02-13 at 11_54_58.csv,Viết bài top-list/so sánh; map vào cluster hub; bổ sung schema + ảnh/UGC,B,82.50000000000001,0%,"11,266"
đặt phòng khách sạn melia hà nội,Khách sạn Hà Nội,Lưu trú,In-scope Hà Nội,Commercial Investigation,50,N/A,N/A,N/A,Planner (Cao),data/google_planner/hanoi/Keyword Stats 2026-02-13 at 11_54_58.csv,Viết bài top-list/so sánh; map vào cluster hub; bổ sung schema + ảnh/UGC,B,82.50000000000001,0%,"14,494"
khách sạn bonsella hà nội,Khách sạn Hà Nội,Lưu trú,In-scope Hà Nội,Commercial Investigation,50,N/A,N/A,N/A,Planner (Cao),data/google_planner/hanoi/Keyword Stats 2026-02-13 at 11_54_58.csv,Viết bài top-list/so sánh; map vào cluster hub; bổ sung schema + ảnh/UGC,B,82.50000000000001,0%,"22,091"
khách sạn cho cặp đôi ở hà nội,Khách sạn Hà Nội,Lưu trú,In-scope Hà Nội,Commercial Investigation,50,N/A,N/A,N/A,Planner (Cao),data/google_planner/hanoi/Keyword Stats 2026-02-13 at 11_54_58.csv,Viết bài top-list/so sánh; map vào cluster hub; bổ sung schema + ảnh/UGC,B,82.50000000000001,0%,"15,957"
thuê khách sạn theo giờ ở hà nội,Khách sạn Hà Nội,Lưu trú,In-scope Hà Nội,Transaction,50,N/A,N/A,N/A,Planner (Cao),data/google_planner/hanoi/Keyword Stats 2026-02-13 at 11_54_58.csv,"Tạo landing chuyển đổi (giá/vé/đặt chỗ), gom vào cluster page + build backlink nội bộ",B,82.50000000000001,0%,"22,595"
khách sạn khu vực mỹ đình hà nội,Khách sạn Hà Nội,Lưu trú,In-scope Hà Nội,Commercial Investigation,50,N/A,N/A,N/A,Planner (Cao),data/google_planner/hanoi/Keyword Stats 2026-02-13 at 11_54_58.csv,Viết bài top-list/so sánh; map vào cluster hub; bổ sung schema + ảnh/UGC,B,82.50000000000001,0%,"12,192"
khách sạn silk path hanoi,Khách sạn Hà Nội,Lưu trú,In-scope Hà Nội,Commercial Investigation,50,N/A,N/A,N/A,Planner (Trung bình),data/google_planner/hanoi/Keyword Stats 2026-02-13 at 11_54_58.csv,Viết bài top-list/so sánh; map vào cluster hub; bổ sung schema + ảnh/UGC,B,82.50000000000001,0%,"12,309"
khách sạn la palm hà nội,Khách sạn Hà Nội,Lưu trú,In-scope Hà Nội,Commercial Investigation,50,N/A,N/A,N/A,Planner (Cao),data/google_planner/hanoi/Keyword Stats 2026-02-13 at 11_54_58.csv,Viết bài top-list/so sánh; map vào cluster hub; bổ sung schema + ảnh/UGC,B,82.50000000000001,-90.0%,"22,835"
khách sạn hotel du parc hanoi,Khách sạn Hà Nội,Lưu trú,In-scope Hà Nội,Commercial Investigation,50,N/A,N/A,N/A,Planner (Cao),data/google_planner/hanoi/Keyword Stats 2026-02-13 at 11_54_58.csv,Viết bài top-list/so sánh; map vào cluster hub; bổ sung schema + ảnh/UGC,B,82.50000000000001,0%,"10,678"
khách sạn gia lâm hà nội,Khách sạn Hà Nội,Lưu trú,In-scope Hà Nội,Transaction,50,N/A,N/A,N/A,Planner (Cao),data/google_planner/hanoi/Keyword Stats 2026-02-13 at 11_54_58.csv,"Tạo landing chuyển đổi (giá/vé/đặt chỗ), gom vào cluster page + build backlink nội bộ",B,82.50000000000001,0%,"15,839"
những khách sạn 5 sao ở hà nội,Khách sạn Hà Nội,Lưu trú,In-scope Hà Nội,Commercial Investigation,50,N/A,N/A,N/A,Planner (Cao),data/google_planner/hanoi/Keyword Stats 2026-02-13 at 11_54_58.csv,Viết bài top-list/so sánh; map vào cluster hub; bổ sung schema + ảnh/UGC,B,82.50000000000001,0%,"5,193"
khách sạn đường trần hưng đạo hà nội,Khách sạn Hà Nội,Lưu trú,In-scope Hà Nội,Commercial Investigation,50,N/A,N/A,N/A,Planner (Cao),data/google_planner/hanoi/Keyword Stats 2026-02-13 at 11_54_58.csv,Viết bài top-list/so sánh; map vào cluster hub; bổ sung schema + ảnh/UGC,B,82.50000000000001,-90.0%,"10,951"
khách sạn mayflower hà nội,Khách sạn Hà Nội,Lưu trú,In-scope Hà Nội,Commercial Investigation,50,N/A,N/A,N/A,Planner (Cao),data/google_planner/hanoi/Keyword Stats 2026-02-13 at 11_54_58.csv,Viết bài top-list/so sánh; map vào cluster hub; bổ sung schema + ảnh/UGC,B,82.50000000000001,0%,"18,053"
khách sạn gần bệnh viện vinmec hà nội,Khách sạn Hà Nội,Lưu trú,In-scope Hà Nội,Commercial Investigation,50,N/A,N/A,N/A,Planner (Cao),data/google_planner/hanoi/Keyword Stats 2026-02-13 at 11_54_58.csv,Viết bài top-list/so sánh; map vào cluster hub; bổ sung schema + ảnh/UGC,B,82.50000000000001,0%,"6,539"
hà nội khách sạn,Khách sạn Hà Nội,Lưu trú,In-scope Hà Nội,Commercial Investigation,50,N/A,N/A,N/A,Planner (Trung bình),data/google_planner/hanoi/Keyword Stats 2026-02-13 at 11_54_58.csv,Viết bài top-list/so sánh; map vào cluster hub; bổ sung schema + ảnh/UGC,B,82.50000000000001,-90.0%,"27,170"
khách sạn t&m luxury hà nội,Khách sạn Hà Nội,Lưu trú,In-scope Hà Nội,Commercial Investigation,50,N/A,N/A,N/A,Planner (Cao),data/google_planner/hanoi/Keyword Stats 2026-02-13 at 11_54_58.csv,Viết bài top-list/so sánh; map vào cluster hub; bổ sung schema + ảnh/UGC,B,82.50000000000001,-90.0%,"16,130"
khách sạn la nueva boutique hà nội,Khách sạn Hà Nội,Lưu trú,In-scope Hà Nội,Commercial Investigation,50,N/A,N/A,N/A,Planner (Trung bình),data/google_planner/hanoi/Keyword Stats 2026-02-13 at 11_54_58.csv,Viết bài top-list/so sánh; map vào cluster hub; bổ sung schema + ảnh/UGC,B,82.50000000000001,0%,"5,395"
khách sạn sunline hà nội,Khách sạn Hà Nội,Lưu trú,In-scope Hà Nội,Commercial Investigation,50,N/A,N/A,N/A,Planner (Trung bình),data/google_planner/hanoi/Keyword Stats 2026-02-13 at 11_54_58.csv,Viết bài top-list/so sánh; map vào cluster hub; bổ sung schema + ảnh/UGC,B,82.50000000000001,0%,"15,407"
the pearl hotel hà nội,Khách sạn Hà Nội,Lưu trú,In-scope Hà Nội,Commercial Investigation,50,N/A,N/A,N/A,Planner (Trung bình),data/google_planner/hanoi/Keyword Stats 2026-02-13 at 11_54_58.csv,Viết bài top-list/so sánh; map vào cluster hub; bổ sung schema + ảnh/UGC,B,82.50000000000001,0%,"36,139"
acoustic hotel & spa hà nội,Khách sạn Hà Nội,Lưu trú,In-scope Hà Nội,Commercial Investigation,50,N/A,N/A,N/A,Planner (Thấp),data/google_planner/hanoi/Keyword Stats 2026-02-13 at 11_54_58.csv,Viết bài top-list/so sánh; map vào cluster hub; bổ sung schema + ảnh/UGC,B,82.50000000000001,0%,"12,827"
an phú hotel hà nội,Khách sạn Hà Nội,Lưu trú,In-scope Hà Nội,Commercial Investigation,50,N/A,N/A,N/A,Planner (Trung bình),data/google_planner/hanoi/Keyword Stats 2026-02-13 at 11_54_58.csv,Viết bài top-list/so sánh; map vào cluster hub; bổ sung schema + ảnh/UGC,B,82.50000000000001,0%,"6,491"
blue hà nội inn hotel,Khách sạn Hà Nội,Lưu trú,In-scope Hà Nội,Commercial Investigation,50,N/A,N/A,N/A,Planner (Cao),data/google_planner/hanoi/Keyword Stats 2026-02-13 at 11_54_58.csv,Viết bài top-list/so sánh; map vào cluster hub; bổ sung schema + ảnh/UGC,B,82.50000000000001,0%,"20,513"
brilliant hotel hà nội,Khách sạn Hà Nội,Lưu trú,In-scope Hà Nội,Commercial Investigation,50,N/A,N/A,N/A,Planner (Cao),data/google_planner/hanoi/Keyword Stats 2026-02-13 at 11_54_58.csv,Viết bài top-list/so sánh; map vào cluster hub; bổ sung schema + ảnh/UGC,B,82.50000000000001,0%,"4,660"
bảo sơn hotel hà nội,Khách sạn Hà Nội,Lưu trú,In-scope Hà Nội,Commercial Investigation,50,N/A,N/A,N/A,Planner (Trung bình),data/google_planner/hanoi/Keyword Stats 2026-02-13 at 11_54_58.csv,Viết bài top-list/so sánh; map vào cluster hub; bổ sung schema + ảnh/UGC,B,82.50000000000001,0%,"14,060"
canary hà nội khách sạn,Khách sạn Hà Nội,Lưu trú,In-scope Hà Nội,Commercial Investigation,50,N/A,N/A,N/A,Planner (Trung bình),data/google_planner/hanoi/Keyword Stats 2026-02-13 at 11_54_58.csv,Viết bài top-list/so sánh; map vào cluster hub; bổ sung schema + ảnh/UGC,B,82.50000000000001,0%,"15,416"
capella hotel hà nội,Khách sạn Hà Nội,Lưu trú,In-scope Hà Nội,Commercial Investigation,50,N/A,N/A,N/A,Planner (Cao),data/google_planner/hanoi/Keyword Stats 2026-02-13 at 11_54_58.csv,Viết bài top-list/so sánh; map vào cluster hub; bổ sung schema + ảnh/UGC,B,82.50000000000001,0%,"10,906"
capsule hotel hà nội,Khách sạn Hà Nội,Lưu trú,In-scope Hà Nội,Commercial Investigation,50,N/A,N/A,N/A,Planner (Trung bình),data/google_planner/hanoi/Keyword Stats 2026-02-13 at 11_54_58.csv,Viết bài top-list/so sánh; map vào cluster hub; bổ sung schema + ảnh/UGC,B,82.50000000000001,0%,"13,662"
charm hotel hà nội,Khách sạn Hà Nội,Lưu trú,In-scope Hà Nội,Commercial Investigation,50,N/A,N/A,N/A,Planner (Trung bình),data/google_planner/hanoi/Keyword Stats 2026-02-13 at 11_54_58.csv,Viết bài top-list/so sánh; map vào cluster hub; bổ sung schema + ảnh/UGC,B,82.50000000000001,0%,"10,582"
các khách sạn 3 sao ở hà nội,Khách sạn Hà Nội,Lưu trú,In-scope Hà Nội,Commercial Investigation,50,N/A,N/A,N/A,Planner (Cao),data/google_planner/hanoi/Keyword Stats 2026-02-13 at 11_54_58.csv,Viết bài top-list/so sánh; map vào cluster hub; bổ sung schema + ảnh/UGC,B,82.50000000000001,0%,"3,058"
các khách sạn 4 sao ở hà nội,Khách sạn Hà Nội,Lưu trú,In-scope Hà Nội,Commercial Investigation,50,N/A,N/A,N/A,Planner (Cao),data/google_planner/hanoi/Keyword Stats 2026-02-13 at 11_54_58.csv,Viết bài top-list/so sánh; map vào cluster hub; bổ sung schema + ảnh/UGC,B,82.50000000000001,-90.0%,"14,774"
các khách sạn lớn ở hà nội,Khách sạn Hà Nội,Lưu trú,In-scope Hà Nội,Commercial Investigation,50,N/A,N/A,N/A,Planner (Cao),data/google_planner/hanoi/Keyword Stats 2026-02-13 at 11_54_58.csv,Viết bài top-list/so sánh; map vào cluster hub; bổ sung schema + ảnh/UGC,B,82.50000000000001,0%,"7,270"
các khách sạn nổi tiếng ở hà nội,Khách sạn Hà Nội,Lưu trú,In-scope Hà Nội,Commercial Investigation,50,N/A,N/A,N/A,Planner (Cao),data/google_planner/hanoi/Keyword Stats 2026-02-13 at 11_54_58.csv,Viết bài top-list/so sánh; map vào cluster hub; bổ sung schema + ảnh/UGC,B,82.50000000000001,0%,"8,178"
các khách sạn tại hà nội,Khách sạn Hà Nội,Lưu trú,In-scope Hà Nội,Commercial Investigation,50,N/A,N/A,N/A,Planner (Cao),data/google_planner/hanoi/Keyword Stats 2026-02-13 at 11_54_58.csv,Viết bài top-list/so sánh; map vào cluster hub; bổ sung schema + ảnh/UGC,B,82.50000000000001,0%,"9,658"
các khách sạn đẹp ở hà nội,Khách sạn Hà Nội,Lưu trú,In-scope Hà Nội,Commercial Investigation,50,N/A,N/A,N/A,Planner (Cao),data/google_planner/hanoi/Keyword Stats 2026-02-13 at 11_54_58.csv,Viết bài top-list/so sánh; map vào cluster hub; bổ sung schema + ảnh/UGC,B,82.50000000000001,0%,"17,004"
danh sách khách sạn 4 sao tại hà nội,Khách sạn Hà Nội,Lưu trú,In-scope Hà Nội,Commercial Investigation,50,N/A,N/A,N/A,Planner (Cao),data/google_planner/hanoi/Keyword Stats 2026-02-13 at 11_54_58.csv,Viết bài top-list/so sánh; map vào cluster hub; bổ sung schema + ảnh/UGC,B,82.50000000000001,0%,"2,721"
danh sách khách sạn 5 sao hà nội,Khách sạn Hà Nội,Lưu trú,In-scope Hà Nội,Commercial Investigation,50,N/A,N/A,N/A,Planner (Cao),data/google_planner/hanoi/Keyword Stats 2026-02-13 at 11_54_58.csv,Viết bài top-list/so sánh; map vào cluster hub; bổ sung schema + ảnh/UGC,B,82.50000000000001,0%,"10,277"
danh sách khách sạn a25 hà nội,Khách sạn Hà Nội,Lưu trú,In-scope Hà Nội,Commercial Investigation,50,N/A,N/A,N/A,Planner (Trung bình),data/google_planner/hanoi/Keyword Stats 2026-02-13 at 11_54_58.csv,Viết bài top-list/so sánh; map vào cluster hub; bổ sung schema + ảnh/UGC,B,82.50000000000001,0%,"11,944"
dragon hotel hà nội,Khách sạn Hà Nội,Lưu trú,In-scope Hà Nội,Commercial Investigation,50,N/A,N/A,N/A,Planner (Cao),data/google_planner/hanoi/Keyword Stats 2026-02-13 at 11_54_58.csv,Viết bài top-list/so sánh; map vào cluster hub; bổ sung schema + ảnh/UGC,B,82.50000000000001,0%,"10,428"
du parc hotel hà nội,Khách sạn Hà Nội,Lưu trú,In-scope Hà Nội,Commercial Investigation,50,N/A,N/A,N/A,Planner (Trung bình),data/google_planner/hanoi/Keyword Stats 2026-02-13 at 11_54_58.csv,Viết bài top-list/so sánh; map vào cluster hub; bổ sung schema + ảnh/UGC,B,82.50000000000001,0%,"19,993"
everest hotel hà nội,Khách sạn Hà Nội,Lưu trú,In-scope Hà Nội,Commercial Investigation,50,N/A,N/A,N/A,Planner (Cao),data/google_planner/hanoi/Keyword Stats 2026-02-13 at 11_54_58.csv,Viết bài top-list/so sánh; map vào cluster hub; bổ sung schema + ảnh/UGC,B,82.50000000000001,0%,"10,480"
giá khách sạn 5 sao hà nội,Khách sạn Hà Nội,Lưu trú,In-scope Hà Nội,Transaction,50,N/A,N/A,N/A,Planner (Cao),data/google_planner/hanoi/Keyword Stats 2026-02-13 at 11_54_58.csv,"Tạo landing chuyển đổi (giá/vé/đặt chỗ), gom vào cluster page + build backlink nội bộ",B,82.50000000000001,0%,"5,193"
giá khách sạn a25 hà nội,Khách sạn Hà Nội,Lưu trú,In-scope Hà Nội,Transaction,50,N/A,N/A,N/A,Planner (Trung bình),data/google_planner/hanoi/Keyword Stats 2026-02-13 at 11_54_58.csv,"Tạo landing chuyển đổi (giá/vé/đặt chỗ), gom vào cluster page + build backlink nội bộ",B,82.50000000000001,0%,"2,385"
giá khách sạn daewoo hà nội,Khách sạn Hà Nội,Lưu trú,In-scope Hà Nội,Transaction,50,N/A,N/A,N/A,Planner (Cao),data/google_planner/hanoi/Keyword Stats 2026-02-13 at 11_54_58.csv,"Tạo landing chuyển đổi (giá/vé/đặt chỗ), gom vào cluster page + build backlink nội bộ",B,82.50000000000001,0%,"1,829"
giá khách sạn marriott hà nội,Khách sạn Hà Nội,Lưu trú,In-scope Hà Nội,Transaction,50,N/A,N/A,N/A,Planner (Cao),data/google_planner/hanoi/Keyword Stats 2026-02-13 at 11_54_58.csv,"Tạo landing chuyển đổi (giá/vé/đặt chỗ), gom vào cluster page + build backlink nội bộ",B,82.50000000000001,0%,"3,116"
giá khách sạn mường thanh hà nội,Khách sạn Hà Nội,Lưu trú,In-scope Hà Nội,Transaction,50,N/A,N/A,N/A,Planner (Cao),data/google_planner/hanoi/Keyword Stats 2026-02-13 at 11_54_58.csv,"Tạo landing chuyển đổi (giá/vé/đặt chỗ), gom vào cluster page + build backlink nội bộ",B,82.50000000000001,0%,"8,370"
giá khách sạn tại hà nội,Khách sạn Hà Nội,Lưu trú,In-scope Hà Nội,Transaction,50,N/A,N/A,N/A,Planner (Cao),data/google_planner/hanoi/Keyword Stats 2026-02-13 at 11_54_58.csv,"Tạo landing chuyển đổi (giá/vé/đặt chỗ), gom vào cluster page + build backlink nội bộ",B,82.50000000000001,0%,"10,906"
giá phòng khách sạn 5 sao tại hà nội,Khách sạn Hà Nội,Lưu trú,In-scope Hà Nội,Transaction,50,N/A,N/A,N/A,Planner (Trung bình),data/google_planner/hanoi/Keyword Stats 2026-02-13 at 11_54_58.csv,"Tạo landing chuyển đổi (giá/vé/đặt chỗ), gom vào cluster page + build backlink nội bộ",B,82.50000000000001,0%,"4,674"
giá phòng khách sạn a25 hà nội,Khách sạn Hà Nội,Lưu trú,In-scope Hà Nội,Transaction,50,N/A,N/A,N/A,Planner (Trung bình),data/google_planner/hanoi/Keyword Stats 2026-02-13 at 11_54_58.csv,"Tạo landing chuyển đổi (giá/vé/đặt chỗ), gom vào cluster page + build backlink nội bộ",B,82.50000000000001,0%,"4,051"
giá phòng khách sạn bảo sơn hà nội,Khách sạn Hà Nội,Lưu trú,In-scope Hà Nội,Transaction,50,N/A,N/A,N/A,Planner (Cao),data/google_planner/hanoi/Keyword Stats 2026-02-13 at 11_54_58.csv,"Tạo landing chuyển đổi (giá/vé/đặt chỗ), gom vào cluster page + build backlink nội bộ",B,82.50000000000001,0%,"2,127"
giá phòng khách sạn công đoàn hà nội,Khách sạn Hà Nội,Lưu trú,In-scope Hà Nội,Transaction,50,N/A,N/A,N/A,Planner (Cao),data/google_planner/hanoi/Keyword Stats 2026-02-13 at 11_54_58.csv,"Tạo landing chuyển đổi (giá/vé/đặt chỗ), gom vào cluster page + build backlink nội bộ",B,82.50000000000001,0%,"2,614"
giá phòng khách sạn daewoo hà nội,Khách sạn Hà Nội,Lưu trú,In-scope Hà Nội,Transaction,50,N/A,N/A,N/A,Planner (Cao),data/google_planner/hanoi/Keyword Stats 2026-02-13 at 11_54_58.csv,"Tạo landing chuyển đổi (giá/vé/đặt chỗ), gom vào cluster page + build backlink nội bộ",B,82.50000000000001,0%,"4,551"
giá phòng khách sạn dolce hanoi golden lake,Khách sạn Hà Nội,Lưu trú,In-scope Hà Nội,Transaction,50,N/A,N/A,N/A,Planner (Cao),data/google_planner/hanoi/Keyword Stats 2026-02-13 at 11_54_58.csv,"Tạo landing chuyển đổi (giá/vé/đặt chỗ), gom vào cluster page + build backlink nội bộ",B,82.50000000000001,0%,"3,277"
giá phòng khách sạn fortuna hà nội,Khách sạn Hà Nội,Lưu trú,In-scope Hà Nội,Transaction,50,N/A,N/A,N/A,Planner (Cao),data/google_planner/hanoi/Keyword Stats 2026-02-13 at 11_54_58.csv,"Tạo landing chuyển đổi (giá/vé/đặt chỗ), gom vào cluster page + build backlink nội bộ",B,82.50000000000001,0%,"2,611"
giá phòng khách sạn grand plaza hà nội,Khách sạn Hà Nội,Lưu trú,In-scope Hà Nội,Transaction,50,N/A,N/A,N/A,Planner (Cao),data/google_planner/hanoi/Keyword Stats 2026-02-13 at 11_54_58.csv,"Tạo landing chuyển đổi (giá/vé/đặt chỗ), gom vào cluster page + build backlink nội bộ",B,82.50000000000001,0%,"9,442"
giá phòng khách sạn hilton hà nội,Khách sạn Hà Nội,Lưu trú,In-scope Hà Nội,Transaction,50,N/A,N/A,N/A,Planner (Trung bình),data/google_planner/hanoi/Keyword Stats 2026-02-13 at 11_54_58.csv,"Tạo landing chuyển đổi (giá/vé/đặt chỗ), gom vào cluster page + build backlink nội bộ",B,82.50000000000001,0%,"4,933"
giá phòng khách sạn hà nội giảng võ,Khách sạn Hà Nội,Lưu trú,In-scope Hà Nội,Transaction,50,N/A,N/A,N/A,Planner (Cao),data/google_planner/hanoi/Keyword Stats 2026-02-13 at 11_54_58.csv,"Tạo landing chuyển đổi (giá/vé/đặt chỗ), gom vào cluster page + build backlink nội bộ",B,82.50000000000001,0%,"5,603"
giá phòng khách sạn intercontinental hà nội,Khách sạn Hà Nội,Lưu trú,In-scope Hà Nội,Transaction,50,N/A,N/A,N/A,Planner (Trung bình),data/google_planner/hanoi/Keyword Stats 2026-02-13 at 11_54_58.csv,"Tạo landing chuyển đổi (giá/vé/đặt chỗ), gom vào cluster page + build backlink nội bộ",B,82.50000000000001,0%,"2,757"
giá phòng khách sạn kim liên hà nội,Khách sạn Hà Nội,Lưu trú,In-scope Hà Nội,Transaction,50,N/A,N/A,N/A,Planner (Cao),data/google_planner/hanoi/Keyword Stats 2026-02-13 at 11_54_58.csv,"Tạo landing chuyển đổi (giá/vé/đặt chỗ), gom vào cluster page + build backlink nội bộ",B,82.50000000000001,0%,"3,330"
giá phòng khách sạn la thành hà nội,Khách sạn Hà Nội,Lưu trú,In-scope Hà Nội,Transaction,50,N/A,N/A,N/A,Planner (Trung bình),data/google_planner/hanoi/Keyword Stats 2026-02-13 at 11_54_58.csv,"Tạo landing chuyển đổi (giá/vé/đặt chỗ), gom vào cluster page + build backlink nội bộ",B,82.50000000000001,0%,"12,680"
giá phòng khách sạn marriott hà nội,Khách sạn Hà Nội,Lưu trú,In-scope Hà Nội,Transaction,50,N/A,N/A,N/A,Planner (Cao),data/google_planner/hanoi/Keyword Stats 2026-02-13 at 11_54_58.csv,"Tạo landing chuyển đổi (giá/vé/đặt chỗ), gom vào cluster page + build backlink nội bộ",B,82.50000000000001,0%,"5,580"
giá phòng khách sạn melia hà nội,Khách sạn Hà Nội,Lưu trú,In-scope Hà Nội,Transaction,50,N/A,N/A,N/A,Planner (Cao),data/google_planner/hanoi/Keyword Stats 2026-02-13 at 11_54_58.csv,"Tạo landing chuyển đổi (giá/vé/đặt chỗ), gom vào cluster page + build backlink nội bộ",B,82.50000000000001,0%,"4,414"
giá phòng khách sạn metropole hà nội,Khách sạn Hà Nội,Lưu trú,In-scope Hà Nội,Transaction,50,N/A,N/A,N/A,Planner (Cao),data/google_planner/hanoi/Keyword Stats 2026-02-13 at 11_54_58.csv,"Tạo landing chuyển đổi (giá/vé/đặt chỗ), gom vào cluster page + build backlink nội bộ",B,82.50000000000001,0%,"4,674"
giá phòng khách sạn mường thanh hà nội,Khách sạn Hà Nội,Lưu trú,In-scope Hà Nội,Transaction,50,N/A,N/A,N/A,Planner (Trung bình),data/google_planner/hanoi/Keyword Stats 2026-02-13 at 11_54_58.csv,"Tạo landing chuyển đổi (giá/vé/đặt chỗ), gom vào cluster page + build backlink nội bộ",B,82.50000000000001,0%,"1,846"
giá phòng khách sạn nikko hà nội,Khách sạn Hà Nội,Lưu trú,In-scope Hà Nội,Transaction,50,N/A,N/A,N/A,Planner (Cao),data/google_planner/hanoi/Keyword Stats 2026-02-13 at 11_54_58.csv,"Tạo landing chuyển đổi (giá/vé/đặt chỗ), gom vào cluster page + build backlink nội bộ",B,82.50000000000001,0%,"20,614"
giá phòng khách sạn pullman hà nội,Khách sạn Hà Nội,Lưu trú,In-scope Hà Nội,Transaction,50,N/A,N/A,N/A,Planner (Cao),data/google_planner/hanoi/Keyword Stats 2026-02-13 at 11_54_58.csv,"Tạo landing chuyển đổi (giá/vé/đặt chỗ), gom vào cluster page + build backlink nội bộ",B,82.50000000000001,0%,"4,414"
giá phòng khách sạn sheraton hà nội,Khách sạn Hà Nội,Lưu trú,In-scope Hà Nội,Transaction,50,N/A,N/A,N/A,Planner (Cao),data/google_planner/hanoi/Keyword Stats 2026-02-13 at 11_54_58.csv,"Tạo landing chuyển đổi (giá/vé/đặt chỗ), gom vào cluster page + build backlink nội bộ",B,82.50000000000001,0%,"3,895"
giá phòng khách sạn thắng lợi hà nội,Khách sạn Hà Nội,Lưu trú,In-scope Hà Nội,Transaction,50,N/A,N/A,N/A,Planner (Cao),data/google_planner/hanoi/Keyword Stats 2026-02-13 at 11_54_58.csv,"Tạo landing chuyển đổi (giá/vé/đặt chỗ), gom vào cluster page + build backlink nội bộ",B,82.50000000000001,0%,"5,811"
giá phòng khách sạn tại hà nội,Khách sạn Hà Nội,Lưu trú,In-scope Hà Nội,Transaction,50,N/A,N/A,N/A,Planner (Cao),data/google_planner/hanoi/Keyword Stats 2026-02-13 at 11_54_58.csv,"Tạo landing chuyển đổi (giá/vé/đặt chỗ), gom vào cluster page + build backlink nội bộ",B,82.50000000000001,0%,"5,792"
giá phòng khách sạn ở hà nội,Khách sạn Hà Nội,Lưu trú,In-scope Hà Nội,Transaction,50,N/A,N/A,N/A,Planner (Cao),data/google_planner/hanoi/Keyword Stats 2026-02-13 at 11_54_58.csv,"Tạo landing chuyển đổi (giá/vé/đặt chỗ), gom vào cluster page + build backlink nội bộ",B,82.50000000000001,0%,"8,309"
giá phòng lotte hotel hà nội,Khách sạn Hà Nội,Lưu trú,In-scope Hà Nội,Transaction,50,N/A,N/A,N/A,Planner (Cao),data/google_planner/hanoi/Keyword Stats 2026-02-13 at 11_54_58.csv,"Tạo landing chuyển đổi (giá/vé/đặt chỗ), gom vào cluster page + build backlink nội bộ",B,82.50000000000001,0%,"4,414"
giá phòng tại khách sạn jw marriott hà nội,Khách sạn Hà Nội,Lưu trú,In-scope Hà Nội,Transaction,50,N/A,N/A,N/A,Planner (Cao),data/google_planner/hanoi/Keyword Stats 2026-02-13 at 11_54_58.csv,"Tạo landing chuyển đổi (giá/vé/đặt chỗ), gom vào cluster page + build backlink nội bộ",B,82.50000000000001,0%,"3,116"
giá thuê khách sạn ở hà nội,Khách sạn Hà Nội,Lưu trú,In-scope Hà Nội,Transaction,50,N/A,N/A,N/A,Planner (Cao),data/google_planner/hanoi/Keyword Stats 2026-02-13 at 11_54_58.csv,"Tạo landing chuyển đổi (giá/vé/đặt chỗ), gom vào cluster page + build backlink nội bộ",B,82.50000000000001,0%,"7,206"
giá thuê phòng khách sạn ở hà nội,Khách sạn Hà Nội,Lưu trú,In-scope Hà Nội,Transaction,50,N/A,N/A,N/A,Planner (Cao),data/google_planner/hanoi/Keyword Stats 2026-02-13 at 11_54_58.csv,"Tạo landing chuyển đổi (giá/vé/đặt chỗ), gom vào cluster page + build backlink nội bộ",B,82.50000000000001,0%,"8,827"
golden hotel hà nội,Khách sạn Hà Nội,Lưu trú,In-scope Hà Nội,Commercial Investigation,50,N/A,N/A,N/A,Planner (Trung bình),data/google_planner/hanoi/Keyword Stats 2026-02-13 at 11_54_58.csv,Viết bài top-list/so sánh; map vào cluster hub; bổ sung schema + ảnh/UGC,B,82.50000000000001,0%,"15,728"
grand vista hotel hà nội,Khách sạn Hà Nội,Lưu trú,In-scope Hà Nội,Commercial Investigation,50,N/A,N/A,N/A,Planner (Cao),data/google_planner/hanoi/Keyword Stats 2026-02-13 at 11_54_58.csv,Viết bài top-list/so sánh; map vào cluster hub; bổ sung schema + ảnh/UGC,B,82.50000000000001,0%,"10,263"
hera hotel hà nội,Khách sạn Hà Nội,Lưu trú,In-scope Hà Nội,Commercial Investigation,50,N/A,N/A,N/A,Planner (Trung bình),data/google_planner/hanoi/Keyword Stats 2026-02-13 at 11_54_58.csv,Viết bài top-list/so sánh; map vào cluster hub; bổ sung schema + ảnh/UGC,B,82.50000000000001,0%,"11,842"
hotel 5 sao hà nội,Khách sạn Hà Nội,Lưu trú,In-scope Hà Nội,Commercial Investigation,50,N/A,N/A,N/A,Planner (Cao),data/google_planner/hanoi/Keyword Stats 2026-02-13 at 11_54_58.csv,Viết bài top-list/so sánh; map vào cluster hub; bổ sung schema + ảnh/UGC,B,82.50000000000001,0%,"10,491"
hotel a25 hà nội,Khách sạn Hà Nội,Lưu trú,In-scope Hà Nội,Commercial Investigation,50,N/A,N/A,N/A,Planner (Trung bình),data/google_planner/hanoi/Keyword Stats 2026-02-13 at 11_54_58.csv,Viết bài top-list/so sánh; map vào cluster hub; bổ sung schema + ảnh/UGC,B,82.50000000000001,-90.0%,"12,349"
hotel đẹp ở hà nội,Khách sạn Hà Nội,Lưu trú,In-scope Hà Nội,Commercial Investigation,50,N/A,N/A,N/A,Planner (Cao),data/google_planner/hanoi/Keyword Stats 2026-02-13 at 11_54_58.csv,Viết bài top-list/so sánh; map vào cluster hub; bổ sung schema + ảnh/UGC,B,82.50000000000001,0%,"24,649"
hà nội daewoo hotel,Khách sạn Hà Nội,Lưu trú,In-scope Hà Nội,Commercial Investigation,50,N/A,N/A,N/A,Planner (Trung bình),data/google_planner/hanoi/Keyword Stats 2026-02-13 at 11_54_58.csv,Viết bài top-list/so sánh; map vào cluster hub; bổ sung schema + ảnh/UGC,B,82.50000000000001,0%,"19,899"
hà nội emotion hotel,Khách sạn Hà Nội,Lưu trú,In-scope Hà Nội,Commercial Investigation,50,N/A,N/A,N/A,Planner (Cao),data/google_planner/hanoi/Keyword Stats 2026-02-13 at 11_54_58.csv,Viết bài top-list/so sánh; map vào cluster hub; bổ sung schema + ảnh/UGC,B,82.50000000000001,0%,"12,476"
hà nội hotel giảng võ,Khách sạn Hà Nội,Lưu trú,In-scope Hà Nội,Commercial Investigation,50,N/A,N/A,N/A,Planner (Trung bình),data/google_planner/hanoi/Keyword Stats 2026-02-13 at 11_54_58.csv,Viết bài top-list/so sánh; map vào cluster hub; bổ sung schema + ảnh/UGC,B,82.50000000000001,-90.0%,"40,253"
hà nội vàng hotel,Khách sạn Hà Nội,Lưu trú,In-scope Hà Nội,Commercial Investigation,50,N/A,N/A,N/A,Planner (Trung bình),data/google_planner/hanoi/Keyword Stats 2026-02-13 at 11_54_58.csv,Viết bài top-list/so sánh; map vào cluster hub; bổ sung schema + ảnh/UGC,B,82.50000000000001,0%,"12,723"
imperial hotel hà nội,Khách sạn Hà Nội,Lưu trú,In-scope Hà Nội,Commercial Investigation,50,N/A,N/A,N/A,Planner (Cao),data/google_planner/hanoi/Keyword Stats 2026-02-13 at 11_54_58.csv,Viết bài top-list/so sánh; map vào cluster hub; bổ sung schema + ảnh/UGC,B,82.50000000000001,0%,"14,324"
khach san a25 hanoi,Khách sạn Hà Nội,Lưu trú,In-scope Hà Nội,Commercial Investigation,50,N/A,N/A,N/A,Planner (Trung bình),data/google_planner/hanoi/Keyword Stats 2026-02-13 at 11_54_58.csv,Viết bài top-list/so sánh; map vào cluster hub; bổ sung schema + ảnh/UGC,B,82.50000000000001,0%,"7,633"
khach san army hanoi,Khách sạn Hà Nội,Lưu trú,In-scope Hà Nội,Commercial Investigation,50,N/A,N/A,N/A,Planner (Cao),data/google_planner/hanoi/Keyword Stats 2026-02-13 at 11_54_58.csv,Viết bài top-list/so sánh; map vào cluster hub; bổ sung schema + ảnh/UGC,B,82.50000000000001,0%,"12,750"
khách sạn hà nội agoda,Khách sạn Hà Nội,Lưu trú,In-scope Hà Nội,Commercial Investigation,50,N/A,N/A,N/A,Planner (Trung bình),data/google_planner/hanoi/Keyword Stats 2026-02-13 at 11_54_58.csv,Viết bài top-list/so sánh; map vào cluster hub; bổ sung schema + ảnh/UGC,B,82.50000000000001,0%,"15,839"
khách sạn intercontinental hanoi,Khách sạn Hà Nội,Lưu trú,In-scope Hà Nội,Commercial Investigation,50,N/A,N/A,N/A,Planner (Thấp),data/google_planner/hanoi/Keyword Stats 2026-02-13 at 11_54_58.csv,Viết bài top-list/so sánh; map vào cluster hub; bổ sung schema + ảnh/UGC,B,82.50000000000001,0%,"4,933"
khach san la siesta hanoi,Khách sạn Hà Nội,Lưu trú,In-scope Hà Nội,Commercial Investigation,50,N/A,N/A,N/A,Planner (Trung bình),data/google_planner/hanoi/Keyword Stats 2026-02-13 at 11_54_58.csv,Viết bài top-list/so sánh; map vào cluster hub; bổ sung schema + ảnh/UGC,B,82.50000000000001,0%,"12,800"
khach san metropole o ha noi,Khách sạn Hà Nội,Lưu trú,In-scope Hà Nội,Commercial Investigation,50,N/A,N/A,N/A,Planner (Cao),data/google_planner/hanoi/Keyword Stats 2026-02-13 at 11_54_58.csv,Viết bài top-list/so sánh; map vào cluster hub; bổ sung schema + ảnh/UGC,B,82.50000000000001,0%,"23,514"
khach san nikko hanoi,Khách sạn Hà Nội,Lưu trú,In-scope Hà Nội,Commercial Investigation,50,N/A,N/A,N/A,Planner (Trung bình),data/google_planner/hanoi/Keyword Stats 2026-02-13 at 11_54_58.csv,Viết bài top-list/so sánh; map vào cluster hub; bổ sung schema + ảnh/UGC,B,82.50000000000001,0%,"15,273"
khách sạn 123 hà nội,Khách sạn Hà Nội,Lưu trú,In-scope Hà Nội,Commercial Investigation,50,N/A,N/A,N/A,Planner (Cao),data/google_planner/hanoi/Keyword Stats 2026-02-13 at 11_54_58.csv,Viết bài top-list/so sánh; map vào cluster hub; bổ sung schema + ảnh/UGC,B,82.50000000000001,0%,"11,684"
khách sạn 25a hà nội,Khách sạn Hà Nội,Lưu trú,In-scope Hà Nội,Commercial Investigation,50,N/A,N/A,N/A,Planner (Thấp),data/google_planner/hanoi/Keyword Stats 2026-02-13 at 11_54_58.csv,Viết bài top-list/so sánh; map vào cluster hub; bổ sung schema + ảnh/UGC,B,82.50000000000001,-90.0%,"5,484"
khách sạn 3 sao hà nội có phòng hội thảo,Khách sạn Hà Nội,Lưu trú,In-scope Hà Nội,Commercial Investigation,50,N/A,N/A,N/A,Planner (Trung bình),data/google_planner/hanoi/Keyword Stats 2026-02-13 at 11_54_58.csv,Viết bài top-list/so sánh; map vào cluster hub; bổ sung schema + ảnh/UGC,B,82.50000000000001,0%,"21,637"
khách sạn 3 sao quận đống đa hà nội,Khách sạn Hà Nội,Lưu trú,In-scope Hà Nội,Commercial Investigation,50,N/A,N/A,N/A,Planner (Cao),data/google_planner/hanoi/Keyword Stats 2026-02-13 at 11_54_58.csv,Viết bài top-list/so sánh; map vào cluster hub; bổ sung schema + ảnh/UGC,B,82.50000000000001,0%,"29,341"
khách sạn 35 tràng tiền hà nội,Khách sạn Hà Nội,Lưu trú,In-scope Hà Nội,Commercial Investigation,50,N/A,N/A,N/A,Planner (Cao),data/google_planner/hanoi/Keyword Stats 2026-02-13 at 11_54_58.csv,Viết bài top-list/so sánh; map vào cluster hub; bổ sung schema + ảnh/UGC,B,82.50000000000001,0%,"7,766"
khách sạn 3t hà nội,Khách sạn Hà Nội,Lưu trú,In-scope Hà Nội,Commercial Investigation,50,N/A,N/A,N/A,Planner (Cao),data/google_planner/hanoi/Keyword Stats 2026-02-13 at 11_54_58.csv,Viết bài top-list/so sánh; map vào cluster hub; bổ sung schema + ảnh/UGC,B,82.50000000000001,-90.0%,"15,320"
khách sạn 4 * hà nội,Khách sạn Hà Nội,Lưu trú,In-scope Hà Nội,Commercial Investigation,50,N/A,N/A,N/A,Planner (Cao),data/google_planner/hanoi/Keyword Stats 2026-02-13 at 11_54_58.csv,Viết bài top-list/so sánh; map vào cluster hub; bổ sung schema + ảnh/UGC,B,82.50000000000001,-90.0%,"10,199"
khách sạn 4 5 sao hà nội,Khách sạn Hà Nội,Lưu trú,In-scope Hà Nội,Commercial Investigation,50,N/A,N/A,N/A,Planner (Cao),data/google_planner/hanoi/Keyword Stats 2026-02-13 at 11_54_58.csv,Viết bài top-list/so sánh; map vào cluster hub; bổ sung schema + ảnh/UGC,B,82.50000000000001,0%,"6,050"
khách sạn 4 sao hà nội có phòng hội thảo,Khách sạn Hà Nội,Lưu trú,In-scope Hà Nội,Commercial Investigation,50,N/A,N/A,N/A,Planner (Trung bình),data/google_planner/hanoi/Keyword Stats 2026-02-13 at 11_54_58.csv,Viết bài top-list/so sánh; map vào cluster hub; bổ sung schema + ảnh/UGC,B,82.50000000000001,0%,"19,258"
khách sạn 4 sao quận thanh xuân hà nội,Khách sạn Hà Nội,Lưu trú,In-scope Hà Nội,Commercial Investigation,50,N/A,N/A,N/A,Planner (Cao),data/google_planner/hanoi/Keyword Stats 2026-02-13 at 11_54_58.csv,Viết bài top-list/so sánh; map vào cluster hub; bổ sung schema + ảnh/UGC,B,82.50000000000001,0%,"9,384"
khách sạn 5 * hà nội,Khách sạn Hà Nội,Lưu trú,In-scope Hà Nội,Commercial Investigation,50,N/A,N/A,N/A,Planner (Cao),data/google_planner/hanoi/Keyword Stats 2026-02-13 at 11_54_58.csv,Viết bài top-list/so sánh; map vào cluster hub; bổ sung schema + ảnh/UGC,B,82.50000000000001,-90.0%,"7,756"
khách sạn 6 sao ở hà nội,Khách sạn Hà Nội,Lưu trú,In-scope Hà Nội,Commercial Investigation,50,N/A,N/A,N/A,Planner (Cao),data/google_planner/hanoi/Keyword Stats 2026-02-13 at 11_54_58.csv,Viết bài top-list/so sánh; map vào cluster hub; bổ sung schema + ảnh/UGC,B,82.50000000000001,0%,"8,259"
khách sạn a&d luxury hà nội,Khách sạn Hà Nội,Lưu trú,In-scope Hà Nội,Commercial Investigation,50,N/A,N/A,N/A,Planner (Thấp),data/google_planner/hanoi/Keyword Stats 2026-02-13 at 11_54_58.csv,Viết bài top-list/so sánh; map vào cluster hub; bổ sung schema + ảnh/UGC,B,82.50000000000001,0%,"8,828"
khách sạn a1 hill hà nội,Khách sạn Hà Nội,Lưu trú,In-scope Hà Nội,Commercial Investigation,50,N/A,N/A,N/A,Planner (Trung bình),data/google_planner/hanoi/Keyword Stats 2026-02-13 at 11_54_58.csv,Viết bài top-list/so sánh; map vào cluster hub; bổ sung schema + ảnh/UGC,B,82.50000000000001,0%,"10,127"
khách sạn a25 96 hai bà trưng hà nội,Khách sạn Hà Nội,Lưu trú,In-scope Hà Nội,Commercial Investigation,50,N/A,N/A,N/A,Planner (Cao),data/google_planner/hanoi/Keyword Stats 2026-02-13 at 11_54_58.csv,Viết bài top-list/so sánh; map vào cluster hub; bổ sung schema + ảnh/UGC,B,82.50000000000001,0%,"7,411"
khách sạn a25 ba đình,Khách sạn Hà Nội,Lưu trú,In-scope Hà Nội,Commercial Investigation,50,N/A,N/A,N/A,Planner (Trung bình),data/google_planner/hanoi/Keyword Stats 2026-02-13 at 11_54_58.csv,Viết bài top-list/so sánh; map vào cluster hub; bổ sung schema + ảnh/UGC,B,82.50000000000001,0%,"9,569"
khách sạn a25 gần hồ gươm,Khách sạn Hà Nội,Lưu trú,In-scope Hà Nội,Commercial Investigation,50,N/A,N/A,N/A,Planner (Trung bình),data/google_planner/hanoi/Keyword Stats 2026-02-13 at 11_54_58.csv,Viết bài top-list/so sánh; map vào cluster hub; bổ sung schema + ảnh/UGC,B,82.50000000000001,0%,"10,962"
khách sạn a25 minh khai hà nội,Khách sạn Hà Nội,Lưu trú,In-scope Hà Nội,Commercial Investigation,50,N/A,N/A,N/A,Planner (Cao),data/google_planner/hanoi/Keyword Stats 2026-02-13 at 11_54_58.csv,Viết bài top-list/so sánh; map vào cluster hub; bổ sung schema + ảnh/UGC,B,82.50000000000001,0%,"9,088"
khách sạn a25 phan chu trinh hà nội,Khách sạn Hà Nội,Lưu trú,In-scope Hà Nội,Commercial Investigation,50,N/A,N/A,N/A,Planner (Cao),data/google_planner/hanoi/Keyword Stats 2026-02-13 at 11_54_58.csv,Viết bài top-list/so sánh; map vào cluster hub; bổ sung schema + ảnh/UGC,B,82.50000000000001,0%,"9,073"
khách sạn a25 tại hà nội,Khách sạn Hà Nội,Lưu trú,In-scope Hà Nội,Commercial Investigation,50,N/A,N/A,N/A,Planner (Trung bình),data/google_planner/hanoi/Keyword Stats 2026-02-13 at 11_54_58.csv,Viết bài top-list/so sánh; map vào cluster hub; bổ sung schema + ảnh/UGC,B,82.50000000000001,0%,"9,759"
khách sạn a25 đống đa,Khách sạn Hà Nội,Lưu trú,In-scope Hà Nội,Commercial Investigation,50,N/A,N/A,N/A,Planner (Trung bình),data/google_planner/hanoi/Keyword Stats 2026-02-13 at 11_54_58.csv,Viết bài top-list/so sánh; map vào cluster hub; bổ sung schema + ảnh/UGC,B,82.50000000000001,0%,"5,886"
khách sạn a25 đống đa hà nội,Khách sạn Hà Nội,Lưu trú,In-scope Hà Nội,Commercial Investigation,50,N/A,N/A,N/A,Planner (Trung bình),data/google_planner/hanoi/Keyword Stats 2026-02-13 at 11_54_58.csv,Viết bài top-list/so sánh; map vào cluster hub; bổ sung schema + ảnh/UGC,B,82.50000000000001,-90.0%,"11,170"
khách sạn a25 ở hà nội,Khách sạn Hà Nội,Lưu trú,In-scope Hà Nội,Commercial Investigation,50,N/A,N/A,N/A,Planner (Trung bình),data/google_planner/hanoi/Keyword Stats 2026-02-13 at 11_54_58.csv,Viết bài top-list/so sánh; map vào cluster hub; bổ sung schema + ảnh/UGC,B,82.50000000000001,0%,"9,451"
khách sạn accor hà nội,Khách sạn Hà Nội,Lưu trú,In-scope Hà Nội,Commercial Investigation,50,N/A,N/A,N/A,Planner (Thấp),data/google_planner/hanoi/Keyword Stats 2026-02-13 at 11_54_58.csv,Viết bài top-list/so sánh; map vào cluster hub; bổ sung schema + ảnh/UGC,B,82.50000000000001,0%,"31,159"
khách sạn acoustic hà nội & spa,Khách sạn Hà Nội,Lưu trú,In-scope Hà Nội,Commercial Investigation,50,N/A,N/A,N/A,Planner (Trung bình),data/google_planner/hanoi/Keyword Stats 2026-02-13 at 11_54_58.csv,Viết bài top-list/so sánh; map vào cluster hub; bổ sung schema + ảnh/UGC,B,82.50000000000001,0%,"17,748"
khách sạn adonis hà nội,Khách sạn Hà Nội,Lưu trú,In-scope Hà Nội,Commercial Investigation,50,N/A,N/A,N/A,Planner (Cao),data/google_planner/hanoi/Keyword Stats 2026-02-13 at 11_54_58.csv,Viết bài top-list/so sánh; map vào cluster hub; bổ sung schema + ảnh/UGC,B,82.50000000000001,0%,"10,646"
khách sạn aira boutique hà nội,Khách sạn Hà Nội,Lưu trú,In-scope Hà Nội,Commercial Investigation,50,N/A,N/A,N/A,Planner (Cao),data/google_planner/hanoi/Keyword Stats 2026-02-13 at 11_54_58.csv,Viết bài top-list/so sánh; map vào cluster hub; bổ sung schema + ảnh/UGC,B,82.50000000000001,0%,"8,487"
khách sạn alisa hà nội,Khách sạn Hà Nội,Lưu trú,In-scope Hà Nội,Commercial Investigation,50,N/A,N/A,N/A,Planner (Cao),data/google_planner/hanoi/Keyword Stats 2026-02-13 at 11_54_58.csv,Viết bài top-list/so sánh; map vào cluster hub; bổ sung schema + ảnh/UGC,B,82.50000000000001,0%,"10,417"
khách sạn allure hà nội,Khách sạn Hà Nội,Lưu trú,In-scope Hà Nội,Commercial Investigation,50,N/A,N/A,N/A,Planner (Cao),data/google_planner/hanoi/Keyword Stats 2026-02-13 at 11_54_58.csv,Viết bài top-list/so sánh; map vào cluster hub; bổ sung schema + ảnh/UGC,B,82.50000000000001,0%,"9,285"
khách sạn aloha hà nội,Khách sạn Hà Nội,Lưu trú,In-scope Hà Nội,Commercial Investigation,50,N/A,N/A,N/A,Planner (Cao),data/google_planner/hanoi/Keyword Stats 2026-02-13 at 11_54_58.csv,Viết bài top-list/so sánh; map vào cluster hub; bổ sung schema + ảnh/UGC,B,82.50000000000001,0%,"12,723"
khách sạn amore hà nội,Khách sạn Hà Nội,Lưu trú,In-scope Hà Nội,Commercial Investigation,50,N/A,N/A,N/A,Planner (Cao),data/google_planner/hanoi/Keyword Stats 2026-02-13 at 11_54_58.csv,Viết bài top-list/so sánh; map vào cluster hub; bổ sung schema + ảnh/UGC,B,82.50000000000001,0%,"21,292"
khách sạn an phú hà nội,Khách sạn Hà Nội,Lưu trú,In-scope Hà Nội,Commercial Investigation,50,N/A,N/A,N/A,Planner (Trung bình),data/google_planner/hanoi/Keyword Stats 2026-02-13 at 11_54_58.csv,Viết bài top-list/so sánh; map vào cluster hub; bổ sung schema + ảnh/UGC,B,82.50000000000001,0%,"6,493"
khách sạn aquarius hà nội,Khách sạn Hà Nội,Lưu trú,In-scope Hà Nội,Commercial Investigation,50,N/A,N/A,N/A,Planner (Trung bình),data/google_planner/hanoi/Keyword Stats 2026-02-13 at 11_54_58.csv,Viết bài top-list/so sánh; map vào cluster hub; bổ sung schema + ảnh/UGC,B,82.50000000000001,0%,"13,890"
khách sạn asean hà nội,Khách sạn Hà Nội,Lưu trú,In-scope Hà Nội,Commercial Investigation,50,N/A,N/A,N/A,Planner (Thấp),data/google_planner/hanoi/Keyword Stats 2026-02-13 at 11_54_58.csv,Viết bài top-list/so sánh; map vào cluster hub; bổ sung schema + ảnh/UGC,B,82.50000000000001,0%,"13,107"
khách sạn ats hà nội,Khách sạn Hà Nội,Lưu trú,In-scope Hà Nội,Commercial Investigation,50,N/A,N/A,N/A,Planner (Trung bình),data/google_planner/hanoi/Keyword Stats 2026-02-13 at 11_54_58.csv,Viết bài top-list/so sánh; map vào cluster hub; bổ sung schema + ảnh/UGC,B,82.50000000000001,0%,"10,451"
khách sạn azumaya hà nội,Khách sạn Hà Nội,Lưu trú,In-scope Hà Nội,Commercial Investigation,50,N/A,N/A,N/A,Planner (Trung bình),data/google_planner/hanoi/Keyword Stats 2026-02-13 at 11_54_58.csv,Viết bài top-list/so sánh; map vào cluster hub; bổ sung schema + ảnh/UGC,B,82.50000000000001,0%,"11,303"
khách sạn bloom hà nội,Khách sạn Hà Nội,Lưu trú,In-scope Hà Nội,Commercial Investigation,50,N/A,N/A,N/A,Planner (Cao),data/google_planner/hanoi/Keyword Stats 2026-02-13 at 11_54_58.csv,Viết bài top-list/so sánh; map vào cluster hub; bổ sung schema + ảnh/UGC,B,82.50000000000001,0%,"17,490"
khách sạn blue 29 giảng võ hà nội,Khách sạn Hà Nội,Lưu trú,In-scope Hà Nội,Commercial Investigation,50,N/A,N/A,N/A,Planner (Trung bình),data/google_planner/hanoi/Keyword Stats 2026-02-13 at 11_54_58.csv,Viết bài top-list/so sánh; map vào cluster hub; bổ sung schema + ảnh/UGC,B,82.50000000000001,0%,"6,305"
khách sạn blue hà nội,Khách sạn Hà Nội,Lưu trú,In-scope Hà Nội,Commercial Investigation,50,N/A,N/A,N/A,Planner (Thấp),data/google_planner/hanoi/Keyword Stats 2026-02-13 at 11_54_58.csv,Viết bài top-list/so sánh; map vào cluster hub; bổ sung schema + ảnh/UGC,B,82.50000000000001,0%,"6,330"
khách sạn bonne nuit hà nội,Khách sạn Hà Nội,Lưu trú,In-scope Hà Nội,Commercial Investigation,50,N/A,N/A,N/A,Planner (Cao),data/google_planner/hanoi/Keyword Stats 2026-02-13 at 11_54_58.csv,Viết bài top-list/so sánh; map vào cluster hub; bổ sung schema + ảnh/UGC,B,82.50000000000001,0%,"8,049"
khách sạn bridge lakeside hà nội,Khách sạn Hà Nội,Lưu trú,In-scope Hà Nội,Commercial Investigation,50,N/A,N/A,N/A,Planner (Trung bình),data/google_planner/hanoi/Keyword Stats 2026-02-13 at 11_54_58.csv,Viết bài top-list/so sánh; map vào cluster hub; bổ sung schema + ảnh/UGC,B,82.50000000000001,0%,"16,119"
khách sạn brilliant hà nội,Khách sạn Hà Nội,Lưu trú,In-scope Hà Nội,Commercial Investigation,50,N/A,N/A,N/A,Planner (Cao),data/google_planner/hanoi/Keyword Stats 2026-02-13 at 11_54_58.csv,Viết bài top-list/so sánh; map vào cluster hub; bổ sung schema + ảnh/UGC,B,82.50000000000001,0%,"9,586"
khách sạn bình minh hà nội,Khách sạn Hà Nội,Lưu trú,In-scope Hà Nội,Commercial Investigation,50,N/A,N/A,N/A,Planner (Trung bình),data/google_planner/hanoi/Keyword Stats 2026-02-13 at 11_54_58.csv,Viết bài top-list/so sánh; map vào cluster hub; bổ sung schema + ảnh/UGC,B,82.50000000000001,0%,"10,034"
khách sạn bùi thị xuân hà nội,Khách sạn Hà Nội,Lưu trú,In-scope Hà Nội,Commercial Investigation,50,N/A,N/A,N/A,Planner (Cao),data/google_planner/hanoi/Keyword Stats 2026-02-13 at 11_54_58.csv,Viết bài top-list/so sánh; map vào cluster hub; bổ sung schema + ảnh/UGC,B,82.50000000000001,-90.0%,"7,332"
khách sạn bưu điện hà nội,Khách sạn Hà Nội,Lưu trú,In-scope Hà Nội,Commercial Investigation,50,N/A,N/A,N/A,Planner (Cao),data/google_planner/hanoi/Keyword Stats 2026-02-13 at 11_54_58.csv,Viết bài top-list/so sánh; map vào cluster hub; bổ sung schema + ảnh/UGC,B,82.50000000000001,0%,"11,793"
khách sạn bạch dương hà nội,Khách sạn Hà Nội,Lưu trú,In-scope Hà Nội,Commercial Investigation,50,N/A,N/A,N/A,Planner (Thấp),data/google_planner/hanoi/Keyword Stats 2026-02-13 at 11_54_58.csv,Viết bài top-list/so sánh; map vào cluster hub; bổ sung schema + ảnh/UGC,B,82.50000000000001,-90.0%,"12,336"
khách sạn bảo khánh hà nội,Khách sạn Hà Nội,Lưu trú,In-scope Hà Nội,Commercial Investigation,50,N/A,N/A,N/A,Planner (Cao),data/google_planner/hanoi/Keyword Stats 2026-02-13 at 11_54_58.csv,Viết bài top-list/so sánh; map vào cluster hub; bổ sung schema + ảnh/UGC,B,82.50000000000001,0%,"11,425"
khách sạn bảo sơn đường nguyễn chí thanh hà nội,Khách sạn Hà Nội,Lưu trú,In-scope Hà Nội,Commercial Investigation,50,N/A,N/A,N/A,Planner (Cao),data/google_planner/hanoi/Keyword Stats 2026-02-13 at 11_54_58.csv,Viết bài top-list/so sánh; map vào cluster hub; bổ sung schema + ảnh/UGC,B,82.50000000000001,0%,"5,700"
khách sạn cao cấp hà nội,Khách sạn Hà Nội,Lưu trú,In-scope Hà Nội,Commercial Investigation,50,N/A,N/A,N/A,Planner (Cao),data/google_planner/hanoi/Keyword Stats 2026-02-13 at 11_54_58.csv,Viết bài top-list/so sánh; map vào cluster hub; bổ sung schema + ảnh/UGC,B,82.50000000000001,0%,"8,309"
khách sạn cao cấp nhất hà nội,Khách sạn Hà Nội,Lưu trú,In-scope Hà Nội,Commercial Investigation,50,N/A,N/A,N/A,Planner (Cao),data/google_planner/hanoi/Keyword Stats 2026-02-13 at 11_54_58.csv,Viết bài top-list/so sánh; map vào cluster hub; bổ sung schema + ảnh/UGC,B,82.50000000000001,0%,"11,347"
khách sạn cao nhất hà nội,Khách sạn Hà Nội,Lưu trú,In-scope Hà Nội,Commercial Investigation,50,N/A,N/A,N/A,Planner (Cao),data/google_planner/hanoi/Keyword Stats 2026-02-13 at 11_54_58.csv,Viết bài top-list/so sánh; map vào cluster hub; bổ sung schema + ảnh/UGC,B,82.50000000000001,0%,"11,944"
khách sạn capella hanoi,Khách sạn Hà Nội,Lưu trú,In-scope Hà Nội,Commercial Investigation,50,N/A,N/A,N/A,Planner (Trung bình),data/google_planner/hanoi/Keyword Stats 2026-02-13 at 11_54_58.csv,Viết bài top-list/so sánh; map vào cluster hub; bổ sung schema + ảnh/UGC,B,82.50000000000001,0%,"6,491"
khách sạn centre point hà nội,Khách sạn Hà Nội,Lưu trú,In-scope Hà Nội,Commercial Investigation,50,N/A,N/A,N/A,Planner (Cao),data/google_planner/hanoi/Keyword Stats 2026-02-13 at 11_54_58.csv,Viết bài top-list/so sánh; map vào cluster hub; bổ sung schema + ảnh/UGC,B,82.50000000000001,0%,"17,403"
khách sạn chalcedony hà nội,Khách sạn Hà Nội,Lưu trú,In-scope Hà Nội,Commercial Investigation,50,N/A,N/A,N/A,Planner (Cao),data/google_planner/hanoi/Keyword Stats 2026-02-13 at 11_54_58.csv,Viết bài top-list/so sánh; map vào cluster hub; bổ sung schema + ảnh/UGC,B,82.50000000000001,0%,"7,052"
khách sạn chủ đề hà nội,Khách sạn Hà Nội,Lưu trú,In-scope Hà Nội,Commercial Investigation,50,N/A,N/A,N/A,Planner (Cao),data/google_planner/hanoi/Keyword Stats 2026-02-13 at 11_54_58.csv,Viết bài top-list/so sánh; map vào cluster hub; bổ sung schema + ảnh/UGC,B,82.50000000000001,0%,"31,159"
khách sạn cititel hà nội,Khách sạn Hà Nội,Lưu trú,In-scope Hà Nội,Commercial Investigation,50,N/A,N/A,N/A,Planner (Trung bình),data/google_planner/hanoi/Keyword Stats 2026-02-13 at 11_54_58.csv,Viết bài top-list/so sánh; map vào cluster hub; bổ sung schema + ảnh/UGC,B,82.50000000000001,-90.0%,"10,719"
khách sạn classic street hà nội,Khách sạn Hà Nội,Lưu trú,In-scope Hà Nội,Commercial Investigation,50,N/A,N/A,N/A,Planner (Cao),data/google_planner/hanoi/Keyword Stats 2026-02-13 at 11_54_58.csv,Viết bài top-list/so sánh; map vào cluster hub; bổ sung schema + ảnh/UGC,B,82.50000000000001,0%,"17,573"
khách sạn con nhộng hà nội,Khách sạn Hà Nội,Lưu trú,In-scope Hà Nội,Commercial Investigation,50,N/A,N/A,N/A,Planner (Trung bình),data/google_planner/hanoi/Keyword Stats 2026-02-13 at 11_54_58.csv,Viết bài top-list/so sánh; map vào cluster hub; bổ sung schema + ảnh/UGC,B,82.50000000000001,0%,"16,523"
khách sạn con nhộng ở hà nội,Khách sạn Hà Nội,Lưu trú,In-scope Hà Nội,Commercial Investigation,50,N/A,N/A,N/A,Planner (Trung bình),data/google_planner/hanoi/Keyword Stats 2026-02-13 at 11_54_58.csv,Viết bài top-list/so sánh; map vào cluster hub; bổ sung schema + ảnh/UGC,B,82.50000000000001,0%,"15,115"
khách sạn conifer hà nội,Khách sạn Hà Nội,Lưu trú,In-scope Hà Nội,Commercial Investigation,50,N/A,N/A,N/A,Planner (Cao),data/google_planner/hanoi/Keyword Stats 2026-02-13 at 11_54_58.csv,Viết bài top-list/so sánh; map vào cluster hub; bổ sung schema + ảnh/UGC,B,82.50000000000001,0%,"20,533"
khách sạn crowne plaza hà nội,Khách sạn Hà Nội,Lưu trú,In-scope Hà Nội,Commercial Investigation,50,N/A,N/A,N/A,Planner (Trung bình),data/google_planner/hanoi/Keyword Stats 2026-02-13 at 11_54_58.csv,Viết bài top-list/so sánh; map vào cluster hub; bổ sung schema + ảnh/UGC,B,82.50000000000001,-90.0%,"12,463"
khách sạn cwd hà nội,Khách sạn Hà Nội,Lưu trú,In-scope Hà Nội,Commercial Investigation,50,N/A,N/A,N/A,Planner (Trung bình),data/google_planner/hanoi/Keyword Stats 2026-02-13 at 11_54_58.csv,Viết bài top-list/so sánh; map vào cluster hub; bổ sung schema + ảnh/UGC,B,82.50000000000001,0%,"6,273"
khách sạn cây xoài hà nội,Khách sạn Hà Nội,Lưu trú,In-scope Hà Nội,Commercial Investigation,50,N/A,N/A,N/A,Planner (Cao),data/google_planner/hanoi/Keyword Stats 2026-02-13 at 11_54_58.csv,Viết bài top-list/so sánh; map vào cluster hub; bổ sung schema + ảnh/UGC,B,82.50000000000001,0%,"11,165"
khách sạn có bồn tắm hà nội,Khách sạn Hà Nội,Lưu trú,In-scope Hà Nội,Commercial Investigation,50,N/A,N/A,N/A,Planner (Cao),data/google_planner/hanoi/Keyword Stats 2026-02-13 at 11_54_58.csv,Viết bài top-list/so sánh; map vào cluster hub; bổ sung schema + ảnh/UGC,B,82.50000000000001,0%,"21,110"
khách sạn có bồn tắm tại hà nội,Khách sạn Hà Nội,Lưu trú,In-scope Hà Nội,Commercial Investigation,50,N/A,N/A,N/A,Planner (Cao),data/google_planner/hanoi/Keyword Stats 2026-02-13 at 11_54_58.csv,Viết bài top-list/so sánh; map vào cluster hub; bổ sung schema + ảnh/UGC,B,82.50000000000001,0%,"13,530"
khách sạn có bồn tắm đẹp hà nội,Khách sạn Hà Nội,Lưu trú,In-scope Hà Nội,Commercial Investigation,50,N/A,N/A,N/A,Planner (Cao),data/google_planner/hanoi/Keyword Stats 2026-02-13 at 11_54_58.csv,Viết bài top-list/so sánh; map vào cluster hub; bổ sung schema + ảnh/UGC,B,82.50000000000001,0%,"13,550"
khách sạn có netflix hà nội,Khách sạn Hà Nội,Lưu trú,In-scope Hà Nội,Commercial Investigation,50,N/A,N/A,N/A,Planner (Cao),data/google_planner/hanoi/Keyword Stats 2026-02-13 at 11_54_58.csv,Viết bài top-list/so sánh; map vào cluster hub; bổ sung schema + ảnh/UGC,B,82.50000000000001,0%,"6,108"
khách sạn có phòng họp tại hà nội,Khách sạn Hà Nội,Lưu trú,In-scope Hà Nội,Commercial Investigation,50,N/A,N/A,N/A,Planner (Cao),data/google_planner/hanoi/Keyword Stats 2026-02-13 at 11_54_58.csv,Viết bài top-list/so sánh; map vào cluster hub; bổ sung schema + ảnh/UGC,B,82.50000000000001,0%,"27,597"
khách sạn có view đẹp ở hà nội,Khách sạn Hà Nội,Lưu trú,In-scope Hà Nội,Commercial Investigation,50,N/A,N/A,N/A,Planner (Cao),data/google_planner/hanoi/Keyword Stats 2026-02-13 at 11_54_58.csv,Viết bài top-list/so sánh; map vào cluster hub; bổ sung schema + ảnh/UGC,B,82.50000000000001,0%,"6,614"
khách sạn có đồ cosplay hà nội,Khách sạn Hà Nội,Lưu trú,In-scope Hà Nội,Commercial Investigation,50,N/A,N/A,N/A,Planner (Thấp),data/google_planner/hanoi/Keyword Stats 2026-02-13 at 11_54_58.csv,Viết bài top-list/so sánh; map vào cluster hub; bổ sung schema + ảnh/UGC,B,82.50000000000001,0%,"5,169"
khách sạn căn hộ hà nội,Khách sạn Hà Nội,Lưu trú,In-scope Hà Nội,Commercial Investigation,50,N/A,N/A,N/A,Planner (Cao),data/google_planner/hanoi/Keyword Stats 2026-02-13 at 11_54_58.csv,Viết bài top-list/so sánh; map vào cluster hub; bổ sung schema + ảnh/UGC,B,82.50000000000001,0%,"19,483"
khách sạn cầu gỗ hà nội,Khách sạn Hà Nội,Lưu trú,In-scope Hà Nội,Commercial Investigation,50,N/A,N/A,N/A,Planner (Cao),data/google_planner/hanoi/Keyword Stats 2026-02-13 at 11_54_58.csv,Viết bài top-list/so sánh; map vào cluster hub; bổ sung schema + ảnh/UGC,B,82.50000000000001,-90.0%,"13,048"
khách sạn cặp đôi hà nội,Khách sạn Hà Nội,Lưu trú,In-scope Hà Nội,Commercial Investigation,50,N/A,N/A,N/A,Planner (Cao),data/google_planner/hanoi/Keyword Stats 2026-02-13 at 11_54_58.csv,Viết bài top-list/so sánh; map vào cluster hub; bổ sung schema + ảnh/UGC,B,82.50000000000001,0%,"9,465"
khách sạn cửa đông hà nội,Khách sạn Hà Nội,Lưu trú,In-scope Hà Nội,Commercial Investigation,50,N/A,N/A,N/A,Planner (Cao),data/google_planner/hanoi/Keyword Stats 2026-02-13 at 11_54_58.csv,Viết bài top-list/so sánh; map vào cluster hub; bổ sung schema + ảnh/UGC,B,82.50000000000001,0%,"18,371"
khách sạn de l opera hà nội,Khách sạn Hà Nội,Lưu trú,In-scope Hà Nội,Commercial Investigation,50,N/A,N/A,N/A,Planner (Trung bình),data/google_planner/hanoi/Keyword Stats 2026-02-13 at 11_54_58.csv,Viết bài top-list/so sánh; map vào cluster hub; bổ sung schema + ảnh/UGC,B,82.50000000000001,0%,"32,851"
khách sạn de la seine hà nội,Khách sạn Hà Nội,Lưu trú,In-scope Hà Nội,Commercial Investigation,50,N/A,N/A,N/A,Planner (Cao),data/google_planner/hanoi/Keyword Stats 2026-02-13 at 11_54_58.csv,Viết bài top-list/so sánh; map vào cluster hub; bổ sung schema + ảnh/UGC,B,82.50000000000001,0%,"11,228"
khách sạn diamond hà nội,Khách sạn Hà Nội,Lưu trú,In-scope Hà Nội,Commercial Investigation,50,N/A,N/A,N/A,Planner (Thấp),data/google_planner/hanoi/Keyword Stats 2026-02-13 at 11_54_58.csv,Viết bài top-list/so sánh; map vào cluster hub; bổ sung schema + ảnh/UGC,B,82.50000000000001,0%,"17,381"
khách sạn diamond king hà nội,Khách sạn Hà Nội,Lưu trú,In-scope Hà Nội,Commercial Investigation,50,N/A,N/A,N/A,Planner (Cao),data/google_planner/hanoi/Keyword Stats 2026-02-13 at 11_54_58.csv,Viết bài top-list/so sánh; map vào cluster hub; bổ sung schema + ảnh/UGC,B,82.50000000000001,0%,"16,231"
khách sạn dolce hà nội,Khách sạn Hà Nội,Lưu trú,In-scope Hà Nội,Commercial Investigation,50,N/A,N/A,N/A,Planner (Trung bình),data/google_planner/hanoi/Keyword Stats 2026-02-13 at 11_54_58.csv,Viết bài top-list/so sánh; map vào cluster hub; bổ sung schema + ảnh/UGC,B,82.50000000000001,0%,"9,914"
khách sạn dragon hà nội,Khách sạn Hà Nội,Lưu trú,In-scope Hà Nội,Commercial Investigation,50,N/A,N/A,N/A,Planner (Thấp),data/google_planner/hanoi/Keyword Stats 2026-02-13 at 11_54_58.csv,Viết bài top-list/so sánh; map vào cluster hub; bổ sung schema + ảnh/UGC,B,82.50000000000001,-90.0%,"10,906"
khách sạn dream hà nội,Khách sạn Hà Nội,Lưu trú,In-scope Hà Nội,Commercial Investigation,50,N/A,N/A,N/A,Planner (Trung bình),data/google_planner/hanoi/Keyword Stats 2026-02-13 at 11_54_58.csv,Viết bài top-list/so sánh; map vào cluster hub; bổ sung schema + ảnh/UGC,B,82.50000000000001,0%,"11,267"
khách sạn duy tân hà nội,Khách sạn Hà Nội,Lưu trú,In-scope Hà Nội,Commercial Investigation,50,N/A,N/A,N/A,Planner (Cao),data/google_planner/hanoi/Keyword Stats 2026-02-13 at 11_54_58.csv,Viết bài top-list/so sánh; map vào cluster hub; bổ sung schema + ảnh/UGC,B,82.50000000000001,0%,"11,785"
khách sạn dát vàng ở hà nội địa chỉ,Khách sạn Hà Nội,Lưu trú,In-scope Hà Nội,Transaction,50,N/A,N/A,N/A,Planner (Thấp),data/google_planner/hanoi/Keyword Stats 2026-02-13 at 11_54_58.csv,"Tạo landing chuyển đổi (giá/vé/đặt chỗ), gom vào cluster page + build backlink nội bộ",B,82.50000000000001,-90.0%,"7,790"
khách sạn eclipse legend hà nội,Khách sạn Hà Nội,Lưu trú,In-scope Hà Nội,Commercial Investigation,50,N/A,N/A,N/A,Planner (Cao),data/google_planner/hanoi/Keyword Stats 2026-02-13 at 11_54_58.csv,Viết bài top-list/so sánh; map vào cluster hub; bổ sung schema + ảnh/UGC,B,82.50000000000001,0%,"13,955"
khách sạn eco luxury hà nội,Khách sạn Hà Nội,Lưu trú,In-scope Hà Nội,Commercial Investigation,50,N/A,N/A,N/A,Planner (Trung bình),data/google_planner/hanoi/Keyword Stats 2026-02-13 at 11_54_58.csv,Viết bài top-list/so sánh; map vào cluster hub; bổ sung schema + ảnh/UGC,B,82.50000000000001,0%,"11,151"
khách sạn emerald water hà nội,Khách sạn Hà Nội,Lưu trú,In-scope Hà Nội,Commercial Investigation,50,N/A,N/A,N/A,Planner (Trung bình),data/google_planner/hanoi/Keyword Stats 2026-02-13 at 11_54_58.csv,Viết bài top-list/so sánh; map vào cluster hub; bổ sung schema + ảnh/UGC,B,82.50000000000001,0%,"10,472"
khách sạn emotion hà nội,Khách sạn Hà Nội,Lưu trú,In-scope Hà Nội,Commercial Investigation,50,N/A,N/A,N/A,Planner (Trung bình),data/google_planner/hanoi/Keyword Stats 2026-02-13 at 11_54_58.csv,Viết bài top-list/so sánh; map vào cluster hub; bổ sung schema + ảnh/UGC,B,82.50000000000001,0%,"11,425"
khách sạn everest hà nội,Khách sạn Hà Nội,Lưu trú,In-scope Hà Nội,Commercial Investigation,50,N/A,N/A,N/A,Planner (Cao),data/google_planner/hanoi/Keyword Stats 2026-02-13 at 11_54_58.csv,Viết bài top-list/so sánh; map vào cluster hub; bổ sung schema + ảnh/UGC,B,82.50000000000001,0%,"12,723"
khách sạn first eden hà nội,Khách sạn Hà Nội,Lưu trú,In-scope Hà Nội,Commercial Investigation,50,N/A,N/A,N/A,Planner (Trung bình),data/google_planner/hanoi/Keyword Stats 2026-02-13 at 11_54_58.csv,Viết bài top-list/so sánh; map vào cluster hub; bổ sung schema + ảnh/UGC,B,82.50000000000001,0%,"10,302"
khách sạn fortuna hà nội địa chỉ,Khách sạn Hà Nội,Lưu trú,In-scope Hà Nội,Commercial Investigation,50,N/A,N/A,N/A,Planner (Thấp),data/google_planner/hanoi/Keyword Stats 2026-02-13 at 11_54_58.csv,Viết bài top-list/so sánh; map vào cluster hub; bổ sung schema + ảnh/UGC,B,82.50000000000001,-90.0%,"4,730"
khách sạn fraser suites hà nội,Khách sạn Hà Nội,Lưu trú,In-scope Hà Nội,Commercial Investigation,50,N/A,N/A,N/A,Planner (Trung bình),data/google_planner/hanoi/Keyword Stats 2026-02-13 at 11_54_58.csv,Viết bài top-list/so sánh; map vào cluster hub; bổ sung schema + ảnh/UGC,B,82.50000000000001,0%,"13,910"
khách sạn ga hà nội,Khách sạn Hà Nội,Lưu trú,In-scope Hà Nội,Commercial Investigation,50,N/A,N/A,N/A,Planner (Cao),data/google_planner/hanoi/Keyword Stats 2026-02-13 at 11_54_58.csv,Viết bài top-list/so sánh; map vào cluster hub; bổ sung schema + ảnh/UGC,B,82.50000000000001,0%,"13,579"
khách sạn gallant hà nội,Khách sạn Hà Nội,Lưu trú,In-scope Hà Nội,Commercial Investigation,50,N/A,N/A,N/A,Planner (Cao),data/google_planner/hanoi/Keyword Stats 2026-02-13 at 11_54_58.csv,Viết bài top-list/so sánh; map vào cluster hub; bổ sung schema + ảnh/UGC,B,82.50000000000001,0%,"11,799"
khách sạn gatsby hà nội,Khách sạn Hà Nội,Lưu trú,In-scope Hà Nội,Commercial Investigation,50,N/A,N/A,N/A,Planner (Cao),data/google_planner/hanoi/Keyword Stats 2026-02-13 at 11_54_58.csv,Viết bài top-list/so sánh; map vào cluster hub; bổ sung schema + ảnh/UGC,B,82.50000000000001,0%,"16,486"
khách sạn giá rẻ quận ba đình hà nội,Khách sạn Hà Nội,Lưu trú,In-scope Hà Nội,Transaction,50,N/A,N/A,N/A,Planner (Trung bình),data/google_planner/hanoi/Keyword Stats 2026-02-13 at 11_54_58.csv,"Tạo landing chuyển đổi (giá/vé/đặt chỗ), gom vào cluster page + build backlink nội bộ",B,82.50000000000001,-90.0%,"47,271"
khách sạn giá rẻ quận hai bà trưng hà nội,Khách sạn Hà Nội,Lưu trú,In-scope Hà Nội,Transaction,50,N/A,N/A,N/A,Planner (Cao),data/google_planner/hanoi/Keyword Stats 2026-02-13 at 11_54_58.csv,"Tạo landing chuyển đổi (giá/vé/đặt chỗ), gom vào cluster page + build backlink nội bộ",B,82.50000000000001,0%,"12,195"
khách sạn golden hà nội,Khách sạn Hà Nội,Lưu trú,In-scope Hà Nội,Commercial Investigation,50,N/A,N/A,N/A,Planner (Trung bình),data/google_planner/hanoi/Keyword Stats 2026-02-13 at 11_54_58.csv,Viết bài top-list/so sánh; map vào cluster hub; bổ sung schema + ảnh/UGC,B,82.50000000000001,-90.0%,"12,723"
khách sạn golden lake hà nội,Khách sạn Hà Nội,Lưu trú,In-scope Hà Nội,Commercial Investigation,50,N/A,N/A,N/A,Planner (Trung bình),data/google_planner/hanoi/Keyword Stats 2026-02-13 at 11_54_58.csv,Viết bài top-list/so sánh; map vào cluster hub; bổ sung schema + ảnh/UGC,B,82.50000000000001,0%,"14,786"
khách sạn golden lotus hà nội,Khách sạn Hà Nội,Lưu trú,In-scope Hà Nội,Commercial Investigation,50,N/A,N/A,N/A,Planner (Thấp),data/google_planner/hanoi/Keyword Stats 2026-02-13 at 11_54_58.csv,Viết bài top-list/so sánh; map vào cluster hub; bổ sung schema + ảnh/UGC,B,82.50000000000001,0%,"10,814"
khách sạn golden rooster hà nội,Khách sạn Hà Nội,Lưu trú,In-scope Hà Nội,Commercial Investigation,50,N/A,N/A,N/A,Planner (Cao),data/google_planner/hanoi/Keyword Stats 2026-02-13 at 11_54_58.csv,Viết bài top-list/so sánh; map vào cluster hub; bổ sung schema + ảnh/UGC,B,82.50000000000001,0%,"9,774"
khách sạn golden silk boutique hà nội,Khách sạn Hà Nội,Lưu trú,In-scope Hà Nội,Commercial Investigation,50,N/A,N/A,N/A,Planner (Cao),data/google_planner/hanoi/Keyword Stats 2026-02-13 at 11_54_58.csv,Viết bài top-list/so sánh; map vào cluster hub; bổ sung schema + ảnh/UGC,B,82.50000000000001,0%,"14,541"
khách sạn grand dragon hà nội,Khách sạn Hà Nội,Lưu trú,In-scope Hà Nội,Commercial Investigation,50,N/A,N/A,N/A,Planner (Cao),data/google_planner/hanoi/Keyword Stats 2026-02-13 at 11_54_58.csv,Viết bài top-list/so sánh; map vào cluster hub; bổ sung schema + ảnh/UGC,B,82.50000000000001,0%,"19,630"
khách sạn grand plaza hà nội 117 trần duy hưng,Khách sạn Hà Nội,Lưu trú,In-scope Hà Nội,Commercial Investigation,50,N/A,N/A,N/A,Planner (Trung bình),data/google_planner/hanoi/Keyword Stats 2026-02-13 at 11_54_58.csv,Viết bài top-list/so sánh; map vào cluster hub; bổ sung schema + ảnh/UGC,B,82.50000000000001,0%,"26,831"
khách sạn grand vista hanoi,Khách sạn Hà Nội,Lưu trú,In-scope Hà Nội,Commercial Investigation,50,N/A,N/A,N/A,Planner (Cao),data/google_planner/hanoi/Keyword Stats 2026-02-13 at 11_54_58.csv,Viết bài top-list/so sánh; map vào cluster hub; bổ sung schema + ảnh/UGC,B,82.50000000000001,0%,"12,410"
khách sạn gần bách khoa hà nội,Khách sạn Hà Nội,Lưu trú,In-scope Hà Nội,Commercial Investigation,50,N/A,N/A,N/A,Planner (Cao),data/google_planner/hanoi/Keyword Stats 2026-02-13 at 11_54_58.csv,Viết bài top-list/so sánh; map vào cluster hub; bổ sung schema + ảnh/UGC,B,82.50000000000001,0%,"24,408"
khách sạn gần bệnh viện bạch mai hà nội,Khách sạn Hà Nội,Lưu trú,In-scope Hà Nội,Commercial Investigation,50,N/A,N/A,N/A,Planner (Cao),data/google_planner/hanoi/Keyword Stats 2026-02-13 at 11_54_58.csv,Viết bài top-list/so sánh; map vào cluster hub; bổ sung schema + ảnh/UGC,B,82.50000000000001,0%,"16,490"
khách sạn gần bệnh viện nam học hà nội,Khách sạn Hà Nội,Lưu trú,In-scope Hà Nội,Commercial Investigation,50,N/A,N/A,N/A,Planner (Cao),data/google_planner/hanoi/Keyword Stats 2026-02-13 at 11_54_58.csv,Viết bài top-list/so sánh; map vào cluster hub; bổ sung schema + ảnh/UGC,B,82.50000000000001,0%,"11,280"
khách sạn gần bệnh viện nhi trung ương hà nội,Khách sạn Hà Nội,Lưu trú,In-scope Hà Nội,Commercial Investigation,50,N/A,N/A,N/A,Planner (Cao),data/google_planner/hanoi/Keyword Stats 2026-02-13 at 11_54_58.csv,Viết bài top-list/so sánh; map vào cluster hub; bổ sung schema + ảnh/UGC,B,82.50000000000001,0%,"16,779"
khách sạn gần bệnh viện tâm anh hà nội,Khách sạn Hà Nội,Lưu trú,In-scope Hà Nội,Commercial Investigation,50,N/A,N/A,N/A,Planner (Cao),data/google_planner/hanoi/Keyword Stats 2026-02-13 at 11_54_58.csv,Viết bài top-list/so sánh; map vào cluster hub; bổ sung schema + ảnh/UGC,B,82.50000000000001,-90.0%,"12,204"
khách sạn gần bệnh viện việt đức hà nội,Khách sạn Hà Nội,Lưu trú,In-scope Hà Nội,Commercial Investigation,50,N/A,N/A,N/A,Planner (Cao),data/google_planner/hanoi/Keyword Stats 2026-02-13 at 11_54_58.csv,Viết bài top-list/so sánh; map vào cluster hub; bổ sung schema + ảnh/UGC,B,82.50000000000001,0%,"9,607"
khách sạn gần times city hà nội,Khách sạn Hà Nội,Lưu trú,In-scope Hà Nội,Commercial Investigation,50,N/A,N/A,N/A,Planner (Trung bình),data/google_planner/hanoi/Keyword Stats 2026-02-13 at 11_54_58.csv,Viết bài top-list/so sánh; map vào cluster hub; bổ sung schema + ảnh/UGC,B,82.50000000000001,0%,"19,865"
khách sạn gần vincom bà triệu hà nội,Khách sạn Hà Nội,Lưu trú,In-scope Hà Nội,Commercial Investigation,50,N/A,N/A,N/A,Planner (Cao),data/google_planner/hanoi/Keyword Stats 2026-02-13 at 11_54_58.csv,Viết bài top-list/so sánh; map vào cluster hub; bổ sung schema + ảnh/UGC,B,82.50000000000001,0%,"8,569"
khách sạn gần đại học quốc gia hà nội,Khách sạn Hà Nội,Lưu trú,In-scope Hà Nội,Transaction,50,N/A,N/A,N/A,Planner (Cao),data/google_planner/hanoi/Keyword Stats 2026-02-13 at 11_54_58.csv,"Tạo landing chuyển đổi (giá/vé/đặt chỗ), gom vào cluster page + build backlink nội bộ",B,82.50000000000001,0%,"33,529"
khách sạn halais hà nội,Khách sạn Hà Nội,Lưu trú,In-scope Hà Nội,Commercial Investigation,50,N/A,N/A,N/A,Planner (Cao),data/google_planner/hanoi/Keyword Stats 2026-02-13 at 11_54_58.csv,Viết bài top-list/so sánh; map vào cluster hub; bổ sung schema + ảnh/UGC,B,82.50000000000001,0%,"21,243"
khách sạn halo hà nội,Khách sạn Hà Nội,Lưu trú,In-scope Hà Nội,Commercial Investigation,50,N/A,N/A,N/A,Planner (Trung bình),data/google_planner/hanoi/Keyword Stats 2026-02-13 at 11_54_58.csv,Viết bài top-list/so sánh; map vào cluster hub; bổ sung schema + ảnh/UGC,B,82.50000000000001,0%,"19,183"
khách sạn hanoi club,Khách sạn Hà Nội,Lưu trú,In-scope Hà Nội,Commercial Investigation,50,N/A,N/A,N/A,Planner (Cao),data/google_planner/hanoi/Keyword Stats 2026-02-13 at 11_54_58.csv,Viết bài top-list/so sánh; map vào cluster hub; bổ sung schema + ảnh/UGC,B,82.50000000000001,0%,"6,407"
khách sạn hanvet hà nội,Khách sạn Hà Nội,Lưu trú,In-scope Hà Nội,Commercial Investigation,50,N/A,N/A,N/A,Planner (Trung bình),data/google_planner/hanoi/Keyword Stats 2026-02-13 at 11_54_58.csv,Viết bài top-list/so sánh; map vào cluster hub; bổ sung schema + ảnh/UGC,B,82.50000000000001,-90.0%,"18,455"
khách sạn heritage hà nội,Khách sạn Hà Nội,Lưu trú,In-scope Hà Nội,Commercial Investigation,50,N/A,N/A,N/A,Planner (Thấp),data/google_planner/hanoi/Keyword Stats 2026-02-13 at 11_54_58.csv,Viết bài top-list/so sánh; map vào cluster hub; bổ sung schema + ảnh/UGC,B,82.50000000000001,0%,"12,514"
khách sạn hilton garden inn hà nội,Khách sạn Hà Nội,Lưu trú,In-scope Hà Nội,Commercial Investigation,50,N/A,N/A,N/A,Planner (Trung bình),data/google_planner/hanoi/Keyword Stats 2026-02-13 at 11_54_58.csv,Viết bài top-list/so sánh; map vào cluster hub; bổ sung schema + ảnh/UGC,B,82.50000000000001,0%,"18,176"
khách sạn hilton opera hà nội,Khách sạn Hà Nội,Lưu trú,In-scope Hà Nội,Commercial Investigation,50,N/A,N/A,N/A,Planner (Thấp),data/google_planner/hanoi/Keyword Stats 2026-02-13 at 11_54_58.csv,Viết bài top-list/so sánh; map vào cluster hub; bổ sung schema + ảnh/UGC,B,82.50000000000001,0%,"10,646"
khách sạn hm boutique hà nội,Khách sạn Hà Nội,Lưu trú,In-scope Hà Nội,Commercial Investigation,50,N/A,N/A,N/A,Planner (Cao),data/google_planner/hanoi/Keyword Stats 2026-02-13 at 11_54_58.csv,Viết bài top-list/so sánh; map vào cluster hub; bổ sung schema + ảnh/UGC,B,82.50000000000001,0%,"11,317"
khách sạn horison hà nội,Khách sạn Hà Nội,Lưu trú,In-scope Hà Nội,Commercial Investigation,50,N/A,N/A,N/A,Planner (Thấp),data/google_planner/hanoi/Keyword Stats 2026-02-13 at 11_54_58.csv,Viết bài top-list/so sánh; map vào cluster hub; bổ sung schema + ảnh/UGC,B,82.50000000000001,-90.0%,"9,141"
khách sạn hoàng cầu hà nội,Khách sạn Hà Nội,Lưu trú,In-scope Hà Nội,Commercial Investigation,50,N/A,N/A,N/A,Planner (Cao),data/google_planner/hanoi/Keyword Stats 2026-02-13 at 11_54_58.csv,Viết bài top-list/so sánh; map vào cluster hub; bổ sung schema + ảnh/UGC,B,82.50000000000001,0%,"11,606"
khách sạn hoàng long hà nội,Khách sạn Hà Nội,Lưu trú,In-scope Hà Nội,Commercial Investigation,50,N/A,N/A,N/A,Planner (Thấp),data/google_planner/hanoi/Keyword Stats 2026-02-13 at 11_54_58.csv,Viết bài top-list/so sánh; map vào cluster hub; bổ sung schema + ảnh/UGC,B,82.50000000000001,0%,"10,386"
khách sạn hoàng quốc việt hà nội,Khách sạn Hà Nội,Lưu trú,In-scope Hà Nội,Commercial Investigation,50,N/A,N/A,N/A,Planner (Trung bình),data/google_planner/hanoi/Keyword Stats 2026-02-13 at 11_54_58.csv,Viết bài top-list/so sánh; map vào cluster hub; bổ sung schema + ảnh/UGC,B,82.50000000000001,0%,"16,430"
khách sạn hà nội center silk,Khách sạn Hà Nội,Lưu trú,In-scope Hà Nội,Commercial Investigation,50,N/A,N/A,N/A,Planner (Cao),data/google_planner/hanoi/Keyword Stats 2026-02-13 at 11_54_58.csv,Viết bài top-list/so sánh; map vào cluster hub; bổ sung schema + ảnh/UGC,B,82.50000000000001,0%,"17,447"
khách sạn hà nội club,Khách sạn Hà Nội,Lưu trú,In-scope Hà Nội,Commercial Investigation,50,N/A,N/A,N/A,Planner (Trung bình),data/google_planner/hanoi/Keyword Stats 2026-02-13 at 11_54_58.csv,Viết bài top-list/so sánh; map vào cluster hub; bổ sung schema + ảnh/UGC,B,82.50000000000001,0%,"12,204"
khách sạn hà nội có bồn tắm,Khách sạn Hà Nội,Lưu trú,In-scope Hà Nội,Commercial Investigation,50,N/A,N/A,N/A,Planner (Cao),data/google_planner/hanoi/Keyword Stats 2026-02-13 at 11_54_58.csv,Viết bài top-list/so sánh; map vào cluster hub; bổ sung schema + ảnh/UGC,B,82.50000000000001,0%,"10,893"
khách sạn hà nội emotion,Khách sạn Hà Nội,Lưu trú,In-scope Hà Nội,Commercial Investigation,50,N/A,N/A,N/A,Planner (Cao),data/google_planner/hanoi/Keyword Stats 2026-02-13 at 11_54_58.csv,Viết bài top-list/so sánh; map vào cluster hub; bổ sung schema + ảnh/UGC,B,82.50000000000001,0%,"11,886"
khách sạn hà nội golden lake,Khách sạn Hà Nội,Lưu trú,In-scope Hà Nội,Commercial Investigation,50,N/A,N/A,N/A,Planner (Trung bình),data/google_planner/hanoi/Keyword Stats 2026-02-13 at 11_54_58.csv,Viết bài top-list/so sánh; map vào cluster hub; bổ sung schema + ảnh/UGC,B,82.50000000000001,0%,"6,263"
khách sạn hà nội hoàng việt,Khách sạn Hà Nội,Lưu trú,In-scope Hà Nội,Commercial Investigation,50,N/A,N/A,N/A,Planner (Cao),data/google_planner/hanoi/Keyword Stats 2026-02-13 at 11_54_58.csv,Viết bài top-list/so sánh; map vào cluster hub; bổ sung schema + ảnh/UGC,B,82.50000000000001,0%,"26,421"
khách sạn hà nội vàng,Khách sạn Hà Nội,Lưu trú,In-scope Hà Nội,Commercial Investigation,50,N/A,N/A,N/A,Planner (Thấp),data/google_planner/hanoi/Keyword Stats 2026-02-13 at 11_54_58.csv,Viết bài top-list/so sánh; map vào cluster hub; bổ sung schema + ảnh/UGC,B,82.50000000000001,0%,"14,126"
khách sạn hà nội đường hoàng việt,Khách sạn Hà Nội,Lưu trú,In-scope Hà Nội,Commercial Investigation,50,N/A,N/A,N/A,Planner (Trung bình),data/google_planner/hanoi/Keyword Stats 2026-02-13 at 11_54_58.csv,Viết bài top-list/so sánh; map vào cluster hub; bổ sung schema + ảnh/UGC,B,82.50000000000001,0%,"5,453"
khách sạn hà nội địa chỉ,Khách sạn Hà Nội,Lưu trú,In-scope Hà Nội,Commercial Investigation,50,N/A,N/A,N/A,Planner (Trung bình),data/google_planner/hanoi/Keyword Stats 2026-02-13 at 11_54_58.csv,Viết bài top-list/so sánh; map vào cluster hub; bổ sung schema + ảnh/UGC,B,82.50000000000001,-90.0%,"27,776"
khách sạn hà nội ơi,Khách sạn Hà Nội,Lưu trú,In-scope Hà Nội,Commercial Investigation,50,N/A,N/A,N/A,Planner (Trung bình),data/google_planner/hanoi/Keyword Stats 2026-02-13 at 11_54_58.csv,Viết bài top-list/so sánh; map vào cluster hub; bổ sung schema + ảnh/UGC,B,82.50000000000001,0%,"13,185"
khách sạn hà nội ở đầu,Khách sạn Hà Nội,Lưu trú,In-scope Hà Nội,Commercial Investigation,50,N/A,N/A,N/A,Planner (Cao),data/google_planner/hanoi/Keyword Stats 2026-02-13 at 11_54_58.csv,Viết bài top-list/so sánh; map vào cluster hub; bổ sung schema + ảnh/UGC,B,82.50000000000001,-90.0%,"26,242"
khách sạn hướng dương hà nội,Khách sạn Hà Nội,Lưu trú,In-scope Hà Nội,Commercial Investigation,50,N/A,N/A,N/A,Planner (Trung bình),data/google_planner/hanoi/Keyword Stats 2026-02-13 at 11_54_58.csv,Viết bài top-list/so sánh; map vào cluster hub; bổ sung schema + ảnh/UGC,B,82.50000000000001,0%,"15,020"
khách sạn hồ gươm 38 hai bà trưng hà nội,Khách sạn Hà Nội,Lưu trú,In-scope Hà Nội,Commercial Investigation,50,N/A,N/A,N/A,Planner (Cao),data/google_planner/hanoi/Keyword Stats 2026-02-13 at 11_54_58.csv,Viết bài top-list/so sánh; map vào cluster hub; bổ sung schema + ảnh/UGC,B,82.50000000000001,0%,"11,165"
khách sạn hồng ngọc hà nội,Khách sạn Hà Nội,Lưu trú,In-scope Hà Nội,Commercial Investigation,50,N/A,N/A,N/A,Planner (Thấp),data/google_planner/hanoi/Keyword Stats 2026-02-13 at 11_54_58.csv,Viết bài top-list/so sánh; map vào cluster hub; bổ sung schema + ảnh/UGC,B,82.50000000000001,0%,"6,356"
khách sạn inearth hà nội,Khách sạn Hà Nội,Lưu trú,In-scope Hà Nội,Commercial Investigation,50,N/A,N/A,N/A,Planner (Trung bình),data/google_planner/hanoi/Keyword Stats 2026-02-13 at 11_54_58.csv,Viết bài top-list/so sánh; map vào cluster hub; bổ sung schema + ảnh/UGC,B,82.50000000000001,0%,"12,765"
khách sạn intercontinental hà nội landmark 72,Khách sạn Hà Nội,Lưu trú,In-scope Hà Nội,Commercial Investigation,50,N/A,N/A,N/A,Planner (Trung bình),data/google_planner/hanoi/Keyword Stats 2026-02-13 at 11_54_58.csv,Viết bài top-list/so sánh; map vào cluster hub; bổ sung schema + ảnh/UGC,B,82.50000000000001,0%,"13,770"
khách sạn intercontinental hà nội landmark 72 địa chỉ,Khách sạn Hà Nội,Lưu trú,In-scope Hà Nội,Commercial Investigation,50,N/A,N/A,N/A,Planner (Trung bình),data/google_planner/hanoi/Keyword Stats 2026-02-13 at 11_54_58.csv,Viết bài top-list/so sánh; map vào cluster hub; bổ sung schema + ảnh/UGC,B,82.50000000000001,0%,"34,274"
khách sạn intercontinental hà nội địa chỉ,Khách sạn Hà Nội,Lưu trú,In-scope Hà Nội,Commercial Investigation,50,N/A,N/A,N/A,Planner (Thấp),data/google_planner/hanoi/Keyword Stats 2026-02-13 at 11_54_58.csv,Viết bài top-list/so sánh; map vào cluster hub; bổ sung schema + ảnh/UGC,B,82.50000000000001,0%,"4,933"
khách sạn kim liên hà nội giá phòng,Khách sạn Hà Nội,Lưu trú,In-scope Hà Nội,Transaction,50,N/A,N/A,N/A,Planner (Cao),data/google_planner/hanoi/Keyword Stats 2026-02-13 at 11_54_58.csv,"Tạo landing chuyển đổi (giá/vé/đặt chỗ), gom vào cluster page + build backlink nội bộ",B,82.50000000000001,0%,"6,925"
khách sạn kim mã hà nội,Khách sạn Hà Nội,Lưu trú,In-scope Hà Nội,Commercial Investigation,50,N/A,N/A,N/A,Planner (Cao),data/google_planner/hanoi/Keyword Stats 2026-02-13 at 11_54_58.csv,Viết bài top-list/so sánh; map vào cluster hub; bổ sung schema + ảnh/UGC,B,82.50000000000001,0%,"12,675"
khách sạn king hotel hà nội,Khách sạn Hà Nội,Lưu trú,In-scope Hà Nội,Commercial Investigation,50,N/A,N/A,N/A,Planner (Trung bình),data/google_planner/hanoi/Keyword Stats 2026-02-13 at 11_54_58.csv,Viết bài top-list/so sánh; map vào cluster hub; bổ sung schema + ảnh/UGC,B,82.50000000000001,0%,"10,229"
khách sạn l heritage hà nội,Khách sạn Hà Nội,Lưu trú,In-scope Hà Nội,Commercial Investigation,50,N/A,N/A,N/A,Planner (Trung bình),data/google_planner/hanoi/Keyword Stats 2026-02-13 at 11_54_58.csv,Viết bài top-list/so sánh; map vào cluster hub; bổ sung schema + ảnh/UGC,B,82.50000000000001,0%,"11,810"
khách sạn l opera hà nội,Khách sạn Hà Nội,Lưu trú,In-scope Hà Nội,Commercial Investigation,50,N/A,N/A,N/A,Planner (Cao),data/google_planner/hanoi/Keyword Stats 2026-02-13 at 11_54_58.csv,Viết bài top-list/so sánh; map vào cluster hub; bổ sung schema + ảnh/UGC,B,82.50000000000001,0%,"22,590"
khách sạn la dolce vita hà nội,Khách sạn Hà Nội,Lưu trú,In-scope Hà Nội,Commercial Investigation,50,N/A,N/A,N/A,Planner (Trung bình),data/google_planner/hanoi/Keyword Stats 2026-02-13 at 11_54_58.csv,Viết bài top-list/so sánh; map vào cluster hub; bổ sung schema + ảnh/UGC,B,82.50000000000001,0%,"8,520"
khách sạn lake side hà nội,Khách sạn Hà Nội,Lưu trú,In-scope Hà Nội,Commercial Investigation,50,N/A,N/A,N/A,Planner (Thấp),data/google_planner/hanoi/Keyword Stats 2026-02-13 at 11_54_58.csv,Viết bài top-list/so sánh; map vào cluster hub; bổ sung schema + ảnh/UGC,B,82.50000000000001,0%,"30,347"
khách sạn lake view hà nội,Khách sạn Hà Nội,Lưu trú,In-scope Hà Nội,Commercial Investigation,50,N/A,N/A,N/A,Planner (Thấp),data/google_planner/hanoi/Keyword Stats 2026-02-13 at 11_54_58.csv,Viết bài top-list/so sánh; map vào cluster hub; bổ sung schema + ảnh/UGC,B,82.50000000000001,-90.0%,"8,727"
khách sạn lakeside palace hà nội,Khách sạn Hà Nội,Lưu trú,In-scope Hà Nội,Commercial Investigation,50,N/A,N/A,N/A,Planner (Cao),data/google_planner/hanoi/Keyword Stats 2026-02-13 at 11_54_58.csv,Viết bài top-list/so sánh; map vào cluster hub; bổ sung schema + ảnh/UGC,B,82.50000000000001,0%,"23,141"
khách sạn lapis hà nội,Khách sạn Hà Nội,Lưu trú,In-scope Hà Nội,Commercial Investigation,50,N/A,N/A,N/A,Planner (Trung bình),data/google_planner/hanoi/Keyword Stats 2026-02-13 at 11_54_58.csv,Viết bài top-list/so sánh; map vào cluster hub; bổ sung schema + ảnh/UGC,B,82.50000000000001,0%,"13,595"
khách sạn larosa hà nội,Khách sạn Hà Nội,Lưu trú,In-scope Hà Nội,Commercial Investigation,50,N/A,N/A,N/A,Planner (Cao),data/google_planner/hanoi/Keyword Stats 2026-02-13 at 11_54_58.csv,Viết bài top-list/so sánh; map vào cluster hub; bổ sung schema + ảnh/UGC,B,82.50000000000001,0%,"12,463"
khách sạn lavender hà nội,Khách sạn Hà Nội,Lưu trú,In-scope Hà Nội,Commercial Investigation,50,N/A,N/A,N/A,Planner (Trung bình),data/google_planner/hanoi/Keyword Stats 2026-02-13 at 11_54_58.csv,Viết bài top-list/so sánh; map vào cluster hub; bổ sung schema + ảnh/UGC,B,82.50000000000001,0%,"19,613"
khách sạn lenid hà nội,Khách sạn Hà Nội,Lưu trú,In-scope Hà Nội,Commercial Investigation,50,N/A,N/A,N/A,Planner (Cao),data/google_planner/hanoi/Keyword Stats 2026-02-13 at 11_54_58.csv,Viết bài top-list/so sánh; map vào cluster hub; bổ sung schema + ảnh/UGC,B,82.50000000000001,0%,"10,449"
khách sạn libra hà nội,Khách sạn Hà Nội,Lưu trú,In-scope Hà Nội,Commercial Investigation,50,N/A,N/A,N/A,Planner (Trung bình),data/google_planner/hanoi/Keyword Stats 2026-02-13 at 11_54_58.csv,Viết bài top-list/so sánh; map vào cluster hub; bổ sung schema + ảnh/UGC,B,82.50000000000001,0%,"9,213"
khách sạn little diamond hà nội,Khách sạn Hà Nội,Lưu trú,In-scope Hà Nội,Commercial Investigation,50,N/A,N/A,N/A,Planner (Cao),data/google_planner/hanoi/Keyword Stats 2026-02-13 at 11_54_58.csv,Viết bài top-list/so sánh; map vào cluster hub; bổ sung schema + ảnh/UGC,B,82.50000000000001,0%,"14,756"
khách sạn little hà nội,Khách sạn Hà Nội,Lưu trú,In-scope Hà Nội,Commercial Investigation,50,N/A,N/A,N/A,Planner (Trung bình),data/google_planner/hanoi/Keyword Stats 2026-02-13 at 11_54_58.csv,Viết bài top-list/so sánh; map vào cluster hub; bổ sung schema + ảnh/UGC,B,82.50000000000001,0%,"17,880"
khách sạn lotte hanoi,Khách sạn Hà Nội,Lưu trú,In-scope Hà Nội,Commercial Investigation,50,N/A,N/A,N/A,Planner (Cao),data/google_planner/hanoi/Keyword Stats 2026-02-13 at 11_54_58.csv,Viết bài top-list/so sánh; map vào cluster hub; bổ sung schema + ảnh/UGC,B,82.50000000000001,0%,"18,436"
khách sạn lotus hà nội,Khách sạn Hà Nội,Lưu trú,In-scope Hà Nội,Commercial Investigation,50,N/A,N/A,N/A,Planner (Trung bình),data/google_planner/hanoi/Keyword Stats 2026-02-13 at 11_54_58.csv,Viết bài top-list/so sánh; map vào cluster hub; bổ sung schema + ảnh/UGC,B,82.50000000000001,0%,"7,531"
khách sạn lucien hà nội,Khách sạn Hà Nội,Lưu trú,In-scope Hà Nội,Commercial Investigation,50,N/A,N/A,N/A,Planner (Thấp),data/google_planner/hanoi/Keyword Stats 2026-02-13 at 11_54_58.csv,Viết bài top-list/so sánh; map vào cluster hub; bổ sung schema + ảnh/UGC,B,82.50000000000001,0%,"15,539"
khách sạn luxury hà nội,Khách sạn Hà Nội,Lưu trú,In-scope Hà Nội,Commercial Investigation,50,N/A,N/A,N/A,Planner (Cao),data/google_planner/hanoi/Keyword Stats 2026-02-13 at 11_54_58.csv,Viết bài top-list/so sánh; map vào cluster hub; bổ sung schema + ảnh/UGC,B,82.50000000000001,0%,"9,465"
khách sạn luân đôn hà nội,Khách sạn Hà Nội,Lưu trú,In-scope Hà Nội,Commercial Investigation,50,N/A,N/A,N/A,Planner (Thấp),data/google_planner/hanoi/Keyword Stats 2026-02-13 at 11_54_58.csv,Viết bài top-list/so sánh; map vào cluster hub; bổ sung schema + ảnh/UGC,B,82.50000000000001,0%,"11,163"
khách sạn lý thường kiệt hà nội,Khách sạn Hà Nội,Lưu trú,In-scope Hà Nội,Commercial Investigation,50,N/A,N/A,N/A,Planner (Cao),data/google_planner/hanoi/Keyword Stats 2026-02-13 at 11_54_58.csv,Viết bài top-list/so sánh; map vào cluster hub; bổ sung schema + ảnh/UGC,B,82.50000000000001,0%,"15,543"
khách sạn lớn nhất hà nội,Khách sạn Hà Nội,Lưu trú,In-scope Hà Nội,Commercial Investigation,50,N/A,N/A,N/A,Planner (Cao),data/google_planner/hanoi/Keyword Stats 2026-02-13 at 11_54_58.csv,Viết bài top-list/so sánh; map vào cluster hub; bổ sung schema + ảnh/UGC,B,82.50000000000001,0%,"7,637"
khách sạn lớn ở hà nội,Khách sạn Hà Nội,Lưu trú,In-scope Hà Nội,Commercial Investigation,50,N/A,N/A,N/A,Planner (Cao),data/google_planner/hanoi/Keyword Stats 2026-02-13 at 11_54_58.csv,Viết bài top-list/so sánh; map vào cluster hub; bổ sung schema + ảnh/UGC,B,82.50000000000001,0%,"5,972"
khách sạn mai villa hà nội,Khách sạn Hà Nội,Lưu trú,In-scope Hà Nội,Commercial Investigation,50,N/A,N/A,N/A,Planner (Cao),data/google_planner/hanoi/Keyword Stats 2026-02-13 at 11_54_58.csv,Viết bài top-list/so sánh; map vào cluster hub; bổ sung schema + ảnh/UGC,B,82.50000000000001,0%,"10,260"
khách sạn mango hà nội,Khách sạn Hà Nội,Lưu trú,In-scope Hà Nội,Commercial Investigation,50,N/A,N/A,N/A,Planner (Cao),data/google_planner/hanoi/Keyword Stats 2026-02-13 at 11_54_58.csv,Viết bài top-list/so sánh; map vào cluster hub; bổ sung schema + ảnh/UGC,B,82.50000000000001,-90.0%,"11,569"
khách sạn marigold hà nội,Khách sạn Hà Nội,Lưu trú,In-scope Hà Nội,Commercial Investigation,50,N/A,N/A,N/A,Planner (Cao),data/google_planner/hanoi/Keyword Stats 2026-02-13 at 11_54_58.csv,Viết bài top-list/so sánh; map vào cluster hub; bổ sung schema + ảnh/UGC,B,82.50000000000001,0%,"9,547"
khách sạn marriott hà nội địa chỉ,Khách sạn Hà Nội,Lưu trú,In-scope Hà Nội,Commercial Investigation,50,N/A,N/A,N/A,Planner (Thấp),data/google_planner/hanoi/Keyword Stats 2026-02-13 at 11_54_58.csv,Viết bài top-list/so sánh; map vào cluster hub; bổ sung schema + ảnh/UGC,B,82.50000000000001,0%,"3,824"
khách sạn marvellous hà nội,Khách sạn Hà Nội,Lưu trú,In-scope Hà Nội,Commercial Investigation,50,N/A,N/A,N/A,Planner (Cao),data/google_planner/hanoi/Keyword Stats 2026-02-13 at 11_54_58.csv,Viết bài top-list/so sánh; map vào cluster hub; bổ sung schema + ảnh/UGC,B,82.50000000000001,0%,"7,790"
khách sạn matilda hà nội,Khách sạn Hà Nội,Lưu trú,In-scope Hà Nội,Commercial Investigation,50,N/A,N/A,N/A,Planner (Cao),data/google_planner/hanoi/Keyword Stats 2026-02-13 at 11_54_58.csv,Viết bài top-list/so sánh; map vào cluster hub; bổ sung schema + ảnh/UGC,B,82.50000000000001,0%,"16,338"
khách sạn melia hà nội địa chỉ,Khách sạn Hà Nội,Lưu trú,In-scope Hà Nội,Commercial Investigation,50,N/A,N/A,N/A,Planner (Thấp),data/google_planner/hanoi/Keyword Stats 2026-02-13 at 11_54_58.csv,Viết bài top-list/so sánh; map vào cluster hub; bổ sung schema + ảnh/UGC,B,82.50000000000001,0%,"9,505"
khách sạn mercure hanoi la gare,Khách sạn Hà Nội,Lưu trú,In-scope Hà Nội,Commercial Investigation,50,N/A,N/A,N/A,Planner (Trung bình),data/google_planner/hanoi/Keyword Stats 2026-02-13 at 11_54_58.csv,Viết bài top-list/so sánh; map vào cluster hub; bổ sung schema + ảnh/UGC,B,82.50000000000001,0%,"12,059"
khách sạn mercury central hà nội,Khách sạn Hà Nội,Lưu trú,In-scope Hà Nội,Commercial Investigation,50,N/A,N/A,N/A,Planner (Cao),data/google_planner/hanoi/Keyword Stats 2026-02-13 at 11_54_58.csv,Viết bài top-list/so sánh; map vào cluster hub; bổ sung schema + ảnh/UGC,B,82.50000000000001,0%,"15,017"
khách sạn mgallery hà nội,Khách sạn Hà Nội,Lưu trú,In-scope Hà Nội,Commercial Investigation,50,N/A,N/A,N/A,Planner (Trung bình),data/google_planner/hanoi/Keyword Stats 2026-02-13 at 11_54_58.csv,Viết bài top-list/so sánh; map vào cluster hub; bổ sung schema + ảnh/UGC,B,82.50000000000001,0%,"9,540"
khách sạn millennium hà nội,Khách sạn Hà Nội,Lưu trú,In-scope Hà Nội,Commercial Investigation,50,N/A,N/A,N/A,Planner (Cao),data/google_planner/hanoi/Keyword Stats 2026-02-13 at 11_54_58.csv,Viết bài top-list/so sánh; map vào cluster hub; bổ sung schema + ảnh/UGC,B,82.50000000000001,0%,"12,938"
khách sạn minh khai hà nội,Khách sạn Hà Nội,Lưu trú,In-scope Hà Nội,Commercial Investigation,50,N/A,N/A,N/A,Planner (Cao),data/google_planner/hanoi/Keyword Stats 2026-02-13 at 11_54_58.csv,Viết bài top-list/so sánh; map vào cluster hub; bổ sung schema + ảnh/UGC,B,82.50000000000001,0%,"14,057"
khách sạn mini hà nội,Khách sạn Hà Nội,Lưu trú,In-scope Hà Nội,Commercial Investigation,50,N/A,N/A,N/A,Planner (Cao),data/google_planner/hanoi/Keyword Stats 2026-02-13 at 11_54_58.csv,Viết bài top-list/so sánh; map vào cluster hub; bổ sung schema + ảnh/UGC,B,82.50000000000001,0%,"10,207"
khách sạn moon view hà nội,Khách sạn Hà Nội,Lưu trú,In-scope Hà Nội,Commercial Investigation,50,N/A,N/A,N/A,Planner (Trung bình),data/google_planner/hanoi/Keyword Stats 2026-02-13 at 11_54_58.csv,Viết bài top-list/so sánh; map vào cluster hub; bổ sung schema + ảnh/UGC,B,82.50000000000001,0%,"10,952"
khách sạn movenpick hanoi,Khách sạn Hà Nội,Lưu trú,In-scope Hà Nội,Commercial Investigation,50,N/A,N/A,N/A,Planner (Trung bình),data/google_planner/hanoi/Keyword Stats 2026-02-13 at 11_54_58.csv,Viết bài top-list/so sánh; map vào cluster hub; bổ sung schema + ảnh/UGC,B,82.50000000000001,-90.0%,"10,458"
khách sạn my moon hà nội,Khách sạn Hà Nội,Lưu trú,In-scope Hà Nội,Commercial Investigation,50,N/A,N/A,N/A,Planner (Trung bình),data/google_planner/hanoi/Keyword Stats 2026-02-13 at 11_54_58.csv,Viết bài top-list/so sánh; map vào cluster hub; bổ sung schema + ảnh/UGC,B,82.50000000000001,0%,"6,462"
khách sạn mã mây hà nội,Khách sạn Hà Nội,Lưu trú,In-scope Hà Nội,Commercial Investigation,50,N/A,N/A,N/A,Planner (Trung bình),data/google_planner/hanoi/Keyword Stats 2026-02-13 at 11_54_58.csv,Viết bài top-list/so sánh; map vào cluster hub; bổ sung schema + ảnh/UGC,B,82.50000000000001,0%,"15,916"
khách sạn mường thanh centre hà nội,Khách sạn Hà Nội,Lưu trú,In-scope Hà Nội,Commercial Investigation,50,N/A,N/A,N/A,Planner (Cao),data/google_planner/hanoi/Keyword Stats 2026-02-13 at 11_54_58.csv,Viết bài top-list/so sánh; map vào cluster hub; bổ sung schema + ảnh/UGC,B,82.50000000000001,0%,"12,204"
khách sạn mường thanh grand hà nội địa chỉ,Khách sạn Hà Nội,Lưu trú,In-scope Hà Nội,Commercial Investigation,50,N/A,N/A,N/A,Planner (Trung bình),data/google_planner/hanoi/Keyword Stats 2026-02-13 at 11_54_58.csv,Viết bài top-list/so sánh; map vào cluster hub; bổ sung schema + ảnh/UGC,B,82.50000000000001,0%,"9,450"
khách sạn mường thanh hà nội centre,Khách sạn Hà Nội,Lưu trú,In-scope Hà Nội,Commercial Investigation,50,N/A,N/A,N/A,Planner (Trung bình),data/google_planner/hanoi/Keyword Stats 2026-02-13 at 11_54_58.csv,Viết bài top-list/so sánh; map vào cluster hub; bổ sung schema + ảnh/UGC,B,82.50000000000001,0%,"17,017"
khách sạn mường thanh ở hà nội,Khách sạn Hà Nội,Lưu trú,In-scope Hà Nội,Commercial Investigation,50,N/A,N/A,N/A,Planner (Trung bình),data/google_planner/hanoi/Keyword Stats 2026-02-13 at 11_54_58.csv,Viết bài top-list/so sánh; map vào cluster hub; bổ sung schema + ảnh/UGC,B,82.50000000000001,0%,"8,951"
khách sạn mới ở hà nội,Khách sạn Hà Nội,Lưu trú,In-scope Hà Nội,Commercial Investigation,50,N/A,N/A,N/A,Planner (Cao),data/google_planner/hanoi/Keyword Stats 2026-02-13 at 11_54_58.csv,Viết bài top-list/so sánh; map vào cluster hub; bổ sung schema + ảnh/UGC,B,82.50000000000001,0%,"20,846"
khách sạn nam thanh hà nội,Khách sạn Hà Nội,Lưu trú,In-scope Hà Nội,Commercial Investigation,50,N/A,N/A,N/A,Planner (Thấp),data/google_planner/hanoi/Keyword Stats 2026-02-13 at 11_54_58.csv,Viết bài top-list/so sánh; map vào cluster hub; bổ sung schema + ảnh/UGC,B,82.50000000000001,0%,"10,335"
khách sạn nghỉ dưỡng hà nội,Khách sạn Hà Nội,Lưu trú,In-scope Hà Nội,Commercial Investigation,50,N/A,N/A,N/A,Planner (Cao),data/google_planner/hanoi/Keyword Stats 2026-02-13 at 11_54_58.csv,Viết bài top-list/so sánh; map vào cluster hub; bổ sung schema + ảnh/UGC,B,82.50000000000001,0%,"10,944"
khách sạn nguyễn chí thanh hà nội,Khách sạn Hà Nội,Lưu trú,In-scope Hà Nội,Commercial Investigation,50,N/A,N/A,N/A,Planner (Trung bình),data/google_planner/hanoi/Keyword Stats 2026-02-13 at 11_54_58.csv,Viết bài top-list/so sánh; map vào cluster hub; bổ sung schema + ảnh/UGC,B,82.50000000000001,0%,"14,083"
khách sạn ngọc khánh hà nội,Khách sạn Hà Nội,Lưu trú,In-scope Hà Nội,Commercial Investigation,50,N/A,N/A,N/A,Planner (Cao),data/google_planner/hanoi/Keyword Stats 2026-02-13 at 11_54_58.csv,Viết bài top-list/so sánh; map vào cluster hub; bổ sung schema + ảnh/UGC,B,82.50000000000001,0%,"8,395"
khách sạn nhà chung hà nội,Khách sạn Hà Nội,Lưu trú,In-scope Hà Nội,Commercial Investigation,50,N/A,N/A,N/A,Planner (Cao),data/google_planner/hanoi/Keyword Stats 2026-02-13 at 11_54_58.csv,Viết bài top-list/so sánh; map vào cluster hub; bổ sung schema + ảnh/UGC,B,82.50000000000001,-90.0%,"19,214"
khách sạn nhân hoà hà nội,Khách sạn Hà Nội,Lưu trú,In-scope Hà Nội,Commercial Investigation,50,N/A,N/A,N/A,Planner (Cao),data/google_planner/hanoi/Keyword Stats 2026-02-13 at 11_54_58.csv,Viết bài top-list/so sánh; map vào cluster hub; bổ sung schema + ảnh/UGC,B,82.50000000000001,0%,"9,465"
khách sạn nostalgia hà nội,Khách sạn Hà Nội,Lưu trú,In-scope Hà Nội,Commercial Investigation,50,N/A,N/A,N/A,Planner (Cao),data/google_planner/hanoi/Keyword Stats 2026-02-13 at 11_54_58.csv,Viết bài top-list/so sánh; map vào cluster hub; bổ sung schema + ảnh/UGC,B,82.50000000000001,0%,"21,797"
khách sạn novotel hà nội thái hà,Khách sạn Hà Nội,Lưu trú,In-scope Hà Nội,Commercial Investigation,50,N/A,N/A,N/A,Planner (Trung bình),data/google_planner/hanoi/Keyword Stats 2026-02-13 at 11_54_58.csv,Viết bài top-list/so sánh; map vào cluster hub; bổ sung schema + ảnh/UGC,B,82.50000000000001,0%,"15,320"
khách sạn nổi tiếng ở hà nội,Khách sạn Hà Nội,Lưu trú,In-scope Hà Nội,Commercial Investigation,50,N/A,N/A,N/A,Planner (Cao),data/google_planner/hanoi/Keyword Stats 2026-02-13 at 11_54_58.csv,Viết bài top-list/so sánh; map vào cluster hub; bổ sung schema + ảnh/UGC,B,82.50000000000001,0%,"6,785"
khách sạn o gallery premier hà nội,Khách sạn Hà Nội,Lưu trú,In-scope Hà Nội,Commercial Investigation,50,N/A,N/A,N/A,Planner (Cao),data/google_planner/hanoi/Keyword Stats 2026-02-13 at 11_54_58.csv,Viết bài top-list/so sánh; map vào cluster hub; bổ sung schema + ảnh/UGC,B,82.50000000000001,0%,"8,049"
khách sạn oriental hà nội,Khách sạn Hà Nội,Lưu trú,In-scope Hà Nội,Commercial Investigation,50,N/A,N/A,N/A,Planner (Trung bình),data/google_planner/hanoi/Keyword Stats 2026-02-13 at 11_54_58.csv,Viết bài top-list/so sánh; map vào cluster hub; bổ sung schema + ảnh/UGC,B,82.50000000000001,-90.0%,"12,237"
khách sạn paradise hà nội,Khách sạn Hà Nội,Lưu trú,In-scope Hà Nội,Commercial Investigation,50,N/A,N/A,N/A,Planner (Trung bình),data/google_planner/hanoi/Keyword Stats 2026-02-13 at 11_54_58.csv,Viết bài top-list/so sánh; map vào cluster hub; bổ sung schema + ảnh/UGC,B,82.50000000000001,0%,"11,799"
khách sạn parosand hà nội,Khách sạn Hà Nội,Lưu trú,In-scope Hà Nội,Commercial Investigation,50,N/A,N/A,N/A,Planner (Trung bình),data/google_planner/hanoi/Keyword Stats 2026-02-13 at 11_54_58.csv,Viết bài top-list/so sánh; map vào cluster hub; bổ sung schema + ảnh/UGC,B,82.50000000000001,0%,"6,509"
khách sạn patel hà nội,Khách sạn Hà Nội,Lưu trú,In-scope Hà Nội,Commercial Investigation,50,N/A,N/A,N/A,Planner (Trung bình),data/google_planner/hanoi/Keyword Stats 2026-02-13 at 11_54_58.csv,Viết bài top-list/so sánh; map vào cluster hub; bổ sung schema + ảnh/UGC,B,82.50000000000001,-90.0%,"9,607"
khách sạn peridot hà nội,Khách sạn Hà Nội,Lưu trú,In-scope Hà Nội,Commercial Investigation,50,N/A,N/A,N/A,Planner (Thấp),data/google_planner/hanoi/Keyword Stats 2026-02-13 at 11_54_58.csv,Viết bài top-list/so sánh; map vào cluster hub; bổ sung schema + ảnh/UGC,B,82.50000000000001,0%,"6,357"
khách sạn phong lan hà nội,Khách sạn Hà Nội,Lưu trú,In-scope Hà Nội,Commercial Investigation,50,N/A,N/A,N/A,Planner (Trung bình),data/google_planner/hanoi/Keyword Stats 2026-02-13 at 11_54_58.csv,Viết bài top-list/so sánh; map vào cluster hub; bổ sung schema + ảnh/UGC,B,82.50000000000001,0%,"73,681"
khách sạn phố mã mây hà nội,Khách sạn Hà Nội,Lưu trú,In-scope Hà Nội,Commercial Investigation,50,N/A,N/A,N/A,Planner (Cao),data/google_planner/hanoi/Keyword Stats 2026-02-13 at 11_54_58.csv,Viết bài top-list/so sánh; map vào cluster hub; bổ sung schema + ảnh/UGC,B,82.50000000000001,0%,"11,725"
khách sạn phố ngọc khánh hà nội,Khách sạn Hà Nội,Lưu trú,In-scope Hà Nội,Commercial Investigation,50,N/A,N/A,N/A,Planner (Cao),data/google_planner/hanoi/Keyword Stats 2026-02-13 at 11_54_58.csv,Viết bài top-list/so sánh; map vào cluster hub; bổ sung schema + ảnh/UGC,B,82.50000000000001,0%,"10,823"
khách sạn phố nhà chung hà nội,Khách sạn Hà Nội,Lưu trú,In-scope Hà Nội,Commercial Investigation,50,N/A,N/A,N/A,Planner (Cao),data/google_planner/hanoi/Keyword Stats 2026-02-13 at 11_54_58.csv,Viết bài top-list/so sánh; map vào cluster hub; bổ sung schema + ảnh/UGC,B,82.50000000000001,-90.0%,"15,852"
khách sạn phụ nữ hà nội,Khách sạn Hà Nội,Lưu trú,In-scope Hà Nội,Commercial Investigation,50,N/A,N/A,N/A,Planner (Trung bình),data/google_planner/hanoi/Keyword Stats 2026-02-13 at 11_54_58.csv,Viết bài top-list/so sánh; map vào cluster hub; bổ sung schema + ảnh/UGC,B,82.50000000000001,-90.0%,"10,493"
khách sạn plaza hà nội,Khách sạn Hà Nội,Lưu trú,In-scope Hà Nội,Commercial Investigation,50,N/A,N/A,N/A,Planner (Trung bình),data/google_planner/hanoi/Keyword Stats 2026-02-13 at 11_54_58.csv,Viết bài top-list/so sánh; map vào cluster hub; bổ sung schema + ảnh/UGC,B,82.50000000000001,0%,"10,798"
khách sạn pomihoa hà nội,Khách sạn Hà Nội,Lưu trú,In-scope Hà Nội,Commercial Investigation,50,N/A,N/A,N/A,Planner (Thấp),data/google_planner/hanoi/Keyword Stats 2026-02-13 at 11_54_58.csv,Viết bài top-list/so sánh; map vào cluster hub; bổ sung schema + ảnh/UGC,B,82.50000000000001,-90.0%,"3,164"
khách sạn queen light hà nội,Khách sạn Hà Nội,Lưu trú,In-scope Hà Nội,Commercial Investigation,50,N/A,N/A,N/A,Planner (Cao),data/google_planner/hanoi/Keyword Stats 2026-02-13 at 11_54_58.csv,Viết bài top-list/so sánh; map vào cluster hub; bổ sung schema + ảnh/UGC,B,82.50000000000001,0%,"24,019"
khách sạn regal hà nội,Khách sạn Hà Nội,Lưu trú,In-scope Hà Nội,Commercial Investigation,50,N/A,N/A,N/A,Planner (Trung bình),data/google_planner/hanoi/Keyword Stats 2026-02-13 at 11_54_58.csv,Viết bài top-list/so sánh; map vào cluster hub; bổ sung schema + ảnh/UGC,B,82.50000000000001,0%,"16,400"
khách sạn rex hotel hà nội,Khách sạn Hà Nội,Lưu trú,In-scope Hà Nội,Commercial Investigation,50,N/A,N/A,N/A,Planner (Cao),data/google_planner/hanoi/Keyword Stats 2026-02-13 at 11_54_58.csv,Viết bài top-list/so sánh; map vào cluster hub; bổ sung schema + ảnh/UGC,B,82.50000000000001,0%,"13,885"
khách sạn reyna hà nội,Khách sạn Hà Nội,Lưu trú,In-scope Hà Nội,Commercial Investigation,50,N/A,N/A,N/A,Planner (Trung bình),data/google_planner/hanoi/Keyword Stats 2026-02-13 at 11_54_58.csv,Viết bài top-list/so sánh; map vào cluster hub; bổ sung schema + ảnh/UGC,B,82.50000000000001,0%,"8,049"
khách sạn rising dragon hà nội,Khách sạn Hà Nội,Lưu trú,In-scope Hà Nội,Commercial Investigation,50,N/A,N/A,N/A,Planner (Trung bình),data/google_planner/hanoi/Keyword Stats 2026-02-13 at 11_54_58.csv,Viết bài top-list/so sánh; map vào cluster hub; bổ sung schema + ảnh/UGC,B,82.50000000000001,0%,"18,695"
khách sạn rẻ đẹp ở hà nội,Khách sạn Hà Nội,Lưu trú,In-scope Hà Nội,Commercial Investigation,50,N/A,N/A,N/A,Planner (Cao),data/google_planner/hanoi/Keyword Stats 2026-02-13 at 11_54_58.csv,Viết bài top-list/so sánh; map vào cluster hub; bổ sung schema + ảnh/UGC,B,82.50000000000001,0%,"23,184"
khách sạn sakura hà nội,Khách sạn Hà Nội,Lưu trú,In-scope Hà Nội,Commercial Investigation,50,N/A,N/A,N/A,Planner (Trung bình),data/google_planner/hanoi/Keyword Stats 2026-02-13 at 11_54_58.csv,Viết bài top-list/so sánh; map vào cluster hub; bổ sung schema + ảnh/UGC,B,82.50000000000001,-90.0%,"16,485"
khách sạn sao băng hà nội,Khách sạn Hà Nội,Lưu trú,In-scope Hà Nội,Commercial Investigation,50,N/A,N/A,N/A,Planner (Trung bình),data/google_planner/hanoi/Keyword Stats 2026-02-13 at 11_54_58.csv,Viết bài top-list/so sánh; map vào cluster hub; bổ sung schema + ảnh/UGC,B,82.50000000000001,0%,"11,684"
khách sạn sao hà nội,Khách sạn Hà Nội,Lưu trú,In-scope Hà Nội,Commercial Investigation,50,N/A,N/A,N/A,Planner (Thấp),data/google_planner/hanoi/Keyword Stats 2026-02-13 at 11_54_58.csv,Viết bài top-list/so sánh; map vào cluster hub; bổ sung schema + ảnh/UGC,B,82.50000000000001,0%,"7,305"
khách sạn scent premium hà nội,Khách sạn Hà Nội,Lưu trú,In-scope Hà Nội,Commercial Investigation,50,N/A,N/A,N/A,Planner (Cao),data/google_planner/hanoi/Keyword Stats 2026-02-13 at 11_54_58.csv,Viết bài top-list/so sánh; map vào cluster hub; bổ sung schema + ảnh/UGC,B,82.50000000000001,0%,"26,212"
khách sạn sen grand hà nội,Khách sạn Hà Nội,Lưu trú,In-scope Hà Nội,Commercial Investigation,50,N/A,N/A,N/A,Planner (Cao),data/google_planner/hanoi/Keyword Stats 2026-02-13 at 11_54_58.csv,Viết bài top-list/so sánh; map vào cluster hub; bổ sung schema + ảnh/UGC,B,82.50000000000001,0%,"4,531"
khách sạn sen hà nội,Khách sạn Hà Nội,Lưu trú,In-scope Hà Nội,Commercial Investigation,50,N/A,N/A,N/A,Planner (Cao),data/google_planner/hanoi/Keyword Stats 2026-02-13 at 11_54_58.csv,Viết bài top-list/so sánh; map vào cluster hub; bổ sung schema + ảnh/UGC,B,82.50000000000001,-90.0%,"8,231"
khách sạn seoul hà nội,Khách sạn Hà Nội,Lưu trú,In-scope Hà Nội,Commercial Investigation,50,N/A,N/A,N/A,Planner (Thấp),data/google_planner/hanoi/Keyword Stats 2026-02-13 at 11_54_58.csv,Viết bài top-list/so sánh; map vào cluster hub; bổ sung schema + ảnh/UGC,B,82.50000000000001,0%,"18,679"
khách sạn serenity hà nội,Khách sạn Hà Nội,Lưu trú,In-scope Hà Nội,Commercial Investigation,50,N/A,N/A,N/A,Planner (Trung bình),data/google_planner/hanoi/Keyword Stats 2026-02-13 at 11_54_58.csv,Viết bài top-list/so sánh; map vào cluster hub; bổ sung schema + ảnh/UGC,B,82.50000000000001,0%,"18,155"
khách sạn shining central hà nội,Khách sạn Hà Nội,Lưu trú,In-scope Hà Nội,Commercial Investigation,50,N/A,N/A,N/A,Planner (Trung bình),data/google_planner/hanoi/Keyword Stats 2026-02-13 at 11_54_58.csv,Viết bài top-list/so sánh; map vào cluster hub; bổ sung schema + ảnh/UGC,B,82.50000000000001,0%,"8,232"
khách sạn silk path boutique hà nội,Khách sạn Hà Nội,Lưu trú,In-scope Hà Nội,Commercial Investigation,50,N/A,N/A,N/A,Planner (Trung bình),data/google_planner/hanoi/Keyword Stats 2026-02-13 at 11_54_58.csv,Viết bài top-list/so sánh; map vào cluster hub; bổ sung schema + ảnh/UGC,B,82.50000000000001,0%,"20,089"
khách sạn silk path hà nội địa chỉ,Khách sạn Hà Nội,Lưu trú,In-scope Hà Nội,Commercial Investigation,50,N/A,N/A,N/A,Planner (Thấp),data/google_planner/hanoi/Keyword Stats 2026-02-13 at 11_54_58.csv,Viết bài top-list/so sánh; map vào cluster hub; bổ sung schema + ảnh/UGC,B,82.50000000000001,0%,"11,278"
khách sạn silk trung tâm hà nội,Khách sạn Hà Nội,Lưu trú,In-scope Hà Nội,Commercial Investigation,50,N/A,N/A,N/A,Planner (Cao),data/google_planner/hanoi/Keyword Stats 2026-02-13 at 11_54_58.csv,Viết bài top-list/so sánh; map vào cluster hub; bổ sung schema + ảnh/UGC,B,82.50000000000001,0%,"26,571"
khách sạn skyline hà nội,Khách sạn Hà Nội,Lưu trú,In-scope Hà Nội,Commercial Investigation,50,N/A,N/A,N/A,Planner (Trung bình),data/google_planner/hanoi/Keyword Stats 2026-02-13 at 11_54_58.csv,Viết bài top-list/so sánh; map vào cluster hub; bổ sung schema + ảnh/UGC,B,82.50000000000001,0%,"5,972"
khách sạn sofitel legend metropole hanoi,Khách sạn Hà Nội,Lưu trú,In-scope Hà Nội,Commercial Investigation,50,N/A,N/A,N/A,Planner (Trung bình),data/google_planner/hanoi/Keyword Stats 2026-02-13 at 11_54_58.csv,Viết bài top-list/so sánh; map vào cluster hub; bổ sung schema + ảnh/UGC,B,82.50000000000001,0%,"4,414"
khách sạn sofitel metropole hà nội,Khách sạn Hà Nội,Lưu trú,In-scope Hà Nội,Commercial Investigation,50,N/A,N/A,N/A,Planner (Cao),data/google_planner/hanoi/Keyword Stats 2026-02-13 at 11_54_58.csv,Viết bài top-list/so sánh; map vào cluster hub; bổ sung schema + ảnh/UGC,B,82.50000000000001,0%,"4,674"
khách sạn solaria hà nội,Khách sạn Hà Nội,Lưu trú,In-scope Hà Nội,Commercial Investigation,50,N/A,N/A,N/A,Planner (Trung bình),data/google_planner/hanoi/Keyword Stats 2026-02-13 at 11_54_58.csv,Viết bài top-list/so sánh; map vào cluster hub; bổ sung schema + ảnh/UGC,B,82.50000000000001,0%,"11,830"
khách sạn soleil boutique hà nội,Khách sạn Hà Nội,Lưu trú,In-scope Hà Nội,Commercial Investigation,50,N/A,N/A,N/A,Planner (Cao),data/google_planner/hanoi/Keyword Stats 2026-02-13 at 11_54_58.csv,Viết bài top-list/so sánh; map vào cluster hub; bổ sung schema + ảnh/UGC,B,82.50000000000001,0%,"15,838"
khách sạn somerset west point hà nội,Khách sạn Hà Nội,Lưu trú,In-scope Hà Nội,Commercial Investigation,50,N/A,N/A,N/A,Planner (Trung bình),data/google_planner/hanoi/Keyword Stats 2026-02-13 at 11_54_58.csv,Viết bài top-list/so sánh; map vào cluster hub; bổ sung schema + ảnh/UGC,B,82.50000000000001,0%,"7,864"
khách sạn splendid hà nội,Khách sạn Hà Nội,Lưu trú,In-scope Hà Nội,Commercial Investigation,50,N/A,N/A,N/A,Planner (Trung bình),data/google_planner/hanoi/Keyword Stats 2026-02-13 at 11_54_58.csv,Viết bài top-list/so sánh; map vào cluster hub; bổ sung schema + ảnh/UGC,B,82.50000000000001,0%,"26,253"
khách sạn sunny hà nội,Khách sạn Hà Nội,Lưu trú,In-scope Hà Nội,Commercial Investigation,50,N/A,N/A,N/A,Planner (Thấp),data/google_planner/hanoi/Keyword Stats 2026-02-13 at 11_54_58.csv,Viết bài top-list/so sánh; map vào cluster hub; bổ sung schema + ảnh/UGC,B,82.50000000000001,-90.0%,"10,386"
khách sạn super candle hà nội,Khách sạn Hà Nội,Lưu trú,In-scope Hà Nội,Commercial Investigation,50,N/A,N/A,N/A,Planner (Cao),data/google_planner/hanoi/Keyword Stats 2026-02-13 at 11_54_58.csv,Viết bài top-list/so sánh; map vào cluster hub; bổ sung schema + ảnh/UGC,B,82.50000000000001,0%,"13,502"
khách sạn số 1 cầu gỗ hà nội,Khách sạn Hà Nội,Lưu trú,In-scope Hà Nội,Commercial Investigation,50,N/A,N/A,N/A,Planner (Cao),data/google_planner/hanoi/Keyword Stats 2026-02-13 at 11_54_58.csv,Viết bài top-list/so sánh; map vào cluster hub; bổ sung schema + ảnh/UGC,B,82.50000000000001,0%,"6,002"
khách sạn the bloom hà nội,Khách sạn Hà Nội,Lưu trú,In-scope Hà Nội,Commercial Investigation,50,N/A,N/A,N/A,Planner (Trung bình),data/google_planner/hanoi/Keyword Stats 2026-02-13 at 11_54_58.csv,Viết bài top-list/so sánh; map vào cluster hub; bổ sung schema + ảnh/UGC,B,82.50000000000001,0%,"11,175"
khách sạn the one hà nội,Khách sạn Hà Nội,Lưu trú,In-scope Hà Nội,Commercial Investigation,50,N/A,N/A,N/A,Planner (Thấp),data/google_planner/hanoi/Keyword Stats 2026-02-13 at 11_54_58.csv,Viết bài top-list/so sánh; map vào cluster hub; bổ sung schema + ảnh/UGC,B,82.50000000000001,0%,"15,579"
khách sạn the pearl hà nội,Khách sạn Hà Nội,Lưu trú,In-scope Hà Nội,Commercial Investigation,50,N/A,N/A,N/A,Planner (Trung bình),data/google_planner/hanoi/Keyword Stats 2026-02-13 at 11_54_58.csv,Viết bài top-list/so sánh; map vào cluster hub; bổ sung schema + ảnh/UGC,B,82.50000000000001,0%,"18,354"
khách sạn thiên thai hà nội,Khách sạn Hà Nội,Lưu trú,In-scope Hà Nội,Commercial Investigation,50,N/A,N/A,N/A,Planner (Trung bình),data/google_planner/hanoi/Keyword Stats 2026-02-13 at 11_54_58.csv,Viết bài top-list/so sánh; map vào cluster hub; bổ sung schema + ảnh/UGC,B,82.50000000000001,0%,"5,768"
khách sạn thái hà hà nội,Khách sạn Hà Nội,Lưu trú,In-scope Hà Nội,Commercial Investigation,50,N/A,N/A,N/A,Planner (Trung bình),data/google_planner/hanoi/Keyword Stats 2026-02-13 at 11_54_58.csv,Viết bài top-list/so sánh; map vào cluster hub; bổ sung schema + ảnh/UGC,B,82.50000000000001,0%,"13,361"
khách sạn thăng long opera hà nội,Khách sạn Hà Nội,Lưu trú,In-scope Hà Nội,Commercial Investigation,50,N/A,N/A,N/A,Planner (Cao),data/google_planner/hanoi/Keyword Stats 2026-02-13 at 11_54_58.csv,Viết bài top-list/so sánh; map vào cluster hub; bổ sung schema + ảnh/UGC,B,82.50000000000001,-90.0%,"10,906"
khách sạn thương mại hà nội,Khách sạn Hà Nội,Lưu trú,In-scope Hà Nội,Commercial Investigation,50,N/A,N/A,N/A,Planner (Cao),data/google_planner/hanoi/Keyword Stats 2026-02-13 at 11_54_58.csv,Viết bài top-list/so sánh; map vào cluster hub; bổ sung schema + ảnh/UGC,B,82.50000000000001,0%,"40,398"
khách sạn tk 123 hà nội,Khách sạn Hà Nội,Lưu trú,In-scope Hà Nội,Commercial Investigation,50,N/A,N/A,N/A,Planner (Cao),data/google_planner/hanoi/Keyword Stats 2026-02-13 at 11_54_58.csv,Viết bài top-list/so sánh; map vào cluster hub; bổ sung schema + ảnh/UGC,B,82.50000000000001,0%,"11,091"
khách sạn tqt hà nội,Khách sạn Hà Nội,Lưu trú,In-scope Hà Nội,Commercial Investigation,50,N/A,N/A,N/A,Planner (Cao),data/google_planner/hanoi/Keyword Stats 2026-02-13 at 11_54_58.csv,Viết bài top-list/so sánh; map vào cluster hub; bổ sung schema + ảnh/UGC,B,82.50000000000001,0%,"10,028"
khách sạn trang trang hà nội,Khách sạn Hà Nội,Lưu trú,In-scope Hà Nội,Commercial Investigation,50,N/A,N/A,N/A,Planner (Trung bình),data/google_planner/hanoi/Keyword Stats 2026-02-13 at 11_54_58.csv,Viết bài top-list/so sánh; map vào cluster hub; bổ sung schema + ảnh/UGC,B,82.50000000000001,0%,"12,772"
khách sạn trên đường giải phóng hà nội,Khách sạn Hà Nội,Lưu trú,In-scope Hà Nội,Commercial Investigation,50,N/A,N/A,N/A,Planner (Cao),data/google_planner/hanoi/Keyword Stats 2026-02-13 at 11_54_58.csv,Viết bài top-list/so sánh; map vào cluster hub; bổ sung schema + ảnh/UGC,B,82.50000000000001,0%,"14,451"
khách sạn trên đường hoàng quốc việt hà nội,Khách sạn Hà Nội,Lưu trú,In-scope Hà Nội,Commercial Investigation,50,N/A,N/A,N/A,Planner (Cao),data/google_planner/hanoi/Keyword Stats 2026-02-13 at 11_54_58.csv,Viết bài top-list/so sánh; map vào cluster hub; bổ sung schema + ảnh/UGC,B,82.50000000000001,0%,"9,786"
khách sạn trên đường lý thường kiệt hà nội,Khách sạn Hà Nội,Lưu trú,In-scope Hà Nội,Commercial Investigation,50,N/A,N/A,N/A,Planner (Cao),data/google_planner/hanoi/Keyword Stats 2026-02-13 at 11_54_58.csv,Viết bài top-list/so sánh; map vào cluster hub; bổ sung schema + ảnh/UGC,B,82.50000000000001,0%,"11,519"
khách sạn trên đường nguyễn chí thanh hà nội,Khách sạn Hà Nội,Lưu trú,In-scope Hà Nội,Commercial Investigation,50,N/A,N/A,N/A,Planner (Cao),data/google_planner/hanoi/Keyword Stats 2026-02-13 at 11_54_58.csv,Viết bài top-list/so sánh; map vào cluster hub; bổ sung schema + ảnh/UGC,B,82.50000000000001,0%,"9,005"
khách sạn trên đường ngọc khánh hà nội,Khách sạn Hà Nội,Lưu trú,In-scope Hà Nội,Commercial Investigation,50,N/A,N/A,N/A,Planner (Cao),data/google_planner/hanoi/Keyword Stats 2026-02-13 at 11_54_58.csv,Viết bài top-list/so sánh; map vào cluster hub; bổ sung schema + ảnh/UGC,B,82.50000000000001,0%,"12,463"
khách sạn trên đường trần duy hưng hà nội,Khách sạn Hà Nội,Lưu trú,In-scope Hà Nội,Commercial Investigation,50,N/A,N/A,N/A,Planner (Cao),data/google_planner/hanoi/Keyword Stats 2026-02-13 at 11_54_58.csv,Viết bài top-list/so sánh; map vào cluster hub; bổ sung schema + ảnh/UGC,B,82.50000000000001,0%,"22,140"
khách sạn trên đường trần hưng đạo hà nội,Khách sạn Hà Nội,Lưu trú,In-scope Hà Nội,Commercial Investigation,50,N/A,N/A,N/A,Planner (Cao),data/google_planner/hanoi/Keyword Stats 2026-02-13 at 11_54_58.csv,Viết bài top-list/so sánh; map vào cluster hub; bổ sung schema + ảnh/UGC,B,82.50000000000001,0%,"12,996"
khách sạn trần duy hưng hà nội,Khách sạn Hà Nội,Lưu trú,In-scope Hà Nội,Commercial Investigation,50,N/A,N/A,N/A,Planner (Cao),data/google_planner/hanoi/Keyword Stats 2026-02-13 at 11_54_58.csv,Viết bài top-list/so sánh; map vào cluster hub; bổ sung schema + ảnh/UGC,B,82.50000000000001,-90.0%,"15,527"
khách sạn trần hưng đạo hà nội,Khách sạn Hà Nội,Lưu trú,In-scope Hà Nội,Commercial Investigation,50,N/A,N/A,N/A,Planner (Cao),data/google_planner/hanoi/Keyword Stats 2026-02-13 at 11_54_58.csv,Viết bài top-list/so sánh; map vào cluster hub; bổ sung schema + ảnh/UGC,B,82.50000000000001,0%,"9,038"
khách sạn tulip hà nội,Khách sạn Hà Nội,Lưu trú,In-scope Hà Nội,Commercial Investigation,50,N/A,N/A,N/A,Planner (Thấp),data/google_planner/hanoi/Keyword Stats 2026-02-13 at 11_54_58.csv,Viết bài top-list/so sánh; map vào cluster hub; bổ sung schema + ảnh/UGC,B,82.50000000000001,0%,"4,837"
khách sạn tuần châu hà nội,Khách sạn Hà Nội,Lưu trú,In-scope Hà Nội,Commercial Investigation,50,N/A,N/A,N/A,Planner (Trung bình),data/google_planner/hanoi/Keyword Stats 2026-02-13 at 11_54_58.csv,Viết bài top-list/so sánh; map vào cluster hub; bổ sung schema + ảnh/UGC,B,82.50000000000001,0%,"11,310"
khách sạn tốt nhất hà nội,Khách sạn Hà Nội,Lưu trú,In-scope Hà Nội,Commercial Investigation,50,N/A,N/A,N/A,Planner (Cao),data/google_planner/hanoi/Keyword Stats 2026-02-13 at 11_54_58.csv,Viết bài top-list/so sánh; map vào cluster hub; bổ sung schema + ảnh/UGC,B,82.50000000000001,0%,"8,069"
khách sạn tổng thống mỹ ở hà nội,Khách sạn Hà Nội,Lưu trú,In-scope Hà Nội,Commercial Investigation,50,N/A,N/A,N/A,Planner (Thấp),data/google_planner/hanoi/Keyword Stats 2026-02-13 at 11_54_58.csv,Viết bài top-list/so sánh; map vào cluster hub; bổ sung schema + ảnh/UGC,B,82.50000000000001,0%,"9,607"
khách sạn tự check in ở hà nội,Khách sạn Hà Nội,Lưu trú,In-scope Hà Nội,Commercial Investigation,50,N/A,N/A,N/A,Planner (Trung bình),data/google_planner/hanoi/Keyword Stats 2026-02-13 at 11_54_58.csv,Viết bài top-list/so sánh; map vào cluster hub; bổ sung schema + ảnh/UGC,B,82.50000000000001,0%,"12,849"
khách sạn valentine hà nội,Khách sạn Hà Nội,Lưu trú,In-scope Hà Nội,Commercial Investigation,50,N/A,N/A,N/A,Planner (Thấp),data/google_planner/hanoi/Keyword Stats 2026-02-13 at 11_54_58.csv,Viết bài top-list/so sánh; map vào cluster hub; bổ sung schema + ảnh/UGC,B,82.50000000000001,0%,"14,800"
khách sạn vinpearl hà nội,Khách sạn Hà Nội,Lưu trú,In-scope Hà Nội,Commercial Investigation,50,N/A,N/A,N/A,Planner (Trung bình),data/google_planner/hanoi/Keyword Stats 2026-02-13 at 11_54_58.csv,Viết bài top-list/so sánh; map vào cluster hub; bổ sung schema + ảnh/UGC,B,82.50000000000001,0%,"12,810"
khách sạn vision premier hà nội,Khách sạn Hà Nội,Lưu trú,In-scope Hà Nội,Commercial Investigation,50,N/A,N/A,N/A,Planner (Cao),data/google_planner/hanoi/Keyword Stats 2026-02-13 at 11_54_58.csv,Viết bài top-list/so sánh; map vào cluster hub; bổ sung schema + ảnh/UGC,B,82.50000000000001,0%,"24,148"
khách sạn vân đồn hà nội,Khách sạn Hà Nội,Lưu trú,In-scope Hà Nội,Commercial Investigation,50,N/A,N/A,N/A,Planner (Thấp),data/google_planner/hanoi/Keyword Stats 2026-02-13 at 11_54_58.csv,Viết bài top-list/so sánh; map vào cluster hub; bổ sung schema + ảnh/UGC,B,82.50000000000001,0%,"9,267"
khách sạn vườn thủ đô hà nội,Khách sạn Hà Nội,Lưu trú,In-scope Hà Nội,Commercial Investigation,50,N/A,N/A,N/A,Planner (Trung bình),data/google_planner/hanoi/Keyword Stats 2026-02-13 at 11_54_58.csv,Viết bài top-list/so sánh; map vào cluster hub; bổ sung schema + ảnh/UGC,B,82.50000000000001,0%,"14,380"
khách sạn western skyline hà nội,Khách sạn Hà Nội,Lưu trú,In-scope Hà Nội,Commercial Investigation,50,N/A,N/A,N/A,Planner (Trung bình),data/google_planner/hanoi/Keyword Stats 2026-02-13 at 11_54_58.csv,Viết bài top-list/so sánh; map vào cluster hub; bổ sung schema + ảnh/UGC,B,82.50000000000001,0%,"7,918"
khách sạn westlake hà nội,Khách sạn Hà Nội,Lưu trú,In-scope Hà Nội,Commercial Investigation,50,N/A,N/A,N/A,Planner (Trung bình),data/google_planner/hanoi/Keyword Stats 2026-02-13 at 11_54_58.csv,Viết bài top-list/so sánh; map vào cluster hub; bổ sung schema + ảnh/UGC,B,82.50000000000001,0%,"8,738"
khách sạn wyndham garden hà nội địa chỉ,Khách sạn Hà Nội,Lưu trú,In-scope Hà Nội,Commercial Investigation,50,N/A,N/A,N/A,Planner (Thấp),data/google_planner/hanoi/Keyword Stats 2026-02-13 at 11_54_58.csv,Viết bài top-list/so sánh; map vào cluster hub; bổ sung schema + ảnh/UGC,B,82.50000000000001,0%,"10,127"
khách sạn xịn nhất hà nội,Khách sạn Hà Nội,Lưu trú,In-scope Hà Nội,Commercial Investigation,50,N/A,N/A,N/A,Planner (Cao),data/google_planner/hanoi/Keyword Stats 2026-02-13 at 11_54_58.csv,Viết bài top-list/so sánh; map vào cluster hub; bổ sung schema + ảnh/UGC,B,82.50000000000001,0%,"7,998"
khách sạn yolowa hà nội,Khách sạn Hà Nội,Lưu trú,In-scope Hà Nội,Commercial Investigation,50,N/A,N/A,N/A,Planner (Cao),data/google_planner/hanoi/Keyword Stats 2026-02-13 at 11_54_58.csv,Viết bài top-list/so sánh; map vào cluster hub; bổ sung schema + ảnh/UGC,B,82.50000000000001,0%,"9,145"
khách sạn yết kiêu hà nội,Khách sạn Hà Nội,Lưu trú,In-scope Hà Nội,Commercial Investigation,50,N/A,N/A,N/A,Planner (Trung bình),data/google_planner/hanoi/Keyword Stats 2026-02-13 at 11_54_58.csv,Viết bài top-list/so sánh; map vào cluster hub; bổ sung schema + ảnh/UGC,B,82.50000000000001,0%,"7,926"
khách sạn zephyr hà nội,Khách sạn Hà Nội,Lưu trú,In-scope Hà Nội,Commercial Investigation,50,N/A,N/A,N/A,Planner (Trung bình),data/google_planner/hanoi/Keyword Stats 2026-02-13 at 11_54_58.csv,Viết bài top-list/so sánh; map vào cluster hub; bổ sung schema + ảnh/UGC,B,82.50000000000001,0%,"10,646"
khách sạn âu việt hà nội,Khách sạn Hà Nội,Lưu trú,In-scope Hà Nội,Commercial Investigation,50,N/A,N/A,N/A,Planner (Trung bình),data/google_planner/hanoi/Keyword Stats 2026-02-13 at 11_54_58.csv,Viết bài top-list/so sánh; map vào cluster hub; bổ sung schema + ảnh/UGC,B,82.50000000000001,0%,"14,222"
khách sạn đê la thành hà nội,Khách sạn Hà Nội,Lưu trú,In-scope Hà Nội,Commercial Investigation,50,N/A,N/A,N/A,Planner (Trung bình),data/google_planner/hanoi/Keyword Stats 2026-02-13 at 11_54_58.csv,Viết bài top-list/so sánh; map vào cluster hub; bổ sung schema + ảnh/UGC,B,82.50000000000001,0%,"14,021"
khách sạn đông anh hà nội,Khách sạn Hà Nội,Lưu trú,In-scope Hà Nội,Commercial Investigation,50,N/A,N/A,N/A,Planner (Cao),data/google_planner/hanoi/Keyword Stats 2026-02-13 at 11_54_58.csv,Viết bài top-list/so sánh; map vào cluster hub; bổ sung schema + ảnh/UGC,B,82.50000000000001,0%,"17,069"
khách sạn đông đô hà nội,Khách sạn Hà Nội,Lưu trú,In-scope Hà Nội,Commercial Investigation,50,N/A,N/A,N/A,Planner (Thấp),data/google_planner/hanoi/Keyword Stats 2026-02-13 at 11_54_58.csv,Viết bài top-list/so sánh; map vào cluster hub; bổ sung schema + ảnh/UGC,B,82.50000000000001,0%,"14,376"
khách sạn đường bà triệu hà nội,Khách sạn Hà Nội,Lưu trú,In-scope Hà Nội,Commercial Investigation,50,N/A,N/A,N/A,Planner (Cao),data/google_planner/hanoi/Keyword Stats 2026-02-13 at 11_54_58.csv,Viết bài top-list/so sánh; map vào cluster hub; bổ sung schema + ảnh/UGC,B,82.50000000000001,0%,"9,175"
khách sạn đường giải phóng hà nội,Khách sạn Hà Nội,Lưu trú,In-scope Hà Nội,Commercial Investigation,50,N/A,N/A,N/A,Planner (Trung bình),data/google_planner/hanoi/Keyword Stats 2026-02-13 at 11_54_58.csv,Viết bài top-list/so sánh; map vào cluster hub; bổ sung schema + ảnh/UGC,B,82.50000000000001,-90.0%,"22,274"
khách sạn đường láng hạ hà nội,Khách sạn Hà Nội,Lưu trú,In-scope Hà Nội,Commercial Investigation,50,N/A,N/A,N/A,Planner (Cao),data/google_planner/hanoi/Keyword Stats 2026-02-13 at 11_54_58.csv,Viết bài top-list/so sánh; map vào cluster hub; bổ sung schema + ảnh/UGC,B,82.50000000000001,0%,"33,443"
khách sạn đường lý thái tổ hà nội,Khách sạn Hà Nội,Lưu trú,In-scope Hà Nội,Commercial Investigation,50,N/A,N/A,N/A,Planner (Cao),data/google_planner/hanoi/Keyword Stats 2026-02-13 at 11_54_58.csv,Viết bài top-list/so sánh; map vào cluster hub; bổ sung schema + ảnh/UGC,B,82.50000000000001,-90.0%,"12,723"
khách sạn đường lý thường kiệt hà nội,Khách sạn Hà Nội,Lưu trú,In-scope Hà Nội,Commercial Investigation,50,N/A,N/A,N/A,Planner (Cao),data/google_planner/hanoi/Keyword Stats 2026-02-13 at 11_54_58.csv,Viết bài top-list/so sánh; map vào cluster hub; bổ sung schema + ảnh/UGC,B,82.50000000000001,-90.0%,"21,753"
khách sạn đường minh khai hà nội,Khách sạn Hà Nội,Lưu trú,In-scope Hà Nội,Commercial Investigation,50,N/A,N/A,N/A,Planner (Cao),data/google_planner/hanoi/Keyword Stats 2026-02-13 at 11_54_58.csv,Viết bài top-list/so sánh; map vào cluster hub; bổ sung schema + ảnh/UGC,B,82.50000000000001,-90.0%,"13,772"
khách sạn đường nguyễn chí thanh hà nội,Khách sạn Hà Nội,Lưu trú,In-scope Hà Nội,Commercial Investigation,50,N/A,N/A,N/A,Planner (Cao),data/google_planner/hanoi/Keyword Stats 2026-02-13 at 11_54_58.csv,Viết bài top-list/so sánh; map vào cluster hub; bổ sung schema + ảnh/UGC,B,82.50000000000001,-90.0%,"10,893"
khách sạn đường ngọc khánh hà nội,Khách sạn Hà Nội,Lưu trú,In-scope Hà Nội,Commercial Investigation,50,N/A,N/A,N/A,Planner (Cao),data/google_planner/hanoi/Keyword Stats 2026-02-13 at 11_54_58.csv,Viết bài top-list/so sánh; map vào cluster hub; bổ sung schema + ảnh/UGC,B,82.50000000000001,0%,"10,335"
khách sạn đường phạm văn đồng hà nội,Khách sạn Hà Nội,Lưu trú,In-scope Hà Nội,Commercial Investigation,50,N/A,N/A,N/A,Planner (Cao),data/google_planner/hanoi/Keyword Stats 2026-02-13 at 11_54_58.csv,Viết bài top-list/so sánh; map vào cluster hub; bổ sung schema + ảnh/UGC,B,82.50000000000001,0%,"26,438"
khách sạn đường thanh niên hà nội,Khách sạn Hà Nội,Lưu trú,In-scope Hà Nội,Commercial Investigation,50,N/A,N/A,N/A,Planner (Cao),data/google_planner/hanoi/Keyword Stats 2026-02-13 at 11_54_58.csv,Viết bài top-list/so sánh; map vào cluster hub; bổ sung schema + ảnh/UGC,B,82.50000000000001,0%,"11,944"
khách sạn đường thành hà nội,Khách sạn Hà Nội,Lưu trú,In-scope Hà Nội,Commercial Investigation,50,N/A,N/A,N/A,Planner (Cao),data/google_planner/hanoi/Keyword Stats 2026-02-13 at 11_54_58.csv,Viết bài top-list/so sánh; map vào cluster hub; bổ sung schema + ảnh/UGC,B,82.50000000000001,0%,"9,293"
khách sạn đường trần đại nghĩa hà nội,Khách sạn Hà Nội,Lưu trú,In-scope Hà Nội,Commercial Investigation,50,N/A,N/A,N/A,Planner (Cao),data/google_planner/hanoi/Keyword Stats 2026-02-13 at 11_54_58.csv,Viết bài top-list/so sánh; map vào cluster hub; bổ sung schema + ảnh/UGC,B,82.50000000000001,-90.0%,"29,397"
khách sạn đường võ chí công hà nội,Khách sạn Hà Nội,Lưu trú,In-scope Hà Nội,Commercial Investigation,50,N/A,N/A,N/A,Planner (Cao),data/google_planner/hanoi/Keyword Stats 2026-02-13 at 11_54_58.csv,Viết bài top-list/so sánh; map vào cluster hub; bổ sung schema + ảnh/UGC,B,82.50000000000001,0%,"30,380"
khách sạn đẹp nhất hà nội,Khách sạn Hà Nội,Lưu trú,In-scope Hà Nội,Commercial Investigation,50,N/A,N/A,N/A,Planner (Cao),data/google_planner/hanoi/Keyword Stats 2026-02-13 at 11_54_58.csv,Viết bài top-list/so sánh; map vào cluster hub; bổ sung schema + ảnh/UGC,B,82.50000000000001,0%,"8,089"
khách sạn đức trọng hà nội,Khách sạn Hà Nội,Lưu trú,In-scope Hà Nội,Commercial Investigation,50,N/A,N/A,N/A,Planner (Cao),data/google_planner/hanoi/Keyword Stats 2026-02-13 at 11_54_58.csv,Viết bài top-list/so sánh; map vào cluster hub; bổ sung schema + ảnh/UGC,B,82.50000000000001,0%,"10,315"
khách sạn ở gia lâm hà nội,Khách sạn Hà Nội,Lưu trú,In-scope Hà Nội,Transaction,50,N/A,N/A,N/A,Planner (Cao),data/google_planner/hanoi/Keyword Stats 2026-02-13 at 11_54_58.csv,"Tạo landing chuyển đổi (giá/vé/đặt chỗ), gom vào cluster page + build backlink nội bộ",B,82.50000000000001,0%,"16,296"
khách sạn ở hai bà trưng,Khách sạn Hà Nội,Lưu trú,In-scope Hà Nội,Commercial Investigation,50,N/A,N/A,N/A,Planner (Cao),data/google_planner/hanoi/Keyword Stats 2026-02-13 at 11_54_58.csv,Viết bài top-list/so sánh; map vào cluster hub; bổ sung schema + ảnh/UGC,B,82.50000000000001,0%,"30,438"
khách sạn ở lý thường kiệt hà nội,Khách sạn Hà Nội,Lưu trú,In-scope Hà Nội,Commercial Investigation,50,N/A,N/A,N/A,Planner (Cao),data/google_planner/hanoi/Keyword Stats 2026-02-13 at 11_54_58.csv,Viết bài top-list/so sánh; map vào cluster hub; bổ sung schema + ảnh/UGC,B,82.50000000000001,0%,"9,810"
khách sạn ở minh khai hà nội,Khách sạn Hà Nội,Lưu trú,In-scope Hà Nội,Commercial Investigation,50,N/A,N/A,N/A,Planner (Trung bình),data/google_planner/hanoi/Keyword Stats 2026-02-13 at 11_54_58.csv,Viết bài top-list/so sánh; map vào cluster hub; bổ sung schema + ảnh/UGC,B,82.50000000000001,0%,"13,330"
khách sạn ở phố bảo khánh hà nội,Khách sạn Hà Nội,Lưu trú,In-scope Hà Nội,Commercial Investigation,50,N/A,N/A,N/A,Planner (Cao),data/google_planner/hanoi/Keyword Stats 2026-02-13 at 11_54_58.csv,Viết bài top-list/so sánh; map vào cluster hub; bổ sung schema + ảnh/UGC,B,82.50000000000001,0%,"11,008"
khách sạn ở thái hà hà nội,Khách sạn Hà Nội,Lưu trú,In-scope Hà Nội,Commercial Investigation,50,N/A,N/A,N/A,Planner (Cao),data/google_planner/hanoi/Keyword Stats 2026-02-13 at 11_54_58.csv,Viết bài top-list/so sánh; map vào cluster hub; bổ sung schema + ảnh/UGC,B,82.50000000000001,0%,"9,941"
khách sạn ở đông anh hà nội,Khách sạn Hà Nội,Lưu trú,In-scope Hà Nội,Commercial Investigation,50,N/A,N/A,N/A,Planner (Cao),data/google_planner/hanoi/Keyword Stats 2026-02-13 at 11_54_58.csv,Viết bài top-list/so sánh; map vào cluster hub; bổ sung schema + ảnh/UGC,B,82.50000000000001,-90.0%,"11,281"
kim hotel hà nội,Khách sạn Hà Nội,Lưu trú,In-scope Hà Nội,Commercial Investigation,50,N/A,N/A,N/A,Planner (Thấp),data/google_planner/hanoi/Keyword Stats 2026-02-13 at 11_54_58.csv,Viết bài top-list/so sánh; map vào cluster hub; bổ sung schema + ảnh/UGC,B,82.50000000000001,0%,"9,607"
king hotel hà nội,Khách sạn Hà Nội,Lưu trú,In-scope Hà Nội,Commercial Investigation,50,N/A,N/A,N/A,Planner (Trung bình),data/google_planner/hanoi/Keyword Stats 2026-02-13 at 11_54_58.csv,Viết bài top-list/so sánh; map vào cluster hub; bổ sung schema + ảnh/UGC,B,82.50000000000001,-90.0%,"7,803"
mai hotel hà nội,Khách sạn Hà Nội,Lưu trú,In-scope Hà Nội,Commercial Investigation,50,N/A,N/A,N/A,Planner (Trung bình),data/google_planner/hanoi/Keyword Stats 2026-02-13 at 11_54_58.csv,Viết bài top-list/so sánh; map vào cluster hub; bổ sung schema + ảnh/UGC,B,82.50000000000001,-90.0%,"13,923"
mai villa hotel hà nội,Khách sạn Hà Nội,Lưu trú,In-scope Hà Nội,Commercial Investigation,50,N/A,N/A,N/A,Planner (Thấp),data/google_planner/hanoi/Keyword Stats 2026-02-13 at 11_54_58.csv,Viết bài top-list/so sánh; map vào cluster hub; bổ sung schema + ảnh/UGC,B,82.50000000000001,0%,"5,712"
melia hotel hà nội,Khách sạn Hà Nội,Lưu trú,In-scope Hà Nội,Commercial Investigation,50,N/A,N/A,N/A,Planner (Trung bình),data/google_planner/hanoi/Keyword Stats 2026-02-13 at 11_54_58.csv,Viết bài top-list/so sánh; map vào cluster hub; bổ sung schema + ảnh/UGC,B,82.50000000000001,0%,"13,204"
mia hotel hà nội,Khách sạn Hà Nội,Lưu trú,In-scope Hà Nội,Commercial Investigation,50,N/A,N/A,N/A,Planner (Cao),data/google_planner/hanoi/Keyword Stats 2026-02-13 at 11_54_58.csv,Viết bài top-list/so sánh; map vào cluster hub; bổ sung schema + ảnh/UGC,B,82.50000000000001,0%,"19,734"
nguyễn anh hotel hà nội,Khách sạn Hà Nội,Lưu trú,In-scope Hà Nội,Commercial Investigation,50,N/A,N/A,N/A,Planner (Thấp),data/google_planner/hanoi/Keyword Stats 2026-02-13 at 11_54_58.csv,Viết bài top-list/so sánh; map vào cluster hub; bổ sung schema + ảnh/UGC,B,82.50000000000001,0%,"7,896"
những khách sạn đẹp ở hà nội,Khách sạn Hà Nội,Lưu trú,In-scope Hà Nội,Commercial Investigation,50,N/A,N/A,N/A,Planner (Cao),data/google_planner/hanoi/Keyword Stats 2026-02-13 at 11_54_58.csv,Viết bài top-list/so sánh; map vào cluster hub; bổ sung schema + ảnh/UGC,B,82.50000000000001,0%,"17,072"
những khách sạn ở hà nội,Khách sạn Hà Nội,Lưu trú,In-scope Hà Nội,Commercial Investigation,50,N/A,N/A,N/A,Planner (Cao),data/google_planner/hanoi/Keyword Stats 2026-02-13 at 11_54_58.csv,Viết bài top-list/so sánh; map vào cluster hub; bổ sung schema + ảnh/UGC,B,82.50000000000001,0%,"13,616"
nikko hotel hà nội,Khách sạn Hà Nội,Lưu trú,In-scope Hà Nội,Commercial Investigation,50,N/A,N/A,N/A,Planner (Thấp),data/google_planner/hanoi/Keyword Stats 2026-02-13 at 11_54_58.csv,Viết bài top-list/so sánh; map vào cluster hub; bổ sung schema + ảnh/UGC,B,82.50000000000001,0%,"8,309"
phòng hội nghị khách sạn 4 sao hà nội,Khách sạn Hà Nội,Lưu trú,In-scope Hà Nội,Commercial Investigation,50,N/A,N/A,N/A,Planner (Trung bình),data/google_planner/hanoi/Keyword Stats 2026-02-13 at 11_54_58.csv,Viết bài top-list/so sánh; map vào cluster hub; bổ sung schema + ảnh/UGC,B,82.50000000000001,0%,"17,835"
queen hotel hà nội,Khách sạn Hà Nội,Lưu trú,In-scope Hà Nội,Commercial Investigation,50,N/A,N/A,N/A,Planner (Trung bình),data/google_planner/hanoi/Keyword Stats 2026-02-13 at 11_54_58.csv,Viết bài top-list/so sánh; map vào cluster hub; bổ sung schema + ảnh/UGC,B,82.50000000000001,0%,"12,686"
rex hotel hà nội,Khách sạn Hà Nội,Lưu trú,In-scope Hà Nội,Commercial Investigation,50,N/A,N/A,N/A,Planner (Trung bình),data/google_planner/hanoi/Keyword Stats 2026-02-13 at 11_54_58.csv,Viết bài top-list/so sánh; map vào cluster hub; bổ sung schema + ảnh/UGC,B,82.50000000000001,-90.0%,"16,760"
riverside hotel hà nội,Khách sạn Hà Nội,Lưu trú,In-scope Hà Nội,Commercial Investigation,50,N/A,N/A,N/A,Planner (Trung bình),data/google_planner/hanoi/Keyword Stats 2026-02-13 at 11_54_58.csv,Viết bài top-list/so sánh; map vào cluster hub; bổ sung schema + ảnh/UGC,B,82.50000000000001,0%,"21,587"
riverside hà nội hotel,Khách sạn Hà Nội,Lưu trú,In-scope Hà Nội,Commercial Investigation,50,N/A,N/A,N/A,Planner (Cao),data/google_planner/hanoi/Keyword Stats 2026-02-13 at 11_54_58.csv,Viết bài top-list/so sánh; map vào cluster hub; bổ sung schema + ảnh/UGC,B,82.50000000000001,0%,"11,140"
sao mai hotel hà nội,Khách sạn Hà Nội,Lưu trú,In-scope Hà Nội,Commercial Investigation,50,N/A,N/A,N/A,Planner (Trung bình),data/google_planner/hanoi/Keyword Stats 2026-02-13 at 11_54_58.csv,Viết bài top-list/so sánh; map vào cluster hub; bổ sung schema + ảnh/UGC,B,82.50000000000001,-90.0%,"14,635"
sen hotel hà nội,Khách sạn Hà Nội,Lưu trú,In-scope Hà Nội,Commercial Investigation,50,N/A,N/A,N/A,Planner (Trung bình),data/google_planner/hanoi/Keyword Stats 2026-02-13 at 11_54_58.csv,Viết bài top-list/so sánh; map vào cluster hub; bổ sung schema + ảnh/UGC,B,82.50000000000001,0%,"13,358"
sunway hotel hà nội,Khách sạn Hà Nội,Lưu trú,In-scope Hà Nội,Commercial Investigation,50,N/A,N/A,N/A,Planner (Cao),data/google_planner/hanoi/Keyword Stats 2026-02-13 at 11_54_58.csv,Viết bài top-list/so sánh; map vào cluster hub; bổ sung schema + ảnh/UGC,B,82.50000000000001,0%,"14,903"
the oriental jade hotel hà nội,Khách sạn Hà Nội,Lưu trú,In-scope Hà Nội,Commercial Investigation,50,N/A,N/A,N/A,Planner (Cao),data/google_planner/hanoi/Keyword Stats 2026-02-13 at 11_54_58.csv,Viết bài top-list/so sánh; map vào cluster hub; bổ sung schema + ảnh/UGC,B,82.50000000000001,0%,"19,732"
the q hotel hà nội,Khách sạn Hà Nội,Lưu trú,In-scope Hà Nội,Commercial Investigation,50,N/A,N/A,N/A,Planner (Thấp),data/google_planner/hanoi/Keyword Stats 2026-02-13 at 11_54_58.csv,Viết bài top-list/so sánh; map vào cluster hub; bổ sung schema + ảnh/UGC,B,82.50000000000001,0%,"11,621"
tulip hotel hà nội,Khách sạn Hà Nội,Lưu trú,In-scope Hà Nội,Commercial Investigation,50,N/A,N/A,N/A,Planner (Thấp),data/google_planner/hanoi/Keyword Stats 2026-02-13 at 11_54_58.csv,Viết bài top-list/so sánh; map vào cluster hub; bổ sung schema + ảnh/UGC,B,82.50000000000001,0%,"10,906"
tổng hợp khách sạn 5 sao hà nội,Khách sạn Hà Nội,Lưu trú,In-scope Hà Nội,Commercial Investigation,50,N/A,N/A,N/A,Planner (Cao),data/google_planner/hanoi/Keyword Stats 2026-02-13 at 11_54_58.csv,Viết bài top-list/so sánh; map vào cluster hub; bổ sung schema + ảnh/UGC,B,82.50000000000001,0%,"5,193"
venus hotel hà nội,Khách sạn Hà Nội,Lưu trú,In-scope Hà Nội,Commercial Investigation,50,N/A,N/A,N/A,Planner (Trung bình),data/google_planner/hanoi/Keyword Stats 2026-02-13 at 11_54_58.csv,Viết bài top-list/so sánh; map vào cluster hub; bổ sung schema + ảnh/UGC,B,82.50000000000001,0%,"44,599"
voucher khách sạn hà nội,Khách sạn Hà Nội,Lưu trú,In-scope Hà Nội,Transaction,50,N/A,N/A,N/A,Planner (Trung bình),data/google_planner/hanoi/Keyword Stats 2026-02-13 at 11_54_58.csv,"Tạo landing chuyển đổi (giá/vé/đặt chỗ), gom vào cluster page + build backlink nội bộ",B,82.50000000000001,0%,"17,137"
zen hotel hà nội,Khách sạn Hà Nội,Lưu trú,In-scope Hà Nội,Commercial Investigation,50,N/A,N/A,N/A,Planner (Thấp),data/google_planner/hanoi/Keyword Stats 2026-02-13 at 11_54_58.csv,Viết bài top-list/so sánh; map vào cluster hub; bổ sung schema + ảnh/UGC,B,82.50000000000001,0%,"10,259"
đi hà nội nên ở khách sạn nào,Khách sạn Hà Nội,Lưu trú,In-scope Hà Nội,Commercial Investigation,50,N/A,N/A,N/A,Planner (Cao),data/google_planner/hanoi/Keyword Stats 2026-02-13 at 11_54_58.csv,Viết bài top-list/so sánh; map vào cluster hub; bổ sung schema + ảnh/UGC,B,82.50000000000001,0%,"22,140"
đặt phòng khách sạn fortuna hà nội,Khách sạn Hà Nội,Lưu trú,In-scope Hà Nội,Commercial Investigation,50,N/A,N/A,N/A,Planner (Cao),data/google_planner/hanoi/Keyword Stats 2026-02-13 at 11_54_58.csv,Viết bài top-list/so sánh; map vào cluster hub; bổ sung schema + ảnh/UGC,B,82.50000000000001,0%,"33,666"
đặt phòng khách sạn giá rẻ tại hà nội,Khách sạn Hà Nội,Lưu trú,In-scope Hà Nội,Transaction,50,N/A,N/A,N/A,Planner (Cao),data/google_planner/hanoi/Keyword Stats 2026-02-13 at 11_54_58.csv,"Tạo landing chuyển đổi (giá/vé/đặt chỗ), gom vào cluster page + build backlink nội bộ",B,82.50000000000001,0%,"454,605"
đặt phòng khách sạn grand plaza hà nội,Khách sạn Hà Nội,Lưu trú,In-scope Hà Nội,Commercial Investigation,50,N/A,N/A,N/A,Planner (Cao),data/google_planner/hanoi/Keyword Stats 2026-02-13 at 11_54_58.csv,Viết bài top-list/so sánh; map vào cluster hub; bổ sung schema + ảnh/UGC,B,82.50000000000001,0%,"57,566"
đặt phòng khách sạn intercontinental hà nội,Khách sạn Hà Nội,Lưu trú,In-scope Hà Nội,Commercial Investigation,50,N/A,N/A,N/A,Planner (Cao),data/google_planner/hanoi/Keyword Stats 2026-02-13 at 11_54_58.csv,Viết bài top-list/so sánh; map vào cluster hub; bổ sung schema + ảnh/UGC,B,82.50000000000001,0%,"9,018"
đặt phòng khách sạn kim liên hà nội,Khách sạn Hà Nội,Lưu trú,In-scope Hà Nội,Commercial Investigation,50,N/A,N/A,N/A,Planner (Cao),data/google_planner/hanoi/Keyword Stats 2026-02-13 at 11_54_58.csv,Viết bài top-list/so sánh; map vào cluster hub; bổ sung schema + ảnh/UGC,B,82.50000000000001,0%,"12,330"
đặt phòng khách sạn marriott hà nội,Khách sạn Hà Nội,Lưu trú,In-scope Hà Nội,Commercial Investigation,50,N/A,N/A,N/A,Planner (Cao),data/google_planner/hanoi/Keyword Stats 2026-02-13 at 11_54_58.csv,Viết bài top-list/so sánh; map vào cluster hub; bổ sung schema + ảnh/UGC,B,82.50000000000001,0%,"20,254"
địa chỉ khách sạn daewoo hà nội,Khách sạn Hà Nội,Lưu trú,In-scope Hà Nội,Commercial Investigation,50,N/A,N/A,N/A,Planner (Thấp),data/google_planner/hanoi/Keyword Stats 2026-02-13 at 11_54_58.csv,Viết bài top-list/so sánh; map vào cluster hub; bổ sung schema + ảnh/UGC,B,82.50000000000001,0%,"3,555"
địa chỉ khách sạn hà nội giảng võ,Khách sạn Hà Nội,Lưu trú,In-scope Hà Nội,Commercial Investigation,50,N/A,N/A,N/A,Planner (Trung bình),data/google_planner/hanoi/Keyword Stats 2026-02-13 at 11_54_58.csv,Viết bài top-list/so sánh; map vào cluster hub; bổ sung schema + ảnh/UGC,B,82.50000000000001,0%,"6,657"
địa chỉ khách sạn marriott hà nội,Khách sạn Hà Nội,Lưu trú,In-scope Hà Nội,Commercial Investigation,50,N/A,N/A,N/A,Planner (Thấp),data/google_planner/hanoi/Keyword Stats 2026-02-13 at 11_54_58.csv,Viết bài top-list/so sánh; map vào cluster hub; bổ sung schema + ảnh/UGC,B,82.50000000000001,0%,"6,653"
địa chỉ khách sạn mường thanh hà nội,Khách sạn Hà Nội,Lưu trú,In-scope Hà Nội,Commercial Investigation,50,N/A,N/A,N/A,Planner (Trung bình),data/google_planner/hanoi/Keyword Stats 2026-02-13 at 11_54_58.csv,Viết bài top-list/so sánh; map vào cluster hub; bổ sung schema + ảnh/UGC,B,82.50000000000001,0%,"10,250"
địa chỉ khách sạn sheraton hà nội,Khách sạn Hà Nội,Lưu trú,In-scope Hà Nội,Commercial Investigation,50,N/A,N/A,N/A,Planner (Trung bình),data/google_planner/hanoi/Keyword Stats 2026-02-13 at 11_54_58.csv,Viết bài top-list/so sánh; map vào cluster hub; bổ sung schema + ảnh/UGC,B,82.50000000000001,0%,"4,831"
đức trọng hotel hà nội,Khách sạn Hà Nội,Lưu trú,In-scope Hà Nội,Commercial Investigation,50,N/A,N/A,N/A,Planner (Cao),data/google_planner/hanoi/Keyword Stats 2026-02-13 at 11_54_58.csv,Viết bài top-list/so sánh; map vào cluster hub; bổ sung schema + ảnh/UGC,B,82.50000000000001,0%,"14,012"
khách sạn tại hà nội giá rẻ,Khách sạn Hà Nội,Lưu trú,In-scope Hà Nội,Transaction,50,N/A,N/A,N/A,Planner (Cao),data/google_planner/hanoi/Keyword Stats 2026-02-13 at 11_54_58.csv,"Tạo landing chuyển đổi (giá/vé/đặt chỗ), gom vào cluster page + build backlink nội bộ",B,75.0,0%,0
khách sạn eastin hà nội,Khách sạn Hà Nội,Lưu trú,In-scope Hà Nội,Commercial Investigation,50,N/A,N/A,N/A,Planner (Thấp),data/google_planner/hanoi/Keyword Stats 2026-02-13 at 11_54_58.csv,Viết bài top-list/so sánh; map vào cluster hub; bổ sung schema + ảnh/UGC,B,75.0,0%,0
agoda khach san ha noi,Khách sạn Hà Nội,Lưu trú,In-scope Hà Nội,Commercial Investigation,50,N/A,N/A,N/A,Planner (Trung bình),data/google_planner/hanoi/Keyword Stats 2026-02-13 at 11_54_58.csv,Viết bài top-list/so sánh; map vào cluster hub; bổ sung schema + ảnh/UGC,B,75.0,0%,0
đặt phòng khách sạn metropole hà nội,Khách sạn Hà Nội,Lưu trú,In-scope Hà Nội,Commercial Investigation,50,N/A,N/A,N/A,Planner (Cao),data/google_planner/hanoi/Keyword Stats 2026-02-13 at 11_54_58.csv,Viết bài top-list/so sánh; map vào cluster hub; bổ sung schema + ảnh/UGC,B,75.0,0%,0
grand k hanoi suites hotel,Khách sạn Hà Nội,Lưu trú,In-scope Hà Nội,Commercial Investigation,50,N/A,N/A,N/A,Planner (Cao),data/google_planner/hanoi/Keyword Stats 2026-02-13 at 11_54_58.csv,Viết bài top-list/so sánh; map vào cluster hub; bổ sung schema + ảnh/UGC,B,75.0,0%,0
hà nội graceful hotel,Khách sạn Hà Nội,Lưu trú,In-scope Hà Nội,Commercial Investigation,50,N/A,N/A,N/A,Planner (Trung bình),data/google_planner/hanoi/Keyword Stats 2026-02-13 at 11_54_58.csv,Viết bài top-list/so sánh; map vào cluster hub; bổ sung schema + ảnh/UGC,B,75.0,0%,0
khách sạn emerald hà nội,Khách sạn Hà Nội,Lưu trú,In-scope Hà Nội,Commercial Investigation,50,N/A,N/A,N/A,Planner (Thấp),data/google_planner/hanoi/Keyword Stats 2026-02-13 at 11_54_58.csv,Viết bài top-list/so sánh; map vào cluster hub; bổ sung schema + ảnh/UGC,B,75.0,0%,0
khách sạn oyo hà nội,Khách sạn Hà Nội,Lưu trú,In-scope Hà Nội,Commercial Investigation,50,N/A,N/A,N/A,Planner (Trung bình),data/google_planner/hanoi/Keyword Stats 2026-02-13 at 11_54_58.csv,Viết bài top-list/so sánh; map vào cluster hub; bổ sung schema + ảnh/UGC,B,75.0,0%,0
khách sạn hanoi la siesta hotel & spa,Khách sạn Hà Nội,Lưu trú,In-scope Hà Nội,Commercial Investigation,50,N/A,N/A,N/A,Planner (Thấp),data/google_planner/hanoi/Keyword Stats 2026-02-13 at 11_54_58.csv,Viết bài top-list/so sánh; map vào cluster hub; bổ sung schema + ảnh/UGC,B,75.0,-90.0%,0
các dịch vụ của khách sạn marriott hà nội,Khách sạn Hà Nội,Lưu trú,In-scope Hà Nội,Commercial Investigation,50,N/A,N/A,N/A,Planner (Không xác định),data/google_planner/hanoi/Keyword Stats 2026-02-13 at 11_54_58.csv,Viết bài top-list/so sánh; map vào cluster hub; bổ sung schema + ảnh/UGC,B,75.0,-100.0%,0
các loại phòng của khách sạn sheraton hà nội,Khách sạn Hà Nội,Lưu trú,In-scope Hà Nội,Commercial Investigation,50,N/A,N/A,N/A,Planner (Không xác định),data/google_planner/hanoi/Keyword Stats 2026-02-13 at 11_54_58.csv,Viết bài top-list/so sánh; map vào cluster hub; bổ sung schema + ảnh/UGC,B,75.0,-100.0%,0
công ty liên doanh khách sạn tnhh hà nội hotel,Khách sạn Hà Nội,Lưu trú,In-scope Hà Nội,Commercial Investigation,50,N/A,N/A,N/A,Planner (Thấp),data/google_planner/hanoi/Keyword Stats 2026-02-13 at 11_54_58.csv,Viết bài top-list/so sánh; map vào cluster hub; bổ sung schema + ảnh/UGC,B,75.0,0%,0
dolce hotel hà nội,Khách sạn Hà Nội,Lưu trú,In-scope Hà Nội,Commercial Investigation,50,N/A,N/A,N/A,Planner (Cao),data/google_planner/hanoi/Keyword Stats 2026-02-13 at 11_54_58.csv,Viết bài top-list/so sánh; map vào cluster hub; bổ sung schema + ảnh/UGC,B,75.0,0%,0
dragon pearl hotel hà nội,Khách sạn Hà Nội,Lưu trú,In-scope Hà Nội,Commercial Investigation,50,N/A,N/A,N/A,Planner (Thấp),data/google_planner/hanoi/Keyword Stats 2026-02-13 at 11_54_58.csv,Viết bài top-list/so sánh; map vào cluster hub; bổ sung schema + ảnh/UGC,B,75.0,0%,0
emerald hotel hà nội,Khách sạn Hà Nội,Lưu trú,In-scope Hà Nội,Commercial Investigation,50,N/A,N/A,N/A,Planner (Cao),data/google_planner/hanoi/Keyword Stats 2026-02-13 at 11_54_58.csv,Viết bài top-list/so sánh; map vào cluster hub; bổ sung schema + ảnh/UGC,B,75.0,0%,0
giá phòng khách sạn 4 sao tại hà nội,Khách sạn Hà Nội,Lưu trú,In-scope Hà Nội,Transaction,50,N/A,N/A,N/A,Planner (Thấp),data/google_planner/hanoi/Keyword Stats 2026-02-13 at 11_54_58.csv,"Tạo landing chuyển đổi (giá/vé/đặt chỗ), gom vào cluster page + build backlink nội bộ",B,75.0,0%,0
giá phòng khách sạn 5 sao hà nội,Khách sạn Hà Nội,Lưu trú,In-scope Hà Nội,Transaction,50,N/A,N/A,N/A,Planner (Không xác định),data/google_planner/hanoi/Keyword Stats 2026-02-13 at 11_54_58.csv,"Tạo landing chuyển đổi (giá/vé/đặt chỗ), gom vào cluster page + build backlink nội bộ",B,75.0,-100.0%,0
giá phòng khách sạn crowne plaza hà nội,Khách sạn Hà Nội,Lưu trú,In-scope Hà Nội,Transaction,50,N/A,N/A,N/A,Planner (Thấp),data/google_planner/hanoi/Keyword Stats 2026-02-13 at 11_54_58.csv,"Tạo landing chuyển đổi (giá/vé/đặt chỗ), gom vào cluster page + build backlink nội bộ",B,75.0,0%,0
giá phòng khách sạn dát vàng hà nội,Khách sạn Hà Nội,Lưu trú,In-scope Hà Nội,Transaction,50,N/A,N/A,N/A,Planner (Không xác định),data/google_planner/hanoi/Keyword Stats 2026-02-13 at 11_54_58.csv,"Tạo landing chuyển đổi (giá/vé/đặt chỗ), gom vào cluster page + build backlink nội bộ",B,75.0,-100.0%,0
giá phòng khách sạn dát vàng ở hà nội,Khách sạn Hà Nội,Lưu trú,In-scope Hà Nội,Transaction,50,N/A,N/A,N/A,Planner (Trung bình),data/google_planner/hanoi/Keyword Stats 2026-02-13 at 11_54_58.csv,"Tạo landing chuyển đổi (giá/vé/đặt chỗ), gom vào cluster page + build backlink nội bộ",B,75.0,0%,0
giá phòng khách sạn movenpick hà nội,Khách sạn Hà Nội,Lưu trú,In-scope Hà Nội,Transaction,50,N/A,N/A,N/A,Planner (Trung bình),data/google_planner/hanoi/Keyword Stats 2026-02-13 at 11_54_58.csv,"Tạo landing chuyển đổi (giá/vé/đặt chỗ), gom vào cluster page + build backlink nội bộ",B,75.0,0%,0
giá phòng khách sạn nam thanh hà nội,Khách sạn Hà Nội,Lưu trú,In-scope Hà Nội,Transaction,50,N/A,N/A,N/A,Planner (Thấp),data/google_planner/hanoi/Keyword Stats 2026-02-13 at 11_54_58.csv,"Tạo landing chuyển đổi (giá/vé/đặt chỗ), gom vào cluster page + build backlink nội bộ",B,75.0,0%,0
giá phòng khách sạn sofitel metropole hà nội,Khách sạn Hà Nội,Lưu trú,In-scope Hà Nội,Transaction,50,N/A,N/A,N/A,Planner (Cao),data/google_planner/hanoi/Keyword Stats 2026-02-13 at 11_54_58.csv,"Tạo landing chuyển đổi (giá/vé/đặt chỗ), gom vào cluster page + build backlink nội bộ",B,75.0,0%,0
giá phòng khách sạn điện lực hà nội,Khách sạn Hà Nội,Lưu trú,In-scope Hà Nội,Transaction,50,N/A,N/A,N/A,Planner (Trung bình),data/google_planner/hanoi/Keyword Stats 2026-02-13 at 11_54_58.csv,"Tạo landing chuyển đổi (giá/vé/đặt chỗ), gom vào cluster page + build backlink nội bộ",B,75.0,0%,0
giá thuê phòng khách sạn kim liên hà nội,Khách sạn Hà Nội,Lưu trú,In-scope Hà Nội,Transaction,50,N/A,N/A,N/A,Planner (Trung bình),data/google_planner/hanoi/Keyword Stats 2026-02-13 at 11_54_58.csv,"Tạo landing chuyển đổi (giá/vé/đặt chỗ), gom vào cluster page + build backlink nội bộ",B,75.0,0%,0
hanoi horse hotel,Khách sạn Hà Nội,Lưu trú,In-scope Hà Nội,Commercial Investigation,50,N/A,N/A,N/A,Planner (Trung bình),data/google_planner/hanoi/Keyword Stats 2026-02-13 at 11_54_58.csv,Viết bài top-list/so sánh; map vào cluster hub; bổ sung schema + ảnh/UGC,B,75.0,0%,0
hilton hotel hà nội,Khách sạn Hà Nội,Lưu trú,In-scope Hà Nội,Commercial Investigation,50,N/A,N/A,N/A,Planner (Thấp),data/google_planner/hanoi/Keyword Stats 2026-02-13 at 11_54_58.csv,Viết bài top-list/so sánh; map vào cluster hub; bổ sung schema + ảnh/UGC,B,75.0,0%,0
hotel có bồn tắm hà nội,Khách sạn Hà Nội,Lưu trú,In-scope Hà Nội,Commercial Investigation,50,N/A,N/A,N/A,Planner (Cao),data/google_planner/hanoi/Keyword Stats 2026-02-13 at 11_54_58.csv,Viết bài top-list/so sánh; map vào cluster hub; bổ sung schema + ảnh/UGC,B,75.0,0%,0
hà anh hotel hà nội,Khách sạn Hà Nội,Lưu trú,In-scope Hà Nội,Commercial Investigation,50,N/A,N/A,N/A,Planner (Cao),data/google_planner/hanoi/Keyword Stats 2026-02-13 at 11_54_58.csv,Viết bài top-list/so sánh; map vào cluster hub; bổ sung schema + ảnh/UGC,B,75.0,0%,0
imperial hotel & spa hà nội,Khách sạn Hà Nội,Lưu trú,In-scope Hà Nội,Commercial Investigation,50,N/A,N/A,N/A,Planner (Trung bình),data/google_planner/hanoi/Keyword Stats 2026-02-13 at 11_54_58.csv,Viết bài top-list/so sánh; map vào cluster hub; bổ sung schema + ảnh/UGC,B,75.0,0%,0
khach san dien luc ha noi,Khách sạn Hà Nội,Lưu trú,In-scope Hà Nội,Commercial Investigation,50,N/A,N/A,N/A,Planner (Thấp),data/google_planner/hanoi/Keyword Stats 2026-02-13 at 11_54_58.csv,Viết bài top-list/so sánh; map vào cluster hub; bổ sung schema + ảnh/UGC,B,75.0,0%,0
khach san hilton opera hanoi,Khách sạn Hà Nội,Lưu trú,In-scope Hà Nội,Commercial Investigation,50,N/A,N/A,N/A,Planner (Không xác định),data/google_planner/hanoi/Keyword Stats 2026-02-13 at 11_54_58.csv,Viết bài top-list/so sánh; map vào cluster hub; bổ sung schema + ảnh/UGC,B,75.0,-100.0%,0
khach san hong ha hanoi,Khách sạn Hà Nội,Lưu trú,In-scope Hà Nội,Commercial Investigation,50,N/A,N/A,N/A,Planner (Trung bình),data/google_planner/hanoi/Keyword Stats 2026-02-13 at 11_54_58.csv,Viết bài top-list/so sánh; map vào cluster hub; bổ sung schema + ảnh/UGC,B,75.0,0%,0
khách sạn 49 hai bà trưng hà nội,Khách sạn Hà Nội,Lưu trú,In-scope Hà Nội,Commercial Investigation,50,N/A,N/A,N/A,Planner (Cao),data/google_planner/hanoi/Keyword Stats 2026-02-13 at 11_54_58.csv,Viết bài top-list/so sánh; map vào cluster hub; bổ sung schema + ảnh/UGC,B,75.0,0%,0
khách sạn 7 sao hà nội,Khách sạn Hà Nội,Lưu trú,In-scope Hà Nội,Commercial Investigation,50,N/A,N/A,N/A,Planner (Thấp),data/google_planner/hanoi/Keyword Stats 2026-02-13 at 11_54_58.csv,Viết bài top-list/so sánh; map vào cluster hub; bổ sung schema + ảnh/UGC,B,75.0,0%,0
khách sạn 7 sao ở hà nội,Khách sạn Hà Nội,Lưu trú,In-scope Hà Nội,Commercial Investigation,50,N/A,N/A,N/A,Planner (Thấp),data/google_planner/hanoi/Keyword Stats 2026-02-13 at 11_54_58.csv,Viết bài top-list/so sánh; map vào cluster hub; bổ sung schema + ảnh/UGC,B,75.0,0%,0
khách sạn 7s splendid pearlight hà nội,Khách sạn Hà Nội,Lưu trú,In-scope Hà Nội,Commercial Investigation,50,N/A,N/A,N/A,Planner (Cao),data/google_planner/hanoi/Keyword Stats 2026-02-13 at 11_54_58.csv,Viết bài top-list/so sánh; map vào cluster hub; bổ sung schema + ảnh/UGC,B,75.0,0%,0
khách sạn a25 quận đống đa,Khách sạn Hà Nội,Lưu trú,In-scope Hà Nội,Commercial Investigation,50,N/A,N/A,N/A,Planner (Trung bình),data/google_planner/hanoi/Keyword Stats 2026-02-13 at 11_54_58.csv,Viết bài top-list/so sánh; map vào cluster hub; bổ sung schema + ảnh/UGC,B,75.0,0%,0
khách sạn agoda hà nội,Khách sạn Hà Nội,Lưu trú,In-scope Hà Nội,Commercial Investigation,50,N/A,N/A,N/A,Planner (Trung bình),data/google_planner/hanoi/Keyword Stats 2026-02-13 at 11_54_58.csv,Viết bài top-list/so sánh; map vào cluster hub; bổ sung schema + ảnh/UGC,B,75.0,0%,0
khách sạn almaz hà nội,Khách sạn Hà Nội,Lưu trú,In-scope Hà Nội,Commercial Investigation,50,N/A,N/A,N/A,Planner (Thấp),data/google_planner/hanoi/Keyword Stats 2026-02-13 at 11_54_58.csv,Viết bài top-list/so sánh; map vào cluster hub; bổ sung schema + ảnh/UGC,B,75.0,0%,0
khách sạn ancient paradise hà nội,Khách sạn Hà Nội,Lưu trú,In-scope Hà Nội,Commercial Investigation,50,N/A,N/A,N/A,Planner (Trung bình),data/google_planner/hanoi/Keyword Stats 2026-02-13 at 11_54_58.csv,Viết bài top-list/so sánh; map vào cluster hub; bổ sung schema + ảnh/UGC,B,75.0,0%,0
khách sạn atrium hà nội,Khách sạn Hà Nội,Lưu trú,In-scope Hà Nội,Commercial Investigation,50,N/A,N/A,N/A,Planner (Thấp),data/google_planner/hanoi/Keyword Stats 2026-02-13 at 11_54_58.csv,Viết bài top-list/so sánh; map vào cluster hub; bổ sung schema + ảnh/UGC,B,75.0,0%,0
khách sạn bella rosa hà nội,Khách sạn Hà Nội,Lưu trú,In-scope Hà Nội,Commercial Investigation,50,N/A,N/A,N/A,Planner (Trung bình),data/google_planner/hanoi/Keyword Stats 2026-02-13 at 11_54_58.csv,Viết bài top-list/so sánh; map vào cluster hub; bổ sung schema + ảnh/UGC,B,75.0,0%,0
khách sạn beryl palace hanoi,Khách sạn Hà Nội,Lưu trú,In-scope Hà Nội,Commercial Investigation,50,N/A,N/A,N/A,Planner (Thấp),data/google_planner/hanoi/Keyword Stats 2026-02-13 at 11_54_58.csv,Viết bài top-list/so sánh; map vào cluster hub; bổ sung schema + ảnh/UGC,B,75.0,0%,0
khách sạn blue diamond nguyễn khánh toàn hà nội,Khách sạn Hà Nội,Lưu trú,In-scope Hà Nội,Commercial Investigation,50,N/A,N/A,N/A,Planner (Không xác định),data/google_planner/hanoi/Keyword Stats 2026-02-13 at 11_54_58.csv,Viết bài top-list/so sánh; map vào cluster hub; bổ sung schema + ảnh/UGC,B,75.0,-100.0%,0
khách sạn blue pearl hà nội,Khách sạn Hà Nội,Lưu trú,In-scope Hà Nội,Commercial Investigation,50,N/A,N/A,N/A,Planner (Thấp),data/google_planner/hanoi/Keyword Stats 2026-02-13 at 11_54_58.csv,Viết bài top-list/so sánh; map vào cluster hub; bổ sung schema + ảnh/UGC,B,75.0,0%,0
khách sạn bảo sơn international hà nội,Khách sạn Hà Nội,Lưu trú,In-scope Hà Nội,Commercial Investigation,50,N/A,N/A,N/A,Planner (Trung bình),data/google_planner/hanoi/Keyword Stats 2026-02-13 at 11_54_58.csv,Viết bài top-list/so sánh; map vào cluster hub; bổ sung schema + ảnh/UGC,B,75.0,0%,0
khách sạn bộ quốc phòng hà nội,Khách sạn Hà Nội,Lưu trú,In-scope Hà Nội,Commercial Investigation,50,N/A,N/A,N/A,Planner (Thấp),data/google_planner/hanoi/Keyword Stats 2026-02-13 at 11_54_58.csv,Viết bài top-list/so sánh; map vào cluster hub; bổ sung schema + ảnh/UGC,B,75.0,0%,0
khách sạn chic boutique hà nội,Khách sạn Hà Nội,Lưu trú,In-scope Hà Nội,Commercial Investigation,50,N/A,N/A,N/A,Planner (Thấp),data/google_planner/hanoi/Keyword Stats 2026-02-13 at 11_54_58.csv,Viết bài top-list/so sánh; map vào cluster hub; bổ sung schema + ảnh/UGC,B,75.0,0%,0
khách sạn cho các cặp đôi hà nội,Khách sạn Hà Nội,Lưu trú,In-scope Hà Nội,Commercial Investigation,50,N/A,N/A,N/A,Planner (Không xác định),data/google_planner/hanoi/Keyword Stats 2026-02-13 at 11_54_58.csv,Viết bài top-list/so sánh; map vào cluster hub; bổ sung schema + ảnh/UGC,B,75.0,-100.0%,0
khách sạn cho cặp đôi hà nội,Khách sạn Hà Nội,Lưu trú,In-scope Hà Nội,Commercial Investigation,50,N/A,N/A,N/A,Planner (Cao),data/google_planner/hanoi/Keyword Stats 2026-02-13 at 11_54_58.csv,Viết bài top-list/so sánh; map vào cluster hub; bổ sung schema + ảnh/UGC,B,75.0,0%,0
khách sạn cho người nhật ở hà nội,Khách sạn Hà Nội,Lưu trú,In-scope Hà Nội,Commercial Investigation,50,N/A,N/A,N/A,Planner (Cao),data/google_planner/hanoi/Keyword Stats 2026-02-13 at 11_54_58.csv,Viết bài top-list/so sánh; map vào cluster hub; bổ sung schema + ảnh/UGC,B,75.0,0%,0
khách sạn chụp ảnh đẹp ở hà nội,Khách sạn Hà Nội,Lưu trú,In-scope Hà Nội,Commercial Investigation,50,N/A,N/A,N/A,Planner (Thấp),data/google_planner/hanoi/Keyword Stats 2026-02-13 at 11_54_58.csv,Viết bài top-list/so sánh; map vào cluster hub; bổ sung schema + ảnh/UGC,B,75.0,0%,0
khách sạn crowne hà nội,Khách sạn Hà Nội,Lưu trú,In-scope Hà Nội,Commercial Investigation,50,N/A,N/A,N/A,Planner (Thấp),data/google_planner/hanoi/Keyword Stats 2026-02-13 at 11_54_58.csv,Viết bài top-list/so sánh; map vào cluster hub; bổ sung schema + ảnh/UGC,B,75.0,0%,0
khách sạn có bồn tắm giá rẻ ở hà nội,Khách sạn Hà Nội,Lưu trú,In-scope Hà Nội,Transaction,50,N/A,N/A,N/A,Planner (Cao),data/google_planner/hanoi/Keyword Stats 2026-02-13 at 11_54_58.csv,"Tạo landing chuyển đổi (giá/vé/đặt chỗ), gom vào cluster page + build backlink nội bộ",B,75.0,0%,0
khách sạn có phòng hội thảo tại hà nội,Khách sạn Hà Nội,Lưu trú,In-scope Hà Nội,Commercial Investigation,50,N/A,N/A,N/A,Planner (Thấp),data/google_planner/hanoi/Keyword Stats 2026-02-13 at 11_54_58.csv,Viết bài top-list/so sánh; map vào cluster hub; bổ sung schema + ảnh/UGC,B,75.0,0%,0
khách sạn có phòng xông hơi hà nội,Khách sạn Hà Nội,Lưu trú,In-scope Hà Nội,Commercial Investigation,50,N/A,N/A,N/A,Planner (Cao),data/google_planner/hanoi/Keyword Stats 2026-02-13 at 11_54_58.csv,Viết bài top-list/so sánh; map vào cluster hub; bổ sung schema + ảnh/UGC,B,75.0,0%,0
khách sạn công đoàn hà nội xanh hải tiến,Khách sạn Hà Nội,Lưu trú,In-scope Hà Nội,Commercial Investigation,50,N/A,N/A,N/A,Planner (Thấp),data/google_planner/hanoi/Keyword Stats 2026-02-13 at 11_54_58.csv,Viết bài top-list/so sánh; map vào cluster hub; bổ sung schema + ảnh/UGC,B,75.0,0%,0
khách sạn dal vostro hà nội,Khách sạn Hà Nội,Lưu trú,In-scope Hà Nội,Commercial Investigation,50,N/A,N/A,N/A,Planner (Cao),data/google_planner/hanoi/Keyword Stats 2026-02-13 at 11_54_58.csv,Viết bài top-list/so sánh; map vào cluster hub; bổ sung schema + ảnh/UGC,B,75.0,0%,0
khách sạn de l opera hà nội mgallery,Khách sạn Hà Nội,Lưu trú,In-scope Hà Nội,Commercial Investigation,50,N/A,N/A,N/A,Planner (Trung bình),data/google_planner/hanoi/Keyword Stats 2026-02-13 at 11_54_58.csv,Viết bài top-list/so sánh; map vào cluster hub; bổ sung schema + ảnh/UGC,B,75.0,0%,0
khách sạn diamond legend hotel hà nội,Khách sạn Hà Nội,Lưu trú,In-scope Hà Nội,Commercial Investigation,50,N/A,N/A,N/A,Planner (Không xác định),data/google_planner/hanoi/Keyword Stats 2026-02-13 at 11_54_58.csv,Viết bài top-list/so sánh; map vào cluster hub; bổ sung schema + ảnh/UGC,B,75.0,-100.0%,0
khách sạn diamond nostalgia hà nội,Khách sạn Hà Nội,Lưu trú,In-scope Hà Nội,Commercial Investigation,50,N/A,N/A,N/A,Planner (Trung bình),data/google_planner/hanoi/Keyword Stats 2026-02-13 at 11_54_58.csv,Viết bài top-list/so sánh; map vào cluster hub; bổ sung schema + ảnh/UGC,B,75.0,0%,0
khách sạn dragon pearl hotel hà nội,Khách sạn Hà Nội,Lưu trú,In-scope Hà Nội,Commercial Investigation,50,N/A,N/A,N/A,Planner (Trung bình),data/google_planner/hanoi/Keyword Stats 2026-02-13 at 11_54_58.csv,Viết bài top-list/so sánh; map vào cluster hub; bổ sung schema + ảnh/UGC,B,75.0,0%,0
khách sạn dát vàng dolce by wyndham hanoi golden lake,Khách sạn Hà Nội,Lưu trú,In-scope Hà Nội,Transaction,50,N/A,N/A,N/A,Planner (Cao),data/google_planner/hanoi/Keyword Stats 2026-02-13 at 11_54_58.csv,"Tạo landing chuyển đổi (giá/vé/đặt chỗ), gom vào cluster page + build backlink nội bộ",B,75.0,0%,0
khách sạn dát vàng hà nội giá phòng,Khách sạn Hà Nội,Lưu trú,In-scope Hà Nội,Transaction,50,N/A,N/A,N/A,Planner (Trung bình),data/google_planner/hanoi/Keyword Stats 2026-02-13 at 11_54_58.csv,"Tạo landing chuyển đổi (giá/vé/đặt chỗ), gom vào cluster page + build backlink nội bộ",B,75.0,0%,0
khách sạn e central hà nội,Khách sạn Hà Nội,Lưu trú,In-scope Hà Nội,Commercial Investigation,50,N/A,N/A,N/A,Planner (Thấp),data/google_planner/hanoi/Keyword Stats 2026-02-13 at 11_54_58.csv,Viết bài top-list/so sánh; map vào cluster hub; bổ sung schema + ảnh/UGC,B,75.0,0%,0
khách sạn fortuna 6b láng hạ quận ba đình,Khách sạn Hà Nội,Lưu trú,In-scope Hà Nội,Commercial Investigation,50,N/A,N/A,N/A,Planner (Cao),data/google_planner/hanoi/Keyword Stats 2026-02-13 at 11_54_58.csv,Viết bài top-list/so sánh; map vào cluster hub; bổ sung schema + ảnh/UGC,B,75.0,0%,0
khách sạn golden charm hà nội,Khách sạn Hà Nội,Lưu trú,In-scope Hà Nội,Commercial Investigation,50,N/A,N/A,N/A,Planner (Thấp),data/google_planner/hanoi/Keyword Stats 2026-02-13 at 11_54_58.csv,Viết bài top-list/so sánh; map vào cluster hub; bổ sung schema + ảnh/UGC,B,75.0,-90.0%,0
khách sạn gần chợ đồng xuân hà nội,Khách sạn Hà Nội,Lưu trú,In-scope Hà Nội,Commercial Investigation,50,N/A,N/A,N/A,Planner (Cao),data/google_planner/hanoi/Keyword Stats 2026-02-13 at 11_54_58.csv,Viết bài top-list/so sánh; map vào cluster hub; bổ sung schema + ảnh/UGC,B,75.0,0%,0
khách sạn hanoi center silk,Khách sạn Hà Nội,Lưu trú,In-scope Hà Nội,Commercial Investigation,50,N/A,N/A,N/A,Planner (Trung bình),data/google_planner/hanoi/Keyword Stats 2026-02-13 at 11_54_58.csv,Viết bài top-list/so sánh; map vào cluster hub; bổ sung schema + ảnh/UGC,B,75.0,0%,0
khách sạn hanoi emerald waters hotel,Khách sạn Hà Nội,Lưu trú,In-scope Hà Nội,Commercial Investigation,50,N/A,N/A,N/A,Planner (Thấp),data/google_planner/hanoi/Keyword Stats 2026-02-13 at 11_54_58.csv,Viết bài top-list/so sánh; map vào cluster hub; bổ sung schema + ảnh/UGC,B,75.0,0%,0
khách sạn hotel de l opera hanoi,Khách sạn Hà Nội,Lưu trú,In-scope Hà Nội,Commercial Investigation,50,N/A,N/A,N/A,Planner (Trung bình),data/google_planner/hanoi/Keyword Stats 2026-02-13 at 11_54_58.csv,Viết bài top-list/so sánh; map vào cluster hub; bổ sung schema + ảnh/UGC,B,75.0,0%,0
khách sạn hyatt regency hà nội,Khách sạn Hà Nội,Lưu trú,In-scope Hà Nội,Commercial Investigation,50,N/A,N/A,N/A,Planner (Thấp),data/google_planner/hanoi/Keyword Stats 2026-02-13 at 11_54_58.csv,Viết bài top-list/so sánh; map vào cluster hub; bổ sung schema + ảnh/UGC,B,75.0,0%,0
khách sạn hyatt regency west hà nội,Khách sạn Hà Nội,Lưu trú,In-scope Hà Nội,Commercial Investigation,50,N/A,N/A,N/A,Planner (Thấp),data/google_planner/hanoi/Keyword Stats 2026-02-13 at 11_54_58.csv,Viết bài top-list/so sánh; map vào cluster hub; bổ sung schema + ảnh/UGC,B,75.0,0%,0
khách sạn hà anh hà nội,Khách sạn Hà Nội,Lưu trú,In-scope Hà Nội,Commercial Investigation,50,N/A,N/A,N/A,Planner (Thấp),data/google_planner/hanoi/Keyword Stats 2026-02-13 at 11_54_58.csv,Viết bài top-list/so sánh; map vào cluster hub; bổ sung schema + ảnh/UGC,B,75.0,0%,0
khách sạn hà nội moment,Khách sạn Hà Nội,Lưu trú,In-scope Hà Nội,Commercial Investigation,50,N/A,N/A,N/A,Planner (Thấp),data/google_planner/hanoi/Keyword Stats 2026-02-13 at 11_54_58.csv,Viết bài top-list/so sánh; map vào cluster hub; bổ sung schema + ảnh/UGC,B,75.0,0%,0
khách sạn hà nội mytour,Khách sạn Hà Nội,Lưu trú,In-scope Hà Nội,Commercial Investigation,50,N/A,N/A,N/A,Planner (Cao),data/google_planner/hanoi/Keyword Stats 2026-02-13 at 11_54_58.csv,Viết bài top-list/so sánh; map vào cluster hub; bổ sung schema + ảnh/UGC,B,75.0,0%,0
khách sạn hà nội nostalgia,Khách sạn Hà Nội,Lưu trú,In-scope Hà Nội,Commercial Investigation,50,N/A,N/A,N/A,Planner (Cao),data/google_planner/hanoi/Keyword Stats 2026-02-13 at 11_54_58.csv,Viết bài top-list/so sánh; map vào cluster hub; bổ sung schema + ảnh/UGC,B,75.0,0%,0
khách sạn hà nội opera,Khách sạn Hà Nội,Lưu trú,In-scope Hà Nội,Commercial Investigation,50,N/A,N/A,N/A,Planner (Thấp),data/google_planner/hanoi/Keyword Stats 2026-02-13 at 11_54_58.csv,Viết bài top-list/so sánh; map vào cluster hub; bổ sung schema + ảnh/UGC,B,75.0,0%,0
khách sạn hà nội paradise,Khách sạn Hà Nội,Lưu trú,In-scope Hà Nội,Commercial Investigation,50,N/A,N/A,N/A,Planner (Trung bình),data/google_planner/hanoi/Keyword Stats 2026-02-13 at 11_54_58.csv,Viết bài top-list/so sánh; map vào cluster hub; bổ sung schema + ảnh/UGC,B,75.0,0%,0
khách sạn hà nội phố,Khách sạn Hà Nội,Lưu trú,In-scope Hà Nội,Commercial Investigation,50,N/A,N/A,N/A,Planner (Thấp),data/google_planner/hanoi/Keyword Stats 2026-02-13 at 11_54_58.csv,Viết bài top-list/so sánh; map vào cluster hub; bổ sung schema + ảnh/UGC,B,75.0,0%,0
khách sạn hà nội royal palace 2,Khách sạn Hà Nội,Lưu trú,In-scope Hà Nội,Commercial Investigation,50,N/A,N/A,N/A,Planner (Thấp),data/google_planner/hanoi/Keyword Stats 2026-02-13 at 11_54_58.csv,Viết bài top-list/so sánh; map vào cluster hub; bổ sung schema + ảnh/UGC,B,75.0,0%,0
khách sạn hà nội starlight,Khách sạn Hà Nội,Lưu trú,In-scope Hà Nội,Commercial Investigation,50,N/A,N/A,N/A,Planner (Cao),data/google_planner/hanoi/Keyword Stats 2026-02-13 at 11_54_58.csv,Viết bài top-list/so sánh; map vào cluster hub; bổ sung schema + ảnh/UGC,B,75.0,0%,0
khách sạn hà nội sunshine,Khách sạn Hà Nội,Lưu trú,In-scope Hà Nội,Commercial Investigation,50,N/A,N/A,N/A,Planner (Không xác định),data/google_planner/hanoi/Keyword Stats 2026-02-13 at 11_54_58.csv,Viết bài top-list/so sánh; map vào cluster hub; bổ sung schema + ảnh/UGC,B,75.0,-100.0%,0
khách sạn hà nội view đẹp,Khách sạn Hà Nội,Lưu trú,In-scope Hà Nội,Commercial Investigation,50,N/A,N/A,N/A,Planner (Cao),data/google_planner/hanoi/Keyword Stats 2026-02-13 at 11_54_58.csv,Viết bài top-list/so sánh; map vào cluster hub; bổ sung schema + ảnh/UGC,B,75.0,0%,0
khách sạn intercontinental hà nội ở đầu,Khách sạn Hà Nội,Lưu trú,In-scope Hà Nội,Commercial Investigation,50,N/A,N/A,N/A,Planner (Trung bình),data/google_planner/hanoi/Keyword Stats 2026-02-13 at 11_54_58.csv,Viết bài top-list/so sánh; map vào cluster hub; bổ sung schema + ảnh/UGC,B,75.0,0%,0
khách sạn intercontinental westlake hà nội,Khách sạn Hà Nội,Lưu trú,In-scope Hà Nội,Commercial Investigation,50,N/A,N/A,N/A,Planner (Trung bình),data/google_planner/hanoi/Keyword Stats 2026-02-13 at 11_54_58.csv,Viết bài top-list/so sánh; map vào cluster hub; bổ sung schema + ảnh/UGC,B,75.0,0%,0
khách sạn keangnam hà nội,Khách sạn Hà Nội,Lưu trú,In-scope Hà Nội,Commercial Investigation,50,N/A,N/A,N/A,Planner (Thấp),data/google_planner/hanoi/Keyword Stats 2026-02-13 at 11_54_58.csv,Viết bài top-list/so sánh; map vào cluster hub; bổ sung schema + ảnh/UGC,B,75.0,0%,0
khách sạn king ly hà nội,Khách sạn Hà Nội,Lưu trú,In-scope Hà Nội,Commercial Investigation,50,N/A,N/A,N/A,Planner (Trung bình),data/google_planner/hanoi/Keyword Stats 2026-02-13 at 11_54_58.csv,Viết bài top-list/so sánh; map vào cluster hub; bổ sung schema + ảnh/UGC,B,75.0,0%,0
khách sạn l harmonie hà nội,Khách sạn Hà Nội,Lưu trú,In-scope Hà Nội,Commercial Investigation,50,N/A,N/A,N/A,Planner (Thấp),data/google_planner/hanoi/Keyword Stats 2026-02-13 at 11_54_58.csv,Viết bài top-list/so sánh; map vào cluster hub; bổ sung schema + ảnh/UGC,B,75.0,0%,0
khách sạn la paz hà nội,Khách sạn Hà Nội,Lưu trú,In-scope Hà Nội,Commercial Investigation,50,N/A,N/A,N/A,Planner (Không xác định),data/google_planner/hanoi/Keyword Stats 2026-02-13 at 11_54_58.csv,Viết bài top-list/so sánh; map vào cluster hub; bổ sung schema + ảnh/UGC,B,75.0,-100.0%,0
khách sạn la sinfonía hà nội,Khách sạn Hà Nội,Lưu trú,In-scope Hà Nội,Commercial Investigation,50,N/A,N/A,N/A,Planner (Trung bình),data/google_planner/hanoi/Keyword Stats 2026-02-13 at 11_54_58.csv,Viết bài top-list/so sánh; map vào cluster hub; bổ sung schema + ảnh/UGC,B,75.0,0%,0
khách sạn le carnot hà nội,Khách sạn Hà Nội,Lưu trú,In-scope Hà Nội,Commercial Investigation,50,N/A,N/A,N/A,Planner (Trung bình),data/google_planner/hanoi/Keyword Stats 2026-02-13 at 11_54_58.csv,Viết bài top-list/so sánh; map vào cluster hub; bổ sung schema + ảnh/UGC,B,75.0,0%,0
khách sạn lucky 3 hà nội,Khách sạn Hà Nội,Lưu trú,In-scope Hà Nội,Commercial Investigation,50,N/A,N/A,N/A,Planner (Trung bình),data/google_planner/hanoi/Keyword Stats 2026-02-13 at 11_54_58.csv,Viết bài top-list/so sánh; map vào cluster hub; bổ sung schema + ảnh/UGC,B,75.0,0%,0
khách sạn lullaby hà nội,Khách sạn Hà Nội,Lưu trú,In-scope Hà Nội,Commercial Investigation,50,N/A,N/A,N/A,Planner (Cao),data/google_planner/hanoi/Keyword Stats 2026-02-13 at 11_54_58.csv,Viết bài top-list/so sánh; map vào cluster hub; bổ sung schema + ảnh/UGC,B,75.0,0%,0
khách sạn lãng mạn ở hà nội,Khách sạn Hà Nội,Lưu trú,In-scope Hà Nội,Commercial Investigation,50,N/A,N/A,N/A,Planner (Trung bình),data/google_planner/hanoi/Keyword Stats 2026-02-13 at 11_54_58.csv,Viết bài top-list/so sánh; map vào cluster hub; bổ sung schema + ảnh/UGC,B,75.0,0%,0
khách sạn mercure la gare hà nội,Khách sạn Hà Nội,Lưu trú,In-scope Hà Nội,Commercial Investigation,50,N/A,N/A,N/A,Planner (Trung bình),data/google_planner/hanoi/Keyword Stats 2026-02-13 at 11_54_58.csv,Viết bài top-list/so sánh; map vào cluster hub; bổ sung schema + ảnh/UGC,B,75.0,0%,0
khách sạn metropole hà nội giá phòng,Khách sạn Hà Nội,Lưu trú,In-scope Hà Nội,Transaction,50,N/A,N/A,N/A,Planner (Không xác định),data/google_planner/hanoi/Keyword Stats 2026-02-13 at 11_54_58.csv,"Tạo landing chuyển đổi (giá/vé/đặt chỗ), gom vào cluster page + build backlink nội bộ",B,75.0,-100.0%,0
khách sạn metropole hà nội địa chỉ,Khách sạn Hà Nội,Lưu trú,In-scope Hà Nội,Commercial Investigation,50,N/A,N/A,N/A,Planner (Thấp),data/google_planner/hanoi/Keyword Stats 2026-02-13 at 11_54_58.csv,Viết bài top-list/so sánh; map vào cluster hub; bổ sung schema + ảnh/UGC,B,75.0,0%,0
khách sạn mina hà nội,Khách sạn Hà Nội,Lưu trú,In-scope Hà Nội,Commercial Investigation,50,N/A,N/A,N/A,Planner (Thấp),data/google_planner/hanoi/Keyword Stats 2026-02-13 at 11_54_58.csv,Viết bài top-list/so sánh; map vào cluster hub; bổ sung schema + ảnh/UGC,B,75.0,0%,0
khách sạn misa hà nội,Khách sạn Hà Nội,Lưu trú,In-scope Hà Nội,Commercial Investigation,50,N/A,N/A,N/A,Planner (Thấp),data/google_planner/hanoi/Keyword Stats 2026-02-13 at 11_54_58.csv,Viết bài top-list/so sánh; map vào cluster hub; bổ sung schema + ảnh/UGC,B,75.0,0%,0
khách sạn momizi hà nội,Khách sạn Hà Nội,Lưu trú,In-scope Hà Nội,Commercial Investigation,50,N/A,N/A,N/A,Planner (Thấp),data/google_planner/hanoi/Keyword Stats 2026-02-13 at 11_54_58.csv,Viết bài top-list/so sánh; map vào cluster hub; bổ sung schema + ảnh/UGC,B,75.0,0%,0
khách sạn mường thanh hà nội grand centre,Khách sạn Hà Nội,Lưu trú,In-scope Hà Nội,Commercial Investigation,50,N/A,N/A,N/A,Planner (Không xác định),data/google_planner/hanoi/Keyword Stats 2026-02-13 at 11_54_58.csv,Viết bài top-list/so sánh; map vào cluster hub; bổ sung schema + ảnh/UGC,B,75.0,-100.0%,0
khách sạn mường thanh hà nội ở đầu,Khách sạn Hà Nội,Lưu trú,In-scope Hà Nội,Commercial Investigation,50,N/A,N/A,N/A,Planner (Không xác định),data/google_planner/hanoi/Keyword Stats 2026-02-13 at 11_54_58.csv,Viết bài top-list/so sánh; map vào cluster hub; bổ sung schema + ảnh/UGC,B,75.0,-100.0%,0
khách sạn nam cường hà nội,Khách sạn Hà Nội,Lưu trú,In-scope Hà Nội,Commercial Investigation,50,N/A,N/A,N/A,Planner (Thấp),data/google_planner/hanoi/Keyword Stats 2026-02-13 at 11_54_58.csv,Viết bài top-list/so sánh; map vào cluster hub; bổ sung schema + ảnh/UGC,B,75.0,0%,0
khách sạn nguyễn văn cừ hà nội,Khách sạn Hà Nội,Lưu trú,In-scope Hà Nội,Commercial Investigation,50,N/A,N/A,N/A,Planner (Trung bình),data/google_planner/hanoi/Keyword Stats 2026-02-13 at 11_54_58.csv,Viết bài top-list/so sánh; map vào cluster hub; bổ sung schema + ảnh/UGC,B,75.0,0%,0
khách sạn night hà nội,Khách sạn Hà Nội,Lưu trú,In-scope Hà Nội,Commercial Investigation,50,N/A,N/A,N/A,Planner (Thấp),data/google_planner/hanoi/Keyword Stats 2026-02-13 at 11_54_58.csv,Viết bài top-list/so sánh; map vào cluster hub; bổ sung schema + ảnh/UGC,B,75.0,0%,0
khách sạn novotel hà nội duy tan,Khách sạn Hà Nội,Lưu trú,In-scope Hà Nội,Commercial Investigation,50,N/A,N/A,N/A,Planner (Cao),data/google_planner/hanoi/Keyword Stats 2026-02-13 at 11_54_58.csv,Viết bài top-list/so sánh; map vào cluster hub; bổ sung schema + ảnh/UGC,B,75.0,0%,0
khách sạn oasis hà nội,Khách sạn Hà Nội,Lưu trú,In-scope Hà Nội,Commercial Investigation,50,N/A,N/A,N/A,Planner (Thấp),data/google_planner/hanoi/Keyword Stats 2026-02-13 at 11_54_58.csv,Viết bài top-list/so sánh; map vào cluster hub; bổ sung schema + ảnh/UGC,B,75.0,0%,0
khách sạn peridot grand hà nội,Khách sạn Hà Nội,Lưu trú,In-scope Hà Nội,Commercial Investigation,50,N/A,N/A,N/A,Planner (Trung bình),data/google_planner/hanoi/Keyword Stats 2026-02-13 at 11_54_58.csv,Viết bài top-list/so sánh; map vào cluster hub; bổ sung schema + ảnh/UGC,B,75.0,0%,0
khách sạn phòng đẹp tại hà nội,Khách sạn Hà Nội,Lưu trú,In-scope Hà Nội,Commercial Investigation,50,N/A,N/A,N/A,Planner (Cao),data/google_planner/hanoi/Keyword Stats 2026-02-13 at 11_54_58.csv,Viết bài top-list/so sánh; map vào cluster hub; bổ sung schema + ảnh/UGC,B,75.0,0%,0
khách sạn reddoorz hà nội,Khách sạn Hà Nội,Lưu trú,In-scope Hà Nội,Commercial Investigation,50,N/A,N/A,N/A,Planner (Cao),data/google_planner/hanoi/Keyword Stats 2026-02-13 at 11_54_58.csv,Viết bài top-list/so sánh; map vào cluster hub; bổ sung schema + ảnh/UGC,B,75.0,0%,0
khách sạn rosarian hà nội,Khách sạn Hà Nội,Lưu trú,In-scope Hà Nội,Commercial Investigation,50,N/A,N/A,N/A,Planner (Trung bình),data/google_planner/hanoi/Keyword Stats 2026-02-13 at 11_54_58.csv,Viết bài top-list/so sánh; map vào cluster hub; bổ sung schema + ảnh/UGC,B,75.0,0%,0
khách sạn rose garden hà nội,Khách sạn Hà Nội,Lưu trú,In-scope Hà Nội,Commercial Investigation,50,N/A,N/A,N/A,Planner (Cao),data/google_planner/hanoi/Keyword Stats 2026-02-13 at 11_54_58.csv,Viết bài top-list/so sánh; map vào cluster hub; bổ sung schema + ảnh/UGC,B,75.0,0%,0
khách sạn royal holiday hà nội,Khách sạn Hà Nội,Lưu trú,In-scope Hà Nội,Commercial Investigation,50,N/A,N/A,N/A,Planner (Thấp),data/google_planner/hanoi/Keyword Stats 2026-02-13 at 11_54_58.csv,Viết bài top-list/so sánh; map vào cluster hub; bổ sung schema + ảnh/UGC,B,75.0,0%,0
khách sạn royal palace 2 hà nội,Khách sạn Hà Nội,Lưu trú,In-scope Hà Nội,Commercial Investigation,50,N/A,N/A,N/A,Planner (Không xác định),data/google_planner/hanoi/Keyword Stats 2026-02-13 at 11_54_58.csv,Viết bài top-list/so sánh; map vào cluster hub; bổ sung schema + ảnh/UGC,B,75.0,0%,0
khách sạn royal palace hà nội,Khách sạn Hà Nội,Lưu trú,In-scope Hà Nội,Commercial Investigation,50,N/A,N/A,N/A,Planner (Không xác định),data/google_planner/hanoi/Keyword Stats 2026-02-13 at 11_54_58.csv,Viết bài top-list/so sánh; map vào cluster hub; bổ sung schema + ảnh/UGC,B,75.0,-100.0%,0
khách sạn royal st hà nội,Khách sạn Hà Nội,Lưu trú,In-scope Hà Nội,Commercial Investigation,50,N/A,N/A,N/A,Planner (Cao),data/google_planner/hanoi/Keyword Stats 2026-02-13 at 11_54_58.csv,Viết bài top-list/so sánh; map vào cluster hub; bổ sung schema + ảnh/UGC,B,75.0,0%,0
khách sạn ruby hà nội,Khách sạn Hà Nội,Lưu trú,In-scope Hà Nội,Commercial Investigation,50,N/A,N/A,N/A,Planner (Thấp),data/google_planner/hanoi/Keyword Stats 2026-02-13 at 11_54_58.csv,Viết bài top-list/so sánh; map vào cluster hub; bổ sung schema + ảnh/UGC,B,75.0,0%,0
khách sạn sheraton hà nội mấy sao,Khách sạn Hà Nội,Lưu trú,In-scope Hà Nội,Commercial Investigation,50,N/A,N/A,N/A,Planner (Thấp),data/google_planner/hanoi/Keyword Stats 2026-02-13 at 11_54_58.csv,Viết bài top-list/so sánh; map vào cluster hub; bổ sung schema + ảnh/UGC,B,75.0,0%,0
khách sạn silk hà nội,Khách sạn Hà Nội,Lưu trú,In-scope Hà Nội,Commercial Investigation,50,N/A,N/A,N/A,Planner (Thấp),data/google_planner/hanoi/Keyword Stats 2026-02-13 at 11_54_58.csv,Viết bài top-list/so sánh; map vào cluster hub; bổ sung schema + ảnh/UGC,B,75.0,0%,0
khách sạn silk queen grand hà nội,Khách sạn Hà Nội,Lưu trú,In-scope Hà Nội,Commercial Investigation,50,N/A,N/A,N/A,Planner (Thấp),data/google_planner/hanoi/Keyword Stats 2026-02-13 at 11_54_58.csv,Viết bài top-list/so sánh; map vào cluster hub; bổ sung schema + ảnh/UGC,B,75.0,0%,0
khách sạn silk queen hà nội,Khách sạn Hà Nội,Lưu trú,In-scope Hà Nội,Commercial Investigation,50,N/A,N/A,N/A,Planner (Trung bình),data/google_planner/hanoi/Keyword Stats 2026-02-13 at 11_54_58.csv,Viết bài top-list/so sánh; map vào cluster hub; bổ sung schema + ảnh/UGC,B,75.0,0%,0
khách sạn sofitel plaza hà nội,Khách sạn Hà Nội,Lưu trú,In-scope Hà Nội,Commercial Investigation,50,N/A,N/A,N/A,Planner (Trung bình),data/google_planner/hanoi/Keyword Stats 2026-02-13 at 11_54_58.csv,Viết bài top-list/so sánh; map vào cluster hub; bổ sung schema + ảnh/UGC,B,75.0,0%,0
khách sạn soleil hà nội,Khách sạn Hà Nội,Lưu trú,In-scope Hà Nội,Commercial Investigation,50,N/A,N/A,N/A,Planner (Cao),data/google_planner/hanoi/Keyword Stats 2026-02-13 at 11_54_58.csv,Viết bài top-list/so sánh; map vào cluster hub; bổ sung schema + ảnh/UGC,B,75.0,0%,0
khách sạn sunny 2 hà nội,Khách sạn Hà Nội,Lưu trú,In-scope Hà Nội,Commercial Investigation,50,N/A,N/A,N/A,Planner (Trung bình),data/google_planner/hanoi/Keyword Stats 2026-02-13 at 11_54_58.csv,Viết bài top-list/so sánh; map vào cluster hub; bổ sung schema + ảnh/UGC,B,75.0,0%,0
khách sạn sunny hotel hà nội,Khách sạn Hà Nội,Lưu trú,In-scope Hà Nội,Commercial Investigation,50,N/A,N/A,N/A,Planner (Thấp),data/google_planner/hanoi/Keyword Stats 2026-02-13 at 11_54_58.csv,Viết bài top-list/so sánh; map vào cluster hub; bổ sung schema + ảnh/UGC,B,75.0,0%,0
khách sạn sunshine hà nội,Khách sạn Hà Nội,Lưu trú,In-scope Hà Nội,Commercial Investigation,50,N/A,N/A,N/A,Planner (Thấp),data/google_planner/hanoi/Keyword Stats 2026-02-13 at 11_54_58.csv,Viết bài top-list/so sánh; map vào cluster hub; bổ sung schema + ảnh/UGC,B,75.0,0%,0
khách sạn the q hà nội,Khách sạn Hà Nội,Lưu trú,In-scope Hà Nội,Commercial Investigation,50,N/A,N/A,N/A,Planner (Trung bình),data/google_planner/hanoi/Keyword Stats 2026-02-13 at 11_54_58.csv,Viết bài top-list/so sánh; map vào cluster hub; bổ sung schema + ảnh/UGC,B,75.0,0%,0
khách sạn thuê theo giờ tại hà nội,Khách sạn Hà Nội,Lưu trú,In-scope Hà Nội,Transaction,50,N/A,N/A,N/A,Planner (Cao),data/google_planner/hanoi/Keyword Stats 2026-02-13 at 11_54_58.csv,"Tạo landing chuyển đổi (giá/vé/đặt chỗ), gom vào cluster page + build backlink nội bộ",B,75.0,0%,0
khách sạn trung nam hà nội,Khách sạn Hà Nội,Lưu trú,In-scope Hà Nội,Commercial Investigation,50,N/A,N/A,N/A,Planner (Thấp),data/google_planner/hanoi/Keyword Stats 2026-02-13 at 11_54_58.csv,Viết bài top-list/so sánh; map vào cluster hub; bổ sung schema + ảnh/UGC,B,75.0,0%,0
khách sạn trên đường nguyễn phong sắc hà nội,Khách sạn Hà Nội,Lưu trú,In-scope Hà Nội,Commercial Investigation,50,N/A,N/A,N/A,Planner (Trung bình),data/google_planner/hanoi/Keyword Stats 2026-02-13 at 11_54_58.csv,Viết bài top-list/so sánh; map vào cluster hub; bổ sung schema + ảnh/UGC,B,75.0,0%,0
khách sạn venus hà nội,Khách sạn Hà Nội,Lưu trú,In-scope Hà Nội,Commercial Investigation,50,N/A,N/A,N/A,Planner (Thấp),data/google_planner/hanoi/Keyword Stats 2026-02-13 at 11_54_58.csv,Viết bài top-list/so sánh; map vào cluster hub; bổ sung schema + ảnh/UGC,B,75.0,0%,0
khách sạn view đẹp ở hà nội,Khách sạn Hà Nội,Lưu trú,In-scope Hà Nội,Commercial Investigation,50,N/A,N/A,N/A,Planner (Cao),data/google_planner/hanoi/Keyword Stats 2026-02-13 at 11_54_58.csv,Viết bài top-list/so sánh; map vào cluster hub; bổ sung schema + ảnh/UGC,B,75.0,0%,0
khách sạn violin hà nội,Khách sạn Hà Nội,Lưu trú,In-scope Hà Nội,Commercial Investigation,50,N/A,N/A,N/A,Planner (Trung bình),data/google_planner/hanoi/Keyword Stats 2026-02-13 at 11_54_58.csv,Viết bài top-list/so sánh; map vào cluster hub; bổ sung schema + ảnh/UGC,B,75.0,0%,0
khách sạn vision boutique hà nội,Khách sạn Hà Nội,Lưu trú,In-scope Hà Nội,Commercial Investigation,50,N/A,N/A,N/A,Planner (Trung bình),data/google_planner/hanoi/Keyword Stats 2026-02-13 at 11_54_58.csv,Viết bài top-list/so sánh; map vào cluster hub; bổ sung schema + ảnh/UGC,B,75.0,0%,0
khách sạn việt mỹ hà nội,Khách sạn Hà Nội,Lưu trú,In-scope Hà Nội,Commercial Investigation,50,N/A,N/A,N/A,Planner (Trung bình),data/google_planner/hanoi/Keyword Stats 2026-02-13 at 11_54_58.csv,Viết bài top-list/so sánh; map vào cluster hub; bổ sung schema + ảnh/UGC,B,75.0,0%,0
khách sạn vàng ở hà nội,Khách sạn Hà Nội,Lưu trú,In-scope Hà Nội,Commercial Investigation,50,N/A,N/A,N/A,Planner (Thấp),data/google_planner/hanoi/Keyword Stats 2026-02-13 at 11_54_58.csv,Viết bài top-list/so sánh; map vào cluster hub; bổ sung schema + ảnh/UGC,B,75.0,0%,0
khách sạn westin hà nội,Khách sạn Hà Nội,Lưu trú,In-scope Hà Nội,Commercial Investigation,50,N/A,N/A,N/A,Planner (Thấp),data/google_planner/hanoi/Keyword Stats 2026-02-13 at 11_54_58.csv,Viết bài top-list/so sánh; map vào cluster hub; bổ sung schema + ảnh/UGC,B,75.0,0%,0
khách sạn zen hà nội,Khách sạn Hà Nội,Lưu trú,In-scope Hà Nội,Commercial Investigation,50,N/A,N/A,N/A,Planner (Thấp),data/google_planner/hanoi/Keyword Stats 2026-02-13 at 11_54_58.csv,Viết bài top-list/so sánh; map vào cluster hub; bổ sung schema + ảnh/UGC,B,75.0,0%,0
khách sạn ánh dương hà nội,Khách sạn Hà Nội,Lưu trú,In-scope Hà Nội,Commercial Investigation,50,N/A,N/A,N/A,Planner (Thấp),data/google_planner/hanoi/Keyword Stats 2026-02-13 at 11_54_58.csv,Viết bài top-list/so sánh; map vào cluster hub; bổ sung schema + ảnh/UGC,B,75.0,0%,0
khách sạn đường nguyễn phong sắc hà nội,Khách sạn Hà Nội,Lưu trú,In-scope Hà Nội,Commercial Investigation,50,N/A,N/A,N/A,Planner (Cao),data/google_planner/hanoi/Keyword Stats 2026-02-13 at 11_54_58.csv,Viết bài top-list/so sánh; map vào cluster hub; bổ sung schema + ảnh/UGC,B,75.0,0%,0
khách sạn đẹp giá rẻ ở hà nội,Khách sạn Hà Nội,Lưu trú,In-scope Hà Nội,Transaction,50,N/A,N/A,N/A,Planner (Cao),data/google_planner/hanoi/Keyword Stats 2026-02-13 at 11_54_58.csv,"Tạo landing chuyển đổi (giá/vé/đặt chỗ), gom vào cluster page + build backlink nội bộ",B,75.0,0%,0
khách sạn đẹp ở hà nội giá rẻ,Khách sạn Hà Nội,Lưu trú,In-scope Hà Nội,Transaction,50,N/A,N/A,N/A,Planner (Cao),data/google_planner/hanoi/Keyword Stats 2026-02-13 at 11_54_58.csv,"Tạo landing chuyển đổi (giá/vé/đặt chỗ), gom vào cluster page + build backlink nội bộ",B,75.0,0%,0
mua khách sạn hà nội,Khách sạn Hà Nội,Lưu trú,In-scope Hà Nội,Transaction,50,N/A,N/A,N/A,Planner (Thấp),data/google_planner/hanoi/Keyword Stats 2026-02-13 at 11_54_58.csv,"Tạo landing chuyển đổi (giá/vé/đặt chỗ), gom vào cluster page + build backlink nội bộ",B,75.0,0%,0
oyo hotel hà nội,Khách sạn Hà Nội,Lưu trú,In-scope Hà Nội,Commercial Investigation,50,N/A,N/A,N/A,Planner (Trung bình),data/google_planner/hanoi/Keyword Stats 2026-02-13 at 11_54_58.csv,Viết bài top-list/so sánh; map vào cluster hub; bổ sung schema + ảnh/UGC,B,75.0,0%,0
phòng khách sạn tại hà nội,Khách sạn Hà Nội,Lưu trú,In-scope Hà Nội,Commercial Investigation,50,N/A,N/A,N/A,Planner (Cao),data/google_planner/hanoi/Keyword Stats 2026-02-13 at 11_54_58.csv,Viết bài top-list/so sánh; map vào cluster hub; bổ sung schema + ảnh/UGC,B,75.0,0%,0
phòng khách sạn đẹp ở hà nội,Khách sạn Hà Nội,Lưu trú,In-scope Hà Nội,Commercial Investigation,50,N/A,N/A,N/A,Planner (Trung bình),data/google_planner/hanoi/Keyword Stats 2026-02-13 at 11_54_58.csv,Viết bài top-list/so sánh; map vào cluster hub; bổ sung schema + ảnh/UGC,B,75.0,0%,0
reddoorz hotel hà nội,Khách sạn Hà Nội,Lưu trú,In-scope Hà Nội,Commercial Investigation,50,N/A,N/A,N/A,Planner (Cao),data/google_planner/hanoi/Keyword Stats 2026-02-13 at 11_54_58.csv,Viết bài top-list/so sánh; map vào cluster hub; bổ sung schema + ảnh/UGC,B,75.0,0%,0
số điện thoại khách sạn a25 hai bà trưng,Khách sạn Hà Nội,Lưu trú,In-scope Hà Nội,Commercial Investigation,50,N/A,N/A,N/A,Planner (Trung bình),data/google_planner/hanoi/Keyword Stats 2026-02-13 at 11_54_58.csv,Viết bài top-list/so sánh; map vào cluster hub; bổ sung schema + ảnh/UGC,B,75.0,0%,0
số điện thoại khách sạn hilton hà nội,Khách sạn Hà Nội,Lưu trú,In-scope Hà Nội,Commercial Investigation,50,N/A,N/A,N/A,Planner (Trung bình),data/google_planner/hanoi/Keyword Stats 2026-02-13 at 11_54_58.csv,Viết bài top-list/so sánh; map vào cluster hub; bổ sung schema + ảnh/UGC,B,75.0,0%,0
số điện thoại khách sạn kim liên hà nội,Khách sạn Hà Nội,Lưu trú,In-scope Hà Nội,Commercial Investigation,50,N/A,N/A,N/A,Planner (Trung bình),data/google_planner/hanoi/Keyword Stats 2026-02-13 at 11_54_58.csv,Viết bài top-list/so sánh; map vào cluster hub; bổ sung schema + ảnh/UGC,B,75.0,0%,0
website khách sạn sheraton hà nội,Khách sạn Hà Nội,Lưu trú,In-scope Hà Nội,Commercial Investigation,50,N/A,N/A,N/A,Planner (Thấp),data/google_planner/hanoi/Keyword Stats 2026-02-13 at 11_54_58.csv,Viết bài top-list/so sánh; map vào cluster hub; bổ sung schema + ảnh/UGC,B,75.0,0%,0
đặt phòng homestay ở hà nội,Khách sạn Hà Nội,Lưu trú,In-scope Hà Nội,Commercial Investigation,50,N/A,N/A,N/A,Planner (Cao),data/google_planner/hanoi/Keyword Stats 2026-02-13 at 11_54_58.csv,Viết bài top-list/so sánh; map vào cluster hub; bổ sung schema + ảnh/UGC,B,75.0,0%,0
đặt phòng khách sạn dát vàng hà nội,Khách sạn Hà Nội,Lưu trú,In-scope Hà Nội,Transaction,50,N/A,N/A,N/A,Planner (Cao),data/google_planner/hanoi/Keyword Stats 2026-02-13 at 11_54_58.csv,"Tạo landing chuyển đổi (giá/vé/đặt chỗ), gom vào cluster page + build backlink nội bộ",B,75.0,0%,0
đặt phòng khách sạn giá rẻ hà nội,Khách sạn Hà Nội,Lưu trú,In-scope Hà Nội,Transaction,50,N/A,N/A,N/A,Planner (Không xác định),data/google_planner/hanoi/Keyword Stats 2026-02-13 at 11_54_58.csv,"Tạo landing chuyển đổi (giá/vé/đặt chỗ), gom vào cluster page + build backlink nội bộ",B,75.0,-100.0%,0
đặt phòng resort gần hà nội,Khách sạn Hà Nội,Lưu trú,In-scope Hà Nội,Commercial Investigation,50,N/A,N/A,N/A,Planner (Cao),data/google_planner/hanoi/Keyword Stats 2026-02-13 at 11_54_58.csv,Viết bài top-list/so sánh; map vào cluster hub; bổ sung schema + ảnh/UGC,B,75.0,0%,0
địa chỉ khách sạn a25 hà nội,Khách sạn Hà Nội,Lưu trú,In-scope Hà Nội,Commercial Investigation,50,N/A,N/A,N/A,Planner (Thấp),data/google_planner/hanoi/Keyword Stats 2026-02-13 at 11_54_58.csv,Viết bài top-list/so sánh; map vào cluster hub; bổ sung schema + ảnh/UGC,B,75.0,0%,0
địa chỉ khách sạn công đoàn hà nội,Khách sạn Hà Nội,Lưu trú,In-scope Hà Nội,Commercial Investigation,50,N/A,N/A,N/A,Planner (Trung bình),data/google_planner/hanoi/Keyword Stats 2026-02-13 at 11_54_58.csv,Viết bài top-list/so sánh; map vào cluster hub; bổ sung schema + ảnh/UGC,B,75.0,0%,0
địa chỉ khách sạn dát vàng ở hà nội,Khách sạn Hà Nội,Lưu trú,In-scope Hà Nội,Transaction,50,N/A,N/A,N/A,Planner (Thấp),data/google_planner/hanoi/Keyword Stats 2026-02-13 at 11_54_58.csv,"Tạo landing chuyển đổi (giá/vé/đặt chỗ), gom vào cluster page + build backlink nội bộ",B,75.0,0%,0
địa chỉ khách sạn grand plaza hà nội,Khách sạn Hà Nội,Lưu trú,In-scope Hà Nội,Commercial Investigation,50,N/A,N/A,N/A,Planner (Trung bình),data/google_planner/hanoi/Keyword Stats 2026-02-13 at 11_54_58.csv,Viết bài top-list/so sánh; map vào cluster hub; bổ sung schema + ảnh/UGC,B,75.0,0%,0
địa chỉ khách sạn hilton hà nội,Khách sạn Hà Nội,Lưu trú,In-scope Hà Nội,Commercial Investigation,50,N/A,N/A,N/A,Planner (Thấp),data/google_planner/hanoi/Keyword Stats 2026-02-13 at 11_54_58.csv,Viết bài top-list/so sánh; map vào cluster hub; bổ sung schema + ảnh/UGC,B,75.0,0%,0
địa chỉ khách sạn intercontinental hà nội,Khách sạn Hà Nội,Lưu trú,In-scope Hà Nội,Commercial Investigation,50,N/A,N/A,N/A,Planner (Thấp),data/google_planner/hanoi/Keyword Stats 2026-02-13 at 11_54_58.csv,Viết bài top-list/so sánh; map vào cluster hub; bổ sung schema + ảnh/UGC,B,75.0,0%,0
địa chỉ khách sạn la thành hà nội,Khách sạn Hà Nội,Lưu trú,In-scope Hà Nội,Commercial Investigation,50,N/A,N/A,N/A,Planner (Thấp),data/google_planner/hanoi/Keyword Stats 2026-02-13 at 11_54_58.csv,Viết bài top-list/so sánh; map vào cluster hub; bổ sung schema + ảnh/UGC,B,75.0,0%,0
địa chỉ khách sạn lotte hà nội,Khách sạn Hà Nội,Lưu trú,In-scope Hà Nội,Commercial Investigation,50,N/A,N/A,N/A,Planner (Thấp),data/google_planner/hanoi/Keyword Stats 2026-02-13 at 11_54_58.csv,Viết bài top-list/so sánh; map vào cluster hub; bổ sung schema + ảnh/UGC,B,75.0,0%,0
địa chỉ khách sạn metropole hà nội,Khách sạn Hà Nội,Lưu trú,In-scope Hà Nội,Commercial Investigation,50,N/A,N/A,N/A,Planner (Thấp),data/google_planner/hanoi/Keyword Stats 2026-02-13 at 11_54_58.csv,Viết bài top-list/so sánh; map vào cluster hub; bổ sung schema + ảnh/UGC,B,75.0,-90.0%,0
địa chỉ khách sạn nesta hà nội,Khách sạn Hà Nội,Lưu trú,In-scope Hà Nội,Commercial Investigation,50,N/A,N/A,N/A,Planner (Thấp),data/google_planner/hanoi/Keyword Stats 2026-02-13 at 11_54_58.csv,Viết bài top-list/so sánh; map vào cluster hub; bổ sung schema + ảnh/UGC,B,75.0,-90.0%,0
địa chỉ khách sạn pan pacific hà nội,Khách sạn Hà Nội,Lưu trú,In-scope Hà Nội,Commercial Investigation,50,N/A,N/A,N/A,Planner (Thấp),data/google_planner/hanoi/Keyword Stats 2026-02-13 at 11_54_58.csv,Viết bài top-list/so sánh; map vào cluster hub; bổ sung schema + ảnh/UGC,B,75.0,0%,0
địa chỉ khách sạn pullman hà nội,Khách sạn Hà Nội,Lưu trú,In-scope Hà Nội,Commercial Investigation,50,N/A,N/A,N/A,Planner (Thấp),data/google_planner/hanoi/Keyword Stats 2026-02-13 at 11_54_58.csv,Viết bài top-list/so sánh; map vào cluster hub; bổ sung schema + ảnh/UGC,B,75.0,0%,0
khách sạn ở hà nội,Khách sạn Hà Nội,Lưu trú,In-scope Hà Nội,Commercial Investigation,N/A,N/A,N/A,N/A,Trend SI:14 -10%,data/google_trend/searched_with_top-queries_VN_20250210-1748_20260210-1748.csv,Viết bài top-list/so sánh; map vào cluster hub; bổ sung schema + ảnh/UGC,B,21.0,-10%,N/A
khách sạn ở phố cổ hà nội giá rẻ,Khách sạn phố cổ / Hoàn Kiếm,Lưu trú,In-scope Hà Nội,Transaction,N/A,1942,88,4.53%,N/A (N/A),data/google_search_console/Queries.csv,"Tối ưu landing (CTA/giá/FAQ), cải thiện snippet để tăng CTR; internal link từ hub 'Hà Nội'",A,88.0,N/A,N/A
khách sạn phố cổ hà nội,Khách sạn phố cổ / Hoàn Kiếm,Lưu trú,In-scope Hà Nội,Commercial Investigation,N/A,7707,66,0.86%,N/A (N/A),data/google_search_console/Queries.csv,"Refresh bài top-list, thêm bảng so sánh + schema FAQ/Review; tối ưu title để tăng CTR",A,66.0,N/A,N/A
khách sạn 4 sao phố cổ hà nội,Khách sạn phố cổ / Hoàn Kiếm,Lưu trú,In-scope Hà Nội,Commercial Investigation,N/A,857,60,7.0%,N/A (N/A),data/google_search_console/Queries.csv,"Refresh bài top-list, thêm bảng so sánh + schema FAQ/Review; tối ưu title để tăng CTR",A,60.0,N/A,N/A
"khách sạn 4 sao gần hồ hoàn kiếm, hà nội",Khách sạn phố cổ / Hoàn Kiếm,Lưu trú,In-scope Hà Nội,Commercial Investigation,N/A,710,59,8.31%,N/A (N/A),data/google_search_console/Queries.csv,"Refresh bài top-list, thêm bảng so sánh + schema FAQ/Review; tối ưu title để tăng CTR",A,59.0,N/A,N/A
khách sạn phố cổ hà nội giá rẻ,Khách sạn phố cổ / Hoàn Kiếm,Lưu trú,In-scope Hà Nội,Transaction,N/A,1725,55,3.19%,N/A (N/A),data/google_search_console/Queries.csv,"Tối ưu landing (CTA/giá/FAQ), cải thiện snippet để tăng CTR; internal link từ hub 'Hà Nội'",A,55.0,N/A,N/A
khách sạn phố cổ hà nội 4 sao,Khách sạn phố cổ / Hoàn Kiếm,Lưu trú,In-scope Hà Nội,Commercial Investigation,N/A,718,44,6.13%,N/A (N/A),data/google_search_console/Queries.csv,"Refresh bài top-list, thêm bảng so sánh + schema FAQ/Review; tối ưu title để tăng CTR",A,44.0,N/A,N/A
khách sạn 5 sao phố cổ hà nội,Khách sạn phố cổ / Hoàn Kiếm,Lưu trú,In-scope Hà Nội,Commercial Investigation,N/A,663,39,5.88%,N/A (N/A),data/google_search_console/Queries.csv,"Refresh bài top-list, thêm bảng so sánh + schema FAQ/Review; tối ưu title để tăng CTR",A,39.0,N/A,N/A
khách sạn 4 sao phố cổ,Khách sạn phố cổ / Hoàn Kiếm,Lưu trú,In-scope Hà Nội,Commercial Investigation,N/A,430,39,9.07%,N/A (N/A),data/google_search_console/Queries.csv,"Refresh bài top-list, thêm bảng so sánh + schema FAQ/Review; tối ưu title để tăng CTR",A,39.0,N/A,N/A
khách sạn 5 sao phố cổ,Khách sạn phố cổ / Hoàn Kiếm,Lưu trú,In-scope Hà Nội,Commercial Investigation,N/A,342,36,10.53%,N/A (N/A),data/google_search_console/Queries.csv,"Refresh bài top-list, thêm bảng so sánh + schema FAQ/Review; tối ưu title để tăng CTR",A,36.0,N/A,N/A
khách sạn gần hồ hoàn kiếm,Khách sạn phố cổ / Hoàn Kiếm,Lưu trú,In-scope Hà Nội,Commercial Investigation,N/A,6911,33,0.48%,N/A (N/A),data/google_search_console/Queries.csv,"Refresh bài top-list, thêm bảng so sánh + schema FAQ/Review; tối ưu title để tăng CTR",A,33.0,N/A,N/A
khách sạn gần phố cổ hà nội,Khách sạn phố cổ / Hoàn Kiếm,Lưu trú,In-scope Hà Nội,Commercial Investigation,N/A,1993,31,1.56%,N/A (N/A),data/google_search_console/Queries.csv,"Refresh bài top-list, thêm bảng so sánh + schema FAQ/Review; tối ưu title để tăng CTR",A,31.0,N/A,N/A
khách sạn gần phố cổ hà nội giá rẻ,Khách sạn phố cổ / Hoàn Kiếm,Lưu trú,In-scope Hà Nội,Transaction,N/A,593,22,3.71%,N/A (N/A),data/google_search_console/Queries.csv,"Tối ưu landing (CTA/giá/FAQ), cải thiện snippet để tăng CTR; internal link từ hub 'Hà Nội'",A,22.0,N/A,N/A
khách sạn phố cổ,Khách sạn phố cổ / Hoàn Kiếm,Lưu trú,In-scope Hà Nội,Commercial Investigation,N/A,3576,21,0.59%,N/A (N/A),data/google_search_console/Queries.csv,"Refresh bài top-list, thêm bảng so sánh + schema FAQ/Review; tối ưu title để tăng CTR",A,21.0,N/A,N/A
"khách sạn 5 sao hà nội, gần hồ hoàn kiếm",Khách sạn phố cổ / Hoàn Kiếm,Lưu trú,In-scope Hà Nội,Commercial Investigation,N/A,274,21,7.66%,N/A (N/A),data/google_search_console/Queries.csv,"Refresh bài top-list, thêm bảng so sánh + schema FAQ/Review; tối ưu title để tăng CTR",A,21.0,N/A,N/A
khách sạn hà nội gần phố cổ,Khách sạn phố cổ / Hoàn Kiếm,Lưu trú,In-scope Hà Nội,Commercial Investigation,N/A,820,20,2.44%,N/A (N/A),data/google_search_console/Queries.csv,"Refresh bài top-list, thêm bảng so sánh + schema FAQ/Review; tối ưu title để tăng CTR",A,20.0,N/A,N/A
khách sạn gần hồ hoàn kiếm giá rẻ,Khách sạn phố cổ / Hoàn Kiếm,Lưu trú,In-scope Hà Nội,Transaction,N/A,476,19,3.99%,N/A (N/A),data/google_search_console/Queries.csv,"Tối ưu landing (CTA/giá/FAQ), cải thiện snippet để tăng CTR; internal link từ hub 'Hà Nội'",A,19.0,N/A,N/A
khách sạn 5 sao hà nội gần hồ hoàn kiếm,Khách sạn phố cổ / Hoàn Kiếm,Lưu trú,In-scope Hà Nội,Commercial Investigation,N/A,539,18,3.34%,N/A (N/A),data/google_search_console/Queries.csv,"Refresh bài top-list, thêm bảng so sánh + schema FAQ/Review; tối ưu title để tăng CTR",A,18.0,N/A,N/A
khách sạn 5 sao gần hồ hoàn kiếm,Khách sạn phố cổ / Hoàn Kiếm,Lưu trú,In-scope Hà Nội,Commercial Investigation,N/A,532,18,3.38%,N/A (N/A),data/google_search_console/Queries.csv,"Refresh bài top-list, thêm bảng so sánh + schema FAQ/Review; tối ưu title để tăng CTR",A,18.0,N/A,N/A
khách sạn khu phố cổ hà nội,Khách sạn phố cổ / Hoàn Kiếm,Lưu trú,In-scope Hà Nội,Commercial Investigation,N/A,1151,15,1.3%,N/A (N/A),data/google_search_console/Queries.csv,"Refresh bài top-list, thêm bảng so sánh + schema FAQ/Review; tối ưu title để tăng CTR",A,15.0,N/A,N/A
khách sạn giá rẻ ở phố cổ hà nội,Khách sạn phố cổ / Hoàn Kiếm,Lưu trú,In-scope Hà Nội,Transaction,N/A,358,15,4.19%,N/A (N/A),data/google_search_console/Queries.csv,"Tối ưu landing (CTA/giá/FAQ), cải thiện snippet để tăng CTR; internal link từ hub 'Hà Nội'",A,15.0,N/A,N/A
khách sạn 5 sao hoàn kiếm,Khách sạn phố cổ / Hoàn Kiếm,Lưu trú,In-scope Hà Nội,Commercial Investigation,N/A,189,15,7.94%,N/A (N/A),data/google_search_console/Queries.csv,"Refresh bài top-list, thêm bảng so sánh + schema FAQ/Review; tối ưu title để tăng CTR",A,15.0,N/A,N/A
khách sạn phố cổ giá rẻ,Khách sạn phố cổ / Hoàn Kiếm,Lưu trú,In-scope Hà Nội,Transaction,N/A,394,14,3.55%,N/A (N/A),data/google_search_console/Queries.csv,"Tối ưu landing (CTA/giá/FAQ), cải thiện snippet để tăng CTR; internal link từ hub 'Hà Nội'",A,14.0,N/A,N/A
khách sạn gần hồ hoàn kiếm hà nội,Khách sạn phố cổ / Hoàn Kiếm,Lưu trú,In-scope Hà Nội,Commercial Investigation,N/A,1867,11,0.59%,N/A (N/A),data/google_search_console/Queries.csv,"Refresh bài top-list, thêm bảng so sánh + schema FAQ/Review; tối ưu title để tăng CTR",A,11.0,N/A,N/A
khách sạn giá rẻ phố cổ hà nội,Khách sạn phố cổ / Hoàn Kiếm,Lưu trú,In-scope Hà Nội,Transaction,N/A,649,11,1.69%,N/A (N/A),data/google_search_console/Queries.csv,"Tối ưu landing (CTA/giá/FAQ), cải thiện snippet để tăng CTR; internal link từ hub 'Hà Nội'",A,11.0,N/A,N/A
khách sạn 4 sao gần hồ hoàn kiếm hà nội,Khách sạn phố cổ / Hoàn Kiếm,Lưu trú,In-scope Hà Nội,Commercial Investigation,N/A,255,11,4.31%,N/A (N/A),data/google_search_console/Queries.csv,"Refresh bài top-list, thêm bảng so sánh + schema FAQ/Review; tối ưu title để tăng CTR",A,11.0,N/A,N/A
khách sạn giá rẻ hà nội gần hồ hoàn kiếm,Khách sạn phố cổ / Hoàn Kiếm,Lưu trú,In-scope Hà Nội,Transaction,N/A,615,10,1.63%,N/A (N/A),data/google_search_console/Queries.csv,"Tối ưu landing (CTA/giá/FAQ), cải thiện snippet để tăng CTR; internal link từ hub 'Hà Nội'",A,10.0,N/A,N/A
khách sạn phố cổ hà nội 3 sao,Khách sạn phố cổ / Hoàn Kiếm,Lưu trú,In-scope Hà Nội,Commercial Investigation,N/A,535,10,1.87%,N/A (N/A),data/google_search_console/Queries.csv,"Refresh bài top-list, thêm bảng so sánh + schema FAQ/Review; tối ưu title để tăng CTR",A,10.0,N/A,N/A
khách sạn ở phố cổ hà nội,Khách sạn phố cổ / Hoàn Kiếm,Lưu trú,In-scope Hà Nội,Commercial Investigation,500,N/A,N/A,N/A,Planner (Cao),data/google_planner/hanoi/Keyword Stats 2026-02-13 at 11_54_58.csv,Viết bài top-list/so sánh; map vào cluster hub; bổ sung schema + ảnh/UGC,B,825.0,0%,"22,330"
khách sạn quận hoàn kiếm hà nội,Khách sạn phố cổ / Hoàn Kiếm,Lưu trú,In-scope Hà Nội,Commercial Investigation,500,N/A,N/A,N/A,Planner (Cao),data/google_planner/hanoi/Keyword Stats 2026-02-13 at 11_54_58.csv,Viết bài top-list/so sánh; map vào cluster hub; bổ sung schema + ảnh/UGC,B,825.0,-90.0%,"26,889"
khách sạn hoàn kiếm,Khách sạn phố cổ / Hoàn Kiếm,Lưu trú,In-scope Hà Nội,Commercial Investigation,500,N/A,N/A,N/A,Planner (Cao),data/google_planner/hanoi/Keyword Stats 2026-02-13 at 11_54_58.csv,Viết bài top-list/so sánh; map vào cluster hub; bổ sung schema + ảnh/UGC,B,825.0,-90.0%,"24,758"
khách sạn quận hoàn kiếm,Khách sạn phố cổ / Hoàn Kiếm,Lưu trú,In-scope Hà Nội,Commercial Investigation,500,N/A,N/A,N/A,Planner (Cao),data/google_planner/hanoi/Keyword Stats 2026-02-13 at 11_54_58.csv,Viết bài top-list/so sánh; map vào cluster hub; bổ sung schema + ảnh/UGC,B,825.0,0%,"23,216"
khách sạn hà nội phố cổ,Khách sạn phố cổ / Hoàn Kiếm,Lưu trú,In-scope Hà Nội,Commercial Investigation,500,N/A,N/A,N/A,Planner (Cao),data/google_planner/hanoi/Keyword Stats 2026-02-13 at 11_54_58.csv,Viết bài top-list/so sánh; map vào cluster hub; bổ sung schema + ảnh/UGC,B,825.0,0%,"22,850"
khách sạn hoàn kiếm hà nội,Khách sạn phố cổ / Hoàn Kiếm,Lưu trú,In-scope Hà Nội,Commercial Investigation,500,N/A,N/A,N/A,Planner (Cao),data/google_planner/hanoi/Keyword Stats 2026-02-13 at 11_54_58.csv,Viết bài top-list/so sánh; map vào cluster hub; bổ sung schema + ảnh/UGC,B,825.0,0%,"24,456"
khách sạn tại phố cổ hà nội,Khách sạn phố cổ / Hoàn Kiếm,Lưu trú,In-scope Hà Nội,Commercial Investigation,500,N/A,N/A,N/A,Planner (Cao),data/google_planner/hanoi/Keyword Stats 2026-02-13 at 11_54_58.csv,Viết bài top-list/so sánh; map vào cluster hub; bổ sung schema + ảnh/UGC,B,825.0,-90.0%,"22,670"
khách sạn khu vực hoàn kiếm,Khách sạn phố cổ / Hoàn Kiếm,Lưu trú,In-scope Hà Nội,Commercial Investigation,500,N/A,N/A,N/A,Planner (Cao),data/google_planner/hanoi/Keyword Stats 2026-02-13 at 11_54_58.csv,Viết bài top-list/so sánh; map vào cluster hub; bổ sung schema + ảnh/UGC,B,825.0,0%,"14,527"
khách sạn hồ hoàn kiếm,Khách sạn phố cổ / Hoàn Kiếm,Lưu trú,In-scope Hà Nội,Commercial Investigation,500,N/A,N/A,N/A,Planner (Cao),data/google_planner/hanoi/Keyword Stats 2026-02-13 at 11_54_58.csv,Viết bài top-list/so sánh; map vào cluster hub; bổ sung schema + ảnh/UGC,B,825.0,0%,"19,758"
khách sạn 3 sao phố cổ hà nội,Khách sạn phố cổ / Hoàn Kiếm,Lưu trú,In-scope Hà Nội,Commercial Investigation,500,N/A,N/A,N/A,Planner (Cao),data/google_planner/hanoi/Keyword Stats 2026-02-13 at 11_54_58.csv,Viết bài top-list/so sánh; map vào cluster hub; bổ sung schema + ảnh/UGC,B,825.0,0%,"8,883"
khách sạn a25 hoàn kiếm hà nội,Khách sạn phố cổ / Hoàn Kiếm,Lưu trú,In-scope Hà Nội,Commercial Investigation,500,N/A,N/A,N/A,Planner (Trung bình),data/google_planner/hanoi/Keyword Stats 2026-02-13 at 11_54_58.csv,Viết bài top-list/so sánh; map vào cluster hub; bổ sung schema + ảnh/UGC,B,825.0,0%,"6,733"
khách sạn gần bờ hồ hoàn kiếm,Khách sạn phố cổ / Hoàn Kiếm,Lưu trú,In-scope Hà Nội,Commercial Investigation,50,N/A,N/A,N/A,Planner (Cao),data/google_planner/hanoi/Keyword Stats 2026-02-13 at 11_54_58.csv,Viết bài top-list/so sánh; map vào cluster hub; bổ sung schema + ảnh/UGC,B,82.50000000000001,-90.0%,"17,150"
khách sạn trong phố cổ hà nội,Khách sạn phố cổ / Hoàn Kiếm,Lưu trú,In-scope Hà Nội,Commercial Investigation,50,N/A,N/A,N/A,Planner (Cao),data/google_planner/hanoi/Keyword Stats 2026-02-13 at 11_54_58.csv,Viết bài top-list/so sánh; map vào cluster hub; bổ sung schema + ảnh/UGC,B,82.50000000000001,-90.0%,"22,071"
hoan kiem hotel,Khách sạn phố cổ / Hoàn Kiếm,Lưu trú,In-scope Hà Nội,Commercial Investigation,50,N/A,N/A,N/A,Planner (Trung bình),data/google_planner/hanoi/Keyword Stats 2026-02-13 at 11_54_58.csv,Viết bài top-list/so sánh; map vào cluster hub; bổ sung schema + ảnh/UGC,B,82.50000000000001,-90.0%,"84,128"
khách sạn 3 sao gần hồ hoàn kiếm,Khách sạn phố cổ / Hoàn Kiếm,Lưu trú,In-scope Hà Nội,Commercial Investigation,50,N/A,N/A,N/A,Planner (Cao),data/google_planner/hanoi/Keyword Stats 2026-02-13 at 11_54_58.csv,Viết bài top-list/so sánh; map vào cluster hub; bổ sung schema + ảnh/UGC,B,82.50000000000001,-90.0%,"11,926"
đặt phòng khách sạn phố cổ hà nội,Khách sạn phố cổ / Hoàn Kiếm,Lưu trú,In-scope Hà Nội,Commercial Investigation,50,N/A,N/A,N/A,Planner (Cao),data/google_planner/hanoi/Keyword Stats 2026-02-13 at 11_54_58.csv,Viết bài top-list/so sánh; map vào cluster hub; bổ sung schema + ảnh/UGC,B,82.50000000000001,0%,"34,488"
khách sạn gần hoàn kiếm,Khách sạn phố cổ / Hoàn Kiếm,Lưu trú,In-scope Hà Nội,Commercial Investigation,50,N/A,N/A,N/A,Planner (Cao),data/google_planner/hanoi/Keyword Stats 2026-02-13 at 11_54_58.csv,Viết bài top-list/so sánh; map vào cluster hub; bổ sung schema + ảnh/UGC,B,82.50000000000001,-90.0%,"21,168"
khách sạn hồ hoàn kiếm hà nội,Khách sạn phố cổ / Hoàn Kiếm,Lưu trú,In-scope Hà Nội,Commercial Investigation,50,N/A,N/A,N/A,Planner (Cao),data/google_planner/hanoi/Keyword Stats 2026-02-13 at 11_54_58.csv,Viết bài top-list/so sánh; map vào cluster hub; bổ sung schema + ảnh/UGC,B,82.50000000000001,-90.0%,"22,675"
hotel phố cổ hà nội,Khách sạn phố cổ / Hoàn Kiếm,Lưu trú,In-scope Hà Nội,Commercial Investigation,50,N/A,N/A,N/A,Planner (Cao),data/google_planner/hanoi/Keyword Stats 2026-02-13 at 11_54_58.csv,Viết bài top-list/so sánh; map vào cluster hub; bổ sung schema + ảnh/UGC,B,82.50000000000001,-90.0%,"37,303"
khách sạn ở quận hoàn kiếm hà nội,Khách sạn phố cổ / Hoàn Kiếm,Lưu trú,In-scope Hà Nội,Commercial Investigation,50,N/A,N/A,N/A,Planner (Cao),data/google_planner/hanoi/Keyword Stats 2026-02-13 at 11_54_58.csv,Viết bài top-list/so sánh; map vào cluster hub; bổ sung schema + ảnh/UGC,B,82.50000000000001,-90.0%,"15,902"
khách sạn bờ hồ hoàn kiếm,Khách sạn phố cổ / Hoàn Kiếm,Lưu trú,In-scope Hà Nội,Commercial Investigation,50,N/A,N/A,N/A,Planner (Cao),data/google_planner/hanoi/Keyword Stats 2026-02-13 at 11_54_58.csv,Viết bài top-list/so sánh; map vào cluster hub; bổ sung schema + ảnh/UGC,B,82.50000000000001,0%,"17,459"
khách sạn phố cổ hanoi,Khách sạn phố cổ / Hoàn Kiếm,Lưu trú,In-scope Hà Nội,Commercial Investigation,50,N/A,N/A,N/A,Planner (Cao),data/google_planner/hanoi/Keyword Stats 2026-02-13 at 11_54_58.csv,Viết bài top-list/so sánh; map vào cluster hub; bổ sung schema + ảnh/UGC,B,82.50000000000001,-90.0%,"26,402"
khách sạn quanh hồ hoàn kiếm,Khách sạn phố cổ / Hoàn Kiếm,Lưu trú,In-scope Hà Nội,Commercial Investigation,50,N/A,N/A,N/A,Planner (Cao),data/google_planner/hanoi/Keyword Stats 2026-02-13 at 11_54_58.csv,Viết bài top-list/so sánh; map vào cluster hub; bổ sung schema + ảnh/UGC,B,82.50000000000001,-90.0%,"18,776"
khách sạn giá rẻ gần hồ hoàn kiếm,Khách sạn phố cổ / Hoàn Kiếm,Lưu trú,In-scope Hà Nội,Transaction,50,N/A,N/A,N/A,Planner (Cao),data/google_planner/hanoi/Keyword Stats 2026-02-13 at 11_54_58.csv,"Tạo landing chuyển đổi (giá/vé/đặt chỗ), gom vào cluster page + build backlink nội bộ",B,82.50000000000001,0%,"8,245"
khách sạn ở hoàn kiếm hà nội,Khách sạn phố cổ / Hoàn Kiếm,Lưu trú,In-scope Hà Nội,Commercial Investigation,50,N/A,N/A,N/A,Planner (Cao),data/google_planner/hanoi/Keyword Stats 2026-02-13 at 11_54_58.csv,Viết bài top-list/so sánh; map vào cluster hub; bổ sung schema + ảnh/UGC,B,82.50000000000001,0%,"21,201"
khách sạn trên phố cổ hà nội,Khách sạn phố cổ / Hoàn Kiếm,Lưu trú,In-scope Hà Nội,Commercial Investigation,50,N/A,N/A,N/A,Planner (Cao),data/google_planner/hanoi/Keyword Stats 2026-02-13 at 11_54_58.csv,Viết bài top-list/so sánh; map vào cluster hub; bổ sung schema + ảnh/UGC,B,82.50000000000001,-90.0%,"13,454"
khách sạn hà nội quận hoàn kiếm,Khách sạn phố cổ / Hoàn Kiếm,Lưu trú,In-scope Hà Nội,Commercial Investigation,50,N/A,N/A,N/A,Planner (Cao),data/google_planner/hanoi/Keyword Stats 2026-02-13 at 11_54_58.csv,Viết bài top-list/so sánh; map vào cluster hub; bổ sung schema + ảnh/UGC,B,82.50000000000001,0%,"17,657"
đặt phòng khách sạn ở phố cổ hà nội,Khách sạn phố cổ / Hoàn Kiếm,Lưu trú,In-scope Hà Nội,Commercial Investigation,50,N/A,N/A,N/A,Planner (Cao),data/google_planner/hanoi/Keyword Stats 2026-02-13 at 11_54_58.csv,Viết bài top-list/so sánh; map vào cluster hub; bổ sung schema + ảnh/UGC,B,82.50000000000001,0%,"70,698"
khách sạn ở gần hồ hoàn kiếm,Khách sạn phố cổ / Hoàn Kiếm,Lưu trú,In-scope Hà Nội,Commercial Investigation,50,N/A,N/A,N/A,Planner (Cao),data/google_planner/hanoi/Keyword Stats 2026-02-13 at 11_54_58.csv,Viết bài top-list/so sánh; map vào cluster hub; bổ sung schema + ảnh/UGC,B,82.50000000000001,0%,"16,609"
khách sạn khu vực phố cổ hà nội,Khách sạn phố cổ / Hoàn Kiếm,Lưu trú,In-scope Hà Nội,Commercial Investigation,50,N/A,N/A,N/A,Planner (Cao),data/google_planner/hanoi/Keyword Stats 2026-02-13 at 11_54_58.csv,Viết bài top-list/so sánh; map vào cluster hub; bổ sung schema + ảnh/UGC,B,82.50000000000001,-90.0%,"32,413"
khách sạn hà nội hoàn kiếm,Khách sạn phố cổ / Hoàn Kiếm,Lưu trú,In-scope Hà Nội,Commercial Investigation,50,N/A,N/A,N/A,Planner (Cao),data/google_planner/hanoi/Keyword Stats 2026-02-13 at 11_54_58.csv,Viết bài top-list/so sánh; map vào cluster hub; bổ sung schema + ảnh/UGC,B,82.50000000000001,-90.0%,"33,306"
thuê khách sạn phố cổ hà nội,Khách sạn phố cổ / Hoàn Kiếm,Lưu trú,In-scope Hà Nội,Transaction,50,N/A,N/A,N/A,Planner (Cao),data/google_planner/hanoi/Keyword Stats 2026-02-13 at 11_54_58.csv,"Tạo landing chuyển đổi (giá/vé/đặt chỗ), gom vào cluster page + build backlink nội bộ",B,82.50000000000001,0%,"17,940"
khách sạn khu vực hồ hoàn kiếm,Khách sạn phố cổ / Hoàn Kiếm,Lưu trú,In-scope Hà Nội,Commercial Investigation,50,N/A,N/A,N/A,Planner (Cao),data/google_planner/hanoi/Keyword Stats 2026-02-13 at 11_54_58.csv,Viết bài top-list/so sánh; map vào cluster hub; bổ sung schema + ảnh/UGC,B,82.50000000000001,0%,"17,907"
các khách sạn gần hồ hoàn kiếm,Khách sạn phố cổ / Hoàn Kiếm,Lưu trú,In-scope Hà Nội,Commercial Investigation,50,N/A,N/A,N/A,Planner (Cao),data/google_planner/hanoi/Keyword Stats 2026-02-13 at 11_54_58.csv,Viết bài top-list/so sánh; map vào cluster hub; bổ sung schema + ảnh/UGC,B,82.50000000000001,0%,"13,242"
đặt phòng khách sạn quận hoàn kiếm,Khách sạn phố cổ / Hoàn Kiếm,Lưu trú,In-scope Hà Nội,Commercial Investigation,50,N/A,N/A,N/A,Planner (Cao),data/google_planner/hanoi/Keyword Stats 2026-02-13 at 11_54_58.csv,Viết bài top-list/so sánh; map vào cluster hub; bổ sung schema + ảnh/UGC,B,82.50000000000001,0%,"75,390"
khách sạn giá rẻ quận hoàn kiếm hà nội,Khách sạn phố cổ / Hoàn Kiếm,Lưu trú,In-scope Hà Nội,Transaction,50,N/A,N/A,N/A,Planner (Cao),data/google_planner/hanoi/Keyword Stats 2026-02-13 at 11_54_58.csv,"Tạo landing chuyển đổi (giá/vé/đặt chỗ), gom vào cluster page + build backlink nội bộ",B,82.50000000000001,-90.0%,"33,527"
khách sạn quanh phố cổ hà nội,Khách sạn phố cổ / Hoàn Kiếm,Lưu trú,In-scope Hà Nội,Commercial Investigation,50,N/A,N/A,N/A,Planner (Cao),data/google_planner/hanoi/Keyword Stats 2026-02-13 at 11_54_58.csv,Viết bài top-list/so sánh; map vào cluster hub; bổ sung schema + ảnh/UGC,B,82.50000000000001,0%,"23,261"
khách sạn đẹp ở phố cổ hà nội,Khách sạn phố cổ / Hoàn Kiếm,Lưu trú,In-scope Hà Nội,Commercial Investigation,50,N/A,N/A,N/A,Planner (Cao),data/google_planner/hanoi/Keyword Stats 2026-02-13 at 11_54_58.csv,Viết bài top-list/so sánh; map vào cluster hub; bổ sung schema + ảnh/UGC,B,82.50000000000001,0%,"21,717"
khách sạn quận hoàn kiếm giá rẻ,Khách sạn phố cổ / Hoàn Kiếm,Lưu trú,In-scope Hà Nội,Transaction,50,N/A,N/A,N/A,Planner (Cao),data/google_planner/hanoi/Keyword Stats 2026-02-13 at 11_54_58.csv,"Tạo landing chuyển đổi (giá/vé/đặt chỗ), gom vào cluster page + build backlink nội bộ",B,82.50000000000001,0%,"18,660"
khách sạn tại hoàn kiếm hà nội,Khách sạn phố cổ / Hoàn Kiếm,Lưu trú,In-scope Hà Nội,Commercial Investigation,50,N/A,N/A,N/A,Planner (Trung bình),data/google_planner/hanoi/Keyword Stats 2026-02-13 at 11_54_58.csv,Viết bài top-list/so sánh; map vào cluster hub; bổ sung schema + ảnh/UGC,B,82.50000000000001,-90.0%,"18,695"
khách sạn ở quận hoàn kiếm,Khách sạn phố cổ / Hoàn Kiếm,Lưu trú,In-scope Hà Nội,Commercial Investigation,50,N/A,N/A,N/A,Planner (Cao),data/google_planner/hanoi/Keyword Stats 2026-02-13 at 11_54_58.csv,Viết bài top-list/so sánh; map vào cluster hub; bổ sung schema + ảnh/UGC,B,82.50000000000001,0%,"25,938"
hotel hoàn kiếm,Khách sạn phố cổ / Hoàn Kiếm,Lưu trú,In-scope Hà Nội,Commercial Investigation,50,N/A,N/A,N/A,Planner (Trung bình),data/google_planner/hanoi/Keyword Stats 2026-02-13 at 11_54_58.csv,Viết bài top-list/so sánh; map vào cluster hub; bổ sung schema + ảnh/UGC,B,82.50000000000001,-90.0%,"19,813"
khách sạn gần bờ hồ hoàn kiếm hà nội,Khách sạn phố cổ / Hoàn Kiếm,Lưu trú,In-scope Hà Nội,Commercial Investigation,50,N/A,N/A,N/A,Planner (Cao),data/google_planner/hanoi/Keyword Stats 2026-02-13 at 11_54_58.csv,Viết bài top-list/so sánh; map vào cluster hub; bổ sung schema + ảnh/UGC,B,82.50000000000001,0%,"18,955"
khách sạn khu hoàn kiếm,Khách sạn phố cổ / Hoàn Kiếm,Lưu trú,In-scope Hà Nội,Commercial Investigation,50,N/A,N/A,N/A,Planner (Cao),data/google_planner/hanoi/Keyword Stats 2026-02-13 at 11_54_58.csv,Viết bài top-list/so sánh; map vào cluster hub; bổ sung schema + ảnh/UGC,B,82.50000000000001,0%,"18,759"
khách sạn khu vực hoàn kiếm hà nội,Khách sạn phố cổ / Hoàn Kiếm,Lưu trú,In-scope Hà Nội,Commercial Investigation,50,N/A,N/A,N/A,Planner (Cao),data/google_planner/hanoi/Keyword Stats 2026-02-13 at 11_54_58.csv,Viết bài top-list/so sánh; map vào cluster hub; bổ sung schema + ảnh/UGC,B,82.50000000000001,0%,"18,695"
khách sạn 4 sao gần hồ hoàn kiếm,Khách sạn phố cổ / Hoàn Kiếm,Lưu trú,In-scope Hà Nội,Commercial Investigation,50,N/A,N/A,N/A,Planner (Trung bình),data/google_planner/hanoi/Keyword Stats 2026-02-13 at 11_54_58.csv,Viết bài top-list/so sánh; map vào cluster hub; bổ sung schema + ảnh/UGC,B,82.50000000000001,0%,"14,974"
khách sạn đẹp phố cổ hà nội,Khách sạn phố cổ / Hoàn Kiếm,Lưu trú,In-scope Hà Nội,Commercial Investigation,50,N/A,N/A,N/A,Planner (Cao),data/google_planner/hanoi/Keyword Stats 2026-02-13 at 11_54_58.csv,Viết bài top-list/so sánh; map vào cluster hub; bổ sung schema + ảnh/UGC,B,82.50000000000001,0%,"18,908"
khách sạn view hồ hoàn kiếm,Khách sạn phố cổ / Hoàn Kiếm,Lưu trú,In-scope Hà Nội,Commercial Investigation,50,N/A,N/A,N/A,Planner (Cao),data/google_planner/hanoi/Keyword Stats 2026-02-13 at 11_54_58.csv,Viết bài top-list/so sánh; map vào cluster hub; bổ sung schema + ảnh/UGC,B,82.50000000000001,-90.0%,"14,154"
các khách sạn ở phố cổ hà nội,Khách sạn phố cổ / Hoàn Kiếm,Lưu trú,In-scope Hà Nội,Commercial Investigation,50,N/A,N/A,N/A,Planner (Cao),data/google_planner/hanoi/Keyword Stats 2026-02-13 at 11_54_58.csv,Viết bài top-list/so sánh; map vào cluster hub; bổ sung schema + ảnh/UGC,B,82.50000000000001,0%,"17,619"
a25 hotel hoàn kiếm,Khách sạn phố cổ / Hoàn Kiếm,Lưu trú,In-scope Hà Nội,Commercial Investigation,50,N/A,N/A,N/A,Planner (Trung bình),data/google_planner/hanoi/Keyword Stats 2026-02-13 at 11_54_58.csv,Viết bài top-list/so sánh; map vào cluster hub; bổ sung schema + ảnh/UGC,B,82.50000000000001,0%,"11,018"
giá phòng khách sạn ở phố cổ hà nội,Khách sạn phố cổ / Hoàn Kiếm,Lưu trú,In-scope Hà Nội,Transaction,50,N/A,N/A,N/A,Planner (Cao),data/google_planner/hanoi/Keyword Stats 2026-02-13 at 11_54_58.csv,"Tạo landing chuyển đổi (giá/vé/đặt chỗ), gom vào cluster page + build backlink nội bộ",B,82.50000000000001,0%,"1,552"
khách sạn 3 sao ở phố cổ hà nội,Khách sạn phố cổ / Hoàn Kiếm,Lưu trú,In-scope Hà Nội,Commercial Investigation,50,N/A,N/A,N/A,Planner (Cao),data/google_planner/hanoi/Keyword Stats 2026-02-13 at 11_54_58.csv,Viết bài top-list/so sánh; map vào cluster hub; bổ sung schema + ảnh/UGC,B,82.50000000000001,0%,"7,131"
khách sạn a25 hà nội phố cổ,Khách sạn phố cổ / Hoàn Kiếm,Lưu trú,In-scope Hà Nội,Commercial Investigation,50,N/A,N/A,N/A,Planner (Trung bình),data/google_planner/hanoi/Keyword Stats 2026-02-13 at 11_54_58.csv,Viết bài top-list/so sánh; map vào cluster hub; bổ sung schema + ảnh/UGC,B,82.50000000000001,0%,"9,616"
khách sạn a25 phố cổ hà nội,Khách sạn phố cổ / Hoàn Kiếm,Lưu trú,In-scope Hà Nội,Commercial Investigation,50,N/A,N/A,N/A,Planner (Cao),data/google_planner/hanoi/Keyword Stats 2026-02-13 at 11_54_58.csv,Viết bài top-list/so sánh; map vào cluster hub; bổ sung schema + ảnh/UGC,B,82.50000000000001,0%,"10,907"
review khách sạn phố cổ hà nội,Khách sạn phố cổ / Hoàn Kiếm,Lưu trú,In-scope Hà Nội,Commercial Investigation,50,N/A,N/A,N/A,Planner (Cao),data/google_planner/hanoi/Keyword Stats 2026-02-13 at 11_54_58.csv,Viết bài top-list/so sánh; map vào cluster hub; bổ sung schema + ảnh/UGC,B,82.50000000000001,0%,"14,335"
đặt phòng khách sạn gần hồ hoàn kiếm,Khách sạn phố cổ / Hoàn Kiếm,Lưu trú,In-scope Hà Nội,Commercial Investigation,50,N/A,N/A,N/A,Planner (Cao),data/google_planner/hanoi/Keyword Stats 2026-02-13 at 11_54_58.csv,Viết bài top-list/so sánh; map vào cluster hub; bổ sung schema + ảnh/UGC,B,82.50000000000001,0%,"63,544"
khách sạn view hồ tây,Khách sạn Tây Hồ,Lưu trú,In-scope Hà Nội,Commercial Investigation,N/A,1076,32,2.97%,N/A (N/A),data/google_search_console/Queries.csv,"Refresh bài top-list, thêm bảng so sánh + schema FAQ/Review; tối ưu title để tăng CTR",A,32.0,N/A,N/A
khách sạn hồ tây,Khách sạn Tây Hồ,Lưu trú,In-scope Hà Nội,Commercial Investigation,N/A,2283,17,0.74%,N/A (N/A),data/google_search_console/Queries.csv,"Refresh bài top-list, thêm bảng so sánh + schema FAQ/Review; tối ưu title để tăng CTR",A,17.0,N/A,N/A
homestay hoài đức,Khách sạn Tây Hồ,Lưu trú,In-scope Hà Nội,Commercial Investigation,N/A,199,12,6.03%,N/A (N/A),data/google_search_console/Queries.csv,"Refresh bài top-list, thêm bảng so sánh + schema FAQ/Review; tối ưu title để tăng CTR",A,12.0,N/A,N/A
khách sạn westlake tây hồ hà nội,Khách sạn Tây Hồ,Lưu trú,In-scope Hà Nội,Commercial Investigation,5000,N/A,N/A,N/A,Planner (Thấp),data/google_planner/hanoi/Keyword Stats 2026-02-13 at 11_54_58.csv,Viết bài top-list/so sánh; map vào cluster hub; bổ sung schema + ảnh/UGC,B,8250.0,0%,"24,300"
khách sạn hồ tây hà nội,Khách sạn Tây Hồ,Lưu trú,In-scope Hà Nội,Commercial Investigation,500,N/A,N/A,N/A,Planner (Cao),data/google_planner/hanoi/Keyword Stats 2026-02-13 at 11_54_58.csv,Viết bài top-list/so sánh; map vào cluster hub; bổ sung schema + ảnh/UGC,B,825.0,-90.0%,"47,245"
khách sạn gần hồ tây hà nội,Khách sạn Tây Hồ,Lưu trú,In-scope Hà Nội,Commercial Investigation,500,N/A,N/A,N/A,Planner (Cao),data/google_planner/hanoi/Keyword Stats 2026-02-13 at 11_54_58.csv,Viết bài top-list/so sánh; map vào cluster hub; bổ sung schema + ảnh/UGC,B,825.0,-90.0%,"21,953"
khách sạn tây hồ hà nội,Khách sạn Tây Hồ,Lưu trú,In-scope Hà Nội,Commercial Investigation,500,N/A,N/A,N/A,Planner (Cao),data/google_planner/hanoi/Keyword Stats 2026-02-13 at 11_54_58.csv,Viết bài top-list/so sánh; map vào cluster hub; bổ sung schema + ảnh/UGC,B,825.0,-90.0%,"24,408"
khách sạn ở quận tây hồ hà nội,Khách sạn Tây Hồ,Lưu trú,In-scope Hà Nội,Commercial Investigation,50,N/A,N/A,N/A,Planner (Cao),data/google_planner/hanoi/Keyword Stats 2026-02-13 at 11_54_58.csv,Viết bài top-list/so sánh; map vào cluster hub; bổ sung schema + ảnh/UGC,B,82.50000000000001,0%,"33,293"
khách sạn hà nội gần hồ tây,Khách sạn Tây Hồ,Lưu trú,In-scope Hà Nội,Commercial Investigation,50,N/A,N/A,N/A,Planner (Cao),data/google_planner/hanoi/Keyword Stats 2026-02-13 at 11_54_58.csv,Viết bài top-list/so sánh; map vào cluster hub; bổ sung schema + ảnh/UGC,B,82.50000000000001,-90.0%,"19,728"
các khách sạn gần hồ tây hà nội,Khách sạn Tây Hồ,Lưu trú,In-scope Hà Nội,Commercial Investigation,50,N/A,N/A,N/A,Planner (Cao),data/google_planner/hanoi/Keyword Stats 2026-02-13 at 11_54_58.csv,Viết bài top-list/so sánh; map vào cluster hub; bổ sung schema + ảnh/UGC,B,82.50000000000001,0%,"19,474"
khách sạn ở hồ tây hà nội,Khách sạn Tây Hồ,Lưu trú,In-scope Hà Nội,Commercial Investigation,50,N/A,N/A,N/A,Planner (Cao),data/google_planner/hanoi/Keyword Stats 2026-02-13 at 11_54_58.csv,Viết bài top-list/so sánh; map vào cluster hub; bổ sung schema + ảnh/UGC,B,82.50000000000001,0%,"17,469"
khách sạn khu vực hồ tây hà nội,Khách sạn Tây Hồ,Lưu trú,In-scope Hà Nội,Commercial Investigation,50,N/A,N/A,N/A,Planner (Cao),data/google_planner/hanoi/Keyword Stats 2026-02-13 at 11_54_58.csv,Viết bài top-list/so sánh; map vào cluster hub; bổ sung schema + ảnh/UGC,B,82.50000000000001,0%,"30,495"
khách san intercontinental hồ tây hà nội,Khách sạn Tây Hồ,Lưu trú,In-scope Hà Nội,Commercial Investigation,50,N/A,N/A,N/A,Planner (Trung bình),data/google_planner/hanoi/Keyword Stats 2026-02-13 at 11_54_58.csv,Viết bài top-list/so sánh; map vào cluster hub; bổ sung schema + ảnh/UGC,B,82.50000000000001,0%,"6,491"
khách sạn 5 sao hà nội hồ tây,Khách sạn Tây Hồ,Lưu trú,In-scope Hà Nội,Commercial Investigation,50,N/A,N/A,N/A,Planner (Cao),data/google_planner/hanoi/Keyword Stats 2026-02-13 at 11_54_58.csv,Viết bài top-list/so sánh; map vào cluster hub; bổ sung schema + ảnh/UGC,B,82.50000000000001,0%,"9,348"
khách sạn công đoàn tây hồ hà nội,Khách sạn Tây Hồ,Lưu trú,In-scope Hà Nội,Commercial Investigation,50,N/A,N/A,N/A,Planner (Cao),data/google_planner/hanoi/Keyword Stats 2026-02-13 at 11_54_58.csv,Viết bài top-list/so sánh; map vào cluster hub; bổ sung schema + ảnh/UGC,B,82.50000000000001,0%,"23,885"
khách sạn quận tây hồ hà nội,Khách sạn Tây Hồ,Lưu trú,In-scope Hà Nội,Commercial Investigation,50,N/A,N/A,N/A,Planner (Cao),data/google_planner/hanoi/Keyword Stats 2026-02-13 at 11_54_58.csv,Viết bài top-list/so sánh; map vào cluster hub; bổ sung schema + ảnh/UGC,B,82.50000000000001,0%,"22,875"
khách sạn tại hồ tây hà nội,Khách sạn Tây Hồ,Lưu trú,In-scope Hà Nội,Commercial Investigation,50,N/A,N/A,N/A,Planner (Cao),data/google_planner/hanoi/Keyword Stats 2026-02-13 at 11_54_58.csv,Viết bài top-list/so sánh; map vào cluster hub; bổ sung schema + ảnh/UGC,B,75.0,0%,0
lăng bác hồ,Lăng Bác & Quảng trường Ba Đình,Địa danh tham quan / Văn hóa - Lịch sử,In-scope Hà Nội,Informational,9900,N/A,N/A,N/A,Low (0),data/seo_insider/advance_search_report.csv,Viết guide/review; ưu tiên long-tail; tạo topic hub và internal link về trang dịch vụ,B,9900.0,N/A,N/A
hà nội lăng bác,Lăng Bác & Quảng trường Ba Đình,Địa danh tham quan / Văn hóa - Lịch sử,In-scope Hà Nội,Informational,500,N/A,N/A,N/A,Planner (Thấp),data/google_planner/hanoi/Keyword Stats 2026-02-13 at 11_54_58.csv,Viết guide/review; ưu tiên long-tail; tạo topic hub và internal link về trang dịch vụ,B,500.0,0%,0
địa chỉ lăng bác hồ ở hà nội,Lăng Bác & Quảng trường Ba Đình,Địa danh tham quan / Văn hóa - Lịch sử,In-scope Hà Nội,Informational,50,N/A,N/A,N/A,Planner (Thấp),data/google_planner/hanoi/Keyword Stats 2026-02-13 at 11_54_58.csv,Viết guide/review; ưu tiên long-tail; tạo topic hub và internal link về trang dịch vụ,B,50.0,0%,0
tour nha trang 4 ngày 3 đêm từ hà nội,Nha Trang Trip,Di chuyển,Out-of-scope Nha Trang,Transaction,500,N/A,N/A,N/A,Planner (Trung bình),data/google_planner/hanoi/Keyword Stats 2026-02-13 at 11_54_58.csv,"Tạo landing chuyển đổi (giá/vé/đặt chỗ), gom vào cluster page + build backlink nội bộ",B,550.0,0%,"5,841"
tour du lịch nha trang từ hà nội,Nha Trang Trip,Di chuyển,Out-of-scope Nha Trang,Commercial Investigation,500,N/A,N/A,N/A,Planner (Cao),data/google_planner/hanoi/Keyword Stats 2026-02-13 at 11_54_58.csv,Viết bài top-list/so sánh; map vào cluster hub; bổ sung schema + ảnh/UGC,B,550.0,0%,"4,896"
tour nha trang 3 ngày 2 đêm từ hà nội,Nha Trang Trip,Di chuyển,Out-of-scope Nha Trang,Transaction,50,N/A,N/A,N/A,Planner (Trung bình),data/google_planner/hanoi/Keyword Stats 2026-02-13 at 11_54_58.csv,"Tạo landing chuyển đổi (giá/vé/đặt chỗ), gom vào cluster page + build backlink nội bộ",B,55.00000000000001,0%,"6,890"
vé máy bay nha trang hà nội,Nha Trang Trip,Di chuyển,Out-of-scope Nha Trang,Transaction,N/A,N/A,N/A,N/A,Trend SI:3 20%,data/google_trend/searched_with_top-queries_VN_20250210-1749_20260210-1749.csv,"Tạo landing chuyển đổi (giá/vé/đặt chỗ), gom vào cluster page + build backlink nội bộ",B,3.0,20%,N/A
hanoi to ninh binh,Ninh Bình Trip,Tổng hợp,Out-of-scope Ninh Bình,Informational,5000,N/A,N/A,N/A,Planner (Cao),data/google_planner/hanoi/Keyword Stats 2026-02-13 at 11_54_58.csv,Viết guide/review; ưu tiên long-tail; tạo topic hub và internal link về trang dịch vụ,B,5500.0,0%,"53,127"
tour du lịch hà nội ninh bình,Ninh Bình Trip,Di chuyển,Out-of-scope Ninh Bình,Commercial Investigation,50,N/A,N/A,N/A,Planner (Trung bình),data/google_planner/hanoi/Keyword Stats 2026-02-13 at 11_54_58.csv,Viết bài top-list/so sánh; map vào cluster hub; bổ sung schema + ảnh/UGC,B,55.00000000000001,0%,"6,922"
tour ha noi ninh binh,Ninh Bình Trip,Di chuyển,Out-of-scope Ninh Bình,Commercial Investigation,50,N/A,N/A,N/A,Planner (Cao),data/google_planner/hanoi/Keyword Stats 2026-02-13 at 11_54_58.csv,Viết bài top-list/so sánh; map vào cluster hub; bổ sung schema + ảnh/UGC,B,55.00000000000001,0%,"8,679"
tour du lịch ninh bình từ hà nội,Ninh Bình Trip,Di chuyển,Out-of-scope Ninh Bình,Commercial Investigation,50,N/A,N/A,N/A,Planner (Cao),data/google_planner/hanoi/Keyword Stats 2026-02-13 at 11_54_58.csv,Viết bài top-list/so sánh; map vào cluster hub; bổ sung schema + ảnh/UGC,B,55.00000000000001,0%,"4,224"
tour phú quốc 4 ngày 3 đêm từ hà nội,Phú Quốc Trip,Di chuyển,Out-of-scope Phú Quốc,Transaction,500,N/A,N/A,N/A,Planner (Cao),data/google_planner/hanoi/Keyword Stats 2026-02-13 at 11_54_58.csv,"Tạo landing chuyển đổi (giá/vé/đặt chỗ), gom vào cluster page + build backlink nội bộ",B,650.0,900.0%,"4,414"
tour phú quốc 3 ngày 2 đêm từ hà nội,Phú Quốc Trip,Di chuyển,Out-of-scope Phú Quốc,Transaction,500,N/A,N/A,N/A,Planner (Cao),data/google_planner/hanoi/Keyword Stats 2026-02-13 at 11_54_58.csv,"Tạo landing chuyển đổi (giá/vé/đặt chỗ), gom vào cluster page + build backlink nội bộ",B,550.0,-90.0%,"6,376"
tour phú quốc từ hà nội,Phú Quốc Trip,Di chuyển,Out-of-scope Phú Quốc,Commercial Investigation,50,N/A,N/A,N/A,Planner (Cao),data/google_planner/hanoi/Keyword Stats 2026-02-13 at 11_54_58.csv,Viết bài top-list/so sánh; map vào cluster hub; bổ sung schema + ảnh/UGC,B,65.0,900.0%,"8,155"
tour hà nội phú quốc 4 ngày 3 đêm,Phú Quốc Trip,Di chuyển,Out-of-scope Phú Quốc,Transaction,50,N/A,N/A,N/A,Planner (Cao),data/google_planner/hanoi/Keyword Stats 2026-02-13 at 11_54_58.csv,"Tạo landing chuyển đổi (giá/vé/đặt chỗ), gom vào cluster page + build backlink nội bộ",B,55.00000000000001,0%,"8,765"
tour hà nội phú quốc 3 ngày 2 đêm,Phú Quốc Trip,Di chuyển,Out-of-scope Phú Quốc,Transaction,50,N/A,N/A,N/A,Planner (Trung bình),data/google_planner/hanoi/Keyword Stats 2026-02-13 at 11_54_58.csv,"Tạo landing chuyển đổi (giá/vé/đặt chỗ), gom vào cluster page + build backlink nội bộ",B,55.00000000000001,0%,"5,632"
tour hà nội phú quốc 4 ngày 3 đêm vinpearl,Phú Quốc Trip,Di chuyển,Out-of-scope Phú Quốc,Transaction,50,N/A,N/A,N/A,Planner (Cao),data/google_planner/hanoi/Keyword Stats 2026-02-13 at 11_54_58.csv,"Tạo landing chuyển đổi (giá/vé/đặt chỗ), gom vào cluster page + build backlink nội bộ",B,55.00000000000001,0%,"7,348"
tour du lịch phú quốc từ hà nội,Phú Quốc Trip,Di chuyển,Out-of-scope Phú Quốc,Commercial Investigation,50,N/A,N/A,N/A,Planner (Cao),data/google_planner/hanoi/Keyword Stats 2026-02-13 at 11_54_58.csv,Viết bài top-list/so sánh; map vào cluster hub; bổ sung schema + ảnh/UGC,B,55.00000000000001,0%,"7,875"
du lịch hà nội phú quốc 3 ngày 2 đêm,Phú Quốc Trip,Tổng hợp,Out-of-scope Phú Quốc,Informational,50,N/A,N/A,N/A,Planner (Cao),data/google_planner/hanoi/Keyword Stats 2026-02-13 at 11_54_58.csv,Viết guide/review; ưu tiên long-tail; tạo topic hub và internal link về trang dịch vụ,B,55.00000000000001,0%,"6,988"
du lịch hà nội phú quốc 4 ngày 3 đêm,Phú Quốc Trip,Tổng hợp,Out-of-scope Phú Quốc,Informational,50,N/A,N/A,N/A,Planner (Cao),data/google_planner/hanoi/Keyword Stats 2026-02-13 at 11_54_58.csv,Viết guide/review; ưu tiên long-tail; tạo topic hub và internal link về trang dịch vụ,B,55.00000000000001,0%,"9,049"
tour hà nội phú quốc 4 ngày 3 đêm vietravel,Phú Quốc Trip,Di chuyển,Out-of-scope Phú Quốc,Transaction,50,N/A,N/A,N/A,Planner (Cao),data/google_planner/hanoi/Keyword Stats 2026-02-13 at 11_54_58.csv,"Tạo landing chuyển đổi (giá/vé/đặt chỗ), gom vào cluster page + build backlink nội bộ",B,55.00000000000001,0%,"6,325"
du lịch phú quốc từ hà nội,Phú Quốc Trip,Tổng hợp,Out-of-scope Phú Quốc,Informational,50,N/A,N/A,N/A,Planner (Cao),data/google_planner/hanoi/Keyword Stats 2026-02-13 at 11_54_58.csv,Viết guide/review; ưu tiên long-tail; tạo topic hub và internal link về trang dịch vụ,B,55.00000000000001,0%,"5,123"
chi phí đi du lịch phú quốc từ hà nội,Phú Quốc Trip,Tổng hợp,Out-of-scope Phú Quốc,Informational,50,N/A,N/A,N/A,Planner (Cao),data/google_planner/hanoi/Keyword Stats 2026-02-13 at 11_54_58.csv,Viết guide/review; ưu tiên long-tail; tạo topic hub và internal link về trang dịch vụ,B,55.00000000000001,0%,"1,388"
giá tour hà nội phú quốc 4 ngày 3 đêm,Phú Quốc Trip,Di chuyển,Out-of-scope Phú Quốc,Transaction,50,N/A,N/A,N/A,Planner (Trung bình),data/google_planner/hanoi/Keyword Stats 2026-02-13 at 11_54_58.csv,"Tạo landing chuyển đổi (giá/vé/đặt chỗ), gom vào cluster page + build backlink nội bộ",B,55.00000000000001,0%,"3,804"
tour hà nội phú quốc 5 ngày 4 đêm,Phú Quốc Trip,Di chuyển,Out-of-scope Phú Quốc,Transaction,50,N/A,N/A,N/A,Planner (Cao),data/google_planner/hanoi/Keyword Stats 2026-02-13 at 11_54_58.csv,"Tạo landing chuyển đổi (giá/vé/đặt chỗ), gom vào cluster page + build backlink nội bộ",B,55.00000000000001,0%,"6,025"
tour phú quốc 5 ngày 4 đêm từ hà nội,Phú Quốc Trip,Di chuyển,Out-of-scope Phú Quốc,Transaction,50,N/A,N/A,N/A,Planner (Trung bình),data/google_planner/hanoi/Keyword Stats 2026-02-13 at 11_54_58.csv,"Tạo landing chuyển đổi (giá/vé/đặt chỗ), gom vào cluster page + build backlink nội bộ",B,55.00000000000001,0%,"6,114"
tour phú quốc hà nội,Phú Quốc Trip,Di chuyển,Out-of-scope Phú Quốc,Commercial Investigation,50,N/A,N/A,N/A,Planner (Trung bình),data/google_planner/hanoi/Keyword Stats 2026-02-13 at 11_54_58.csv,Viết bài top-list/so sánh; map vào cluster hub; bổ sung schema + ảnh/UGC,B,55.00000000000001,0%,"5,985"
giá tour hà nội phú quốc 3 ngày 2 đêm,Phú Quốc Trip,Di chuyển,Out-of-scope Phú Quốc,Transaction,50,N/A,N/A,N/A,Planner (Trung bình),data/google_planner/hanoi/Keyword Stats 2026-02-13 at 11_54_58.csv,"Tạo landing chuyển đổi (giá/vé/đặt chỗ), gom vào cluster page + build backlink nội bộ",B,50.0,0%,0
tour du lịch phú quốc trọn gói từ hà nội,Phú Quốc Trip,Di chuyển,Out-of-scope Phú Quốc,Commercial Investigation,50,N/A,N/A,N/A,Planner (Thấp),data/google_planner/hanoi/Keyword Stats 2026-02-13 at 11_54_58.csv,Viết bài top-list/so sánh; map vào cluster hub; bổ sung schema + ảnh/UGC,B,50.0,0%,0
tour hà nội phú yên 3 ngày 2 đêm,Phú Yên Trip,Di chuyển,Out-of-scope Phú Yên,Transaction,50,N/A,N/A,N/A,Planner (Trung bình),data/google_planner/hanoi/Keyword Stats 2026-02-13 at 11_54_58.csv,"Tạo landing chuyển đổi (giá/vé/đặt chỗ), gom vào cluster page + build backlink nội bộ",B,50.0,0%,0
phố cổ đồng văn,Phố cổ Hà Nội,Địa danh tham quan / Văn hóa - Lịch sử,In-scope Hà Nội,Informational,9900,N/A,N/A,N/A,Low (0),data/seo_insider/advance_search_report.csv,Viết guide/review; ưu tiên long-tail; tạo topic hub và internal link về trang dịch vụ,B,9900.0,N/A,N/A
phố ô quan chưởng,Phố cổ Hà Nội,Địa danh tham quan / Văn hóa - Lịch sử,In-scope Hà Nội,Transaction,9900,N/A,N/A,N/A,Low (0),data/seo_insider/advance_search_report.csv,"Tạo landing chuyển đổi (giá/vé/đặt chỗ), gom vào cluster page + build backlink nội bộ",B,9900.0,N/A,N/A
ô quan chưởng,Phố cổ Hà Nội,Địa danh tham quan / Văn hóa - Lịch sử,In-scope Hà Nội,Transaction,6600,N/A,N/A,N/A,Low (0),data/seo_insider/advance_search_report.csv,"Tạo landing chuyển đổi (giá/vé/đặt chỗ), gom vào cluster page + build backlink nội bộ",B,6600.0,N/A,N/A
ks phố cổ hà nội,Phố cổ Hà Nội,Địa danh tham quan / Văn hóa - Lịch sử,In-scope Hà Nội,Informational,50,N/A,N/A,N/A,Planner (Cao),data/google_planner/hanoi/Keyword Stats 2026-02-13 at 11_54_58.csv,Viết guide/review; ưu tiên long-tail; tạo topic hub và internal link về trang dịch vụ,B,55.00000000000001,-90.0%,"21,932"
đặt phòng phố cổ hà nội,Phố cổ Hà Nội,Địa danh tham quan / Văn hóa - Lịch sử,In-scope Hà Nội,Informational,50,N/A,N/A,N/A,Planner (Cao),data/google_planner/hanoi/Keyword Stats 2026-02-13 at 11_54_58.csv,Viết guide/review; ưu tiên long-tail; tạo topic hub và internal link về trang dịch vụ,B,55.00000000000001,0%,"207,978"
phố cổ hà nội ở quận nào,Phố cổ Hà Nội,Địa danh tham quan / Văn hóa - Lịch sử,In-scope Hà Nội,Informational,50,N/A,N/A,N/A,Planner (Thấp),data/google_planner/hanoi/Keyword Stats 2026-02-13 at 11_54_58.csv,Viết guide/review; ưu tiên long-tail; tạo topic hub và internal link về trang dịch vụ,B,50.0,0%,0
tour quy nhơn 3 ngày 2 đêm từ hà nội,Quy Nhơn Trip,Di chuyển,Out-of-scope Quy Nhơn,Transaction,50,N/A,N/A,N/A,Planner (Trung bình),data/google_planner/hanoi/Keyword Stats 2026-02-13 at 11_54_58.csv,"Tạo landing chuyển đổi (giá/vé/đặt chỗ), gom vào cluster page + build backlink nội bộ",B,55.00000000000001,0%,"10,862"
tour quy nhơn 4 ngày 3 đêm từ hà nội,Quy Nhơn Trip,Di chuyển,Out-of-scope Quy Nhơn,Transaction,50,N/A,N/A,N/A,Planner (Không xác định),data/google_planner/hanoi/Keyword Stats 2026-02-13 at 11_54_58.csv,"Tạo landing chuyển đổi (giá/vé/đặt chỗ), gom vào cluster page + build backlink nội bộ",B,50.0,-100.0%,0
tour hà nội quảng bình 3 ngày 2 đêm,Quảng Bình Trip,Di chuyển,Out-of-scope Quảng Bình,Transaction,500,N/A,N/A,N/A,Planner (Thấp),data/google_planner/hanoi/Keyword Stats 2026-02-13 at 11_54_58.csv,"Tạo landing chuyển đổi (giá/vé/đặt chỗ), gom vào cluster page + build backlink nội bộ",B,550.0,0%,"1,735"
tour hà nội quảng bình 4 ngày 3 đêm,Quảng Bình Trip,Di chuyển,Out-of-scope Quảng Bình,Transaction,500,N/A,N/A,N/A,Planner (Thấp),data/google_planner/hanoi/Keyword Stats 2026-02-13 at 11_54_58.csv,"Tạo landing chuyển đổi (giá/vé/đặt chỗ), gom vào cluster page + build backlink nội bộ",B,550.0,0%,"4,323"
du lịch quảng bình từ hà nội,Quảng Bình Trip,Tổng hợp,Out-of-scope Quảng Bình,Informational,50,N/A,N/A,N/A,Planner (Thấp),data/google_planner/hanoi/Keyword Stats 2026-02-13 at 11_54_58.csv,Viết guide/review; ưu tiên long-tail; tạo topic hub và internal link về trang dịch vụ,B,50.0,0%,0
giá tour hà nội quảng bình,Quảng Bình Trip,Di chuyển,Out-of-scope Quảng Bình,Transaction,50,N/A,N/A,N/A,Planner (Không xác định),data/google_planner/hanoi/Keyword Stats 2026-02-13 at 11_54_58.csv,"Tạo landing chuyển đổi (giá/vé/đặt chỗ), gom vào cluster page + build backlink nội bộ",B,50.0,0%,0
tour hà nội quảng bình máy bay,Quảng Bình Trip,Di chuyển,Out-of-scope Quảng Bình,Commercial Investigation,50,N/A,N/A,N/A,Planner (Thấp),data/google_planner/hanoi/Keyword Stats 2026-02-13 at 11_54_58.csv,Viết bài top-list/so sánh; map vào cluster hub; bổ sung schema + ảnh/UGC,B,50.0,0%,0
tour quảng bình 3 ngày 2 đêm từ hà nội,Quảng Bình Trip,Di chuyển,Out-of-scope Quảng Bình,Transaction,50,N/A,N/A,N/A,Planner (Không xác định),data/google_planner/hanoi/Keyword Stats 2026-02-13 at 11_54_58.csv,"Tạo landing chuyển đổi (giá/vé/đặt chỗ), gom vào cluster page + build backlink nội bộ",B,50.0,-100.0%,0
tour quảng bình từ hà nội,Quảng Bình Trip,Di chuyển,Out-of-scope Quảng Bình,Commercial Investigation,50,N/A,N/A,N/A,Planner (Thấp),data/google_planner/hanoi/Keyword Stats 2026-02-13 at 11_54_58.csv,Viết bài top-list/so sánh; map vào cluster hub; bổ sung schema + ảnh/UGC,B,50.0,0%,0
tour đi quảng bình từ hà nội,Quảng Bình Trip,Di chuyển,Out-of-scope Quảng Bình,Commercial Investigation,50,N/A,N/A,N/A,Planner (Thấp),data/google_planner/hanoi/Keyword Stats 2026-02-13 at 11_54_58.csv,Viết bài top-list/so sánh; map vào cluster hub; bổ sung schema + ảnh/UGC,B,50.0,0%,0
tour hà nội sapa,Sa Pa Trip,Di chuyển,Out-of-scope Sa Pa,Commercial Investigation,500,N/A,N/A,N/A,Planner (Cao),data/google_planner/hanoi/Keyword Stats 2026-02-13 at 11_54_58.csv,Viết bài top-list/so sánh; map vào cluster hub; bổ sung schema + ảnh/UGC,B,550.0,0%,"12,804"
tour hà nội sapa 3 ngày 2 đêm,Sa Pa Trip,Di chuyển,Out-of-scope Sa Pa,Transaction,500,N/A,N/A,N/A,Planner (Cao),data/google_planner/hanoi/Keyword Stats 2026-02-13 at 11_54_58.csv,"Tạo landing chuyển đổi (giá/vé/đặt chỗ), gom vào cluster page + build backlink nội bộ",B,550.0,0%,"15,677"
tour sapa từ hà nội,Sa Pa Trip,Di chuyển,Out-of-scope Sa Pa,Commercial Investigation,500,N/A,N/A,N/A,Planner (Cao),data/google_planner/hanoi/Keyword Stats 2026-02-13 at 11_54_58.csv,Viết bài top-list/so sánh; map vào cluster hub; bổ sung schema + ảnh/UGC,B,550.0,0%,"12,180"
tour hà nội sapa 2 ngày 1 đêm,Sa Pa Trip,Di chuyển,Out-of-scope Sa Pa,Transaction,500,N/A,N/A,N/A,Planner (Cao),data/google_planner/hanoi/Keyword Stats 2026-02-13 at 11_54_58.csv,"Tạo landing chuyển đổi (giá/vé/đặt chỗ), gom vào cluster page + build backlink nội bộ",B,550.0,-90.0%,"14,802"
tour hanoi sapa,Sa Pa Trip,Di chuyển,Out-of-scope Sa Pa,Commercial Investigation,500,N/A,N/A,N/A,Planner (Cao),data/google_planner/hanoi/Keyword Stats 2026-02-13 at 11_54_58.csv,Viết bài top-list/so sánh; map vào cluster hub; bổ sung schema + ảnh/UGC,B,550.0,0%,"32,051"
tour sapa 2 ngày 1 đêm từ hà nội,Sa Pa Trip,Di chuyển,Out-of-scope Sa Pa,Transaction,500,N/A,N/A,N/A,Planner (Cao),data/google_planner/hanoi/Keyword Stats 2026-02-13 at 11_54_58.csv,"Tạo landing chuyển đổi (giá/vé/đặt chỗ), gom vào cluster page + build backlink nội bộ",B,550.0,-90.0%,"15,087"
tour sapa 3 ngày 2 đêm từ hà nội,Sa Pa Trip,Di chuyển,Out-of-scope Sa Pa,Transaction,50,N/A,N/A,N/A,Planner (Cao),data/google_planner/hanoi/Keyword Stats 2026-02-13 at 11_54_58.csv,"Tạo landing chuyển đổi (giá/vé/đặt chỗ), gom vào cluster page + build backlink nội bộ",B,55.00000000000001,0%,"12,730"
tour đi sapa từ hà nội,Sa Pa Trip,Di chuyển,Out-of-scope Sa Pa,Commercial Investigation,50,N/A,N/A,N/A,Planner (Cao),data/google_planner/hanoi/Keyword Stats 2026-02-13 at 11_54_58.csv,Viết bài top-list/so sánh; map vào cluster hub; bổ sung schema + ảnh/UGC,B,55.00000000000001,0%,"11,954"
tour du lịch hà nội sapa,Sa Pa Trip,Di chuyển,Out-of-scope Sa Pa,Commercial Investigation,50,N/A,N/A,N/A,Planner (Cao),data/google_planner/hanoi/Keyword Stats 2026-02-13 at 11_54_58.csv,Viết bài top-list/so sánh; map vào cluster hub; bổ sung schema + ảnh/UGC,B,55.00000000000001,0%,"12,797"
tour hà nội sapa 3 ngày 2 đêm vietravel,Sa Pa Trip,Di chuyển,Out-of-scope Sa Pa,Transaction,50,N/A,N/A,N/A,Planner (Trung bình),data/google_planner/hanoi/Keyword Stats 2026-02-13 at 11_54_58.csv,"Tạo landing chuyển đổi (giá/vé/đặt chỗ), gom vào cluster page + build backlink nội bộ",B,55.00000000000001,0%,"7,310"
tour du lịch hà nội sapa 3 ngày 2 đêm,Sa Pa Trip,Di chuyển,Out-of-scope Sa Pa,Transaction,50,N/A,N/A,N/A,Planner (Cao),data/google_planner/hanoi/Keyword Stats 2026-02-13 at 11_54_58.csv,"Tạo landing chuyển đổi (giá/vé/đặt chỗ), gom vào cluster page + build backlink nội bộ",B,55.00000000000001,0%,"15,774"
tour hà nội sapa 4 ngày 3 đêm,Sa Pa Trip,Di chuyển,Out-of-scope Sa Pa,Transaction,50,N/A,N/A,N/A,Planner (Cao),data/google_planner/hanoi/Keyword Stats 2026-02-13 at 11_54_58.csv,"Tạo landing chuyển đổi (giá/vé/đặt chỗ), gom vào cluster page + build backlink nội bộ",B,55.00000000000001,0%,"11,396"
du lịch hà nội sapa,Sa Pa Trip,Tổng hợp,Out-of-scope Sa Pa,Informational,50,N/A,N/A,N/A,Planner (Cao),data/google_planner/hanoi/Keyword Stats 2026-02-13 at 11_54_58.csv,Viết guide/review; ưu tiên long-tail; tạo topic hub và internal link về trang dịch vụ,B,55.00000000000001,0%,"11,400"
tour hà nội sapa 4 ngày 3 đêm vietravel,Sa Pa Trip,Di chuyển,Out-of-scope Sa Pa,Transaction,50,N/A,N/A,N/A,Planner (Trung bình),data/google_planner/hanoi/Keyword Stats 2026-02-13 at 11_54_58.csv,"Tạo landing chuyển đổi (giá/vé/đặt chỗ), gom vào cluster page + build backlink nội bộ",B,55.00000000000001,0%,"8,246"
du lịch hà nội sapa 3 ngày 2 đêm,Sa Pa Trip,Tổng hợp,Out-of-scope Sa Pa,Informational,50,N/A,N/A,N/A,Planner (Cao),data/google_planner/hanoi/Keyword Stats 2026-02-13 at 11_54_58.csv,Viết guide/review; ưu tiên long-tail; tạo topic hub và internal link về trang dịch vụ,B,55.00000000000001,0%,"13,815"
du lịch sapa từ hà nội,Sa Pa Trip,Tổng hợp,Out-of-scope Sa Pa,Informational,50,N/A,N/A,N/A,Planner (Cao),data/google_planner/hanoi/Keyword Stats 2026-02-13 at 11_54_58.csv,Viết guide/review; ưu tiên long-tail; tạo topic hub và internal link về trang dịch vụ,B,55.00000000000001,0%,"11,401"
tour du lịch sapa từ hà nội,Sa Pa Trip,Di chuyển,Out-of-scope Sa Pa,Commercial Investigation,50,N/A,N/A,N/A,Planner (Cao),data/google_planner/hanoi/Keyword Stats 2026-02-13 at 11_54_58.csv,Viết bài top-list/so sánh; map vào cluster hub; bổ sung schema + ảnh/UGC,B,55.00000000000001,0%,"11,849"
tour hà nội sapa vietravel,Sa Pa Trip,Di chuyển,Out-of-scope Sa Pa,Commercial Investigation,50,N/A,N/A,N/A,Planner (Cao),data/google_planner/hanoi/Keyword Stats 2026-02-13 at 11_54_58.csv,Viết bài top-list/so sánh; map vào cluster hub; bổ sung schema + ảnh/UGC,B,55.00000000000001,0%,"10,356"
tour đi hà nội sapa,Sa Pa Trip,Di chuyển,Out-of-scope Sa Pa,Commercial Investigation,50,N/A,N/A,N/A,Planner (Cao),data/google_planner/hanoi/Keyword Stats 2026-02-13 at 11_54_58.csv,Viết bài top-list/so sánh; map vào cluster hub; bổ sung schema + ảnh/UGC,B,55.00000000000001,0%,"11,143"
tour hà nội sapa fansipan,Sa Pa Trip,Di chuyển,Out-of-scope Sa Pa,Commercial Investigation,50,N/A,N/A,N/A,Planner (Cao),data/google_planner/hanoi/Keyword Stats 2026-02-13 at 11_54_58.csv,Viết bài top-list/so sánh; map vào cluster hub; bổ sung schema + ảnh/UGC,B,55.00000000000001,0%,"14,367"
tour sapa hà nội,Sa Pa Trip,Di chuyển,Out-of-scope Sa Pa,Commercial Investigation,50,N/A,N/A,N/A,Planner (Cao),data/google_planner/hanoi/Keyword Stats 2026-02-13 at 11_54_58.csv,Viết bài top-list/so sánh; map vào cluster hub; bổ sung schema + ảnh/UGC,B,55.00000000000001,0%,"8,701"
tour hà nội sapa 5 ngày 4 đêm,Sa Pa Trip,Di chuyển,Out-of-scope Sa Pa,Transaction,50,N/A,N/A,N/A,Planner (Cao),data/google_planner/hanoi/Keyword Stats 2026-02-13 at 11_54_58.csv,"Tạo landing chuyển đổi (giá/vé/đặt chỗ), gom vào cluster page + build backlink nội bộ",B,55.00000000000001,0%,"11,894"
tour hà nội sapa bằng tàu hỏa,Sa Pa Trip,Di chuyển,Out-of-scope Sa Pa,Commercial Investigation,50,N/A,N/A,N/A,Planner (Cao),data/google_planner/hanoi/Keyword Stats 2026-02-13 at 11_54_58.csv,Viết bài top-list/so sánh; map vào cluster hub; bổ sung schema + ảnh/UGC,B,55.00000000000001,0%,"7,367"
du lich ha noi sa pa,Sa Pa Trip,Tổng hợp,Out-of-scope Sa Pa,Informational,50,N/A,N/A,N/A,Planner (Cao),data/google_planner/hanoi/Keyword Stats 2026-02-13 at 11_54_58.csv,Viết guide/review; ưu tiên long-tail; tạo topic hub và internal link về trang dịch vụ,B,50.0,0%,0
tua du lich ha noi sa pa,Sa Pa Trip,Tổng hợp,Out-of-scope Sa Pa,Informational,50,N/A,N/A,N/A,Planner (Cao),data/google_planner/hanoi/Keyword Stats 2026-02-13 at 11_54_58.csv,Viết guide/review; ưu tiên long-tail; tạo topic hub và internal link về trang dịch vụ,B,50.0,0%,0
tour hà nội sapa trọn gói,Sa Pa Trip,Di chuyển,Out-of-scope Sa Pa,Commercial Investigation,50,N/A,N/A,N/A,Planner (Không xác định),data/google_planner/hanoi/Keyword Stats 2026-02-13 at 11_54_58.csv,Viết bài top-list/so sánh; map vào cluster hub; bổ sung schema + ảnh/UGC,B,50.0,-100.0%,0
tour hà nội sapa saigontourist,Sa Pa Trip,Di chuyển,Out-of-scope Sa Pa,Commercial Investigation,50,N/A,N/A,N/A,Planner (Thấp),data/google_planner/hanoi/Keyword Stats 2026-02-13 at 11_54_58.csv,Viết bài top-list/so sánh; map vào cluster hub; bổ sung schema + ảnh/UGC,B,50.0,0%,0
tour hà nội bái đính tràng an,Sân bay Nội Bài & di chuyển,Di chuyển,In-scope Hà Nội,Commercial Investigation,50,N/A,N/A,N/A,Planner (Cao),data/google_planner/hanoi/Keyword Stats 2026-02-13 at 11_54_58.csv,Viết bài top-list/so sánh; map vào cluster hub; bổ sung schema + ảnh/UGC,B,55.00000000000001,0%,"12,205"
khách sạn sơn la hà nội,Sơn La Trip,Lưu trú,Out-of-scope Sơn La,Commercial Investigation,50,N/A,N/A,N/A,Planner (Thấp),data/google_planner/hanoi/Keyword Stats 2026-02-13 at 11_54_58.csv,Viết bài top-list/so sánh; map vào cluster hub; bổ sung schema + ảnh/UGC,B,75.0,0%,0
xe limousine hà nội tam đảo,Tam Đảo Trip,Di chuyển,Out-of-scope Tam Đảo,Transaction,N/A,1042,21,2.02%,N/A (N/A),data/google_search_console/Queries.csv,"Tối ưu landing (CTA/giá/FAQ), cải thiện snippet để tăng CTR; internal link từ hub 'Hà Nội'",A,21.0,N/A,N/A
tour hà nội tam đảo 1 ngày,Tam Đảo Trip,Di chuyển,Out-of-scope Tam Đảo,Transaction,500,N/A,N/A,N/A,Planner (Trung bình),data/google_planner/hanoi/Keyword Stats 2026-02-13 at 11_54_58.csv,"Tạo landing chuyển đổi (giá/vé/đặt chỗ), gom vào cluster page + build backlink nội bộ",B,550.0,0%,"5,280"
tour hà nội tam đảo,Tam Đảo Trip,Di chuyển,Out-of-scope Tam Đảo,Commercial Investigation,50,N/A,N/A,N/A,Planner (Trung bình),data/google_planner/hanoi/Keyword Stats 2026-02-13 at 11_54_58.csv,Viết bài top-list/so sánh; map vào cluster hub; bổ sung schema + ảnh/UGC,B,55.00000000000001,0%,"5,712"
thuê xe du lịch hà nội asia transport,Taxi / Limousine / Thuê xe Hà Nội,Di chuyển,In-scope Hà Nội,Transaction,N/A,N/A,N/A,N/A,Trend SI:1 850%,data/google_trend/searched_with_rising-queries_VN_20250210-1752_20260210-1752.csv,"Tạo landing chuyển đổi (giá/vé/đặt chỗ), gom vào cluster page + build backlink nội bộ",B,1.0,850%,N/A
tour hà nội 1 ngày giá cực rẻ,Tour Hà Nội,Di chuyển,In-scope Hà Nội,Transaction,N/A,951,41,4.31%,N/A (N/A),data/google_search_console/Queries.csv,"Tối ưu landing (CTA/giá/FAQ), cải thiện snippet để tăng CTR; internal link từ hub 'Hà Nội'",A,41.0,N/A,N/A
tour hà nội,Tour Hà Nội,Di chuyển,In-scope Hà Nội,Commercial Investigation,N/A,1518,26,1.71%,N/A (N/A),data/google_search_console/Queries.csv,"Refresh bài top-list, thêm bảng so sánh + schema FAQ/Review; tối ưu title để tăng CTR",A,26.0,N/A,N/A
tour dubai từ hà nội,Tour Hà Nội,Di chuyển,In-scope Hà Nội,Commercial Investigation,500,N/A,N/A,N/A,Planner (Trung bình),data/google_planner/hanoi/Keyword Stats 2026-02-13 at 11_54_58.csv,Viết bài top-list/so sánh; map vào cluster hub; bổ sung schema + ảnh/UGC,B,650.0,900.0%,"12,924"
tour du lịch 3 ngày 2 đêm từ hà nội,Tour Hà Nội,Di chuyển,In-scope Hà Nội,Transaction,500,N/A,N/A,N/A,Planner (Thấp),data/google_planner/hanoi/Keyword Stats 2026-02-13 at 11_54_58.csv,"Tạo landing chuyển đổi (giá/vé/đặt chỗ), gom vào cluster page + build backlink nội bộ",B,650.0,900.0%,"7,108"
tour bali từ hà nội,Tour Hà Nội,Di chuyển,In-scope Hà Nội,Commercial Investigation,500,N/A,N/A,N/A,Planner (Thấp),data/google_planner/hanoi/Keyword Stats 2026-02-13 at 11_54_58.csv,Viết bài top-list/so sánh; map vào cluster hub; bổ sung schema + ảnh/UGC,B,550.0,0%,"3,216"
tour đài loan từ hà nội,Tour Hà Nội,Di chuyển,In-scope Hà Nội,Commercial Investigation,500,N/A,N/A,N/A,Planner (Trung bình),data/google_planner/hanoi/Keyword Stats 2026-02-13 at 11_54_58.csv,Viết bài top-list/so sánh; map vào cluster hub; bổ sung schema + ảnh/UGC,B,550.0,0%,"5,487"
tour miền tây 4 ngày 3 đêm từ hà nội,Tour Hà Nội,Di chuyển,In-scope Hà Nội,Transaction,500,N/A,N/A,N/A,Planner (Trung bình),data/google_planner/hanoi/Keyword Stats 2026-02-13 at 11_54_58.csv,"Tạo landing chuyển đổi (giá/vé/đặt chỗ), gom vào cluster page + build backlink nội bộ",B,550.0,0%,"9,561"
tour phượng hoàng cổ trấn từ hà nội,Tour Hà Nội,Di chuyển,In-scope Hà Nội,Commercial Investigation,500,N/A,N/A,N/A,Planner (Trung bình),data/google_planner/hanoi/Keyword Stats 2026-02-13 at 11_54_58.csv,Viết bài top-list/so sánh; map vào cluster hub; bổ sung schema + ảnh/UGC,B,550.0,0%,"7,647"
tour hà nội 1 ngày,Tour Hà Nội,Di chuyển,In-scope Hà Nội,Transaction,500,N/A,N/A,N/A,Planner (Trung bình),data/google_planner/hanoi/Keyword Stats 2026-02-13 at 11_54_58.csv,"Tạo landing chuyển đổi (giá/vé/đặt chỗ), gom vào cluster page + build backlink nội bộ",B,550.0,0%,"4,517"
tour miền tây từ hà nội,Tour Hà Nội,Di chuyển,In-scope Hà Nội,Commercial Investigation,500,N/A,N/A,N/A,Planner (Trung bình),data/google_planner/hanoi/Keyword Stats 2026-02-13 at 11_54_58.csv,Viết bài top-list/so sánh; map vào cluster hub; bổ sung schema + ảnh/UGC,B,550.0,0%,"9,203"
city tour hà nội,Tour Hà Nội,Di chuyển,In-scope Hà Nội,Commercial Investigation,500,N/A,N/A,N/A,Planner (Trung bình),data/google_planner/hanoi/Keyword Stats 2026-02-13 at 11_54_58.csv,Viết bài top-list/so sánh; map vào cluster hub; bổ sung schema + ảnh/UGC,B,550.0,0%,"3,261"
tour miền tây 5 ngày 4 đêm từ hà nội,Tour Hà Nội,Di chuyển,In-scope Hà Nội,Transaction,500,N/A,N/A,N/A,Planner (Trung bình),data/google_planner/hanoi/Keyword Stats 2026-02-13 at 11_54_58.csv,"Tạo landing chuyển đổi (giá/vé/đặt chỗ), gom vào cluster page + build backlink nội bộ",B,550.0,0%,"9,932"
tour hà nội 3 ngày 2 đêm,Tour Hà Nội,Di chuyển,In-scope Hà Nội,Transaction,500,N/A,N/A,N/A,Planner (Trung bình),data/google_planner/hanoi/Keyword Stats 2026-02-13 at 11_54_58.csv,"Tạo landing chuyển đổi (giá/vé/đặt chỗ), gom vào cluster page + build backlink nội bộ",B,550.0,0%,"5,368"
tour du lịch 1 ngày gần hà nội,Tour Hà Nội,Di chuyển,In-scope Hà Nội,Transaction,500,N/A,N/A,N/A,Planner (Thấp),data/google_planner/hanoi/Keyword Stats 2026-02-13 at 11_54_58.csv,"Tạo landing chuyển đổi (giá/vé/đặt chỗ), gom vào cluster page + build backlink nội bộ",B,550.0,0%,"3,952"
tour hà nội 2 ngày 1 đêm,Tour Hà Nội,Di chuyển,In-scope Hà Nội,Transaction,500,N/A,N/A,N/A,Planner (Trung bình),data/google_planner/hanoi/Keyword Stats 2026-02-13 at 11_54_58.csv,"Tạo landing chuyển đổi (giá/vé/đặt chỗ), gom vào cluster page + build backlink nội bộ",B,550.0,-90.0%,"5,614"
tour 1 ngày từ hà nội,Tour Hà Nội,Di chuyển,In-scope Hà Nội,Transaction,500,N/A,N/A,N/A,Planner (Trung bình),data/google_planner/hanoi/Keyword Stats 2026-02-13 at 11_54_58.csv,"Tạo landing chuyển đổi (giá/vé/đặt chỗ), gom vào cluster page + build backlink nội bộ",B,550.0,0%,"5,051"
tour đi hà nội,Tour Hà Nội,Di chuyển,In-scope Hà Nội,Commercial Investigation,500,N/A,N/A,N/A,Planner (Cao),data/google_planner/hanoi/Keyword Stats 2026-02-13 at 11_54_58.csv,Viết bài top-list/so sánh; map vào cluster hub; bổ sung schema + ảnh/UGC,B,550.0,-90.0%,"5,519"
tour du lịch 2 ngày 1 đêm từ hà nội,Tour Hà Nội,Di chuyển,In-scope Hà Nội,Transaction,500,N/A,N/A,N/A,Planner (Trung bình),data/google_planner/hanoi/Keyword Stats 2026-02-13 at 11_54_58.csv,"Tạo landing chuyển đổi (giá/vé/đặt chỗ), gom vào cluster page + build backlink nội bộ",B,550.0,0%,"5,410"
tour du lịch trong nước từ hà nội,Tour Hà Nội,Di chuyển,In-scope Hà Nội,Commercial Investigation,500,N/A,N/A,N/A,Planner (Trung bình),data/google_planner/hanoi/Keyword Stats 2026-02-13 at 11_54_58.csv,Viết bài top-list/so sánh; map vào cluster hub; bổ sung schema + ảnh/UGC,B,550.0,0%,"3,648"
tour hoàng thành thăng long,Tour Hà Nội,Di chuyển,In-scope Hà Nội,Commercial Investigation,500,N/A,N/A,N/A,Planner (Thấp),data/google_planner/hanoi/Keyword Stats 2026-02-13 at 11_54_58.csv,Viết bài top-list/so sánh; map vào cluster hub; bổ sung schema + ảnh/UGC,B,550.0,-90.0%,"9,361"
tour tây tạng từ hà nội,Tour Hà Nội,Di chuyển,In-scope Hà Nội,Commercial Investigation,500,N/A,N/A,N/A,Planner (Trung bình),data/google_planner/hanoi/Keyword Stats 2026-02-13 at 11_54_58.csv,Viết bài top-list/so sánh; map vào cluster hub; bổ sung schema + ảnh/UGC,B,550.0,-90.0%,"8,567"
tour đêm hà nội,Tour Hà Nội,Di chuyển,In-scope Hà Nội,Commercial Investigation,500,N/A,N/A,N/A,Planner (Trung bình),data/google_planner/hanoi/Keyword Stats 2026-02-13 at 11_54_58.csv,Viết bài top-list/so sánh; map vào cluster hub; bổ sung schema + ảnh/UGC,B,550.0,-90.0%,"8,894"
tour du lịch hà nội,Tour Hà Nội,Di chuyển,In-scope Hà Nội,Commercial Investigation,N/A,N/A,N/A,N/A,Trend SI:100 -6%,data/google_trend/searched_with_top-queries_VN_20250210-1750_20260210-1750.csv,Viết bài top-list/so sánh; map vào cluster hub; bổ sung schema + ảnh/UGC,B,100.0,-6%,N/A
tour hà nội mộc châu,Tour Hà Nội,Di chuyển,In-scope Hà Nội,Commercial Investigation,50,N/A,N/A,N/A,Planner (Cao),data/google_planner/hanoi/Keyword Stats 2026-02-13 at 11_54_58.csv,Viết bài top-list/so sánh; map vào cluster hub; bổ sung schema + ảnh/UGC,B,65.0,900.0%,"4,358"
tour hà nội mộc châu 2 ngày 1 đêm,Tour Hà Nội,Di chuyển,In-scope Hà Nội,Transaction,50,N/A,N/A,N/A,Planner (Trung bình),data/google_planner/hanoi/Keyword Stats 2026-02-13 at 11_54_58.csv,"Tạo landing chuyển đổi (giá/vé/đặt chỗ), gom vào cluster page + build backlink nội bộ",B,65.0,900.0%,"5,781"
tour hà nội mộc châu 3 ngày 2 đêm,Tour Hà Nội,Di chuyển,In-scope Hà Nội,Transaction,50,N/A,N/A,N/A,Planner (Trung bình),data/google_planner/hanoi/Keyword Stats 2026-02-13 at 11_54_58.csv,"Tạo landing chuyển đổi (giá/vé/đặt chỗ), gom vào cluster page + build backlink nội bộ",B,65.0,900.0%,"5,707"
tour mộc châu từ hà nội,Tour Hà Nội,Di chuyển,In-scope Hà Nội,Commercial Investigation,50,N/A,N/A,N/A,Planner (Cao),data/google_planner/hanoi/Keyword Stats 2026-02-13 at 11_54_58.csv,Viết bài top-list/so sánh; map vào cluster hub; bổ sung schema + ảnh/UGC,B,65.0,900.0%,"5,181"
tour du lịch phượng hoàng cổ trấn từ hà nội,Tour Hà Nội,Di chuyển,In-scope Hà Nội,Commercial Investigation,50,N/A,N/A,N/A,Planner (Thấp),data/google_planner/hanoi/Keyword Stats 2026-02-13 at 11_54_58.csv,Viết bài top-list/so sánh; map vào cluster hub; bổ sung schema + ảnh/UGC,B,60.0,900.0%,0
tour đi nhật từ hà nội,Tour Hà Nội,Di chuyển,In-scope Hà Nội,Commercial Investigation,50,N/A,N/A,N/A,Planner (Cao),data/google_planner/hanoi/Keyword Stats 2026-02-13 at 11_54_58.csv,Viết bài top-list/so sánh; map vào cluster hub; bổ sung schema + ảnh/UGC,B,55.00000000000001,-90.0%,"7,691"
tour du lịch bali từ hà nội,Tour Hà Nội,Di chuyển,In-scope Hà Nội,Commercial Investigation,50,N/A,N/A,N/A,Planner (Thấp),data/google_planner/hanoi/Keyword Stats 2026-02-13 at 11_54_58.csv,Viết bài top-list/so sánh; map vào cluster hub; bổ sung schema + ảnh/UGC,B,55.00000000000001,0%,"3,562"
tour đi bali từ hà nội,Tour Hà Nội,Di chuyển,In-scope Hà Nội,Commercial Investigation,50,N/A,N/A,N/A,Planner (Thấp),data/google_planner/hanoi/Keyword Stats 2026-02-13 at 11_54_58.csv,Viết bài top-list/so sánh; map vào cluster hub; bổ sung schema + ảnh/UGC,B,55.00000000000001,0%,"1,965"
tour du lịch đài loan từ hà nội,Tour Hà Nội,Di chuyển,In-scope Hà Nội,Commercial Investigation,50,N/A,N/A,N/A,Planner (Trung bình),data/google_planner/hanoi/Keyword Stats 2026-02-13 at 11_54_58.csv,Viết bài top-list/so sánh; map vào cluster hub; bổ sung schema + ảnh/UGC,B,55.00000000000001,0%,"6,420"
tour du lịch dubai từ hà nội,Tour Hà Nội,Di chuyển,In-scope Hà Nội,Commercial Investigation,50,N/A,N/A,N/A,Planner (Trung bình),data/google_planner/hanoi/Keyword Stats 2026-02-13 at 11_54_58.csv,Viết bài top-list/so sánh; map vào cluster hub; bổ sung schema + ảnh/UGC,B,55.00000000000001,0%,"11,024"
tour phuket từ hà nội,Tour Hà Nội,Di chuyển,In-scope Hà Nội,Commercial Investigation,50,N/A,N/A,N/A,Planner (Trung bình),data/google_planner/hanoi/Keyword Stats 2026-02-13 at 11_54_58.csv,Viết bài top-list/so sánh; map vào cluster hub; bổ sung schema + ảnh/UGC,B,55.00000000000001,0%,"6,871"
tour du lịch miền tây từ hà nội,Tour Hà Nội,Di chuyển,In-scope Hà Nội,Commercial Investigation,50,N/A,N/A,N/A,Planner (Trung bình),data/google_planner/hanoi/Keyword Stats 2026-02-13 at 11_54_58.csv,Viết bài top-list/so sánh; map vào cluster hub; bổ sung schema + ảnh/UGC,B,55.00000000000001,0%,"8,828"
tour bali 4 ngày 3 đêm từ hà nội,Tour Hà Nội,Di chuyển,In-scope Hà Nội,Transaction,50,N/A,N/A,N/A,Planner (Thấp),data/google_planner/hanoi/Keyword Stats 2026-02-13 at 11_54_58.csv,"Tạo landing chuyển đổi (giá/vé/đặt chỗ), gom vào cluster page + build backlink nội bộ",B,55.00000000000001,0%,"6,016"
tour hà nội côn đảo,Tour Hà Nội,Di chuyển,In-scope Hà Nội,Commercial Investigation,50,N/A,N/A,N/A,Planner (Thấp),data/google_planner/hanoi/Keyword Stats 2026-02-13 at 11_54_58.csv,Viết bài top-list/so sánh; map vào cluster hub; bổ sung schema + ảnh/UGC,B,55.00000000000001,0%,"8,867"
tour cát bà 2 ngày 1 đêm từ hà nội,Tour Hà Nội,Di chuyển,In-scope Hà Nội,Transaction,50,N/A,N/A,N/A,Planner (Trung bình),data/google_planner/hanoi/Keyword Stats 2026-02-13 at 11_54_58.csv,"Tạo landing chuyển đổi (giá/vé/đặt chỗ), gom vào cluster page + build backlink nội bộ",B,55.00000000000001,0%,"3,944"
tour hà nội tràng an 1 ngày,Tour Hà Nội,Di chuyển,In-scope Hà Nội,Transaction,50,N/A,N/A,N/A,Planner (Cao),data/google_planner/hanoi/Keyword Stats 2026-02-13 at 11_54_58.csv,"Tạo landing chuyển đổi (giá/vé/đặt chỗ), gom vào cluster page + build backlink nội bộ",B,55.00000000000001,0%,"14,176"
tour du lịch phuket từ hà nội,Tour Hà Nội,Di chuyển,In-scope Hà Nội,Commercial Investigation,50,N/A,N/A,N/A,Planner (Trung bình),data/google_planner/hanoi/Keyword Stats 2026-02-13 at 11_54_58.csv,Viết bài top-list/so sánh; map vào cluster hub; bổ sung schema + ảnh/UGC,B,55.00000000000001,0%,"8,025"
tour hà nội miền tây 5 ngày,Tour Hà Nội,Di chuyển,In-scope Hà Nội,Transaction,50,N/A,N/A,N/A,Planner (Trung bình),data/google_planner/hanoi/Keyword Stats 2026-02-13 at 11_54_58.csv,"Tạo landing chuyển đổi (giá/vé/đặt chỗ), gom vào cluster page + build backlink nội bộ",B,55.00000000000001,0%,"5,560"
tour đi dubai từ hà nội,Tour Hà Nội,Di chuyển,In-scope Hà Nội,Commercial Investigation,50,N/A,N/A,N/A,Planner (Trung bình),data/google_planner/hanoi/Keyword Stats 2026-02-13 at 11_54_58.csv,Viết bài top-list/so sánh; map vào cluster hub; bổ sung schema + ảnh/UGC,B,55.00000000000001,0%,"9,722"
tour hà nội tràng an,Tour Hà Nội,Di chuyển,In-scope Hà Nội,Commercial Investigation,50,N/A,N/A,N/A,Planner (Cao),data/google_planner/hanoi/Keyword Stats 2026-02-13 at 11_54_58.csv,Viết bài top-list/so sánh; map vào cluster hub; bổ sung schema + ảnh/UGC,B,55.00000000000001,0%,"14,207"
tour lệ giang từ hà nội,Tour Hà Nội,Di chuyển,In-scope Hà Nội,Commercial Investigation,50,N/A,N/A,N/A,Planner (Trung bình),data/google_planner/hanoi/Keyword Stats 2026-02-13 at 11_54_58.csv,Viết bài top-list/so sánh; map vào cluster hub; bổ sung schema + ảnh/UGC,B,55.00000000000001,0%,"10,220"
tour hà nội cát bà,Tour Hà Nội,Di chuyển,In-scope Hà Nội,Commercial Investigation,50,N/A,N/A,N/A,Planner (Trung bình),data/google_planner/hanoi/Keyword Stats 2026-02-13 at 11_54_58.csv,Viết bài top-list/so sánh; map vào cluster hub; bổ sung schema + ảnh/UGC,B,55.00000000000001,0%,"4,879"
tour tây bắc từ hà nội,Tour Hà Nội,Di chuyển,In-scope Hà Nội,Commercial Investigation,50,N/A,N/A,N/A,Planner (Cao),data/google_planner/hanoi/Keyword Stats 2026-02-13 at 11_54_58.csv,Viết bài top-list/so sánh; map vào cluster hub; bổ sung schema + ảnh/UGC,B,55.00000000000001,0%,"7,378"
tour miền tây 3 ngày 2 đêm từ hà nội,Tour Hà Nội,Di chuyển,In-scope Hà Nội,Transaction,50,N/A,N/A,N/A,Planner (Trung bình),data/google_planner/hanoi/Keyword Stats 2026-02-13 at 11_54_58.csv,"Tạo landing chuyển đổi (giá/vé/đặt chỗ), gom vào cluster page + build backlink nội bộ",B,55.00000000000001,0%,"10,182"
tour 6 tỉnh miền tây từ hà nội,Tour Hà Nội,Di chuyển,In-scope Hà Nội,Commercial Investigation,50,N/A,N/A,N/A,Planner (Trung bình),data/google_planner/hanoi/Keyword Stats 2026-02-13 at 11_54_58.csv,Viết bài top-list/so sánh; map vào cluster hub; bổ sung schema + ảnh/UGC,B,55.00000000000001,0%,"8,324"
tour du lịch hà nội 1 ngày,Tour Hà Nội,Di chuyển,In-scope Hà Nội,Transaction,50,N/A,N/A,N/A,Planner (Trung bình),data/google_planner/hanoi/Keyword Stats 2026-02-13 at 11_54_58.csv,"Tạo landing chuyển đổi (giá/vé/đặt chỗ), gom vào cluster page + build backlink nội bộ",B,55.00000000000001,0%,"4,935"
tour hà nội phuket,Tour Hà Nội,Di chuyển,In-scope Hà Nội,Commercial Investigation,50,N/A,N/A,N/A,Planner (Thấp),data/google_planner/hanoi/Keyword Stats 2026-02-13 at 11_54_58.csv,Viết bài top-list/so sánh; map vào cluster hub; bổ sung schema + ảnh/UGC,B,55.00000000000001,0%,"5,729"
tour hà nội miền tây,Tour Hà Nội,Di chuyển,In-scope Hà Nội,Commercial Investigation,50,N/A,N/A,N/A,Planner (Trung bình),data/google_planner/hanoi/Keyword Stats 2026-02-13 at 11_54_58.csv,Viết bài top-list/so sánh; map vào cluster hub; bổ sung schema + ảnh/UGC,B,55.00000000000001,0%,"10,427"
city tour hà nội 1 ngày,Tour Hà Nội,Di chuyển,In-scope Hà Nội,Transaction,50,N/A,N/A,N/A,Planner (Trung bình),data/google_planner/hanoi/Keyword Stats 2026-02-13 at 11_54_58.csv,"Tạo landing chuyển đổi (giá/vé/đặt chỗ), gom vào cluster page + build backlink nội bộ",B,55.00000000000001,0%,"1,974"
tour côn đảo từ hà nội,Tour Hà Nội,Di chuyển,In-scope Hà Nội,Commercial Investigation,50,N/A,N/A,N/A,Planner (Thấp),data/google_planner/hanoi/Keyword Stats 2026-02-13 at 11_54_58.csv,Viết bài top-list/so sánh; map vào cluster hub; bổ sung schema + ảnh/UGC,B,55.00000000000001,0%,"9,867"
tour du lịch hà nội mộc châu,Tour Hà Nội,Di chuyển,In-scope Hà Nội,Commercial Investigation,50,N/A,N/A,N/A,Planner (Cao),data/google_planner/hanoi/Keyword Stats 2026-02-13 at 11_54_58.csv,Viết bài top-list/so sánh; map vào cluster hub; bổ sung schema + ảnh/UGC,B,55.00000000000001,0%,"7,009"
tour hà nội côn đảo 2 ngày 1 đêm,Tour Hà Nội,Di chuyển,In-scope Hà Nội,Transaction,50,N/A,N/A,N/A,Planner (Thấp),data/google_planner/hanoi/Keyword Stats 2026-02-13 at 11_54_58.csv,"Tạo landing chuyển đổi (giá/vé/đặt chỗ), gom vào cluster page + build backlink nội bộ",B,55.00000000000001,0%,"4,154"
tour du lịch côn đảo từ hà nội,Tour Hà Nội,Di chuyển,In-scope Hà Nội,Commercial Investigation,50,N/A,N/A,N/A,Planner (Thấp),data/google_planner/hanoi/Keyword Stats 2026-02-13 at 11_54_58.csv,Viết bài top-list/so sánh; map vào cluster hub; bổ sung schema + ảnh/UGC,B,55.00000000000001,0%,"1,975"
bus tour hà nội,Tour Hà Nội,Di chuyển,In-scope Hà Nội,Commercial Investigation,50,N/A,N/A,N/A,Planner (Cao),data/google_planner/hanoi/Keyword Stats 2026-02-13 at 11_54_58.csv,Viết bài top-list/so sánh; map vào cluster hub; bổ sung schema + ảnh/UGC,B,55.00000000000001,0%,"4,447"
giá vé city tour hà nội,Tour Hà Nội,Di chuyển,In-scope Hà Nội,Transaction,50,N/A,N/A,N/A,Planner (Trung bình),data/google_planner/hanoi/Keyword Stats 2026-02-13 at 11_54_58.csv,"Tạo landing chuyển đổi (giá/vé/đặt chỗ), gom vào cluster page + build backlink nội bộ",B,55.00000000000001,0%,"2,597"
hà nội city tour 1 ngày,Tour Hà Nội,Di chuyển,In-scope Hà Nội,Transaction,50,N/A,N/A,N/A,Planner (Thấp),data/google_planner/hanoi/Keyword Stats 2026-02-13 at 11_54_58.csv,"Tạo landing chuyển đổi (giá/vé/đặt chỗ), gom vào cluster page + build backlink nội bộ",B,55.00000000000001,0%,"4,924"
hà nội tour,Tour Hà Nội,Di chuyển,In-scope Hà Nội,Commercial Investigation,50,N/A,N/A,N/A,Planner (Trung bình),data/google_planner/hanoi/Keyword Stats 2026-02-13 at 11_54_58.csv,Viết bài top-list/so sánh; map vào cluster hub; bổ sung schema + ảnh/UGC,B,55.00000000000001,0%,"8,524"
hà nội tour 1 ngày,Tour Hà Nội,Di chuyển,In-scope Hà Nội,Transaction,50,N/A,N/A,N/A,Planner (Trung bình),data/google_planner/hanoi/Keyword Stats 2026-02-13 at 11_54_58.csv,"Tạo landing chuyển đổi (giá/vé/đặt chỗ), gom vào cluster page + build backlink nội bộ",B,55.00000000000001,0%,"6,010"
tour 1 ngày gần hà nội,Tour Hà Nội,Di chuyển,In-scope Hà Nội,Transaction,50,N/A,N/A,N/A,Planner (Trung bình),data/google_planner/hanoi/Keyword Stats 2026-02-13 at 11_54_58.csv,"Tạo landing chuyển đổi (giá/vé/đặt chỗ), gom vào cluster page + build backlink nội bộ",B,55.00000000000001,0%,"3,944"
tour 1 ngày hà nội,Tour Hà Nội,Di chuyển,In-scope Hà Nội,Transaction,50,N/A,N/A,N/A,Planner (Trung bình),data/google_planner/hanoi/Keyword Stats 2026-02-13 at 11_54_58.csv,"Tạo landing chuyển đổi (giá/vé/đặt chỗ), gom vào cluster page + build backlink nội bộ",B,55.00000000000001,0%,"5,125"
tour 2 ngày 1 đêm từ hà nội,Tour Hà Nội,Di chuyển,In-scope Hà Nội,Transaction,50,N/A,N/A,N/A,Planner (Trung bình),data/google_planner/hanoi/Keyword Stats 2026-02-13 at 11_54_58.csv,"Tạo landing chuyển đổi (giá/vé/đặt chỗ), gom vào cluster page + build backlink nội bộ",B,55.00000000000001,0%,"5,520"
tour 3 ngày 2 đêm từ hà nội,Tour Hà Nội,Di chuyển,In-scope Hà Nội,Transaction,50,N/A,N/A,N/A,Planner (Thấp),data/google_planner/hanoi/Keyword Stats 2026-02-13 at 11_54_58.csv,"Tạo landing chuyển đổi (giá/vé/đặt chỗ), gom vào cluster page + build backlink nội bộ",B,55.00000000000001,0%,"5,306"
tour ấn độ từ hà nội,Tour Hà Nội,Di chuyển,In-scope Hà Nội,Commercial Investigation,50,N/A,N/A,N/A,Planner (Thấp),data/google_planner/hanoi/Keyword Stats 2026-02-13 at 11_54_58.csv,Viết bài top-list/so sánh; map vào cluster hub; bổ sung schema + ảnh/UGC,B,55.00000000000001,0%,"7,394"
tour bhutan từ hà nội,Tour Hà Nội,Di chuyển,In-scope Hà Nội,Commercial Investigation,50,N/A,N/A,N/A,Planner (Thấp),data/google_planner/hanoi/Keyword Stats 2026-02-13 at 11_54_58.csv,Viết bài top-list/so sánh; map vào cluster hub; bổ sung schema + ảnh/UGC,B,55.00000000000001,0%,"12,928"
tour du lịch 1 ngày từ hà nội,Tour Hà Nội,Di chuyển,In-scope Hà Nội,Transaction,50,N/A,N/A,N/A,Planner (Thấp),data/google_planner/hanoi/Keyword Stats 2026-02-13 at 11_54_58.csv,"Tạo landing chuyển đổi (giá/vé/đặt chỗ), gom vào cluster page + build backlink nội bộ",B,55.00000000000001,0%,"2,757"
tour du lịch 1 ngày ở hà nội,Tour Hà Nội,Di chuyển,In-scope Hà Nội,Transaction,50,N/A,N/A,N/A,Planner (Cao),data/google_planner/hanoi/Keyword Stats 2026-02-13 at 11_54_58.csv,"Tạo landing chuyển đổi (giá/vé/đặt chỗ), gom vào cluster page + build backlink nội bộ",B,55.00000000000001,0%,"5,343"
tour du lịch ghép đoàn từ hà nội,Tour Hà Nội,Di chuyển,In-scope Hà Nội,Commercial Investigation,50,N/A,N/A,N/A,Planner (Trung bình),data/google_planner/hanoi/Keyword Stats 2026-02-13 at 11_54_58.csv,Viết bài top-list/so sánh; map vào cluster hub; bổ sung schema + ảnh/UGC,B,55.00000000000001,0%,"8,290"
tour du lịch hà nội 2 ngày 1 đêm,Tour Hà Nội,Di chuyển,In-scope Hà Nội,Transaction,50,N/A,N/A,N/A,Planner (Trung bình),data/google_planner/hanoi/Keyword Stats 2026-02-13 at 11_54_58.csv,"Tạo landing chuyển đổi (giá/vé/đặt chỗ), gom vào cluster page + build backlink nội bộ",B,55.00000000000001,0%,"4,934"
tour du lịch hà nội 3 ngày 2 đêm,Tour Hà Nội,Di chuyển,In-scope Hà Nội,Transaction,50,N/A,N/A,N/A,Planner (Trung bình),data/google_planner/hanoi/Keyword Stats 2026-02-13 at 11_54_58.csv,"Tạo landing chuyển đổi (giá/vé/đặt chỗ), gom vào cluster page + build backlink nội bộ",B,55.00000000000001,0%,"5,104"
tour du lịch hà nội thăm lăng bác,Tour Hà Nội,Di chuyển,In-scope Hà Nội,Commercial Investigation,50,N/A,N/A,N/A,Planner (Trung bình),data/google_planner/hanoi/Keyword Stats 2026-02-13 at 11_54_58.csv,Viết bài top-list/so sánh; map vào cluster hub; bổ sung schema + ảnh/UGC,B,55.00000000000001,0%,"4,759"
tour du lịch khởi hành từ hà nội,Tour Hà Nội,Di chuyển,In-scope Hà Nội,Commercial Investigation,50,N/A,N/A,N/A,Planner (Trung bình),data/google_planner/hanoi/Keyword Stats 2026-02-13 at 11_54_58.csv,Viết bài top-list/so sánh; map vào cluster hub; bổ sung schema + ảnh/UGC,B,55.00000000000001,0%,"7,127"
tour du lịch miền bắc khởi hành từ hà nội,Tour Hà Nội,Di chuyển,In-scope Hà Nội,Commercial Investigation,50,N/A,N/A,N/A,Planner (Trung bình),data/google_planner/hanoi/Keyword Stats 2026-02-13 at 11_54_58.csv,Viết bài top-list/so sánh; map vào cluster hub; bổ sung schema + ảnh/UGC,B,55.00000000000001,0%,"5,364"
tour du lịch mũi né từ hà nội vietravel,Tour Hà Nội,Di chuyển,In-scope Hà Nội,Commercial Investigation,50,N/A,N/A,N/A,Planner (Thấp),data/google_planner/hanoi/Keyword Stats 2026-02-13 at 11_54_58.csv,Viết bài top-list/so sánh; map vào cluster hub; bổ sung schema + ảnh/UGC,B,55.00000000000001,0%,"11,099"
tour du lịch quanh hà nội,Tour Hà Nội,Di chuyển,In-scope Hà Nội,Commercial Investigation,50,N/A,N/A,N/A,Planner (Trung bình),data/google_planner/hanoi/Keyword Stats 2026-02-13 at 11_54_58.csv,Viết bài top-list/so sánh; map vào cluster hub; bổ sung schema + ảnh/UGC,B,55.00000000000001,0%,"3,724"
tour du lịch quanh hà nội 1 ngày,Tour Hà Nội,Di chuyển,In-scope Hà Nội,Transaction,50,N/A,N/A,N/A,Planner (Trung bình),data/google_planner/hanoi/Keyword Stats 2026-02-13 at 11_54_58.csv,"Tạo landing chuyển đổi (giá/vé/đặt chỗ), gom vào cluster page + build backlink nội bộ",B,55.00000000000001,0%,"3,948"
tour du lịch tây bắc từ hà nội,Tour Hà Nội,Di chuyển,In-scope Hà Nội,Commercial Investigation,50,N/A,N/A,N/A,Planner (Cao),data/google_planner/hanoi/Keyword Stats 2026-02-13 at 11_54_58.csv,Viết bài top-list/so sánh; map vào cluster hub; bổ sung schema + ảnh/UGC,B,55.00000000000001,0%,"5,921"
tour du lịch từ hà nội,Tour Hà Nội,Di chuyển,In-scope Hà Nội,Commercial Investigation,50,N/A,N/A,N/A,Planner (Cao),data/google_planner/hanoi/Keyword Stats 2026-02-13 at 11_54_58.csv,Viết bài top-list/so sánh; map vào cluster hub; bổ sung schema + ảnh/UGC,B,55.00000000000001,0%,"7,564"
tour du lịch đảo jeju từ hà nội,Tour Hà Nội,Di chuyển,In-scope Hà Nội,Commercial Investigation,50,N/A,N/A,N/A,Planner (Trung bình),data/google_planner/hanoi/Keyword Stats 2026-02-13 at 11_54_58.csv,Viết bài top-list/so sánh; map vào cluster hub; bổ sung schema + ảnh/UGC,B,55.00000000000001,0%,"12,368"
tour hcm hà nội,Tour Hà Nội,Di chuyển,In-scope Hà Nội,Commercial Investigation,50,N/A,N/A,N/A,Planner (Trung bình),data/google_planner/hanoi/Keyword Stats 2026-02-13 at 11_54_58.csv,Viết bài top-list/so sánh; map vào cluster hub; bổ sung schema + ảnh/UGC,B,55.00000000000001,0%,"6,532"
tour hà nội 4 ngày 3 đêm,Tour Hà Nội,Di chuyển,In-scope Hà Nội,Transaction,50,N/A,N/A,N/A,Planner (Trung bình),data/google_planner/hanoi/Keyword Stats 2026-02-13 at 11_54_58.csv,"Tạo landing chuyển đổi (giá/vé/đặt chỗ), gom vào cluster page + build backlink nội bộ",B,55.00000000000001,0%,"8,785"
tour hà nội 5 ngày 4 đêm,Tour Hà Nội,Di chuyển,In-scope Hà Nội,Transaction,50,N/A,N/A,N/A,Planner (Trung bình),data/google_planner/hanoi/Keyword Stats 2026-02-13 at 11_54_58.csv,"Tạo landing chuyển đổi (giá/vé/đặt chỗ), gom vào cluster page + build backlink nội bộ",B,55.00000000000001,0%,"5,525"
tour hà nội côn đảo 4 ngày 3 đêm,Tour Hà Nội,Di chuyển,In-scope Hà Nội,Transaction,50,N/A,N/A,N/A,Planner (Thấp),data/google_planner/hanoi/Keyword Stats 2026-02-13 at 11_54_58.csv,"Tạo landing chuyển đổi (giá/vé/đặt chỗ), gom vào cluster page + build backlink nội bộ",B,55.00000000000001,0%,"4,252"
tour hà nội mai châu 2 ngày 1 đêm,Tour Hà Nội,Di chuyển,In-scope Hà Nội,Transaction,50,N/A,N/A,N/A,Planner (Trung bình),data/google_planner/hanoi/Keyword Stats 2026-02-13 at 11_54_58.csv,"Tạo landing chuyển đổi (giá/vé/đặt chỗ), gom vào cluster page + build backlink nội bộ",B,55.00000000000001,0%,"8,743"
tour hà nội mù cang chải,Tour Hà Nội,Di chuyển,In-scope Hà Nội,Commercial Investigation,50,N/A,N/A,N/A,Planner (Thấp),data/google_planner/hanoi/Keyword Stats 2026-02-13 at 11_54_58.csv,Viết bài top-list/so sánh; map vào cluster hub; bổ sung schema + ảnh/UGC,B,55.00000000000001,0%,"2,179"
tour hà nội mũi né 4 ngày 3 đêm,Tour Hà Nội,Di chuyển,In-scope Hà Nội,Transaction,50,N/A,N/A,N/A,Planner (Trung bình),data/google_planner/hanoi/Keyword Stats 2026-02-13 at 11_54_58.csv,"Tạo landing chuyển đổi (giá/vé/đặt chỗ), gom vào cluster page + build backlink nội bộ",B,55.00000000000001,0%,"16,146"
tour hà nội trong ngày,Tour Hà Nội,Di chuyển,In-scope Hà Nội,Commercial Investigation,50,N/A,N/A,N/A,Planner (Cao),data/google_planner/hanoi/Keyword Stats 2026-02-13 at 11_54_58.csv,Viết bài top-list/so sánh; map vào cluster hub; bổ sung schema + ảnh/UGC,B,55.00000000000001,0%,"5,026"
tour hà nội tà xùa,Tour Hà Nội,Di chuyển,In-scope Hà Nội,Commercial Investigation,50,N/A,N/A,N/A,Planner (Thấp),data/google_planner/hanoi/Keyword Stats 2026-02-13 at 11_54_58.csv,Viết bài top-list/so sánh; map vào cluster hub; bổ sung schema + ảnh/UGC,B,55.00000000000001,0%,"4,450"
tour hà nội tây bắc,Tour Hà Nội,Di chuyển,In-scope Hà Nội,Commercial Investigation,50,N/A,N/A,N/A,Planner (Cao),data/google_planner/hanoi/Keyword Stats 2026-02-13 at 11_54_58.csv,Viết bài top-list/so sánh; map vào cluster hub; bổ sung schema + ảnh/UGC,B,55.00000000000001,0%,"5,909"
tour hà nội vietravel,Tour Hà Nội,Di chuyển,In-scope Hà Nội,Commercial Investigation,50,N/A,N/A,N/A,Planner (Trung bình),data/google_planner/hanoi/Keyword Stats 2026-02-13 at 11_54_58.csv,Viết bài top-list/so sánh; map vào cluster hub; bổ sung schema + ảnh/UGC,B,55.00000000000001,0%,"8,774"
tour hà nội yên tử,Tour Hà Nội,Di chuyển,In-scope Hà Nội,Commercial Investigation,50,N/A,N/A,N/A,Planner (Trung bình),data/google_planner/hanoi/Keyword Stats 2026-02-13 at 11_54_58.csv,Viết bài top-list/so sánh; map vào cluster hub; bổ sung schema + ảnh/UGC,B,55.00000000000001,0%,"3,611"
tour khởi hành từ hà nội,Tour Hà Nội,Di chuyển,In-scope Hà Nội,Commercial Investigation,50,N/A,N/A,N/A,Planner (Trung bình),data/google_planner/hanoi/Keyword Stats 2026-02-13 at 11_54_58.csv,Viết bài top-list/so sánh; map vào cluster hub; bổ sung schema + ảnh/UGC,B,55.00000000000001,0%,"7,518"
tour nội thành hà nội,Tour Hà Nội,Di chuyển,In-scope Hà Nội,Commercial Investigation,50,N/A,N/A,N/A,Planner (Cao),data/google_planner/hanoi/Keyword Stats 2026-02-13 at 11_54_58.csv,Viết bài top-list/so sánh; map vào cluster hub; bổ sung schema + ảnh/UGC,B,55.00000000000001,0%,"6,489"
tour phong nha kẻ bàng từ hà nội,Tour Hà Nội,Di chuyển,In-scope Hà Nội,Commercial Investigation,50,N/A,N/A,N/A,Planner (Trung bình),data/google_planner/hanoi/Keyword Stats 2026-02-13 at 11_54_58.csv,Viết bài top-list/so sánh; map vào cluster hub; bổ sung schema + ảnh/UGC,B,55.00000000000001,0%,"4,095"
tour phố cổ hà nội,Tour Hà Nội,Di chuyển,In-scope Hà Nội,Commercial Investigation,50,N/A,N/A,N/A,Planner (Trung bình),data/google_planner/hanoi/Keyword Stats 2026-02-13 at 11_54_58.csv,Viết bài top-list/so sánh; map vào cluster hub; bổ sung schema + ảnh/UGC,B,55.00000000000001,0%,"4,933"
tour thổ nhĩ kỳ từ hà nội,Tour Hà Nội,Di chuyển,In-scope Hà Nội,Commercial Investigation,50,N/A,N/A,N/A,Planner (Trung bình),data/google_planner/hanoi/Keyword Stats 2026-02-13 at 11_54_58.csv,Viết bài top-list/so sánh; map vào cluster hub; bổ sung schema + ảnh/UGC,B,55.00000000000001,0%,"9,267"
tour trong ngày hà nội,Tour Hà Nội,Di chuyển,In-scope Hà Nội,Commercial Investigation,50,N/A,N/A,N/A,Planner (Cao),data/google_planner/hanoi/Keyword Stats 2026-02-13 at 11_54_58.csv,Viết bài top-list/so sánh; map vào cluster hub; bổ sung schema + ảnh/UGC,B,55.00000000000001,0%,"5,156"
tour trong ngày từ hà nội,Tour Hà Nội,Di chuyển,In-scope Hà Nội,Commercial Investigation,50,N/A,N/A,N/A,Planner (Cao),data/google_planner/hanoi/Keyword Stats 2026-02-13 at 11_54_58.csv,Viết bài top-list/so sánh; map vào cluster hub; bổ sung schema + ảnh/UGC,B,55.00000000000001,0%,"4,253"
tour tây nguyên 4 ngày 3 đêm từ hà nội,Tour Hà Nội,Di chuyển,In-scope Hà Nội,Transaction,50,N/A,N/A,N/A,Planner (Thấp),data/google_planner/hanoi/Keyword Stats 2026-02-13 at 11_54_58.csv,"Tạo landing chuyển đổi (giá/vé/đặt chỗ), gom vào cluster page + build backlink nội bộ",B,55.00000000000001,0%,"4,591"
tour tây nguyên từ hà nội,Tour Hà Nội,Di chuyển,In-scope Hà Nội,Commercial Investigation,50,N/A,N/A,N/A,Planner (Thấp),data/google_planner/hanoi/Keyword Stats 2026-02-13 at 11_54_58.csv,Viết bài top-list/so sánh; map vào cluster hub; bổ sung schema + ảnh/UGC,B,55.00000000000001,0%,"6,115"
tour từ hà nội,Tour Hà Nội,Di chuyển,In-scope Hà Nội,Commercial Investigation,50,N/A,N/A,N/A,Planner (Cao),data/google_planner/hanoi/Keyword Stats 2026-02-13 at 11_54_58.csv,Viết bài top-list/so sánh; map vào cluster hub; bổ sung schema + ảnh/UGC,B,55.00000000000001,0%,"7,324"
tour vòng quanh hà nội,Tour Hà Nội,Di chuyển,In-scope Hà Nội,Commercial Investigation,50,N/A,N/A,N/A,Planner (Trung bình),data/google_planner/hanoi/Keyword Stats 2026-02-13 at 11_54_58.csv,Viết bài top-list/so sánh; map vào cluster hub; bổ sung schema + ảnh/UGC,B,55.00000000000001,0%,"3,848"
tour xuyên việt 10 ngày từ hà nội,Tour Hà Nội,Di chuyển,In-scope Hà Nội,Transaction,50,N/A,N/A,N/A,Planner (Thấp),data/google_planner/hanoi/Keyword Stats 2026-02-13 at 11_54_58.csv,"Tạo landing chuyển đổi (giá/vé/đặt chỗ), gom vào cluster page + build backlink nội bộ",B,55.00000000000001,0%,"17,102"
tour xuyên việt từ hà nội,Tour Hà Nội,Di chuyển,In-scope Hà Nội,Commercial Investigation,50,N/A,N/A,N/A,Planner (Thấp),data/google_planner/hanoi/Keyword Stats 2026-02-13 at 11_54_58.csv,Viết bài top-list/so sánh; map vào cluster hub; bổ sung schema + ảnh/UGC,B,55.00000000000001,0%,"6,344"
tour đi maldives từ hà nội,Tour Hà Nội,Di chuyển,In-scope Hà Nội,Commercial Investigation,50,N/A,N/A,N/A,Planner (Thấp),data/google_planner/hanoi/Keyword Stats 2026-02-13 at 11_54_58.csv,Viết bài top-list/so sánh; map vào cluster hub; bổ sung schema + ảnh/UGC,B,55.00000000000001,0%,"2,861"
tour đảo jeju từ hà nội,Tour Hà Nội,Di chuyển,In-scope Hà Nội,Commercial Investigation,50,N/A,N/A,N/A,Planner (Trung bình),data/google_planner/hanoi/Keyword Stats 2026-02-13 at 11_54_58.csv,Viết bài top-list/so sánh; map vào cluster hub; bổ sung schema + ảnh/UGC,B,55.00000000000001,0%,"12,384"
vietravel tour hà nội,Tour Hà Nội,Di chuyển,In-scope Hà Nội,Commercial Investigation,50,N/A,N/A,N/A,Planner (Trung bình),data/google_planner/hanoi/Keyword Stats 2026-02-13 at 11_54_58.csv,Viết bài top-list/so sánh; map vào cluster hub; bổ sung schema + ảnh/UGC,B,55.00000000000001,0%,"24,228"
tour hà nội cát bà 2 ngày 1 đêm,Tour Hà Nội,Di chuyển,In-scope Hà Nội,Transaction,50,N/A,N/A,N/A,Planner (Thấp),data/google_planner/hanoi/Keyword Stats 2026-02-13 at 11_54_58.csv,"Tạo landing chuyển đổi (giá/vé/đặt chỗ), gom vào cluster page + build backlink nội bộ",B,50.0,0%,0
tour lý sơn từ hà nội,Tour Hà Nội,Di chuyển,In-scope Hà Nội,Commercial Investigation,50,N/A,N/A,N/A,Planner (Thấp),data/google_planner/hanoi/Keyword Stats 2026-02-13 at 11_54_58.csv,Viết bài top-list/so sánh; map vào cluster hub; bổ sung schema + ảnh/UGC,B,50.0,0%,0
tour hà nội côn đảo 3 ngày 2 đêm,Tour Hà Nội,Di chuyển,In-scope Hà Nội,Transaction,50,N/A,N/A,N/A,Planner (Thấp),data/google_planner/hanoi/Keyword Stats 2026-02-13 at 11_54_58.csv,"Tạo landing chuyển đổi (giá/vé/đặt chỗ), gom vào cluster page + build backlink nội bộ",B,50.0,0%,0
tour hà nội bali,Tour Hà Nội,Di chuyển,In-scope Hà Nội,Commercial Investigation,50,N/A,N/A,N/A,Planner (Thấp),data/google_planner/hanoi/Keyword Stats 2026-02-13 at 11_54_58.csv,Viết bài top-list/so sánh; map vào cluster hub; bổ sung schema + ảnh/UGC,B,50.0,0%,0
tour hà nội cát bà 3 ngày 2 đêm,Tour Hà Nội,Di chuyển,In-scope Hà Nội,Transaction,50,N/A,N/A,N/A,Planner (Thấp),data/google_planner/hanoi/Keyword Stats 2026-02-13 at 11_54_58.csv,"Tạo landing chuyển đổi (giá/vé/đặt chỗ), gom vào cluster page + build backlink nội bộ",B,50.0,0%,0
tour đi bali indonesia từ hà nội,Tour Hà Nội,Di chuyển,In-scope Hà Nội,Commercial Investigation,50,N/A,N/A,N/A,Planner (Thấp),data/google_planner/hanoi/Keyword Stats 2026-02-13 at 11_54_58.csv,Viết bài top-list/so sánh; map vào cluster hub; bổ sung schema + ảnh/UGC,B,50.0,0%,0
tour côn đảo 3 ngày 2 đêm từ hà nội,Tour Hà Nội,Di chuyển,In-scope Hà Nội,Transaction,50,N/A,N/A,N/A,Planner (Thấp),data/google_planner/hanoi/Keyword Stats 2026-02-13 at 11_54_58.csv,"Tạo landing chuyển đổi (giá/vé/đặt chỗ), gom vào cluster page + build backlink nội bộ",B,50.0,0%,0
tour hà nội lý sơn 4 ngày 3 đêm,Tour Hà Nội,Di chuyển,In-scope Hà Nội,Transaction,50,N/A,N/A,N/A,Planner (Thấp),data/google_planner/hanoi/Keyword Stats 2026-02-13 at 11_54_58.csv,"Tạo landing chuyển đổi (giá/vé/đặt chỗ), gom vào cluster page + build backlink nội bộ",B,50.0,0%,0
city tour hà nội 2 ngày 1 đêm,Tour Hà Nội,Di chuyển,In-scope Hà Nội,Transaction,50,N/A,N/A,N/A,Planner (Trung bình),data/google_planner/hanoi/Keyword Stats 2026-02-13 at 11_54_58.csv,"Tạo landing chuyển đổi (giá/vé/đặt chỗ), gom vào cluster page + build backlink nội bộ",B,50.0,0%,0
hanoi city tour giá vé,Tour Hà Nội,Di chuyển,In-scope Hà Nội,Transaction,50,N/A,N/A,N/A,Planner (Cao),data/google_planner/hanoi/Keyword Stats 2026-02-13 at 11_54_58.csv,"Tạo landing chuyển đổi (giá/vé/đặt chỗ), gom vào cluster page + build backlink nội bộ",B,50.0,0%,0
lịch trình city tour hà nội,Tour Hà Nội,Di chuyển,In-scope Hà Nội,Commercial Investigation,50,N/A,N/A,N/A,Planner (Thấp),data/google_planner/hanoi/Keyword Stats 2026-02-13 at 11_54_58.csv,Viết bài top-list/so sánh; map vào cluster hub; bổ sung schema + ảnh/UGC,B,50.0,0%,0
tour 2 ngày 1 đêm khởi hành từ hà nội,Tour Hà Nội,Di chuyển,In-scope Hà Nội,Transaction,50,N/A,N/A,N/A,Planner (Không xác định),data/google_planner/hanoi/Keyword Stats 2026-02-13 at 11_54_58.csv,"Tạo landing chuyển đổi (giá/vé/đặt chỗ), gom vào cluster page + build backlink nội bộ",B,50.0,0%,0
tour cát bà 3 ngày 2 đêm từ hà nội,Tour Hà Nội,Di chuyển,In-scope Hà Nội,Transaction,50,N/A,N/A,N/A,Planner (Không xác định),data/google_planner/hanoi/Keyword Stats 2026-02-13 at 11_54_58.csv,"Tạo landing chuyển đổi (giá/vé/đặt chỗ), gom vào cluster page + build backlink nội bộ",B,50.0,-100.0%,0
tour du lịch 2 ngày 1 đêm gần hà nội,Tour Hà Nội,Di chuyển,In-scope Hà Nội,Transaction,50,N/A,N/A,N/A,Planner (Thấp),data/google_planner/hanoi/Keyword Stats 2026-02-13 at 11_54_58.csv,"Tạo landing chuyển đổi (giá/vé/đặt chỗ), gom vào cluster page + build backlink nội bộ",B,50.0,0%,0
tour du lịch giá rẻ từ hà nội,Tour Hà Nội,Di chuyển,In-scope Hà Nội,Transaction,50,N/A,N/A,N/A,Planner (Thấp),data/google_planner/hanoi/Keyword Stats 2026-02-13 at 11_54_58.csv,"Tạo landing chuyển đổi (giá/vé/đặt chỗ), gom vào cluster page + build backlink nội bộ",B,50.0,0%,0
tour du lịch gần hà nội,Tour Hà Nội,Di chuyển,In-scope Hà Nội,Commercial Investigation,50,N/A,N/A,N/A,Planner (Cao),data/google_planner/hanoi/Keyword Stats 2026-02-13 at 11_54_58.csv,Viết bài top-list/so sánh; map vào cluster hub; bổ sung schema + ảnh/UGC,B,50.0,0%,0
tour du lịch hà nội cát bà,Tour Hà Nội,Di chuyển,In-scope Hà Nội,Commercial Investigation,50,N/A,N/A,N/A,Planner (Không xác định),data/google_planner/hanoi/Keyword Stats 2026-02-13 at 11_54_58.csv,Viết bài top-list/so sánh; map vào cluster hub; bổ sung schema + ảnh/UGC,B,50.0,-100.0%,0
tour du lịch hà nội phong nha kẻ bàng,Tour Hà Nội,Di chuyển,In-scope Hà Nội,Commercial Investigation,50,N/A,N/A,N/A,Planner (Không xác định),data/google_planner/hanoi/Keyword Stats 2026-02-13 at 11_54_58.csv,Viết bài top-list/so sánh; map vào cluster hub; bổ sung schema + ảnh/UGC,B,50.0,-100.0%,0
tour du lịch mông cổ từ hà nội,Tour Hà Nội,Di chuyển,In-scope Hà Nội,Commercial Investigation,50,N/A,N/A,N/A,Planner (Thấp),data/google_planner/hanoi/Keyword Stats 2026-02-13 at 11_54_58.csv,Viết bài top-list/so sánh; map vào cluster hub; bổ sung schema + ảnh/UGC,B,50.0,0%,0
tour du lịch xuyên việt từ hà nội,Tour Hà Nội,Di chuyển,In-scope Hà Nội,Commercial Investigation,50,N/A,N/A,N/A,Planner (Thấp),data/google_planner/hanoi/Keyword Stats 2026-02-13 at 11_54_58.csv,Viết bài top-list/so sánh; map vào cluster hub; bổ sung schema + ảnh/UGC,B,50.0,0%,0
tour du lịch đảo phú quý từ hà nội,Tour Hà Nội,Di chuyển,In-scope Hà Nội,Commercial Investigation,50,N/A,N/A,N/A,Planner (Thấp),data/google_planner/hanoi/Keyword Stats 2026-02-13 at 11_54_58.csv,Viết bài top-list/so sánh; map vào cluster hub; bổ sung schema + ảnh/UGC,B,50.0,0%,0
tour hà nội côn đảo vietravel,Tour Hà Nội,Di chuyển,In-scope Hà Nội,Commercial Investigation,50,N/A,N/A,N/A,Planner (Thấp),data/google_planner/hanoi/Keyword Stats 2026-02-13 at 11_54_58.csv,Viết bài top-list/so sánh; map vào cluster hub; bổ sung schema + ảnh/UGC,B,50.0,0%,0
tour hà nội cửa lò 3 ngày 2 đêm,Tour Hà Nội,Di chuyển,In-scope Hà Nội,Transaction,50,N/A,N/A,N/A,Planner (Thấp),data/google_planner/hanoi/Keyword Stats 2026-02-13 at 11_54_58.csv,"Tạo landing chuyển đổi (giá/vé/đặt chỗ), gom vào cluster page + build backlink nội bộ",B,50.0,0%,0
tour hà nội mũi né,Tour Hà Nội,Di chuyển,In-scope Hà Nội,Commercial Investigation,50,N/A,N/A,N/A,Planner (Thấp),data/google_planner/hanoi/Keyword Stats 2026-02-13 at 11_54_58.csv,Viết bài top-list/so sánh; map vào cluster hub; bổ sung schema + ảnh/UGC,B,50.0,0%,0
tour hà nội mũi né 3 ngày 2 đêm,Tour Hà Nội,Di chuyển,In-scope Hà Nội,Transaction,50,N/A,N/A,N/A,Planner (Thấp),data/google_planner/hanoi/Keyword Stats 2026-02-13 at 11_54_58.csv,"Tạo landing chuyển đổi (giá/vé/đặt chỗ), gom vào cluster page + build backlink nội bộ",B,50.0,0%,0
tour hà nội mũi né 5 ngày 4 đêm,Tour Hà Nội,Di chuyển,In-scope Hà Nội,Transaction,50,N/A,N/A,N/A,Planner (Thấp),data/google_planner/hanoi/Keyword Stats 2026-02-13 at 11_54_58.csv,"Tạo landing chuyển đổi (giá/vé/đặt chỗ), gom vào cluster page + build backlink nội bộ",B,50.0,0%,0
tour hà nội phong nha kẻ bàng,Tour Hà Nội,Di chuyển,In-scope Hà Nội,Commercial Investigation,50,N/A,N/A,N/A,Planner (Thấp),data/google_planner/hanoi/Keyword Stats 2026-02-13 at 11_54_58.csv,Viết bài top-list/so sánh; map vào cluster hub; bổ sung schema + ảnh/UGC,B,50.0,0%,0
tour nepal từ hà nội,Tour Hà Nội,Di chuyển,In-scope Hà Nội,Commercial Investigation,50,N/A,N/A,N/A,Planner (Thấp),data/google_planner/hanoi/Keyword Stats 2026-02-13 at 11_54_58.csv,Viết bài top-list/so sánh; map vào cluster hub; bổ sung schema + ảnh/UGC,B,50.0,0%,0
tour xuyên việt 15 ngày từ hà nội,Tour Hà Nội,Di chuyển,In-scope Hà Nội,Transaction,50,N/A,N/A,N/A,Planner (Thấp),data/google_planner/hanoi/Keyword Stats 2026-02-13 at 11_54_58.csv,"Tạo landing chuyển đổi (giá/vé/đặt chỗ), gom vào cluster page + build backlink nội bộ",B,50.0,0%,0
tour xuyên việt 30 ngày từ hà nội,Tour Hà Nội,Di chuyển,In-scope Hà Nội,Transaction,50,N/A,N/A,N/A,Planner (Thấp),data/google_planner/hanoi/Keyword Stats 2026-02-13 at 11_54_58.csv,"Tạo landing chuyển đổi (giá/vé/đặt chỗ), gom vào cluster page + build backlink nội bộ",B,50.0,0%,0
khách sạn sài gòn hà nội,TP Hồ Chí Minh Trip,Lưu trú,Out-of-scope TP Hồ Chí Minh,Commercial Investigation,50,N/A,N/A,N/A,Planner (Trung bình),data/google_planner/hanoi/Keyword Stats 2026-02-13 at 11_54_58.csv,Viết bài top-list/so sánh; map vào cluster hub; bổ sung schema + ảnh/UGC,B,82.50000000000001,0%,"15,692"
tour sài gòn hà nội,TP Hồ Chí Minh Trip,Di chuyển,Out-of-scope TP Hồ Chí Minh,Commercial Investigation,50,N/A,N/A,N/A,Planner (Trung bình),data/google_planner/hanoi/Keyword Stats 2026-02-13 at 11_54_58.csv,Viết bài top-list/so sánh; map vào cluster hub; bổ sung schema + ảnh/UGC,B,55.00000000000001,0%,"4,701"
vé máy bay sài gòn hà nội,TP Hồ Chí Minh Trip,Di chuyển,Out-of-scope TP Hồ Chí Minh,Transaction,N/A,N/A,N/A,N/A,Trend SI:12 3%,data/google_trend/searched_with_top-queries_VN_20250210-1749_20260210-1749.csv,"Tạo landing chuyển đổi (giá/vé/đặt chỗ), gom vào cluster page + build backlink nội bộ",B,12.0,3%,N/A
vé máy bay hà nội sài gòn,TP Hồ Chí Minh Trip,Di chuyển,Out-of-scope TP Hồ Chí Minh,Transaction,N/A,N/A,N/A,N/A,Trend SI:11 3%,data/google_trend/searched_with_top-queries_VN_20250210-1749_20260210-1749.csv,"Tạo landing chuyển đổi (giá/vé/đặt chỗ), gom vào cluster page + build backlink nội bộ",B,11.0,3%,N/A
tour tphcm hà nội,Tphcm Trip,Di chuyển,Out-of-scope Tphcm,Commercial Investigation,50,N/A,N/A,N/A,Planner (Trung bình),data/google_planner/hanoi/Keyword Stats 2026-02-13 at 11_54_58.csv,Viết bài top-list/so sánh; map vào cluster hub; bổ sung schema + ảnh/UGC,B,55.00000000000001,0%,"3,987"
cầu tràng tiền,Tràng Tiền & khu trung tâm,Địa danh tham quan / Văn hóa - Lịch sử,In-scope Hà Nội,Commercial Investigation,4400,N/A,N/A,N/A,Low (0),data/seo_insider/advance_search_report.csv,Viết bài top-list/so sánh; map vào cluster hub; bổ sung schema + ảnh/UGC,B,4400.0,N/A,N/A
toà soạn báo hà nội mới,Tổng hợp Hà Nội,Tổng hợp,In-scope Hà Nội,Informational,N/A,427,36,8.43%,N/A (N/A),data/google_search_console/Queries.csv,"Cập nhật nội dung theo intent, bổ sung FAQ + schema, tối ưu title/meta để đẩy Top 1-3",A,36.0,N/A,N/A
toà soạn báo hà nội,Tổng hợp Hà Nội,Tổng hợp,In-scope Hà Nội,Informational,N/A,795,28,3.52%,N/A (N/A),data/google_search_console/Queries.csv,"Cập nhật nội dung theo intent, bổ sung FAQ + schema, tối ưu title/meta để đẩy Top 1-3",A,28.0,N/A,N/A
19c phố hoàng diệu hà nội,Tổng hợp Hà Nội,Tổng hợp,In-scope Hà Nội,Informational,N/A,174,17,9.77%,N/A (N/A),data/google_search_console/Queries.csv,"Cập nhật nội dung theo intent, bổ sung FAQ + schema, tối ưu title/meta để đẩy Top 1-3",A,17.0,N/A,N/A
19c hoàng diệu ba đình hà nội,Tổng hợp Hà Nội,Tổng hợp,In-scope Hà Nội,Informational,N/A,335,14,4.18%,N/A (N/A),data/google_search_console/Queries.csv,"Cập nhật nội dung theo intent, bổ sung FAQ + schema, tối ưu title/meta để đẩy Top 1-3",A,14.0,N/A,N/A
hồ bán nguyệt hà nội,Tổng hợp Hà Nội,Tổng hợp,In-scope Hà Nội,Informational,N/A,262,14,5.34%,N/A (N/A),data/google_search_console/Queries.csv,"Cập nhật nội dung theo intent, bổ sung FAQ + schema, tối ưu title/meta để đẩy Top 1-3",A,14.0,N/A,N/A
19c hoàng diệu hà nội,Tổng hợp Hà Nội,Tổng hợp,In-scope Hà Nội,Informational,N/A,76,11,14.47%,N/A (N/A),data/google_search_console/Queries.csv,"Cập nhật nội dung theo intent, bổ sung FAQ + schema, tối ưu title/meta để đẩy Top 1-3",A,11.0,N/A,N/A
tòa soạn báo hà nội mới ở đâu,Tổng hợp Hà Nội,Tổng hợp,In-scope Hà Nội,Informational,N/A,768,10,1.3%,N/A (N/A),data/google_search_console/Queries.csv,"Cập nhật nội dung theo intent, bổ sung FAQ + schema, tối ưu title/meta để đẩy Top 1-3",A,10.0,N/A,N/A
địa chỉ làng lụa vạn phúc hà đông,Tổng hợp Hà Nội,Tổng hợp,In-scope Hà Nội,Informational,N/A,113,10,8.85%,N/A (N/A),data/google_search_console/Queries.csv,"Cập nhật nội dung theo intent, bổ sung FAQ + schema, tối ưu title/meta để đẩy Top 1-3",A,10.0,N/A,N/A
lăng chủ tịch hồ chí minh,Tổng hợp Hà Nội,Tổng hợp,In-scope Hà Nội,Informational,246000,N/A,N/A,N/A,Low (0),data/seo_insider/advance_search_report.csv,Viết guide/review; ưu tiên long-tail; tạo topic hub và internal link về trang dịch vụ,B,246000.0,N/A,N/A
meliá hanoi,Tổng hợp Hà Nội,Tổng hợp,In-scope Hà Nội,Informational,50000,N/A,N/A,N/A,Planner (Thấp),data/google_planner/hanoi/Keyword Stats 2026-02-13 at 11_54_58.csv,Viết guide/review; ưu tiên long-tail; tạo topic hub và internal link về trang dịch vụ,B,55000.00000000001,0%,"16,124"
pullman ha noi,Tổng hợp Hà Nội,Tổng hợp,In-scope Hà Nội,Informational,50000,N/A,N/A,N/A,Planner (Thấp),data/google_planner/hanoi/Keyword Stats 2026-02-13 at 11_54_58.csv,Viết guide/review; ưu tiên long-tail; tạo topic hub và internal link về trang dịch vụ,B,55000.00000000001,0%,"13,902"
metropole sofitel hanoi,Tổng hợp Hà Nội,Tổng hợp,In-scope Hà Nội,Informational,50000,N/A,N/A,N/A,Planner (Thấp),data/google_planner/hanoi/Keyword Stats 2026-02-13 at 11_54_58.csv,Viết guide/review; ưu tiên long-tail; tạo topic hub và internal link về trang dịch vụ,B,55000.00000000001,0%,"15,174"
grand plaza hà nội,Tổng hợp Hà Nội,Tổng hợp,In-scope Hà Nội,Informational,50000,N/A,N/A,N/A,Planner (Thấp),data/google_planner/hanoi/Keyword Stats 2026-02-13 at 11_54_58.csv,Viết guide/review; ưu tiên long-tail; tạo topic hub và internal link về trang dịch vụ,B,55000.00000000001,0%,"14,411"
hoàn kiếm,Tổng hợp Hà Nội,Tổng hợp,In-scope Hà Nội,Commercial Investigation,40500,N/A,N/A,N/A,Low (6),data/seo_insider/advance_search_report.csv,Viết bài top-list/so sánh; map vào cluster hub; bổ sung schema + ảnh/UGC,B,38070.0,N/A,N/A
meritel hanoi,Tổng hợp Hà Nội,Tổng hợp,In-scope Hà Nội,Commercial Investigation,12100,N/A,N/A,N/A,Low (13),data/seo_insider/advance_search_report.csv,Viết bài top-list/so sánh; map vào cluster hub; bổ sung schema + ảnh/UGC,B,10527.0,N/A,N/A
địa điểm du lịch hà nội,Tổng hợp Hà Nội,Tổng hợp,In-scope Hà Nội,Informational,5000,N/A,N/A,N/A,Planner (Thấp),data/google_planner/hanoi/Keyword Stats 2026-02-13 at 11_54_58.csv,Viết guide/review; ưu tiên long-tail; tạo topic hub và internal link về trang dịch vụ,B,5500.0,0%,"1,073"
pan pacific hà nội,Tổng hợp Hà Nội,Tổng hợp,In-scope Hà Nội,Informational,5000,N/A,N/A,N/A,Planner (Trung bình),data/google_planner/hanoi/Keyword Stats 2026-02-13 at 11_54_58.csv,Viết guide/review; ưu tiên long-tail; tạo topic hub và internal link về trang dịch vụ,B,5500.0,0%,"12,364"
sofitel legend métropole hanoi,Tổng hợp Hà Nội,Tổng hợp,In-scope Hà Nội,Informational,5000,N/A,N/A,N/A,Planner (Thấp),data/google_planner/hanoi/Keyword Stats 2026-02-13 at 11_54_58.csv,Viết guide/review; ưu tiên long-tail; tạo topic hub và internal link về trang dịch vụ,B,5500.0,0%,"18,436"
intercontinental hanoi westlake,Tổng hợp Hà Nội,Tổng hợp,In-scope Hà Nội,Commercial Investigation,5400,N/A,N/A,N/A,Low (0),data/seo_insider/advance_search_report.csv,Viết bài top-list/so sánh; map vào cluster hub; bổ sung schema + ảnh/UGC,B,5400.0,N/A,N/A
muong thanh ha noi,Tổng hợp Hà Nội,Tổng hợp,In-scope Hà Nội,Informational,500,N/A,N/A,N/A,Planner (Trung bình),data/google_planner/hanoi/Keyword Stats 2026-02-13 at 11_54_58.csv,Viết guide/review; ưu tiên long-tail; tạo topic hub và internal link về trang dịch vụ,B,550.0,0%,"16,141"
nghỉ dưỡng gần hà nội,Tổng hợp Hà Nội,Tổng hợp,In-scope Hà Nội,Informational,500,N/A,N/A,N/A,Planner (Trung bình),data/google_planner/hanoi/Keyword Stats 2026-02-13 at 11_54_58.csv,Viết guide/review; ưu tiên long-tail; tạo topic hub và internal link về trang dịch vụ,B,550.0,0%,"5,052"
du lịch quanh hà nội,Tổng hợp Hà Nội,Tổng hợp,In-scope Hà Nội,Informational,500,N/A,N/A,N/A,Planner (Thấp),data/google_planner/hanoi/Keyword Stats 2026-02-13 at 11_54_58.csv,Viết guide/review; ưu tiên long-tail; tạo topic hub và internal link về trang dịch vụ,B,550.0,0%,"2,265"
các công ty du lịch uy tín tại hà nội,Tổng hợp Hà Nội,Tổng hợp,In-scope Hà Nội,Informational,500,N/A,N/A,N/A,Planner (Trung bình),data/google_planner/hanoi/Keyword Stats 2026-02-13 at 11_54_58.csv,Viết guide/review; ưu tiên long-tail; tạo topic hub và internal link về trang dịch vụ,B,550.0,-90.0%,"10,978"
du lịch gần hà nội 2 ngày 1 đêm,Tổng hợp Hà Nội,Tổng hợp,In-scope Hà Nội,Informational,500,N/A,N/A,N/A,Planner (Thấp),data/google_planner/hanoi/Keyword Stats 2026-02-13 at 11_54_58.csv,Viết guide/review; ưu tiên long-tail; tạo topic hub và internal link về trang dịch vụ,B,550.0,0%,"3,453"
du lịch hà nội 1 ngày,Tổng hợp Hà Nội,Tổng hợp,In-scope Hà Nội,Informational,500,N/A,N/A,N/A,Planner (Thấp),data/google_planner/hanoi/Keyword Stats 2026-02-13 at 11_54_58.csv,Viết guide/review; ưu tiên long-tail; tạo topic hub và internal link về trang dịch vụ,B,550.0,0%,"2,077"
điểm du lịch hà nội,Tổng hợp Hà Nội,Tổng hợp,In-scope Hà Nội,Informational,500,N/A,N/A,N/A,Planner (Thấp),data/google_planner/hanoi/Keyword Stats 2026-02-13 at 11_54_58.csv,Viết guide/review; ưu tiên long-tail; tạo topic hub và internal link về trang dịch vụ,B,550.0,0%,779
ks mường thanh hà nội,Tổng hợp Hà Nội,Tổng hợp,In-scope Hà Nội,Informational,500,N/A,N/A,N/A,Planner (Trung bình),data/google_planner/hanoi/Keyword Stats 2026-02-13 at 11_54_58.csv,Viết guide/review; ưu tiên long-tail; tạo topic hub và internal link về trang dịch vụ,B,550.0,-90.0%,"8,531"
du lịch hà nội 2 ngày 1 đêm,Tổng hợp Hà Nội,Tổng hợp,In-scope Hà Nội,Informational,500,N/A,N/A,N/A,Planner (Thấp),data/google_planner/hanoi/Keyword Stats 2026-02-13 at 11_54_58.csv,Viết guide/review; ưu tiên long-tail; tạo topic hub và internal link về trang dịch vụ,B,550.0,0%,"5,156"
muong thanh grand hanoi,Tổng hợp Hà Nội,Tổng hợp,In-scope Hà Nội,Informational,500,N/A,N/A,N/A,Planner (Trung bình),data/google_planner/hanoi/Keyword Stats 2026-02-13 at 11_54_58.csv,Viết guide/review; ưu tiên long-tail; tạo topic hub và internal link về trang dịch vụ,B,550.0,0%,"21,382"
du lịch 2 ngày 1 đêm gần hà nội,Tổng hợp Hà Nội,Tổng hợp,In-scope Hà Nội,Informational,500,N/A,N/A,N/A,Planner (Thấp),data/google_planner/hanoi/Keyword Stats 2026-02-13 at 11_54_58.csv,Viết guide/review; ưu tiên long-tail; tạo topic hub và internal link về trang dịch vụ,B,550.0,0%,"2,918"
các điểm du lịch hà nội,Tổng hợp Hà Nội,Tổng hợp,In-scope Hà Nội,Informational,500,N/A,N/A,N/A,Planner (Thấp),data/google_planner/hanoi/Keyword Stats 2026-02-13 at 11_54_58.csv,Viết guide/review; ưu tiên long-tail; tạo topic hub và internal link về trang dịch vụ,B,550.0,0%,779
grand vista hà nội,Tổng hợp Hà Nội,Tổng hợp,In-scope Hà Nội,Informational,500,N/A,N/A,N/A,Planner (Cao),data/google_planner/hanoi/Keyword Stats 2026-02-13 at 11_54_58.csv,Viết guide/review; ưu tiên long-tail; tạo topic hub và internal link về trang dịch vụ,B,550.0,0%,"27,134"
công ty du lịch hà nội,Tổng hợp Hà Nội,Tổng hợp,In-scope Hà Nội,Informational,500,N/A,N/A,N/A,Planner (Thấp),data/google_planner/hanoi/Keyword Stats 2026-02-13 at 11_54_58.csv,Viết guide/review; ưu tiên long-tail; tạo topic hub và internal link về trang dịch vụ,B,550.0,0%,"11,515"
muong thanh hanoi,Tổng hợp Hà Nội,Tổng hợp,In-scope Hà Nội,Informational,500,N/A,N/A,N/A,Planner (Trung bình),data/google_planner/hanoi/Keyword Stats 2026-02-13 at 11_54_58.csv,Viết guide/review; ưu tiên long-tail; tạo topic hub và internal link về trang dịch vụ,B,550.0,0%,"21,382"
mường thanh hà nội centre,Tổng hợp Hà Nội,Tổng hợp,In-scope Hà Nội,Informational,500,N/A,N/A,N/A,Planner (Trung bình),data/google_planner/hanoi/Keyword Stats 2026-02-13 at 11_54_58.csv,Viết guide/review; ưu tiên long-tail; tạo topic hub và internal link về trang dịch vụ,B,550.0,0%,"11,418"
du lịch 1 ngày gần hà nội,Tổng hợp Hà Nội,Tổng hợp,In-scope Hà Nội,Informational,500,N/A,N/A,N/A,Planner (Thấp),data/google_planner/hanoi/Keyword Stats 2026-02-13 at 11_54_58.csv,Viết guide/review; ưu tiên long-tail; tạo topic hub và internal link về trang dịch vụ,B,550.0,0%,"3,238"
du lịch đảo lý sơn từ hà nội,Tổng hợp Hà Nội,Tổng hợp,In-scope Hà Nội,Informational,500,N/A,N/A,N/A,Planner (Thấp),data/google_planner/hanoi/Keyword Stats 2026-02-13 at 11_54_58.csv,Viết guide/review; ưu tiên long-tail; tạo topic hub và internal link về trang dịch vụ,B,550.0,0%,"3,845"
a25 hoàn kiếm,Tổng hợp Hà Nội,Tổng hợp,In-scope Hà Nội,Informational,500,N/A,N/A,N/A,Planner (Trung bình),data/google_planner/hanoi/Keyword Stats 2026-02-13 at 11_54_58.csv,Viết guide/review; ưu tiên long-tail; tạo topic hub và internal link về trang dịch vụ,B,550.0,0%,"8,049"
crowne plaza west hanoi,Tổng hợp Hà Nội,Tổng hợp,In-scope Hà Nội,Informational,500,N/A,N/A,N/A,Planner (Thấp),data/google_planner/hanoi/Keyword Stats 2026-02-13 at 11_54_58.csv,Viết guide/review; ưu tiên long-tail; tạo topic hub và internal link về trang dịch vụ,B,550.0,0%,"23,629"
các điểm du lịch ở hà nội,Tổng hợp Hà Nội,Tổng hợp,In-scope Hà Nội,Informational,500,N/A,N/A,N/A,Planner (Thấp),data/google_planner/hanoi/Keyword Stats 2026-02-13 at 11_54_58.csv,Viết guide/review; ưu tiên long-tail; tạo topic hub và internal link về trang dịch vụ,B,550.0,0%,519
các địa điểm du lịch hà nội,Tổng hợp Hà Nội,Tổng hợp,In-scope Hà Nội,Informational,500,N/A,N/A,N/A,Planner (Thấp),data/google_planner/hanoi/Keyword Stats 2026-02-13 at 11_54_58.csv,Viết guide/review; ưu tiên long-tail; tạo topic hub và internal link về trang dịch vụ,B,550.0,0%,697
các địa điểm du lịch ở hà nội,Tổng hợp Hà Nội,Tổng hợp,In-scope Hà Nội,Informational,500,N/A,N/A,N/A,Planner (Thấp),data/google_planner/hanoi/Keyword Stats 2026-02-13 at 11_54_58.csv,Viết guide/review; ưu tiên long-tail; tạo topic hub và internal link về trang dịch vụ,B,550.0,0%,638
du lịch quanh hà nội 100km,Tổng hợp Hà Nội,Tổng hợp,In-scope Hà Nội,Informational,500,N/A,N/A,N/A,Planner (Thấp),data/google_planner/hanoi/Keyword Stats 2026-02-13 at 11_54_58.csv,Viết guide/review; ưu tiên long-tail; tạo topic hub và internal link về trang dịch vụ,B,550.0,0%,"1,094"
du lịch đảo phú quý từ hà nội,Tổng hợp Hà Nội,Tổng hợp,In-scope Hà Nội,Informational,500,N/A,N/A,N/A,Planner (Thấp),data/google_planner/hanoi/Keyword Stats 2026-02-13 at 11_54_58.csv,Viết guide/review; ưu tiên long-tail; tạo topic hub và internal link về trang dịch vụ,B,550.0,0%,"3,079"
du lịch ở hà nội,Tổng hợp Hà Nội,Tổng hợp,In-scope Hà Nội,Informational,500,N/A,N/A,N/A,Planner (Thấp),data/google_planner/hanoi/Keyword Stats 2026-02-13 at 11_54_58.csv,Viết guide/review; ưu tiên long-tail; tạo topic hub và internal link về trang dịch vụ,B,550.0,0%,"4,590"
hà nội có những điểm du lịch nào,Tổng hợp Hà Nội,Tổng hợp,In-scope Hà Nội,Informational,500,N/A,N/A,N/A,Planner (Thấp),data/google_planner/hanoi/Keyword Stats 2026-02-13 at 11_54_58.csv,Viết guide/review; ưu tiên long-tail; tạo topic hub và internal link về trang dịch vụ,B,550.0,0%,291
hà nội du lịch,Tổng hợp Hà Nội,Tổng hợp,In-scope Hà Nội,Informational,500,N/A,N/A,N/A,Planner (Thấp),data/google_planner/hanoi/Keyword Stats 2026-02-13 at 11_54_58.csv,Viết guide/review; ưu tiên long-tail; tạo topic hub và internal link về trang dịch vụ,B,550.0,0%,"5,595"
intercontinental hà nội landmark 72,Tổng hợp Hà Nội,Tổng hợp,In-scope Hà Nội,Informational,500,N/A,N/A,N/A,Planner (Trung bình),data/google_planner/hanoi/Keyword Stats 2026-02-13 at 11_54_58.csv,Viết guide/review; ưu tiên long-tail; tạo topic hub và internal link về trang dịch vụ,B,550.0,0%,"9,348"
khu du lịch hà nội,Tổng hợp Hà Nội,Tổng hợp,In-scope Hà Nội,Informational,500,N/A,N/A,N/A,Planner (Thấp),data/google_planner/hanoi/Keyword Stats 2026-02-13 at 11_54_58.csv,Viết guide/review; ưu tiên long-tail; tạo topic hub và internal link về trang dịch vụ,B,550.0,0%,"2,681"
ks pullman hà nội,Tổng hợp Hà Nội,Tổng hợp,In-scope Hà Nội,Informational,500,N/A,N/A,N/A,Planner (Trung bình),data/google_planner/hanoi/Keyword Stats 2026-02-13 at 11_54_58.csv,Viết guide/review; ưu tiên long-tail; tạo topic hub và internal link về trang dịch vụ,B,550.0,0%,"9,581"
muong thanh centre hanoi,Tổng hợp Hà Nội,Tổng hợp,In-scope Hà Nội,Informational,500,N/A,N/A,N/A,Planner (Trung bình),data/google_planner/hanoi/Keyword Stats 2026-02-13 at 11_54_58.csv,Viết guide/review; ưu tiên long-tail; tạo topic hub và internal link về trang dịch vụ,B,550.0,0%,"16,508"
muong thanh grand ha noi,Tổng hợp Hà Nội,Tổng hợp,In-scope Hà Nội,Informational,500,N/A,N/A,N/A,Planner (Thấp),data/google_planner/hanoi/Keyword Stats 2026-02-13 at 11_54_58.csv,Viết guide/review; ưu tiên long-tail; tạo topic hub và internal link về trang dịch vụ,B,550.0,0%,"19,305"
nhà khách công đoàn hà nội,Tổng hợp Hà Nội,Tổng hợp,In-scope Hà Nội,Informational,500,N/A,N/A,N/A,Planner (Trung bình),data/google_planner/hanoi/Keyword Stats 2026-02-13 at 11_54_58.csv,Viết guide/review; ưu tiên long-tail; tạo topic hub và internal link về trang dịch vụ,B,550.0,0%,"7,318"
những điểm du lịch hà nội,Tổng hợp Hà Nội,Tổng hợp,In-scope Hà Nội,Informational,500,N/A,N/A,N/A,Planner (Thấp),data/google_planner/hanoi/Keyword Stats 2026-02-13 at 11_54_58.csv,Viết guide/review; ưu tiên long-tail; tạo topic hub và internal link về trang dịch vụ,B,550.0,0%,812
những điểm du lịch ở hà nội,Tổng hợp Hà Nội,Tổng hợp,In-scope Hà Nội,Informational,500,N/A,N/A,N/A,Planner (Thấp),data/google_planner/hanoi/Keyword Stats 2026-02-13 at 11_54_58.csv,Viết guide/review; ưu tiên long-tail; tạo topic hub và internal link về trang dịch vụ,B,550.0,-90.0%,434
những địa điểm du lịch ở hà nội,Tổng hợp Hà Nội,Tổng hợp,In-scope Hà Nội,Informational,500,N/A,N/A,N/A,Planner (Thấp),data/google_planner/hanoi/Keyword Stats 2026-02-13 at 11_54_58.csv,Viết guide/review; ưu tiên long-tail; tạo topic hub và internal link về trang dịch vụ,B,550.0,0%,"1,065"
tổng công ty du lịch hà nội,Tổng hợp Hà Nội,Tổng hợp,In-scope Hà Nội,Informational,500,N/A,N/A,N/A,Planner (Thấp),data/google_planner/hanoi/Keyword Stats 2026-02-13 at 11_54_58.csv,Viết guide/review; ưu tiên long-tail; tạo topic hub và internal link về trang dịch vụ,B,550.0,0%,"5,786"
đi chơi 1 ngày gần hà nội,Tổng hợp Hà Nội,Tổng hợp,In-scope Hà Nội,Informational,500,N/A,N/A,N/A,Planner (Thấp),data/google_planner/hanoi/Keyword Stats 2026-02-13 at 11_54_58.csv,Viết guide/review; ưu tiên long-tail; tạo topic hub và internal link về trang dịch vụ,B,550.0,0%,"1,740"
đi phan thiết từ hà nội,Tổng hợp Hà Nội,Tổng hợp,In-scope Hà Nội,Informational,500,N/A,N/A,N/A,Planner (Thấp),data/google_planner/hanoi/Keyword Stats 2026-02-13 at 11_54_58.csv,Viết guide/review; ưu tiên long-tail; tạo topic hub và internal link về trang dịch vụ,B,550.0,0%,"2,782"
điểm du lịch ở hà nội,Tổng hợp Hà Nội,Tổng hợp,In-scope Hà Nội,Informational,500,N/A,N/A,N/A,Planner (Thấp),data/google_planner/hanoi/Keyword Stats 2026-02-13 at 11_54_58.csv,Viết guide/review; ưu tiên long-tail; tạo topic hub và internal link về trang dịch vụ,B,550.0,0%,"2,641"
địa điểm du lịch ngoại thành hà nội,Tổng hợp Hà Nội,Tổng hợp,In-scope Hà Nội,Informational,500,N/A,N/A,N/A,Planner (Thấp),data/google_planner/hanoi/Keyword Stats 2026-02-13 at 11_54_58.csv,Viết guide/review; ưu tiên long-tail; tạo topic hub và internal link về trang dịch vụ,B,550.0,0%,"2,955"
địa điểm du lịch ở hà nội,Tổng hợp Hà Nội,Tổng hợp,In-scope Hà Nội,Informational,500,N/A,N/A,N/A,Planner (Thấp),data/google_planner/hanoi/Keyword Stats 2026-02-13 at 11_54_58.csv,Viết guide/review; ưu tiên long-tail; tạo topic hub và internal link về trang dịch vụ,B,550.0,0%,"1,084"
bản đồ du lịch hà nội,Tổng hợp Hà Nội,Tổng hợp,In-scope Hà Nội,Informational,500,N/A,N/A,N/A,Planner (Trung bình),data/google_planner/hanoi/Keyword Stats 2026-02-13 at 11_54_58.csv,Viết guide/review; ưu tiên long-tail; tạo topic hub và internal link về trang dịch vụ,B,500.0,0%,0
khu du lịch ở hà nội,Tổng hợp Hà Nội,Tổng hợp,In-scope Hà Nội,Informational,500,N/A,N/A,N/A,Planner (Thấp),data/google_planner/hanoi/Keyword Stats 2026-02-13 at 11_54_58.csv,Viết guide/review; ưu tiên long-tail; tạo topic hub và internal link về trang dịch vụ,B,500.0,-90.0%,0
tràng an hà nội,Tổng hợp Hà Nội,Tổng hợp,In-scope Hà Nội,Informational,500,N/A,N/A,N/A,Planner (Thấp),data/google_planner/hanoi/Keyword Stats 2026-02-13 at 11_54_58.csv,Viết guide/review; ưu tiên long-tail; tạo topic hub và internal link về trang dịch vụ,B,500.0,0%,0
du lịch hà nội,Tổng hợp Hà Nội,Tổng hợp,In-scope Hà Nội,Informational,N/A,N/A,N/A,N/A,Trend SI:100 10%,data/google_trend/searched_with_rising-queries_VN_20250210-1752_20260210-1752.csv; data/google_trend/searched_with_top-queries_VN_20250210-1750_20260210-1750.csv; data/google_trend/searched_with_top-queries_VN_20250210-1752_20260210-1752.csv,Viết guide/review; ưu tiên long-tail; tạo topic hub và internal link về trang dịch vụ,B,100.0,10%,N/A
hà nội mù cang chải,Tổng hợp Hà Nội,Tổng hợp,In-scope Hà Nội,Informational,50,N/A,N/A,N/A,Planner (Thấp),data/google_planner/hanoi/Keyword Stats 2026-02-13 at 11_54_58.csv,Viết guide/review; ưu tiên long-tail; tạo topic hub và internal link về trang dịch vụ,B,65.0,900.0%,"11,544"
khachs sạn hà nội,Tổng hợp Hà Nội,Tổng hợp,In-scope Hà Nội,Informational,50,N/A,N/A,N/A,Planner (Cao),data/google_planner/hanoi/Keyword Stats 2026-02-13 at 11_54_58.csv,Viết guide/review; ưu tiên long-tail; tạo topic hub và internal link về trang dịch vụ,B,55.00000000000001,0%,"29,827"
công ty du lịch uy tín tại hà nội,Tổng hợp Hà Nội,Tổng hợp,In-scope Hà Nội,Informational,50,N/A,N/A,N/A,Planner (Thấp),data/google_planner/hanoi/Keyword Stats 2026-02-13 at 11_54_58.csv,Viết guide/review; ưu tiên long-tail; tạo topic hub và internal link về trang dịch vụ,B,55.00000000000001,0%,"13,355"
du lịch miền tây từ hà nội,Tổng hợp Hà Nội,Tổng hợp,In-scope Hà Nội,Informational,50,N/A,N/A,N/A,Planner (Trung bình),data/google_planner/hanoi/Keyword Stats 2026-02-13 at 11_54_58.csv,Viết guide/review; ưu tiên long-tail; tạo topic hub và internal link về trang dịch vụ,B,55.00000000000001,0%,"7,090"
dat phong ha noi,Tổng hợp Hà Nội,Tổng hợp,In-scope Hà Nội,Transaction,50,N/A,N/A,N/A,Planner (Cao),data/google_planner/hanoi/Keyword Stats 2026-02-13 at 11_54_58.csv,"Tạo landing chuyển đổi (giá/vé/đặt chỗ), gom vào cluster page + build backlink nội bộ",B,55.00000000000001,0%,"142,801"
anatole hà nội,Tổng hợp Hà Nội,Tổng hợp,In-scope Hà Nội,Informational,50,N/A,N/A,N/A,Planner (Trung bình),data/google_planner/hanoi/Keyword Stats 2026-02-13 at 11_54_58.csv,Viết guide/review; ưu tiên long-tail; tạo topic hub và internal link về trang dịch vụ,B,55.00000000000001,0%,"16,278"
du lịch côn đảo từ hà nội,Tổng hợp Hà Nội,Tổng hợp,In-scope Hà Nội,Informational,50,N/A,N/A,N/A,Planner (Trung bình),data/google_planner/hanoi/Keyword Stats 2026-02-13 at 11_54_58.csv,Viết guide/review; ưu tiên long-tail; tạo topic hub và internal link về trang dịch vụ,B,55.00000000000001,0%,"3,006"
du lịch hà nội 3 ngày 2 đêm,Tổng hợp Hà Nội,Tổng hợp,In-scope Hà Nội,Informational,50,N/A,N/A,N/A,Planner (Trung bình),data/google_planner/hanoi/Keyword Stats 2026-02-13 at 11_54_58.csv,Viết guide/review; ưu tiên long-tail; tạo topic hub và internal link về trang dịch vụ,B,55.00000000000001,0%,"6,580"
ks silk path hanoi,Tổng hợp Hà Nội,Tổng hợp,In-scope Hà Nội,Informational,50,N/A,N/A,N/A,Planner (Trung bình),data/google_planner/hanoi/Keyword Stats 2026-02-13 at 11_54_58.csv,Viết guide/review; ưu tiên long-tail; tạo topic hub và internal link về trang dịch vụ,B,55.00000000000001,0%,"6,714"
du lịch mũi né từ hà nội,Tổng hợp Hà Nội,Tổng hợp,In-scope Hà Nội,Informational,50,N/A,N/A,N/A,Planner (Trung bình),data/google_planner/hanoi/Keyword Stats 2026-02-13 at 11_54_58.csv,Viết guide/review; ưu tiên long-tail; tạo topic hub và internal link về trang dịch vụ,B,55.00000000000001,0%,"2,625"
a25 quận hoàn kiếm,Tổng hợp Hà Nội,Tổng hợp,In-scope Hà Nội,Informational,50,N/A,N/A,N/A,Planner (Cao),data/google_planner/hanoi/Keyword Stats 2026-02-13 at 11_54_58.csv,Viết guide/review; ưu tiên long-tail; tạo topic hub và internal link về trang dịch vụ,B,55.00000000000001,0%,"8,021"
chi phí du lịch hà nội 3 ngày 2 đêm,Tổng hợp Hà Nội,Tổng hợp,In-scope Hà Nội,Informational,50,N/A,N/A,N/A,Planner (Thấp),data/google_planner/hanoi/Keyword Stats 2026-02-13 at 11_54_58.csv,Viết guide/review; ưu tiên long-tail; tạo topic hub và internal link về trang dịch vụ,B,55.00000000000001,0%,"4,634"
chudu24 hanoi,Tổng hợp Hà Nội,Tổng hợp,In-scope Hà Nội,Informational,50,N/A,N/A,N/A,Planner (Cao),data/google_planner/hanoi/Keyword Stats 2026-02-13 at 11_54_58.csv,Viết guide/review; ưu tiên long-tail; tạo topic hub và internal link về trang dịch vụ,B,55.00000000000001,0%,"55,931"
các công ty du lịch tại hà nội,Tổng hợp Hà Nội,Tổng hợp,In-scope Hà Nội,Informational,50,N/A,N/A,N/A,Planner (Trung bình),data/google_planner/hanoi/Keyword Stats 2026-02-13 at 11_54_58.csv,Viết guide/review; ưu tiên long-tail; tạo topic hub và internal link về trang dịch vụ,B,55.00000000000001,-90.0%,"8,882"
các công ty du lịch ở hà nội,Tổng hợp Hà Nội,Tổng hợp,In-scope Hà Nội,Informational,50,N/A,N/A,N/A,Planner (Trung bình),data/google_planner/hanoi/Keyword Stats 2026-02-13 at 11_54_58.csv,Viết guide/review; ưu tiên long-tail; tạo topic hub và internal link về trang dịch vụ,B,55.00000000000001,0%,"9,643"
các điểm du lịch tại hà nội,Tổng hợp Hà Nội,Tổng hợp,In-scope Hà Nội,Informational,50,N/A,N/A,N/A,Planner (Trung bình),data/google_planner/hanoi/Keyword Stats 2026-02-13 at 11_54_58.csv,Viết guide/review; ưu tiên long-tail; tạo topic hub và internal link về trang dịch vụ,B,55.00000000000001,0%,685
các địa điểm du lịch tại hà nội,Tổng hợp Hà Nội,Tổng hợp,In-scope Hà Nội,Informational,50,N/A,N/A,N/A,Planner (Thấp),data/google_planner/hanoi/Keyword Stats 2026-02-13 at 11_54_58.csv,Viết guide/review; ưu tiên long-tail; tạo topic hub và internal link về trang dịch vụ,B,55.00000000000001,0%,351
công ty du lịch thành công hà nội,Tổng hợp Hà Nội,Tổng hợp,In-scope Hà Nội,Informational,50,N/A,N/A,N/A,Planner (Thấp),data/google_planner/hanoi/Keyword Stats 2026-02-13 at 11_54_58.csv,Viết guide/review; ưu tiên long-tail; tạo topic hub và internal link về trang dịch vụ,B,55.00000000000001,0%,"4,900"
công ty du lịch tại hà nội,Tổng hợp Hà Nội,Tổng hợp,In-scope Hà Nội,Informational,50,N/A,N/A,N/A,Planner (Thấp),data/google_planner/hanoi/Keyword Stats 2026-02-13 at 11_54_58.csv,Viết guide/review; ưu tiên long-tail; tạo topic hub và internal link về trang dịch vụ,B,55.00000000000001,-90.0%,"10,122"
công ty du lịch ở hà nội,Tổng hợp Hà Nội,Tổng hợp,In-scope Hà Nội,Informational,50,N/A,N/A,N/A,Planner (Trung bình),data/google_planner/hanoi/Keyword Stats 2026-02-13 at 11_54_58.csv,Viết guide/review; ưu tiên long-tail; tạo topic hub và internal link về trang dịch vụ,B,55.00000000000001,-90.0%,"10,970"
diem du lich ha noi,Tổng hợp Hà Nội,Tổng hợp,In-scope Hà Nội,Informational,50,N/A,N/A,N/A,Planner (Thấp),data/google_planner/hanoi/Keyword Stats 2026-02-13 at 11_54_58.csv,Viết guide/review; ưu tiên long-tail; tạo topic hub và internal link về trang dịch vụ,B,55.00000000000001,0%,"1,652"
du lịch 1 ngày quanh hà nội,Tổng hợp Hà Nội,Tổng hợp,In-scope Hà Nội,Informational,50,N/A,N/A,N/A,Planner (Thấp),data/google_planner/hanoi/Keyword Stats 2026-02-13 at 11_54_58.csv,Viết guide/review; ưu tiên long-tail; tạo topic hub và internal link về trang dịch vụ,B,55.00000000000001,0%,"3,938"
du lịch 1 ngày ở hà nội,Tổng hợp Hà Nội,Tổng hợp,In-scope Hà Nội,Informational,50,N/A,N/A,N/A,Planner (Thấp),data/google_planner/hanoi/Keyword Stats 2026-02-13 at 11_54_58.csv,Viết guide/review; ưu tiên long-tail; tạo topic hub và internal link về trang dịch vụ,B,55.00000000000001,0%,"4,212"
du lịch 2n1d gần hà nội,Tổng hợp Hà Nội,Tổng hợp,In-scope Hà Nội,Informational,50,N/A,N/A,N/A,Planner (Thấp),data/google_planner/hanoi/Keyword Stats 2026-02-13 at 11_54_58.csv,Viết guide/review; ưu tiên long-tail; tạo topic hub và internal link về trang dịch vụ,B,55.00000000000001,0%,"7,776"
du lịch bali từ hà nội,Tổng hợp Hà Nội,Tổng hợp,In-scope Hà Nội,Informational,50,N/A,N/A,N/A,Planner (Thấp),data/google_planner/hanoi/Keyword Stats 2026-02-13 at 11_54_58.csv,Viết guide/review; ưu tiên long-tail; tạo topic hub và internal link về trang dịch vụ,B,55.00000000000001,0%,"1,031"
du lịch gần hà nội 1 ngày,Tổng hợp Hà Nội,Tổng hợp,In-scope Hà Nội,Informational,50,N/A,N/A,N/A,Planner (Thấp),data/google_planner/hanoi/Keyword Stats 2026-02-13 at 11_54_58.csv,Viết guide/review; ưu tiên long-tail; tạo topic hub và internal link về trang dịch vụ,B,55.00000000000001,0%,"2,337"
du lịch gần hà nội 3 ngày 2 đêm,Tổng hợp Hà Nội,Tổng hợp,In-scope Hà Nội,Informational,50,N/A,N/A,N/A,Planner (Thấp),data/google_planner/hanoi/Keyword Stats 2026-02-13 at 11_54_58.csv,Viết guide/review; ưu tiên long-tail; tạo topic hub và internal link về trang dịch vụ,B,55.00000000000001,0%,"4,146"
du lịch hà nội 4 ngày 3 đêm,Tổng hợp Hà Nội,Tổng hợp,In-scope Hà Nội,Informational,50,N/A,N/A,N/A,Planner (Trung bình),data/google_planner/hanoi/Keyword Stats 2026-02-13 at 11_54_58.csv,Viết guide/review; ưu tiên long-tail; tạo topic hub và internal link về trang dịch vụ,B,55.00000000000001,0%,"5,209"
du lịch hà nội mùa nào đẹp nhất,Tổng hợp Hà Nội,Tổng hợp,In-scope Hà Nội,Transaction,50,N/A,N/A,N/A,Planner (Thấp),data/google_planner/hanoi/Keyword Stats 2026-02-13 at 11_54_58.csv,"Tạo landing chuyển đổi (giá/vé/đặt chỗ), gom vào cluster page + build backlink nội bộ",B,55.00000000000001,0%,"1,182"
du lịch hà nội tháng 10,Tổng hợp Hà Nội,Tổng hợp,In-scope Hà Nội,Informational,50,N/A,N/A,N/A,Planner (Trung bình),data/google_planner/hanoi/Keyword Stats 2026-02-13 at 11_54_58.csv,Viết guide/review; ưu tiên long-tail; tạo topic hub và internal link về trang dịch vụ,B,55.00000000000001,0%,"1,657"
du lịch hà nội tháng 12,Tổng hợp Hà Nội,Tổng hợp,In-scope Hà Nội,Informational,50,N/A,N/A,N/A,Planner (Trung bình),data/google_planner/hanoi/Keyword Stats 2026-02-13 at 11_54_58.csv,Viết guide/review; ưu tiên long-tail; tạo topic hub và internal link về trang dịch vụ,B,55.00000000000001,-90.0%,"2,696"
du lịch hà nội trong ngày,Tổng hợp Hà Nội,Tổng hợp,In-scope Hà Nội,Informational,50,N/A,N/A,N/A,Planner (Trung bình),data/google_planner/hanoi/Keyword Stats 2026-02-13 at 11_54_58.csv,Viết guide/review; ưu tiên long-tail; tạo topic hub và internal link về trang dịch vụ,B,55.00000000000001,0%,"1,383"
du lịch hà nội tự túc,Tổng hợp Hà Nội,Tổng hợp,In-scope Hà Nội,Informational,50,N/A,N/A,N/A,Planner (Trung bình),data/google_planner/hanoi/Keyword Stats 2026-02-13 at 11_54_58.csv,Viết guide/review; ưu tiên long-tail; tạo topic hub và internal link về trang dịch vụ,B,55.00000000000001,0%,"2,387"
du lịch hà nội vietravel,Tổng hợp Hà Nội,Tổng hợp,In-scope Hà Nội,Informational,50,N/A,N/A,N/A,Planner (Trung bình),data/google_planner/hanoi/Keyword Stats 2026-02-13 at 11_54_58.csv,Viết guide/review; ưu tiên long-tail; tạo topic hub và internal link về trang dịch vụ,B,55.00000000000001,0%,"3,272"
du lịch một ngày gần hà nội,Tổng hợp Hà Nội,Tổng hợp,In-scope Hà Nội,Informational,50,N/A,N/A,N/A,Planner (Thấp),data/google_planner/hanoi/Keyword Stats 2026-02-13 at 11_54_58.csv,Viết guide/review; ưu tiên long-tail; tạo topic hub và internal link về trang dịch vụ,B,55.00000000000001,0%,"1,621"
du lịch ngoại thành hà nội,Tổng hợp Hà Nội,Tổng hợp,In-scope Hà Nội,Informational,50,N/A,N/A,N/A,Planner (Thấp),data/google_planner/hanoi/Keyword Stats 2026-02-13 at 11_54_58.csv,Viết guide/review; ưu tiên long-tail; tạo topic hub và internal link về trang dịch vụ,B,55.00000000000001,0%,"2,960"
du lịch ngắn ngày gần hà nội,Tổng hợp Hà Nội,Tổng hợp,In-scope Hà Nội,Informational,50,N/A,N/A,N/A,Planner (Thấp),data/google_planner/hanoi/Keyword Stats 2026-02-13 at 11_54_58.csv,Viết guide/review; ưu tiên long-tail; tạo topic hub và internal link về trang dịch vụ,B,55.00000000000001,0%,"1,969"
du lịch phan thiết từ hà nội,Tổng hợp Hà Nội,Tổng hợp,In-scope Hà Nội,Informational,50,N/A,N/A,N/A,Planner (Thấp),data/google_planner/hanoi/Keyword Stats 2026-02-13 at 11_54_58.csv,Viết guide/review; ưu tiên long-tail; tạo topic hub và internal link về trang dịch vụ,B,55.00000000000001,0%,"5,588"
du lịch quanh hà nội 1 ngày,Tổng hợp Hà Nội,Tổng hợp,In-scope Hà Nội,Informational,50,N/A,N/A,N/A,Planner (Thấp),data/google_planner/hanoi/Keyword Stats 2026-02-13 at 11_54_58.csv,Viết guide/review; ưu tiên long-tail; tạo topic hub và internal link về trang dịch vụ,B,55.00000000000001,0%,"3,944"
du lịch quanh hà nội 2 ngày 1 đêm,Tổng hợp Hà Nội,Tổng hợp,In-scope Hà Nội,Informational,50,N/A,N/A,N/A,Planner (Thấp),data/google_planner/hanoi/Keyword Stats 2026-02-13 at 11_54_58.csv,Viết guide/review; ưu tiên long-tail; tạo topic hub và internal link về trang dịch vụ,B,55.00000000000001,0%,"2,960"
du lịch quanh hà nội 200km,Tổng hợp Hà Nội,Tổng hợp,In-scope Hà Nội,Informational,50,N/A,N/A,N/A,Planner (Thấp),data/google_planner/hanoi/Keyword Stats 2026-02-13 at 11_54_58.csv,Viết guide/review; ưu tiên long-tail; tạo topic hub và internal link về trang dịch vụ,B,55.00000000000001,0%,"2,077"
du lịch tây bắc từ hà nội,Tổng hợp Hà Nội,Tổng hợp,In-scope Hà Nội,Informational,50,N/A,N/A,N/A,Planner (Cao),data/google_planner/hanoi/Keyword Stats 2026-02-13 at 11_54_58.csv,Viết guide/review; ưu tiên long-tail; tạo topic hub và internal link về trang dịch vụ,B,55.00000000000001,0%,"4,227"
du lịch tự túc hà nội,Tổng hợp Hà Nội,Tổng hợp,In-scope Hà Nội,Informational,50,N/A,N/A,N/A,Planner (Trung bình),data/google_planner/hanoi/Keyword Stats 2026-02-13 at 11_54_58.csv,Viết guide/review; ưu tiên long-tail; tạo topic hub và internal link về trang dịch vụ,B,55.00000000000001,0%,"9,114"
du lịch vietravel hà nội,Tổng hợp Hà Nội,Tổng hợp,In-scope Hà Nội,Informational,50,N/A,N/A,N/A,Planner (Trung bình),data/google_planner/hanoi/Keyword Stats 2026-02-13 at 11_54_58.csv,Viết guide/review; ưu tiên long-tail; tạo topic hub và internal link về trang dịch vụ,B,55.00000000000001,0%,"4,680"
du lịch xung quanh hà nội,Tổng hợp Hà Nội,Tổng hợp,In-scope Hà Nội,Informational,50,N/A,N/A,N/A,Planner (Thấp),data/google_planner/hanoi/Keyword Stats 2026-02-13 at 11_54_58.csv,Viết guide/review; ưu tiên long-tail; tạo topic hub và internal link về trang dịch vụ,B,55.00000000000001,0%,"2,856"
giá phòng mường thanh hà nội,Tổng hợp Hà Nội,Tổng hợp,In-scope Hà Nội,Transaction,50,N/A,N/A,N/A,Planner (Trung bình),data/google_planner/hanoi/Keyword Stats 2026-02-13 at 11_54_58.csv,"Tạo landing chuyển đổi (giá/vé/đặt chỗ), gom vào cluster page + build backlink nội bộ",B,55.00000000000001,0%,"6,751"
hà nội có điểm du lịch nào,Tổng hợp Hà Nội,Tổng hợp,In-scope Hà Nội,Informational,50,N/A,N/A,N/A,Planner (Thấp),data/google_planner/hanoi/Keyword Stats 2026-02-13 at 11_54_58.csv,Viết guide/review; ưu tiên long-tail; tạo topic hub và internal link về trang dịch vụ,B,55.00000000000001,0%,519
hà nội có địa điểm du lịch nào,Tổng hợp Hà Nội,Tổng hợp,In-scope Hà Nội,Informational,50,N/A,N/A,N/A,Planner (Thấp),data/google_planner/hanoi/Keyword Stats 2026-02-13 at 11_54_58.csv,Viết guide/review; ưu tiên long-tail; tạo topic hub và internal link về trang dịch vụ,B,55.00000000000001,0%,361
hà nội tràng an,Tổng hợp Hà Nội,Tổng hợp,In-scope Hà Nội,Informational,50,N/A,N/A,N/A,Planner (Thấp),data/google_planner/hanoi/Keyword Stats 2026-02-13 at 11_54_58.csv,Viết guide/review; ưu tiên long-tail; tạo topic hub và internal link về trang dịch vụ,B,55.00000000000001,0%,"6,344"
hà nội đi mù cang chải,Tổng hợp Hà Nội,Tổng hợp,In-scope Hà Nội,Informational,50,N/A,N/A,N/A,Planner (Thấp),data/google_planner/hanoi/Keyword Stats 2026-02-13 at 11_54_58.csv,Viết guide/review; ưu tiên long-tail; tạo topic hub và internal link về trang dịch vụ,B,55.00000000000001,0%,"4,222"
hướng dẫn viên du lịch hà nội,Tổng hợp Hà Nội,Tổng hợp,In-scope Hà Nội,Informational,50,N/A,N/A,N/A,Planner (Thấp),data/google_planner/hanoi/Keyword Stats 2026-02-13 at 11_54_58.csv,Viết guide/review; ưu tiên long-tail; tạo topic hub và internal link về trang dịch vụ,B,55.00000000000001,0%,"7,291"
khu vui chơi nghỉ dưỡng gần hà nội,Tổng hợp Hà Nội,Tổng hợp,In-scope Hà Nội,Informational,50,N/A,N/A,N/A,Planner (Thấp),data/google_planner/hanoi/Keyword Stats 2026-02-13 at 11_54_58.csv,Viết guide/review; ưu tiên long-tail; tạo topic hub và internal link về trang dịch vụ,B,55.00000000000001,0%,"3,458"
kinh nghiệm du lịch hà nội,Tổng hợp Hà Nội,Tổng hợp,In-scope Hà Nội,Commercial Investigation,50,N/A,N/A,N/A,Planner (Trung bình),data/google_planner/hanoi/Keyword Stats 2026-02-13 at 11_54_58.csv,Viết bài top-list/so sánh; map vào cluster hub; bổ sung schema + ảnh/UGC,B,55.00000000000001,0%,"2,372"
ks công đoàn hà nội,Tổng hợp Hà Nội,Tổng hợp,In-scope Hà Nội,Informational,50,N/A,N/A,N/A,Planner (Trung bình),data/google_planner/hanoi/Keyword Stats 2026-02-13 at 11_54_58.csv,Viết guide/review; ưu tiên long-tail; tạo topic hub và internal link về trang dịch vụ,B,55.00000000000001,0%,"8,212"
ks hà nội giảng võ,Tổng hợp Hà Nội,Tổng hợp,In-scope Hà Nội,Informational,50,N/A,N/A,N/A,Planner (Trung bình),data/google_planner/hanoi/Keyword Stats 2026-02-13 at 11_54_58.csv,Viết guide/review; ưu tiên long-tail; tạo topic hub và internal link về trang dịch vụ,B,55.00000000000001,0%,"9,754"
ks la thành hà nội,Tổng hợp Hà Nội,Tổng hợp,In-scope Hà Nội,Informational,50,N/A,N/A,N/A,Planner (Thấp),data/google_planner/hanoi/Keyword Stats 2026-02-13 at 11_54_58.csv,Viết guide/review; ưu tiên long-tail; tạo topic hub và internal link về trang dịch vụ,B,55.00000000000001,0%,"17,466"
ks marriott hanoi,Tổng hợp Hà Nội,Tổng hợp,In-scope Hà Nội,Informational,50,N/A,N/A,N/A,Planner (Trung bình),data/google_planner/hanoi/Keyword Stats 2026-02-13 at 11_54_58.csv,Viết guide/review; ưu tiên long-tail; tạo topic hub và internal link về trang dịch vụ,B,55.00000000000001,0%,"6,640"
lịch trình du lịch hà nội,Tổng hợp Hà Nội,Tổng hợp,In-scope Hà Nội,Informational,50,N/A,N/A,N/A,Planner (Thấp),data/google_planner/hanoi/Keyword Stats 2026-02-13 at 11_54_58.csv,Viết guide/review; ưu tiên long-tail; tạo topic hub và internal link về trang dịch vụ,B,55.00000000000001,0%,"7,530"
lịch trình đi chơi hà nội 1 ngày,Tổng hợp Hà Nội,Tổng hợp,In-scope Hà Nội,Informational,50,N/A,N/A,N/A,Planner (Thấp),data/google_planner/hanoi/Keyword Stats 2026-02-13 at 11_54_58.csv,Viết guide/review; ưu tiên long-tail; tạo topic hub và internal link về trang dịch vụ,B,55.00000000000001,0%,"1,039"
muong thanh hanoi centre,Tổng hợp Hà Nội,Tổng hợp,In-scope Hà Nội,Informational,50,N/A,N/A,N/A,Planner (Trung bình),data/google_planner/hanoi/Keyword Stats 2026-02-13 at 11_54_58.csv,Viết guide/review; ưu tiên long-tail; tạo topic hub và internal link về trang dịch vụ,B,55.00000000000001,0%,"15,745"
mường thanh center hà nội,Tổng hợp Hà Nội,Tổng hợp,In-scope Hà Nội,Informational,50,N/A,N/A,N/A,Planner (Trung bình),data/google_planner/hanoi/Keyword Stats 2026-02-13 at 11_54_58.csv,Viết guide/review; ưu tiên long-tail; tạo topic hub và internal link về trang dịch vụ,B,55.00000000000001,0%,"14,021"
mường thanh centre hà nội,Tổng hợp Hà Nội,Tổng hợp,In-scope Hà Nội,Informational,50,N/A,N/A,N/A,Planner (Trung bình),data/google_planner/hanoi/Keyword Stats 2026-02-13 at 11_54_58.csv,Viết guide/review; ưu tiên long-tail; tạo topic hub và internal link về trang dịch vụ,B,55.00000000000001,0%,"13,242"
mường thanh hoàn kiếm,Tổng hợp Hà Nội,Tổng hợp,In-scope Hà Nội,Informational,50,N/A,N/A,N/A,Planner (Cao),data/google_planner/hanoi/Keyword Stats 2026-02-13 at 11_54_58.csv,Viết guide/review; ưu tiên long-tail; tạo topic hub và internal link về trang dịch vụ,B,55.00000000000001,0%,"8,569"
mường thanh luxury hà nội,Tổng hợp Hà Nội,Tổng hợp,In-scope Hà Nội,Informational,50,N/A,N/A,N/A,Planner (Thấp),data/google_planner/hanoi/Keyword Stats 2026-02-13 at 11_54_58.csv,Viết guide/review; ưu tiên long-tail; tạo topic hub và internal link về trang dịch vụ,B,55.00000000000001,0%,"11,206"
nghỉ cuối tuần quanh hà nội,Tổng hợp Hà Nội,Tổng hợp,In-scope Hà Nội,Informational,50,N/A,N/A,N/A,Planner (Trung bình),data/google_planner/hanoi/Keyword Stats 2026-02-13 at 11_54_58.csv,Viết guide/review; ưu tiên long-tail; tạo topic hub và internal link về trang dịch vụ,B,55.00000000000001,0%,"8,558"
nghỉ dưỡng cuối tuần gần hà nội,Tổng hợp Hà Nội,Tổng hợp,In-scope Hà Nội,Informational,50,N/A,N/A,N/A,Planner (Trung bình),data/google_planner/hanoi/Keyword Stats 2026-02-13 at 11_54_58.csv,Viết guide/review; ưu tiên long-tail; tạo topic hub và internal link về trang dịch vụ,B,55.00000000000001,0%,"3,460"
nhà khách tổng liên đoàn hà nội,Tổng hợp Hà Nội,Tổng hợp,In-scope Hà Nội,Informational,50,N/A,N/A,N/A,Planner (Trung bình),data/google_planner/hanoi/Keyword Stats 2026-02-13 at 11_54_58.csv,Viết guide/review; ưu tiên long-tail; tạo topic hub và internal link về trang dịch vụ,B,55.00000000000001,0%,"18,443"
những địa điểm du lịch hà nội,Tổng hợp Hà Nội,Tổng hợp,In-scope Hà Nội,Informational,50,N/A,N/A,N/A,Planner (Thấp),data/google_planner/hanoi/Keyword Stats 2026-02-13 at 11_54_58.csv,Viết guide/review; ưu tiên long-tail; tạo topic hub và internal link về trang dịch vụ,B,55.00000000000001,-90.0%,535
sofitel plaza hanoi,Tổng hợp Hà Nội,Tổng hợp,In-scope Hà Nội,Informational,50,N/A,N/A,N/A,Planner (Thấp),data/google_planner/hanoi/Keyword Stats 2026-02-13 at 11_54_58.csv,Viết guide/review; ưu tiên long-tail; tạo topic hub và internal link về trang dịch vụ,B,55.00000000000001,-90.0%,"17,979"
vietravel chi nhánh hà nội,Tổng hợp Hà Nội,Tổng hợp,In-scope Hà Nội,Informational,50,N/A,N/A,N/A,Planner (Thấp),data/google_planner/hanoi/Keyword Stats 2026-02-13 at 11_54_58.csv,Viết guide/review; ưu tiên long-tail; tạo topic hub và internal link về trang dịch vụ,B,55.00000000000001,0%,"9,511"
đi 2 ngày 1 đêm gần hà nội,Tổng hợp Hà Nội,Tổng hợp,In-scope Hà Nội,Informational,50,N/A,N/A,N/A,Planner (Thấp),data/google_planner/hanoi/Keyword Stats 2026-02-13 at 11_54_58.csv,Viết guide/review; ưu tiên long-tail; tạo topic hub và internal link về trang dịch vụ,B,55.00000000000001,0%,"1,988"
đi chơi 2 ngày 1 đêm gần hà nội,Tổng hợp Hà Nội,Tổng hợp,In-scope Hà Nội,Informational,50,N/A,N/A,N/A,Planner (Thấp),data/google_planner/hanoi/Keyword Stats 2026-02-13 at 11_54_58.csv,Viết guide/review; ưu tiên long-tail; tạo topic hub và internal link về trang dịch vụ,B,55.00000000000001,0%,"7,776"
đi chơi gần hà nội 2 ngày 1 đêm,Tổng hợp Hà Nội,Tổng hợp,In-scope Hà Nội,Informational,50,N/A,N/A,N/A,Planner (Thấp),data/google_planner/hanoi/Keyword Stats 2026-02-13 at 11_54_58.csv,Viết guide/review; ưu tiên long-tail; tạo topic hub và internal link về trang dịch vụ,B,55.00000000000001,0%,"3,710"
đi du lịch 1 ngày gần hà nội,Tổng hợp Hà Nội,Tổng hợp,In-scope Hà Nội,Informational,50,N/A,N/A,N/A,Planner (Thấp),data/google_planner/hanoi/Keyword Stats 2026-02-13 at 11_54_58.csv,Viết guide/review; ưu tiên long-tail; tạo topic hub và internal link về trang dịch vụ,B,55.00000000000001,0%,"3,490"
đi du lịch hà nội,Tổng hợp Hà Nội,Tổng hợp,In-scope Hà Nội,Informational,50,N/A,N/A,N/A,Planner (Trung bình),data/google_planner/hanoi/Keyword Stats 2026-02-13 at 11_54_58.csv,Viết guide/review; ưu tiên long-tail; tạo topic hub và internal link về trang dịch vụ,B,55.00000000000001,0%,"4,962"
đi hà nội tháng nào đẹp nhất,Tổng hợp Hà Nội,Tổng hợp,In-scope Hà Nội,Informational,50,N/A,N/A,N/A,Planner (Thấp),data/google_planner/hanoi/Keyword Stats 2026-02-13 at 11_54_58.csv,Viết guide/review; ưu tiên long-tail; tạo topic hub và internal link về trang dịch vụ,B,55.00000000000001,0%,"7,948"
đi mù cang chải từ hà nội,Tổng hợp Hà Nội,Tổng hợp,In-scope Hà Nội,Informational,50,N/A,N/A,N/A,Planner (Thấp),data/google_planner/hanoi/Keyword Stats 2026-02-13 at 11_54_58.csv,Viết guide/review; ưu tiên long-tail; tạo topic hub và internal link về trang dịch vụ,B,55.00000000000001,0%,"3,333"
điểm du lịch gần hà nội 2 ngày 1 đêm,Tổng hợp Hà Nội,Tổng hợp,In-scope Hà Nội,Informational,50,N/A,N/A,N/A,Planner (Trung bình),data/google_planner/hanoi/Keyword Stats 2026-02-13 at 11_54_58.csv,Viết guide/review; ưu tiên long-tail; tạo topic hub và internal link về trang dịch vụ,B,55.00000000000001,0%,"2,231"
điểm du lịch tại hà nội,Tổng hợp Hà Nội,Tổng hợp,In-scope Hà Nội,Informational,50,N/A,N/A,N/A,Planner (Thấp),data/google_planner/hanoi/Keyword Stats 2026-02-13 at 11_54_58.csv,Viết guide/review; ưu tiên long-tail; tạo topic hub và internal link về trang dịch vụ,B,55.00000000000001,0%,334
địa điểm du lịch hà nội trong 1 ngày,Tổng hợp Hà Nội,Tổng hợp,In-scope Hà Nội,Informational,50,N/A,N/A,N/A,Planner (Thấp),data/google_planner/hanoi/Keyword Stats 2026-02-13 at 11_54_58.csv,Viết guide/review; ưu tiên long-tail; tạo topic hub và internal link về trang dịch vụ,B,55.00000000000001,0%,"1,357"
địa điểm du lịch tại hà nội,Tổng hợp Hà Nội,Tổng hợp,In-scope Hà Nội,Informational,50,N/A,N/A,N/A,Planner (Thấp),data/google_planner/hanoi/Keyword Stats 2026-02-13 at 11_54_58.csv,Viết guide/review; ưu tiên long-tail; tạo topic hub và internal link về trang dịch vụ,B,55.00000000000001,-90.0%,"1,969"
du lịch tết 2023 từ hà nội,Tổng hợp Hà Nội,Tổng hợp,In-scope Hà Nội,Informational,50,N/A,N/A,N/A,Planner (Không xác định),data/google_planner/hanoi/Keyword Stats 2026-02-13 at 11_54_58.csv,Viết guide/review; ưu tiên long-tail; tạo topic hub và internal link về trang dịch vụ,B,50.0,-100.0%,0
du lịch hà nội côn đảo,Tổng hợp Hà Nội,Tổng hợp,In-scope Hà Nội,Informational,50,N/A,N/A,N/A,Planner (Trung bình),data/google_planner/hanoi/Keyword Stats 2026-02-13 at 11_54_58.csv,Viết guide/review; ưu tiên long-tail; tạo topic hub và internal link về trang dịch vụ,B,50.0,0%,0
2 ngày 1 đêm gần hà nội,Tổng hợp Hà Nội,Tổng hợp,In-scope Hà Nội,Informational,50,N/A,N/A,N/A,Planner (Thấp),data/google_planner/hanoi/Keyword Stats 2026-02-13 at 11_54_58.csv,Viết guide/review; ưu tiên long-tail; tạo topic hub và internal link về trang dịch vụ,B,50.0,0%,0
a25 quận đống đa,Tổng hợp Hà Nội,Tổng hợp,In-scope Hà Nội,Informational,50,N/A,N/A,N/A,Planner (Thấp),data/google_planner/hanoi/Keyword Stats 2026-02-13 at 11_54_58.csv,Viết guide/review; ưu tiên long-tail; tạo topic hub và internal link về trang dịch vụ,B,50.0,0%,0
angelina metropole hanoi,Tổng hợp Hà Nội,Tổng hợp,In-scope Hà Nội,Informational,50,N/A,N/A,N/A,Planner (Thấp),data/google_planner/hanoi/Keyword Stats 2026-02-13 at 11_54_58.csv,Viết guide/review; ưu tiên long-tail; tạo topic hub và internal link về trang dịch vụ,B,50.0,0%,0
b7 giảng võ ba đình hà nội,Tổng hợp Hà Nội,Tổng hợp,In-scope Hà Nội,Informational,50,N/A,N/A,N/A,Planner (Thấp),data/google_planner/hanoi/Keyword Stats 2026-02-13 at 11_54_58.csv,Viết guide/review; ưu tiên long-tail; tạo topic hub và internal link về trang dịch vụ,B,50.0,0%,0
chi phí du lịch hà nội,Tổng hợp Hà Nội,Tổng hợp,In-scope Hà Nội,Informational,50,N/A,N/A,N/A,Planner (Thấp),data/google_planner/hanoi/Keyword Stats 2026-02-13 at 11_54_58.csv,Viết guide/review; ưu tiên long-tail; tạo topic hub và internal link về trang dịch vụ,B,50.0,0%,0
các công ty lữ hành tại hà nội,Tổng hợp Hà Nội,Tổng hợp,In-scope Hà Nội,Informational,50,N/A,N/A,N/A,Planner (Trung bình),data/google_planner/hanoi/Keyword Stats 2026-02-13 at 11_54_58.csv,Viết guide/review; ưu tiên long-tail; tạo topic hub và internal link về trang dịch vụ,B,50.0,0%,0
các khu du lịch hà nội,Tổng hợp Hà Nội,Tổng hợp,In-scope Hà Nội,Informational,50,N/A,N/A,N/A,Planner (Thấp),data/google_planner/hanoi/Keyword Stats 2026-02-13 at 11_54_58.csv,Viết guide/review; ưu tiên long-tail; tạo topic hub và internal link về trang dịch vụ,B,50.0,0%,0
các khu du lịch ở hà nội,Tổng hợp Hà Nội,Tổng hợp,In-scope Hà Nội,Informational,50,N/A,N/A,N/A,Planner (Thấp),data/google_planner/hanoi/Keyword Stats 2026-02-13 at 11_54_58.csv,Viết guide/review; ưu tiên long-tail; tạo topic hub và internal link về trang dịch vụ,B,50.0,0%,0
các điểm du xuân gần hà nội,Tổng hợp Hà Nội,Tổng hợp,In-scope Hà Nội,Informational,50,N/A,N/A,N/A,Planner (Thấp),data/google_planner/hanoi/Keyword Stats 2026-02-13 at 11_54_58.csv,Viết guide/review; ưu tiên long-tail; tạo topic hub và internal link về trang dịch vụ,B,50.0,0%,0
công ty du lịch việt nam hà nội,Tổng hợp Hà Nội,Tổng hợp,In-scope Hà Nội,Informational,50,N/A,N/A,N/A,Planner (Thấp),data/google_planner/hanoi/Keyword Stats 2026-02-13 at 11_54_58.csv,Viết guide/review; ưu tiên long-tail; tạo topic hub và internal link về trang dịch vụ,B,50.0,0%,0
công ty du lịch xuyên việt hà nội,Tổng hợp Hà Nội,Tổng hợp,In-scope Hà Nội,Informational,50,N/A,N/A,N/A,Planner (Trung bình),data/google_planner/hanoi/Keyword Stats 2026-02-13 at 11_54_58.csv,Viết guide/review; ưu tiên long-tail; tạo topic hub và internal link về trang dịch vụ,B,50.0,0%,0
du lịch 1 mình gần hà nội,Tổng hợp Hà Nội,Tổng hợp,In-scope Hà Nội,Informational,50,N/A,N/A,N/A,Planner (Thấp),data/google_planner/hanoi/Keyword Stats 2026-02-13 at 11_54_58.csv,Viết guide/review; ưu tiên long-tail; tạo topic hub và internal link về trang dịch vụ,B,50.0,0%,0
du lịch 1 ngày hà nội,Tổng hợp Hà Nội,Tổng hợp,In-scope Hà Nội,Informational,50,N/A,N/A,N/A,Planner (Thấp),data/google_planner/hanoi/Keyword Stats 2026-02-13 at 11_54_58.csv,Viết guide/review; ưu tiên long-tail; tạo topic hub và internal link về trang dịch vụ,B,50.0,0%,0
du lịch 3 ngày 2 đêm gần hà nội,Tổng hợp Hà Nội,Tổng hợp,In-scope Hà Nội,Informational,50,N/A,N/A,N/A,Planner (Thấp),data/google_planner/hanoi/Keyword Stats 2026-02-13 at 11_54_58.csv,Viết guide/review; ưu tiên long-tail; tạo topic hub và internal link về trang dịch vụ,B,50.0,0%,0
du lịch 30 4 gần hà nội,Tổng hợp Hà Nội,Tổng hợp,In-scope Hà Nội,Informational,50,N/A,N/A,N/A,Planner (Không xác định),data/google_planner/hanoi/Keyword Stats 2026-02-13 at 11_54_58.csv,Viết guide/review; ưu tiên long-tail; tạo topic hub và internal link về trang dịch vụ,B,50.0,0%,0
du lịch hoàng thành hà nội,Tổng hợp Hà Nội,Tổng hợp,In-scope Hà Nội,Informational,50,N/A,N/A,N/A,Planner (Không xác định),data/google_planner/hanoi/Keyword Stats 2026-02-13 at 11_54_58.csv,Viết guide/review; ưu tiên long-tail; tạo topic hub và internal link về trang dịch vụ,B,50.0,-100.0%,0
du lịch hà nội 2022,Tổng hợp Hà Nội,Tổng hợp,In-scope Hà Nội,Informational,50,N/A,N/A,N/A,Planner (Không xác định),data/google_planner/hanoi/Keyword Stats 2026-02-13 at 11_54_58.csv,Viết guide/review; ưu tiên long-tail; tạo topic hub và internal link về trang dịch vụ,B,50.0,-100.0%,0
du lịch hà nội cát bà,Tổng hợp Hà Nội,Tổng hợp,In-scope Hà Nội,Informational,50,N/A,N/A,N/A,Planner (Không xác định),data/google_planner/hanoi/Keyword Stats 2026-02-13 at 11_54_58.csv,Viết guide/review; ưu tiên long-tail; tạo topic hub và internal link về trang dịch vụ,B,50.0,-100.0%,0
du lịch hà nội mùa thu,Tổng hợp Hà Nội,Tổng hợp,In-scope Hà Nội,Transaction,50,N/A,N/A,N/A,Planner (Thấp),data/google_planner/hanoi/Keyword Stats 2026-02-13 at 11_54_58.csv,"Tạo landing chuyển đổi (giá/vé/đặt chỗ), gom vào cluster page + build backlink nội bộ",B,50.0,0%,0
du lịch hà nội tháng 11,Tổng hợp Hà Nội,Tổng hợp,In-scope Hà Nội,Informational,50,N/A,N/A,N/A,Planner (Thấp),data/google_planner/hanoi/Keyword Stats 2026-02-13 at 11_54_58.csv,Viết guide/review; ưu tiên long-tail; tạo topic hub và internal link về trang dịch vụ,B,50.0,0%,0
du lịch lý sơn từ hà nội,Tổng hợp Hà Nội,Tổng hợp,In-scope Hà Nội,Informational,50,N/A,N/A,N/A,Planner (Thấp),data/google_planner/hanoi/Keyword Stats 2026-02-13 at 11_54_58.csv,Viết guide/review; ưu tiên long-tail; tạo topic hub và internal link về trang dịch vụ,B,50.0,0%,0
du lịch mùa thu hà nội,Tổng hợp Hà Nội,Tổng hợp,In-scope Hà Nội,Transaction,50,N/A,N/A,N/A,Planner (Thấp),data/google_planner/hanoi/Keyword Stats 2026-02-13 at 11_54_58.csv,"Tạo landing chuyển đổi (giá/vé/đặt chỗ), gom vào cluster page + build backlink nội bộ",B,50.0,0%,0
du lịch ngoại thành hà nội 2 ngày 1 đêm,Tổng hợp Hà Nội,Tổng hợp,In-scope Hà Nội,Informational,50,N/A,N/A,N/A,Planner (Thấp),data/google_planner/hanoi/Keyword Stats 2026-02-13 at 11_54_58.csv,Viết guide/review; ưu tiên long-tail; tạo topic hub và internal link về trang dịch vụ,B,50.0,0%,0
du lịch nội thành hà nội,Tổng hợp Hà Nội,Tổng hợp,In-scope Hà Nội,Informational,50,N/A,N/A,N/A,Planner (Trung bình),data/google_planner/hanoi/Keyword Stats 2026-02-13 at 11_54_58.csv,Viết guide/review; ưu tiên long-tail; tạo topic hub và internal link về trang dịch vụ,B,50.0,0%,0
du lịch thủ đô hà nội,Tổng hợp Hà Nội,Tổng hợp,In-scope Hà Nội,Informational,50,N/A,N/A,N/A,Planner (Thấp),data/google_planner/hanoi/Keyword Stats 2026-02-13 at 11_54_58.csv,Viết guide/review; ưu tiên long-tail; tạo topic hub và internal link về trang dịch vụ,B,50.0,0%,0
du lịch tây nguyên từ hà nội,Tổng hợp Hà Nội,Tổng hợp,In-scope Hà Nội,Informational,50,N/A,N/A,N/A,Planner (Thấp),data/google_planner/hanoi/Keyword Stats 2026-02-13 at 11_54_58.csv,Viết guide/review; ưu tiên long-tail; tạo topic hub và internal link về trang dịch vụ,B,50.0,0%,0
du lịch văn hóa hà nội,Tổng hợp Hà Nội,Tổng hợp,In-scope Hà Nội,Informational,50,N/A,N/A,N/A,Planner (Thấp),data/google_planner/hanoi/Keyword Stats 2026-02-13 at 11_54_58.csv,Viết guide/review; ưu tiên long-tail; tạo topic hub và internal link về trang dịch vụ,B,50.0,0%,0
du lịch xuyên việt bằng ô to từ hà nội,Tổng hợp Hà Nội,Tổng hợp,In-scope Hà Nội,Informational,50,N/A,N/A,N/A,Planner (Không xác định),data/google_planner/hanoi/Keyword Stats 2026-02-13 at 11_54_58.csv,Viết guide/review; ưu tiên long-tail; tạo topic hub và internal link về trang dịch vụ,B,50.0,0%,0
du lịch xuyên việt từ hà nội,Tổng hợp Hà Nội,Tổng hợp,In-scope Hà Nội,Informational,50,N/A,N/A,N/A,Planner (Trung bình),data/google_planner/hanoi/Keyword Stats 2026-02-13 at 11_54_58.csv,Viết guide/review; ưu tiên long-tail; tạo topic hub và internal link về trang dịch vụ,B,50.0,0%,0
giá phòng jw marriott hanoi,Tổng hợp Hà Nội,Tổng hợp,In-scope Hà Nội,Transaction,50,N/A,N/A,N/A,Planner (Trung bình),data/google_planner/hanoi/Keyword Stats 2026-02-13 at 11_54_58.csv,"Tạo landing chuyển đổi (giá/vé/đặt chỗ), gom vào cluster page + build backlink nội bộ",B,50.0,0%,0
giá phòng pan pacific hà nội,Tổng hợp Hà Nội,Tổng hợp,In-scope Hà Nội,Transaction,50,N/A,N/A,N/A,Planner (Không xác định),data/google_planner/hanoi/Keyword Stats 2026-02-13 at 11_54_58.csv,"Tạo landing chuyển đổi (giá/vé/đặt chỗ), gom vào cluster page + build backlink nội bộ",B,50.0,-100.0%,0
hà nội có khu du lịch nào,Tổng hợp Hà Nội,Tổng hợp,In-scope Hà Nội,Informational,50,N/A,N/A,N/A,Planner (Thấp),data/google_planner/hanoi/Keyword Stats 2026-02-13 at 11_54_58.csv,Viết guide/review; ưu tiên long-tail; tạo topic hub và internal link về trang dịch vụ,B,50.0,0%,0
hà nội có những khu du lịch nào,Tổng hợp Hà Nội,Tổng hợp,In-scope Hà Nội,Informational,50,N/A,N/A,N/A,Planner (Thấp),data/google_planner/hanoi/Keyword Stats 2026-02-13 at 11_54_58.csv,Viết guide/review; ưu tiên long-tail; tạo topic hub và internal link về trang dịch vụ,B,50.0,0%,0
hà nội tháng 12,Tổng hợp Hà Nội,Tổng hợp,In-scope Hà Nội,Informational,50,N/A,N/A,N/A,Planner (Thấp),data/google_planner/hanoi/Keyword Stats 2026-02-13 at 11_54_58.csv,Viết guide/review; ưu tiên long-tail; tạo topic hub và internal link về trang dịch vụ,B,50.0,0%,0
hà nội tuần châu,Tổng hợp Hà Nội,Tổng hợp,In-scope Hà Nội,Informational,50,N/A,N/A,N/A,Planner (Cao),data/google_planner/hanoi/Keyword Stats 2026-02-13 at 11_54_58.csv,Viết guide/review; ưu tiên long-tail; tạo topic hub và internal link về trang dịch vụ,B,50.0,0%,0
hà nội điểm du lịch,Tổng hợp Hà Nội,Tổng hợp,In-scope Hà Nội,Informational,50,N/A,N/A,N/A,Planner (Thấp),data/google_planner/hanoi/Keyword Stats 2026-02-13 at 11_54_58.csv,Viết guide/review; ưu tiên long-tail; tạo topic hub và internal link về trang dịch vụ,B,50.0,0%,0
hà nội địa điểm du lịch,Tổng hợp Hà Nội,Tổng hợp,In-scope Hà Nội,Informational,50,N/A,N/A,N/A,Planner (Thấp),data/google_planner/hanoi/Keyword Stats 2026-02-13 at 11_54_58.csv,Viết guide/review; ưu tiên long-tail; tạo topic hub và internal link về trang dịch vụ,B,50.0,0%,0
khu du lịch gần hà nội 2 ngày,Tổng hợp Hà Nội,Tổng hợp,In-scope Hà Nội,Informational,50,N/A,N/A,N/A,Planner (Thấp),data/google_planner/hanoi/Keyword Stats 2026-02-13 at 11_54_58.csv,Viết guide/review; ưu tiên long-tail; tạo topic hub và internal link về trang dịch vụ,B,50.0,0%,0
khu du lịch ngoại thành hà nội,Tổng hợp Hà Nội,Tổng hợp,In-scope Hà Nội,Informational,50,N/A,N/A,N/A,Planner (Thấp),data/google_planner/hanoi/Keyword Stats 2026-02-13 at 11_54_58.csv,Viết guide/review; ưu tiên long-tail; tạo topic hub và internal link về trang dịch vụ,B,50.0,0%,0
khu vui chơi ngoại thành hà nội,Tổng hợp Hà Nội,Tổng hợp,In-scope Hà Nội,Informational,50,N/A,N/A,N/A,Planner (Thấp),data/google_planner/hanoi/Keyword Stats 2026-02-13 at 11_54_58.csv,Viết guide/review; ưu tiên long-tail; tạo topic hub và internal link về trang dịch vụ,B,50.0,0%,0
kinh nghiệm du lịch hà nội 2 ngày 1 đêm,Tổng hợp Hà Nội,Tổng hợp,In-scope Hà Nội,Commercial Investigation,50,N/A,N/A,N/A,Planner (Cao),data/google_planner/hanoi/Keyword Stats 2026-02-13 at 11_54_58.csv,Viết bài top-list/so sánh; map vào cluster hub; bổ sung schema + ảnh/UGC,B,50.0,0%,0
kinh nghiệm du lịch hà nội tự túc,Tổng hợp Hà Nội,Tổng hợp,In-scope Hà Nội,Commercial Investigation,50,N/A,N/A,N/A,Planner (Trung bình),data/google_planner/hanoi/Keyword Stats 2026-02-13 at 11_54_58.csv,Viết bài top-list/so sánh; map vào cluster hub; bổ sung schema + ảnh/UGC,B,50.0,0%,0
kinh nghiệm đi hà nội,Tổng hợp Hà Nội,Tổng hợp,In-scope Hà Nội,Commercial Investigation,50,N/A,N/A,N/A,Planner (Thấp),data/google_planner/hanoi/Keyword Stats 2026-02-13 at 11_54_58.csv,Viết bài top-list/so sánh; map vào cluster hub; bổ sung schema + ảnh/UGC,B,50.0,0%,0
ks dát vàng ở hà nội,Tổng hợp Hà Nội,Tổng hợp,In-scope Hà Nội,Transaction,50,N/A,N/A,N/A,Planner (Cao),data/google_planner/hanoi/Keyword Stats 2026-02-13 at 11_54_58.csv,"Tạo landing chuyển đổi (giá/vé/đặt chỗ), gom vào cluster page + build backlink nội bộ",B,50.0,0%,0
ks hilton hanoi opera,Tổng hợp Hà Nội,Tổng hợp,In-scope Hà Nội,Informational,50,N/A,N/A,N/A,Planner (Không xác định),data/google_planner/hanoi/Keyword Stats 2026-02-13 at 11_54_58.csv,Viết guide/review; ưu tiên long-tail; tạo topic hub và internal link về trang dịch vụ,B,50.0,-100.0%,0
lịch trình 1 ngày ở hà nội,Tổng hợp Hà Nội,Tổng hợp,In-scope Hà Nội,Informational,50,N/A,N/A,N/A,Planner (Thấp),data/google_planner/hanoi/Keyword Stats 2026-02-13 at 11_54_58.csv,Viết guide/review; ưu tiên long-tail; tạo topic hub và internal link về trang dịch vụ,B,50.0,-90.0%,0
lịch trình du lịch hà nội 2 ngày 1 đêm,Tổng hợp Hà Nội,Tổng hợp,In-scope Hà Nội,Informational,50,N/A,N/A,N/A,Planner (Thấp),data/google_planner/hanoi/Keyword Stats 2026-02-13 at 11_54_58.csv,Viết guide/review; ưu tiên long-tail; tạo topic hub và internal link về trang dịch vụ,B,50.0,0%,0
lịch trình đi hà nội,Tổng hợp Hà Nội,Tổng hợp,In-scope Hà Nội,Informational,50,N/A,N/A,N/A,Planner (Thấp),data/google_planner/hanoi/Keyword Stats 2026-02-13 at 11_54_58.csv,Viết guide/review; ưu tiên long-tail; tạo topic hub và internal link về trang dịch vụ,B,50.0,0%,0
những khu du lịch ở hà nội,Tổng hợp Hà Nội,Tổng hợp,In-scope Hà Nội,Informational,50,N/A,N/A,N/A,Planner (Thấp),data/google_planner/hanoi/Keyword Stats 2026-02-13 at 11_54_58.csv,Viết guide/review; ưu tiên long-tail; tạo topic hub và internal link về trang dịch vụ,B,50.0,0%,0
những điểm du lịch tại hà nội,Tổng hợp Hà Nội,Tổng hợp,In-scope Hà Nội,Informational,50,N/A,N/A,N/A,Planner (Thấp),data/google_planner/hanoi/Keyword Stats 2026-02-13 at 11_54_58.csv,Viết guide/review; ưu tiên long-tail; tạo topic hub và internal link về trang dịch vụ,B,50.0,0%,0
những địa điểm du lịch tại hà nội,Tổng hợp Hà Nội,Tổng hợp,In-scope Hà Nội,Informational,50,N/A,N/A,N/A,Planner (Thấp),data/google_planner/hanoi/Keyword Stats 2026-02-13 at 11_54_58.csv,Viết guide/review; ưu tiên long-tail; tạo topic hub và internal link về trang dịch vụ,B,50.0,0%,0
trang trại nghỉ dưỡng gần hà nội,Tổng hợp Hà Nội,Tổng hợp,In-scope Hà Nội,Informational,50,N/A,N/A,N/A,Planner (Trung bình),data/google_planner/hanoi/Keyword Stats 2026-02-13 at 11_54_58.csv,Viết guide/review; ưu tiên long-tail; tạo topic hub và internal link về trang dịch vụ,B,50.0,0%,0
tổng cục du lịch hà nội,Tổng hợp Hà Nội,Tổng hợp,In-scope Hà Nội,Informational,50,N/A,N/A,N/A,Planner (Thấp),data/google_planner/hanoi/Keyword Stats 2026-02-13 at 11_54_58.csv,Viết guide/review; ưu tiên long-tail; tạo topic hub và internal link về trang dịch vụ,B,50.0,0%,0
vitm hanoi 2022,Tổng hợp Hà Nội,Tổng hợp,In-scope Hà Nội,Informational,50,N/A,N/A,N/A,Planner (Thấp),data/google_planner/hanoi/Keyword Stats 2026-02-13 at 11_54_58.csv,Viết guide/review; ưu tiên long-tail; tạo topic hub và internal link về trang dịch vụ,B,50.0,0%,0
văn phòng agoda tại hà nội,Tổng hợp Hà Nội,Tổng hợp,In-scope Hà Nội,Informational,50,N/A,N/A,N/A,Planner (Thấp),data/google_planner/hanoi/Keyword Stats 2026-02-13 at 11_54_58.csv,Viết guide/review; ưu tiên long-tail; tạo topic hub và internal link về trang dịch vụ,B,50.0,0%,0
đi chơi ngoại thành hà nội,Tổng hợp Hà Nội,Tổng hợp,In-scope Hà Nội,Informational,50,N/A,N/A,N/A,Planner (Thấp),data/google_planner/hanoi/Keyword Stats 2026-02-13 at 11_54_58.csv,Viết guide/review; ưu tiên long-tail; tạo topic hub và internal link về trang dịch vụ,B,50.0,0%,0
đi chơi quanh hà nội trong 1 ngày,Tổng hợp Hà Nội,Tổng hợp,In-scope Hà Nội,Informational,50,N/A,N/A,N/A,Planner (Thấp),data/google_planner/hanoi/Keyword Stats 2026-02-13 at 11_54_58.csv,Viết guide/review; ưu tiên long-tail; tạo topic hub và internal link về trang dịch vụ,B,50.0,0%,0
đi chơi quanh hà nội trong 2 ngày,Tổng hợp Hà Nội,Tổng hợp,In-scope Hà Nội,Informational,50,N/A,N/A,N/A,Planner (Trung bình),data/google_planner/hanoi/Keyword Stats 2026-02-13 at 11_54_58.csv,Viết guide/review; ưu tiên long-tail; tạo topic hub và internal link về trang dịch vụ,B,50.0,0%,0
đi du lịch 2 ngày 1 đêm gần hà nội,Tổng hợp Hà Nội,Tổng hợp,In-scope Hà Nội,Informational,50,N/A,N/A,N/A,Planner (Trung bình),data/google_planner/hanoi/Keyword Stats 2026-02-13 at 11_54_58.csv,Viết guide/review; ưu tiên long-tail; tạo topic hub và internal link về trang dịch vụ,B,50.0,0%,0
điểm du lịch hà nội 1 ngày,Tổng hợp Hà Nội,Tổng hợp,In-scope Hà Nội,Informational,50,N/A,N/A,N/A,Planner (Thấp),data/google_planner/hanoi/Keyword Stats 2026-02-13 at 11_54_58.csv,Viết guide/review; ưu tiên long-tail; tạo topic hub và internal link về trang dịch vụ,B,50.0,0%,0
điểm du lịch ngoại thành hà nội,Tổng hợp Hà Nội,Tổng hợp,In-scope Hà Nội,Informational,50,N/A,N/A,N/A,Planner (Thấp),data/google_planner/hanoi/Keyword Stats 2026-02-13 at 11_54_58.csv,Viết guide/review; ưu tiên long-tail; tạo topic hub và internal link về trang dịch vụ,B,50.0,0%,0
địa điểm chơi ngoại thành hà nội,Tổng hợp Hà Nội,Tổng hợp,In-scope Hà Nội,Informational,50,N/A,N/A,N/A,Planner (Thấp),data/google_planner/hanoi/Keyword Stats 2026-02-13 at 11_54_58.csv,Viết guide/review; ưu tiên long-tail; tạo topic hub và internal link về trang dịch vụ,B,50.0,0%,0
địa điểm du lịch 30 4 gần hà nội,Tổng hợp Hà Nội,Tổng hợp,In-scope Hà Nội,Informational,50,N/A,N/A,N/A,Planner (Không xác định),data/google_planner/hanoi/Keyword Stats 2026-02-13 at 11_54_58.csv,Viết guide/review; ưu tiên long-tail; tạo topic hub và internal link về trang dịch vụ,B,50.0,-100.0%,0
địa điểm du lịch gần hà nội trong 1 ngày,Tổng hợp Hà Nội,Tổng hợp,In-scope Hà Nội,Informational,50,N/A,N/A,N/A,Planner (Thấp),data/google_planner/hanoi/Keyword Stats 2026-02-13 at 11_54_58.csv,Viết guide/review; ưu tiên long-tail; tạo topic hub và internal link về trang dịch vụ,B,50.0,0%,0
địa điểm du lịch gần hà nội trong 2 ngày,Tổng hợp Hà Nội,Tổng hợp,In-scope Hà Nội,Informational,50,N/A,N/A,N/A,Planner (Thấp),data/google_planner/hanoi/Keyword Stats 2026-02-13 at 11_54_58.csv,Viết guide/review; ưu tiên long-tail; tạo topic hub và internal link về trang dịch vụ,B,50.0,0%,0
địa điểm du lịch quanh hà nội 2 ngày,Tổng hợp Hà Nội,Tổng hợp,In-scope Hà Nội,Informational,50,N/A,N/A,N/A,Planner (Thấp),data/google_planner/hanoi/Keyword Stats 2026-02-13 at 11_54_58.csv,Viết guide/review; ưu tiên long-tail; tạo topic hub và internal link về trang dịch vụ,B,50.0,0%,0
địa điểm du lịch đẹp ở hà nội,Tổng hợp Hà Nội,Tổng hợp,In-scope Hà Nội,Informational,50,N/A,N/A,N/A,Planner (Thấp),data/google_planner/hanoi/Keyword Stats 2026-02-13 at 11_54_58.csv,Viết guide/review; ưu tiên long-tail; tạo topic hub và internal link về trang dịch vụ,B,50.0,0%,0
địa điểm du xuân 2022 hà nội,Tổng hợp Hà Nội,Tổng hợp,In-scope Hà Nội,Informational,50,N/A,N/A,N/A,Planner (Không xác định),data/google_planner/hanoi/Keyword Stats 2026-02-13 at 11_54_58.csv,Viết guide/review; ưu tiên long-tail; tạo topic hub và internal link về trang dịch vụ,B,50.0,0%,0
địa điểm vui chơi ngoại thành hà nội,Tổng hợp Hà Nội,Tổng hợp,In-scope Hà Nội,Informational,50,N/A,N/A,N/A,Planner (Thấp),data/google_planner/hanoi/Keyword Stats 2026-02-13 at 11_54_58.csv,Viết guide/review; ưu tiên long-tail; tạo topic hub và internal link về trang dịch vụ,B,50.0,0%,0
địa điểm đi chơi 1 ngày gần hà nội,Tổng hợp Hà Nội,Tổng hợp,In-scope Hà Nội,Informational,50,N/A,N/A,N/A,Planner (Thấp),data/google_planner/hanoi/Keyword Stats 2026-02-13 at 11_54_58.csv,Viết guide/review; ưu tiên long-tail; tạo topic hub và internal link về trang dịch vụ,B,50.0,0%,0
địa điểm đi chơi ngoại thành hà nội,Tổng hợp Hà Nội,Tổng hợp,In-scope Hà Nội,Informational,50,N/A,N/A,N/A,Planner (Thấp),data/google_planner/hanoi/Keyword Stats 2026-02-13 at 11_54_58.csv,Viết guide/review; ưu tiên long-tail; tạo topic hub và internal link về trang dịch vụ,B,50.0,0%,0
địa điểm đi du lịch gần hà nội,Tổng hợp Hà Nội,Tổng hợp,In-scope Hà Nội,Informational,50,N/A,N/A,N/A,Planner (Thấp),data/google_planner/hanoi/Keyword Stats 2026-02-13 at 11_54_58.csv,Viết guide/review; ưu tiên long-tail; tạo topic hub và internal link về trang dịch vụ,B,50.0,0%,0
cao đẳng du lịch hà nội,Tổng hợp Hà Nội,Tổng hợp,In-scope Hà Nội,Informational,N/A,N/A,N/A,N/A,Trend SI:3 50%,data/google_trend/searched_with_rising-queries_VN_20250210-1752_20260210-1752.csv,Viết guide/review; ưu tiên long-tail; tạo topic hub và internal link về trang dịch vụ,B,3.0,50%,N/A
cao đẳng thương mại và du lịch hà nội,Tổng hợp Hà Nội,Tổng hợp,In-scope Hà Nội,Informational,N/A,N/A,N/A,N/A,Trend SI:1 30%,data/google_trend/searched_with_rising-queries_VN_20250210-1752_20260210-1752.csv,Viết guide/review; ưu tiên long-tail; tạo topic hub và internal link về trang dịch vụ,B,1.0,30%,N/A
sở du lịch hà nội,Tổng hợp Hà Nội,Tổng hợp,In-scope Hà Nội,Informational,N/A,N/A,N/A,N/A,Trend SI:1 20%,data/google_trend/searched_with_rising-queries_VN_20250210-1752_20260210-1752.csv,Viết guide/review; ưu tiên long-tail; tạo topic hub và internal link về trang dịch vụ,B,1.0,20%,N/A
thông tin về văn miếu quốc tử giám,Văn Miếu - Quốc Tử Giám,Địa danh tham quan / Văn hóa - Lịch sử,In-scope Hà Nội,Commercial Investigation,N/A,482,10,2.07%,N/A (N/A),data/google_search_console/Queries.csv,"Refresh bài top-list, thêm bảng so sánh + schema FAQ/Review; tối ưu title để tăng CTR",A,10.0,N/A,N/A
văn miếu,Văn Miếu - Quốc Tử Giám,Địa danh tham quan / Văn hóa - Lịch sử,In-scope Hà Nội,Informational,18100,N/A,N/A,N/A,Low (13),data/seo_insider/advance_search_report.csv,Viết guide/review; ưu tiên long-tail; tạo topic hub và internal link về trang dịch vụ,B,15747.0,N/A,N/A
tour hà nội vũng tàu 3 ngày 2 đêm,Vũng Tàu Trip,Di chuyển,Out-of-scope Vũng Tàu,Transaction,50,N/A,N/A,N/A,Planner (Không xác định),data/google_planner/hanoi/Keyword Stats 2026-02-13 at 11_54_58.csv,"Tạo landing chuyển đổi (giá/vé/đặt chỗ), gom vào cluster page + build backlink nội bộ",B,50.0,-100.0%,0
tour hà nội vũng tàu 4 ngày 3 đêm,Vũng Tàu Trip,Di chuyển,Out-of-scope Vũng Tàu,Transaction,50,N/A,N/A,N/A,Planner (Thấp),data/google_planner/hanoi/Keyword Stats 2026-02-13 at 11_54_58.csv,"Tạo landing chuyển đổi (giá/vé/đặt chỗ), gom vào cluster page + build backlink nội bộ",B,50.0,0%,0
bảo tàng dân tộc học việt nam,Điểm tham quan Hà Nội,Địa danh tham quan / Văn hóa - Lịch sử,In-scope Hà Nội,Informational,N/A,36615,18,0.05%,N/A (N/A),data/google_search_console/Queries.csv,"Cập nhật nội dung theo intent, bổ sung FAQ + schema, tối ưu title/meta để đẩy Top 1-3",A,18.0,N/A,N/A
nhà hát lớn hà nội,Điểm tham quan Hà Nội,Địa danh tham quan / Văn hóa - Lịch sử,In-scope Hà Nội,Informational,90500,N/A,N/A,N/A,Low (4),data/seo_insider/advance_search_report.csv,Viết guide/review; ưu tiên long-tail; tạo topic hub và internal link về trang dịch vụ,B,86880.0,N/A,N/A
dolce by wyndham hanoi golden lake,Điểm tham quan Hà Nội,Địa danh tham quan / Văn hóa - Lịch sử,In-scope Hà Nội,Commercial Investigation,18100,N/A,N/A,N/A,Low (18),data/seo_insider/advance_search_report.csv,Viết bài top-list/so sánh; map vào cluster hub; bổ sung schema + ảnh/UGC,B,14842.000000000002,N/A,N/A
bảo tàng dân tộc học,Điểm tham quan Hà Nội,Địa danh tham quan / Văn hóa - Lịch sử,In-scope Hà Nội,Informational,12100,N/A,N/A,N/A,Low (2),data/seo_insider/advance_search_report.csv,Viết guide/review; ưu tiên long-tail; tạo topic hub và internal link về trang dịch vụ,B,11858.0,N/A,N/A
chùa hương hà nội,Điểm tham quan Hà Nội,Địa danh tham quan / Văn hóa - Lịch sử,In-scope Hà Nội,Informational,5000,N/A,N/A,N/A,Planner (Thấp),data/google_planner/hanoi/Keyword Stats 2026-02-13 at 11_54_58.csv,Viết guide/review; ưu tiên long-tail; tạo topic hub và internal link về trang dịch vụ,B,5500.0,0%,"3,204"
hilton garden inn hà nội,Điểm tham quan Hà Nội,Địa danh tham quan / Văn hóa - Lịch sử,In-scope Hà Nội,Informational,5000,N/A,N/A,N/A,Planner (Thấp),data/google_planner/hanoi/Keyword Stats 2026-02-13 at 11_54_58.csv,Viết guide/review; ưu tiên long-tail; tạo topic hub và internal link về trang dịch vụ,B,5500.0,0%,"18,176"
fraser residence hà nội,Điểm tham quan Hà Nội,Địa danh tham quan / Văn hóa - Lịch sử,In-scope Hà Nội,Commercial Investigation,5400,N/A,N/A,N/A,Low (0),data/seo_insider/advance_search_report.csv,Viết bài top-list/so sánh; map vào cluster hub; bổ sung schema + ảnh/UGC,B,5400.0,N/A,N/A
hanoi golden lake,Điểm tham quan Hà Nội,Địa danh tham quan / Văn hóa - Lịch sử,In-scope Hà Nội,Informational,500,N/A,N/A,N/A,Planner (Trung bình),data/google_planner/hanoi/Keyword Stats 2026-02-13 at 11_54_58.csv,Viết guide/review; ưu tiên long-tail; tạo topic hub và internal link về trang dịch vụ,B,550.0,0%,"8,891"
wyndham garden hà nội,Điểm tham quan Hà Nội,Địa danh tham quan / Văn hóa - Lịch sử,In-scope Hà Nội,Informational,500,N/A,N/A,N/A,Planner (Trung bình),data/google_planner/hanoi/Keyword Stats 2026-02-13 at 11_54_58.csv,Viết guide/review; ưu tiên long-tail; tạo topic hub và internal link về trang dịch vụ,B,550.0,0%,"7,530"
dolce hà nội golden lake,Điểm tham quan Hà Nội,Địa danh tham quan / Văn hóa - Lịch sử,In-scope Hà Nội,Informational,50,N/A,N/A,N/A,Planner (Trung bình),data/google_planner/hanoi/Keyword Stats 2026-02-13 at 11_54_58.csv,Viết guide/review; ưu tiên long-tail; tạo topic hub và internal link về trang dịch vụ,B,55.00000000000001,0%,"18,352"
golden lake hanoi,Điểm tham quan Hà Nội,Địa danh tham quan / Văn hóa - Lịch sử,In-scope Hà Nội,Informational,50,N/A,N/A,N/A,Planner (Trung bình),data/google_planner/hanoi/Keyword Stats 2026-02-13 at 11_54_58.csv,Viết guide/review; ưu tiên long-tail; tạo topic hub và internal link về trang dịch vụ,B,55.00000000000001,0%,"31,298"
golden lake hà nội,Điểm tham quan Hà Nội,Địa danh tham quan / Văn hóa - Lịch sử,In-scope Hà Nội,Informational,50,N/A,N/A,N/A,Planner (Cao),data/google_planner/hanoi/Keyword Stats 2026-02-13 at 11_54_58.csv,Viết guide/review; ưu tiên long-tail; tạo topic hub và internal link về trang dịch vụ,B,55.00000000000001,0%,"11,283"
hà nội golden lake,Điểm tham quan Hà Nội,Địa danh tham quan / Văn hóa - Lịch sử,In-scope Hà Nội,Informational,50,N/A,N/A,N/A,Planner (Trung bình),data/google_planner/hanoi/Keyword Stats 2026-02-13 at 11_54_58.csv,Viết guide/review; ưu tiên long-tail; tạo topic hub và internal link về trang dịch vụ,B,55.00000000000001,-90.0%,"10,386"
ks dolce by wyndham hanoi golden lake,Điểm tham quan Hà Nội,Địa danh tham quan / Văn hóa - Lịch sử,In-scope Hà Nội,Informational,50,N/A,N/A,N/A,Planner (Cao),data/google_planner/hanoi/Keyword Stats 2026-02-13 at 11_54_58.csv,Viết guide/review; ưu tiên long-tail; tạo topic hub và internal link về trang dịch vụ,B,55.00000000000001,0%,"13,845"
wyndham golden lake hanoi,Điểm tham quan Hà Nội,Địa danh tham quan / Văn hóa - Lịch sử,In-scope Hà Nội,Informational,50,N/A,N/A,N/A,Planner (Trung bình),data/google_planner/hanoi/Keyword Stats 2026-02-13 at 11_54_58.csv,Viết guide/review; ưu tiên long-tail; tạo topic hub và internal link về trang dịch vụ,B,55.00000000000001,0%,"12,615"
dolce golden lake hà nội,Điểm tham quan Hà Nội,Địa danh tham quan / Văn hóa - Lịch sử,In-scope Hà Nội,Informational,50,N/A,N/A,N/A,Planner (Không xác định),data/google_planner/hanoi/Keyword Stats 2026-02-13 at 11_54_58.csv,Viết guide/review; ưu tiên long-tail; tạo topic hub và internal link về trang dịch vụ,B,50.0,0%,0
đi chùa ba vàng từ hà nội,Điểm tham quan Hà Nội,Địa danh tham quan / Văn hóa - Lịch sử,In-scope Hà Nội,Informational,50,N/A,N/A,N/A,Planner (Thấp),data/google_planner/hanoi/Keyword Stats 2026-02-13 at 11_54_58.csv,Viết guide/review; ưu tiên long-tail; tạo topic hub và internal link về trang dịch vụ,B,50.0,0%,0
đi chùa hương từ hà nội,Điểm tham quan Hà Nội,Địa danh tham quan / Văn hóa - Lịch sử,In-scope Hà Nội,Informational,50,N/A,N/A,N/A,Planner (Thấp),data/google_planner/hanoi/Keyword Stats 2026-02-13 at 11_54_58.csv,Viết guide/review; ưu tiên long-tail; tạo topic hub và internal link về trang dịch vụ,B,50.0,0%,0
đi chùa tam chúc từ hà nội,Điểm tham quan Hà Nội,Địa danh tham quan / Văn hóa - Lịch sử,In-scope Hà Nội,Informational,50,N/A,N/A,N/A,Planner (Thấp),data/google_planner/hanoi/Keyword Stats 2026-02-13 at 11_54_58.csv,Viết guide/review; ưu tiên long-tail; tạo topic hub và internal link về trang dịch vụ,B,50.0,0%,0
đường đi chùa tam chúc từ hà nội,Điểm tham quan Hà Nội,Địa danh tham quan / Văn hóa - Lịch sử,In-scope Hà Nội,Informational,50,N/A,N/A,N/A,Planner (Không xác định),data/google_planner/hanoi/Keyword Stats 2026-02-13 at 11_54_58.csv,Viết guide/review; ưu tiên long-tail; tạo topic hub và internal link về trang dịch vụ,B,50.0,-100.0%,0
du lịch đà lạt từ hà nội,Đà Lạt Trip,Tổng hợp,Out-of-scope Đà Lạt,Informational,50,N/A,N/A,N/A,Planner (Trung bình),data/google_planner/hanoi/Keyword Stats 2026-02-13 at 11_54_58.csv,Viết guide/review; ưu tiên long-tail; tạo topic hub và internal link về trang dịch vụ,B,55.00000000000001,0%,"3,293"
tour du lịch đà lạt từ hà nội,Đà Lạt Trip,Di chuyển,Out-of-scope Đà Lạt,Commercial Investigation,50,N/A,N/A,N/A,Planner (Trung bình),data/google_planner/hanoi/Keyword Stats 2026-02-13 at 11_54_58.csv,Viết bài top-list/so sánh; map vào cluster hub; bổ sung schema + ảnh/UGC,B,55.00000000000001,0%,"3,848"
tour đà lạt 3 ngày 2 đêm từ hà nội,Đà Lạt Trip,Di chuyển,Out-of-scope Đà Lạt,Transaction,50,N/A,N/A,N/A,Planner (Trung bình),data/google_planner/hanoi/Keyword Stats 2026-02-13 at 11_54_58.csv,"Tạo landing chuyển đổi (giá/vé/đặt chỗ), gom vào cluster page + build backlink nội bộ",B,55.00000000000001,0%,"3,988"
tour đà lạt 4 ngày 3 đêm từ hà nội,Đà Lạt Trip,Di chuyển,Out-of-scope Đà Lạt,Transaction,50,N/A,N/A,N/A,Planner (Thấp),data/google_planner/hanoi/Keyword Stats 2026-02-13 at 11_54_58.csv,"Tạo landing chuyển đổi (giá/vé/đặt chỗ), gom vào cluster page + build backlink nội bộ",B,55.00000000000001,0%,"5,195"
tour đà lạt từ hà nội,Đà Lạt Trip,Di chuyển,Out-of-scope Đà Lạt,Commercial Investigation,50,N/A,N/A,N/A,Planner (Thấp),data/google_planner/hanoi/Keyword Stats 2026-02-13 at 11_54_58.csv,Viết bài top-list/so sánh; map vào cluster hub; bổ sung schema + ảnh/UGC,B,55.00000000000001,0%,"6,591"
tour đà nẵng 3 ngày 2 đêm từ hà nội,Đà Nẵng Trip,Di chuyển,Out-of-scope Đà Nẵng,Transaction,500,N/A,N/A,N/A,Planner (Trung bình),data/google_planner/hanoi/Keyword Stats 2026-02-13 at 11_54_58.csv,"Tạo landing chuyển đổi (giá/vé/đặt chỗ), gom vào cluster page + build backlink nội bộ",B,550.0,0%,"6,932"
tour đà nẵng 4 ngày 3 đêm từ hà nội,Đà Nẵng Trip,Di chuyển,Out-of-scope Đà Nẵng,Transaction,50,N/A,N/A,N/A,Planner (Cao),data/google_planner/hanoi/Keyword Stats 2026-02-13 at 11_54_58.csv,"Tạo landing chuyển đổi (giá/vé/đặt chỗ), gom vào cluster page + build backlink nội bộ",B,55.00000000000001,0%,"5,723"
du lịch hà nội đà nẵng 3 ngày 2 đêm,Đà Nẵng Trip,Tổng hợp,Out-of-scope Đà Nẵng,Informational,50,N/A,N/A,N/A,Planner (Trung bình),data/google_planner/hanoi/Keyword Stats 2026-02-13 at 11_54_58.csv,Viết guide/review; ưu tiên long-tail; tạo topic hub và internal link về trang dịch vụ,B,55.00000000000001,0%,"5,457"
du lịch hà nội đà nẵng 4 ngày 3 đêm,Đà Nẵng Trip,Tổng hợp,Out-of-scope Đà Nẵng,Informational,50,N/A,N/A,N/A,Planner (Trung bình),data/google_planner/hanoi/Keyword Stats 2026-02-13 at 11_54_58.csv,Viết guide/review; ưu tiên long-tail; tạo topic hub và internal link về trang dịch vụ,B,55.00000000000001,0%,"5,961"
tour du lịch đà nẵng từ hà nội,Đà Nẵng Trip,Di chuyển,Out-of-scope Đà Nẵng,Commercial Investigation,50,N/A,N/A,N/A,Planner (Trung bình),data/google_planner/hanoi/Keyword Stats 2026-02-13 at 11_54_58.csv,Viết bài top-list/so sánh; map vào cluster hub; bổ sung schema + ảnh/UGC,B,55.00000000000001,0%,"6,411"
tour đà nẵng hà nội,Đà Nẵng Trip,Di chuyển,Out-of-scope Đà Nẵng,Commercial Investigation,50,N/A,N/A,N/A,Planner (Thấp),data/google_planner/hanoi/Keyword Stats 2026-02-13 at 11_54_58.csv,Viết bài top-list/so sánh; map vào cluster hub; bổ sung schema + ảnh/UGC,B,55.00000000000001,0%,"3,545"
tour đà nẵng từ hà nội,Đà Nẵng Trip,Di chuyển,Out-of-scope Đà Nẵng,Commercial Investigation,50,N/A,N/A,N/A,Planner (Trung bình),data/google_planner/hanoi/Keyword Stats 2026-02-13 at 11_54_58.csv,Viết bài top-list/so sánh; map vào cluster hub; bổ sung schema + ảnh/UGC,B,55.00000000000001,0%,"9,627"
du lịch đà nẵng từ hà nội,Đà Nẵng Trip,Tổng hợp,Out-of-scope Đà Nẵng,Informational,50,N/A,N/A,N/A,Planner (Thấp),data/google_planner/hanoi/Keyword Stats 2026-02-13 at 11_54_58.csv,Viết guide/review; ưu tiên long-tail; tạo topic hub và internal link về trang dịch vụ,B,50.0,0%,0
hà nội đà nẵng 3 ngày 2 đêm,Đà Nẵng Trip,Tổng hợp,Out-of-scope Đà Nẵng,Informational,50,N/A,N/A,N/A,Planner (Trung bình),data/google_planner/hanoi/Keyword Stats 2026-02-13 at 11_54_58.csv,Viết guide/review; ưu tiên long-tail; tạo topic hub và internal link về trang dịch vụ,B,50.0,0%,0
vé máy bay hà nội đà nẵng,Đà Nẵng Trip,Di chuyển,Out-of-scope Đà Nẵng,Transaction,N/A,N/A,N/A,N/A,Trend SI:8 20%,data/google_trend/searched_with_top-queries_VN_20250210-1749_20260210-1749.csv,"Tạo landing chuyển đổi (giá/vé/đặt chỗ), gom vào cluster page + build backlink nội bộ",B,8.0,20%,N/A
vé máy bay đà nẵng hà nội,Đà Nẵng Trip,Di chuyển,Out-of-scope Đà Nẵng,Transaction,N/A,N/A,N/A,N/A,Trend SI:8 10%,data/google_trend/searched_with_top-queries_VN_20250210-1749_20260210-1749.csv,"Tạo landing chuyển đổi (giá/vé/đặt chỗ), gom vào cluster page + build backlink nội bộ",B,8.0,10%,N/A
hà nội đồng văn,Đồng Văn Trip,Tổng hợp,Out-of-scope Đồng Văn,Informational,50,N/A,N/A,N/A,Planner (Thấp),data/google_planner/hanoi/Keyword Stats 2026-02-13 at 11_54_58.csv,Viết guide/review; ưu tiên long-tail; tạo topic hub và internal link về trang dịch vụ,B,55.00000000000001,0%,"3,764"
