keyword,cluster,cluster_type,geo_scope,intent,vol,imp,clicks,ctr,kd_comp,source,action_plan,group,score,yoy,bid_high
tour hồ chí minh miền tây,Bến xe Hồ Chí Minh,Di chuyển,In-scope Hồ Chí Minh,Commercial Investigation,50,N/A,N/A,N/A,Planner (Cao),data/google_planner/ho-chi-minh/Keyword Stats 2026-02-23 at 09_48_18.csv,Viết bài top-list/so sánh; map vào cluster hub; bổ sung schema + ảnh/UGC,B,55.00000000000001,0%,"18,490"
tour du lịch miền tây từ hồ chí minh,Bến xe Hồ Chí Minh,Di chuyển,In-scope Hồ Chí Minh,Commercial Investigation,50,N/A,N/A,N/A,Planner (Cao),data/google_planner/ho-chi-minh/Keyword Stats 2026-02-23 at 09_48_18.csv,Viết bài top-list/so sánh; map vào cluster hub; bổ sung schema + ảnh/UGC,B,55.00000000000001,0%,"33,961"
tour miền tây 1 ngày từ hồ chí minh,Bến xe Hồ Chí Minh,Di chuyển,In-scope Hồ Chí Minh,Transaction,50,N/A,N/A,N/A,Planner (Cao),data/google_planner/ho-chi-minh/Keyword Stats 2026-02-23 at 09_48_18.csv,"Tạo landing chuyển đổi (giá/vé/đặt chỗ), gom vào cluster page + build backlink nội bộ",B,55.00000000000001,0%,"34,367"
tour miền tây từ hồ chí minh,Bến xe Hồ Chí Minh,Di chuyển,In-scope Hồ Chí Minh,Commercial Investigation,50,N/A,N/A,N/A,Planner (Cao),data/google_planner/ho-chi-minh/Keyword Stats 2026-02-23 at 09_48_18.csv,Viết bài top-list/so sánh; map vào cluster hub; bổ sung schema + ảnh/UGC,B,55.00000000000001,0%,"24,289"
silverland ben thanh,Chợ Bến Thành,Địa danh tham quan / Văn hóa - Lịch sử,In-scope Hồ Chí Minh,Commercial Investigation,12100,N/A,N/A,N/A,Low (0),data/seo_insider/advance_search_report.csv,Viết bài top-list/so sánh; map vào cluster hub; bổ sung schema + ảnh/UGC,B,12100.0,N/A,N/A
cho ben thanh vietnam,Chợ Bến Thành,Địa danh tham quan / Văn hóa - Lịch sử,In-scope Hồ Chí Minh,Informational,5400,N/A,N/A,N/A,Low (14),data/seo_insider/advance_search_report.csv,Viết guide/review; ưu tiên long-tail; tạo topic hub và internal link về trang dịch vụ,B,4644.0,N/A,N/A
19c bùi thị xuân phường bến thành quận 1,Chợ Bến Thành,Địa danh tham quan / Văn hóa - Lịch sử,In-scope Hồ Chí Minh,Informational,50,N/A,N/A,N/A,Planner (Trung bình),data/google_planner/ho-chi-minh/Keyword Stats 2026-02-23 at 09_48_18.csv,Viết guide/review; ưu tiên long-tail; tạo topic hub và internal link về trang dịch vụ,B,55.00000000000001,0%,"9,830"
19c bùi thị xuân phường bến thành q1,Chợ Bến Thành,Địa danh tham quan / Văn hóa - Lịch sử,In-scope Hồ Chí Minh,Informational,50,N/A,N/A,N/A,Planner (Thấp),data/google_planner/ho-chi-minh/Keyword Stats 2026-02-23 at 09_48_18.csv,Viết guide/review; ưu tiên long-tail; tạo topic hub và internal link về trang dịch vụ,B,50.0,0%,0
chợ lớn quận 6,Chợ Lớn,Địa danh tham quan / Văn hóa - Lịch sử,In-scope Hồ Chí Minh,Informational,N/A,1915,11,0.57%,N/A (N/A),data/google_search_console/Queries.csv,"Cập nhật nội dung theo intent, bổ sung FAQ + schema, tối ưu title/meta để đẩy Top 1-3",A,11.0,N/A,N/A
tour đi cà mau từ hồ chí minh,Cà Mau Trip,Di chuyển,Out-of-scope Cà Mau,Commercial Investigation,50,N/A,N/A,N/A,Planner (Cao),data/google_planner/ho-chi-minh/Keyword Stats 2026-02-23 at 09_48_18.csv,Viết bài top-list/so sánh; map vào cluster hub; bổ sung schema + ảnh/UGC,B,55.00000000000001,0%,"23,323"
tân thái dương motel cần giờ,Cần Giờ,Địa danh tham quan / Văn hóa - Lịch sử,In-scope Hồ Chí Minh,Informational,50,N/A,N/A,N/A,Planner (Thấp),data/google_planner/ho-chi-minh/Keyword Stats 2026-02-23 at 09_48_18.csv,Viết guide/review; ưu tiên long-tail; tạo topic hub và internal link về trang dịch vụ,B,55.00000000000001,0%,"4,675"
các điểm du lịch tại cần giờ,Cần Giờ,Địa danh tham quan / Văn hóa - Lịch sử,In-scope Hồ Chí Minh,Informational,50,N/A,N/A,N/A,Planner (Thấp),data/google_planner/ho-chi-minh/Keyword Stats 2026-02-23 at 09_48_18.csv,Viết guide/review; ưu tiên long-tail; tạo topic hub và internal link về trang dịch vụ,B,50.0,0%,0
các điểm du lịch ở cần giờ,Cần Giờ,Địa danh tham quan / Văn hóa - Lịch sử,In-scope Hồ Chí Minh,Informational,50,N/A,N/A,N/A,Planner (Thấp),data/google_planner/ho-chi-minh/Keyword Stats 2026-02-23 at 09_48_18.csv,Viết guide/review; ưu tiên long-tail; tạo topic hub và internal link về trang dịch vụ,B,50.0,0%,0
di cần giờ,Cần Giờ,Địa danh tham quan / Văn hóa - Lịch sử,In-scope Hồ Chí Minh,Informational,50,N/A,N/A,N/A,Planner (Thấp),data/google_planner/ho-chi-minh/Keyword Stats 2026-02-23 at 09_48_18.csv,Viết guide/review; ưu tiên long-tail; tạo topic hub và internal link về trang dịch vụ,B,50.0,0%,0
du lịch huyện cần giờ,Cần Giờ,Địa danh tham quan / Văn hóa - Lịch sử,In-scope Hồ Chí Minh,Informational,50,N/A,N/A,N/A,Planner (Trung bình),data/google_planner/ho-chi-minh/Keyword Stats 2026-02-23 at 09_48_18.csv,Viết guide/review; ưu tiên long-tail; tạo topic hub và internal link về trang dịch vụ,B,50.0,0%,0
hcm đi cần giờ,Cần Giờ,Địa danh tham quan / Văn hóa - Lịch sử,In-scope Hồ Chí Minh,Informational,50,N/A,N/A,N/A,Planner (Thấp),data/google_planner/ho-chi-minh/Keyword Stats 2026-02-23 at 09_48_18.csv,Viết guide/review; ưu tiên long-tail; tạo topic hub và internal link về trang dịch vụ,B,50.0,0%,0
khu du lich can gio tp ho chi minh,Cần Giờ,Địa danh tham quan / Văn hóa - Lịch sử,In-scope Hồ Chí Minh,Informational,50,N/A,N/A,N/A,Planner (Thấp),data/google_planner/ho-chi-minh/Keyword Stats 2026-02-23 at 09_48_18.csv,Viết guide/review; ưu tiên long-tail; tạo topic hub và internal link về trang dịch vụ,B,50.0,0%,0
khu du lịch cần giờ thành phố hồ chí minh,Cần Giờ,Địa danh tham quan / Văn hóa - Lịch sử,In-scope Hồ Chí Minh,Informational,50,N/A,N/A,N/A,Planner (Thấp),data/google_planner/ho-chi-minh/Keyword Stats 2026-02-23 at 09_48_18.csv,Viết guide/review; ưu tiên long-tail; tạo topic hub và internal link về trang dịch vụ,B,50.0,0%,0
khu du lịch huyện cần giờ,Cần Giờ,Địa danh tham quan / Văn hóa - Lịch sử,In-scope Hồ Chí Minh,Informational,50,N/A,N/A,N/A,Planner (Thấp),data/google_planner/ho-chi-minh/Keyword Stats 2026-02-23 at 09_48_18.csv,Viết guide/review; ưu tiên long-tail; tạo topic hub và internal link về trang dịch vụ,B,50.0,0%,0
motel tân thái dương cần giờ,Cần Giờ,Địa danh tham quan / Văn hóa - Lịch sử,In-scope Hồ Chí Minh,Informational,50,N/A,N/A,N/A,Planner (Thấp),data/google_planner/ho-chi-minh/Keyword Stats 2026-02-23 at 09_48_18.csv,Viết guide/review; ưu tiên long-tail; tạo topic hub và internal link về trang dịch vụ,B,50.0,0%,0
tphcm đi cần giờ,Cần Giờ,Địa danh tham quan / Văn hóa - Lịch sử,In-scope Hồ Chí Minh,Informational,50,N/A,N/A,N/A,Planner (Thấp),data/google_planner/ho-chi-minh/Keyword Stats 2026-02-23 at 09_48_18.csv,Viết guide/review; ưu tiên long-tail; tạo topic hub và internal link về trang dịch vụ,B,50.0,0%,0
tân thái dương cần giờ,Cần Giờ,Địa danh tham quan / Văn hóa - Lịch sử,In-scope Hồ Chí Minh,Informational,50,N/A,N/A,N/A,Planner (Thấp),data/google_planner/ho-chi-minh/Keyword Stats 2026-02-23 at 09_48_18.csv,Viết guide/review; ưu tiên long-tail; tạo topic hub và internal link về trang dịch vụ,B,50.0,0%,0
từ sài gòn đi cần giờ,Cần Giờ,Địa danh tham quan / Văn hóa - Lịch sử,In-scope Hồ Chí Minh,Informational,50,N/A,N/A,N/A,Planner (Thấp),data/google_planner/ho-chi-minh/Keyword Stats 2026-02-23 at 09_48_18.csv,Viết guide/review; ưu tiên long-tail; tạo topic hub và internal link về trang dịch vụ,B,50.0,0%,0
đi cần giờ từ tphcm,Cần Giờ,Địa danh tham quan / Văn hóa - Lịch sử,In-scope Hồ Chí Minh,Informational,50,N/A,N/A,N/A,Planner (Thấp),data/google_planner/ho-chi-minh/Keyword Stats 2026-02-23 at 09_48_18.csv,Viết guide/review; ưu tiên long-tail; tạo topic hub và internal link về trang dịch vụ,B,50.0,0%,0
địa điểm cần giờ,Cần Giờ,Địa danh tham quan / Văn hóa - Lịch sử,In-scope Hồ Chí Minh,Informational,50,N/A,N/A,N/A,Planner (Thấp),data/google_planner/ho-chi-minh/Keyword Stats 2026-02-23 at 09_48_18.csv,Viết guide/review; ưu tiên long-tail; tạo topic hub và internal link về trang dịch vụ,B,50.0,0%,0
du lịch cần giờ,Cần Giờ,Địa danh tham quan / Văn hóa - Lịch sử,In-scope Hồ Chí Minh,Informational,N/A,N/A,N/A,N/A,Trend SI:2 10%,data/google_trend/searched_with_rising-queries_VN_20250210-1752_20260210-1752.csv,Viết guide/review; ưu tiên long-tail; tạo topic hub và internal link về trang dịch vụ,B,2.0,10%,N/A
tour tphcm cần thơ,Cần Thơ Trip,Di chuyển,Out-of-scope Cần Thơ,Commercial Investigation,50,N/A,N/A,N/A,Planner (Trung bình),data/google_planner/ho-chi-minh/Keyword Stats 2026-02-23 at 09_48_18.csv,Viết bài top-list/so sánh; map vào cluster hub; bổ sung schema + ảnh/UGC,B,55.00000000000001,0%,"9,367"
tour địa đạo củ chi nửa ngày,Di chuyển Hồ Chí Minh,Di chuyển,In-scope Hồ Chí Minh,Commercial Investigation,N/A,615,35,5.69%,N/A (N/A),data/google_search_console/Queries.csv,"Refresh bài top-list, thêm bảng so sánh + schema FAQ/Review; tối ưu title để tăng CTR",A,35.0,N/A,N/A
tour củ chi nửa ngày,Di chuyển Hồ Chí Minh,Di chuyển,In-scope Hồ Chí Minh,Commercial Investigation,N/A,639,14,2.19%,N/A (N/A),data/google_search_console/Queries.csv,"Refresh bài top-list, thêm bảng so sánh + schema FAQ/Review; tối ưu title để tăng CTR",A,14.0,N/A,N/A
tour địa đạo củ chi,Di chuyển Hồ Chí Minh,Di chuyển,In-scope Hồ Chí Minh,Commercial Investigation,N/A,519,10,1.93%,N/A (N/A),data/google_search_console/Queries.csv,"Refresh bài top-list, thêm bảng so sánh + schema FAQ/Review; tối ưu title để tăng CTR",A,10.0,N/A,N/A
tour tây bắc 5 ngày 4 đêm từ tp hcm,Di chuyển Hồ Chí Minh,Di chuyển,In-scope Hồ Chí Minh,Transaction,500,N/A,N/A,N/A,Planner (Trung bình),data/google_planner/ho-chi-minh/Keyword Stats 2026-02-23 at 09_48_18.csv,"Tạo landing chuyển đổi (giá/vé/đặt chỗ), gom vào cluster page + build backlink nội bộ",B,550.0,0%,"4,596"
tour tphcm,Di chuyển Hồ Chí Minh,Di chuyển,In-scope Hồ Chí Minh,Commercial Investigation,500,N/A,N/A,N/A,Planner (Trung bình),data/google_planner/ho-chi-minh/Keyword Stats 2026-02-23 at 09_48_18.csv,Viết bài top-list/so sánh; map vào cluster hub; bổ sung schema + ảnh/UGC,B,550.0,0%,"9,152"
tour du lich ho chi minh,Di chuyển Hồ Chí Minh,Di chuyển,In-scope Hồ Chí Minh,Commercial Investigation,50,N/A,N/A,N/A,Planner (Cao),data/google_planner/ho-chi-minh/Keyword Stats 2026-02-23 at 09_48_18.csv,Viết bài top-list/so sánh; map vào cluster hub; bổ sung schema + ảnh/UGC,B,55.00000000000001,0%,"5,666"
tour hồ chí minh 2 ngày 1 đêm,Di chuyển Hồ Chí Minh,Di chuyển,In-scope Hồ Chí Minh,Transaction,50,N/A,N/A,N/A,Planner (Trung bình),data/google_planner/ho-chi-minh/Keyword Stats 2026-02-23 at 09_48_18.csv,"Tạo landing chuyển đổi (giá/vé/đặt chỗ), gom vào cluster page + build backlink nội bộ",B,55.00000000000001,0%,"7,328"
tour đi địa đạo củ chi từ sài gòn,Di chuyển Hồ Chí Minh,Di chuyển,In-scope Hồ Chí Minh,Commercial Investigation,50,N/A,N/A,N/A,Planner (Cao),data/google_planner/ho-chi-minh/Keyword Stats 2026-02-23 at 09_48_18.csv,Viết bài top-list/so sánh; map vào cluster hub; bổ sung schema + ảnh/UGC,B,55.00000000000001,0%,"12,209"
tour du lịch thành phố hồ chí minh,Di chuyển Hồ Chí Minh,Di chuyển,In-scope Hồ Chí Minh,Commercial Investigation,50,N/A,N/A,N/A,Planner (Trung bình),data/google_planner/ho-chi-minh/Keyword Stats 2026-02-23 at 09_48_18.csv,Viết bài top-list/so sánh; map vào cluster hub; bổ sung schema + ảnh/UGC,B,55.00000000000001,0%,"10,003"
tour 1 ngày hồ chí minh,Di chuyển Hồ Chí Minh,Di chuyển,In-scope Hồ Chí Minh,Transaction,50,N/A,N/A,N/A,Planner (Cao),data/google_planner/ho-chi-minh/Keyword Stats 2026-02-23 at 09_48_18.csv,"Tạo landing chuyển đổi (giá/vé/đặt chỗ), gom vào cluster page + build backlink nội bộ",B,55.00000000000001,0%,"9,863"
tour 1 ngày từ hồ chí minh,Di chuyển Hồ Chí Minh,Di chuyển,In-scope Hồ Chí Minh,Transaction,50,N/A,N/A,N/A,Planner (Cao),data/google_planner/ho-chi-minh/Keyword Stats 2026-02-23 at 09_48_18.csv,"Tạo landing chuyển đổi (giá/vé/đặt chỗ), gom vào cluster page + build backlink nội bộ",B,55.00000000000001,0%,"7,514"
tour bali từ hcm,Di chuyển Hồ Chí Minh,Di chuyển,In-scope Hồ Chí Minh,Commercial Investigation,50,N/A,N/A,N/A,Planner (Thấp),data/google_planner/ho-chi-minh/Keyword Stats 2026-02-23 at 09_48_18.csv,Viết bài top-list/so sánh; map vào cluster hub; bổ sung schema + ảnh/UGC,B,55.00000000000001,0%,"4,540"
tour côn đảo từ hồ chí minh,Di chuyển Hồ Chí Minh,Di chuyển,In-scope Hồ Chí Minh,Commercial Investigation,50,N/A,N/A,N/A,Planner (Trung bình),data/google_planner/ho-chi-minh/Keyword Stats 2026-02-23 at 09_48_18.csv,Viết bài top-list/so sánh; map vào cluster hub; bổ sung schema + ảnh/UGC,B,55.00000000000001,0%,"5,118"
tour cần giờ vietravel,Di chuyển Hồ Chí Minh,Di chuyển,In-scope Hồ Chí Minh,Commercial Investigation,50,N/A,N/A,N/A,Planner (Thấp),data/google_planner/ho-chi-minh/Keyword Stats 2026-02-23 at 09_48_18.csv,Viết bài top-list/so sánh; map vào cluster hub; bổ sung schema + ảnh/UGC,B,55.00000000000001,0%,"5,362"
tour du lịch hcm,Di chuyển Hồ Chí Minh,Di chuyển,In-scope Hồ Chí Minh,Commercial Investigation,50,N/A,N/A,N/A,Planner (Trung bình),data/google_planner/ho-chi-minh/Keyword Stats 2026-02-23 at 09_48_18.csv,Viết bài top-list/so sánh; map vào cluster hub; bổ sung schema + ảnh/UGC,B,55.00000000000001,0%,"8,051"
tour du lịch hồ chí minh 1 ngày,Di chuyển Hồ Chí Minh,Di chuyển,In-scope Hồ Chí Minh,Transaction,50,N/A,N/A,N/A,Planner (Trung bình),data/google_planner/ho-chi-minh/Keyword Stats 2026-02-23 at 09_48_18.csv,"Tạo landing chuyển đổi (giá/vé/đặt chỗ), gom vào cluster page + build backlink nội bộ",B,55.00000000000001,0%,"8,270"
tour du lịch sinh thái cần giờ,Di chuyển Hồ Chí Minh,Di chuyển,In-scope Hồ Chí Minh,Commercial Investigation,50,N/A,N/A,N/A,Planner (Cao),data/google_planner/ho-chi-minh/Keyword Stats 2026-02-23 at 09_48_18.csv,Viết bài top-list/so sánh; map vào cluster hub; bổ sung schema + ảnh/UGC,B,55.00000000000001,0%,"7,881"
tour du lịch thành phố hồ chí minh 1 ngày,Di chuyển Hồ Chí Minh,Di chuyển,In-scope Hồ Chí Minh,Transaction,50,N/A,N/A,N/A,Planner (Cao),data/google_planner/ho-chi-minh/Keyword Stats 2026-02-23 at 09_48_18.csv,"Tạo landing chuyển đổi (giá/vé/đặt chỗ), gom vào cluster page + build backlink nội bộ",B,55.00000000000001,0%,"10,159"
tour du lịch thành phố hồ chí minh trong ngày,Di chuyển Hồ Chí Minh,Di chuyển,In-scope Hồ Chí Minh,Commercial Investigation,50,N/A,N/A,N/A,Planner (Cao),data/google_planner/ho-chi-minh/Keyword Stats 2026-02-23 at 09_48_18.csv,Viết bài top-list/so sánh; map vào cluster hub; bổ sung schema + ảnh/UGC,B,55.00000000000001,0%,"11,690"
tour hcm,Di chuyển Hồ Chí Minh,Di chuyển,In-scope Hồ Chí Minh,Commercial Investigation,50,N/A,N/A,N/A,Planner (Cao),data/google_planner/ho-chi-minh/Keyword Stats 2026-02-23 at 09_48_18.csv,Viết bài top-list/so sánh; map vào cluster hub; bổ sung schema + ảnh/UGC,B,55.00000000000001,0%,"19,260"
tour hồ chí minh,Di chuyển Hồ Chí Minh,Di chuyển,In-scope Hồ Chí Minh,Commercial Investigation,50,N/A,N/A,N/A,Planner (Cao),data/google_planner/ho-chi-minh/Keyword Stats 2026-02-23 at 09_48_18.csv,Viết bài top-list/so sánh; map vào cluster hub; bổ sung schema + ảnh/UGC,B,55.00000000000001,0%,"8,817"
tour hồ chí minh 1 ngày,Di chuyển Hồ Chí Minh,Di chuyển,In-scope Hồ Chí Minh,Transaction,50,N/A,N/A,N/A,Planner (Cao),data/google_planner/ho-chi-minh/Keyword Stats 2026-02-23 at 09_48_18.csv,"Tạo landing chuyển đổi (giá/vé/đặt chỗ), gom vào cluster page + build backlink nội bộ",B,55.00000000000001,0%,"8,729"
tour hồ chí minh mũi né,Di chuyển Hồ Chí Minh,Di chuyển,In-scope Hồ Chí Minh,Commercial Investigation,50,N/A,N/A,N/A,Planner (Trung bình),data/google_planner/ho-chi-minh/Keyword Stats 2026-02-23 at 09_48_18.csv,Viết bài top-list/so sánh; map vào cluster hub; bổ sung schema + ảnh/UGC,B,55.00000000000001,0%,"8,572"
tour rừng tràm trà sư từ sài gòn,Di chuyển Hồ Chí Minh,Di chuyển,In-scope Hồ Chí Minh,Commercial Investigation,50,N/A,N/A,N/A,Planner (Cao),data/google_planner/ho-chi-minh/Keyword Stats 2026-02-23 at 09_48_18.csv,Viết bài top-list/so sánh; map vào cluster hub; bổ sung schema + ảnh/UGC,B,55.00000000000001,0%,"6,464"
tour thành phố hồ chí minh,Di chuyển Hồ Chí Minh,Di chuyển,In-scope Hồ Chí Minh,Commercial Investigation,50,N/A,N/A,N/A,Planner (Trung bình),data/google_planner/ho-chi-minh/Keyword Stats 2026-02-23 at 09_48_18.csv,Viết bài top-list/so sánh; map vào cluster hub; bổ sung schema + ảnh/UGC,B,55.00000000000001,0%,"10,726"
tour thành phố hồ chí minh 1 ngày,Di chuyển Hồ Chí Minh,Di chuyển,In-scope Hồ Chí Minh,Transaction,50,N/A,N/A,N/A,Planner (Cao),data/google_planner/ho-chi-minh/Keyword Stats 2026-02-23 at 09_48_18.csv,"Tạo landing chuyển đổi (giá/vé/đặt chỗ), gom vào cluster page + build backlink nội bộ",B,55.00000000000001,0%,"10,312"
tour tp hcm,Di chuyển Hồ Chí Minh,Di chuyển,In-scope Hồ Chí Minh,Commercial Investigation,50,N/A,N/A,N/A,Planner (Cao),data/google_planner/ho-chi-minh/Keyword Stats 2026-02-23 at 09_48_18.csv,Viết bài top-list/so sánh; map vào cluster hub; bổ sung schema + ảnh/UGC,B,55.00000000000001,0%,"9,929"
tour tây nguyên từ sài gòn,Di chuyển Hồ Chí Minh,Di chuyển,In-scope Hồ Chí Minh,Commercial Investigation,50,N/A,N/A,N/A,Planner (Trung bình),data/google_planner/ho-chi-minh/Keyword Stats 2026-02-23 at 09_48_18.csv,Viết bài top-list/so sánh; map vào cluster hub; bổ sung schema + ảnh/UGC,B,55.00000000000001,0%,"11,017"
tour xe bus 2 tầng hcm,Di chuyển Hồ Chí Minh,Di chuyển,In-scope Hồ Chí Minh,Commercial Investigation,50,N/A,N/A,N/A,Planner (Cao),data/google_planner/ho-chi-minh/Keyword Stats 2026-02-23 at 09_48_18.csv,Viết bài top-list/so sánh; map vào cluster hub; bổ sung schema + ảnh/UGC,B,55.00000000000001,0%,"12,465"
kỷ nguyên tourist quận 5 hồ chí minh,Di chuyển Hồ Chí Minh,Di chuyển,In-scope Hồ Chí Minh,Informational,50,N/A,N/A,N/A,Planner (Không xác định),data/google_planner/ho-chi-minh/Keyword Stats 2026-02-23 at 09_48_18.csv,Viết guide/review; ưu tiên long-tail; tạo topic hub và internal link về trang dịch vụ,B,50.0,0%,0
saigontourist cần giờ,Di chuyển Hồ Chí Minh,Di chuyển,In-scope Hồ Chí Minh,Informational,50,N/A,N/A,N/A,Planner (Thấp),data/google_planner/ho-chi-minh/Keyword Stats 2026-02-23 at 09_48_18.csv,Viết guide/review; ưu tiên long-tail; tạo topic hub và internal link về trang dịch vụ,B,50.0,0%,0
tour biển cần giờ,Di chuyển Hồ Chí Minh,Di chuyển,In-scope Hồ Chí Minh,Commercial Investigation,50,N/A,N/A,N/A,Planner (Trung bình),data/google_planner/ho-chi-minh/Keyword Stats 2026-02-23 at 09_48_18.csv,Viết bài top-list/so sánh; map vào cluster hub; bổ sung schema + ảnh/UGC,B,50.0,0%,0
tour du lịch 1 ngày từ hồ chí minh,Di chuyển Hồ Chí Minh,Di chuyển,In-scope Hồ Chí Minh,Transaction,50,N/A,N/A,N/A,Planner (Cao),data/google_planner/ho-chi-minh/Keyword Stats 2026-02-23 at 09_48_18.csv,"Tạo landing chuyển đổi (giá/vé/đặt chỗ), gom vào cluster page + build backlink nội bộ",B,50.0,0%,0
tour du lịch côn đảo từ hồ chí minh,Di chuyển Hồ Chí Minh,Di chuyển,In-scope Hồ Chí Minh,Commercial Investigation,50,N/A,N/A,N/A,Planner (Không xác định),data/google_planner/ho-chi-minh/Keyword Stats 2026-02-23 at 09_48_18.csv,Viết bài top-list/so sánh; map vào cluster hub; bổ sung schema + ảnh/UGC,B,50.0,-100.0%,0
tour du lịch hồ chí minh côn đảo,Di chuyển Hồ Chí Minh,Di chuyển,In-scope Hồ Chí Minh,Commercial Investigation,50,N/A,N/A,N/A,Planner (Thấp),data/google_planner/ho-chi-minh/Keyword Stats 2026-02-23 at 09_48_18.csv,Viết bài top-list/so sánh; map vào cluster hub; bổ sung schema + ảnh/UGC,B,50.0,0%,0
tour du lịch từ thành phố hồ chí minh,Di chuyển Hồ Chí Minh,Di chuyển,In-scope Hồ Chí Minh,Commercial Investigation,50,N/A,N/A,N/A,Planner (Không xác định),data/google_planner/ho-chi-minh/Keyword Stats 2026-02-23 at 09_48_18.csv,Viết bài top-list/so sánh; map vào cluster hub; bổ sung schema + ảnh/UGC,B,50.0,-100.0%,0
tour hcm côn đảo,Di chuyển Hồ Chí Minh,Di chuyển,In-scope Hồ Chí Minh,Commercial Investigation,50,N/A,N/A,N/A,Planner (Thấp),data/google_planner/ho-chi-minh/Keyword Stats 2026-02-23 at 09_48_18.csv,Viết bài top-list/so sánh; map vào cluster hub; bổ sung schema + ảnh/UGC,B,50.0,0%,0
tour hồ chí minh côn đảo,Di chuyển Hồ Chí Minh,Di chuyển,In-scope Hồ Chí Minh,Commercial Investigation,50,N/A,N/A,N/A,Planner (Trung bình),data/google_planner/ho-chi-minh/Keyword Stats 2026-02-23 at 09_48_18.csv,Viết bài top-list/so sánh; map vào cluster hub; bổ sung schema + ảnh/UGC,B,50.0,0%,0
tour lý sơn từ hồ chí minh,Di chuyển Hồ Chí Minh,Di chuyển,In-scope Hồ Chí Minh,Commercial Investigation,50,N/A,N/A,N/A,Planner (Không xác định),data/google_planner/ho-chi-minh/Keyword Stats 2026-02-23 at 09_48_18.csv,Viết bài top-list/so sánh; map vào cluster hub; bổ sung schema + ảnh/UGC,B,50.0,-100.0%,0
tour tham quan thành phố hồ chí minh,Di chuyển Hồ Chí Minh,Di chuyển,In-scope Hồ Chí Minh,Commercial Investigation,50,N/A,N/A,N/A,Planner (Cao),data/google_planner/ho-chi-minh/Keyword Stats 2026-02-23 at 09_48_18.csv,Viết bài top-list/so sánh; map vào cluster hub; bổ sung schema + ảnh/UGC,B,50.0,0%,0
tour tp hcm côn đảo,Di chuyển Hồ Chí Minh,Di chuyển,In-scope Hồ Chí Minh,Commercial Investigation,50,N/A,N/A,N/A,Planner (Thấp),data/google_planner/ho-chi-minh/Keyword Stats 2026-02-23 at 09_48_18.csv,Viết bài top-list/so sánh; map vào cluster hub; bổ sung schema + ảnh/UGC,B,50.0,0%,0
tour tp hcm nam du,Di chuyển Hồ Chí Minh,Di chuyển,In-scope Hồ Chí Minh,Commercial Investigation,50,N/A,N/A,N/A,Planner (Không xác định),data/google_planner/ho-chi-minh/Keyword Stats 2026-02-23 at 09_48_18.csv,Viết bài top-list/so sánh; map vào cluster hub; bổ sung schema + ảnh/UGC,B,50.0,0%,0
tour tphcm côn đảo,Di chuyển Hồ Chí Minh,Di chuyển,In-scope Hồ Chí Minh,Commercial Investigation,50,N/A,N/A,N/A,Planner (Trung bình),data/google_planner/ho-chi-minh/Keyword Stats 2026-02-23 at 09_48_18.csv,Viết bài top-list/so sánh; map vào cluster hub; bổ sung schema + ảnh/UGC,B,50.0,0%,0
tour du lịch sài gòn,Di chuyển Hồ Chí Minh,Di chuyển,In-scope Hồ Chí Minh,Commercial Investigation,N/A,N/A,N/A,N/A,Trend SI:29 0%,data/google_trend/searched_with_top-queries_VN_20250210-1750_20260210-1750.csv,Viết bài top-list/so sánh; map vào cluster hub; bổ sung schema + ảnh/UGC,B,29.0,0%,N/A
khách sạn nguyễn huệ quận 1,Huế Trip,Lưu trú,Out-of-scope Huế,Commercial Investigation,50,N/A,N/A,N/A,Planner (Cao),data/google_planner/ho-chi-minh/Keyword Stats 2026-02-23 at 09_48_18.csv,Viết bài top-list/so sánh; map vào cluster hub; bổ sung schema + ảnh/UGC,B,82.50000000000001,-90.0%,"28,566"
khách sạn kim đô nguyễn huệ quận 1,Huế Trip,Lưu trú,Out-of-scope Huế,Commercial Investigation,50,N/A,N/A,N/A,Planner (Cao),data/google_planner/ho-chi-minh/Keyword Stats 2026-02-23 at 09_48_18.csv,Viết bài top-list/so sánh; map vào cluster hub; bổ sung schema + ảnh/UGC,B,82.50000000000001,0%,"12,133"
khách sạn palace sài gòn nguyễn huệ hồ chí minh,Huế Trip,Lưu trú,Out-of-scope Huế,Commercial Investigation,50,N/A,N/A,N/A,Planner (Cao),data/google_planner/ho-chi-minh/Keyword Stats 2026-02-23 at 09_48_18.csv,Viết bài top-list/so sánh; map vào cluster hub; bổ sung schema + ảnh/UGC,B,82.50000000000001,0%,"6,362"
khách sạn đường nguyễn huệ hồ chí minh,Huế Trip,Lưu trú,Out-of-scope Huế,Commercial Investigation,50,N/A,N/A,N/A,Planner (Cao),data/google_planner/ho-chi-minh/Keyword Stats 2026-02-23 at 09_48_18.csv,Viết bài top-list/so sánh; map vào cluster hub; bổ sung schema + ảnh/UGC,B,82.50000000000001,0%,"26,618"
khách sạn đường nguyễn huệ thành phố hồ chí minh,Huế Trip,Lưu trú,Out-of-scope Huế,Commercial Investigation,50,N/A,N/A,N/A,Planner (Trung bình),data/google_planner/ho-chi-minh/Keyword Stats 2026-02-23 at 09_48_18.csv,Viết bài top-list/so sánh; map vào cluster hub; bổ sung schema + ảnh/UGC,B,82.50000000000001,0%,"28,566"
khách sạn saigon prince 63 nguyễn huệ quận 1,Huế Trip,Lưu trú,Out-of-scope Huế,Commercial Investigation,50,N/A,N/A,N/A,Planner (Không xác định),data/google_planner/ho-chi-minh/Keyword Stats 2026-02-23 at 09_48_18.csv,Viết bài top-list/so sánh; map vào cluster hub; bổ sung schema + ảnh/UGC,B,75.0,0%,0
68a nguyễn huệ quận 1,Huế Trip,Địa danh tham quan / Văn hóa - Lịch sử,Out-of-scope Huế,Informational,50,N/A,N/A,N/A,Planner (Thấp),data/google_planner/ho-chi-minh/Keyword Stats 2026-02-23 at 09_48_18.csv,Viết guide/review; ưu tiên long-tail; tạo topic hub và internal link về trang dịch vụ,B,55.00000000000001,0%,"11,267"
141 nguyễn huệ quận 1,Huế Trip,Địa danh tham quan / Văn hóa - Lịch sử,Out-of-scope Huế,Informational,50,N/A,N/A,N/A,Planner (Thấp),data/google_planner/ho-chi-minh/Keyword Stats 2026-02-23 at 09_48_18.csv,Viết guide/review; ưu tiên long-tail; tạo topic hub và internal link về trang dịch vụ,B,50.0,0%,0
tour hà giang từ tphcm,Hà Giang Trip,Di chuyển,Out-of-scope Hà Giang,Commercial Investigation,500,N/A,N/A,N/A,Planner (Cao),data/google_planner/ho-chi-minh/Keyword Stats 2026-02-23 at 09_48_18.csv,Viết bài top-list/so sánh; map vào cluster hub; bổ sung schema + ảnh/UGC,B,550.0,0%,"7,374"
tour hà giang từ tp hcm,Hà Giang Trip,Di chuyển,Out-of-scope Hà Giang,Commercial Investigation,500,N/A,N/A,N/A,Planner (Cao),data/google_planner/ho-chi-minh/Keyword Stats 2026-02-23 at 09_48_18.csv,Viết bài top-list/so sánh; map vào cluster hub; bổ sung schema + ảnh/UGC,B,550.0,0%,"7,374"
tour hà giang từ hồ chí minh,Hà Giang Trip,Di chuyển,Out-of-scope Hà Giang,Commercial Investigation,50,N/A,N/A,N/A,Planner (Cao),data/google_planner/ho-chi-minh/Keyword Stats 2026-02-23 at 09_48_18.csv,Viết bài top-list/so sánh; map vào cluster hub; bổ sung schema + ảnh/UGC,B,55.00000000000001,0%,"7,315"
tour hồ chí minh hà giang,Hà Giang Trip,Di chuyển,Out-of-scope Hà Giang,Commercial Investigation,50,N/A,N/A,N/A,Planner (Cao),data/google_planner/ho-chi-minh/Keyword Stats 2026-02-23 at 09_48_18.csv,Viết bài top-list/so sánh; map vào cluster hub; bổ sung schema + ảnh/UGC,B,55.00000000000001,0%,"8,149"
từ sài gòn đi hà giang,Hà Giang Trip,Tổng hợp,Out-of-scope Hà Giang,Informational,50,N/A,N/A,N/A,Planner (Thấp),data/google_planner/ho-chi-minh/Keyword Stats 2026-02-23 at 09_48_18.csv,Viết guide/review; ưu tiên long-tail; tạo topic hub và internal link về trang dịch vụ,B,50.0,0%,0
từ tphcm đi hà giang,Hà Giang Trip,Tổng hợp,Out-of-scope Hà Giang,Informational,50,N/A,N/A,N/A,Planner (Thấp),data/google_planner/ho-chi-minh/Keyword Stats 2026-02-23 at 09_48_18.csv,Viết guide/review; ưu tiên long-tail; tạo topic hub và internal link về trang dịch vụ,B,50.0,0%,0
khách sạn sài gòn hà nội quận 1,Hà Nội Trip,Lưu trú,Out-of-scope Hà Nội,Commercial Investigation,50,N/A,N/A,N/A,Planner (Trung bình),data/google_planner/ho-chi-minh/Keyword Stats 2026-02-23 at 09_48_18.csv,Viết bài top-list/so sánh; map vào cluster hub; bổ sung schema + ảnh/UGC,B,75.0,0%,0
tour tphcm hà nội sapa,Hà Nội Trip,Di chuyển,Out-of-scope Hà Nội,Commercial Investigation,50,N/A,N/A,N/A,Planner (Trung bình),data/google_planner/ho-chi-minh/Keyword Stats 2026-02-23 at 09_48_18.csv,Viết bài top-list/so sánh; map vào cluster hub; bổ sung schema + ảnh/UGC,B,55.00000000000001,0%,"5,109"
vé máy bay sài gòn hà nội,Hà Nội Trip,Di chuyển,Out-of-scope Hà Nội,Transaction,N/A,N/A,N/A,N/A,Trend SI:12 3%,data/google_trend/searched_with_top-queries_VN_20250210-1749_20260210-1749.csv,"Tạo landing chuyển đổi (giá/vé/đặt chỗ), gom vào cluster page + build backlink nội bộ",B,12.0,3%,N/A
vé máy bay hà nội sài gòn,Hà Nội Trip,Di chuyển,Out-of-scope Hà Nội,Transaction,N/A,N/A,N/A,N/A,Trend SI:11 3%,data/google_trend/searched_with_top-queries_VN_20250210-1749_20260210-1749.csv,"Tạo landing chuyển đổi (giá/vé/đặt chỗ), gom vào cluster page + build backlink nội bộ",B,11.0,3%,N/A
du lịch hạ long từ hồ chí minh,Hạ Long Trip,Tổng hợp,Out-of-scope Hạ Long,Informational,50,N/A,N/A,N/A,Planner (Thấp),data/google_planner/ho-chi-minh/Keyword Stats 2026-02-23 at 09_48_18.csv,Viết guide/review; ưu tiên long-tail; tạo topic hub và internal link về trang dịch vụ,B,50.0,0%,0
khách sạn hậu giang quận 6,Hậu Giang Trip,Lưu trú,Out-of-scope Hậu Giang,Commercial Investigation,50,N/A,N/A,N/A,Planner (Cao),data/google_planner/ho-chi-minh/Keyword Stats 2026-02-23 at 09_48_18.csv,Viết bài top-list/so sánh; map vào cluster hub; bổ sung schema + ảnh/UGC,B,82.50000000000001,0%,"16,202"
khách sạn luxury hậu giang quận 6,Hậu Giang Trip,Lưu trú,Out-of-scope Hậu Giang,Commercial Investigation,50,N/A,N/A,N/A,Planner (Trung bình),data/google_planner/ho-chi-minh/Keyword Stats 2026-02-23 at 09_48_18.csv,Viết bài top-list/so sánh; map vào cluster hub; bổ sung schema + ảnh/UGC,B,82.50000000000001,0%,"7,605"
khách sạn 3 sao hồ chí minh,Khách sạn 3 sao Hồ Chí Minh,Lưu trú,In-scope Hồ Chí Minh,Commercial Investigation,500,N/A,N/A,N/A,Planner (Cao),data/google_planner/ho-chi-minh/Keyword Stats 2026-02-23 at 09_48_18.csv,Viết bài top-list/so sánh; map vào cluster hub; bổ sung schema + ảnh/UGC,B,825.0,0%,"7,920"
khách sạn 3 sao thành phố hồ chí minh,Khách sạn 3 sao Hồ Chí Minh,Lưu trú,In-scope Hồ Chí Minh,Commercial Investigation,50,N/A,N/A,N/A,Planner (Cao),data/google_planner/ho-chi-minh/Keyword Stats 2026-02-23 at 09_48_18.csv,Viết bài top-list/so sánh; map vào cluster hub; bổ sung schema + ảnh/UGC,B,82.50000000000001,0%,"8,290"
khách sạn 3 sao quận tân bình,Khách sạn 3 sao Hồ Chí Minh,Lưu trú,In-scope Hồ Chí Minh,Commercial Investigation,50,N/A,N/A,N/A,Planner (Trung bình),data/google_planner/ho-chi-minh/Keyword Stats 2026-02-23 at 09_48_18.csv,Viết bài top-list/so sánh; map vào cluster hub; bổ sung schema + ảnh/UGC,B,82.50000000000001,0%,"10,622"
khách sạn 3 sao hcm,Khách sạn 3 sao Hồ Chí Minh,Lưu trú,In-scope Hồ Chí Minh,Commercial Investigation,50,N/A,N/A,N/A,Planner (Cao),data/google_planner/ho-chi-minh/Keyword Stats 2026-02-23 at 09_48_18.csv,Viết bài top-list/so sánh; map vào cluster hub; bổ sung schema + ảnh/UGC,B,82.50000000000001,-90.0%,"9,445"
khách sạn 3 sao quận 7,Khách sạn 3 sao Hồ Chí Minh,Lưu trú,In-scope Hồ Chí Minh,Commercial Investigation,50,N/A,N/A,N/A,Planner (Cao),data/google_planner/ho-chi-minh/Keyword Stats 2026-02-23 at 09_48_18.csv,Viết bài top-list/so sánh; map vào cluster hub; bổ sung schema + ảnh/UGC,B,82.50000000000001,-90.0%,"9,068"
khách sạn 3 sao quận bình thạnh,Khách sạn 3 sao Hồ Chí Minh,Lưu trú,In-scope Hồ Chí Minh,Commercial Investigation,50,N/A,N/A,N/A,Planner (Cao),data/google_planner/ho-chi-minh/Keyword Stats 2026-02-23 at 09_48_18.csv,Viết bài top-list/so sánh; map vào cluster hub; bổ sung schema + ảnh/UGC,B,82.50000000000001,0%,"10,787"
khách sạn 3 sao ở hồ chí minh,Khách sạn 3 sao Hồ Chí Minh,Lưu trú,In-scope Hồ Chí Minh,Commercial Investigation,50,N/A,N/A,N/A,Planner (Cao),data/google_planner/ho-chi-minh/Keyword Stats 2026-02-23 at 09_48_18.csv,Viết bài top-list/so sánh; map vào cluster hub; bổ sung schema + ảnh/UGC,B,82.50000000000001,0%,"9,037"
khách sạn 3 sao tại hồ chí minh,Khách sạn 3 sao Hồ Chí Minh,Lưu trú,In-scope Hồ Chí Minh,Commercial Investigation,50,N/A,N/A,N/A,Planner (Trung bình),data/google_planner/ho-chi-minh/Keyword Stats 2026-02-23 at 09_48_18.csv,Viết bài top-list/so sánh; map vào cluster hub; bổ sung schema + ảnh/UGC,B,75.0,0%,0
khách sạn 3 sao tại thành phố hồ chí minh,Khách sạn 3 sao Hồ Chí Minh,Lưu trú,In-scope Hồ Chí Minh,Commercial Investigation,50,N/A,N/A,N/A,Planner (Trung bình),data/google_planner/ho-chi-minh/Keyword Stats 2026-02-23 at 09_48_18.csv,Viết bài top-list/so sánh; map vào cluster hub; bổ sung schema + ảnh/UGC,B,75.0,0%,0
khách sạn 3 sao ở quận bình thạnh,Khách sạn 3 sao Hồ Chí Minh,Lưu trú,In-scope Hồ Chí Minh,Commercial Investigation,50,N/A,N/A,N/A,Planner (Cao),data/google_planner/ho-chi-minh/Keyword Stats 2026-02-23 at 09_48_18.csv,Viết bài top-list/so sánh; map vào cluster hub; bổ sung schema + ảnh/UGC,B,75.0,0%,0
khách sạn 3 sao ở thành phố hồ chí minh,Khách sạn 3 sao Hồ Chí Minh,Lưu trú,In-scope Hồ Chí Minh,Commercial Investigation,50,N/A,N/A,N/A,Planner (Trung bình),data/google_planner/ho-chi-minh/Keyword Stats 2026-02-23 at 09_48_18.csv,Viết bài top-list/so sánh; map vào cluster hub; bổ sung schema + ảnh/UGC,B,75.0,-90.0%,0
khách sạn 4 sao thành phố hồ chí minh,Khách sạn 4 sao Hồ Chí Minh,Lưu trú,In-scope Hồ Chí Minh,Commercial Investigation,50,N/A,N/A,N/A,Planner (Cao),data/google_planner/ho-chi-minh/Keyword Stats 2026-02-23 at 09_48_18.csv,Viết bài top-list/so sánh; map vào cluster hub; bổ sung schema + ảnh/UGC,B,82.50000000000001,0%,"11,999"
khach san 4 sao ho chi minh,Khách sạn 4 sao Hồ Chí Minh,Lưu trú,In-scope Hồ Chí Minh,Commercial Investigation,50,N/A,N/A,N/A,Planner (Cao),data/google_planner/ho-chi-minh/Keyword Stats 2026-02-23 at 09_48_18.csv,Viết bài top-list/so sánh; map vào cluster hub; bổ sung schema + ảnh/UGC,B,82.50000000000001,0%,"10,173"
khách sạn 4 sao quận tân bình,Khách sạn 4 sao Hồ Chí Minh,Lưu trú,In-scope Hồ Chí Minh,Commercial Investigation,50,N/A,N/A,N/A,Planner (Trung bình),data/google_planner/ho-chi-minh/Keyword Stats 2026-02-23 at 09_48_18.csv,Viết bài top-list/so sánh; map vào cluster hub; bổ sung schema + ảnh/UGC,B,82.50000000000001,0%,"14,684"
khách sạn 4 sao tại hồ chí minh,Khách sạn 4 sao Hồ Chí Minh,Lưu trú,In-scope Hồ Chí Minh,Commercial Investigation,50,N/A,N/A,N/A,Planner (Cao),data/google_planner/ho-chi-minh/Keyword Stats 2026-02-23 at 09_48_18.csv,Viết bài top-list/so sánh; map vào cluster hub; bổ sung schema + ảnh/UGC,B,82.50000000000001,-90.0%,"44,763"
khách sạn 4 sao ở hồ chí minh,Khách sạn 4 sao Hồ Chí Minh,Lưu trú,In-scope Hồ Chí Minh,Commercial Investigation,50,N/A,N/A,N/A,Planner (Cao),data/google_planner/ho-chi-minh/Keyword Stats 2026-02-23 at 09_48_18.csv,Viết bài top-list/so sánh; map vào cluster hub; bổ sung schema + ảnh/UGC,B,82.50000000000001,0%,"11,756"
khách sạn 4 sao ở thành phố hồ chí minh,Khách sạn 4 sao Hồ Chí Minh,Lưu trú,In-scope Hồ Chí Minh,Commercial Investigation,50,N/A,N/A,N/A,Planner (Cao),data/google_planner/ho-chi-minh/Keyword Stats 2026-02-23 at 09_48_18.csv,Viết bài top-list/so sánh; map vào cluster hub; bổ sung schema + ảnh/UGC,B,75.0,0%,0
khách sạn 5 sao sài gòn,Khách sạn 5 sao Hồ Chí Minh,Lưu trú,In-scope Hồ Chí Minh,Commercial Investigation,N/A,2161,10,0.46%,N/A (N/A),data/google_search_console/Queries.csv,"Refresh bài top-list, thêm bảng so sánh + schema FAQ/Review; tối ưu title để tăng CTR",A,10.0,N/A,N/A
khach san 5 sao hcm,Khách sạn 5 sao Hồ Chí Minh,Lưu trú,In-scope Hồ Chí Minh,Commercial Investigation,500,N/A,N/A,N/A,Planner (Cao),data/google_planner/ho-chi-minh/Keyword Stats 2026-02-23 at 09_48_18.csv,Viết bài top-list/so sánh; map vào cluster hub; bổ sung schema + ảnh/UGC,B,825.0,0%,"6,627"
khach san 5 sao ho chi minh,Khách sạn 5 sao Hồ Chí Minh,Lưu trú,In-scope Hồ Chí Minh,Commercial Investigation,50,N/A,N/A,N/A,Planner (Cao),data/google_planner/ho-chi-minh/Keyword Stats 2026-02-23 at 09_48_18.csv,Viết bài top-list/so sánh; map vào cluster hub; bổ sung schema + ảnh/UGC,B,82.50000000000001,0%,"18,557"
khách sạn 5 sao thành phố hồ chí minh,Khách sạn 5 sao Hồ Chí Minh,Lưu trú,In-scope Hồ Chí Minh,Commercial Investigation,50,N/A,N/A,N/A,Planner (Cao),data/google_planner/ho-chi-minh/Keyword Stats 2026-02-23 at 09_48_18.csv,Viết bài top-list/so sánh; map vào cluster hub; bổ sung schema + ảnh/UGC,B,82.50000000000001,-90.0%,"12,441"
khach san caravelle 5 sao hcm,Khách sạn 5 sao Hồ Chí Minh,Lưu trú,In-scope Hồ Chí Minh,Commercial Investigation,50,N/A,N/A,N/A,Planner (Cao),data/google_planner/ho-chi-minh/Keyword Stats 2026-02-23 at 09_48_18.csv,Viết bài top-list/so sánh; map vào cluster hub; bổ sung schema + ảnh/UGC,B,82.50000000000001,0%,"8,444"
khách sạn 5 sao quận tân bình,Khách sạn 5 sao Hồ Chí Minh,Lưu trú,In-scope Hồ Chí Minh,Commercial Investigation,50,N/A,N/A,N/A,Planner (Cao),data/google_planner/ho-chi-minh/Keyword Stats 2026-02-23 at 09_48_18.csv,Viết bài top-list/so sánh; map vào cluster hub; bổ sung schema + ảnh/UGC,B,82.50000000000001,0%,"14,771"
các khách sạn 5 sao ở hồ chí minh,Khách sạn 5 sao Hồ Chí Minh,Lưu trú,In-scope Hồ Chí Minh,Commercial Investigation,50,N/A,N/A,N/A,Planner (Cao),data/google_planner/ho-chi-minh/Keyword Stats 2026-02-23 at 09_48_18.csv,Viết bài top-list/so sánh; map vào cluster hub; bổ sung schema + ảnh/UGC,B,82.50000000000001,0%,"5,229"
khách sạn 5 sao quận 12,Khách sạn 5 sao Hồ Chí Minh,Lưu trú,In-scope Hồ Chí Minh,Commercial Investigation,50,N/A,N/A,N/A,Planner (Cao),data/google_planner/ho-chi-minh/Keyword Stats 2026-02-23 at 09_48_18.csv,Viết bài top-list/so sánh; map vào cluster hub; bổ sung schema + ảnh/UGC,B,82.50000000000001,0%,"9,349"
khách sạn 5 sao tại hồ chí minh,Khách sạn 5 sao Hồ Chí Minh,Lưu trú,In-scope Hồ Chí Minh,Commercial Investigation,50,N/A,N/A,N/A,Planner (Cao),data/google_planner/ho-chi-minh/Keyword Stats 2026-02-23 at 09_48_18.csv,Viết bài top-list/so sánh; map vào cluster hub; bổ sung schema + ảnh/UGC,B,82.50000000000001,0%,"5,378"
khách sạn 5 sao tại thành phố hồ chí minh,Khách sạn 5 sao Hồ Chí Minh,Lưu trú,In-scope Hồ Chí Minh,Commercial Investigation,50,N/A,N/A,N/A,Planner (Cao),data/google_planner/ho-chi-minh/Keyword Stats 2026-02-23 at 09_48_18.csv,Viết bài top-list/so sánh; map vào cluster hub; bổ sung schema + ảnh/UGC,B,82.50000000000001,0%,"6,575"
khách sạn 5 sao ở hồ chí minh,Khách sạn 5 sao Hồ Chí Minh,Lưu trú,In-scope Hồ Chí Minh,Commercial Investigation,50,N/A,N/A,N/A,Planner (Cao),data/google_planner/ho-chi-minh/Keyword Stats 2026-02-23 at 09_48_18.csv,Viết bài top-list/so sánh; map vào cluster hub; bổ sung schema + ảnh/UGC,B,82.50000000000001,0%,"7,538"
khách sạn 5 sao ở thành phố hồ chí minh,Khách sạn 5 sao Hồ Chí Minh,Lưu trú,In-scope Hồ Chí Minh,Commercial Investigation,50,N/A,N/A,N/A,Planner (Cao),data/google_planner/ho-chi-minh/Keyword Stats 2026-02-23 at 09_48_18.csv,Viết bài top-list/so sánh; map vào cluster hub; bổ sung schema + ảnh/UGC,B,82.50000000000001,0%,"7,591"
khách sạn 5 sao ở quận tân bình,Khách sạn 5 sao Hồ Chí Minh,Lưu trú,In-scope Hồ Chí Minh,Commercial Investigation,50,N/A,N/A,N/A,Planner (Cao),data/google_planner/ho-chi-minh/Keyword Stats 2026-02-23 at 09_48_18.csv,Viết bài top-list/so sánh; map vào cluster hub; bổ sung schema + ảnh/UGC,B,75.0,0%,0
khách sạn gần phố đi bộ hồ gươm,Khách sạn Hồ Chí Minh,Lưu trú,In-scope Hồ Chí Minh,Commercial Investigation,N/A,1749,113,6.46%,N/A (N/A),data/google_search_console/Queries.csv,"Refresh bài top-list, thêm bảng so sánh + schema FAQ/Review; tối ưu title để tăng CTR",A,113.0,N/A,N/A
khách sạn bến thành hải hòa,Khách sạn Hồ Chí Minh,Lưu trú,In-scope Hồ Chí Minh,Commercial Investigation,N/A,1294,71,5.49%,N/A (N/A),data/google_search_console/Queries.csv,"Refresh bài top-list, thêm bảng so sánh + schema FAQ/Review; tối ưu title để tăng CTR",A,71.0,N/A,N/A
khách sạn gần phố đi bộ hà nội,Khách sạn Hồ Chí Minh,Lưu trú,In-scope Hồ Chí Minh,Commercial Investigation,N/A,1385,70,5.05%,N/A (N/A),data/google_search_console/Queries.csv,"Refresh bài top-list, thêm bảng so sánh + schema FAQ/Review; tối ưu title để tăng CTR",A,70.0,N/A,N/A
khách sạn bình thạnh,Khách sạn Hồ Chí Minh,Lưu trú,In-scope Hồ Chí Minh,Commercial Investigation,N/A,7012,39,0.56%,N/A (N/A),data/google_search_console/Queries.csv,"Refresh bài top-list, thêm bảng so sánh + schema FAQ/Review; tối ưu title để tăng CTR",A,39.0,N/A,N/A
bến thành paradise hotel,Khách sạn Hồ Chí Minh,Lưu trú,In-scope Hồ Chí Minh,Commercial Investigation,N/A,1085,36,3.32%,N/A (N/A),data/google_search_console/Queries.csv,"Refresh bài top-list, thêm bảng so sánh + schema FAQ/Review; tối ưu title để tăng CTR",A,36.0,N/A,N/A
khách sạn mường thanh sài gòn địa chỉ,Khách sạn Hồ Chí Minh,Lưu trú,In-scope Hồ Chí Minh,Commercial Investigation,N/A,1128,25,2.22%,N/A (N/A),data/google_search_console/Queries.csv,"Refresh bài top-list, thêm bảng so sánh + schema FAQ/Review; tối ưu title để tăng CTR",A,25.0,N/A,N/A
khách sạn mường thanh ở tphcm,Khách sạn Hồ Chí Minh,Lưu trú,In-scope Hồ Chí Minh,Commercial Investigation,N/A,1811,22,1.21%,N/A (N/A),data/google_search_console/Queries.csv,"Refresh bài top-list, thêm bảng so sánh + schema FAQ/Review; tối ưu title để tăng CTR",A,22.0,N/A,N/A
khách sạn mường thanh sài gòn,Khách sạn Hồ Chí Minh,Lưu trú,In-scope Hồ Chí Minh,Commercial Investigation,N/A,2735,20,0.73%,N/A (N/A),data/google_search_console/Queries.csv,"Refresh bài top-list, thêm bảng so sánh + schema FAQ/Review; tối ưu title để tăng CTR",A,20.0,N/A,N/A
homestay nhà bè,Khách sạn Hồ Chí Minh,Lưu trú,In-scope Hồ Chí Minh,Commercial Investigation,N/A,211,20,9.48%,N/A (N/A),data/google_search_console/Queries.csv,"Refresh bài top-list, thêm bảng so sánh + schema FAQ/Review; tối ưu title để tăng CTR",A,20.0,N/A,N/A
bài đánh giá về bến thành paradise hotel,Khách sạn Hồ Chí Minh,Lưu trú,In-scope Hồ Chí Minh,Transaction,N/A,404,16,3.96%,N/A (N/A),data/google_search_console/Queries.csv,"Tối ưu landing (CTA/giá/FAQ), cải thiện snippet để tăng CTR; internal link từ hub 'Hồ Chí Minh'",A,16.0,N/A,N/A
khách sạn quận bình thạnh,Khách sạn Hồ Chí Minh,Lưu trú,In-scope Hồ Chí Minh,Commercial Investigation,N/A,2474,15,0.61%,N/A (N/A),data/google_search_console/Queries.csv,"Refresh bài top-list, thêm bảng so sánh + schema FAQ/Review; tối ưu title để tăng CTR",A,15.0,N/A,N/A
khách sạn ở huế gần phố đi bộ,Khách sạn Hồ Chí Minh,Lưu trú,In-scope Hồ Chí Minh,Commercial Investigation,N/A,1737,14,0.81%,N/A (N/A),data/google_search_console/Queries.csv,"Refresh bài top-list, thêm bảng so sánh + schema FAQ/Review; tối ưu title để tăng CTR",A,14.0,N/A,N/A
khách sạn quận 5,Khách sạn Hồ Chí Minh,Lưu trú,In-scope Hồ Chí Minh,Commercial Investigation,N/A,2389,12,0.5%,N/A (N/A),data/google_search_console/Queries.csv,"Refresh bài top-list, thêm bảng so sánh + schema FAQ/Review; tối ưu title để tăng CTR",A,12.0,N/A,N/A
khach san gan san bay tan son nhat tphcm,Khách sạn Hồ Chí Minh,Lưu trú,In-scope Hồ Chí Minh,Commercial Investigation,N/A,363,11,3.03%,N/A (N/A),data/google_search_console/Queries.csv,"Refresh bài top-list, thêm bảng so sánh + schema FAQ/Review; tối ưu title để tăng CTR",A,11.0,N/A,N/A
khách sạn quận tân bình gần sân bay,Khách sạn Hồ Chí Minh,Lưu trú,In-scope Hồ Chí Minh,Commercial Investigation,N/A,687,10,1.46%,N/A (N/A),data/google_search_console/Queries.csv,"Refresh bài top-list, thêm bảng so sánh + schema FAQ/Review; tối ưu title để tăng CTR",A,10.0,N/A,N/A
khách sạn gần sân bay tân sơn nhất sài gòn,Khách sạn Hồ Chí Minh,Lưu trú,In-scope Hồ Chí Minh,Commercial Investigation,N/A,679,10,1.47%,N/A (N/A),data/google_search_console/Queries.csv,"Refresh bài top-list, thêm bảng so sánh + schema FAQ/Review; tối ưu title để tăng CTR",A,10.0,N/A,N/A
khách sạn thanh bình quận 7,Khách sạn Hồ Chí Minh,Lưu trú,In-scope Hồ Chí Minh,Commercial Investigation,N/A,569,10,1.76%,N/A (N/A),data/google_search_console/Queries.csv,"Refresh bài top-list, thêm bảng so sánh + schema FAQ/Review; tối ưu title để tăng CTR",A,10.0,N/A,N/A
khách sạn victory hcm,Khách sạn Hồ Chí Minh,Lưu trú,In-scope Hồ Chí Minh,Commercial Investigation,50000,N/A,N/A,N/A,Planner (Thấp),data/google_planner/ho-chi-minh/Keyword Stats 2026-02-23 at 09_48_18.csv,Viết bài top-list/so sánh; map vào cluster hub; bổ sung schema + ảnh/UGC,B,82500.00000000001,0%,"19,713"
new world saigon hotel,Khách sạn Hồ Chí Minh,Lưu trú,In-scope Hồ Chí Minh,Commercial Investigation,40500,N/A,N/A,N/A,Low (0),data/seo_insider/advance_search_report.csv,Viết bài top-list/so sánh; map vào cluster hub; bổ sung schema + ảnh/UGC,B,40500.0,N/A,N/A
khách sạn sheraton sài gòn,Khách sạn Hồ Chí Minh,Lưu trú,In-scope Hồ Chí Minh,Commercial Investigation,22200,N/A,N/A,N/A,Low (0),data/seo_insider/advance_search_report.csv,Viết bài top-list/so sánh; map vào cluster hub; bổ sung schema + ảnh/UGC,B,22200.0,N/A,N/A
park hyatt saigon hotel,Khách sạn Hồ Chí Minh,Lưu trú,In-scope Hồ Chí Minh,Commercial Investigation,27100,N/A,N/A,N/A,Low (20),data/seo_insider/advance_search_report.csv,Viết bài top-list/so sánh; map vào cluster hub; bổ sung schema + ảnh/UGC,B,21680.0,N/A,N/A
liberty central saigon riverside hotel,Khách sạn Hồ Chí Minh,Lưu trú,In-scope Hồ Chí Minh,Commercial Investigation,18100,N/A,N/A,N/A,Low (6),data/seo_insider/advance_search_report.csv,Viết bài top-list/so sánh; map vào cluster hub; bổ sung schema + ảnh/UGC,B,17014.0,N/A,N/A
sheraton saigon grand opera hotel,Khách sạn Hồ Chí Minh,Lưu trú,In-scope Hồ Chí Minh,Commercial Investigation,14800,N/A,N/A,N/A,Low (0),data/seo_insider/advance_search_report.csv,Viết bài top-list/so sánh; map vào cluster hub; bổ sung schema + ảnh/UGC,B,14800.0,N/A,N/A
hotel grand saigon,Khách sạn Hồ Chí Minh,Lưu trú,In-scope Hồ Chí Minh,Commercial Investigation,14800,N/A,N/A,N/A,Low (10),data/seo_insider/advance_search_report.csv,Viết bài top-list/so sánh; map vào cluster hub; bổ sung schema + ảnh/UGC,B,13320.0,N/A,N/A
khách sạn lotte sài gòn,Khách sạn Hồ Chí Minh,Lưu trú,In-scope Hồ Chí Minh,Commercial Investigation,12100,N/A,N/A,N/A,Low (0),data/seo_insider/advance_search_report.csv,Viết bài top-list/so sánh; map vào cluster hub; bổ sung schema + ảnh/UGC,B,12100.0,N/A,N/A
lotte hotel saigon,Khách sạn Hồ Chí Minh,Lưu trú,In-scope Hồ Chí Minh,Commercial Investigation,12100,N/A,N/A,N/A,Low (0),data/seo_insider/advance_search_report.csv,Viết bài top-list/so sánh; map vào cluster hub; bổ sung schema + ảnh/UGC,B,12100.0,N/A,N/A
victory hotel saigon,Khách sạn Hồ Chí Minh,Lưu trú,In-scope Hồ Chí Minh,Commercial Investigation,12100,N/A,N/A,N/A,Low (0),data/seo_insider/advance_search_report.csv,Viết bài top-list/so sánh; map vào cluster hub; bổ sung schema + ảnh/UGC,B,12100.0,N/A,N/A
khách sạn caravelle sài gòn,Khách sạn Hồ Chí Minh,Lưu trú,In-scope Hồ Chí Minh,Commercial Investigation,12100,N/A,N/A,N/A,Low (3),data/seo_insider/advance_search_report.csv,Viết bài top-list/so sánh; map vào cluster hub; bổ sung schema + ảnh/UGC,B,11737.0,N/A,N/A
khách sạn mường thanh luxury sài gòn,Khách sạn Hồ Chí Minh,Lưu trú,In-scope Hồ Chí Minh,Commercial Investigation,12100,N/A,N/A,N/A,Low (4),data/seo_insider/advance_search_report.csv,Viết bài top-list/so sánh; map vào cluster hub; bổ sung schema + ảnh/UGC,B,11616.0,N/A,N/A
wink hotel saigon centre,Khách sạn Hồ Chí Minh,Lưu trú,In-scope Hồ Chí Minh,Commercial Investigation,12100,N/A,N/A,N/A,Low (6),data/seo_insider/advance_search_report.csv,Viết bài top-list/so sánh; map vào cluster hub; bổ sung schema + ảnh/UGC,B,11374.0,N/A,N/A
mường thanh grand sài gòn centre hotel,Khách sạn Hồ Chí Minh,Lưu trú,In-scope Hồ Chí Minh,Commercial Investigation,9900,N/A,N/A,N/A,Low (0),data/seo_insider/advance_search_report.csv,Viết bài top-list/so sánh; map vào cluster hub; bổ sung schema + ảnh/UGC,B,9900.0,N/A,N/A
paragon saigon hotel,Khách sạn Hồ Chí Minh,Lưu trú,In-scope Hồ Chí Minh,Commercial Investigation,9900,N/A,N/A,N/A,Low (0),data/seo_insider/advance_search_report.csv,Viết bài top-list/so sánh; map vào cluster hub; bổ sung schema + ảnh/UGC,B,9900.0,N/A,N/A
t-ritz saigon hotel & apartment,Khách sạn Hồ Chí Minh,Lưu trú,In-scope Hồ Chí Minh,Commercial Investigation,9900,N/A,N/A,N/A,Low (0),data/seo_insider/advance_search_report.csv,Viết bài top-list/so sánh; map vào cluster hub; bổ sung schema + ảnh/UGC,B,9900.0,N/A,N/A
khách sạn phương linh quận 2,Khách sạn Hồ Chí Minh,Lưu trú,In-scope Hồ Chí Minh,Commercial Investigation,5000,N/A,N/A,N/A,Planner (Thấp),data/google_planner/ho-chi-minh/Keyword Stats 2026-02-23 at 09_48_18.csv,Viết bài top-list/so sánh; map vào cluster hub; bổ sung schema + ảnh/UGC,B,9750.0,900.0%,"7,327"
khách sạn quận 7,Khách sạn Hồ Chí Minh,Lưu trú,In-scope Hồ Chí Minh,Commercial Investigation,5000,N/A,N/A,N/A,Planner (Cao),data/google_planner/ho-chi-minh/Keyword Stats 2026-02-23 at 09_48_18.csv,Viết bài top-list/so sánh; map vào cluster hub; bổ sung schema + ảnh/UGC,B,8250.0,0%,"17,674"
khách sạn quận 2,Khách sạn Hồ Chí Minh,Lưu trú,In-scope Hồ Chí Minh,Commercial Investigation,5000,N/A,N/A,N/A,Planner (Cao),data/google_planner/ho-chi-minh/Keyword Stats 2026-02-23 at 09_48_18.csv,Viết bài top-list/so sánh; map vào cluster hub; bổ sung schema + ảnh/UGC,B,8250.0,0%,"15,509"
hotel bình thạnh,Khách sạn Hồ Chí Minh,Lưu trú,In-scope Hồ Chí Minh,Commercial Investigation,5000,N/A,N/A,N/A,Planner (Trung bình),data/google_planner/ho-chi-minh/Keyword Stats 2026-02-23 at 09_48_18.csv,Viết bài top-list/so sánh; map vào cluster hub; bổ sung schema + ảnh/UGC,B,8250.0,0%,"15,360"
hotel tân bình,Khách sạn Hồ Chí Minh,Lưu trú,In-scope Hồ Chí Minh,Commercial Investigation,5000,N/A,N/A,N/A,Planner (Thấp),data/google_planner/ho-chi-minh/Keyword Stats 2026-02-23 at 09_48_18.csv,Viết bài top-list/so sánh; map vào cluster hub; bổ sung schema + ảnh/UGC,B,8250.0,0%,"24,088"
hotel gò vấp,Khách sạn Hồ Chí Minh,Lưu trú,In-scope Hồ Chí Minh,Commercial Investigation,5000,N/A,N/A,N/A,Planner (Trung bình),data/google_planner/ho-chi-minh/Keyword Stats 2026-02-23 at 09_48_18.csv,Viết bài top-list/so sánh; map vào cluster hub; bổ sung schema + ảnh/UGC,B,8250.0,0%,"22,008"
khách sạn bay hồ chí minh,Khách sạn Hồ Chí Minh,Lưu trú,In-scope Hồ Chí Minh,Commercial Investigation,5000,N/A,N/A,N/A,Planner (Thấp),data/google_planner/ho-chi-minh/Keyword Stats 2026-02-23 at 09_48_18.csv,Viết bài top-list/so sánh; map vào cluster hub; bổ sung schema + ảnh/UGC,B,8250.0,0%,"10,673"
amura hotel quận 7,Khách sạn Hồ Chí Minh,Lưu trú,In-scope Hồ Chí Minh,Commercial Investigation,5000,N/A,N/A,N/A,Planner (Thấp),data/google_planner/ho-chi-minh/Keyword Stats 2026-02-23 at 09_48_18.csv,Viết bài top-list/so sánh; map vào cluster hub; bổ sung schema + ảnh/UGC,B,8250.0,0%,"34,280"
eros hotel gò vấp,Khách sạn Hồ Chí Minh,Lưu trú,In-scope Hồ Chí Minh,Commercial Investigation,5000,N/A,N/A,N/A,Planner (Thấp),data/google_planner/ho-chi-minh/Keyword Stats 2026-02-23 at 09_48_18.csv,Viết bài top-list/so sánh; map vào cluster hub; bổ sung schema + ảnh/UGC,B,8250.0,0%,"12,120"
galaxy hotel 2 gò vấp,Khách sạn Hồ Chí Minh,Lưu trú,In-scope Hồ Chí Minh,Commercial Investigation,5000,N/A,N/A,N/A,Planner (Thấp),data/google_planner/ho-chi-minh/Keyword Stats 2026-02-23 at 09_48_18.csv,Viết bài top-list/so sánh; map vào cluster hub; bổ sung schema + ảnh/UGC,B,8250.0,0%,"20,101"
khach san rex hcm,Khách sạn Hồ Chí Minh,Lưu trú,In-scope Hồ Chí Minh,Commercial Investigation,5000,N/A,N/A,N/A,Planner (Trung bình),data/google_planner/ho-chi-minh/Keyword Stats 2026-02-23 at 09_48_18.csv,Viết bài top-list/so sánh; map vào cluster hub; bổ sung schema + ảnh/UGC,B,8250.0,0%,"13,206"
khách sạn majestic hcm,Khách sạn Hồ Chí Minh,Lưu trú,In-scope Hồ Chí Minh,Commercial Investigation,5000,N/A,N/A,N/A,Planner (Thấp),data/google_planner/ho-chi-minh/Keyword Stats 2026-02-23 at 09_48_18.csv,Viết bài top-list/so sánh; map vào cluster hub; bổ sung schema + ảnh/UGC,B,8250.0,0%,"7,531"
rex hotel hồ chí minh,Khách sạn Hồ Chí Minh,Lưu trú,In-scope Hồ Chí Minh,Commercial Investigation,5000,N/A,N/A,N/A,Planner (Trung bình),data/google_planner/ho-chi-minh/Keyword Stats 2026-02-23 at 09_48_18.csv,Viết bài top-list/so sánh; map vào cluster hub; bổ sung schema + ảnh/UGC,B,8250.0,0%,"13,206"
rex hotel tp hcm,Khách sạn Hồ Chí Minh,Lưu trú,In-scope Hồ Chí Minh,Commercial Investigation,5000,N/A,N/A,N/A,Planner (Cao),data/google_planner/ho-chi-minh/Keyword Stats 2026-02-23 at 09_48_18.csv,Viết bài top-list/so sánh; map vào cluster hub; bổ sung schema + ảnh/UGC,B,8250.0,0%,"28,566"
smiley apartment quận 2 căn hộ dịch vụ khách sạn,Khách sạn Hồ Chí Minh,Lưu trú,In-scope Hồ Chí Minh,Commercial Investigation,5000,N/A,N/A,N/A,Planner (Thấp),data/google_planner/ho-chi-minh/Keyword Stats 2026-02-23 at 09_48_18.csv,Viết bài top-list/so sánh; map vào cluster hub; bổ sung schema + ảnh/UGC,B,8250.0,0%,"13,504"
mia saigon luxury boutique hotel,Khách sạn Hồ Chí Minh,Lưu trú,In-scope Hồ Chí Minh,Commercial Investigation,9900,N/A,N/A,N/A,Low (18),data/seo_insider/advance_search_report.csv,Viết bài top-list/so sánh; map vào cluster hub; bổ sung schema + ảnh/UGC,B,8118.000000000001,N/A,N/A
airport saigon hotel,Khách sạn Hồ Chí Minh,Lưu trú,In-scope Hồ Chí Minh,Commercial Investigation,8100,N/A,N/A,N/A,Low (0),data/seo_insider/advance_search_report.csv,Viết bài top-list/so sánh; map vào cluster hub; bổ sung schema + ảnh/UGC,B,8100.0,N/A,N/A
khách sạn le meridien sài gòn,Khách sạn Hồ Chí Minh,Lưu trú,In-scope Hồ Chí Minh,Commercial Investigation,8100,N/A,N/A,N/A,Low (5),data/seo_insider/advance_search_report.csv,Viết bài top-list/so sánh; map vào cluster hub; bổ sung schema + ảnh/UGC,B,7695.0,N/A,N/A
khách san minh quân 7,Khách sạn Hồ Chí Minh,Lưu trú,In-scope Hồ Chí Minh,Commercial Investigation,5000,N/A,N/A,N/A,Planner (Thấp),data/google_planner/ho-chi-minh/Keyword Stats 2026-02-23 at 09_48_18.csv,Viết bài top-list/so sánh; map vào cluster hub; bổ sung schema + ảnh/UGC,B,7500.0,0%,0
hidden mansions saigon resort,Khách sạn Hồ Chí Minh,Lưu trú,In-scope Hồ Chí Minh,Commercial Investigation,6600,N/A,N/A,N/A,Low (0),data/seo_insider/advance_search_report.csv,Viết bài top-list/so sánh; map vào cluster hub; bổ sung schema + ảnh/UGC,B,6600.0,N/A,N/A
orchids saigon hotel,Khách sạn Hồ Chí Minh,Lưu trú,In-scope Hồ Chí Minh,Commercial Investigation,6600,N/A,N/A,N/A,Low (0),data/seo_insider/advance_search_report.csv,Viết bài top-list/so sánh; map vào cluster hub; bổ sung schema + ảnh/UGC,B,6600.0,N/A,N/A
ramana saigon hotel,Khách sạn Hồ Chí Minh,Lưu trú,In-scope Hồ Chí Minh,Commercial Investigation,6600,N/A,N/A,N/A,Low (0),data/seo_insider/advance_search_report.csv,Viết bài top-list/so sánh; map vào cluster hub; bổ sung schema + ảnh/UGC,B,6600.0,N/A,N/A
liberty central saigon hotel,Khách sạn Hồ Chí Minh,Lưu trú,In-scope Hồ Chí Minh,Commercial Investigation,8100,N/A,N/A,N/A,Low (19),data/seo_insider/advance_search_report.csv,Viết bài top-list/so sánh; map vào cluster hub; bổ sung schema + ảnh/UGC,B,6561.0,N/A,N/A
muong thanh luxury saigon hotel,Khách sạn Hồ Chí Minh,Lưu trú,In-scope Hồ Chí Minh,Commercial Investigation,6600,N/A,N/A,N/A,Low (4),data/seo_insider/advance_search_report.csv,Viết bài top-list/so sánh; map vào cluster hub; bổ sung schema + ảnh/UGC,B,6336.0,N/A,N/A
avanti hotel saigon,Khách sạn Hồ Chí Minh,Lưu trú,In-scope Hồ Chí Minh,Commercial Investigation,5400,N/A,N/A,N/A,Low (0),data/seo_insider/advance_search_report.csv,Viết bài top-list/so sánh; map vào cluster hub; bổ sung schema + ảnh/UGC,B,5400.0,N/A,N/A
khách sạn bông sen sài gòn,Khách sạn Hồ Chí Minh,Lưu trú,In-scope Hồ Chí Minh,Commercial Investigation,5400,N/A,N/A,N/A,Low (0),data/seo_insider/advance_search_report.csv,Viết bài top-list/so sánh; map vào cluster hub; bổ sung schema + ảnh/UGC,B,5400.0,N/A,N/A
liberty hotel saigon parkview,Khách sạn Hồ Chí Minh,Lưu trú,In-scope Hồ Chí Minh,Commercial Investigation,5400,N/A,N/A,N/A,Low (0),data/seo_insider/advance_search_report.csv,Viết bài top-list/so sánh; map vào cluster hub; bổ sung schema + ảnh/UGC,B,5400.0,N/A,N/A
winsuites saigon hotel,Khách sạn Hồ Chí Minh,Lưu trú,In-scope Hồ Chí Minh,Commercial Investigation,5400,N/A,N/A,N/A,Low (0),data/seo_insider/advance_search_report.csv,Viết bài top-list/so sánh; map vào cluster hub; bổ sung schema + ảnh/UGC,B,5400.0,N/A,N/A
khách sạn liberty central saigon citypoint,Khách sạn Hồ Chí Minh,Lưu trú,In-scope Hồ Chí Minh,Commercial Investigation,6600,N/A,N/A,N/A,Low (19),data/seo_insider/advance_search_report.csv,Viết bài top-list/so sánh; map vào cluster hub; bổ sung schema + ảnh/UGC,B,5346.0,N/A,N/A
calista sai gon hotel,Khách sạn Hồ Chí Minh,Lưu trú,In-scope Hồ Chí Minh,Commercial Investigation,4400,N/A,N/A,N/A,Low (0),data/seo_insider/advance_search_report.csv,Viết bài top-list/so sánh; map vào cluster hub; bổ sung schema + ảnh/UGC,B,4400.0,N/A,N/A
calista saigon hotel,Khách sạn Hồ Chí Minh,Lưu trú,In-scope Hồ Chí Minh,Commercial Investigation,4400,N/A,N/A,N/A,Low (0),data/seo_insider/advance_search_report.csv,Viết bài top-list/so sánh; map vào cluster hub; bổ sung schema + ảnh/UGC,B,4400.0,N/A,N/A
mia hotel quận 2,Khách sạn Hồ Chí Minh,Lưu trú,In-scope Hồ Chí Minh,Commercial Investigation,500,N/A,N/A,N/A,Planner (Trung bình),data/google_planner/ho-chi-minh/Keyword Stats 2026-02-23 at 09_48_18.csv,Viết bài top-list/so sánh; map vào cluster hub; bổ sung schema + ảnh/UGC,B,975.0,900.0%,"9,563"
royal hotel gò vấp,Khách sạn Hồ Chí Minh,Lưu trú,In-scope Hồ Chí Minh,Commercial Investigation,500,N/A,N/A,N/A,Planner (Thấp),data/google_planner/ho-chi-minh/Keyword Stats 2026-02-23 at 09_48_18.csv,Viết bài top-list/so sánh; map vào cluster hub; bổ sung schema + ảnh/UGC,B,975.0,900.0%,"14,543"
khach sạn tphcm,Khách sạn Hồ Chí Minh,Lưu trú,In-scope Hồ Chí Minh,Commercial Investigation,500,N/A,N/A,N/A,Planner (Cao),data/google_planner/ho-chi-minh/Keyword Stats 2026-02-23 at 09_48_18.csv,Viết bài top-list/so sánh; map vào cluster hub; bổ sung schema + ảnh/UGC,B,825.0,-90.0%,"21,500"
khách sạn ở sài gòn,Khách sạn Hồ Chí Minh,Lưu trú,In-scope Hồ Chí Minh,Commercial Investigation,500,N/A,N/A,N/A,Planner (Cao),data/google_planner/ho-chi-minh/Keyword Stats 2026-02-23 at 09_48_18.csv,Viết bài top-list/so sánh; map vào cluster hub; bổ sung schema + ảnh/UGC,B,825.0,0%,"16,987"
khách sạn tp hcm,Khách sạn Hồ Chí Minh,Lưu trú,In-scope Hồ Chí Minh,Commercial Investigation,500,N/A,N/A,N/A,Planner (Cao),data/google_planner/ho-chi-minh/Keyword Stats 2026-02-23 at 09_48_18.csv,Viết bài top-list/so sánh; map vào cluster hub; bổ sung schema + ảnh/UGC,B,825.0,0%,"28,731"
hotel quận 7,Khách sạn Hồ Chí Minh,Lưu trú,In-scope Hồ Chí Minh,Commercial Investigation,500,N/A,N/A,N/A,Planner (Trung bình),data/google_planner/ho-chi-minh/Keyword Stats 2026-02-23 at 09_48_18.csv,Viết bài top-list/so sánh; map vào cluster hub; bổ sung schema + ảnh/UGC,B,825.0,0%,"22,734"
khách sạn quận bình tân,Khách sạn Hồ Chí Minh,Lưu trú,In-scope Hồ Chí Minh,Commercial Investigation,500,N/A,N/A,N/A,Planner (Cao),data/google_planner/ho-chi-minh/Keyword Stats 2026-02-23 at 09_48_18.csv,Viết bài top-list/so sánh; map vào cluster hub; bổ sung schema + ảnh/UGC,B,825.0,0%,"20,503"
khách sạn ở quận 7,Khách sạn Hồ Chí Minh,Lưu trú,In-scope Hồ Chí Minh,Commercial Investigation,500,N/A,N/A,N/A,Planner (Cao),data/google_planner/ho-chi-minh/Keyword Stats 2026-02-23 at 09_48_18.csv,Viết bài top-list/so sánh; map vào cluster hub; bổ sung schema + ảnh/UGC,B,825.0,0%,"16,894"
khách sạn ở quận 5,Khách sạn Hồ Chí Minh,Lưu trú,In-scope Hồ Chí Minh,Commercial Investigation,500,N/A,N/A,N/A,Planner (Cao),data/google_planner/ho-chi-minh/Keyword Stats 2026-02-23 at 09_48_18.csv,Viết bài top-list/so sánh; map vào cluster hub; bổ sung schema + ảnh/UGC,B,825.0,0%,"15,214"
khách sạn ở quận tân bình,Khách sạn Hồ Chí Minh,Lưu trú,In-scope Hồ Chí Minh,Commercial Investigation,500,N/A,N/A,N/A,Planner (Cao),data/google_planner/ho-chi-minh/Keyword Stats 2026-02-23 at 09_48_18.csv,Viết bài top-list/so sánh; map vào cluster hub; bổ sung schema + ảnh/UGC,B,825.0,-90.0%,"32,419"
khách sạn gần secc quận 7,Khách sạn Hồ Chí Minh,Lưu trú,In-scope Hồ Chí Minh,Commercial Investigation,500,N/A,N/A,N/A,Planner (Cao),data/google_planner/ho-chi-minh/Keyword Stats 2026-02-23 at 09_48_18.csv,Viết bài top-list/so sánh; map vào cluster hub; bổ sung schema + ảnh/UGC,B,825.0,0%,"20,257"
khách sạn ở quận 2,Khách sạn Hồ Chí Minh,Lưu trú,In-scope Hồ Chí Minh,Commercial Investigation,500,N/A,N/A,N/A,Planner (Cao),data/google_planner/ho-chi-minh/Keyword Stats 2026-02-23 at 09_48_18.csv,Viết bài top-list/so sánh; map vào cluster hub; bổ sung schema + ảnh/UGC,B,825.0,-90.0%,"12,550"
hotel quận 5,Khách sạn Hồ Chí Minh,Lưu trú,In-scope Hồ Chí Minh,Commercial Investigation,500,N/A,N/A,N/A,Planner (Trung bình),data/google_planner/ho-chi-minh/Keyword Stats 2026-02-23 at 09_48_18.csv,Viết bài top-list/so sánh; map vào cluster hub; bổ sung schema + ảnh/UGC,B,825.0,0%,"31,163"
khách sạn ở thành phố hồ chí minh,Khách sạn Hồ Chí Minh,Lưu trú,In-scope Hồ Chí Minh,Commercial Investigation,500,N/A,N/A,N/A,Planner (Cao),data/google_planner/ho-chi-minh/Keyword Stats 2026-02-23 at 09_48_18.csv,Viết bài top-list/so sánh; map vào cluster hub; bổ sung schema + ảnh/UGC,B,825.0,-90.0%,"27,049"
hotel quận 2,Khách sạn Hồ Chí Minh,Lưu trú,In-scope Hồ Chí Minh,Commercial Investigation,500,N/A,N/A,N/A,Planner (Trung bình),data/google_planner/ho-chi-minh/Keyword Stats 2026-02-23 at 09_48_18.csv,Viết bài top-list/so sánh; map vào cluster hub; bổ sung schema + ảnh/UGC,B,825.0,0%,"15,322"
home hotel phú nhuận,Khách sạn Hồ Chí Minh,Lưu trú,In-scope Hồ Chí Minh,Commercial Investigation,500,N/A,N/A,N/A,Planner (Trung bình),data/google_planner/ho-chi-minh/Keyword Stats 2026-02-23 at 09_48_18.csv,Viết bài top-list/so sánh; map vào cluster hub; bổ sung schema + ảnh/UGC,B,825.0,0%,"17,092"
hotel phú nhuận,Khách sạn Hồ Chí Minh,Lưu trú,In-scope Hồ Chí Minh,Commercial Investigation,500,N/A,N/A,N/A,Planner (Trung bình),data/google_planner/ho-chi-minh/Keyword Stats 2026-02-23 at 09_48_18.csv,Viết bài top-list/so sánh; map vào cluster hub; bổ sung schema + ảnh/UGC,B,825.0,0%,"13,504"
khách sạn lam kinh quận 5,Khách sạn Hồ Chí Minh,Lưu trú,In-scope Hồ Chí Minh,Commercial Investigation,500,N/A,N/A,N/A,Planner (Cao),data/google_planner/ho-chi-minh/Keyword Stats 2026-02-23 at 09_48_18.csv,Viết bài top-list/so sánh; map vào cluster hub; bổ sung schema + ảnh/UGC,B,825.0,0%,"11,829"
hotel hồ chí minh,Khách sạn Hồ Chí Minh,Lưu trú,In-scope Hồ Chí Minh,Commercial Investigation,500,N/A,N/A,N/A,Planner (Trung bình),data/google_planner/ho-chi-minh/Keyword Stats 2026-02-23 at 09_48_18.csv,Viết bài top-list/so sánh; map vào cluster hub; bổ sung schema + ảnh/UGC,B,825.0,-90.0%,"29,183"
bin bin hotel quận 7,Khách sạn Hồ Chí Minh,Lưu trú,In-scope Hồ Chí Minh,Commercial Investigation,500,N/A,N/A,N/A,Planner (Trung bình),data/google_planner/ho-chi-minh/Keyword Stats 2026-02-23 at 09_48_18.csv,Viết bài top-list/so sánh; map vào cluster hub; bổ sung schema + ảnh/UGC,B,825.0,0%,"12,649"
hotel tân phú,Khách sạn Hồ Chí Minh,Lưu trú,In-scope Hồ Chí Minh,Commercial Investigation,500,N/A,N/A,N/A,Planner (Trung bình),data/google_planner/ho-chi-minh/Keyword Stats 2026-02-23 at 09_48_18.csv,Viết bài top-list/so sánh; map vào cluster hub; bổ sung schema + ảnh/UGC,B,825.0,0%,"8,051"
tân bình hotel,Khách sạn Hồ Chí Minh,Lưu trú,In-scope Hồ Chí Minh,Commercial Investigation,500,N/A,N/A,N/A,Planner (Trung bình),data/google_planner/ho-chi-minh/Keyword Stats 2026-02-23 at 09_48_18.csv,Viết bài top-list/so sánh; map vào cluster hub; bổ sung schema + ảnh/UGC,B,825.0,0%,"17,810"
hotel quận 4,Khách sạn Hồ Chí Minh,Lưu trú,In-scope Hồ Chí Minh,Commercial Investigation,500,N/A,N/A,N/A,Planner (Trung bình),data/google_planner/ho-chi-minh/Keyword Stats 2026-02-23 at 09_48_18.csv,Viết bài top-list/so sánh; map vào cluster hub; bổ sung schema + ảnh/UGC,B,825.0,0%,"18,864"
khách sạn tại thành phố hồ chí minh,Khách sạn Hồ Chí Minh,Lưu trú,In-scope Hồ Chí Minh,Commercial Investigation,500,N/A,N/A,N/A,Planner (Cao),data/google_planner/ho-chi-minh/Keyword Stats 2026-02-23 at 09_48_18.csv,Viết bài top-list/so sánh; map vào cluster hub; bổ sung schema + ảnh/UGC,B,825.0,0%,"10,688"
khách sạn ở quận 4,Khách sạn Hồ Chí Minh,Lưu trú,In-scope Hồ Chí Minh,Commercial Investigation,500,N/A,N/A,N/A,Planner (Trung bình),data/google_planner/ho-chi-minh/Keyword Stats 2026-02-23 at 09_48_18.csv,Viết bài top-list/so sánh; map vào cluster hub; bổ sung schema + ảnh/UGC,B,825.0,0%,"15,256"
khách sạn quận 2 hồ chí minh,Khách sạn Hồ Chí Minh,Lưu trú,In-scope Hồ Chí Minh,Commercial Investigation,500,N/A,N/A,N/A,Planner (Cao),data/google_planner/ho-chi-minh/Keyword Stats 2026-02-23 at 09_48_18.csv,Viết bài top-list/so sánh; map vào cluster hub; bổ sung schema + ảnh/UGC,B,825.0,0%,"18,978"
a25 hotel hồ chí minh,Khách sạn Hồ Chí Minh,Lưu trú,In-scope Hồ Chí Minh,Commercial Investigation,500,N/A,N/A,N/A,Planner (Trung bình),data/google_planner/ho-chi-minh/Keyword Stats 2026-02-23 at 09_48_18.csv,Viết bài top-list/so sánh; map vào cluster hub; bổ sung schema + ảnh/UGC,B,825.0,0%,"12,762"
khách sạn mường thanh tphcm,Khách sạn Hồ Chí Minh,Lưu trú,In-scope Hồ Chí Minh,Commercial Investigation,500,N/A,N/A,N/A,Planner (Trung bình),data/google_planner/ho-chi-minh/Keyword Stats 2026-02-23 at 09_48_18.csv,Viết bài top-list/so sánh; map vào cluster hub; bổ sung schema + ảnh/UGC,B,825.0,-90.0%,"13,474"
khách sạn trung sơn quận 8,Khách sạn Hồ Chí Minh,Lưu trú,In-scope Hồ Chí Minh,Commercial Investigation,500,N/A,N/A,N/A,Planner (Thấp),data/google_planner/ho-chi-minh/Keyword Stats 2026-02-23 at 09_48_18.csv,Viết bài top-list/so sánh; map vào cluster hub; bổ sung schema + ảnh/UGC,B,825.0,-90.0%,"11,025"
khách sạn tân sơn nhất hồ chí minh,Khách sạn Hồ Chí Minh,Lưu trú,In-scope Hồ Chí Minh,Commercial Investigation,500,N/A,N/A,N/A,Planner (Trung bình),data/google_planner/ho-chi-minh/Keyword Stats 2026-02-23 at 09_48_18.csv,Viết bài top-list/so sánh; map vào cluster hub; bổ sung schema + ảnh/UGC,B,825.0,-90.0%,"18,015"
khách sạn bin bin quận 7,Khách sạn Hồ Chí Minh,Lưu trú,In-scope Hồ Chí Minh,Commercial Investigation,500,N/A,N/A,N/A,Planner (Thấp),data/google_planner/ho-chi-minh/Keyword Stats 2026-02-23 at 09_48_18.csv,Viết bài top-list/so sánh; map vào cluster hub; bổ sung schema + ảnh/UGC,B,825.0,0%,"9,000"
khách sạn trường giang quận 5,Khách sạn Hồ Chí Minh,Lưu trú,In-scope Hồ Chí Minh,Commercial Investigation,500,N/A,N/A,N/A,Planner (Trung bình),data/google_planner/ho-chi-minh/Keyword Stats 2026-02-23 at 09_48_18.csv,Viết bài top-list/so sánh; map vào cluster hub; bổ sung schema + ảnh/UGC,B,825.0,-90.0%,"12,006"
khách sạn happy life quận 7,Khách sạn Hồ Chí Minh,Lưu trú,In-scope Hồ Chí Minh,Commercial Investigation,500,N/A,N/A,N/A,Planner (Trung bình),data/google_planner/ho-chi-minh/Keyword Stats 2026-02-23 at 09_48_18.csv,Viết bài top-list/so sánh; map vào cluster hub; bổ sung schema + ảnh/UGC,B,825.0,0%,"9,631"
khách sạn trung sơn quận 7,Khách sạn Hồ Chí Minh,Lưu trú,In-scope Hồ Chí Minh,Commercial Investigation,500,N/A,N/A,N/A,Planner (Trung bình),data/google_planner/ho-chi-minh/Keyword Stats 2026-02-23 at 09_48_18.csv,Viết bài top-list/so sánh; map vào cluster hub; bổ sung schema + ảnh/UGC,B,825.0,-90.0%,"10,660"
saigon river hotel quận 2,Khách sạn Hồ Chí Minh,Lưu trú,In-scope Hồ Chí Minh,Commercial Investigation,500,N/A,N/A,N/A,Planner (Thấp),data/google_planner/ho-chi-minh/Keyword Stats 2026-02-23 at 09_48_18.csv,Viết bài top-list/so sánh; map vào cluster hub; bổ sung schema + ảnh/UGC,B,825.0,0%,"24,152"
diamond hotel quận 7,Khách sạn Hồ Chí Minh,Lưu trú,In-scope Hồ Chí Minh,Commercial Investigation,500,N/A,N/A,N/A,Planner (Thấp),data/google_planner/ho-chi-minh/Keyword Stats 2026-02-23 at 09_48_18.csv,Viết bài top-list/so sánh; map vào cluster hub; bổ sung schema + ảnh/UGC,B,825.0,-90.0%,"15,582"
eden hotel gò vấp,Khách sạn Hồ Chí Minh,Lưu trú,In-scope Hồ Chí Minh,Commercial Investigation,500,N/A,N/A,N/A,Planner (Trung bình),data/google_planner/ho-chi-minh/Keyword Stats 2026-02-23 at 09_48_18.csv,Viết bài top-list/so sánh; map vào cluster hub; bổ sung schema + ảnh/UGC,B,825.0,0%,"10,427"
eden hotel hcm,Khách sạn Hồ Chí Minh,Lưu trú,In-scope Hồ Chí Minh,Commercial Investigation,500,N/A,N/A,N/A,Planner (Thấp),data/google_planner/ho-chi-minh/Keyword Stats 2026-02-23 at 09_48_18.csv,Viết bài top-list/so sánh; map vào cluster hub; bổ sung schema + ảnh/UGC,B,825.0,0%,"9,103"
happy life hotel quận 7,Khách sạn Hồ Chí Minh,Lưu trú,In-scope Hồ Chí Minh,Commercial Investigation,500,N/A,N/A,N/A,Planner (Trung bình),data/google_planner/ho-chi-minh/Keyword Stats 2026-02-23 at 09_48_18.csv,Viết bài top-list/so sánh; map vào cluster hub; bổ sung schema + ảnh/UGC,B,825.0,0%,"10,647"
hệ thống khách sạn a25 tại sài gòn,Khách sạn Hồ Chí Minh,Lưu trú,In-scope Hồ Chí Minh,Commercial Investigation,500,N/A,N/A,N/A,Planner (Trung bình),data/google_planner/ho-chi-minh/Keyword Stats 2026-02-23 at 09_48_18.csv,Viết bài top-list/so sánh; map vào cluster hub; bổ sung schema + ảnh/UGC,B,825.0,-90.0%,"10,609"
khách sạn an mai quận bình tân,Khách sạn Hồ Chí Minh,Lưu trú,In-scope Hồ Chí Minh,Commercial Investigation,500,N/A,N/A,N/A,Planner (Thấp),data/google_planner/ho-chi-minh/Keyword Stats 2026-02-23 at 09_48_18.csv,Viết bài top-list/so sánh; map vào cluster hub; bổ sung schema + ảnh/UGC,B,825.0,0%,"13,583"
khách sạn bonita quận 5,Khách sạn Hồ Chí Minh,Lưu trú,In-scope Hồ Chí Minh,Commercial Investigation,500,N/A,N/A,N/A,Planner (Thấp),data/google_planner/ho-chi-minh/Keyword Stats 2026-02-23 at 09_48_18.csv,Viết bài top-list/so sánh; map vào cluster hub; bổ sung schema + ảnh/UGC,B,825.0,-90.0%,"8,649"
khách sạn công đoàn hồ chí minh,Khách sạn Hồ Chí Minh,Lưu trú,In-scope Hồ Chí Minh,Commercial Investigation,500,N/A,N/A,N/A,Planner (Trung bình),data/google_planner/ho-chi-minh/Keyword Stats 2026-02-23 at 09_48_18.csv,Viết bài top-list/so sánh; map vào cluster hub; bổ sung schema + ảnh/UGC,B,825.0,0%,"14,420"
khách sạn công đoàn thành phố hồ chí minh,Khách sạn Hồ Chí Minh,Lưu trú,In-scope Hồ Chí Minh,Commercial Investigation,500,N/A,N/A,N/A,Planner (Trung bình),data/google_planner/ho-chi-minh/Keyword Stats 2026-02-23 at 09_48_18.csv,Viết bài top-list/so sánh; map vào cluster hub; bổ sung schema + ảnh/UGC,B,825.0,-90.0%,"9,274"
khách sạn diamond quận 7,Khách sạn Hồ Chí Minh,Lưu trú,In-scope Hồ Chí Minh,Commercial Investigation,500,N/A,N/A,N/A,Planner (Trung bình),data/google_planner/ho-chi-minh/Keyword Stats 2026-02-23 at 09_48_18.csv,Viết bài top-list/so sánh; map vào cluster hub; bổ sung schema + ảnh/UGC,B,825.0,-90.0%,"17,400"
khách sạn hoàng gia quận 5,Khách sạn Hồ Chí Minh,Lưu trú,In-scope Hồ Chí Minh,Transaction,500,N/A,N/A,N/A,Planner (Thấp),data/google_planner/ho-chi-minh/Keyword Stats 2026-02-23 at 09_48_18.csv,"Tạo landing chuyển đổi (giá/vé/đặt chỗ), gom vào cluster page + build backlink nội bộ",B,825.0,0%,"9,868"
khách sạn huỳnh tấn phát quận 7,Khách sạn Hồ Chí Minh,Lưu trú,In-scope Hồ Chí Minh,Commercial Investigation,500,N/A,N/A,N/A,Planner (Cao),data/google_planner/ho-chi-minh/Keyword Stats 2026-02-23 at 09_48_18.csv,Viết bài top-list/so sánh; map vào cluster hub; bổ sung schema + ảnh/UGC,B,825.0,-90.0%,"10,388"
khách sạn hạnh long quận 5,Khách sạn Hồ Chí Minh,Lưu trú,In-scope Hồ Chí Minh,Commercial Investigation,500,N/A,N/A,N/A,Planner (Thấp),data/google_planner/ho-chi-minh/Keyword Stats 2026-02-23 at 09_48_18.csv,Viết bài top-list/so sánh; map vào cluster hub; bổ sung schema + ảnh/UGC,B,825.0,-90.0%,"15,253"
khách sạn ibis quận 7,Khách sạn Hồ Chí Minh,Lưu trú,In-scope Hồ Chí Minh,Commercial Investigation,500,N/A,N/A,N/A,Planner (Trung bình),data/google_planner/ho-chi-minh/Keyword Stats 2026-02-23 at 09_48_18.csv,Viết bài top-list/so sánh; map vào cluster hub; bổ sung schema + ảnh/UGC,B,825.0,0%,"10,060"
khách sạn khu trung sơn quận 7,Khách sạn Hồ Chí Minh,Lưu trú,In-scope Hồ Chí Minh,Commercial Investigation,500,N/A,N/A,N/A,Planner (Cao),data/google_planner/ho-chi-minh/Keyword Stats 2026-02-23 at 09_48_18.csv,Viết bài top-list/so sánh; map vào cluster hub; bổ sung schema + ảnh/UGC,B,825.0,-90.0%,"13,244"
khách sạn long phụng quận 6,Khách sạn Hồ Chí Minh,Lưu trú,In-scope Hồ Chí Minh,Commercial Investigation,500,N/A,N/A,N/A,Planner (Thấp),data/google_planner/ho-chi-minh/Keyword Stats 2026-02-23 at 09_48_18.csv,Viết bài top-list/so sánh; map vào cluster hub; bổ sung schema + ảnh/UGC,B,825.0,0%,"7,702"
khách sạn q1 tphcm,Khách sạn Hồ Chí Minh,Lưu trú,In-scope Hồ Chí Minh,Commercial Investigation,500,N/A,N/A,N/A,Planner (Cao),data/google_planner/ho-chi-minh/Keyword Stats 2026-02-23 at 09_48_18.csv,Viết bài top-list/so sánh; map vào cluster hub; bổ sung schema + ảnh/UGC,B,825.0,0%,"47,026"
khách sạn quận 7 huỳnh tấn phát,Khách sạn Hồ Chí Minh,Lưu trú,In-scope Hồ Chí Minh,Commercial Investigation,500,N/A,N/A,N/A,Planner (Cao),data/google_planner/ho-chi-minh/Keyword Stats 2026-02-23 at 09_48_18.csv,Viết bài top-list/so sánh; map vào cluster hub; bổ sung schema + ảnh/UGC,B,825.0,-90.0%,"12,856"
khách sạn quận 7 trung sơn,Khách sạn Hồ Chí Minh,Lưu trú,In-scope Hồ Chí Minh,Commercial Investigation,500,N/A,N/A,N/A,Planner (Cao),data/google_planner/ho-chi-minh/Keyword Stats 2026-02-23 at 09_48_18.csv,Viết bài top-list/so sánh; map vào cluster hub; bổ sung schema + ảnh/UGC,B,825.0,-90.0%,"7,600"
khách sạn quận 8 phạm hùng,Khách sạn Hồ Chí Minh,Lưu trú,In-scope Hồ Chí Minh,Commercial Investigation,500,N/A,N/A,N/A,Planner (Cao),data/google_planner/ho-chi-minh/Keyword Stats 2026-02-23 at 09_48_18.csv,Viết bài top-list/so sánh; map vào cluster hub; bổ sung schema + ảnh/UGC,B,825.0,-90.0%,"9,520"
khách sạn tahami an bình thủ đức hồ chí minh,Khách sạn Hồ Chí Minh,Lưu trú,In-scope Hồ Chí Minh,Commercial Investigation,500,N/A,N/A,N/A,Planner (Trung bình),data/google_planner/ho-chi-minh/Keyword Stats 2026-02-23 at 09_48_18.csv,Viết bài top-list/so sánh; map vào cluster hub; bổ sung schema + ảnh/UGC,B,825.0,-90.0%,"7,791"
khách sạn thanh hải quận 6,Khách sạn Hồ Chí Minh,Lưu trú,In-scope Hồ Chí Minh,Commercial Investigation,500,N/A,N/A,N/A,Planner (Thấp),data/google_planner/ho-chi-minh/Keyword Stats 2026-02-23 at 09_48_18.csv,Viết bài top-list/so sánh; map vào cluster hub; bổ sung schema + ảnh/UGC,B,825.0,-90.0%,"7,193"
khách sạn thanh ngọc quận 5,Khách sạn Hồ Chí Minh,Lưu trú,In-scope Hồ Chí Minh,Commercial Investigation,500,N/A,N/A,N/A,Planner (Trung bình),data/google_planner/ho-chi-minh/Keyword Stats 2026-02-23 at 09_48_18.csv,Viết bài top-list/so sánh; map vào cluster hub; bổ sung schema + ảnh/UGC,B,825.0,-90.0%,"16,101"
khách sạn trung mai quận 5,Khách sạn Hồ Chí Minh,Lưu trú,In-scope Hồ Chí Minh,Commercial Investigation,500,N/A,N/A,N/A,Planner (Cao),data/google_planner/ho-chi-minh/Keyword Stats 2026-02-23 at 09_48_18.csv,Viết bài top-list/so sánh; map vào cluster hub; bổ sung schema + ảnh/UGC,B,825.0,0%,"17,492"
khách sạn tạ quang bửu quận 8,Khách sạn Hồ Chí Minh,Lưu trú,In-scope Hồ Chí Minh,Commercial Investigation,500,N/A,N/A,N/A,Planner (Cao),data/google_planner/ho-chi-minh/Keyword Stats 2026-02-23 at 09_48_18.csv,Viết bài top-list/so sánh; map vào cluster hub; bổ sung schema + ảnh/UGC,B,825.0,0%,"7,541"
khách sạn windsor quận 5,Khách sạn Hồ Chí Minh,Lưu trú,In-scope Hồ Chí Minh,Commercial Investigation,500,N/A,N/A,N/A,Planner (Trung bình),data/google_planner/ho-chi-minh/Keyword Stats 2026-02-23 at 09_48_18.csv,Viết bài top-list/so sánh; map vào cluster hub; bổ sung schema + ảnh/UGC,B,825.0,0%,"17,233"
ngọc linh hotel bình thạnh,Khách sạn Hồ Chí Minh,Lưu trú,In-scope Hồ Chí Minh,Commercial Investigation,500,N/A,N/A,N/A,Planner (Trung bình),data/google_planner/ho-chi-minh/Keyword Stats 2026-02-23 at 09_48_18.csv,Viết bài top-list/so sánh; map vào cluster hub; bổ sung schema + ảnh/UGC,B,825.0,-90.0%,"9,611"
phụng hoàng hotel bình tân,Khách sạn Hồ Chí Minh,Lưu trú,In-scope Hồ Chí Minh,Commercial Investigation,500,N/A,N/A,N/A,Planner (Thấp),data/google_planner/ho-chi-minh/Keyword Stats 2026-02-23 at 09_48_18.csv,Viết bài top-list/so sánh; map vào cluster hub; bổ sung schema + ảnh/UGC,B,825.0,0%,"15,841"
sabina hotel quận 7,Khách sạn Hồ Chí Minh,Lưu trú,In-scope Hồ Chí Minh,Commercial Investigation,500,N/A,N/A,N/A,Planner (Thấp),data/google_planner/ho-chi-minh/Keyword Stats 2026-02-23 at 09_48_18.csv,Viết bài top-list/so sánh; map vào cluster hub; bổ sung schema + ảnh/UGC,B,825.0,-90.0%,"11,586"
venus hotel gò vấp,Khách sạn Hồ Chí Minh,Lưu trú,In-scope Hồ Chí Minh,Commercial Investigation,500,N/A,N/A,N/A,Planner (Cao),data/google_planner/ho-chi-minh/Keyword Stats 2026-02-23 at 09_48_18.csv,Viết bài top-list/so sánh; map vào cluster hub; bổ sung schema + ảnh/UGC,B,825.0,0%,"21,109"
amura hotel bình tân,Khách sạn Hồ Chí Minh,Lưu trú,In-scope Hồ Chí Minh,Commercial Investigation,500,N/A,N/A,N/A,Planner (Thấp),data/google_planner/ho-chi-minh/Keyword Stats 2026-02-23 at 09_48_18.csv,Viết bài top-list/so sánh; map vào cluster hub; bổ sung schema + ảnh/UGC,B,750.0,0%,0
đồi sứ villa nguyễn xiển quận 9,Khách sạn Hồ Chí Minh,Lưu trú,In-scope Hồ Chí Minh,Commercial Investigation,500,N/A,N/A,N/A,Planner (Thấp),data/google_planner/ho-chi-minh/Keyword Stats 2026-02-23 at 09_48_18.csv,Viết bài top-list/so sánh; map vào cluster hub; bổ sung schema + ảnh/UGC,B,750.0,0%,0
a in hotel quận 4,Khách sạn Hồ Chí Minh,Lưu trú,In-scope Hồ Chí Minh,Commercial Investigation,50,N/A,N/A,N/A,Planner (Cao),data/google_planner/ho-chi-minh/Keyword Stats 2026-02-23 at 09_48_18.csv,Viết bài top-list/so sánh; map vào cluster hub; bổ sung schema + ảnh/UGC,B,97.5,900.0%,"9,708"
hoa vinh hotel quận 9,Khách sạn Hồ Chí Minh,Lưu trú,In-scope Hồ Chí Minh,Commercial Investigation,50,N/A,N/A,N/A,Planner (Trung bình),data/google_planner/ho-chi-minh/Keyword Stats 2026-02-23 at 09_48_18.csv,Viết bài top-list/so sánh; map vào cluster hub; bổ sung schema + ảnh/UGC,B,97.5,900.0%,"9,355"
khách sạn bát đạt quận 5,Khách sạn Hồ Chí Minh,Lưu trú,In-scope Hồ Chí Minh,Commercial Investigation,50,N/A,N/A,N/A,Planner (Cao),data/google_planner/ho-chi-minh/Keyword Stats 2026-02-23 at 09_48_18.csv,Viết bài top-list/so sánh; map vào cluster hub; bổ sung schema + ảnh/UGC,B,97.5,900.0%,"12,665"
khách sạn merperle crystal palace quận 7,Khách sạn Hồ Chí Minh,Lưu trú,In-scope Hồ Chí Minh,Commercial Investigation,50,N/A,N/A,N/A,Planner (Thấp),data/google_planner/ho-chi-minh/Keyword Stats 2026-02-23 at 09_48_18.csv,Viết bài top-list/so sánh; map vào cluster hub; bổ sung schema + ảnh/UGC,B,97.5,900.0%,"8,381"
khách sạn nikko hồ chí minh,Khách sạn Hồ Chí Minh,Lưu trú,In-scope Hồ Chí Minh,Commercial Investigation,50,N/A,N/A,N/A,Planner (Cao),data/google_planner/ho-chi-minh/Keyword Stats 2026-02-23 at 09_48_18.csv,Viết bài top-list/so sánh; map vào cluster hub; bổ sung schema + ảnh/UGC,B,97.5,900.0%,"15,534"
khách sạn sheraton hồ chí minh,Khách sạn Hồ Chí Minh,Lưu trú,In-scope Hồ Chí Minh,Commercial Investigation,50,N/A,N/A,N/A,Planner (Trung bình),data/google_planner/ho-chi-minh/Keyword Stats 2026-02-23 at 09_48_18.csv,Viết bài top-list/so sánh; map vào cluster hub; bổ sung schema + ảnh/UGC,B,97.5,900.0%,"9,609"
khách sạn windsor plaza quận 5,Khách sạn Hồ Chí Minh,Lưu trú,In-scope Hồ Chí Minh,Commercial Investigation,50,N/A,N/A,N/A,Planner (Cao),data/google_planner/ho-chi-minh/Keyword Stats 2026-02-23 at 09_48_18.csv,Viết bài top-list/so sánh; map vào cluster hub; bổ sung schema + ảnh/UGC,B,97.5,900.0%,"19,243"
khách sạn ho chi minh,Khách sạn Hồ Chí Minh,Lưu trú,In-scope Hồ Chí Minh,Commercial Investigation,50,N/A,N/A,N/A,Planner (Cao),data/google_planner/ho-chi-minh/Keyword Stats 2026-02-23 at 09_48_18.csv,Viết bài top-list/so sánh; map vào cluster hub; bổ sung schema + ảnh/UGC,B,82.50000000000001,0%,"34,708"
villa hồ chí minh,Khách sạn Hồ Chí Minh,Lưu trú,In-scope Hồ Chí Minh,Commercial Investigation,50,N/A,N/A,N/A,Planner (Trung bình),data/google_planner/ho-chi-minh/Keyword Stats 2026-02-23 at 09_48_18.csv,Viết bài top-list/so sánh; map vào cluster hub; bổ sung schema + ảnh/UGC,B,82.50000000000001,0%,"17,353"
resort hồ chí minh,Khách sạn Hồ Chí Minh,Lưu trú,In-scope Hồ Chí Minh,Commercial Investigation,50,N/A,N/A,N/A,Planner (Cao),data/google_planner/ho-chi-minh/Keyword Stats 2026-02-23 at 09_48_18.csv,Viết bài top-list/so sánh; map vào cluster hub; bổ sung schema + ảnh/UGC,B,82.50000000000001,0%,"10,792"
khach san thanh pho ho chi minh,Khách sạn Hồ Chí Minh,Lưu trú,In-scope Hồ Chí Minh,Commercial Investigation,50,N/A,N/A,N/A,Planner (Cao),data/google_planner/ho-chi-minh/Keyword Stats 2026-02-23 at 09_48_18.csv,Viết bài top-list/so sánh; map vào cluster hub; bổ sung schema + ảnh/UGC,B,82.50000000000001,0%,"37,472"
khách sạn giá rẻ thành phố hồ chí minh,Khách sạn Hồ Chí Minh,Lưu trú,In-scope Hồ Chí Minh,Transaction,50,N/A,N/A,N/A,Planner (Cao),data/google_planner/ho-chi-minh/Keyword Stats 2026-02-23 at 09_48_18.csv,"Tạo landing chuyển đổi (giá/vé/đặt chỗ), gom vào cluster page + build backlink nội bộ",B,82.50000000000001,0%,"22,457"
đặt phòng khách sạn hồ chí minh,Khách sạn Hồ Chí Minh,Lưu trú,In-scope Hồ Chí Minh,Commercial Investigation,50,N/A,N/A,N/A,Planner (Cao),data/google_planner/ho-chi-minh/Keyword Stats 2026-02-23 at 09_48_18.csv,Viết bài top-list/so sánh; map vào cluster hub; bổ sung schema + ảnh/UGC,B,82.50000000000001,0%,"77,164"
khach san o ho chi minh,Khách sạn Hồ Chí Minh,Lưu trú,In-scope Hồ Chí Minh,Commercial Investigation,50,N/A,N/A,N/A,Planner (Trung bình),data/google_planner/ho-chi-minh/Keyword Stats 2026-02-23 at 09_48_18.csv,Viết bài top-list/so sánh; map vào cluster hub; bổ sung schema + ảnh/UGC,B,82.50000000000001,0%,"18,383"
đặt khách sạn hồ chí minh,Khách sạn Hồ Chí Minh,Lưu trú,In-scope Hồ Chí Minh,Commercial Investigation,50,N/A,N/A,N/A,Planner (Cao),data/google_planner/ho-chi-minh/Keyword Stats 2026-02-23 at 09_48_18.csv,Viết bài top-list/so sánh; map vào cluster hub; bổ sung schema + ảnh/UGC,B,82.50000000000001,0%,"32,372"
khách sạn ở quận bình thạnh,Khách sạn Hồ Chí Minh,Lưu trú,In-scope Hồ Chí Minh,Commercial Investigation,50,N/A,N/A,N/A,Planner (Cao),data/google_planner/ho-chi-minh/Keyword Stats 2026-02-23 at 09_48_18.csv,Viết bài top-list/so sánh; map vào cluster hub; bổ sung schema + ảnh/UGC,B,82.50000000000001,-90.0%,"18,140"
khách sạn mường thanh ho chi minh,Khách sạn Hồ Chí Minh,Lưu trú,In-scope Hồ Chí Minh,Commercial Investigation,50,N/A,N/A,N/A,Planner (Trung bình),data/google_planner/ho-chi-minh/Keyword Stats 2026-02-23 at 09_48_18.csv,Viết bài top-list/so sánh; map vào cluster hub; bổ sung schema + ảnh/UGC,B,82.50000000000001,0%,"28,555"
khách sạn mường thanh tp hcm,Khách sạn Hồ Chí Minh,Lưu trú,In-scope Hồ Chí Minh,Commercial Investigation,50,N/A,N/A,N/A,Planner (Cao),data/google_planner/ho-chi-minh/Keyword Stats 2026-02-23 at 09_48_18.csv,Viết bài top-list/so sánh; map vào cluster hub; bổ sung schema + ảnh/UGC,B,82.50000000000001,0%,"16,131"
a in hotel quận 2,Khách sạn Hồ Chí Minh,Lưu trú,In-scope Hồ Chí Minh,Commercial Investigation,50,N/A,N/A,N/A,Planner (Trung bình),data/google_planner/ho-chi-minh/Keyword Stats 2026-02-23 at 09_48_18.csv,Viết bài top-list/so sánh; map vào cluster hub; bổ sung schema + ảnh/UGC,B,82.50000000000001,0%,"10,318"
đặt phòng khách sạn tại thành phố hồ chí minh,Khách sạn Hồ Chí Minh,Lưu trú,In-scope Hồ Chí Minh,Commercial Investigation,50,N/A,N/A,N/A,Planner (Cao),data/google_planner/ho-chi-minh/Keyword Stats 2026-02-23 at 09_48_18.csv,Viết bài top-list/so sánh; map vào cluster hub; bổ sung schema + ảnh/UGC,B,82.50000000000001,0%,"64,716"
đặt phòng khách sạn hcm,Khách sạn Hồ Chí Minh,Lưu trú,In-scope Hồ Chí Minh,Commercial Investigation,50,N/A,N/A,N/A,Planner (Cao),data/google_planner/ho-chi-minh/Keyword Stats 2026-02-23 at 09_48_18.csv,Viết bài top-list/so sánh; map vào cluster hub; bổ sung schema + ảnh/UGC,B,82.50000000000001,0%,"37,316"
khách sạn victory hồ chí minh,Khách sạn Hồ Chí Minh,Lưu trú,In-scope Hồ Chí Minh,Commercial Investigation,50,N/A,N/A,N/A,Planner (Trung bình),data/google_planner/ho-chi-minh/Keyword Stats 2026-02-23 at 09_48_18.csv,Viết bài top-list/so sánh; map vào cluster hub; bổ sung schema + ảnh/UGC,B,82.50000000000001,0%,"16,729"
khách sạn gần đại sứ quán mỹ hồ chí minh,Khách sạn Hồ Chí Minh,Lưu trú,In-scope Hồ Chí Minh,Commercial Investigation,50,N/A,N/A,N/A,Planner (Cao),data/google_planner/ho-chi-minh/Keyword Stats 2026-02-23 at 09_48_18.csv,Viết bài top-list/so sánh; map vào cluster hub; bổ sung schema + ảnh/UGC,B,82.50000000000001,0%,"19,723"
hotel quận bình thạnh,Khách sạn Hồ Chí Minh,Lưu trú,In-scope Hồ Chí Minh,Commercial Investigation,50,N/A,N/A,N/A,Planner (Trung bình),data/google_planner/ho-chi-minh/Keyword Stats 2026-02-23 at 09_48_18.csv,Viết bài top-list/so sánh; map vào cluster hub; bổ sung schema + ảnh/UGC,B,82.50000000000001,-90.0%,"19,513"
khách sạn hcm giá rẻ,Khách sạn Hồ Chí Minh,Lưu trú,In-scope Hồ Chí Minh,Transaction,50,N/A,N/A,N/A,Planner (Cao),data/google_planner/ho-chi-minh/Keyword Stats 2026-02-23 at 09_48_18.csv,"Tạo landing chuyển đổi (giá/vé/đặt chỗ), gom vào cluster page + build backlink nội bộ",B,82.50000000000001,0%,"20,617"
khách sạn victory thành phố hồ chí minh,Khách sạn Hồ Chí Minh,Lưu trú,In-scope Hồ Chí Minh,Commercial Investigation,50,N/A,N/A,N/A,Planner (Trung bình),data/google_planner/ho-chi-minh/Keyword Stats 2026-02-23 at 09_48_18.csv,Viết bài top-list/so sánh; map vào cluster hub; bổ sung schema + ảnh/UGC,B,82.50000000000001,0%,"8,243"
đặt phòng khách sạn thành phố hồ chí minh,Khách sạn Hồ Chí Minh,Lưu trú,In-scope Hồ Chí Minh,Commercial Investigation,50,N/A,N/A,N/A,Planner (Cao),data/google_planner/ho-chi-minh/Keyword Stats 2026-02-23 at 09_48_18.csv,Viết bài top-list/so sánh; map vào cluster hub; bổ sung schema + ảnh/UGC,B,82.50000000000001,0%,"75,677"
hotel quận tân bình,Khách sạn Hồ Chí Minh,Lưu trú,In-scope Hồ Chí Minh,Commercial Investigation,50,N/A,N/A,N/A,Planner (Trung bình),data/google_planner/ho-chi-minh/Keyword Stats 2026-02-23 at 09_48_18.csv,Viết bài top-list/so sánh; map vào cluster hub; bổ sung schema + ảnh/UGC,B,82.50000000000001,-90.0%,"22,603"
khách sạn quận 5 hồ chí minh,Khách sạn Hồ Chí Minh,Lưu trú,In-scope Hồ Chí Minh,Commercial Investigation,50,N/A,N/A,N/A,Planner (Cao),data/google_planner/ho-chi-minh/Keyword Stats 2026-02-23 at 09_48_18.csv,Viết bài top-list/so sánh; map vào cluster hub; bổ sung schema + ảnh/UGC,B,82.50000000000001,-90.0%,"12,390"
khách sạn q1 hcm,Khách sạn Hồ Chí Minh,Lưu trú,In-scope Hồ Chí Minh,Commercial Investigation,50,N/A,N/A,N/A,Planner (Cao),data/google_planner/ho-chi-minh/Keyword Stats 2026-02-23 at 09_48_18.csv,Viết bài top-list/so sánh; map vào cluster hub; bổ sung schema + ảnh/UGC,B,82.50000000000001,-90.0%,"24,579"
khách sạn quận 7 hồ chí minh,Khách sạn Hồ Chí Minh,Lưu trú,In-scope Hồ Chí Minh,Commercial Investigation,50,N/A,N/A,N/A,Planner (Cao),data/google_planner/ho-chi-minh/Keyword Stats 2026-02-23 at 09_48_18.csv,Viết bài top-list/so sánh; map vào cluster hub; bổ sung schema + ảnh/UGC,B,82.50000000000001,0%,"32,706"
khách sạn hồ chí minh giá rẻ,Khách sạn Hồ Chí Minh,Lưu trú,In-scope Hồ Chí Minh,Transaction,50,N/A,N/A,N/A,Planner (Cao),data/google_planner/ho-chi-minh/Keyword Stats 2026-02-23 at 09_48_18.csv,"Tạo landing chuyển đổi (giá/vé/đặt chỗ), gom vào cluster page + build backlink nội bộ",B,82.50000000000001,0%,"26,229"
khach san phu nhuan ho chi minh,Khách sạn Hồ Chí Minh,Lưu trú,In-scope Hồ Chí Minh,Commercial Investigation,50,N/A,N/A,N/A,Planner (Cao),data/google_planner/ho-chi-minh/Keyword Stats 2026-02-23 at 09_48_18.csv,Viết bài top-list/so sánh; map vào cluster hub; bổ sung schema + ảnh/UGC,B,82.50000000000001,0%,"17,801"
đặt phòng khách sạn tp hcm,Khách sạn Hồ Chí Minh,Lưu trú,In-scope Hồ Chí Minh,Commercial Investigation,50,N/A,N/A,N/A,Planner (Cao),data/google_planner/ho-chi-minh/Keyword Stats 2026-02-23 at 09_48_18.csv,Viết bài top-list/so sánh; map vào cluster hub; bổ sung schema + ảnh/UGC,B,82.50000000000001,0%,"36,653"
khách sạn ở quận 5 sài gòn,Khách sạn Hồ Chí Minh,Lưu trú,In-scope Hồ Chí Minh,Commercial Investigation,50,N/A,N/A,N/A,Planner (Cao),data/google_planner/ho-chi-minh/Keyword Stats 2026-02-23 at 09_48_18.csv,Viết bài top-list/so sánh; map vào cluster hub; bổ sung schema + ảnh/UGC,B,82.50000000000001,0%,"10,629"
booking khách sạn hồ chí minh,Khách sạn Hồ Chí Minh,Lưu trú,In-scope Hồ Chí Minh,Transaction,50,N/A,N/A,N/A,Planner (Cao),data/google_planner/ho-chi-minh/Keyword Stats 2026-02-23 at 09_48_18.csv,"Tạo landing chuyển đổi (giá/vé/đặt chỗ), gom vào cluster page + build backlink nội bộ",B,82.50000000000001,0%,"39,542"
khách sạn quận bình thạnh đẹp,Khách sạn Hồ Chí Minh,Lưu trú,In-scope Hồ Chí Minh,Commercial Investigation,50,N/A,N/A,N/A,Planner (Cao),data/google_planner/ho-chi-minh/Keyword Stats 2026-02-23 at 09_48_18.csv,Viết bài top-list/so sánh; map vào cluster hub; bổ sung schema + ảnh/UGC,B,82.50000000000001,-90.0%,"8,389"
khách sạn thành phố hồ chí minh giá rẻ,Khách sạn Hồ Chí Minh,Lưu trú,In-scope Hồ Chí Minh,Transaction,50,N/A,N/A,N/A,Planner (Cao),data/google_planner/ho-chi-minh/Keyword Stats 2026-02-23 at 09_48_18.csv,"Tạo landing chuyển đổi (giá/vé/đặt chỗ), gom vào cluster page + build backlink nội bộ",B,82.50000000000001,0%,"17,241"
khách sạn mường thanh thành phố hồ chí minh,Khách sạn Hồ Chí Minh,Lưu trú,In-scope Hồ Chí Minh,Commercial Investigation,50,N/A,N/A,N/A,Planner (Trung bình),data/google_planner/ho-chi-minh/Keyword Stats 2026-02-23 at 09_48_18.csv,Viết bài top-list/so sánh; map vào cluster hub; bổ sung schema + ảnh/UGC,B,82.50000000000001,-90.0%,"16,166"
khách sạn hồ chí minh gần sân bay,Khách sạn Hồ Chí Minh,Lưu trú,In-scope Hồ Chí Minh,Commercial Investigation,50,N/A,N/A,N/A,Planner (Cao),data/google_planner/ho-chi-minh/Keyword Stats 2026-02-23 at 09_48_18.csv,Viết bài top-list/so sánh; map vào cluster hub; bổ sung schema + ảnh/UGC,B,82.50000000000001,0%,"32,475"
khach san a25 ho chi minh,Khách sạn Hồ Chí Minh,Lưu trú,In-scope Hồ Chí Minh,Commercial Investigation,50,N/A,N/A,N/A,Planner (Trung bình),data/google_planner/ho-chi-minh/Keyword Stats 2026-02-23 at 09_48_18.csv,Viết bài top-list/so sánh; map vào cluster hub; bổ sung schema + ảnh/UGC,B,82.50000000000001,0%,"7,010"
khách sạn giá rẻ tphcm quận tân bình,Khách sạn Hồ Chí Minh,Lưu trú,In-scope Hồ Chí Minh,Transaction,50,N/A,N/A,N/A,Planner (Cao),data/google_planner/ho-chi-minh/Keyword Stats 2026-02-23 at 09_48_18.csv,"Tạo landing chuyển đổi (giá/vé/đặt chỗ), gom vào cluster page + build backlink nội bộ",B,82.50000000000001,0%,"29,865"
khách sạn ở quận bình tân,Khách sạn Hồ Chí Minh,Lưu trú,In-scope Hồ Chí Minh,Commercial Investigation,50,N/A,N/A,N/A,Planner (Trung bình),data/google_planner/ho-chi-minh/Keyword Stats 2026-02-23 at 09_48_18.csv,Viết bài top-list/so sánh; map vào cluster hub; bổ sung schema + ảnh/UGC,B,82.50000000000001,0%,"18,779"
khách sạn quận tân bình hồ chí minh,Khách sạn Hồ Chí Minh,Lưu trú,In-scope Hồ Chí Minh,Commercial Investigation,50,N/A,N/A,N/A,Planner (Cao),data/google_planner/ho-chi-minh/Keyword Stats 2026-02-23 at 09_48_18.csv,Viết bài top-list/so sánh; map vào cluster hub; bổ sung schema + ảnh/UGC,B,82.50000000000001,0%,"26,942"
đặt khách sạn tại sài gòn,Khách sạn Hồ Chí Minh,Lưu trú,In-scope Hồ Chí Minh,Commercial Investigation,50,N/A,N/A,N/A,Planner (Cao),data/google_planner/ho-chi-minh/Keyword Stats 2026-02-23 at 09_48_18.csv,Viết bài top-list/so sánh; map vào cluster hub; bổ sung schema + ảnh/UGC,B,82.50000000000001,0%,"78,935"
khách sạn phường 22 quận bình thạnh,Khách sạn Hồ Chí Minh,Lưu trú,In-scope Hồ Chí Minh,Commercial Investigation,50,N/A,N/A,N/A,Planner (Cao),data/google_planner/ho-chi-minh/Keyword Stats 2026-02-23 at 09_48_18.csv,Viết bài top-list/so sánh; map vào cluster hub; bổ sung schema + ảnh/UGC,B,82.50000000000001,-90.0%,"10,841"
hotel quận phú nhuận,Khách sạn Hồ Chí Minh,Lưu trú,In-scope Hồ Chí Minh,Commercial Investigation,50,N/A,N/A,N/A,Planner (Trung bình),data/google_planner/ho-chi-minh/Keyword Stats 2026-02-23 at 09_48_18.csv,Viết bài top-list/so sánh; map vào cluster hub; bổ sung schema + ảnh/UGC,B,82.50000000000001,0%,"12,985"
đặt phòng khách sạn tại tphcm,Khách sạn Hồ Chí Minh,Lưu trú,In-scope Hồ Chí Minh,Commercial Investigation,50,N/A,N/A,N/A,Planner (Cao),data/google_planner/ho-chi-minh/Keyword Stats 2026-02-23 at 09_48_18.csv,Viết bài top-list/so sánh; map vào cluster hub; bổ sung schema + ảnh/UGC,B,82.50000000000001,0%,"79,728"
khách sạn gần sân bay hồ chí minh,Khách sạn Hồ Chí Minh,Lưu trú,In-scope Hồ Chí Minh,Commercial Investigation,50,N/A,N/A,N/A,Planner (Cao),data/google_planner/ho-chi-minh/Keyword Stats 2026-02-23 at 09_48_18.csv,Viết bài top-list/so sánh; map vào cluster hub; bổ sung schema + ảnh/UGC,B,82.50000000000001,0%,"35,370"
khách sạn đường phạm văn hai quận tân bình,Khách sạn Hồ Chí Minh,Lưu trú,In-scope Hồ Chí Minh,Commercial Investigation,50,N/A,N/A,N/A,Planner (Cao),data/google_planner/ho-chi-minh/Keyword Stats 2026-02-23 at 09_48_18.csv,Viết bài top-list/so sánh; map vào cluster hub; bổ sung schema + ảnh/UGC,B,82.50000000000001,0%,"18,220"
khách sạn adora hồ chí minh,Khách sạn Hồ Chí Minh,Lưu trú,In-scope Hồ Chí Minh,Commercial Investigation,50,N/A,N/A,N/A,Planner (Trung bình),data/google_planner/ho-chi-minh/Keyword Stats 2026-02-23 at 09_48_18.csv,Viết bài top-list/so sánh; map vào cluster hub; bổ sung schema + ảnh/UGC,B,82.50000000000001,0%,"12,895"
thuê khách sạn hồ chí minh,Khách sạn Hồ Chí Minh,Lưu trú,In-scope Hồ Chí Minh,Transaction,50,N/A,N/A,N/A,Planner (Cao),data/google_planner/ho-chi-minh/Keyword Stats 2026-02-23 at 09_48_18.csv,"Tạo landing chuyển đổi (giá/vé/đặt chỗ), gom vào cluster page + build backlink nội bộ",B,82.50000000000001,0%,"23,683"
khách sạn sài gòn quận tân bình,Khách sạn Hồ Chí Minh,Lưu trú,In-scope Hồ Chí Minh,Commercial Investigation,50,N/A,N/A,N/A,Planner (Cao),data/google_planner/ho-chi-minh/Keyword Stats 2026-02-23 at 09_48_18.csv,Viết bài top-list/so sánh; map vào cluster hub; bổ sung schema + ảnh/UGC,B,82.50000000000001,0%,"97,126"
khách sạn đường d2 quận bình thạnh,Khách sạn Hồ Chí Minh,Lưu trú,In-scope Hồ Chí Minh,Commercial Investigation,50,N/A,N/A,N/A,Planner (Cao),data/google_planner/ho-chi-minh/Keyword Stats 2026-02-23 at 09_48_18.csv,Viết bài top-list/so sánh; map vào cluster hub; bổ sung schema + ảnh/UGC,B,82.50000000000001,0%,"15,234"
khách sạn quận 8 hồ chí minh,Khách sạn Hồ Chí Minh,Lưu trú,In-scope Hồ Chí Minh,Commercial Investigation,50,N/A,N/A,N/A,Planner (Cao),data/google_planner/ho-chi-minh/Keyword Stats 2026-02-23 at 09_48_18.csv,Viết bài top-list/so sánh; map vào cluster hub; bổ sung schema + ảnh/UGC,B,82.50000000000001,-90.0%,"9,596"
khách sạn quận phú nhuận hồ chí minh,Khách sạn Hồ Chí Minh,Lưu trú,In-scope Hồ Chí Minh,Commercial Investigation,50,N/A,N/A,N/A,Planner (Cao),data/google_planner/ho-chi-minh/Keyword Stats 2026-02-23 at 09_48_18.csv,Viết bài top-list/so sánh; map vào cluster hub; bổ sung schema + ảnh/UGC,B,82.50000000000001,0%,"12,244"
khách sạn ở quận 7 thành phố hồ chí minh,Khách sạn Hồ Chí Minh,Lưu trú,In-scope Hồ Chí Minh,Commercial Investigation,50,N/A,N/A,N/A,Planner (Trung bình),data/google_planner/ho-chi-minh/Keyword Stats 2026-02-23 at 09_48_18.csv,Viết bài top-list/so sánh; map vào cluster hub; bổ sung schema + ảnh/UGC,B,82.50000000000001,-90.0%,"16,361"
khách sạn gần bùi viện hồ chí minh,Khách sạn Hồ Chí Minh,Lưu trú,In-scope Hồ Chí Minh,Commercial Investigation,50,N/A,N/A,N/A,Planner (Trung bình),data/google_planner/ho-chi-minh/Keyword Stats 2026-02-23 at 09_48_18.csv,Viết bài top-list/so sánh; map vào cluster hub; bổ sung schema + ảnh/UGC,B,82.50000000000001,0%,"37,641"
khach san caravelle hcm,Khách sạn Hồ Chí Minh,Lưu trú,In-scope Hồ Chí Minh,Commercial Investigation,50,N/A,N/A,N/A,Planner (Trung bình),data/google_planner/ho-chi-minh/Keyword Stats 2026-02-23 at 09_48_18.csv,Viết bài top-list/so sánh; map vào cluster hub; bổ sung schema + ảnh/UGC,B,82.50000000000001,0%,"13,605"
khách sạn quận 7 tphcm,Khách sạn Hồ Chí Minh,Lưu trú,In-scope Hồ Chí Minh,Commercial Investigation,50,N/A,N/A,N/A,Planner (Cao),data/google_planner/ho-chi-minh/Keyword Stats 2026-02-23 at 09_48_18.csv,Viết bài top-list/so sánh; map vào cluster hub; bổ sung schema + ảnh/UGC,B,82.50000000000001,-90.0%,"19,077"
khách sạn rex hồ chí minh,Khách sạn Hồ Chí Minh,Lưu trú,In-scope Hồ Chí Minh,Commercial Investigation,50,N/A,N/A,N/A,Planner (Trung bình),data/google_planner/ho-chi-minh/Keyword Stats 2026-02-23 at 09_48_18.csv,Viết bài top-list/so sánh; map vào cluster hub; bổ sung schema + ảnh/UGC,B,82.50000000000001,0%,"14,682"
khách sạn giá rẻ ở quận 5 tphcm,Khách sạn Hồ Chí Minh,Lưu trú,In-scope Hồ Chí Minh,Transaction,50,N/A,N/A,N/A,Planner (Cao),data/google_planner/ho-chi-minh/Keyword Stats 2026-02-23 at 09_48_18.csv,"Tạo landing chuyển đổi (giá/vé/đặt chỗ), gom vào cluster page + build backlink nội bộ",B,82.50000000000001,0%,"17,140"
khách sạn đệ nhất quận tân bình,Khách sạn Hồ Chí Minh,Lưu trú,In-scope Hồ Chí Minh,Commercial Investigation,50,N/A,N/A,N/A,Planner (Cao),data/google_planner/ho-chi-minh/Keyword Stats 2026-02-23 at 09_48_18.csv,Viết bài top-list/so sánh; map vào cluster hub; bổ sung schema + ảnh/UGC,B,82.50000000000001,0%,"14,840"
khách sạn quận 6 tphcm,Khách sạn Hồ Chí Minh,Lưu trú,In-scope Hồ Chí Minh,Commercial Investigation,50,N/A,N/A,N/A,Planner (Cao),data/google_planner/ho-chi-minh/Keyword Stats 2026-02-23 at 09_48_18.csv,Viết bài top-list/so sánh; map vào cluster hub; bổ sung schema + ảnh/UGC,B,82.50000000000001,0%,"39,158"
khách sạn thanh lan quận 5,Khách sạn Hồ Chí Minh,Lưu trú,In-scope Hồ Chí Minh,Commercial Investigation,50,N/A,N/A,N/A,Planner (Trung bình),data/google_planner/ho-chi-minh/Keyword Stats 2026-02-23 at 09_48_18.csv,Viết bài top-list/so sánh; map vào cluster hub; bổ sung schema + ảnh/UGC,B,82.50000000000001,-90.0%,"7,052"
bonita hotel quận 5,Khách sạn Hồ Chí Minh,Lưu trú,In-scope Hồ Chí Minh,Commercial Investigation,50,N/A,N/A,N/A,Planner (Trung bình),data/google_planner/ho-chi-minh/Keyword Stats 2026-02-23 at 09_48_18.csv,Viết bài top-list/so sánh; map vào cluster hub; bổ sung schema + ảnh/UGC,B,82.50000000000001,-90.0%,"15,595"
khách sạn tản đà quận 5,Khách sạn Hồ Chí Minh,Lưu trú,In-scope Hồ Chí Minh,Commercial Investigation,50,N/A,N/A,N/A,Planner (Cao),data/google_planner/ho-chi-minh/Keyword Stats 2026-02-23 at 09_48_18.csv,Viết bài top-list/so sánh; map vào cluster hub; bổ sung schema + ảnh/UGC,B,82.50000000000001,0%,"10,678"
khách sạn quận 5 thành phố hồ chí minh,Khách sạn Hồ Chí Minh,Lưu trú,In-scope Hồ Chí Minh,Commercial Investigation,50,N/A,N/A,N/A,Planner (Cao),data/google_planner/ho-chi-minh/Keyword Stats 2026-02-23 at 09_48_18.csv,Viết bài top-list/so sánh; map vào cluster hub; bổ sung schema + ảnh/UGC,B,82.50000000000001,0%,"14,949"
đặt phòng khách sạn tại sài gòn,Khách sạn Hồ Chí Minh,Lưu trú,In-scope Hồ Chí Minh,Commercial Investigation,50,N/A,N/A,N/A,Planner (Cao),data/google_planner/ho-chi-minh/Keyword Stats 2026-02-23 at 09_48_18.csv,Viết bài top-list/so sánh; map vào cluster hub; bổ sung schema + ảnh/UGC,B,82.50000000000001,0%,"31,016"
khách sạn sao mai quận 5,Khách sạn Hồ Chí Minh,Lưu trú,In-scope Hồ Chí Minh,Commercial Investigation,50,N/A,N/A,N/A,Planner (Trung bình),data/google_planner/ho-chi-minh/Keyword Stats 2026-02-23 at 09_48_18.csv,Viết bài top-list/so sánh; map vào cluster hub; bổ sung schema + ảnh/UGC,B,82.50000000000001,-90.0%,"7,205"
khách sạn quận bình tân tphcm,Khách sạn Hồ Chí Minh,Lưu trú,In-scope Hồ Chí Minh,Commercial Investigation,50,N/A,N/A,N/A,Planner (Cao),data/google_planner/ho-chi-minh/Keyword Stats 2026-02-23 at 09_48_18.csv,Viết bài top-list/so sánh; map vào cluster hub; bổ sung schema + ảnh/UGC,B,82.50000000000001,0%,"34,799"
khách sạn nguyễn trãi quận 5,Khách sạn Hồ Chí Minh,Lưu trú,In-scope Hồ Chí Minh,Commercial Investigation,50,N/A,N/A,N/A,Planner (Cao),data/google_planner/ho-chi-minh/Keyword Stats 2026-02-23 at 09_48_18.csv,Viết bài top-list/so sánh; map vào cluster hub; bổ sung schema + ảnh/UGC,B,82.50000000000001,-90.0%,"10,936"
khách sạn sài gòn quận 5,Khách sạn Hồ Chí Minh,Lưu trú,In-scope Hồ Chí Minh,Commercial Investigation,50,N/A,N/A,N/A,Planner (Cao),data/google_planner/ho-chi-minh/Keyword Stats 2026-02-23 at 09_48_18.csv,Viết bài top-list/so sánh; map vào cluster hub; bổ sung schema + ảnh/UGC,B,82.50000000000001,0%,"17,530"
khách sạn bình thạnh hồ chí minh,Khách sạn Hồ Chí Minh,Lưu trú,In-scope Hồ Chí Minh,Commercial Investigation,50,N/A,N/A,N/A,Planner (Cao),data/google_planner/ho-chi-minh/Keyword Stats 2026-02-23 at 09_48_18.csv,Viết bài top-list/so sánh; map vào cluster hub; bổ sung schema + ảnh/UGC,B,82.50000000000001,0%,"17,877"
khách sạn lotte hồ chí minh,Khách sạn Hồ Chí Minh,Lưu trú,In-scope Hồ Chí Minh,Commercial Investigation,50,N/A,N/A,N/A,Planner (Cao),data/google_planner/ho-chi-minh/Keyword Stats 2026-02-23 at 09_48_18.csv,Viết bài top-list/so sánh; map vào cluster hub; bổ sung schema + ảnh/UGC,B,82.50000000000001,0%,"17,258"
khách sạn quận 7 hcm,Khách sạn Hồ Chí Minh,Lưu trú,In-scope Hồ Chí Minh,Commercial Investigation,50,N/A,N/A,N/A,Planner (Cao),data/google_planner/ho-chi-minh/Keyword Stats 2026-02-23 at 09_48_18.csv,Viết bài top-list/so sánh; map vào cluster hub; bổ sung schema + ảnh/UGC,B,82.50000000000001,0%,"28,444"
hotel quan 7 ho chi minh,Khách sạn Hồ Chí Minh,Lưu trú,In-scope Hồ Chí Minh,Commercial Investigation,50,N/A,N/A,N/A,Planner (Cao),data/google_planner/ho-chi-minh/Keyword Stats 2026-02-23 at 09_48_18.csv,Viết bài top-list/so sánh; map vào cluster hub; bổ sung schema + ảnh/UGC,B,82.50000000000001,0%,"64,493"
khách sạn đường nguyễn trãi quận 5,Khách sạn Hồ Chí Minh,Lưu trú,In-scope Hồ Chí Minh,Commercial Investigation,50,N/A,N/A,N/A,Planner (Cao),data/google_planner/ho-chi-minh/Keyword Stats 2026-02-23 at 09_48_18.csv,Viết bài top-list/so sánh; map vào cluster hub; bổ sung schema + ảnh/UGC,B,82.50000000000001,0%,"6,371"
khách sạn ở q1 tphcm,Khách sạn Hồ Chí Minh,Lưu trú,In-scope Hồ Chí Minh,Commercial Investigation,50,N/A,N/A,N/A,Planner (Cao),data/google_planner/ho-chi-minh/Keyword Stats 2026-02-23 at 09_48_18.csv,Viết bài top-list/so sánh; map vào cluster hub; bổ sung schema + ảnh/UGC,B,82.50000000000001,0%,"21,919"
ain hotel quận 2,Khách sạn Hồ Chí Minh,Lưu trú,In-scope Hồ Chí Minh,Commercial Investigation,50,N/A,N/A,N/A,Planner (Cao),data/google_planner/ho-chi-minh/Keyword Stats 2026-02-23 at 09_48_18.csv,Viết bài top-list/so sánh; map vào cluster hub; bổ sung schema + ảnh/UGC,B,82.50000000000001,0%,"27,072"
ain hotel quận 4,Khách sạn Hồ Chí Minh,Lưu trú,In-scope Hồ Chí Minh,Commercial Investigation,50,N/A,N/A,N/A,Planner (Cao),data/google_planner/ho-chi-minh/Keyword Stats 2026-02-23 at 09_48_18.csv,Viết bài top-list/so sánh; map vào cluster hub; bổ sung schema + ảnh/UGC,B,82.50000000000001,0%,"9,724"
bali hotel quận 7,Khách sạn Hồ Chí Minh,Lưu trú,In-scope Hồ Chí Minh,Commercial Investigation,50,N/A,N/A,N/A,Planner (Trung bình),data/google_planner/ho-chi-minh/Keyword Stats 2026-02-23 at 09_48_18.csv,Viết bài top-list/so sánh; map vào cluster hub; bổ sung schema + ảnh/UGC,B,82.50000000000001,-90.0%,"17,659"
blue diamond hotel hồ chí minh,Khách sạn Hồ Chí Minh,Lưu trú,In-scope Hồ Chí Minh,Commercial Investigation,50,N/A,N/A,N/A,Planner (Trung bình),data/google_planner/ho-chi-minh/Keyword Stats 2026-02-23 at 09_48_18.csv,Viết bài top-list/so sánh; map vào cluster hub; bổ sung schema + ảnh/UGC,B,82.50000000000001,0%,"9,117"
blue diamond hotel tân bình,Khách sạn Hồ Chí Minh,Lưu trú,In-scope Hồ Chí Minh,Commercial Investigation,50,N/A,N/A,N/A,Planner (Cao),data/google_planner/ho-chi-minh/Keyword Stats 2026-02-23 at 09_48_18.csv,Viết bài top-list/so sánh; map vào cluster hub; bổ sung schema + ảnh/UGC,B,82.50000000000001,0%,"13,787"
boss hotel quận 7,Khách sạn Hồ Chí Minh,Lưu trú,In-scope Hồ Chí Minh,Commercial Investigation,50,N/A,N/A,N/A,Planner (Trung bình),data/google_planner/ho-chi-minh/Keyword Stats 2026-02-23 at 09_48_18.csv,Viết bài top-list/so sánh; map vào cluster hub; bổ sung schema + ảnh/UGC,B,82.50000000000001,0%,"13,532"
bro hotel quận 6,Khách sạn Hồ Chí Minh,Lưu trú,In-scope Hồ Chí Minh,Commercial Investigation,50,N/A,N/A,N/A,Planner (Trung bình),data/google_planner/ho-chi-minh/Keyword Stats 2026-02-23 at 09_48_18.csv,Viết bài top-list/so sánh; map vào cluster hub; bổ sung schema + ảnh/UGC,B,82.50000000000001,0%,"11,224"
cloud 9 hotel gò vấp,Khách sạn Hồ Chí Minh,Lưu trú,In-scope Hồ Chí Minh,Commercial Investigation,50,N/A,N/A,N/A,Planner (Thấp),data/google_planner/ho-chi-minh/Keyword Stats 2026-02-23 at 09_48_18.csv,Viết bài top-list/so sánh; map vào cluster hub; bổ sung schema + ảnh/UGC,B,82.50000000000001,-90.0%,"15,627"
cloud hotel gò vấp,Khách sạn Hồ Chí Minh,Lưu trú,In-scope Hồ Chí Minh,Commercial Investigation,50,N/A,N/A,N/A,Planner (Thấp),data/google_planner/ho-chi-minh/Keyword Stats 2026-02-23 at 09_48_18.csv,Viết bài top-list/so sánh; map vào cluster hub; bổ sung schema + ảnh/UGC,B,82.50000000000001,0%,"13,855"
crystal palace hotel quận 7,Khách sạn Hồ Chí Minh,Lưu trú,In-scope Hồ Chí Minh,Commercial Investigation,50,N/A,N/A,N/A,Planner (Trung bình),data/google_planner/ho-chi-minh/Keyword Stats 2026-02-23 at 09_48_18.csv,Viết bài top-list/so sánh; map vào cluster hub; bổ sung schema + ảnh/UGC,B,82.50000000000001,0%,"21,814"
các khách sạn ở hồ chí minh,Khách sạn Hồ Chí Minh,Lưu trú,In-scope Hồ Chí Minh,Commercial Investigation,50,N/A,N/A,N/A,Planner (Cao),data/google_planner/ho-chi-minh/Keyword Stats 2026-02-23 at 09_48_18.csv,Viết bài top-list/so sánh; map vào cluster hub; bổ sung schema + ảnh/UGC,B,82.50000000000001,0%,"8,146"
các khách sạn ở quận 7,Khách sạn Hồ Chí Minh,Lưu trú,In-scope Hồ Chí Minh,Commercial Investigation,50,N/A,N/A,N/A,Planner (Cao),data/google_planner/ho-chi-minh/Keyword Stats 2026-02-23 at 09_48_18.csv,Viết bài top-list/so sánh; map vào cluster hub; bổ sung schema + ảnh/UGC,B,82.50000000000001,0%,"11,732"
các khách sạn ở quận 7 tphcm,Khách sạn Hồ Chí Minh,Lưu trú,In-scope Hồ Chí Minh,Commercial Investigation,50,N/A,N/A,N/A,Planner (Cao),data/google_planner/ho-chi-minh/Keyword Stats 2026-02-23 at 09_48_18.csv,Viết bài top-list/so sánh; map vào cluster hub; bổ sung schema + ảnh/UGC,B,82.50000000000001,0%,"6,807"
các khách sạn ở quận bình thạnh tphcm,Khách sạn Hồ Chí Minh,Lưu trú,In-scope Hồ Chí Minh,Commercial Investigation,50,N/A,N/A,N/A,Planner (Cao),data/google_planner/ho-chi-minh/Keyword Stats 2026-02-23 at 09_48_18.csv,Viết bài top-list/so sánh; map vào cluster hub; bổ sung schema + ảnh/UGC,B,82.50000000000001,0%,"15,179"
eden hotel bình thạnh,Khách sạn Hồ Chí Minh,Lưu trú,In-scope Hồ Chí Minh,Commercial Investigation,50,N/A,N/A,N/A,Planner (Thấp),data/google_planner/ho-chi-minh/Keyword Stats 2026-02-23 at 09_48_18.csv,Viết bài top-list/so sánh; map vào cluster hub; bổ sung schema + ảnh/UGC,B,82.50000000000001,0%,"9,349"
eros hotel phú nhuận,Khách sạn Hồ Chí Minh,Lưu trú,In-scope Hồ Chí Minh,Commercial Investigation,50,N/A,N/A,N/A,Planner (Trung bình),data/google_planner/ho-chi-minh/Keyword Stats 2026-02-23 at 09_48_18.csv,Viết bài top-list/so sánh; map vào cluster hub; bổ sung schema + ảnh/UGC,B,82.50000000000001,0%,"18,423"
fun hotel quận 7,Khách sạn Hồ Chí Minh,Lưu trú,In-scope Hồ Chí Minh,Commercial Investigation,50,N/A,N/A,N/A,Planner (Cao),data/google_planner/ho-chi-minh/Keyword Stats 2026-02-23 at 09_48_18.csv,Viết bài top-list/so sánh; map vào cluster hub; bổ sung schema + ảnh/UGC,B,82.50000000000001,-90.0%,"13,154"
galaxy hotel quận 7,Khách sạn Hồ Chí Minh,Lưu trú,In-scope Hồ Chí Minh,Commercial Investigation,50,N/A,N/A,N/A,Planner (Trung bình),data/google_planner/ho-chi-minh/Keyword Stats 2026-02-23 at 09_48_18.csv,Viết bài top-list/so sánh; map vào cluster hub; bổ sung schema + ảnh/UGC,B,82.50000000000001,0%,"24,931"
gia huyên hotel quận 4,Khách sạn Hồ Chí Minh,Lưu trú,In-scope Hồ Chí Minh,Transaction,50,N/A,N/A,N/A,Planner (Thấp),data/google_planner/ho-chi-minh/Keyword Stats 2026-02-23 at 09_48_18.csv,"Tạo landing chuyển đổi (giá/vé/đặt chỗ), gom vào cluster page + build backlink nội bộ",B,82.50000000000001,-90.0%,"14,806"
giá khách sạn tphcm,Khách sạn Hồ Chí Minh,Lưu trú,In-scope Hồ Chí Minh,Transaction,50,N/A,N/A,N/A,Planner (Cao),data/google_planner/ho-chi-minh/Keyword Stats 2026-02-23 at 09_48_18.csv,"Tạo landing chuyển đổi (giá/vé/đặt chỗ), gom vào cluster page + build backlink nội bộ",B,82.50000000000001,0%,"9,868"
glenwood city resort quận 2,Khách sạn Hồ Chí Minh,Lưu trú,In-scope Hồ Chí Minh,Commercial Investigation,50,N/A,N/A,N/A,Planner (Cao),data/google_planner/ho-chi-minh/Keyword Stats 2026-02-23 at 09_48_18.csv,Viết bài top-list/so sánh; map vào cluster hub; bổ sung schema + ảnh/UGC,B,82.50000000000001,0%,"8,747"
golda hotel quận 5,Khách sạn Hồ Chí Minh,Lưu trú,In-scope Hồ Chí Minh,Commercial Investigation,50,N/A,N/A,N/A,Planner (Cao),data/google_planner/ho-chi-minh/Keyword Stats 2026-02-23 at 09_48_18.csv,Viết bài top-list/so sánh; map vào cluster hub; bổ sung schema + ảnh/UGC,B,82.50000000000001,0%,"19,274"
golden star hotel hồ chí minh,Khách sạn Hồ Chí Minh,Lưu trú,In-scope Hồ Chí Minh,Commercial Investigation,50,N/A,N/A,N/A,Planner (Trung bình),data/google_planner/ho-chi-minh/Keyword Stats 2026-02-23 at 09_48_18.csv,Viết bài top-list/so sánh; map vào cluster hub; bổ sung schema + ảnh/UGC,B,82.50000000000001,0%,"19,055"
grand hotel hồ chí minh,Khách sạn Hồ Chí Minh,Lưu trú,In-scope Hồ Chí Minh,Commercial Investigation,50,N/A,N/A,N/A,Planner (Cao),data/google_planner/ho-chi-minh/Keyword Stats 2026-02-23 at 09_48_18.csv,Viết bài top-list/so sánh; map vào cluster hub; bổ sung schema + ảnh/UGC,B,82.50000000000001,0%,"5,955"
hoang phuong hotel ho chi minh,Khách sạn Hồ Chí Minh,Lưu trú,In-scope Hồ Chí Minh,Commercial Investigation,50,N/A,N/A,N/A,Planner (Cao),data/google_planner/ho-chi-minh/Keyword Stats 2026-02-23 at 09_48_18.csv,Viết bài top-list/so sánh; map vào cluster hub; bổ sung schema + ảnh/UGC,B,82.50000000000001,0%,"21,431"
hotel cloud 9 gò vấp,Khách sạn Hồ Chí Minh,Lưu trú,In-scope Hồ Chí Minh,Commercial Investigation,50,N/A,N/A,N/A,Planner (Thấp),data/google_planner/ho-chi-minh/Keyword Stats 2026-02-23 at 09_48_18.csv,Viết bài top-list/so sánh; map vào cluster hub; bổ sung schema + ảnh/UGC,B,82.50000000000001,0%,"8,232"
hotel eden gò vấp,Khách sạn Hồ Chí Minh,Lưu trú,In-scope Hồ Chí Minh,Commercial Investigation,50,N/A,N/A,N/A,Planner (Trung bình),data/google_planner/ho-chi-minh/Keyword Stats 2026-02-23 at 09_48_18.csv,Viết bài top-list/so sánh; map vào cluster hub; bổ sung schema + ảnh/UGC,B,82.50000000000001,0%,"4,809"
hotel giá rẻ bình thạnh,Khách sạn Hồ Chí Minh,Lưu trú,In-scope Hồ Chí Minh,Transaction,50,N/A,N/A,N/A,Planner (Cao),data/google_planner/ho-chi-minh/Keyword Stats 2026-02-23 at 09_48_18.csv,"Tạo landing chuyển đổi (giá/vé/đặt chỗ), gom vào cluster page + build backlink nội bộ",B,82.50000000000001,0%,"14,024"
hotel quận thủ đức,Khách sạn Hồ Chí Minh,Lưu trú,In-scope Hồ Chí Minh,Commercial Investigation,50,N/A,N/A,N/A,Planner (Trung bình),data/google_planner/ho-chi-minh/Keyword Stats 2026-02-23 at 09_48_18.csv,Viết bài top-list/so sánh; map vào cluster hub; bổ sung schema + ảnh/UGC,B,82.50000000000001,0%,"8,310"
hotel đông như gò vấp,Khách sạn Hồ Chí Minh,Lưu trú,In-scope Hồ Chí Minh,Commercial Investigation,50,N/A,N/A,N/A,Planner (Thấp),data/google_planner/ho-chi-minh/Keyword Stats 2026-02-23 at 09_48_18.csv,Viết bài top-list/so sánh; map vào cluster hub; bổ sung schema + ảnh/UGC,B,82.50000000000001,0%,"11,853"
hotel ở bình thạnh,Khách sạn Hồ Chí Minh,Lưu trú,In-scope Hồ Chí Minh,Commercial Investigation,50,N/A,N/A,N/A,Planner (Thấp),data/google_planner/ho-chi-minh/Keyword Stats 2026-02-23 at 09_48_18.csv,Viết bài top-list/so sánh; map vào cluster hub; bổ sung schema + ảnh/UGC,B,82.50000000000001,0%,"6,387"
hotel ở gò vấp,Khách sạn Hồ Chí Minh,Lưu trú,In-scope Hồ Chí Minh,Commercial Investigation,50,N/A,N/A,N/A,Planner (Trung bình),data/google_planner/ho-chi-minh/Keyword Stats 2026-02-23 at 09_48_18.csv,Viết bài top-list/so sánh; map vào cluster hub; bổ sung schema + ảnh/UGC,B,82.50000000000001,0%,"31,163"
hoàng quân hotel tân phú,Khách sạn Hồ Chí Minh,Lưu trú,In-scope Hồ Chí Minh,Commercial Investigation,50,N/A,N/A,N/A,Planner (Cao),data/google_planner/ho-chi-minh/Keyword Stats 2026-02-23 at 09_48_18.csv,Viết bài top-list/so sánh; map vào cluster hub; bổ sung schema + ảnh/UGC,B,82.50000000000001,0%,"9,349"
hoàng yến hotel quận 7,Khách sạn Hồ Chí Minh,Lưu trú,In-scope Hồ Chí Minh,Commercial Investigation,50,N/A,N/A,N/A,Planner (Trung bình),data/google_planner/ho-chi-minh/Keyword Stats 2026-02-23 at 09_48_18.csv,Viết bài top-list/so sánh; map vào cluster hub; bổ sung schema + ảnh/UGC,B,82.50000000000001,0%,"15,061"
hệ thống khách sạn accor tại hồ chí minh,Khách sạn Hồ Chí Minh,Lưu trú,In-scope Hồ Chí Minh,Commercial Investigation,50,N/A,N/A,N/A,Planner (Thấp),data/google_planner/ho-chi-minh/Keyword Stats 2026-02-23 at 09_48_18.csv,Viết bài top-list/so sánh; map vào cluster hub; bổ sung schema + ảnh/UGC,B,82.50000000000001,0%,"14,120"
ibis hotel hồ chí minh,Khách sạn Hồ Chí Minh,Lưu trú,In-scope Hồ Chí Minh,Commercial Investigation,50,N/A,N/A,N/A,Planner (Trung bình),data/google_planner/ho-chi-minh/Keyword Stats 2026-02-23 at 09_48_18.csv,Viết bài top-list/so sánh; map vào cluster hub; bổ sung schema + ảnh/UGC,B,82.50000000000001,0%,"12,152"
ibis hotel quận 7,Khách sạn Hồ Chí Minh,Lưu trú,In-scope Hồ Chí Minh,Commercial Investigation,50,N/A,N/A,N/A,Planner (Trung bình),data/google_planner/ho-chi-minh/Keyword Stats 2026-02-23 at 09_48_18.csv,Viết bài top-list/so sánh; map vào cluster hub; bổ sung schema + ảnh/UGC,B,82.50000000000001,0%,"18,565"
ibis hotel tân bình,Khách sạn Hồ Chí Minh,Lưu trú,In-scope Hồ Chí Minh,Commercial Investigation,50,N/A,N/A,N/A,Planner (Cao),data/google_planner/ho-chi-minh/Keyword Stats 2026-02-23 at 09_48_18.csv,Viết bài top-list/so sánh; map vào cluster hub; bổ sung schema + ảnh/UGC,B,82.50000000000001,-90.0%,"10,647"
iris hotel hồ chí minh,Khách sạn Hồ Chí Minh,Lưu trú,In-scope Hồ Chí Minh,Commercial Investigation,50,N/A,N/A,N/A,Planner (Cao),data/google_planner/ho-chi-minh/Keyword Stats 2026-02-23 at 09_48_18.csv,Viết bài top-list/so sánh; map vào cluster hub; bổ sung schema + ảnh/UGC,B,82.50000000000001,0%,"12,033"
j&k hotel quận 4,Khách sạn Hồ Chí Minh,Lưu trú,In-scope Hồ Chí Minh,Commercial Investigation,50,N/A,N/A,N/A,Planner (Cao),data/google_planner/ho-chi-minh/Keyword Stats 2026-02-23 at 09_48_18.csv,Viết bài top-list/so sánh; map vào cluster hub; bổ sung schema + ảnh/UGC,B,82.50000000000001,-90.0%,"10,388"
khách sạn an dương vương quận 5,Khách sạn Hồ Chí Minh,Lưu trú,In-scope Hồ Chí Minh,Commercial Investigation,50,N/A,N/A,N/A,Planner (Cao),data/google_planner/ho-chi-minh/Keyword Stats 2026-02-23 at 09_48_18.csv,Viết bài top-list/so sánh; map vào cluster hub; bổ sung schema + ảnh/UGC,B,82.50000000000001,-90.0%,"9,718"
khach san de nhat ho chi minh,Khách sạn Hồ Chí Minh,Lưu trú,In-scope Hồ Chí Minh,Commercial Investigation,50,N/A,N/A,N/A,Planner (Cao),data/google_planner/ho-chi-minh/Keyword Stats 2026-02-23 at 09_48_18.csv,Viết bài top-list/so sánh; map vào cluster hub; bổ sung schema + ảnh/UGC,B,82.50000000000001,0%,"16,808"
khach san gia re ho chi minh,Khách sạn Hồ Chí Minh,Lưu trú,In-scope Hồ Chí Minh,Transaction,50,N/A,N/A,N/A,Planner (Cao),data/google_planner/ho-chi-minh/Keyword Stats 2026-02-23 at 09_48_18.csv,"Tạo landing chuyển đổi (giá/vé/đặt chỗ), gom vào cluster page + build backlink nội bộ",B,82.50000000000001,-90.0%,"15,761"
khách sạn ibis hồ chí minh,Khách sạn Hồ Chí Minh,Lưu trú,In-scope Hồ Chí Minh,Commercial Investigation,50,N/A,N/A,N/A,Planner (Trung bình),data/google_planner/ho-chi-minh/Keyword Stats 2026-02-23 at 09_48_18.csv,Viết bài top-list/so sánh; map vào cluster hub; bổ sung schema + ảnh/UGC,B,82.50000000000001,0%,"12,655"
khach san o tp hcm,Khách sạn Hồ Chí Minh,Lưu trú,In-scope Hồ Chí Minh,Commercial Investigation,50,N/A,N/A,N/A,Planner (Cao),data/google_planner/ho-chi-minh/Keyword Stats 2026-02-23 at 09_48_18.csv,Viết bài top-list/so sánh; map vào cluster hub; bổ sung schema + ảnh/UGC,B,82.50000000000001,0%,"16,110"
khach san queen ann tp hcm,Khách sạn Hồ Chí Minh,Lưu trú,In-scope Hồ Chí Minh,Commercial Investigation,50,N/A,N/A,N/A,Planner (Cao),data/google_planner/ho-chi-minh/Keyword Stats 2026-02-23 at 09_48_18.csv,Viết bài top-list/so sánh; map vào cluster hub; bổ sung schema + ảnh/UGC,B,82.50000000000001,0%,"9,609"
khach san tai hcm,Khách sạn Hồ Chí Minh,Lưu trú,In-scope Hồ Chí Minh,Commercial Investigation,50,N/A,N/A,N/A,Planner (Cao),data/google_planner/ho-chi-minh/Keyword Stats 2026-02-23 at 09_48_18.csv,Viết bài top-list/so sánh; map vào cluster hub; bổ sung schema + ảnh/UGC,B,82.50000000000001,0%,"28,307"
khach san tân bình,Khách sạn Hồ Chí Minh,Lưu trú,In-scope Hồ Chí Minh,Commercial Investigation,50,N/A,N/A,N/A,Planner (Cao),data/google_planner/ho-chi-minh/Keyword Stats 2026-02-23 at 09_48_18.csv,Viết bài top-list/so sánh; map vào cluster hub; bổ sung schema + ảnh/UGC,B,82.50000000000001,-90.0%,"11,166"
khách sạn 6 sao ở thành phố hồ chí minh,Khách sạn Hồ Chí Minh,Lưu trú,In-scope Hồ Chí Minh,Commercial Investigation,50,N/A,N/A,N/A,Planner (Thấp),data/google_planner/ho-chi-minh/Keyword Stats 2026-02-23 at 09_48_18.csv,Viết bài top-list/so sánh; map vào cluster hub; bổ sung schema + ảnh/UGC,B,82.50000000000001,0%,"7,347"
khách sạn a in quận 2,Khách sạn Hồ Chí Minh,Lưu trú,In-scope Hồ Chí Minh,Commercial Investigation,50,N/A,N/A,N/A,Planner (Trung bình),data/google_planner/ho-chi-minh/Keyword Stats 2026-02-23 at 09_48_18.csv,Viết bài top-list/so sánh; map vào cluster hub; bổ sung schema + ảnh/UGC,B,82.50000000000001,-90.0%,"6,492"
khách sạn a25 hai bà trưng hồ chí minh,Khách sạn Hồ Chí Minh,Lưu trú,In-scope Hồ Chí Minh,Commercial Investigation,50,N/A,N/A,N/A,Planner (Cao),data/google_planner/ho-chi-minh/Keyword Stats 2026-02-23 at 09_48_18.csv,Viết bài top-list/so sánh; map vào cluster hub; bổ sung schema + ảnh/UGC,B,82.50000000000001,0%,"4,538"
khách sạn a25 hcm,Khách sạn Hồ Chí Minh,Lưu trú,In-scope Hồ Chí Minh,Commercial Investigation,50,N/A,N/A,N/A,Planner (Trung bình),data/google_planner/ho-chi-minh/Keyword Stats 2026-02-23 at 09_48_18.csv,Viết bài top-list/so sánh; map vào cluster hub; bổ sung schema + ảnh/UGC,B,82.50000000000001,0%,"12,725"
khách sạn a25 quận 5,Khách sạn Hồ Chí Minh,Lưu trú,In-scope Hồ Chí Minh,Commercial Investigation,50,N/A,N/A,N/A,Planner (Trung bình),data/google_planner/ho-chi-minh/Keyword Stats 2026-02-23 at 09_48_18.csv,Viết bài top-list/so sánh; map vào cluster hub; bổ sung schema + ảnh/UGC,B,82.50000000000001,0%,"13,000"
khách sạn a25 thành phố hồ chí minh,Khách sạn Hồ Chí Minh,Lưu trú,In-scope Hồ Chí Minh,Commercial Investigation,50,N/A,N/A,N/A,Planner (Trung bình),data/google_planner/ho-chi-minh/Keyword Stats 2026-02-23 at 09_48_18.csv,Viết bài top-list/so sánh; map vào cluster hub; bổ sung schema + ảnh/UGC,B,82.50000000000001,0%,"8,846"
khách sạn a25 tp hcm,Khách sạn Hồ Chí Minh,Lưu trú,In-scope Hồ Chí Minh,Commercial Investigation,50,N/A,N/A,N/A,Planner (Trung bình),data/google_planner/ho-chi-minh/Keyword Stats 2026-02-23 at 09_48_18.csv,Viết bài top-list/so sánh; map vào cluster hub; bổ sung schema + ảnh/UGC,B,82.50000000000001,0%,"6,430"
khách sạn a25 tại sài gòn,Khách sạn Hồ Chí Minh,Lưu trú,In-scope Hồ Chí Minh,Commercial Investigation,50,N/A,N/A,N/A,Planner (Trung bình),data/google_planner/ho-chi-minh/Keyword Stats 2026-02-23 at 09_48_18.csv,Viết bài top-list/so sánh; map vào cluster hub; bổ sung schema + ảnh/UGC,B,82.50000000000001,0%,"7,389"
khách sạn aiden quận 6,Khách sạn Hồ Chí Minh,Lưu trú,In-scope Hồ Chí Minh,Commercial Investigation,50,N/A,N/A,N/A,Planner (Cao),data/google_planner/ho-chi-minh/Keyword Stats 2026-02-23 at 09_48_18.csv,Viết bài top-list/so sánh; map vào cluster hub; bổ sung schema + ảnh/UGC,B,82.50000000000001,0%,"10,647"
khách sạn alagon hồ chí minh,Khách sạn Hồ Chí Minh,Lưu trú,In-scope Hồ Chí Minh,Commercial Investigation,50,N/A,N/A,N/A,Planner (Trung bình),data/google_planner/ho-chi-minh/Keyword Stats 2026-02-23 at 09_48_18.csv,Viết bài top-list/so sánh; map vào cluster hub; bổ sung schema + ảnh/UGC,B,82.50000000000001,0%,"11,994"
khách sạn amura quận 7,Khách sạn Hồ Chí Minh,Lưu trú,In-scope Hồ Chí Minh,Commercial Investigation,50,N/A,N/A,N/A,Planner (Trung bình),data/google_planner/ho-chi-minh/Keyword Stats 2026-02-23 at 09_48_18.csv,Viết bài top-list/so sánh; map vào cluster hub; bổ sung schema + ảnh/UGC,B,82.50000000000001,0%,"9,414"
khách sạn anh kiệt quận 9,Khách sạn Hồ Chí Minh,Lưu trú,In-scope Hồ Chí Minh,Commercial Investigation,50,N/A,N/A,N/A,Planner (Thấp),data/google_planner/ho-chi-minh/Keyword Stats 2026-02-23 at 09_48_18.csv,Viết bài top-list/so sánh; map vào cluster hub; bổ sung schema + ảnh/UGC,B,82.50000000000001,-90.0%,"17,140"
khách sạn aristo hcm,Khách sạn Hồ Chí Minh,Lưu trú,In-scope Hồ Chí Minh,Commercial Investigation,50,N/A,N/A,N/A,Planner (Cao),data/google_planner/ho-chi-minh/Keyword Stats 2026-02-23 at 09_48_18.csv,Viết bài top-list/so sánh; map vào cluster hub; bổ sung schema + ảnh/UGC,B,82.50000000000001,0%,"6,185"
khách sạn aristo hồ chí minh,Khách sạn Hồ Chí Minh,Lưu trú,In-scope Hồ Chí Minh,Commercial Investigation,50,N/A,N/A,N/A,Planner (Cao),data/google_planner/ho-chi-minh/Keyword Stats 2026-02-23 at 09_48_18.csv,Viết bài top-list/so sánh; map vào cluster hub; bổ sung schema + ảnh/UGC,B,82.50000000000001,0%,"11,167"
khách sạn athena hồ chí minh,Khách sạn Hồ Chí Minh,Lưu trú,In-scope Hồ Chí Minh,Commercial Investigation,50,N/A,N/A,N/A,Planner (Cao),data/google_planner/ho-chi-minh/Keyword Stats 2026-02-23 at 09_48_18.csv,Viết bài top-list/so sánh; map vào cluster hub; bổ sung schema + ảnh/UGC,B,82.50000000000001,0%,"13,537"
khách sạn azumaya hcm,Khách sạn Hồ Chí Minh,Lưu trú,In-scope Hồ Chí Minh,Commercial Investigation,50,N/A,N/A,N/A,Planner (Thấp),data/google_planner/ho-chi-minh/Keyword Stats 2026-02-23 at 09_48_18.csv,Viết bài top-list/so sánh; map vào cluster hub; bổ sung schema + ảnh/UGC,B,82.50000000000001,0%,"11,433"
khách sạn azumaya hồ chí minh,Khách sạn Hồ Chí Minh,Lưu trú,In-scope Hồ Chí Minh,Commercial Investigation,50,N/A,N/A,N/A,Planner (Thấp),data/google_planner/ho-chi-minh/Keyword Stats 2026-02-23 at 09_48_18.csv,Viết bài top-list/so sánh; map vào cluster hub; bổ sung schema + ảnh/UGC,B,82.50000000000001,0%,"11,433"
khách sạn bình thạnh hcm,Khách sạn Hồ Chí Minh,Lưu trú,In-scope Hồ Chí Minh,Commercial Investigation,50,N/A,N/A,N/A,Planner (Cao),data/google_planner/ho-chi-minh/Keyword Stats 2026-02-23 at 09_48_18.csv,Viết bài top-list/so sánh; map vào cluster hub; bổ sung schema + ảnh/UGC,B,82.50000000000001,0%,"11,314"
khách sạn bông sen hồ chí minh,Khách sạn Hồ Chí Minh,Lưu trú,In-scope Hồ Chí Minh,Commercial Investigation,50,N/A,N/A,N/A,Planner (Cao),data/google_planner/ho-chi-minh/Keyword Stats 2026-02-23 at 09_48_18.csv,Viết bài top-list/so sánh; map vào cluster hub; bổ sung schema + ảnh/UGC,B,82.50000000000001,0%,"28,736"
khách sạn bông sen saigon,Khách sạn Hồ Chí Minh,Lưu trú,In-scope Hồ Chí Minh,Commercial Investigation,50,N/A,N/A,N/A,Planner (Trung bình),data/google_planner/ho-chi-minh/Keyword Stats 2026-02-23 at 09_48_18.csv,Viết bài top-list/so sánh; map vào cluster hub; bổ sung schema + ảnh/UGC,B,82.50000000000001,0%,"14,872"
khách sạn bùi thị xuân hcm,Khách sạn Hồ Chí Minh,Lưu trú,In-scope Hồ Chí Minh,Commercial Investigation,50,N/A,N/A,N/A,Planner (Cao),data/google_planner/ho-chi-minh/Keyword Stats 2026-02-23 at 09_48_18.csv,Viết bài top-list/so sánh; map vào cluster hub; bổ sung schema + ảnh/UGC,B,82.50000000000001,0%,"24,329"
khách sạn bùi thị xuân hồ chí minh,Khách sạn Hồ Chí Minh,Lưu trú,In-scope Hồ Chí Minh,Commercial Investigation,50,N/A,N/A,N/A,Planner (Trung bình),data/google_planner/ho-chi-minh/Keyword Stats 2026-02-23 at 09_48_18.csv,Viết bài top-list/so sánh; map vào cluster hub; bổ sung schema + ảnh/UGC,B,82.50000000000001,0%,"17,387"
khách sạn chloe gallery quận 7,Khách sạn Hồ Chí Minh,Lưu trú,In-scope Hồ Chí Minh,Commercial Investigation,50,N/A,N/A,N/A,Planner (Cao),data/google_planner/ho-chi-minh/Keyword Stats 2026-02-23 at 09_48_18.csv,Viết bài top-list/so sánh; map vào cluster hub; bổ sung schema + ảnh/UGC,B,82.50000000000001,0%,"4,009"
khách sạn con nhộng hồ chí minh,Khách sạn Hồ Chí Minh,Lưu trú,In-scope Hồ Chí Minh,Commercial Investigation,50,N/A,N/A,N/A,Planner (Trung bình),data/google_planner/ho-chi-minh/Keyword Stats 2026-02-23 at 09_48_18.csv,Viết bài top-list/so sánh; map vào cluster hub; bổ sung schema + ảnh/UGC,B,82.50000000000001,0%,"16,157"
khách sạn continental hồ chí minh,Khách sạn Hồ Chí Minh,Lưu trú,In-scope Hồ Chí Minh,Commercial Investigation,50,N/A,N/A,N/A,Planner (Cao),data/google_planner/ho-chi-minh/Keyword Stats 2026-02-23 at 09_48_18.csv,Viết bài top-list/so sánh; map vào cluster hub; bổ sung schema + ảnh/UGC,B,82.50000000000001,0%,"10,941"
khách sạn eden gò vấp lê văn thọ,Khách sạn Hồ Chí Minh,Lưu trú,In-scope Hồ Chí Minh,Commercial Investigation,50,N/A,N/A,N/A,Planner (Thấp),data/google_planner/ho-chi-minh/Keyword Stats 2026-02-23 at 09_48_18.csv,Viết bài top-list/so sánh; map vào cluster hub; bổ sung schema + ảnh/UGC,B,82.50000000000001,0%,"8,830"
khách sạn eden hồ chí minh,Khách sạn Hồ Chí Minh,Lưu trú,In-scope Hồ Chí Minh,Commercial Investigation,50,N/A,N/A,N/A,Planner (Trung bình),data/google_planner/ho-chi-minh/Keyword Stats 2026-02-23 at 09_48_18.csv,Viết bài top-list/so sánh; map vào cluster hub; bổ sung schema + ảnh/UGC,B,82.50000000000001,0%,"17,202"
khách sạn equatorial hồ chí minh,Khách sạn Hồ Chí Minh,Lưu trú,In-scope Hồ Chí Minh,Commercial Investigation,50,N/A,N/A,N/A,Planner (Trung bình),data/google_planner/ho-chi-minh/Keyword Stats 2026-02-23 at 09_48_18.csv,Viết bài top-list/so sánh; map vào cluster hub; bổ sung schema + ảnh/UGC,B,82.50000000000001,0%,"5,799"
khách sạn equatorial quận 5,Khách sạn Hồ Chí Minh,Lưu trú,In-scope Hồ Chí Minh,Commercial Investigation,50,N/A,N/A,N/A,Planner (Cao),data/google_planner/ho-chi-minh/Keyword Stats 2026-02-23 at 09_48_18.csv,Viết bài top-list/so sánh; map vào cluster hub; bổ sung schema + ảnh/UGC,B,82.50000000000001,-90.0%,"7,907"
khách sạn equatorial thành phố hồ chí minh,Khách sạn Hồ Chí Minh,Lưu trú,In-scope Hồ Chí Minh,Commercial Investigation,50,N/A,N/A,N/A,Planner (Trung bình),data/google_planner/ho-chi-minh/Keyword Stats 2026-02-23 at 09_48_18.csv,Viết bài top-list/so sánh; map vào cluster hub; bổ sung schema + ảnh/UGC,B,82.50000000000001,0%,"6,962"
khách sạn felix quận 8,Khách sạn Hồ Chí Minh,Lưu trú,In-scope Hồ Chí Minh,Commercial Investigation,50,N/A,N/A,N/A,Planner (Trung bình),data/google_planner/ho-chi-minh/Keyword Stats 2026-02-23 at 09_48_18.csv,Viết bài top-list/so sánh; map vào cluster hub; bổ sung schema + ảnh/UGC,B,82.50000000000001,0%,"7,762"
khách sạn fun quận 7,Khách sạn Hồ Chí Minh,Lưu trú,In-scope Hồ Chí Minh,Commercial Investigation,50,N/A,N/A,N/A,Planner (Trung bình),data/google_planner/ho-chi-minh/Keyword Stats 2026-02-23 at 09_48_18.csv,Viết bài top-list/so sánh; map vào cluster hub; bổ sung schema + ảnh/UGC,B,82.50000000000001,0%,"8,914"
khách sạn gic land hồ chí minh,Khách sạn Hồ Chí Minh,Lưu trú,In-scope Hồ Chí Minh,Commercial Investigation,50,N/A,N/A,N/A,Planner (Cao),data/google_planner/ho-chi-minh/Keyword Stats 2026-02-23 at 09_48_18.csv,Viết bài top-list/so sánh; map vào cluster hub; bổ sung schema + ảnh/UGC,B,82.50000000000001,0%,"7,012"
khách sạn giá rẻ tp hcm,Khách sạn Hồ Chí Minh,Lưu trú,In-scope Hồ Chí Minh,Transaction,50,N/A,N/A,N/A,Planner (Cao),data/google_planner/ho-chi-minh/Keyword Stats 2026-02-23 at 09_48_18.csv,"Tạo landing chuyển đổi (giá/vé/đặt chỗ), gom vào cluster page + build backlink nội bộ",B,82.50000000000001,0%,"15,841"
khách sạn giá rẻ tại thành phố hồ chí minh,Khách sạn Hồ Chí Minh,Lưu trú,In-scope Hồ Chí Minh,Transaction,50,N/A,N/A,N/A,Planner (Cao),data/google_planner/ho-chi-minh/Keyword Stats 2026-02-23 at 09_48_18.csv,"Tạo landing chuyển đổi (giá/vé/đặt chỗ), gom vào cluster page + build backlink nội bộ",B,82.50000000000001,0%,"11,192"
khách sạn giá rẻ ở quận 4,Khách sạn Hồ Chí Minh,Lưu trú,In-scope Hồ Chí Minh,Transaction,50,N/A,N/A,N/A,Planner (Cao),data/google_planner/ho-chi-minh/Keyword Stats 2026-02-23 at 09_48_18.csv,"Tạo landing chuyển đổi (giá/vé/đặt chỗ), gom vào cluster page + build backlink nội bộ",B,82.50000000000001,0%,"10,388"
khách sạn golda thuận kiều hồ chí minh,Khách sạn Hồ Chí Minh,Lưu trú,In-scope Hồ Chí Minh,Commercial Investigation,50,N/A,N/A,N/A,Planner (Cao),data/google_planner/ho-chi-minh/Keyword Stats 2026-02-23 at 09_48_18.csv,Viết bài top-list/so sánh; map vào cluster hub; bổ sung schema + ảnh/UGC,B,82.50000000000001,0%,"9,868"
khách sạn grand hồ chí minh,Khách sạn Hồ Chí Minh,Lưu trú,In-scope Hồ Chí Minh,Commercial Investigation,50,N/A,N/A,N/A,Planner (Cao),data/google_planner/ho-chi-minh/Keyword Stats 2026-02-23 at 09_48_18.csv,Viết bài top-list/so sánh; map vào cluster hub; bổ sung schema + ảnh/UGC,B,82.50000000000001,0%,"8,051"
khách sạn gần bệnh viện chợ rẫy hồ chí minh,Khách sạn Hồ Chí Minh,Lưu trú,In-scope Hồ Chí Minh,Commercial Investigation,50,N/A,N/A,N/A,Planner (Cao),data/google_planner/ho-chi-minh/Keyword Stats 2026-02-23 at 09_48_18.csv,Viết bài top-list/so sánh; map vào cluster hub; bổ sung schema + ảnh/UGC,B,82.50000000000001,-90.0%,"13,559"
khách sạn gần bệnh viện tâm anh hồ chí minh,Khách sạn Hồ Chí Minh,Lưu trú,In-scope Hồ Chí Minh,Commercial Investigation,50,N/A,N/A,N/A,Planner (Cao),data/google_planner/ho-chi-minh/Keyword Stats 2026-02-23 at 09_48_18.csv,Viết bài top-list/so sánh; map vào cluster hub; bổ sung schema + ảnh/UGC,B,82.50000000000001,0%,"10,042"
khách sạn gần đây quận 7,Khách sạn Hồ Chí Minh,Lưu trú,In-scope Hồ Chí Minh,Commercial Investigation,50,N/A,N/A,N/A,Planner (Cao),data/google_planner/ho-chi-minh/Keyword Stats 2026-02-23 at 09_48_18.csv,Viết bài top-list/so sánh; map vào cluster hub; bổ sung schema + ảnh/UGC,B,82.50000000000001,0%,"7,900"
khách sạn gần đại học y dược quận 5,Khách sạn Hồ Chí Minh,Lưu trú,In-scope Hồ Chí Minh,Commercial Investigation,50,N/A,N/A,N/A,Planner (Cao),data/google_planner/ho-chi-minh/Keyword Stats 2026-02-23 at 09_48_18.csv,Viết bài top-list/so sánh; map vào cluster hub; bổ sung schema + ảnh/UGC,B,82.50000000000001,-90.0%,"24,386"
khách sạn him lam quận 7,Khách sạn Hồ Chí Minh,Lưu trú,In-scope Hồ Chí Minh,Commercial Investigation,50,N/A,N/A,N/A,Planner (Cao),data/google_planner/ho-chi-minh/Keyword Stats 2026-02-23 at 09_48_18.csv,Viết bài top-list/so sánh; map vào cluster hub; bổ sung schema + ảnh/UGC,B,82.50000000000001,-90.0%,"8,750"
khách sạn hoàng lâm quận 2,Khách sạn Hồ Chí Minh,Lưu trú,In-scope Hồ Chí Minh,Commercial Investigation,50,N/A,N/A,N/A,Planner (Trung bình),data/google_planner/ho-chi-minh/Keyword Stats 2026-02-23 at 09_48_18.csv,Viết bài top-list/so sánh; map vào cluster hub; bổ sung schema + ảnh/UGC,B,82.50000000000001,0%,"12,985"
khách sạn hoàng nam quận 5,Khách sạn Hồ Chí Minh,Lưu trú,In-scope Hồ Chí Minh,Commercial Investigation,50,N/A,N/A,N/A,Planner (Trung bình),data/google_planner/ho-chi-minh/Keyword Stats 2026-02-23 at 09_48_18.csv,Viết bài top-list/so sánh; map vào cluster hub; bổ sung schema + ảnh/UGC,B,82.50000000000001,0%,"11,464"
khách sạn hà lâm quận 2,Khách sạn Hồ Chí Minh,Lưu trú,In-scope Hồ Chí Minh,Commercial Investigation,50,N/A,N/A,N/A,Planner (Trung bình),data/google_planner/ho-chi-minh/Keyword Stats 2026-02-23 at 09_48_18.csv,Viết bài top-list/so sánh; map vào cluster hub; bổ sung schema + ảnh/UGC,B,82.50000000000001,0%,"15,211"
khách sạn hà ngọc quận tân bình,Khách sạn Hồ Chí Minh,Lưu trú,In-scope Hồ Chí Minh,Commercial Investigation,50,N/A,N/A,N/A,Planner (Cao),data/google_planner/ho-chi-minh/Keyword Stats 2026-02-23 at 09_48_18.csv,Viết bài top-list/so sánh; map vào cluster hub; bổ sung schema + ảnh/UGC,B,82.50000000000001,0%,"8,661"
khách sạn hóc môn thành phố hồ chí minh,Khách sạn Hồ Chí Minh,Lưu trú,In-scope Hồ Chí Minh,Commercial Investigation,50,N/A,N/A,N/A,Planner (Cao),data/google_planner/ho-chi-minh/Keyword Stats 2026-02-23 at 09_48_18.csv,Viết bài top-list/so sánh; map vào cluster hub; bổ sung schema + ảnh/UGC,B,82.50000000000001,-90.0%,"12,985"
khách sạn hương sen hồ chí minh,Khách sạn Hồ Chí Minh,Lưu trú,In-scope Hồ Chí Minh,Commercial Investigation,50,N/A,N/A,N/A,Planner (Trung bình),data/google_planner/ho-chi-minh/Keyword Stats 2026-02-23 at 09_48_18.csv,Viết bài top-list/so sánh; map vào cluster hub; bổ sung schema + ảnh/UGC,B,82.50000000000001,0%,"7,008"
khách sạn hạ vy quận 9,Khách sạn Hồ Chí Minh,Lưu trú,In-scope Hồ Chí Minh,Commercial Investigation,50,N/A,N/A,N/A,Planner (Thấp),data/google_planner/ho-chi-minh/Keyword Stats 2026-02-23 at 09_48_18.csv,Viết bài top-list/so sánh; map vào cluster hub; bổ sung schema + ảnh/UGC,B,82.50000000000001,0%,"14,927"
khách sạn iris hồ chí minh,Khách sạn Hồ Chí Minh,Lưu trú,In-scope Hồ Chí Minh,Commercial Investigation,50,N/A,N/A,N/A,Planner (Cao),data/google_planner/ho-chi-minh/Keyword Stats 2026-02-23 at 09_48_18.csv,Viết bài top-list/so sánh; map vào cluster hub; bổ sung schema + ảnh/UGC,B,82.50000000000001,0%,"15,282"
khách sạn j&k quận 4,Khách sạn Hồ Chí Minh,Lưu trú,In-scope Hồ Chí Minh,Commercial Investigation,50,N/A,N/A,N/A,Planner (Cao),data/google_planner/ho-chi-minh/Keyword Stats 2026-02-23 at 09_48_18.csv,Viết bài top-list/so sánh; map vào cluster hub; bổ sung schema + ảnh/UGC,B,82.50000000000001,0%,"7,750"
khách sạn khu trung sơn quận 8,Khách sạn Hồ Chí Minh,Lưu trú,In-scope Hồ Chí Minh,Commercial Investigation,50,N/A,N/A,N/A,Planner (Cao),data/google_planner/ho-chi-minh/Keyword Stats 2026-02-23 at 09_48_18.csv,Viết bài top-list/so sánh; map vào cluster hub; bổ sung schema + ảnh/UGC,B,82.50000000000001,0%,"5,174"
khách sạn khu vực quận 5,Khách sạn Hồ Chí Minh,Lưu trú,In-scope Hồ Chí Minh,Commercial Investigation,50,N/A,N/A,N/A,Planner (Cao),data/google_planner/ho-chi-minh/Keyword Stats 2026-02-23 at 09_48_18.csv,Viết bài top-list/so sánh; map vào cluster hub; bổ sung schema + ảnh/UGC,B,82.50000000000001,0%,"19,762"
khách sạn khu vực quận 7,Khách sạn Hồ Chí Minh,Lưu trú,In-scope Hồ Chí Minh,Commercial Investigation,50,N/A,N/A,N/A,Planner (Cao),data/google_planner/ho-chi-minh/Keyword Stats 2026-02-23 at 09_48_18.csv,Viết bài top-list/so sánh; map vào cluster hub; bổ sung schema + ảnh/UGC,B,82.50000000000001,0%,"21,190"
khách sạn kim đô hồ chí minh,Khách sạn Hồ Chí Minh,Lưu trú,In-scope Hồ Chí Minh,Commercial Investigation,50,N/A,N/A,N/A,Planner (Cao),data/google_planner/ho-chi-minh/Keyword Stats 2026-02-23 at 09_48_18.csv,Viết bài top-list/so sánh; map vào cluster hub; bổ sung schema + ảnh/UGC,B,82.50000000000001,0%,"10,372"
khách sạn kinh bắc quận 6,Khách sạn Hồ Chí Minh,Lưu trú,In-scope Hồ Chí Minh,Commercial Investigation,50,N/A,N/A,N/A,Planner (Trung bình),data/google_planner/ho-chi-minh/Keyword Stats 2026-02-23 at 09_48_18.csv,Viết bài top-list/so sánh; map vào cluster hub; bổ sung schema + ảnh/UGC,B,82.50000000000001,0%,"12,256"
khách sạn kỳ hòa thành phố hồ chí minh,Khách sạn Hồ Chí Minh,Lưu trú,In-scope Hồ Chí Minh,Commercial Investigation,50,N/A,N/A,N/A,Planner (Trung bình),data/google_planner/ho-chi-minh/Keyword Stats 2026-02-23 at 09_48_18.csv,Viết bài top-list/so sánh; map vào cluster hub; bổ sung schema + ảnh/UGC,B,82.50000000000001,0%,"13,891"
khách sạn la casona quận 7,Khách sạn Hồ Chí Minh,Lưu trú,In-scope Hồ Chí Minh,Commercial Investigation,50,N/A,N/A,N/A,Planner (Trung bình),data/google_planner/ho-chi-minh/Keyword Stats 2026-02-23 at 09_48_18.csv,Viết bài top-list/so sánh; map vào cluster hub; bổ sung schema + ảnh/UGC,B,82.50000000000001,0%,"14,835"
khách sạn laguna quận 7,Khách sạn Hồ Chí Minh,Lưu trú,In-scope Hồ Chí Minh,Commercial Investigation,50,N/A,N/A,N/A,Planner (Trung bình),data/google_planner/ho-chi-minh/Keyword Stats 2026-02-23 at 09_48_18.csv,Viết bài top-list/so sánh; map vào cluster hub; bổ sung schema + ảnh/UGC,B,82.50000000000001,0%,"13,285"
khách sạn le jardin quận 4,Khách sạn Hồ Chí Minh,Lưu trú,In-scope Hồ Chí Minh,Commercial Investigation,50,N/A,N/A,N/A,Planner (Cao),data/google_planner/ho-chi-minh/Keyword Stats 2026-02-23 at 09_48_18.csv,Viết bài top-list/so sánh; map vào cluster hub; bổ sung schema + ảnh/UGC,B,82.50000000000001,0%,"6,752"
khách sạn liberty hcm,Khách sạn Hồ Chí Minh,Lưu trú,In-scope Hồ Chí Minh,Commercial Investigation,50,N/A,N/A,N/A,Planner (Cao),data/google_planner/ho-chi-minh/Keyword Stats 2026-02-23 at 09_48_18.csv,Viết bài top-list/so sánh; map vào cluster hub; bổ sung schema + ảnh/UGC,B,82.50000000000001,0%,"10,057"
khách sạn ly ly quận 6,Khách sạn Hồ Chí Minh,Lưu trú,In-scope Hồ Chí Minh,Commercial Investigation,50,N/A,N/A,N/A,Planner (Trung bình),data/google_planner/ho-chi-minh/Keyword Stats 2026-02-23 at 09_48_18.csv,Viết bài top-list/so sánh; map vào cluster hub; bổ sung schema + ảnh/UGC,B,82.50000000000001,0%,"16,050"
khách sạn lâm văn bền quận 7,Khách sạn Hồ Chí Minh,Lưu trú,In-scope Hồ Chí Minh,Commercial Investigation,50,N/A,N/A,N/A,Planner (Trung bình),data/google_planner/ho-chi-minh/Keyword Stats 2026-02-23 at 09_48_18.csv,Viết bài top-list/so sánh; map vào cluster hub; bổ sung schema + ảnh/UGC,B,82.50000000000001,0%,"5,713"
khách sạn lê văn lương quận 7,Khách sạn Hồ Chí Minh,Lưu trú,In-scope Hồ Chí Minh,Commercial Investigation,50,N/A,N/A,N/A,Planner (Cao),data/google_planner/ho-chi-minh/Keyword Stats 2026-02-23 at 09_48_18.csv,Viết bài top-list/so sánh; map vào cluster hub; bổ sung schema + ảnh/UGC,B,82.50000000000001,0%,"8,445"
khách sạn lê văn việt quận 9,Khách sạn Hồ Chí Minh,Lưu trú,In-scope Hồ Chí Minh,Commercial Investigation,50,N/A,N/A,N/A,Planner (Trung bình),data/google_planner/ho-chi-minh/Keyword Stats 2026-02-23 at 09_48_18.csv,Viết bài top-list/so sánh; map vào cluster hub; bổ sung schema + ảnh/UGC,B,82.50000000000001,0%,"7,829"
khách sạn majestic hồ chí minh,Khách sạn Hồ Chí Minh,Lưu trú,In-scope Hồ Chí Minh,Commercial Investigation,50,N/A,N/A,N/A,Planner (Cao),data/google_planner/ho-chi-minh/Keyword Stats 2026-02-23 at 09_48_18.csv,Viết bài top-list/so sánh; map vào cluster hub; bổ sung schema + ảnh/UGC,B,82.50000000000001,0%,"6,970"
khách sạn marriott hồ chí minh,Khách sạn Hồ Chí Minh,Lưu trú,In-scope Hồ Chí Minh,Commercial Investigation,50,N/A,N/A,N/A,Planner (Thấp),data/google_planner/ho-chi-minh/Keyword Stats 2026-02-23 at 09_48_18.csv,Viết bài top-list/so sánh; map vào cluster hub; bổ sung schema + ảnh/UGC,B,82.50000000000001,-90.0%,"6,790"
khách sạn metropole hồ chí minh,Khách sạn Hồ Chí Minh,Lưu trú,In-scope Hồ Chí Minh,Commercial Investigation,50,N/A,N/A,N/A,Planner (Thấp),data/google_planner/ho-chi-minh/Keyword Stats 2026-02-23 at 09_48_18.csv,Viết bài top-list/so sánh; map vào cluster hub; bổ sung schema + ảnh/UGC,B,82.50000000000001,0%,"8,310"
khách sạn mi linh quận tân bình,Khách sạn Hồ Chí Minh,Lưu trú,In-scope Hồ Chí Minh,Commercial Investigation,50,N/A,N/A,N/A,Planner (Cao),data/google_planner/ho-chi-minh/Keyword Stats 2026-02-23 at 09_48_18.csv,Viết bài top-list/so sánh; map vào cluster hub; bổ sung schema + ảnh/UGC,B,82.50000000000001,0%,"13,304"
khách sạn minh thuận gò vấp,Khách sạn Hồ Chí Minh,Lưu trú,In-scope Hồ Chí Minh,Commercial Investigation,50,N/A,N/A,N/A,Planner (Thấp),data/google_planner/ho-chi-minh/Keyword Stats 2026-02-23 at 09_48_18.csv,Viết bài top-list/so sánh; map vào cluster hub; bổ sung schema + ảnh/UGC,B,82.50000000000001,0%,"8,145"
khách sạn minh tâm hcm,Khách sạn Hồ Chí Minh,Lưu trú,In-scope Hồ Chí Minh,Commercial Investigation,50,N/A,N/A,N/A,Planner (Trung bình),data/google_planner/ho-chi-minh/Keyword Stats 2026-02-23 at 09_48_18.csv,Viết bài top-list/so sánh; map vào cluster hub; bổ sung schema + ảnh/UGC,B,82.50000000000001,0%,"10,220"
khách sạn minh tâm hồ chí minh,Khách sạn Hồ Chí Minh,Lưu trú,In-scope Hồ Chí Minh,Commercial Investigation,50,N/A,N/A,N/A,Planner (Trung bình),data/google_planner/ho-chi-minh/Keyword Stats 2026-02-23 at 09_48_18.csv,Viết bài top-list/so sánh; map vào cluster hub; bổ sung schema + ảnh/UGC,B,82.50000000000001,0%,"9,924"
khách sạn my friend quận 5,Khách sạn Hồ Chí Minh,Lưu trú,In-scope Hồ Chí Minh,Commercial Investigation,50,N/A,N/A,N/A,Planner (Trung bình),data/google_planner/ho-chi-minh/Keyword Stats 2026-02-23 at 09_48_18.csv,Viết bài top-list/so sánh; map vào cluster hub; bổ sung schema + ảnh/UGC,B,82.50000000000001,0%,"10,907"
khách sạn nam hòa quận 9,Khách sạn Hồ Chí Minh,Lưu trú,In-scope Hồ Chí Minh,Commercial Investigation,50,N/A,N/A,N/A,Planner (Thấp),data/google_planner/ho-chi-minh/Keyword Stats 2026-02-23 at 09_48_18.csv,Viết bài top-list/so sánh; map vào cluster hub; bổ sung schema + ảnh/UGC,B,82.50000000000001,0%,"7,717"
khách sạn new grand quận 7,Khách sạn Hồ Chí Minh,Lưu trú,In-scope Hồ Chí Minh,Commercial Investigation,50,N/A,N/A,N/A,Planner (Thấp),data/google_planner/ho-chi-minh/Keyword Stats 2026-02-23 at 09_48_18.csv,Viết bài top-list/so sánh; map vào cluster hub; bổ sung schema + ảnh/UGC,B,82.50000000000001,0%,"22,880"
khách sạn new world hồ chí minh,Khách sạn Hồ Chí Minh,Lưu trú,In-scope Hồ Chí Minh,Commercial Investigation,50,N/A,N/A,N/A,Planner (Cao),data/google_planner/ho-chi-minh/Keyword Stats 2026-02-23 at 09_48_18.csv,Viết bài top-list/so sánh; map vào cluster hub; bổ sung schema + ảnh/UGC,B,82.50000000000001,0%,"13,888"
khách sạn new world thành phố hồ chí minh,Khách sạn Hồ Chí Minh,Lưu trú,In-scope Hồ Chí Minh,Commercial Investigation,50,N/A,N/A,N/A,Planner (Thấp),data/google_planner/ho-chi-minh/Keyword Stats 2026-02-23 at 09_48_18.csv,Viết bài top-list/so sánh; map vào cluster hub; bổ sung schema + ảnh/UGC,B,82.50000000000001,0%,"5,138"
khách sạn nguyễn lương bằng quận 7,Khách sạn Hồ Chí Minh,Lưu trú,In-scope Hồ Chí Minh,Commercial Investigation,50,N/A,N/A,N/A,Planner (Cao),data/google_planner/ho-chi-minh/Keyword Stats 2026-02-23 at 09_48_18.csv,Viết bài top-list/so sánh; map vào cluster hub; bổ sung schema + ảnh/UGC,B,82.50000000000001,0%,"13,567"
khách sạn nguyễn văn linh quận 7,Khách sạn Hồ Chí Minh,Lưu trú,In-scope Hồ Chí Minh,Commercial Investigation,50,N/A,N/A,N/A,Planner (Cao),data/google_planner/ho-chi-minh/Keyword Stats 2026-02-23 at 09_48_18.csv,Viết bài top-list/so sánh; map vào cluster hub; bổ sung schema + ảnh/UGC,B,82.50000000000001,0%,"14,507"
khách sạn ngân hà thành phố hồ chí minh,Khách sạn Hồ Chí Minh,Lưu trú,In-scope Hồ Chí Minh,Commercial Investigation,50,N/A,N/A,N/A,Planner (Thấp),data/google_planner/ho-chi-minh/Keyword Stats 2026-02-23 at 09_48_18.csv,Viết bài top-list/so sánh; map vào cluster hub; bổ sung schema + ảnh/UGC,B,82.50000000000001,0%,"5,738"
khách sạn ngọc tùng quận 7,Khách sạn Hồ Chí Minh,Lưu trú,In-scope Hồ Chí Minh,Commercial Investigation,50,N/A,N/A,N/A,Planner (Thấp),data/google_planner/ho-chi-minh/Keyword Stats 2026-02-23 at 09_48_18.csv,Viết bài top-list/so sánh; map vào cluster hub; bổ sung schema + ảnh/UGC,B,82.50000000000001,0%,"8,227"
khách sạn nhật hạ hồ chí minh,Khách sạn Hồ Chí Minh,Lưu trú,In-scope Hồ Chí Minh,Commercial Investigation,50,N/A,N/A,N/A,Planner (Trung bình),data/google_planner/ho-chi-minh/Keyword Stats 2026-02-23 at 09_48_18.csv,Viết bài top-list/so sánh; map vào cluster hub; bổ sung schema + ảnh/UGC,B,82.50000000000001,0%,"11,875"
khách sạn nikko quận 5,Khách sạn Hồ Chí Minh,Lưu trú,In-scope Hồ Chí Minh,Commercial Investigation,50,N/A,N/A,N/A,Planner (Trung bình),data/google_planner/ho-chi-minh/Keyword Stats 2026-02-23 at 09_48_18.csv,Viết bài top-list/so sánh; map vào cluster hub; bổ sung schema + ảnh/UGC,B,82.50000000000001,0%,"8,841"
khách sạn novotel hồ chí minh,Khách sạn Hồ Chí Minh,Lưu trú,In-scope Hồ Chí Minh,Commercial Investigation,50,N/A,N/A,N/A,Planner (Trung bình),data/google_planner/ho-chi-minh/Keyword Stats 2026-02-23 at 09_48_18.csv,Viết bài top-list/so sánh; map vào cluster hub; bổ sung schema + ảnh/UGC,B,82.50000000000001,0%,"6,145"
khách sạn novotel thành phố hồ chí minh,Khách sạn Hồ Chí Minh,Lưu trú,In-scope Hồ Chí Minh,Commercial Investigation,50,N/A,N/A,N/A,Planner (Trung bình),data/google_planner/ho-chi-minh/Keyword Stats 2026-02-23 at 09_48_18.csv,Viết bài top-list/so sánh; map vào cluster hub; bổ sung schema + ảnh/UGC,B,82.50000000000001,0%,"4,595"
khách sạn oakwood quận 7,Khách sạn Hồ Chí Minh,Lưu trú,In-scope Hồ Chí Minh,Commercial Investigation,50,N/A,N/A,N/A,Planner (Cao),data/google_planner/ho-chi-minh/Keyword Stats 2026-02-23 at 09_48_18.csv,Viết bài top-list/so sánh; map vào cluster hub; bổ sung schema + ảnh/UGC,B,82.50000000000001,0%,"9,606"
khách sạn oscar hồ chí minh,Khách sạn Hồ Chí Minh,Lưu trú,In-scope Hồ Chí Minh,Commercial Investigation,50,N/A,N/A,N/A,Planner (Cao),data/google_planner/ho-chi-minh/Keyword Stats 2026-02-23 at 09_48_18.csv,Viết bài top-list/so sánh; map vào cluster hub; bổ sung schema + ảnh/UGC,B,82.50000000000001,0%,"17,297"
khách sạn palace hồ chí minh,Khách sạn Hồ Chí Minh,Lưu trú,In-scope Hồ Chí Minh,Commercial Investigation,50,N/A,N/A,N/A,Planner (Cao),data/google_planner/ho-chi-minh/Keyword Stats 2026-02-23 at 09_48_18.csv,Viết bài top-list/so sánh; map vào cluster hub; bổ sung schema + ảnh/UGC,B,82.50000000000001,0%,"18,232"
khách sạn phong lan quận 9,Khách sạn Hồ Chí Minh,Lưu trú,In-scope Hồ Chí Minh,Commercial Investigation,50,N/A,N/A,N/A,Planner (Trung bình),data/google_planner/ho-chi-minh/Keyword Stats 2026-02-23 at 09_48_18.csv,Viết bài top-list/so sánh; map vào cluster hub; bổ sung schema + ảnh/UGC,B,82.50000000000001,0%,"8,570"
khách sạn phương ly ly quận 9,Khách sạn Hồ Chí Minh,Lưu trú,In-scope Hồ Chí Minh,Commercial Investigation,50,N/A,N/A,N/A,Planner (Trung bình),data/google_planner/ho-chi-minh/Keyword Stats 2026-02-23 at 09_48_18.csv,Viết bài top-list/so sánh; map vào cluster hub; bổ sung schema + ảnh/UGC,B,82.50000000000001,0%,"8,830"
khách sạn phương ly quận 9,Khách sạn Hồ Chí Minh,Lưu trú,In-scope Hồ Chí Minh,Commercial Investigation,50,N/A,N/A,N/A,Planner (Trung bình),data/google_planner/ho-chi-minh/Keyword Stats 2026-02-23 at 09_48_18.csv,Viết bài top-list/so sánh; map vào cluster hub; bổ sung schema + ảnh/UGC,B,82.50000000000001,0%,"13,244"
khách sạn phượng hoàng quận 5,Khách sạn Hồ Chí Minh,Lưu trú,In-scope Hồ Chí Minh,Commercial Investigation,50,N/A,N/A,N/A,Planner (Thấp),data/google_planner/ho-chi-minh/Keyword Stats 2026-02-23 at 09_48_18.csv,Viết bài top-list/so sánh; map vào cluster hub; bổ sung schema + ảnh/UGC,B,82.50000000000001,0%,"9,868"
khách sạn prague hồ chí minh,Khách sạn Hồ Chí Minh,Lưu trú,In-scope Hồ Chí Minh,Commercial Investigation,50,N/A,N/A,N/A,Planner (Thấp),data/google_planner/ho-chi-minh/Keyword Stats 2026-02-23 at 09_48_18.csv,Viết bài top-list/so sánh; map vào cluster hub; bổ sung schema + ảnh/UGC,B,82.50000000000001,0%,"7,791"
khách sạn pullman hồ chí minh,Khách sạn Hồ Chí Minh,Lưu trú,In-scope Hồ Chí Minh,Commercial Investigation,50,N/A,N/A,N/A,Planner (Trung bình),data/google_planner/ho-chi-minh/Keyword Stats 2026-02-23 at 09_48_18.csv,Viết bài top-list/so sánh; map vào cluster hub; bổ sung schema + ảnh/UGC,B,82.50000000000001,0%,"4,675"
khách sạn quận 2 hcm,Khách sạn Hồ Chí Minh,Lưu trú,In-scope Hồ Chí Minh,Commercial Investigation,50,N/A,N/A,N/A,Planner (Cao),data/google_planner/ho-chi-minh/Keyword Stats 2026-02-23 at 09_48_18.csv,Viết bài top-list/so sánh; map vào cluster hub; bổ sung schema + ảnh/UGC,B,82.50000000000001,0%,"24,093"
khách sạn quận 2 sài gòn,Khách sạn Hồ Chí Minh,Lưu trú,In-scope Hồ Chí Minh,Commercial Investigation,50,N/A,N/A,N/A,Planner (Cao),data/google_planner/ho-chi-minh/Keyword Stats 2026-02-23 at 09_48_18.csv,Viết bài top-list/so sánh; map vào cluster hub; bổ sung schema + ảnh/UGC,B,82.50000000000001,0%,"11,258"
khách sạn quận 4 hồ chí minh,Khách sạn Hồ Chí Minh,Lưu trú,In-scope Hồ Chí Minh,Commercial Investigation,50,N/A,N/A,N/A,Planner (Cao),data/google_planner/ho-chi-minh/Keyword Stats 2026-02-23 at 09_48_18.csv,Viết bài top-list/so sánh; map vào cluster hub; bổ sung schema + ảnh/UGC,B,82.50000000000001,-90.0%,"24,329"
khách sạn quận 4 thành phố hồ chí minh,Khách sạn Hồ Chí Minh,Lưu trú,In-scope Hồ Chí Minh,Commercial Investigation,50,N/A,N/A,N/A,Planner (Cao),data/google_planner/ho-chi-minh/Keyword Stats 2026-02-23 at 09_48_18.csv,Viết bài top-list/so sánh; map vào cluster hub; bổ sung schema + ảnh/UGC,B,82.50000000000001,0%,"46,108"
khách sạn quận 5 hcm,Khách sạn Hồ Chí Minh,Lưu trú,In-scope Hồ Chí Minh,Commercial Investigation,50,N/A,N/A,N/A,Planner (Cao),data/google_planner/ho-chi-minh/Keyword Stats 2026-02-23 at 09_48_18.csv,Viết bài top-list/so sánh; map vào cluster hub; bổ sung schema + ảnh/UGC,B,82.50000000000001,0%,"11,946"
khách sạn quận 6 hồ chí minh,Khách sạn Hồ Chí Minh,Lưu trú,In-scope Hồ Chí Minh,Commercial Investigation,50,N/A,N/A,N/A,Planner (Cao),data/google_planner/ho-chi-minh/Keyword Stats 2026-02-23 at 09_48_18.csv,Viết bài top-list/so sánh; map vào cluster hub; bổ sung schema + ảnh/UGC,B,82.50000000000001,0%,"23,632"
khách sạn quận 7 sài gòn,Khách sạn Hồ Chí Minh,Lưu trú,In-scope Hồ Chí Minh,Commercial Investigation,50,N/A,N/A,N/A,Planner (Cao),data/google_planner/ho-chi-minh/Keyword Stats 2026-02-23 at 09_48_18.csv,Viết bài top-list/so sánh; map vào cluster hub; bổ sung schema + ảnh/UGC,B,82.50000000000001,0%,"17,037"
khách sạn quận 7 thành phố hồ chí minh,Khách sạn Hồ Chí Minh,Lưu trú,In-scope Hồ Chí Minh,Commercial Investigation,50,N/A,N/A,N/A,Planner (Cao),data/google_planner/ho-chi-minh/Keyword Stats 2026-02-23 at 09_48_18.csv,Viết bài top-list/so sánh; map vào cluster hub; bổ sung schema + ảnh/UGC,B,82.50000000000001,0%,"15,855"
khách sạn quận 9 thành phố hồ chí minh,Khách sạn Hồ Chí Minh,Lưu trú,In-scope Hồ Chí Minh,Commercial Investigation,50,N/A,N/A,N/A,Planner (Trung bình),data/google_planner/ho-chi-minh/Keyword Stats 2026-02-23 at 09_48_18.csv,Viết bài top-list/so sánh; map vào cluster hub; bổ sung schema + ảnh/UGC,B,82.50000000000001,0%,"26,619"
khách sạn quận bình thạnh hồ chí minh,Khách sạn Hồ Chí Minh,Lưu trú,In-scope Hồ Chí Minh,Commercial Investigation,50,N/A,N/A,N/A,Planner (Cao),data/google_planner/ho-chi-minh/Keyword Stats 2026-02-23 at 09_48_18.csv,Viết bài top-list/so sánh; map vào cluster hub; bổ sung schema + ảnh/UGC,B,82.50000000000001,-90.0%,"29,646"
khách sạn quận bình tân tên lửa,Khách sạn Hồ Chí Minh,Lưu trú,In-scope Hồ Chí Minh,Commercial Investigation,50,N/A,N/A,N/A,Planner (Cao),data/google_planner/ho-chi-minh/Keyword Stats 2026-02-23 at 09_48_18.csv,Viết bài top-list/so sánh; map vào cluster hub; bổ sung schema + ảnh/UGC,B,82.50000000000001,0%,"32,462"
khách sạn quận phú nhuận thành phố hồ chí minh,Khách sạn Hồ Chí Minh,Lưu trú,In-scope Hồ Chí Minh,Commercial Investigation,50,N/A,N/A,N/A,Planner (Cao),data/google_planner/ho-chi-minh/Keyword Stats 2026-02-23 at 09_48_18.csv,Viết bài top-list/so sánh; map vào cluster hub; bổ sung schema + ảnh/UGC,B,82.50000000000001,0%,"14,329"
khách sạn quận tân phú hồ chí minh,Khách sạn Hồ Chí Minh,Lưu trú,In-scope Hồ Chí Minh,Commercial Investigation,50,N/A,N/A,N/A,Planner (Cao),data/google_planner/ho-chi-minh/Keyword Stats 2026-02-23 at 09_48_18.csv,Viết bài top-list/so sánh; map vào cluster hub; bổ sung schema + ảnh/UGC,B,82.50000000000001,0%,"21,814"
khách sạn rex thành phố hồ chí minh,Khách sạn Hồ Chí Minh,Lưu trú,In-scope Hồ Chí Minh,Commercial Investigation,50,N/A,N/A,N/A,Planner (Trung bình),data/google_planner/ho-chi-minh/Keyword Stats 2026-02-23 at 09_48_18.csv,Viết bài top-list/so sánh; map vào cluster hub; bổ sung schema + ảnh/UGC,B,82.50000000000001,0%,"4,233"
khách sạn riverside hồ chí minh,Khách sạn Hồ Chí Minh,Lưu trú,In-scope Hồ Chí Minh,Commercial Investigation,50,N/A,N/A,N/A,Planner (Trung bình),data/google_planner/ho-chi-minh/Keyword Stats 2026-02-23 at 09_48_18.csv,Viết bài top-list/so sánh; map vào cluster hub; bổ sung schema + ảnh/UGC,B,82.50000000000001,0%,"8,051"
khách sạn royal hồ chí minh,Khách sạn Hồ Chí Minh,Lưu trú,In-scope Hồ Chí Minh,Commercial Investigation,50,N/A,N/A,N/A,Planner (Trung bình),data/google_planner/ho-chi-minh/Keyword Stats 2026-02-23 at 09_48_18.csv,Viết bài top-list/so sánh; map vào cluster hub; bổ sung schema + ảnh/UGC,B,82.50000000000001,0%,"15,211"
khách sạn rạng đông hồ chí minh,Khách sạn Hồ Chí Minh,Lưu trú,In-scope Hồ Chí Minh,Commercial Investigation,50,N/A,N/A,N/A,Planner (Cao),data/google_planner/ho-chi-minh/Keyword Stats 2026-02-23 at 09_48_18.csv,Viết bài top-list/so sánh; map vào cluster hub; bổ sung schema + ảnh/UGC,B,82.50000000000001,0%,"11,104"
khách sạn rạng đông thành phố hồ chí minh,Khách sạn Hồ Chí Minh,Lưu trú,In-scope Hồ Chí Minh,Commercial Investigation,50,N/A,N/A,N/A,Planner (Thấp),data/google_planner/ho-chi-minh/Keyword Stats 2026-02-23 at 09_48_18.csv,Viết bài top-list/so sánh; map vào cluster hub; bổ sung schema + ảnh/UGC,B,82.50000000000001,0%,"8,570"
khách sạn saigon river quận 2,Khách sạn Hồ Chí Minh,Lưu trú,In-scope Hồ Chí Minh,Commercial Investigation,50,N/A,N/A,N/A,Planner (Trung bình),data/google_planner/ho-chi-minh/Keyword Stats 2026-02-23 at 09_48_18.csv,Viết bài top-list/so sánh; map vào cluster hub; bổ sung schema + ảnh/UGC,B,82.50000000000001,0%,"18,670"
khách sạn sao mai thành phố hồ chí minh,Khách sạn Hồ Chí Minh,Lưu trú,In-scope Hồ Chí Minh,Commercial Investigation,50,N/A,N/A,N/A,Planner (Thấp),data/google_planner/ho-chi-minh/Keyword Stats 2026-02-23 at 09_48_18.csv,Viết bài top-list/so sánh; map vào cluster hub; bổ sung schema + ảnh/UGC,B,82.50000000000001,0%,"4,216"
khách sạn sedona suites hồ chí minh,Khách sạn Hồ Chí Minh,Lưu trú,In-scope Hồ Chí Minh,Commercial Investigation,50,N/A,N/A,N/A,Planner (Cao),data/google_planner/ho-chi-minh/Keyword Stats 2026-02-23 at 09_48_18.csv,Viết bài top-list/so sánh; map vào cluster hub; bổ sung schema + ảnh/UGC,B,82.50000000000001,0%,"7,061"
khách sạn sen việt hồ chí minh,Khách sạn Hồ Chí Minh,Lưu trú,In-scope Hồ Chí Minh,Commercial Investigation,50,N/A,N/A,N/A,Planner (Trung bình),data/google_planner/ho-chi-minh/Keyword Stats 2026-02-23 at 09_48_18.csv,Viết bài top-list/so sánh; map vào cluster hub; bổ sung schema + ảnh/UGC,B,82.50000000000001,0%,"6,264"
khách sạn sheraton thành phố hồ chí minh,Khách sạn Hồ Chí Minh,Lưu trú,In-scope Hồ Chí Minh,Commercial Investigation,50,N/A,N/A,N/A,Planner (Trung bình),data/google_planner/ho-chi-minh/Keyword Stats 2026-02-23 at 09_48_18.csv,Viết bài top-list/so sánh; map vào cluster hub; bổ sung schema + ảnh/UGC,B,82.50000000000001,0%,"3,694"
khách sạn silverland sài gòn,Khách sạn Hồ Chí Minh,Lưu trú,In-scope Hồ Chí Minh,Commercial Investigation,50,N/A,N/A,N/A,Planner (Cao),data/google_planner/ho-chi-minh/Keyword Stats 2026-02-23 at 09_48_18.csv,Viết bài top-list/so sánh; map vào cluster hub; bổ sung schema + ảnh/UGC,B,82.50000000000001,0%,"11,167"
khách sạn sofitel hồ chí minh,Khách sạn Hồ Chí Minh,Lưu trú,In-scope Hồ Chí Minh,Commercial Investigation,50,N/A,N/A,N/A,Planner (Trung bình),data/google_planner/ho-chi-minh/Keyword Stats 2026-02-23 at 09_48_18.csv,Viết bài top-list/so sánh; map vào cluster hub; bổ sung schema + ảnh/UGC,B,82.50000000000001,0%,"3,527"
khách sạn somerset hồ chí minh,Khách sạn Hồ Chí Minh,Lưu trú,In-scope Hồ Chí Minh,Commercial Investigation,50,N/A,N/A,N/A,Planner (Trung bình),data/google_planner/ho-chi-minh/Keyword Stats 2026-02-23 at 09_48_18.csv,Viết bài top-list/so sánh; map vào cluster hub; bổ sung schema + ảnh/UGC,B,82.50000000000001,0%,"10,923"
khách sạn sunflower hồ chí minh,Khách sạn Hồ Chí Minh,Lưu trú,In-scope Hồ Chí Minh,Commercial Investigation,50,N/A,N/A,N/A,Planner (Trung bình),data/google_planner/ho-chi-minh/Keyword Stats 2026-02-23 at 09_48_18.csv,Viết bài top-list/so sánh; map vào cluster hub; bổ sung schema + ảnh/UGC,B,82.50000000000001,0%,"11,097"
khách sạn sài gòn charm hồ chí minh,Khách sạn Hồ Chí Minh,Lưu trú,In-scope Hồ Chí Minh,Commercial Investigation,50,N/A,N/A,N/A,Planner (Trung bình),data/google_planner/ho-chi-minh/Keyword Stats 2026-02-23 at 09_48_18.csv,Viết bài top-list/so sánh; map vào cluster hub; bổ sung schema + ảnh/UGC,B,82.50000000000001,0%,"12,595"
khách sạn sài gòn river quận 2,Khách sạn Hồ Chí Minh,Lưu trú,In-scope Hồ Chí Minh,Commercial Investigation,50,N/A,N/A,N/A,Planner (Cao),data/google_planner/ho-chi-minh/Keyword Stats 2026-02-23 at 09_48_18.csv,Viết bài top-list/so sánh; map vào cluster hub; bổ sung schema + ảnh/UGC,B,82.50000000000001,-90.0%,"17,324"
khách sạn thanh bình hcm,Khách sạn Hồ Chí Minh,Lưu trú,In-scope Hồ Chí Minh,Commercial Investigation,50,N/A,N/A,N/A,Planner (Trung bình),data/google_planner/ho-chi-minh/Keyword Stats 2026-02-23 at 09_48_18.csv,Viết bài top-list/so sánh; map vào cluster hub; bổ sung schema + ảnh/UGC,B,82.50000000000001,0%,"7,791"
khách sạn thanh bình hồ chí minh,Khách sạn Hồ Chí Minh,Lưu trú,In-scope Hồ Chí Minh,Commercial Investigation,50,N/A,N/A,N/A,Planner (Trung bình),data/google_planner/ho-chi-minh/Keyword Stats 2026-02-23 at 09_48_18.csv,Viết bài top-list/so sánh; map vào cluster hub; bổ sung schema + ảnh/UGC,B,82.50000000000001,0%,"7,791"
khách sạn theo giờ quận 4,Khách sạn Hồ Chí Minh,Lưu trú,In-scope Hồ Chí Minh,Commercial Investigation,50,N/A,N/A,N/A,Planner (Trung bình),data/google_planner/ho-chi-minh/Keyword Stats 2026-02-23 at 09_48_18.csv,Viết bài top-list/so sánh; map vào cluster hub; bổ sung schema + ảnh/UGC,B,82.50000000000001,0%,"7,916"
khách sạn thiên hà quận 7,Khách sạn Hồ Chí Minh,Lưu trú,In-scope Hồ Chí Minh,Commercial Investigation,50,N/A,N/A,N/A,Planner (Thấp),data/google_planner/ho-chi-minh/Keyword Stats 2026-02-23 at 09_48_18.csv,Viết bài top-list/so sánh; map vào cluster hub; bổ sung schema + ảnh/UGC,B,82.50000000000001,0%,"6,074"
khách sạn thiên hồng tản đà quận 5,Khách sạn Hồ Chí Minh,Lưu trú,In-scope Hồ Chí Minh,Commercial Investigation,50,N/A,N/A,N/A,Planner (Trung bình),data/google_planner/ho-chi-minh/Keyword Stats 2026-02-23 at 09_48_18.csv,Viết bài top-list/so sánh; map vào cluster hub; bổ sung schema + ảnh/UGC,B,82.50000000000001,0%,"13,634"
khách sạn thành tài hồ chí minh,Khách sạn Hồ Chí Minh,Lưu trú,In-scope Hồ Chí Minh,Commercial Investigation,50,N/A,N/A,N/A,Planner (Cao),data/google_planner/ho-chi-minh/Keyword Stats 2026-02-23 at 09_48_18.csv,Viết bài top-list/so sánh; map vào cluster hub; bổ sung schema + ảnh/UGC,B,82.50000000000001,0%,"16,596"
khách sạn thảo trang quận 7,Khách sạn Hồ Chí Minh,Lưu trú,In-scope Hồ Chí Minh,Commercial Investigation,50,N/A,N/A,N/A,Planner (Trung bình),data/google_planner/ho-chi-minh/Keyword Stats 2026-02-23 at 09_48_18.csv,Viết bài top-list/so sánh; map vào cluster hub; bổ sung schema + ảnh/UGC,B,82.50000000000001,0%,"17,838"
khách sạn thủ đức thành phố hồ chí minh,Khách sạn Hồ Chí Minh,Lưu trú,In-scope Hồ Chí Minh,Commercial Investigation,50,N/A,N/A,N/A,Planner (Cao),data/google_planner/ho-chi-minh/Keyword Stats 2026-02-23 at 09_48_18.csv,Viết bài top-list/so sánh; map vào cluster hub; bổ sung schema + ảnh/UGC,B,82.50000000000001,-90.0%,"10,406"
khách sạn trung mai 785 nguyễn trãi quận 5,Khách sạn Hồ Chí Minh,Lưu trú,In-scope Hồ Chí Minh,Commercial Investigation,50,N/A,N/A,N/A,Planner (Trung bình),data/google_planner/ho-chi-minh/Keyword Stats 2026-02-23 at 09_48_18.csv,Viết bài top-list/so sánh; map vào cluster hub; bổ sung schema + ảnh/UGC,B,82.50000000000001,0%,"16,561"
khách sạn trung nam quận 8,Khách sạn Hồ Chí Minh,Lưu trú,In-scope Hồ Chí Minh,Commercial Investigation,50,N/A,N/A,N/A,Planner (Thấp),data/google_planner/ho-chi-minh/Keyword Stats 2026-02-23 at 09_48_18.csv,Viết bài top-list/so sánh; map vào cluster hub; bổ sung schema + ảnh/UGC,B,82.50000000000001,0%,"10,601"
khách sạn trên đường hồng hà quận tân bình,Khách sạn Hồ Chí Minh,Lưu trú,In-scope Hồ Chí Minh,Commercial Investigation,50,N/A,N/A,N/A,Planner (Cao),data/google_planner/ho-chi-minh/Keyword Stats 2026-02-23 at 09_48_18.csv,Viết bài top-list/so sánh; map vào cluster hub; bổ sung schema + ảnh/UGC,B,82.50000000000001,0%,"13,180"
khách sạn trên đường lê văn việt quận 9,Khách sạn Hồ Chí Minh,Lưu trú,In-scope Hồ Chí Minh,Commercial Investigation,50,N/A,N/A,N/A,Planner (Trung bình),data/google_planner/ho-chi-minh/Keyword Stats 2026-02-23 at 09_48_18.csv,Viết bài top-list/so sánh; map vào cluster hub; bổ sung schema + ảnh/UGC,B,82.50000000000001,0%,"14,543"
khách sạn trên đường nguyễn trãi quận 5,Khách sạn Hồ Chí Minh,Lưu trú,In-scope Hồ Chí Minh,Commercial Investigation,50,N/A,N/A,N/A,Planner (Cao),data/google_planner/ho-chi-minh/Keyword Stats 2026-02-23 at 09_48_18.csv,Viết bài top-list/so sánh; map vào cluster hub; bổ sung schema + ảnh/UGC,B,82.50000000000001,0%,"11,273"
khách sạn trên đường phổ quang quận tân bình,Khách sạn Hồ Chí Minh,Lưu trú,In-scope Hồ Chí Minh,Commercial Investigation,50,N/A,N/A,N/A,Planner (Cao),data/google_planner/ho-chi-minh/Keyword Stats 2026-02-23 at 09_48_18.csv,Viết bài top-list/so sánh; map vào cluster hub; bổ sung schema + ảnh/UGC,B,82.50000000000001,0%,"9,470"
khách sạn trên đường trường sơn quận tân bình,Khách sạn Hồ Chí Minh,Lưu trú,In-scope Hồ Chí Minh,Commercial Investigation,50,N/A,N/A,N/A,Planner (Cao),data/google_planner/ho-chi-minh/Keyword Stats 2026-02-23 at 09_48_18.csv,Viết bài top-list/so sánh; map vào cluster hub; bổ sung schema + ảnh/UGC,B,82.50000000000001,0%,"29,346"
khách sạn ttc hồ chí minh,Khách sạn Hồ Chí Minh,Lưu trú,In-scope Hồ Chí Minh,Commercial Investigation,50,N/A,N/A,N/A,Planner (Trung bình),data/google_planner/ho-chi-minh/Keyword Stats 2026-02-23 at 09_48_18.csv,Viết bài top-list/so sánh; map vào cluster hub; bổ sung schema + ảnh/UGC,B,82.50000000000001,0%,"10,296"
khách sạn tân bình hồ chí minh,Khách sạn Hồ Chí Minh,Lưu trú,In-scope Hồ Chí Minh,Commercial Investigation,50,N/A,N/A,N/A,Planner (Cao),data/google_planner/ho-chi-minh/Keyword Stats 2026-02-23 at 09_48_18.csv,Viết bài top-list/so sánh; map vào cluster hub; bổ sung schema + ảnh/UGC,B,82.50000000000001,0%,"42,798"
khách sạn tân hoàng long quận 5,Khách sạn Hồ Chí Minh,Lưu trú,In-scope Hồ Chí Minh,Commercial Investigation,50,N/A,N/A,N/A,Planner (Thấp),data/google_planner/ho-chi-minh/Keyword Stats 2026-02-23 at 09_48_18.csv,Viết bài top-list/so sánh; map vào cluster hub; bổ sung schema + ảnh/UGC,B,82.50000000000001,0%,"8,051"
khách sạn tân sơn nhất thành phố hồ chí minh,Khách sạn Hồ Chí Minh,Lưu trú,In-scope Hồ Chí Minh,Commercial Investigation,50,N/A,N/A,N/A,Planner (Trung bình),data/google_planner/ho-chi-minh/Keyword Stats 2026-02-23 at 09_48_18.csv,Viết bài top-list/so sánh; map vào cluster hub; bổ sung schema + ảnh/UGC,B,82.50000000000001,0%,"9,389"
khách sạn tại quận 7 thành phố hồ chí minh,Khách sạn Hồ Chí Minh,Lưu trú,In-scope Hồ Chí Minh,Commercial Investigation,50,N/A,N/A,N/A,Planner (Cao),data/google_planner/ho-chi-minh/Keyword Stats 2026-02-23 at 09_48_18.csv,Viết bài top-list/so sánh; map vào cluster hub; bổ sung schema + ảnh/UGC,B,82.50000000000001,0%,"41,244"
khách sạn tốt ở hồ chí minh,Khách sạn Hồ Chí Minh,Lưu trú,In-scope Hồ Chí Minh,Commercial Investigation,50,N/A,N/A,N/A,Planner (Cao),data/google_planner/ho-chi-minh/Keyword Stats 2026-02-23 at 09_48_18.csv,Viết bài top-list/so sánh; map vào cluster hub; bổ sung schema + ảnh/UGC,B,82.50000000000001,0%,"22,862"
khách sạn valentine quận 5,Khách sạn Hồ Chí Minh,Lưu trú,In-scope Hồ Chí Minh,Commercial Investigation,50,N/A,N/A,N/A,Planner (Trung bình),data/google_planner/ho-chi-minh/Keyword Stats 2026-02-23 at 09_48_18.csv,Viết bài top-list/so sánh; map vào cluster hub; bổ sung schema + ảnh/UGC,B,82.50000000000001,0%,"8,244"
khách sạn vi an quận 7,Khách sạn Hồ Chí Minh,Lưu trú,In-scope Hồ Chí Minh,Commercial Investigation,50,N/A,N/A,N/A,Planner (Thấp),data/google_planner/ho-chi-minh/Keyword Stats 2026-02-23 at 09_48_18.csv,Viết bài top-list/so sánh; map vào cluster hub; bổ sung schema + ảnh/UGC,B,82.50000000000001,0%,"15,322"
khách sạn victoria hồ chí minh,Khách sạn Hồ Chí Minh,Lưu trú,In-scope Hồ Chí Minh,Commercial Investigation,50,N/A,N/A,N/A,Planner (Trung bình),data/google_planner/ho-chi-minh/Keyword Stats 2026-02-23 at 09_48_18.csv,Viết bài top-list/so sánh; map vào cluster hub; bổ sung schema + ảnh/UGC,B,82.50000000000001,0%,"15,307"
khách sạn vien dong quận 7 hồ chí minh,Khách sạn Hồ Chí Minh,Lưu trú,In-scope Hồ Chí Minh,Commercial Investigation,50,N/A,N/A,N/A,Planner (Trung bình),data/google_planner/ho-chi-minh/Keyword Stats 2026-02-23 at 09_48_18.csv,Viết bài top-list/so sánh; map vào cluster hub; bổ sung schema + ảnh/UGC,B,82.50000000000001,0%,"7,791"
khách sạn vinpearl hồ chí minh,Khách sạn Hồ Chí Minh,Lưu trú,In-scope Hồ Chí Minh,Commercial Investigation,50,N/A,N/A,N/A,Planner (Cao),data/google_planner/ho-chi-minh/Keyword Stats 2026-02-23 at 09_48_18.csv,Viết bài top-list/so sánh; map vào cluster hub; bổ sung schema + ảnh/UGC,B,82.50000000000001,0%,"19,202"
khách sạn viễn đông hcm,Khách sạn Hồ Chí Minh,Lưu trú,In-scope Hồ Chí Minh,Commercial Investigation,50,N/A,N/A,N/A,Planner (Trung bình),data/google_planner/ho-chi-minh/Keyword Stats 2026-02-23 at 09_48_18.csv,Viết bài top-list/so sánh; map vào cluster hub; bổ sung schema + ảnh/UGC,B,82.50000000000001,0%,"14,828"
khách sạn viễn đông hồ chí minh,Khách sạn Hồ Chí Minh,Lưu trú,In-scope Hồ Chí Minh,Commercial Investigation,50,N/A,N/A,N/A,Planner (Trung bình),data/google_planner/ho-chi-minh/Keyword Stats 2026-02-23 at 09_48_18.csv,Viết bài top-list/so sánh; map vào cluster hub; bổ sung schema + ảnh/UGC,B,82.50000000000001,0%,"14,828"
khách sạn yumi quận 2,Khách sạn Hồ Chí Minh,Lưu trú,In-scope Hồ Chí Minh,Commercial Investigation,50,N/A,N/A,N/A,Planner (Thấp),data/google_planner/ho-chi-minh/Keyword Stats 2026-02-23 at 09_48_18.csv,Viết bài top-list/so sánh; map vào cluster hub; bổ sung schema + ảnh/UGC,B,82.50000000000001,-90.0%,"8,040"
khách sạn zazz urban hồ chí minh,Khách sạn Hồ Chí Minh,Lưu trú,In-scope Hồ Chí Minh,Commercial Investigation,50,N/A,N/A,N/A,Planner (Cao),data/google_planner/ho-chi-minh/Keyword Stats 2026-02-23 at 09_48_18.csv,Viết bài top-list/so sánh; map vào cluster hub; bổ sung schema + ảnh/UGC,B,82.50000000000001,0%,"7,552"
khách sạn âu dương lân quận 8,Khách sạn Hồ Chí Minh,Lưu trú,In-scope Hồ Chí Minh,Commercial Investigation,50,N/A,N/A,N/A,Planner (Cao),data/google_planner/ho-chi-minh/Keyword Stats 2026-02-23 at 09_48_18.csv,Viết bài top-list/so sánh; map vào cluster hub; bổ sung schema + ảnh/UGC,B,82.50000000000001,0%,"10,647"
khách sạn âu lạc hồ chí minh,Khách sạn Hồ Chí Minh,Lưu trú,In-scope Hồ Chí Minh,Commercial Investigation,50,N/A,N/A,N/A,Planner (Cao),data/google_planner/ho-chi-minh/Keyword Stats 2026-02-23 at 09_48_18.csv,Viết bài top-list/so sánh; map vào cluster hub; bổ sung schema + ảnh/UGC,B,82.50000000000001,0%,"17,919"
khách sạn đông hồ quận 4,Khách sạn Hồ Chí Minh,Lưu trú,In-scope Hồ Chí Minh,Commercial Investigation,50,N/A,N/A,N/A,Planner (Thấp),data/google_planner/ho-chi-minh/Keyword Stats 2026-02-23 at 09_48_18.csv,Viết bài top-list/so sánh; map vào cluster hub; bổ sung schema + ảnh/UGC,B,82.50000000000001,0%,"17,919"
khách sạn đông đô quận tân bình,Khách sạn Hồ Chí Minh,Lưu trú,In-scope Hồ Chí Minh,Commercial Investigation,50,N/A,N/A,N/A,Planner (Trung bình),data/google_planner/ho-chi-minh/Keyword Stats 2026-02-23 at 09_48_18.csv,Viết bài top-list/so sánh; map vào cluster hub; bổ sung schema + ảnh/UGC,B,82.50000000000001,0%,"14,683"
khách sạn đường 3 2 hồ chí minh,Khách sạn Hồ Chí Minh,Lưu trú,In-scope Hồ Chí Minh,Commercial Investigation,50,N/A,N/A,N/A,Planner (Cao),data/google_planner/ho-chi-minh/Keyword Stats 2026-02-23 at 09_48_18.csv,Viết bài top-list/so sánh; map vào cluster hub; bổ sung schema + ảnh/UGC,B,82.50000000000001,0%,"14,406"
khách sạn đường 41 quận 4,Khách sạn Hồ Chí Minh,Lưu trú,In-scope Hồ Chí Minh,Commercial Investigation,50,N/A,N/A,N/A,Planner (Cao),data/google_planner/ho-chi-minh/Keyword Stats 2026-02-23 at 09_48_18.csv,Viết bài top-list/so sánh; map vào cluster hub; bổ sung schema + ảnh/UGC,B,82.50000000000001,0%,"12,908"
khách sạn đường an dương vương quận 5,Khách sạn Hồ Chí Minh,Lưu trú,In-scope Hồ Chí Minh,Commercial Investigation,50,N/A,N/A,N/A,Planner (Cao),data/google_planner/ho-chi-minh/Keyword Stats 2026-02-23 at 09_48_18.csv,Viết bài top-list/so sánh; map vào cluster hub; bổ sung schema + ảnh/UGC,B,82.50000000000001,-90.0%,"12,985"
khách sạn đường bàu cát quận tân bình,Khách sạn Hồ Chí Minh,Lưu trú,In-scope Hồ Chí Minh,Commercial Investigation,50,N/A,N/A,N/A,Planner (Trung bình),data/google_planner/ho-chi-minh/Keyword Stats 2026-02-23 at 09_48_18.csv,Viết bài top-list/so sánh; map vào cluster hub; bổ sung schema + ảnh/UGC,B,82.50000000000001,0%,"17,580"
khách sạn đường bạch đằng quận tân bình,Khách sạn Hồ Chí Minh,Lưu trú,In-scope Hồ Chí Minh,Commercial Investigation,50,N/A,N/A,N/A,Planner (Cao),data/google_planner/ho-chi-minh/Keyword Stats 2026-02-23 at 09_48_18.csv,Viết bài top-list/so sánh; map vào cluster hub; bổ sung schema + ảnh/UGC,B,82.50000000000001,0%,"17,922"
khách sạn đường d5 quận bình thạnh,Khách sạn Hồ Chí Minh,Lưu trú,In-scope Hồ Chí Minh,Commercial Investigation,50,N/A,N/A,N/A,Planner (Trung bình),data/google_planner/ho-chi-minh/Keyword Stats 2026-02-23 at 09_48_18.csv,Viết bài top-list/so sánh; map vào cluster hub; bổ sung schema + ảnh/UGC,B,82.50000000000001,0%,"8,950"
khách sạn đường hoàng diệu quận 4,Khách sạn Hồ Chí Minh,Lưu trú,In-scope Hồ Chí Minh,Commercial Investigation,50,N/A,N/A,N/A,Planner (Cao),data/google_planner/ho-chi-minh/Keyword Stats 2026-02-23 at 09_48_18.csv,Viết bài top-list/so sánh; map vào cluster hub; bổ sung schema + ảnh/UGC,B,82.50000000000001,-90.0%,"17,638"
khách sạn đường hoàng việt quận tân bình,Khách sạn Hồ Chí Minh,Lưu trú,In-scope Hồ Chí Minh,Commercial Investigation,50,N/A,N/A,N/A,Planner (Cao),data/google_planner/ho-chi-minh/Keyword Stats 2026-02-23 at 09_48_18.csv,Viết bài top-list/so sánh; map vào cluster hub; bổ sung schema + ảnh/UGC,B,82.50000000000001,0%,"31,063"
khách sạn đường huỳnh tấn phát quận 7,Khách sạn Hồ Chí Minh,Lưu trú,In-scope Hồ Chí Minh,Commercial Investigation,50,N/A,N/A,N/A,Planner (Cao),data/google_planner/ho-chi-minh/Keyword Stats 2026-02-23 at 09_48_18.csv,Viết bài top-list/so sánh; map vào cluster hub; bổ sung schema + ảnh/UGC,B,82.50000000000001,-90.0%,"7,531"
khách sạn đường hồng hà quận tân bình,Khách sạn Hồ Chí Minh,Lưu trú,In-scope Hồ Chí Minh,Commercial Investigation,50,N/A,N/A,N/A,Planner (Cao),data/google_planner/ho-chi-minh/Keyword Stats 2026-02-23 at 09_48_18.csv,Viết bài top-list/so sánh; map vào cluster hub; bổ sung schema + ảnh/UGC,B,82.50000000000001,0%,"22,293"
khách sạn đường lê văn lương quận 7,Khách sạn Hồ Chí Minh,Lưu trú,In-scope Hồ Chí Minh,Commercial Investigation,50,N/A,N/A,N/A,Planner (Cao),data/google_planner/ho-chi-minh/Keyword Stats 2026-02-23 at 09_48_18.csv,Viết bài top-list/so sánh; map vào cluster hub; bổ sung schema + ảnh/UGC,B,82.50000000000001,0%,"11,663"
khách sạn đường lê văn sỹ quận tân bình,Khách sạn Hồ Chí Minh,Lưu trú,In-scope Hồ Chí Minh,Commercial Investigation,50,N/A,N/A,N/A,Planner (Cao),data/google_planner/ho-chi-minh/Keyword Stats 2026-02-23 at 09_48_18.csv,Viết bài top-list/so sánh; map vào cluster hub; bổ sung schema + ảnh/UGC,B,82.50000000000001,-90.0%,"12,985"
khách sạn đường lê văn việt quận 9,Khách sạn Hồ Chí Minh,Lưu trú,In-scope Hồ Chí Minh,Commercial Investigation,50,N/A,N/A,N/A,Planner (Trung bình),data/google_planner/ho-chi-minh/Keyword Stats 2026-02-23 at 09_48_18.csv,Viết bài top-list/so sánh; map vào cluster hub; bổ sung schema + ảnh/UGC,B,82.50000000000001,0%,"8,253"
khách sạn đường lý thường kiệt quận tân bình,Khách sạn Hồ Chí Minh,Lưu trú,In-scope Hồ Chí Minh,Commercial Investigation,50,N/A,N/A,N/A,Planner (Cao),data/google_planner/ho-chi-minh/Keyword Stats 2026-02-23 at 09_48_18.csv,Viết bài top-list/so sánh; map vào cluster hub; bổ sung schema + ảnh/UGC,B,82.50000000000001,0%,"6,752"
khách sạn đường nguyễn chí thanh quận 5 tp hcm,Khách sạn Hồ Chí Minh,Lưu trú,In-scope Hồ Chí Minh,Commercial Investigation,50,N/A,N/A,N/A,Planner (Trung bình),data/google_planner/ho-chi-minh/Keyword Stats 2026-02-23 at 09_48_18.csv,Viết bài top-list/so sánh; map vào cluster hub; bổ sung schema + ảnh/UGC,B,82.50000000000001,0%,"5,170"
khách sạn đường nguyễn lương bằng quận 7,Khách sạn Hồ Chí Minh,Lưu trú,In-scope Hồ Chí Minh,Commercial Investigation,50,N/A,N/A,N/A,Planner (Trung bình),data/google_planner/ho-chi-minh/Keyword Stats 2026-02-23 at 09_48_18.csv,Viết bài top-list/so sánh; map vào cluster hub; bổ sung schema + ảnh/UGC,B,82.50000000000001,0%,"10,388"
khách sạn đường nguyễn tri phương quận 5,Khách sạn Hồ Chí Minh,Lưu trú,In-scope Hồ Chí Minh,Commercial Investigation,50,N/A,N/A,N/A,Planner (Cao),data/google_planner/ho-chi-minh/Keyword Stats 2026-02-23 at 09_48_18.csv,Viết bài top-list/so sánh; map vào cluster hub; bổ sung schema + ảnh/UGC,B,82.50000000000001,0%,"23,772"
khách sạn đường nguyễn văn cừ quận 5,Khách sạn Hồ Chí Minh,Lưu trú,In-scope Hồ Chí Minh,Commercial Investigation,50,N/A,N/A,N/A,Planner (Cao),data/google_planner/ho-chi-minh/Keyword Stats 2026-02-23 at 09_48_18.csv,Viết bài top-list/so sánh; map vào cluster hub; bổ sung schema + ảnh/UGC,B,82.50000000000001,0%,"10,388"
khách sạn đường nguyễn văn linh quận 7,Khách sạn Hồ Chí Minh,Lưu trú,In-scope Hồ Chí Minh,Commercial Investigation,50,N/A,N/A,N/A,Planner (Cao),data/google_planner/ho-chi-minh/Keyword Stats 2026-02-23 at 09_48_18.csv,Viết bài top-list/so sánh; map vào cluster hub; bổ sung schema + ảnh/UGC,B,82.50000000000001,0%,"15,197"
khách sạn đường ngô quyền quận 5,Khách sạn Hồ Chí Minh,Lưu trú,In-scope Hồ Chí Minh,Commercial Investigation,50,N/A,N/A,N/A,Planner (Trung bình),data/google_planner/ho-chi-minh/Keyword Stats 2026-02-23 at 09_48_18.csv,Viết bài top-list/so sánh; map vào cluster hub; bổ sung schema + ảnh/UGC,B,82.50000000000001,0%,"15,194"
khách sạn đường phạm hùng quận 8,Khách sạn Hồ Chí Minh,Lưu trú,In-scope Hồ Chí Minh,Commercial Investigation,50,N/A,N/A,N/A,Planner (Cao),data/google_planner/ho-chi-minh/Keyword Stats 2026-02-23 at 09_48_18.csv,Viết bài top-list/so sánh; map vào cluster hub; bổ sung schema + ảnh/UGC,B,82.50000000000001,0%,"7,890"
khách sạn đường sư vạn hạnh quận 5,Khách sạn Hồ Chí Minh,Lưu trú,In-scope Hồ Chí Minh,Commercial Investigation,50,N/A,N/A,N/A,Planner (Trung bình),data/google_planner/ho-chi-minh/Keyword Stats 2026-02-23 at 09_48_18.csv,Viết bài top-list/so sánh; map vào cluster hub; bổ sung schema + ảnh/UGC,B,82.50000000000001,0%,"7,453"
khách sạn đường trường chinh quận tân bình,Khách sạn Hồ Chí Minh,Lưu trú,In-scope Hồ Chí Minh,Commercial Investigation,50,N/A,N/A,N/A,Planner (Cao),data/google_planner/ho-chi-minh/Keyword Stats 2026-02-23 at 09_48_18.csv,Viết bài top-list/so sánh; map vào cluster hub; bổ sung schema + ảnh/UGC,B,82.50000000000001,0%,"18,342"
khách sạn đường trường sơn quận tân bình,Khách sạn Hồ Chí Minh,Lưu trú,In-scope Hồ Chí Minh,Commercial Investigation,50,N/A,N/A,N/A,Planner (Cao),data/google_planner/ho-chi-minh/Keyword Stats 2026-02-23 at 09_48_18.csv,Viết bài top-list/so sánh; map vào cluster hub; bổ sung schema + ảnh/UGC,B,82.50000000000001,0%,"23,452"
khách sạn đường tạ quang bửu quận 8,Khách sạn Hồ Chí Minh,Lưu trú,In-scope Hồ Chí Minh,Commercial Investigation,50,N/A,N/A,N/A,Planner (Cao),data/google_planner/ho-chi-minh/Keyword Stats 2026-02-23 at 09_48_18.csv,Viết bài top-list/so sánh; map vào cluster hub; bổ sung schema + ảnh/UGC,B,82.50000000000001,0%,"9,609"
khách sạn đường tản đà quận 5,Khách sạn Hồ Chí Minh,Lưu trú,In-scope Hồ Chí Minh,Commercial Investigation,50,N/A,N/A,N/A,Planner (Cao),data/google_planner/ho-chi-minh/Keyword Stats 2026-02-23 at 09_48_18.csv,Viết bài top-list/so sánh; map vào cluster hub; bổ sung schema + ảnh/UGC,B,82.50000000000001,0%,"12,168"
khách sạn đường ung văn khiêm quận bình thạnh,Khách sạn Hồ Chí Minh,Lưu trú,In-scope Hồ Chí Minh,Commercial Investigation,50,N/A,N/A,N/A,Planner (Trung bình),data/google_planner/ho-chi-minh/Keyword Stats 2026-02-23 at 09_48_18.csv,Viết bài top-list/so sánh; map vào cluster hub; bổ sung schema + ảnh/UGC,B,82.50000000000001,0%,"14,365"
khách sạn đường vĩnh khánh quận 4,Khách sạn Hồ Chí Minh,Lưu trú,In-scope Hồ Chí Minh,Commercial Investigation,50,N/A,N/A,N/A,Planner (Cao),data/google_planner/ho-chi-minh/Keyword Stats 2026-02-23 at 09_48_18.csv,Viết bài top-list/so sánh; map vào cluster hub; bổ sung schema + ảnh/UGC,B,82.50000000000001,0%,"17,075"
khách sạn đường xô viết nghệ tĩnh quận bình thạnh,Khách sạn Hồ Chí Minh,Lưu trú,In-scope Hồ Chí Minh,Commercial Investigation,50,N/A,N/A,N/A,Planner (Cao),data/google_planner/ho-chi-minh/Keyword Stats 2026-02-23 at 09_48_18.csv,Viết bài top-list/so sánh; map vào cluster hub; bổ sung schema + ảnh/UGC,B,82.50000000000001,-90.0%,"13,712"
khách sạn đường âu cơ quận tân bình,Khách sạn Hồ Chí Minh,Lưu trú,In-scope Hồ Chí Minh,Commercial Investigation,50,N/A,N/A,N/A,Planner (Trung bình),data/google_planner/ho-chi-minh/Keyword Stats 2026-02-23 at 09_48_18.csv,Viết bài top-list/so sánh; map vào cluster hub; bổ sung schema + ảnh/UGC,B,82.50000000000001,0%,"17,989"
khách sạn đại nam hồ chí minh,Khách sạn Hồ Chí Minh,Lưu trú,In-scope Hồ Chí Minh,Commercial Investigation,50,N/A,N/A,N/A,Planner (Cao),data/google_planner/ho-chi-minh/Keyword Stats 2026-02-23 at 09_48_18.csv,Viết bài top-list/so sánh; map vào cluster hub; bổ sung schema + ảnh/UGC,B,82.50000000000001,0%,"7,791"
khách sạn đại phát quận 6,Khách sạn Hồ Chí Minh,Lưu trú,In-scope Hồ Chí Minh,Commercial Investigation,50,N/A,N/A,N/A,Planner (Thấp),data/google_planner/ho-chi-minh/Keyword Stats 2026-02-23 at 09_48_18.csv,Viết bài top-list/so sánh; map vào cluster hub; bổ sung schema + ảnh/UGC,B,82.50000000000001,0%,"9,077"
khách sạn đẹp hcm,Khách sạn Hồ Chí Minh,Lưu trú,In-scope Hồ Chí Minh,Commercial Investigation,50,N/A,N/A,N/A,Planner (Trung bình),data/google_planner/ho-chi-minh/Keyword Stats 2026-02-23 at 09_48_18.csv,Viết bài top-list/so sánh; map vào cluster hub; bổ sung schema + ảnh/UGC,B,82.50000000000001,0%,"9,903"
khách sạn đẹp hồ chí minh,Khách sạn Hồ Chí Minh,Lưu trú,In-scope Hồ Chí Minh,Commercial Investigation,50,N/A,N/A,N/A,Planner (Cao),data/google_planner/ho-chi-minh/Keyword Stats 2026-02-23 at 09_48_18.csv,Viết bài top-list/so sánh; map vào cluster hub; bổ sung schema + ảnh/UGC,B,82.50000000000001,0%,"12,244"
khách sạn đẹp quận 4,Khách sạn Hồ Chí Minh,Lưu trú,In-scope Hồ Chí Minh,Commercial Investigation,50,N/A,N/A,N/A,Planner (Cao),data/google_planner/ho-chi-minh/Keyword Stats 2026-02-23 at 09_48_18.csv,Viết bài top-list/so sánh; map vào cluster hub; bổ sung schema + ảnh/UGC,B,82.50000000000001,0%,"13,066"
khách sạn đẹp quận bình thạnh,Khách sạn Hồ Chí Minh,Lưu trú,In-scope Hồ Chí Minh,Commercial Investigation,50,N/A,N/A,N/A,Planner (Cao),data/google_planner/ho-chi-minh/Keyword Stats 2026-02-23 at 09_48_18.csv,Viết bài top-list/so sánh; map vào cluster hub; bổ sung schema + ảnh/UGC,B,82.50000000000001,0%,"9,369"
khách sạn đẹp ở hồ chí minh,Khách sạn Hồ Chí Minh,Lưu trú,In-scope Hồ Chí Minh,Commercial Investigation,50,N/A,N/A,N/A,Planner (Cao),data/google_planner/ho-chi-minh/Keyword Stats 2026-02-23 at 09_48_18.csv,Viết bài top-list/so sánh; map vào cluster hub; bổ sung schema + ảnh/UGC,B,82.50000000000001,0%,"16,453"
khách sạn đẹp ở quận 8,Khách sạn Hồ Chí Minh,Lưu trú,In-scope Hồ Chí Minh,Commercial Investigation,50,N/A,N/A,N/A,Planner (Cao),data/google_planner/ho-chi-minh/Keyword Stats 2026-02-23 at 09_48_18.csv,Viết bài top-list/so sánh; map vào cluster hub; bổ sung schema + ảnh/UGC,B,82.50000000000001,0%,"17,483"
khách sạn đẹp ở thành phố hồ chí minh,Khách sạn Hồ Chí Minh,Lưu trú,In-scope Hồ Chí Minh,Commercial Investigation,50,N/A,N/A,N/A,Planner (Cao),data/google_planner/ho-chi-minh/Keyword Stats 2026-02-23 at 09_48_18.csv,Viết bài top-list/so sánh; map vào cluster hub; bổ sung schema + ảnh/UGC,B,82.50000000000001,0%,"9,349"
khách sạn đệ nhất hcm,Khách sạn Hồ Chí Minh,Lưu trú,In-scope Hồ Chí Minh,Commercial Investigation,50,N/A,N/A,N/A,Planner (Cao),data/google_planner/ho-chi-minh/Keyword Stats 2026-02-23 at 09_48_18.csv,Viết bài top-list/so sánh; map vào cluster hub; bổ sung schema + ảnh/UGC,B,82.50000000000001,-90.0%,"11,950"
khách sạn đệ nhất hồ chí minh,Khách sạn Hồ Chí Minh,Lưu trú,In-scope Hồ Chí Minh,Commercial Investigation,50,N/A,N/A,N/A,Planner (Cao),data/google_planner/ho-chi-minh/Keyword Stats 2026-02-23 at 09_48_18.csv,Viết bài top-list/so sánh; map vào cluster hub; bổ sung schema + ảnh/UGC,B,82.50000000000001,-90.0%,"11,950"
khách sạn đệ nhất thành phố hồ chí minh,Khách sạn Hồ Chí Minh,Lưu trú,In-scope Hồ Chí Minh,Commercial Investigation,50,N/A,N/A,N/A,Planner (Trung bình),data/google_planner/ho-chi-minh/Keyword Stats 2026-02-23 at 09_48_18.csv,Viết bài top-list/so sánh; map vào cluster hub; bổ sung schema + ảnh/UGC,B,82.50000000000001,0%,"8,613"
khách sạn đỗ xuân hợp quận 9,Khách sạn Hồ Chí Minh,Lưu trú,In-scope Hồ Chí Minh,Commercial Investigation,50,N/A,N/A,N/A,Planner (Cao),data/google_planner/ho-chi-minh/Keyword Stats 2026-02-23 at 09_48_18.csv,Viết bài top-list/so sánh; map vào cluster hub; bổ sung schema + ảnh/UGC,B,82.50000000000001,0%,"11,017"
khách sạn ở quận 2 tphcm,Khách sạn Hồ Chí Minh,Lưu trú,In-scope Hồ Chí Minh,Commercial Investigation,50,N/A,N/A,N/A,Planner (Cao),data/google_planner/ho-chi-minh/Keyword Stats 2026-02-23 at 09_48_18.csv,Viết bài top-list/so sánh; map vào cluster hub; bổ sung schema + ảnh/UGC,B,82.50000000000001,0%,"33,528"
khách sạn ở quận 4 tphcm,Khách sạn Hồ Chí Minh,Lưu trú,In-scope Hồ Chí Minh,Commercial Investigation,50,N/A,N/A,N/A,Planner (Cao),data/google_planner/ho-chi-minh/Keyword Stats 2026-02-23 at 09_48_18.csv,Viết bài top-list/so sánh; map vào cluster hub; bổ sung schema + ảnh/UGC,B,82.50000000000001,0%,"13,405"
khách sạn ở quận 5 thành phố hồ chí minh,Khách sạn Hồ Chí Minh,Lưu trú,In-scope Hồ Chí Minh,Commercial Investigation,50,N/A,N/A,N/A,Planner (Cao),data/google_planner/ho-chi-minh/Keyword Stats 2026-02-23 at 09_48_18.csv,Viết bài top-list/so sánh; map vào cluster hub; bổ sung schema + ảnh/UGC,B,82.50000000000001,0%,"20,896"
khách sạn ở quận 5 tp hcm,Khách sạn Hồ Chí Minh,Lưu trú,In-scope Hồ Chí Minh,Commercial Investigation,50,N/A,N/A,N/A,Planner (Cao),data/google_planner/ho-chi-minh/Keyword Stats 2026-02-23 at 09_48_18.csv,Viết bài top-list/so sánh; map vào cluster hub; bổ sung schema + ảnh/UGC,B,82.50000000000001,0%,"23,199"
khách sạn ở quận 8,Khách sạn Hồ Chí Minh,Lưu trú,In-scope Hồ Chí Minh,Commercial Investigation,50,N/A,N/A,N/A,Planner (Trung bình),data/google_planner/ho-chi-minh/Keyword Stats 2026-02-23 at 09_48_18.csv,Viết bài top-list/so sánh; map vào cluster hub; bổ sung schema + ảnh/UGC,B,82.50000000000001,0%,"14,473"
khách sạn ở quận 8 tphcm,Khách sạn Hồ Chí Minh,Lưu trú,In-scope Hồ Chí Minh,Commercial Investigation,50,N/A,N/A,N/A,Planner (Cao),data/google_planner/ho-chi-minh/Keyword Stats 2026-02-23 at 09_48_18.csv,Viết bài top-list/so sánh; map vào cluster hub; bổ sung schema + ảnh/UGC,B,82.50000000000001,0%,"14,075"
khách sạn ở quận 9 tphcm,Khách sạn Hồ Chí Minh,Lưu trú,In-scope Hồ Chí Minh,Commercial Investigation,50,N/A,N/A,N/A,Planner (Cao),data/google_planner/ho-chi-minh/Keyword Stats 2026-02-23 at 09_48_18.csv,Viết bài top-list/so sánh; map vào cluster hub; bổ sung schema + ảnh/UGC,B,82.50000000000001,0%,"12,206"
la casona hotel quận 7,Khách sạn Hồ Chí Minh,Lưu trú,In-scope Hồ Chí Minh,Commercial Investigation,50,N/A,N/A,N/A,Planner (Cao),data/google_planner/ho-chi-minh/Keyword Stats 2026-02-23 at 09_48_18.csv,Viết bài top-list/so sánh; map vào cluster hub; bổ sung schema + ảnh/UGC,B,82.50000000000001,0%,"16,490"
la hotel quận 5,Khách sạn Hồ Chí Minh,Lưu trú,In-scope Hồ Chí Minh,Commercial Investigation,50,N/A,N/A,N/A,Planner (Trung bình),data/google_planner/ho-chi-minh/Keyword Stats 2026-02-23 at 09_48_18.csv,Viết bài top-list/so sánh; map vào cluster hub; bổ sung schema + ảnh/UGC,B,82.50000000000001,0%,"17,567"
loove hotel quận 2,Khách sạn Hồ Chí Minh,Lưu trú,In-scope Hồ Chí Minh,Commercial Investigation,50,N/A,N/A,N/A,Planner (Thấp),data/google_planner/ho-chi-minh/Keyword Stats 2026-02-23 at 09_48_18.csv,Viết bài top-list/so sánh; map vào cluster hub; bổ sung schema + ảnh/UGC,B,82.50000000000001,0%,"13,351"
loove hotel quận 7,Khách sạn Hồ Chí Minh,Lưu trú,In-scope Hồ Chí Minh,Commercial Investigation,50,N/A,N/A,N/A,Planner (Thấp),data/google_planner/ho-chi-minh/Keyword Stats 2026-02-23 at 09_48_18.csv,Viết bài top-list/so sánh; map vào cluster hub; bổ sung schema + ảnh/UGC,B,82.50000000000001,0%,"23,028"
lucky star hotel hồ chí minh,Khách sạn Hồ Chí Minh,Lưu trú,In-scope Hồ Chí Minh,Commercial Investigation,50,N/A,N/A,N/A,Planner (Trung bình),data/google_planner/ho-chi-minh/Keyword Stats 2026-02-23 at 09_48_18.csv,Viết bài top-list/so sánh; map vào cluster hub; bổ sung schema + ảnh/UGC,B,82.50000000000001,0%,"10,647"
mai hotel tân bình,Khách sạn Hồ Chí Minh,Lưu trú,In-scope Hồ Chí Minh,Commercial Investigation,50,N/A,N/A,N/A,Planner (Trung bình),data/google_planner/ho-chi-minh/Keyword Stats 2026-02-23 at 09_48_18.csv,Viết bài top-list/so sánh; map vào cluster hub; bổ sung schema + ảnh/UGC,B,82.50000000000001,-90.0%,"13,865"
mộc lan hotel phú nhuận,Khách sạn Hồ Chí Minh,Lưu trú,In-scope Hồ Chí Minh,Commercial Investigation,50,N/A,N/A,N/A,Planner (Thấp),data/google_planner/ho-chi-minh/Keyword Stats 2026-02-23 at 09_48_18.csv,Viết bài top-list/so sánh; map vào cluster hub; bổ sung schema + ảnh/UGC,B,82.50000000000001,0%,"8,570"
ngân hà hotel quận 5,Khách sạn Hồ Chí Minh,Lưu trú,In-scope Hồ Chí Minh,Commercial Investigation,50,N/A,N/A,N/A,Planner (Thấp),data/google_planner/ho-chi-minh/Keyword Stats 2026-02-23 at 09_48_18.csv,Viết bài top-list/so sánh; map vào cluster hub; bổ sung schema + ảnh/UGC,B,82.50000000000001,0%,"26,489"
như quỳnh hotel gò vấp,Khách sạn Hồ Chí Minh,Lưu trú,In-scope Hồ Chí Minh,Commercial Investigation,50,N/A,N/A,N/A,Planner (Trung bình),data/google_planner/ho-chi-minh/Keyword Stats 2026-02-23 at 09_48_18.csv,Viết bài top-list/so sánh; map vào cluster hub; bổ sung schema + ảnh/UGC,B,82.50000000000001,0%,"12,783"
phú an hotel gò vấp,Khách sạn Hồ Chí Minh,Lưu trú,In-scope Hồ Chí Minh,Commercial Investigation,50,N/A,N/A,N/A,Planner (Thấp),data/google_planner/ho-chi-minh/Keyword Stats 2026-02-23 at 09_48_18.csv,Viết bài top-list/so sánh; map vào cluster hub; bổ sung schema + ảnh/UGC,B,82.50000000000001,0%,"7,044"
prague hotel hồ chí minh,Khách sạn Hồ Chí Minh,Lưu trú,In-scope Hồ Chí Minh,Commercial Investigation,50,N/A,N/A,N/A,Planner (Cao),data/google_planner/ho-chi-minh/Keyword Stats 2026-02-23 at 09_48_18.csv,Viết bài top-list/so sánh; map vào cluster hub; bổ sung schema + ảnh/UGC,B,82.50000000000001,0%,"25,997"
quận 5 khách sạn,Khách sạn Hồ Chí Minh,Lưu trú,In-scope Hồ Chí Minh,Commercial Investigation,50,N/A,N/A,N/A,Planner (Trung bình),data/google_planner/ho-chi-minh/Keyword Stats 2026-02-23 at 09_48_18.csv,Viết bài top-list/so sánh; map vào cluster hub; bổ sung schema + ảnh/UGC,B,82.50000000000001,0%,"24,932"
quận 7 khách sạn,Khách sạn Hồ Chí Minh,Lưu trú,In-scope Hồ Chí Minh,Commercial Investigation,50,N/A,N/A,N/A,Planner (Trung bình),data/google_planner/ho-chi-minh/Keyword Stats 2026-02-23 at 09_48_18.csv,Viết bài top-list/so sánh; map vào cluster hub; bổ sung schema + ảnh/UGC,B,82.50000000000001,0%,"11,538"
resort gần hồ chí minh,Khách sạn Hồ Chí Minh,Lưu trú,In-scope Hồ Chí Minh,Commercial Investigation,50,N/A,N/A,N/A,Planner (Cao),data/google_planner/ho-chi-minh/Keyword Stats 2026-02-23 at 09_48_18.csv,Viết bài top-list/so sánh; map vào cluster hub; bổ sung schema + ảnh/UGC,B,82.50000000000001,0%,"8,838"
resort gần tphcm,Khách sạn Hồ Chí Minh,Lưu trú,In-scope Hồ Chí Minh,Commercial Investigation,50,N/A,N/A,N/A,Planner (Trung bình),data/google_planner/ho-chi-minh/Keyword Stats 2026-02-23 at 09_48_18.csv,Viết bài top-list/so sánh; map vào cluster hub; bổ sung schema + ảnh/UGC,B,82.50000000000001,0%,"6,109"
resort thành phố hồ chí minh,Khách sạn Hồ Chí Minh,Lưu trú,In-scope Hồ Chí Minh,Commercial Investigation,50,N/A,N/A,N/A,Planner (Cao),data/google_planner/ho-chi-minh/Keyword Stats 2026-02-23 at 09_48_18.csv,Viết bài top-list/so sánh; map vào cluster hub; bổ sung schema + ảnh/UGC,B,82.50000000000001,0%,"14,475"
resort tp hcm,Khách sạn Hồ Chí Minh,Lưu trú,In-scope Hồ Chí Minh,Commercial Investigation,50,N/A,N/A,N/A,Planner (Cao),data/google_planner/ho-chi-minh/Keyword Stats 2026-02-23 at 09_48_18.csv,Viết bài top-list/so sánh; map vào cluster hub; bổ sung schema + ảnh/UGC,B,82.50000000000001,0%,"5,852"
resort ở hồ chí minh,Khách sạn Hồ Chí Minh,Lưu trú,In-scope Hồ Chí Minh,Commercial Investigation,50,N/A,N/A,N/A,Planner (Cao),data/google_planner/ho-chi-minh/Keyword Stats 2026-02-23 at 09_48_18.csv,Viết bài top-list/so sánh; map vào cluster hub; bổ sung schema + ảnh/UGC,B,82.50000000000001,0%,"9,162"
resort ở thành phố hồ chí minh,Khách sạn Hồ Chí Minh,Lưu trú,In-scope Hồ Chí Minh,Commercial Investigation,50,N/A,N/A,N/A,Planner (Cao),data/google_planner/ho-chi-minh/Keyword Stats 2026-02-23 at 09_48_18.csv,Viết bài top-list/so sánh; map vào cluster hub; bổ sung schema + ảnh/UGC,B,82.50000000000001,0%,"6,751"
thanh lan hotel quận 5,Khách sạn Hồ Chí Minh,Lưu trú,In-scope Hồ Chí Minh,Commercial Investigation,50,N/A,N/A,N/A,Planner (Trung bình),data/google_planner/ho-chi-minh/Keyword Stats 2026-02-23 at 09_48_18.csv,Viết bài top-list/so sánh; map vào cluster hub; bổ sung schema + ảnh/UGC,B,82.50000000000001,0%,"14,364"
the luxe hotel hồ chí minh,Khách sạn Hồ Chí Minh,Lưu trú,In-scope Hồ Chí Minh,Commercial Investigation,50,N/A,N/A,N/A,Planner (Cao),data/google_planner/ho-chi-minh/Keyword Stats 2026-02-23 at 09_48_18.csv,Viết bài top-list/so sánh; map vào cluster hub; bổ sung schema + ảnh/UGC,B,82.50000000000001,0%,"23,914"
thuê villa hồ chí minh,Khách sạn Hồ Chí Minh,Lưu trú,In-scope Hồ Chí Minh,Transaction,50,N/A,N/A,N/A,Planner (Cao),data/google_planner/ho-chi-minh/Keyword Stats 2026-02-23 at 09_48_18.csv,"Tạo landing chuyển đổi (giá/vé/đặt chỗ), gom vào cluster page + build backlink nội bộ",B,82.50000000000001,0%,"12,985"
thuê villa quận 9,Khách sạn Hồ Chí Minh,Lưu trú,In-scope Hồ Chí Minh,Transaction,50,N/A,N/A,N/A,Planner (Trung bình),data/google_planner/ho-chi-minh/Keyword Stats 2026-02-23 at 09_48_18.csv,"Tạo landing chuyển đổi (giá/vé/đặt chỗ), gom vào cluster page + build backlink nội bộ",B,82.50000000000001,0%,"6,709"
thuê villa tphcm,Khách sạn Hồ Chí Minh,Lưu trú,In-scope Hồ Chí Minh,Transaction,50,N/A,N/A,N/A,Planner (Cao),data/google_planner/ho-chi-minh/Keyword Stats 2026-02-23 at 09_48_18.csv,"Tạo landing chuyển đổi (giá/vé/đặt chỗ), gom vào cluster page + build backlink nội bộ",B,82.50000000000001,0%,"10,128"
thuê villa tổ chức tiệc tphcm,Khách sạn Hồ Chí Minh,Lưu trú,In-scope Hồ Chí Minh,Transaction,50,N/A,N/A,N/A,Planner (Trung bình),data/google_planner/ho-chi-minh/Keyword Stats 2026-02-23 at 09_48_18.csv,"Tạo landing chuyển đổi (giá/vé/đặt chỗ), gom vào cluster page + build backlink nội bộ",B,82.50000000000001,0%,"9,569"
trường giang hotel quận 5,Khách sạn Hồ Chí Minh,Lưu trú,In-scope Hồ Chí Minh,Commercial Investigation,50,N/A,N/A,N/A,Planner (Cao),data/google_planner/ho-chi-minh/Keyword Stats 2026-02-23 at 09_48_18.csv,Viết bài top-list/so sánh; map vào cluster hub; bổ sung schema + ảnh/UGC,B,82.50000000000001,0%,"13,761"
tìm khách sạn ở thành phố hồ chí minh,Khách sạn Hồ Chí Minh,Lưu trú,In-scope Hồ Chí Minh,Commercial Investigation,50,N/A,N/A,N/A,Planner (Cao),data/google_planner/ho-chi-minh/Keyword Stats 2026-02-23 at 09_48_18.csv,Viết bài top-list/so sánh; map vào cluster hub; bổ sung schema + ảnh/UGC,B,82.50000000000001,0%,"116,635"
valentine hotel quận 5,Khách sạn Hồ Chí Minh,Lưu trú,In-scope Hồ Chí Minh,Commercial Investigation,50,N/A,N/A,N/A,Planner (Trung bình),data/google_planner/ho-chi-minh/Keyword Stats 2026-02-23 at 09_48_18.csv,Viết bài top-list/so sánh; map vào cluster hub; bổ sung schema + ảnh/UGC,B,82.50000000000001,0%,"21,484"
vi an hotel quận 7,Khách sạn Hồ Chí Minh,Lưu trú,In-scope Hồ Chí Minh,Commercial Investigation,50,N/A,N/A,N/A,Planner (Cao),data/google_planner/ho-chi-minh/Keyword Stats 2026-02-23 at 09_48_18.csv,Viết bài top-list/so sánh; map vào cluster hub; bổ sung schema + ảnh/UGC,B,82.50000000000001,0%,"6,670"
viễn đông hotel quận 7,Khách sạn Hồ Chí Minh,Lưu trú,In-scope Hồ Chí Minh,Commercial Investigation,50,N/A,N/A,N/A,Planner (Trung bình),data/google_planner/ho-chi-minh/Keyword Stats 2026-02-23 at 09_48_18.csv,Viết bài top-list/so sánh; map vào cluster hub; bổ sung schema + ảnh/UGC,B,82.50000000000001,0%,"9,268"
windsor plaza hotel quận 5,Khách sạn Hồ Chí Minh,Lưu trú,In-scope Hồ Chí Minh,Commercial Investigation,50,N/A,N/A,N/A,Planner (Trung bình),data/google_planner/ho-chi-minh/Keyword Stats 2026-02-23 at 09_48_18.csv,Viết bài top-list/so sánh; map vào cluster hub; bổ sung schema + ảnh/UGC,B,82.50000000000001,0%,"16,761"
wink hotel hồ chí minh,Khách sạn Hồ Chí Minh,Lưu trú,In-scope Hồ Chí Minh,Commercial Investigation,50,N/A,N/A,N/A,Planner (Cao),data/google_planner/ho-chi-minh/Keyword Stats 2026-02-23 at 09_48_18.csv,Viết bài top-list/so sánh; map vào cluster hub; bổ sung schema + ảnh/UGC,B,82.50000000000001,0%,"18,417"
yumi hotel quận 2,Khách sạn Hồ Chí Minh,Lưu trú,In-scope Hồ Chí Minh,Commercial Investigation,50,N/A,N/A,N/A,Planner (Thấp),data/google_planner/ho-chi-minh/Keyword Stats 2026-02-23 at 09_48_18.csv,Viết bài top-list/so sánh; map vào cluster hub; bổ sung schema + ảnh/UGC,B,82.50000000000001,0%,"11,654"
khach san tai ho chi minh,Khách sạn Hồ Chí Minh,Lưu trú,In-scope Hồ Chí Minh,Commercial Investigation,50,N/A,N/A,N/A,Planner (Cao),data/google_planner/ho-chi-minh/Keyword Stats 2026-02-23 at 09_48_18.csv,Viết bài top-list/so sánh; map vào cluster hub; bổ sung schema + ảnh/UGC,B,75.0,0%,0
đặt khách sạn hcm,Khách sạn Hồ Chí Minh,Lưu trú,In-scope Hồ Chí Minh,Commercial Investigation,50,N/A,N/A,N/A,Planner (Thấp),data/google_planner/ho-chi-minh/Keyword Stats 2026-02-23 at 09_48_18.csv,Viết bài top-list/so sánh; map vào cluster hub; bổ sung schema + ảnh/UGC,B,75.0,0%,0
đặt khách sạn thành phố hồ chí minh,Khách sạn Hồ Chí Minh,Lưu trú,In-scope Hồ Chí Minh,Commercial Investigation,50,N/A,N/A,N/A,Planner (Cao),data/google_planner/ho-chi-minh/Keyword Stats 2026-02-23 at 09_48_18.csv,Viết bài top-list/so sánh; map vào cluster hub; bổ sung schema + ảnh/UGC,B,75.0,0%,0
khách sạn quận 7 phu my hung,Khách sạn Hồ Chí Minh,Lưu trú,In-scope Hồ Chí Minh,Commercial Investigation,50,N/A,N/A,N/A,Planner (Trung bình),data/google_planner/ho-chi-minh/Keyword Stats 2026-02-23 at 09_48_18.csv,Viết bài top-list/so sánh; map vào cluster hub; bổ sung schema + ảnh/UGC,B,75.0,0%,0
capri hotel quận 7,Khách sạn Hồ Chí Minh,Lưu trú,In-scope Hồ Chí Minh,Commercial Investigation,50,N/A,N/A,N/A,Planner (Thấp),data/google_planner/ho-chi-minh/Keyword Stats 2026-02-23 at 09_48_18.csv,Viết bài top-list/so sánh; map vào cluster hub; bổ sung schema + ảnh/UGC,B,75.0,0%,0
khách sạn ở quận 2 hồ chí minh,Khách sạn Hồ Chí Minh,Lưu trú,In-scope Hồ Chí Minh,Commercial Investigation,50,N/A,N/A,N/A,Planner (Cao),data/google_planner/ho-chi-minh/Keyword Stats 2026-02-23 at 09_48_18.csv,Viết bài top-list/so sánh; map vào cluster hub; bổ sung schema + ảnh/UGC,B,75.0,0%,0
hotel thanh pho ho chi minh,Khách sạn Hồ Chí Minh,Lưu trú,In-scope Hồ Chí Minh,Commercial Investigation,50,N/A,N/A,N/A,Planner (Cao),data/google_planner/ho-chi-minh/Keyword Stats 2026-02-23 at 09_48_18.csv,Viết bài top-list/so sánh; map vào cluster hub; bổ sung schema + ảnh/UGC,B,75.0,0%,0
khách sạn ở quận tân bình sài gòn,Khách sạn Hồ Chí Minh,Lưu trú,In-scope Hồ Chí Minh,Commercial Investigation,50,N/A,N/A,N/A,Planner (Không xác định),data/google_planner/ho-chi-minh/Keyword Stats 2026-02-23 at 09_48_18.csv,Viết bài top-list/so sánh; map vào cluster hub; bổ sung schema + ảnh/UGC,B,75.0,-100.0%,0
a&em corner saigon hotel 39 thủ khoa huân,Khách sạn Hồ Chí Minh,Lưu trú,In-scope Hồ Chí Minh,Commercial Investigation,50,N/A,N/A,N/A,Planner (Không xác định),data/google_planner/ho-chi-minh/Keyword Stats 2026-02-23 at 09_48_18.csv,Viết bài top-list/so sánh; map vào cluster hub; bổ sung schema + ảnh/UGC,B,75.0,-100.0%,0
bizu hotel quận 7,Khách sạn Hồ Chí Minh,Lưu trú,In-scope Hồ Chí Minh,Commercial Investigation,50,N/A,N/A,N/A,Planner (Thấp),data/google_planner/ho-chi-minh/Keyword Stats 2026-02-23 at 09_48_18.csv,Viết bài top-list/so sánh; map vào cluster hub; bổ sung schema + ảnh/UGC,B,75.0,0%,0
blessed hotel quận 7,Khách sạn Hồ Chí Minh,Lưu trú,In-scope Hồ Chí Minh,Commercial Investigation,50,N/A,N/A,N/A,Planner (Thấp),data/google_planner/ho-chi-minh/Keyword Stats 2026-02-23 at 09_48_18.csv,Viết bài top-list/so sánh; map vào cluster hub; bổ sung schema + ảnh/UGC,B,75.0,0%,0
blue sky hotel hồ chí minh,Khách sạn Hồ Chí Minh,Lưu trú,In-scope Hồ Chí Minh,Commercial Investigation,50,N/A,N/A,N/A,Planner (Không xác định),data/google_planner/ho-chi-minh/Keyword Stats 2026-02-23 at 09_48_18.csv,Viết bài top-list/so sánh; map vào cluster hub; bổ sung schema + ảnh/UGC,B,75.0,0%,0
blue sky hotel tân bình,Khách sạn Hồ Chí Minh,Lưu trú,In-scope Hồ Chí Minh,Commercial Investigation,50,N/A,N/A,N/A,Planner (Trung bình),data/google_planner/ho-chi-minh/Keyword Stats 2026-02-23 at 09_48_18.csv,Viết bài top-list/so sánh; map vào cluster hub; bổ sung schema + ảnh/UGC,B,75.0,0%,0
book khách sạn quận 7,Khách sạn Hồ Chí Minh,Lưu trú,In-scope Hồ Chí Minh,Commercial Investigation,50,N/A,N/A,N/A,Planner (Cao),data/google_planner/ho-chi-minh/Keyword Stats 2026-02-23 at 09_48_18.csv,Viết bài top-list/so sánh; map vào cluster hub; bổ sung schema + ảnh/UGC,B,75.0,0%,0
bảo lâm hotel quận 9,Khách sạn Hồ Chí Minh,Lưu trú,In-scope Hồ Chí Minh,Commercial Investigation,50,N/A,N/A,N/A,Planner (Thấp),data/google_planner/ho-chi-minh/Keyword Stats 2026-02-23 at 09_48_18.csv,Viết bài top-list/so sánh; map vào cluster hub; bổ sung schema + ảnh/UGC,B,75.0,0%,0
capsule hotel hồ chí minh,Khách sạn Hồ Chí Minh,Lưu trú,In-scope Hồ Chí Minh,Commercial Investigation,50,N/A,N/A,N/A,Planner (Thấp),data/google_planner/ho-chi-minh/Keyword Stats 2026-02-23 at 09_48_18.csv,Viết bài top-list/so sánh; map vào cluster hub; bổ sung schema + ảnh/UGC,B,75.0,0%,0
chloe hotel quận 7,Khách sạn Hồ Chí Minh,Lưu trú,In-scope Hồ Chí Minh,Commercial Investigation,50,N/A,N/A,N/A,Planner (Cao),data/google_planner/ho-chi-minh/Keyword Stats 2026-02-23 at 09_48_18.csv,Viết bài top-list/so sánh; map vào cluster hub; bổ sung schema + ảnh/UGC,B,75.0,0%,0
cho thuê villa quận 2 theo ngày,Khách sạn Hồ Chí Minh,Lưu trú,In-scope Hồ Chí Minh,Transaction,50,N/A,N/A,N/A,Planner (Trung bình),data/google_planner/ho-chi-minh/Keyword Stats 2026-02-23 at 09_48_18.csv,"Tạo landing chuyển đổi (giá/vé/đặt chỗ), gom vào cluster page + build backlink nội bộ",B,75.0,0%,0
các khách sạn ở quận bình thạnh,Khách sạn Hồ Chí Minh,Lưu trú,In-scope Hồ Chí Minh,Commercial Investigation,50,N/A,N/A,N/A,Planner (Cao),data/google_planner/ho-chi-minh/Keyword Stats 2026-02-23 at 09_48_18.csv,Viết bài top-list/so sánh; map vào cluster hub; bổ sung schema + ảnh/UGC,B,75.0,0%,0
các khách sạn ở quận tân bình,Khách sạn Hồ Chí Minh,Lưu trú,In-scope Hồ Chí Minh,Commercial Investigation,50,N/A,N/A,N/A,Planner (Cao),data/google_planner/ho-chi-minh/Keyword Stats 2026-02-23 at 09_48_18.csv,Viết bài top-list/so sánh; map vào cluster hub; bổ sung schema + ảnh/UGC,B,75.0,0%,0
các khách sạn ở quận tân bình tphcm,Khách sạn Hồ Chí Minh,Lưu trú,In-scope Hồ Chí Minh,Commercial Investigation,50,N/A,N/A,N/A,Planner (Không xác định),data/google_planner/ho-chi-minh/Keyword Stats 2026-02-23 at 09_48_18.csv,Viết bài top-list/so sánh; map vào cluster hub; bổ sung schema + ảnh/UGC,B,75.0,0%,0
các khách sạn ở thành phố hồ chí minh,Khách sạn Hồ Chí Minh,Lưu trú,In-scope Hồ Chí Minh,Commercial Investigation,50,N/A,N/A,N/A,Planner (Thấp),data/google_planner/ho-chi-minh/Keyword Stats 2026-02-23 at 09_48_18.csv,Viết bài top-list/so sánh; map vào cluster hub; bổ sung schema + ảnh/UGC,B,75.0,0%,0
danh sách khách sạn quận 7,Khách sạn Hồ Chí Minh,Lưu trú,In-scope Hồ Chí Minh,Commercial Investigation,50,N/A,N/A,N/A,Planner (Cao),data/google_planner/ho-chi-minh/Keyword Stats 2026-02-23 at 09_48_18.csv,Viết bài top-list/so sánh; map vào cluster hub; bổ sung schema + ảnh/UGC,B,75.0,0%,0
dat khach san ho chi minh,Khách sạn Hồ Chí Minh,Lưu trú,In-scope Hồ Chí Minh,Transaction,50,N/A,N/A,N/A,Planner (Cao),data/google_planner/ho-chi-minh/Keyword Stats 2026-02-23 at 09_48_18.csv,"Tạo landing chuyển đổi (giá/vé/đặt chỗ), gom vào cluster page + build backlink nội bộ",B,75.0,0%,0
dat phong khach san ho chi minh,Khách sạn Hồ Chí Minh,Lưu trú,In-scope Hồ Chí Minh,Transaction,50,N/A,N/A,N/A,Planner (Trung bình),data/google_planner/ho-chi-minh/Keyword Stats 2026-02-23 at 09_48_18.csv,"Tạo landing chuyển đổi (giá/vé/đặt chỗ), gom vào cluster page + build backlink nội bộ",B,75.0,0%,0
deal khách sạn hồ chí minh,Khách sạn Hồ Chí Minh,Lưu trú,In-scope Hồ Chí Minh,Transaction,50,N/A,N/A,N/A,Planner (Không xác định),data/google_planner/ho-chi-minh/Keyword Stats 2026-02-23 at 09_48_18.csv,"Tạo landing chuyển đổi (giá/vé/đặt chỗ), gom vào cluster page + build backlink nội bộ",B,75.0,0%,0
friday hotel phú nhuận,Khách sạn Hồ Chí Minh,Lưu trú,In-scope Hồ Chí Minh,Commercial Investigation,50,N/A,N/A,N/A,Planner (Trung bình),data/google_planner/ho-chi-minh/Keyword Stats 2026-02-23 at 09_48_18.csv,Viết bài top-list/so sánh; map vào cluster hub; bổ sung schema + ảnh/UGC,B,75.0,0%,0
hotel majestic saigon thành phố hồ chí minh,Khách sạn Hồ Chí Minh,Lưu trú,In-scope Hồ Chí Minh,Commercial Investigation,50,N/A,N/A,N/A,Planner (Thấp),data/google_planner/ho-chi-minh/Keyword Stats 2026-02-23 at 09_48_18.csv,Viết bài top-list/so sánh; map vào cluster hub; bổ sung schema + ảnh/UGC,B,75.0,0%,0
hotel nha khach 165 ho chi minh,Khách sạn Hồ Chí Minh,Lưu trú,In-scope Hồ Chí Minh,Commercial Investigation,50,N/A,N/A,N/A,Planner (Không xác định),data/google_planner/ho-chi-minh/Keyword Stats 2026-02-23 at 09_48_18.csv,Viết bài top-list/so sánh; map vào cluster hub; bổ sung schema + ảnh/UGC,B,75.0,0%,0
hotel phương nam bình tân,Khách sạn Hồ Chí Minh,Lưu trú,In-scope Hồ Chí Minh,Commercial Investigation,50,N/A,N/A,N/A,Planner (Trung bình),data/google_planner/ho-chi-minh/Keyword Stats 2026-02-23 at 09_48_18.csv,Viết bài top-list/so sánh; map vào cluster hub; bổ sung schema + ảnh/UGC,B,75.0,0%,0
hotel saigon rose gò vấp,Khách sạn Hồ Chí Minh,Lưu trú,In-scope Hồ Chí Minh,Commercial Investigation,50,N/A,N/A,N/A,Planner (Thấp),data/google_planner/ho-chi-minh/Keyword Stats 2026-02-23 at 09_48_18.csv,Viết bài top-list/so sánh; map vào cluster hub; bổ sung schema + ảnh/UGC,B,75.0,0%,0
hoàng triều hotel quận 7,Khách sạn Hồ Chí Minh,Lưu trú,In-scope Hồ Chí Minh,Commercial Investigation,50,N/A,N/A,N/A,Planner (Trung bình),data/google_planner/ho-chi-minh/Keyword Stats 2026-02-23 at 09_48_18.csv,Viết bài top-list/so sánh; map vào cluster hub; bổ sung schema + ảnh/UGC,B,75.0,0%,0
hệ thống khách sạn a25 hồ chí minh,Khách sạn Hồ Chí Minh,Lưu trú,In-scope Hồ Chí Minh,Commercial Investigation,50,N/A,N/A,N/A,Planner (Trung bình),data/google_planner/ho-chi-minh/Keyword Stats 2026-02-23 at 09_48_18.csv,Viết bài top-list/so sánh; map vào cluster hub; bổ sung schema + ảnh/UGC,B,75.0,0%,0
joy inn hotel tân bình,Khách sạn Hồ Chí Minh,Lưu trú,In-scope Hồ Chí Minh,Commercial Investigation,50,N/A,N/A,N/A,Planner (Không xác định),data/google_planner/ho-chi-minh/Keyword Stats 2026-02-23 at 09_48_18.csv,Viết bài top-list/so sánh; map vào cluster hub; bổ sung schema + ảnh/UGC,B,75.0,0%,0
kha thy hotel quận 2,Khách sạn Hồ Chí Minh,Lưu trú,In-scope Hồ Chí Minh,Commercial Investigation,50,N/A,N/A,N/A,Planner (Thấp),data/google_planner/ho-chi-minh/Keyword Stats 2026-02-23 at 09_48_18.csv,Viết bài top-list/so sánh; map vào cluster hub; bổ sung schema + ảnh/UGC,B,75.0,0%,0
khach san cong doan ho chi minh,Khách sạn Hồ Chí Minh,Lưu trú,In-scope Hồ Chí Minh,Commercial Investigation,50,N/A,N/A,N/A,Planner (Trung bình),data/google_planner/ho-chi-minh/Keyword Stats 2026-02-23 at 09_48_18.csv,Viết bài top-list/so sánh; map vào cluster hub; bổ sung schema + ảnh/UGC,B,75.0,0%,0
khach san cong doan tp hcm,Khách sạn Hồ Chí Minh,Lưu trú,In-scope Hồ Chí Minh,Commercial Investigation,50,N/A,N/A,N/A,Planner (Trung bình),data/google_planner/ho-chi-minh/Keyword Stats 2026-02-23 at 09_48_18.csv,Viết bài top-list/so sánh; map vào cluster hub; bổ sung schema + ảnh/UGC,B,75.0,0%,0
khach san duong 3 2 tphcm,Khách sạn Hồ Chí Minh,Lưu trú,In-scope Hồ Chí Minh,Commercial Investigation,50,N/A,N/A,N/A,Planner (Cao),data/google_planner/ho-chi-minh/Keyword Stats 2026-02-23 at 09_48_18.csv,Viết bài top-list/so sánh; map vào cluster hub; bổ sung schema + ảnh/UGC,B,75.0,0%,0
khach san duong bui thi xuan sai gon,Khách sạn Hồ Chí Minh,Lưu trú,In-scope Hồ Chí Minh,Commercial Investigation,50,N/A,N/A,N/A,Planner (Cao),data/google_planner/ho-chi-minh/Keyword Stats 2026-02-23 at 09_48_18.csv,Viết bài top-list/so sánh; map vào cluster hub; bổ sung schema + ảnh/UGC,B,75.0,0%,0
khach san duong nguyen van troi tp hcm,Khách sạn Hồ Chí Minh,Lưu trú,In-scope Hồ Chí Minh,Commercial Investigation,50,N/A,N/A,N/A,Planner (Không xác định),data/google_planner/ho-chi-minh/Keyword Stats 2026-02-23 at 09_48_18.csv,Viết bài top-list/so sánh; map vào cluster hub; bổ sung schema + ảnh/UGC,B,75.0,0%,0
khach san legend ho chi minh,Khách sạn Hồ Chí Minh,Lưu trú,In-scope Hồ Chí Minh,Commercial Investigation,50,N/A,N/A,N/A,Planner (Cao),data/google_planner/ho-chi-minh/Keyword Stats 2026-02-23 at 09_48_18.csv,Viết bài top-list/so sánh; map vào cluster hub; bổ sung schema + ảnh/UGC,B,75.0,0%,0
khach san minh quan binh tan,Khách sạn Hồ Chí Minh,Lưu trú,In-scope Hồ Chí Minh,Commercial Investigation,50,N/A,N/A,N/A,Planner (Thấp),data/google_planner/ho-chi-minh/Keyword Stats 2026-02-23 at 09_48_18.csv,Viết bài top-list/so sánh; map vào cluster hub; bổ sung schema + ảnh/UGC,B,75.0,0%,0
khach san oscar saigon dia chi,Khách sạn Hồ Chí Minh,Lưu trú,In-scope Hồ Chí Minh,Commercial Investigation,50,N/A,N/A,N/A,Planner (Không xác định),data/google_planner/ho-chi-minh/Keyword Stats 2026-02-23 at 09_48_18.csv,Viết bài top-list/so sánh; map vào cluster hub; bổ sung schema + ảnh/UGC,B,75.0,-100.0%,0
khách sạn 2 sao quận tân bình,Khách sạn Hồ Chí Minh,Lưu trú,In-scope Hồ Chí Minh,Commercial Investigation,50,N/A,N/A,N/A,Planner (Thấp),data/google_planner/ho-chi-minh/Keyword Stats 2026-02-23 at 09_48_18.csv,Viết bài top-list/so sánh; map vào cluster hub; bổ sung schema + ảnh/UGC,B,75.0,0%,0
khách sạn 6 sao thành phố hồ chí minh,Khách sạn Hồ Chí Minh,Lưu trú,In-scope Hồ Chí Minh,Commercial Investigation,50,N/A,N/A,N/A,Planner (Thấp),data/google_planner/ho-chi-minh/Keyword Stats 2026-02-23 at 09_48_18.csv,Viết bài top-list/so sánh; map vào cluster hub; bổ sung schema + ảnh/UGC,B,75.0,0%,0
khách sạn 9 sao quận 7,Khách sạn Hồ Chí Minh,Lưu trú,In-scope Hồ Chí Minh,Commercial Investigation,50,N/A,N/A,N/A,Planner (Trung bình),data/google_planner/ho-chi-minh/Keyword Stats 2026-02-23 at 09_48_18.csv,Viết bài top-list/so sánh; map vào cluster hub; bổ sung schema + ảnh/UGC,B,75.0,0%,0
khách sạn a in hotel quận 2,Khách sạn Hồ Chí Minh,Lưu trú,In-scope Hồ Chí Minh,Commercial Investigation,50,N/A,N/A,N/A,Planner (Cao),data/google_planner/ho-chi-minh/Keyword Stats 2026-02-23 at 09_48_18.csv,Viết bài top-list/so sánh; map vào cluster hub; bổ sung schema + ảnh/UGC,B,75.0,0%,0
khách sạn a in hotel quận 4,Khách sạn Hồ Chí Minh,Lưu trú,In-scope Hồ Chí Minh,Commercial Investigation,50,N/A,N/A,N/A,Planner (Trung bình),data/google_planner/ho-chi-minh/Keyword Stats 2026-02-23 at 09_48_18.csv,Viết bài top-list/so sánh; map vào cluster hub; bổ sung schema + ảnh/UGC,B,75.0,0%,0
khách sạn a25 lê lai hồ chí minh,Khách sạn Hồ Chí Minh,Lưu trú,In-scope Hồ Chí Minh,Commercial Investigation,50,N/A,N/A,N/A,Planner (Không xác định),data/google_planner/ho-chi-minh/Keyword Stats 2026-02-23 at 09_48_18.csv,Viết bài top-list/so sánh; map vào cluster hub; bổ sung schema + ảnh/UGC,B,75.0,0%,0
khách sạn a25 nguyễn cư trinh hồ chí minh,Khách sạn Hồ Chí Minh,Lưu trú,In-scope Hồ Chí Minh,Commercial Investigation,50,N/A,N/A,N/A,Planner (Thấp),data/google_planner/ho-chi-minh/Keyword Stats 2026-02-23 at 09_48_18.csv,Viết bài top-list/so sánh; map vào cluster hub; bổ sung schema + ảnh/UGC,B,75.0,0%,0
khách sạn a25 quận tân bình,Khách sạn Hồ Chí Minh,Lưu trú,In-scope Hồ Chí Minh,Commercial Investigation,50,N/A,N/A,N/A,Planner (Cao),data/google_planner/ho-chi-minh/Keyword Stats 2026-02-23 at 09_48_18.csv,Viết bài top-list/so sánh; map vào cluster hub; bổ sung schema + ảnh/UGC,B,75.0,0%,0
khách sạn a25 đề thám hồ chí minh,Khách sạn Hồ Chí Minh,Lưu trú,In-scope Hồ Chí Minh,Commercial Investigation,50,N/A,N/A,N/A,Planner (Cao),data/google_planner/ho-chi-minh/Keyword Stats 2026-02-23 at 09_48_18.csv,Viết bài top-list/so sánh; map vào cluster hub; bổ sung schema + ảnh/UGC,B,75.0,0%,0
khách sạn accor thành phố hồ chí minh,Khách sạn Hồ Chí Minh,Lưu trú,In-scope Hồ Chí Minh,Commercial Investigation,50,N/A,N/A,N/A,Planner (Thấp),data/google_planner/ho-chi-minh/Keyword Stats 2026-02-23 at 09_48_18.csv,Viết bài top-list/so sánh; map vào cluster hub; bổ sung schema + ảnh/UGC,B,75.0,0%,0
khách sạn ambassador hồ chí minh,Khách sạn Hồ Chí Minh,Lưu trú,In-scope Hồ Chí Minh,Commercial Investigation,50,N/A,N/A,N/A,Planner (Không xác định),data/google_planner/ho-chi-minh/Keyword Stats 2026-02-23 at 09_48_18.csv,Viết bài top-list/so sánh; map vào cluster hub; bổ sung schema + ảnh/UGC,B,75.0,0%,0
khách sạn amura quận 6,Khách sạn Hồ Chí Minh,Lưu trú,In-scope Hồ Chí Minh,Commercial Investigation,50,N/A,N/A,N/A,Planner (Thấp),data/google_planner/ho-chi-minh/Keyword Stats 2026-02-23 at 09_48_18.csv,Viết bài top-list/so sánh; map vào cluster hub; bổ sung schema + ảnh/UGC,B,75.0,0%,0
khách sạn an lộc củ chi,Khách sạn Hồ Chí Minh,Lưu trú,In-scope Hồ Chí Minh,Commercial Investigation,50,N/A,N/A,N/A,Planner (Thấp),data/google_planner/ho-chi-minh/Keyword Stats 2026-02-23 at 09_48_18.csv,Viết bài top-list/so sánh; map vào cluster hub; bổ sung schema + ảnh/UGC,B,75.0,0%,0
khách sạn apollo quận tân bình,Khách sạn Hồ Chí Minh,Lưu trú,In-scope Hồ Chí Minh,Commercial Investigation,50,N/A,N/A,N/A,Planner (Cao),data/google_planner/ho-chi-minh/Keyword Stats 2026-02-23 at 09_48_18.csv,Viết bài top-list/so sánh; map vào cluster hub; bổ sung schema + ảnh/UGC,B,75.0,0%,0
khách sạn asian ruby select sài gòn,Khách sạn Hồ Chí Minh,Lưu trú,In-scope Hồ Chí Minh,Commercial Investigation,50,N/A,N/A,N/A,Planner (Không xác định),data/google_planner/ho-chi-minh/Keyword Stats 2026-02-23 at 09_48_18.csv,Viết bài top-list/so sánh; map vào cluster hub; bổ sung schema + ảnh/UGC,B,75.0,0%,0
khách sạn bizu quận 7,Khách sạn Hồ Chí Minh,Lưu trú,In-scope Hồ Chí Minh,Commercial Investigation,50,N/A,N/A,N/A,Planner (Không xác định),data/google_planner/ho-chi-minh/Keyword Stats 2026-02-23 at 09_48_18.csv,Viết bài top-list/so sánh; map vào cluster hub; bổ sung schema + ảnh/UGC,B,75.0,-100.0%,0
khách sạn blessed quận 7,Khách sạn Hồ Chí Minh,Lưu trú,In-scope Hồ Chí Minh,Commercial Investigation,50,N/A,N/A,N/A,Planner (Trung bình),data/google_planner/ho-chi-minh/Keyword Stats 2026-02-23 at 09_48_18.csv,Viết bài top-list/so sánh; map vào cluster hub; bổ sung schema + ảnh/UGC,B,75.0,0%,0
khách sạn blue diamond hồ chí minh,Khách sạn Hồ Chí Minh,Lưu trú,In-scope Hồ Chí Minh,Commercial Investigation,50,N/A,N/A,N/A,Planner (Không xác định),data/google_planner/ho-chi-minh/Keyword Stats 2026-02-23 at 09_48_18.csv,Viết bài top-list/so sánh; map vào cluster hub; bổ sung schema + ảnh/UGC,B,75.0,0%,0
khách sạn blue diamond quận tân bình,Khách sạn Hồ Chí Minh,Lưu trú,In-scope Hồ Chí Minh,Commercial Investigation,50,N/A,N/A,N/A,Planner (Cao),data/google_planner/ho-chi-minh/Keyword Stats 2026-02-23 at 09_48_18.csv,Viết bài top-list/so sánh; map vào cluster hub; bổ sung schema + ảnh/UGC,B,75.0,0%,0
khách sạn boss quận 7,Khách sạn Hồ Chí Minh,Lưu trú,In-scope Hồ Chí Minh,Commercial Investigation,50,N/A,N/A,N/A,Planner (Thấp),data/google_planner/ho-chi-minh/Keyword Stats 2026-02-23 at 09_48_18.csv,Viết bài top-list/so sánh; map vào cluster hub; bổ sung schema + ảnh/UGC,B,75.0,0%,0
khách sạn bàu cát tân bình hồ chí minh,Khách sạn Hồ Chí Minh,Lưu trú,In-scope Hồ Chí Minh,Commercial Investigation,50,N/A,N/A,N/A,Planner (Cao),data/google_planner/ho-chi-minh/Keyword Stats 2026-02-23 at 09_48_18.csv,Viết bài top-list/so sánh; map vào cluster hub; bổ sung schema + ảnh/UGC,B,75.0,0%,0
khách sạn bát đạt hồ chí minh,Khách sạn Hồ Chí Minh,Lưu trú,In-scope Hồ Chí Minh,Commercial Investigation,50,N/A,N/A,N/A,Planner (Thấp),data/google_planner/ho-chi-minh/Keyword Stats 2026-02-23 at 09_48_18.csv,Viết bài top-list/so sánh; map vào cluster hub; bổ sung schema + ảnh/UGC,B,75.0,0%,0
khách sạn bình minh quận bình thạnh,Khách sạn Hồ Chí Minh,Lưu trú,In-scope Hồ Chí Minh,Commercial Investigation,50,N/A,N/A,N/A,Planner (Trung bình),data/google_planner/ho-chi-minh/Keyword Stats 2026-02-23 at 09_48_18.csv,Viết bài top-list/so sánh; map vào cluster hub; bổ sung schema + ảnh/UGC,B,75.0,0%,0
khách sạn bạn tôi quận 5,Khách sạn Hồ Chí Minh,Lưu trú,In-scope Hồ Chí Minh,Commercial Investigation,50,N/A,N/A,N/A,Planner (Thấp),data/google_planner/ho-chi-minh/Keyword Stats 2026-02-23 at 09_48_18.csv,Viết bài top-list/so sánh; map vào cluster hub; bổ sung schema + ảnh/UGC,B,75.0,0%,0
khách sạn bảo ngọc quận 9,Khách sạn Hồ Chí Minh,Lưu trú,In-scope Hồ Chí Minh,Commercial Investigation,50,N/A,N/A,N/A,Planner (Thấp),data/google_planner/ho-chi-minh/Keyword Stats 2026-02-23 at 09_48_18.csv,Viết bài top-list/so sánh; map vào cluster hub; bổ sung schema + ảnh/UGC,B,75.0,0%,0
khách sạn bụi mini hotel thành phố hồ chí minh,Khách sạn Hồ Chí Minh,Lưu trú,In-scope Hồ Chí Minh,Commercial Investigation,50,N/A,N/A,N/A,Planner (Trung bình),data/google_planner/ho-chi-minh/Keyword Stats 2026-02-23 at 09_48_18.csv,Viết bài top-list/so sánh; map vào cluster hub; bổ sung schema + ảnh/UGC,B,75.0,0%,0
khách sạn cabana hotel saigon,Khách sạn Hồ Chí Minh,Lưu trú,In-scope Hồ Chí Minh,Commercial Investigation,50,N/A,N/A,N/A,Planner (Không xác định),data/google_planner/ho-chi-minh/Keyword Stats 2026-02-23 at 09_48_18.csv,Viết bài top-list/so sánh; map vào cluster hub; bổ sung schema + ảnh/UGC,B,75.0,-100.0%,0
khách sạn cap town hồ chí minh,Khách sạn Hồ Chí Minh,Lưu trú,In-scope Hồ Chí Minh,Commercial Investigation,50,N/A,N/A,N/A,Planner (Không xác định),data/google_planner/ho-chi-minh/Keyword Stats 2026-02-23 at 09_48_18.csv,Viết bài top-list/so sánh; map vào cluster hub; bổ sung schema + ảnh/UGC,B,75.0,0%,0
khách sạn capri by fraser quận 7,Khách sạn Hồ Chí Minh,Lưu trú,In-scope Hồ Chí Minh,Commercial Investigation,50,N/A,N/A,N/A,Planner (Trung bình),data/google_planner/ho-chi-minh/Keyword Stats 2026-02-23 at 09_48_18.csv,Viết bài top-list/so sánh; map vào cluster hub; bổ sung schema + ảnh/UGC,B,75.0,0%,0
khách sạn capri quận 7,Khách sạn Hồ Chí Minh,Lưu trú,In-scope Hồ Chí Minh,Commercial Investigation,50,N/A,N/A,N/A,Planner (Trung bình),data/google_planner/ho-chi-minh/Keyword Stats 2026-02-23 at 09_48_18.csv,Viết bài top-list/so sánh; map vào cluster hub; bổ sung schema + ảnh/UGC,B,75.0,0%,0
khách sạn caravelle thành phố hồ chí minh,Khách sạn Hồ Chí Minh,Lưu trú,In-scope Hồ Chí Minh,Commercial Investigation,50,N/A,N/A,N/A,Planner (Thấp),data/google_planner/ho-chi-minh/Keyword Stats 2026-02-23 at 09_48_18.csv,Viết bài top-list/so sánh; map vào cluster hub; bổ sung schema + ảnh/UGC,B,75.0,0%,0
khách sạn châu thiên tứ quận tân bình,Khách sạn Hồ Chí Minh,Lưu trú,In-scope Hồ Chí Minh,Commercial Investigation,50,N/A,N/A,N/A,Planner (Thấp),data/google_planner/ho-chi-minh/Keyword Stats 2026-02-23 at 09_48_18.csv,Viết bài top-list/so sánh; map vào cluster hub; bổ sung schema + ảnh/UGC,B,75.0,0%,0
khách sạn chín sao quận 7,Khách sạn Hồ Chí Minh,Lưu trú,In-scope Hồ Chí Minh,Commercial Investigation,50,N/A,N/A,N/A,Planner (Thấp),data/google_planner/ho-chi-minh/Keyword Stats 2026-02-23 at 09_48_18.csv,Viết bài top-list/so sánh; map vào cluster hub; bổ sung schema + ảnh/UGC,B,75.0,0%,0
khách sạn citadines hồ chí minh,Khách sạn Hồ Chí Minh,Lưu trú,In-scope Hồ Chí Minh,Commercial Investigation,50,N/A,N/A,N/A,Planner (Cao),data/google_planner/ho-chi-minh/Keyword Stats 2026-02-23 at 09_48_18.csv,Viết bài top-list/so sánh; map vào cluster hub; bổ sung schema + ảnh/UGC,B,75.0,0%,0
khách sạn city house quận 7,Khách sạn Hồ Chí Minh,Lưu trú,In-scope Hồ Chí Minh,Commercial Investigation,50,N/A,N/A,N/A,Planner (Không xác định),data/google_planner/ho-chi-minh/Keyword Stats 2026-02-23 at 09_48_18.csv,Viết bài top-list/so sánh; map vào cluster hub; bổ sung schema + ảnh/UGC,B,75.0,-100.0%,0
khách sạn cupid quận 8,Khách sạn Hồ Chí Minh,Lưu trú,In-scope Hồ Chí Minh,Commercial Investigation,50,N/A,N/A,N/A,Planner (Cao),data/google_planner/ho-chi-minh/Keyword Stats 2026-02-23 at 09_48_18.csv,Viết bài top-list/so sánh; map vào cluster hub; bổ sung schema + ảnh/UGC,B,75.0,0%,0
khách sạn có hồ bơi ở hồ chí minh,Khách sạn Hồ Chí Minh,Lưu trú,In-scope Hồ Chí Minh,Commercial Investigation,50,N/A,N/A,N/A,Planner (Cao),data/google_planner/ho-chi-minh/Keyword Stats 2026-02-23 at 09_48_18.csv,Viết bài top-list/so sánh; map vào cluster hub; bổ sung schema + ảnh/UGC,B,75.0,0%,0
khách sạn de paris quận 7,Khách sạn Hồ Chí Minh,Lưu trú,In-scope Hồ Chí Minh,Commercial Investigation,50,N/A,N/A,N/A,Planner (Không xác định),data/google_planner/ho-chi-minh/Keyword Stats 2026-02-23 at 09_48_18.csv,Viết bài top-list/so sánh; map vào cluster hub; bổ sung schema + ảnh/UGC,B,75.0,0%,0
khách sạn dương tạ quang bửu quận 8,Khách sạn Hồ Chí Minh,Lưu trú,In-scope Hồ Chí Minh,Commercial Investigation,50,N/A,N/A,N/A,Planner (Không xác định),data/google_planner/ho-chi-minh/Keyword Stats 2026-02-23 at 09_48_18.csv,Viết bài top-list/so sánh; map vào cluster hub; bổ sung schema + ảnh/UGC,B,75.0,0%,0
khách sạn eastin hồ chí minh,Khách sạn Hồ Chí Minh,Lưu trú,In-scope Hồ Chí Minh,Commercial Investigation,50,N/A,N/A,N/A,Planner (Trung bình),data/google_planner/ho-chi-minh/Keyword Stats 2026-02-23 at 09_48_18.csv,Viết bài top-list/so sánh; map vào cluster hub; bổ sung schema + ảnh/UGC,B,75.0,0%,0
khách sạn fide quận 7,Khách sạn Hồ Chí Minh,Lưu trú,In-scope Hồ Chí Minh,Commercial Investigation,50,N/A,N/A,N/A,Planner (Cao),data/google_planner/ho-chi-minh/Keyword Stats 2026-02-23 at 09_48_18.csv,Viết bài top-list/so sánh; map vào cluster hub; bổ sung schema + ảnh/UGC,B,75.0,0%,0
khách sạn fortune quận 5,Khách sạn Hồ Chí Minh,Lưu trú,In-scope Hồ Chí Minh,Commercial Investigation,50,N/A,N/A,N/A,Planner (Trung bình),data/google_planner/ho-chi-minh/Keyword Stats 2026-02-23 at 09_48_18.csv,Viết bài top-list/so sánh; map vào cluster hub; bổ sung schema + ảnh/UGC,B,75.0,0%,0
khách sạn gia bảo ngọc quận 4,Khách sạn Hồ Chí Minh,Lưu trú,In-scope Hồ Chí Minh,Transaction,50,N/A,N/A,N/A,Planner (Không xác định),data/google_planner/ho-chi-minh/Keyword Stats 2026-02-23 at 09_48_18.csv,"Tạo landing chuyển đổi (giá/vé/đặt chỗ), gom vào cluster page + build backlink nội bộ",B,75.0,0%,0
khách sạn gia bảo quận 6,Khách sạn Hồ Chí Minh,Lưu trú,In-scope Hồ Chí Minh,Transaction,50,N/A,N/A,N/A,Planner (Thấp),data/google_planner/ho-chi-minh/Keyword Stats 2026-02-23 at 09_48_18.csv,"Tạo landing chuyển đổi (giá/vé/đặt chỗ), gom vào cluster page + build backlink nội bộ",B,75.0,0%,0
khách sạn gia bảo quận 9,Khách sạn Hồ Chí Minh,Lưu trú,In-scope Hồ Chí Minh,Transaction,50,N/A,N/A,N/A,Planner (Trung bình),data/google_planner/ho-chi-minh/Keyword Stats 2026-02-23 at 09_48_18.csv,"Tạo landing chuyển đổi (giá/vé/đặt chỗ), gom vào cluster page + build backlink nội bộ",B,75.0,0%,0
khách sạn gia huyên quận 4,Khách sạn Hồ Chí Minh,Lưu trú,In-scope Hồ Chí Minh,Transaction,50,N/A,N/A,N/A,Planner (Thấp),data/google_planner/ho-chi-minh/Keyword Stats 2026-02-23 at 09_48_18.csv,"Tạo landing chuyển đổi (giá/vé/đặt chỗ), gom vào cluster page + build backlink nội bộ",B,75.0,0%,0
khách sạn gia huyên quận 6,Khách sạn Hồ Chí Minh,Lưu trú,In-scope Hồ Chí Minh,Transaction,50,N/A,N/A,N/A,Planner (Không xác định),data/google_planner/ho-chi-minh/Keyword Stats 2026-02-23 at 09_48_18.csv,"Tạo landing chuyển đổi (giá/vé/đặt chỗ), gom vào cluster page + build backlink nội bộ",B,75.0,-100.0%,0
khách sạn gia huyên đường 41 quận 4,Khách sạn Hồ Chí Minh,Lưu trú,In-scope Hồ Chí Minh,Transaction,50,N/A,N/A,N/A,Planner (Thấp),data/google_planner/ho-chi-minh/Keyword Stats 2026-02-23 at 09_48_18.csv,"Tạo landing chuyển đổi (giá/vé/đặt chỗ), gom vào cluster page + build backlink nội bộ",B,75.0,0%,0
khách sạn gia vân quận 2,Khách sạn Hồ Chí Minh,Lưu trú,In-scope Hồ Chí Minh,Transaction,50,N/A,N/A,N/A,Planner (Thấp),data/google_planner/ho-chi-minh/Keyword Stats 2026-02-23 at 09_48_18.csv,"Tạo landing chuyển đổi (giá/vé/đặt chỗ), gom vào cluster page + build backlink nội bộ",B,75.0,0%,0
khách sạn giá rẻ tại hồ chí minh,Khách sạn Hồ Chí Minh,Lưu trú,In-scope Hồ Chí Minh,Transaction,50,N/A,N/A,N/A,Planner (Cao),data/google_planner/ho-chi-minh/Keyword Stats 2026-02-23 at 09_48_18.csv,"Tạo landing chuyển đổi (giá/vé/đặt chỗ), gom vào cluster page + build backlink nội bộ",B,75.0,0%,0
khách sạn giá rẻ tại quận tân bình,Khách sạn Hồ Chí Minh,Lưu trú,In-scope Hồ Chí Minh,Transaction,50,N/A,N/A,N/A,Planner (Cao),data/google_planner/ho-chi-minh/Keyword Stats 2026-02-23 at 09_48_18.csv,"Tạo landing chuyển đổi (giá/vé/đặt chỗ), gom vào cluster page + build backlink nội bộ",B,75.0,0%,0
khách sạn giá rẻ tại tp hcm,Khách sạn Hồ Chí Minh,Lưu trú,In-scope Hồ Chí Minh,Transaction,50,N/A,N/A,N/A,Planner (Trung bình),data/google_planner/ho-chi-minh/Keyword Stats 2026-02-23 at 09_48_18.csv,"Tạo landing chuyển đổi (giá/vé/đặt chỗ), gom vào cluster page + build backlink nội bộ",B,75.0,0%,0
khách sạn giá rẻ ở hồ chí minh,Khách sạn Hồ Chí Minh,Lưu trú,In-scope Hồ Chí Minh,Transaction,50,N/A,N/A,N/A,Planner (Cao),data/google_planner/ho-chi-minh/Keyword Stats 2026-02-23 at 09_48_18.csv,"Tạo landing chuyển đổi (giá/vé/đặt chỗ), gom vào cluster page + build backlink nội bộ",B,75.0,0%,0
khách sạn giá rẻ ở quận 8,Khách sạn Hồ Chí Minh,Lưu trú,In-scope Hồ Chí Minh,Transaction,50,N/A,N/A,N/A,Planner (Không xác định),data/google_planner/ho-chi-minh/Keyword Stats 2026-02-23 at 09_48_18.csv,"Tạo landing chuyển đổi (giá/vé/đặt chỗ), gom vào cluster page + build backlink nội bộ",B,75.0,-100.0%,0
khách sạn giá rẻ ở thành phố hồ chí minh,Khách sạn Hồ Chí Minh,Lưu trú,In-scope Hồ Chí Minh,Transaction,50,N/A,N/A,N/A,Planner (Cao),data/google_planner/ho-chi-minh/Keyword Stats 2026-02-23 at 09_48_18.csv,"Tạo landing chuyển đổi (giá/vé/đặt chỗ), gom vào cluster page + build backlink nội bộ",B,75.0,0%,0
khách sạn green ruby tân bình hồ chí minh,Khách sạn Hồ Chí Minh,Lưu trú,In-scope Hồ Chí Minh,Commercial Investigation,50,N/A,N/A,N/A,Planner (Không xác định),data/google_planner/ho-chi-minh/Keyword Stats 2026-02-23 at 09_48_18.csv,Viết bài top-list/so sánh; map vào cluster hub; bổ sung schema + ảnh/UGC,B,75.0,0%,0
khách sạn gần bệnh viện ung bướu hồ chí minh,Khách sạn Hồ Chí Minh,Lưu trú,In-scope Hồ Chí Minh,Commercial Investigation,50,N/A,N/A,N/A,Planner (Không xác định),data/google_planner/ho-chi-minh/Keyword Stats 2026-02-23 at 09_48_18.csv,Viết bài top-list/so sánh; map vào cluster hub; bổ sung schema + ảnh/UGC,B,75.0,-100.0%,0
khách sạn gần trường đại học kiến trúc tp hcm,Khách sạn Hồ Chí Minh,Lưu trú,In-scope Hồ Chí Minh,Commercial Investigation,50,N/A,N/A,N/A,Planner (Không xác định),data/google_planner/ho-chi-minh/Keyword Stats 2026-02-23 at 09_48_18.csv,Viết bài top-list/so sánh; map vào cluster hub; bổ sung schema + ảnh/UGC,B,75.0,0%,0
khách sạn happy quận 8,Khách sạn Hồ Chí Minh,Lưu trú,In-scope Hồ Chí Minh,Commercial Investigation,50,N/A,N/A,N/A,Planner (Thấp),data/google_planner/ho-chi-minh/Keyword Stats 2026-02-23 at 09_48_18.csv,Viết bài top-list/so sánh; map vào cluster hub; bổ sung schema + ảnh/UGC,B,75.0,0%,0
khách sạn hcm đẹp,Khách sạn Hồ Chí Minh,Lưu trú,In-scope Hồ Chí Minh,Commercial Investigation,50,N/A,N/A,N/A,Planner (Không xác định),data/google_planner/ho-chi-minh/Keyword Stats 2026-02-23 at 09_48_18.csv,Viết bài top-list/so sánh; map vào cluster hub; bổ sung schema + ảnh/UGC,B,75.0,-100.0%,0
khách sạn hoa lan quận 9,Khách sạn Hồ Chí Minh,Lưu trú,In-scope Hồ Chí Minh,Commercial Investigation,50,N/A,N/A,N/A,Planner (Thấp),data/google_planner/ho-chi-minh/Keyword Stats 2026-02-23 at 09_48_18.csv,Viết bài top-list/so sánh; map vào cluster hub; bổ sung schema + ảnh/UGC,B,75.0,0%,0
khách sạn hoa tràng an quận tân bình,Khách sạn Hồ Chí Minh,Lưu trú,In-scope Hồ Chí Minh,Commercial Investigation,50,N/A,N/A,N/A,Planner (Thấp),data/google_planner/ho-chi-minh/Keyword Stats 2026-02-23 at 09_48_18.csv,Viết bài top-list/so sánh; map vào cluster hub; bổ sung schema + ảnh/UGC,B,75.0,0%,0
khách sạn home hồ chí minh,Khách sạn Hồ Chí Minh,Lưu trú,In-scope Hồ Chí Minh,Commercial Investigation,50,N/A,N/A,N/A,Planner (Trung bình),data/google_planner/ho-chi-minh/Keyword Stats 2026-02-23 at 09_48_18.csv,Viết bài top-list/so sánh; map vào cluster hub; bổ sung schema + ảnh/UGC,B,75.0,0%,0
khách sạn hoàn vũ thành phố hồ chí minh,Khách sạn Hồ Chí Minh,Lưu trú,In-scope Hồ Chí Minh,Commercial Investigation,50,N/A,N/A,N/A,Planner (Thấp),data/google_planner/ho-chi-minh/Keyword Stats 2026-02-23 at 09_48_18.csv,Viết bài top-list/so sánh; map vào cluster hub; bổ sung schema + ảnh/UGC,B,75.0,0%,0
khách sạn hoàng long quận 8,Khách sạn Hồ Chí Minh,Lưu trú,In-scope Hồ Chí Minh,Commercial Investigation,50,N/A,N/A,N/A,Planner (Thấp),data/google_planner/ho-chi-minh/Keyword Stats 2026-02-23 at 09_48_18.csv,Viết bài top-list/so sánh; map vào cluster hub; bổ sung schema + ảnh/UGC,B,75.0,0%,0
khách sạn hoàng ngân hồ chí minh,Khách sạn Hồ Chí Minh,Lưu trú,In-scope Hồ Chí Minh,Commercial Investigation,50,N/A,N/A,N/A,Planner (Thấp),data/google_planner/ho-chi-minh/Keyword Stats 2026-02-23 at 09_48_18.csv,Viết bài top-list/so sánh; map vào cluster hub; bổ sung schema + ảnh/UGC,B,75.0,0%,0
khách sạn hoàng tấn quận 5,Khách sạn Hồ Chí Minh,Lưu trú,In-scope Hồ Chí Minh,Commercial Investigation,50,N/A,N/A,N/A,Planner (Không xác định),data/google_planner/ho-chi-minh/Keyword Stats 2026-02-23 at 09_48_18.csv,Viết bài top-list/so sánh; map vào cluster hub; bổ sung schema + ảnh/UGC,B,75.0,-100.0%,0
khách sạn hoàng vy quận 9,Khách sạn Hồ Chí Minh,Lưu trú,In-scope Hồ Chí Minh,Commercial Investigation,50,N/A,N/A,N/A,Planner (Thấp),data/google_planner/ho-chi-minh/Keyword Stats 2026-02-23 at 09_48_18.csv,Viết bài top-list/so sánh; map vào cluster hub; bổ sung schema + ảnh/UGC,B,75.0,0%,0
khách sạn hoàng văn quận 7,Khách sạn Hồ Chí Minh,Lưu trú,In-scope Hồ Chí Minh,Commercial Investigation,50,N/A,N/A,N/A,Planner (Không xác định),data/google_planner/ho-chi-minh/Keyword Stats 2026-02-23 at 09_48_18.csv,Viết bài top-list/so sánh; map vào cluster hub; bổ sung schema + ảnh/UGC,B,75.0,0%,0
khách sạn hoàng yến quận 9,Khách sạn Hồ Chí Minh,Lưu trú,In-scope Hồ Chí Minh,Commercial Investigation,50,N/A,N/A,N/A,Planner (Thấp),data/google_planner/ho-chi-minh/Keyword Stats 2026-02-23 at 09_48_18.csv,Viết bài top-list/so sánh; map vào cluster hub; bổ sung schema + ảnh/UGC,B,75.0,0%,0
khách sạn hà huy quận 2,Khách sạn Hồ Chí Minh,Lưu trú,In-scope Hồ Chí Minh,Commercial Investigation,50,N/A,N/A,N/A,Planner (Thấp),data/google_planner/ho-chi-minh/Keyword Stats 2026-02-23 at 09_48_18.csv,Viết bài top-list/so sánh; map vào cluster hub; bổ sung schema + ảnh/UGC,B,75.0,0%,0
khách sạn hòn én gò vấp hồ chí minh,Khách sạn Hồ Chí Minh,Lưu trú,In-scope Hồ Chí Minh,Commercial Investigation,50,N/A,N/A,N/A,Planner (Không xác định),data/google_planner/ho-chi-minh/Keyword Stats 2026-02-23 at 09_48_18.csv,Viết bài top-list/so sánh; map vào cluster hub; bổ sung schema + ảnh/UGC,B,75.0,0%,0
khách sạn hồ chí minh thành phố hồ chí minh,Khách sạn Hồ Chí Minh,Lưu trú,In-scope Hồ Chí Minh,Commercial Investigation,50,N/A,N/A,N/A,Planner (Không xác định),data/google_planner/ho-chi-minh/Keyword Stats 2026-02-23 at 09_48_18.csv,Viết bài top-list/so sánh; map vào cluster hub; bổ sung schema + ảnh/UGC,B,75.0,0%,0
khách sạn hồ chí minh đẹp,Khách sạn Hồ Chí Minh,Lưu trú,In-scope Hồ Chí Minh,Commercial Investigation,50,N/A,N/A,N/A,Planner (Cao),data/google_planner/ho-chi-minh/Keyword Stats 2026-02-23 at 09_48_18.csv,Viết bài top-list/so sánh; map vào cluster hub; bổ sung schema + ảnh/UGC,B,75.0,0%,0
khách sạn hồng hà hồ chí minh,Khách sạn Hồ Chí Minh,Lưu trú,In-scope Hồ Chí Minh,Commercial Investigation,50,N/A,N/A,N/A,Planner (Trung bình),data/google_planner/ho-chi-minh/Keyword Stats 2026-02-23 at 09_48_18.csv,Viết bài top-list/so sánh; map vào cluster hub; bổ sung schema + ảnh/UGC,B,75.0,0%,0
khách sạn ibis hcm,Khách sạn Hồ Chí Minh,Lưu trú,In-scope Hồ Chí Minh,Commercial Investigation,50,N/A,N/A,N/A,Planner (Trung bình),data/google_planner/ho-chi-minh/Keyword Stats 2026-02-23 at 09_48_18.csv,Viết bài top-list/so sánh; map vào cluster hub; bổ sung schema + ảnh/UGC,B,75.0,0%,0
khách sạn ibis quận tân bình,Khách sạn Hồ Chí Minh,Lưu trú,In-scope Hồ Chí Minh,Commercial Investigation,50,N/A,N/A,N/A,Planner (Trung bình),data/google_planner/ho-chi-minh/Keyword Stats 2026-02-23 at 09_48_18.csv,Viết bài top-list/so sánh; map vào cluster hub; bổ sung schema + ảnh/UGC,B,75.0,0%,0
khách sạn ibis sài gòn tân bình,Khách sạn Hồ Chí Minh,Lưu trú,In-scope Hồ Chí Minh,Commercial Investigation,50,N/A,N/A,N/A,Planner (Không xác định),data/google_planner/ho-chi-minh/Keyword Stats 2026-02-23 at 09_48_18.csv,Viết bài top-list/so sánh; map vào cluster hub; bổ sung schema + ảnh/UGC,B,75.0,-100.0%,0
khách sạn ibis thành phố hồ chí minh,Khách sạn Hồ Chí Minh,Lưu trú,In-scope Hồ Chí Minh,Commercial Investigation,50,N/A,N/A,N/A,Planner (Trung bình),data/google_planner/ho-chi-minh/Keyword Stats 2026-02-23 at 09_48_18.csv,Viết bài top-list/so sánh; map vào cluster hub; bổ sung schema + ảnh/UGC,B,75.0,0%,0
khách sạn imperial quận 7,Khách sạn Hồ Chí Minh,Lưu trú,In-scope Hồ Chí Minh,Commercial Investigation,50,N/A,N/A,N/A,Planner (Cao),data/google_planner/ho-chi-minh/Keyword Stats 2026-02-23 at 09_48_18.csv,Viết bài top-list/so sánh; map vào cluster hub; bổ sung schema + ảnh/UGC,B,75.0,0%,0
khách sạn intercontinental hồ chí minh,Khách sạn Hồ Chí Minh,Lưu trú,In-scope Hồ Chí Minh,Commercial Investigation,50,N/A,N/A,N/A,Planner (Thấp),data/google_planner/ho-chi-minh/Keyword Stats 2026-02-23 at 09_48_18.csv,Viết bài top-list/so sánh; map vào cluster hub; bổ sung schema + ảnh/UGC,B,75.0,0%,0
khách sạn intercontinental thành phố hồ chí minh,Khách sạn Hồ Chí Minh,Lưu trú,In-scope Hồ Chí Minh,Commercial Investigation,50,N/A,N/A,N/A,Planner (Thấp),data/google_planner/ho-chi-minh/Keyword Stats 2026-02-23 at 09_48_18.csv,Viết bài top-list/so sánh; map vào cluster hub; bổ sung schema + ảnh/UGC,B,75.0,0%,0
khách sạn kally quận 4,Khách sạn Hồ Chí Minh,Lưu trú,In-scope Hồ Chí Minh,Commercial Investigation,50,N/A,N/A,N/A,Planner (Trung bình),data/google_planner/ho-chi-minh/Keyword Stats 2026-02-23 at 09_48_18.csv,Viết bài top-list/so sánh; map vào cluster hub; bổ sung schema + ảnh/UGC,B,75.0,0%,0
khách sạn khang an quận 2,Khách sạn Hồ Chí Minh,Lưu trú,In-scope Hồ Chí Minh,Commercial Investigation,50,N/A,N/A,N/A,Planner (Không xác định),data/google_planner/ho-chi-minh/Keyword Stats 2026-02-23 at 09_48_18.csv,Viết bài top-list/so sánh; map vào cluster hub; bổ sung schema + ảnh/UGC,B,75.0,0%,0
khách sạn khánh an quận 6,Khách sạn Hồ Chí Minh,Lưu trú,In-scope Hồ Chí Minh,Commercial Investigation,50,N/A,N/A,N/A,Planner (Không xác định),data/google_planner/ho-chi-minh/Keyword Stats 2026-02-23 at 09_48_18.csv,Viết bài top-list/so sánh; map vào cluster hub; bổ sung schema + ảnh/UGC,B,75.0,-100.0%,0
khách sạn khánh an quận 9,Khách sạn Hồ Chí Minh,Lưu trú,In-scope Hồ Chí Minh,Commercial Investigation,50,N/A,N/A,N/A,Planner (Trung bình),data/google_planner/ho-chi-minh/Keyword Stats 2026-02-23 at 09_48_18.csv,Viết bài top-list/so sánh; map vào cluster hub; bổ sung schema + ảnh/UGC,B,75.0,0%,0
khách sạn khánh ngọc quận 7,Khách sạn Hồ Chí Minh,Lưu trú,In-scope Hồ Chí Minh,Commercial Investigation,50,N/A,N/A,N/A,Planner (Thấp),data/google_planner/ho-chi-minh/Keyword Stats 2026-02-23 at 09_48_18.csv,Viết bài top-list/so sánh; map vào cluster hub; bổ sung schema + ảnh/UGC,B,75.0,0%,0
khách sạn kỳ hòa hồ chí minh,Khách sạn Hồ Chí Minh,Lưu trú,In-scope Hồ Chí Minh,Commercial Investigation,50,N/A,N/A,N/A,Planner (Trung bình),data/google_planner/ho-chi-minh/Keyword Stats 2026-02-23 at 09_48_18.csv,Viết bài top-list/so sánh; map vào cluster hub; bổ sung schema + ảnh/UGC,B,75.0,0%,0
khách sạn kỳ hòa hcm,Khách sạn Hồ Chí Minh,Lưu trú,In-scope Hồ Chí Minh,Commercial Investigation,50,N/A,N/A,N/A,Planner (Trung bình),data/google_planner/ho-chi-minh/Keyword Stats 2026-02-23 at 09_48_18.csv,Viết bài top-list/so sánh; map vào cluster hub; bổ sung schema + ảnh/UGC,B,75.0,0%,0
khách sạn lavender hồ chí minh,Khách sạn Hồ Chí Minh,Lưu trú,In-scope Hồ Chí Minh,Commercial Investigation,50,N/A,N/A,N/A,Planner (Trung bình),data/google_planner/ho-chi-minh/Keyword Stats 2026-02-23 at 09_48_18.csv,Viết bài top-list/so sánh; map vào cluster hub; bổ sung schema + ảnh/UGC,B,75.0,0%,0
khách sạn liberty hồ chí minh,Khách sạn Hồ Chí Minh,Lưu trú,In-scope Hồ Chí Minh,Commercial Investigation,50,N/A,N/A,N/A,Planner (Thấp),data/google_planner/ho-chi-minh/Keyword Stats 2026-02-23 at 09_48_18.csv,Viết bài top-list/so sánh; map vào cluster hub; bổ sung schema + ảnh/UGC,B,75.0,0%,0
khách sạn linh đan phú nhuận hồ chí minh,Khách sạn Hồ Chí Minh,Lưu trú,In-scope Hồ Chí Minh,Commercial Investigation,50,N/A,N/A,N/A,Planner (Cao),data/google_planner/ho-chi-minh/Keyword Stats 2026-02-23 at 09_48_18.csv,Viết bài top-list/so sánh; map vào cluster hub; bổ sung schema + ảnh/UGC,B,75.0,0%,0
khách sạn lucky star hồ chí minh,Khách sạn Hồ Chí Minh,Lưu trú,In-scope Hồ Chí Minh,Commercial Investigation,50,N/A,N/A,N/A,Planner (Thấp),data/google_planner/ho-chi-minh/Keyword Stats 2026-02-23 at 09_48_18.csv,Viết bài top-list/so sánh; map vào cluster hub; bổ sung schema + ảnh/UGC,B,75.0,0%,0
khách sạn lê bửu quận 7,Khách sạn Hồ Chí Minh,Lưu trú,In-scope Hồ Chí Minh,Commercial Investigation,50,N/A,N/A,N/A,Planner (Không xác định),data/google_planner/ho-chi-minh/Keyword Stats 2026-02-23 at 09_48_18.csv,Viết bài top-list/so sánh; map vào cluster hub; bổ sung schema + ảnh/UGC,B,75.0,-100.0%,0
khách sạn lớn nhất thành phố hồ chí minh,Khách sạn Hồ Chí Minh,Lưu trú,In-scope Hồ Chí Minh,Commercial Investigation,50,N/A,N/A,N/A,Planner (Thấp),data/google_planner/ho-chi-minh/Keyword Stats 2026-02-23 at 09_48_18.csv,Viết bài top-list/so sánh; map vào cluster hub; bổ sung schema + ảnh/UGC,B,75.0,0%,0
khách sạn mari hotel by connek tp hcm,Khách sạn Hồ Chí Minh,Lưu trú,In-scope Hồ Chí Minh,Commercial Investigation,50,N/A,N/A,N/A,Planner (Không xác định),data/google_planner/ho-chi-minh/Keyword Stats 2026-02-23 at 09_48_18.csv,Viết bài top-list/so sánh; map vào cluster hub; bổ sung schema + ảnh/UGC,B,75.0,0%,0
khách sạn mia sài gòn quận 2,Khách sạn Hồ Chí Minh,Lưu trú,In-scope Hồ Chí Minh,Commercial Investigation,50,N/A,N/A,N/A,Planner (Trung bình),data/google_planner/ho-chi-minh/Keyword Stats 2026-02-23 at 09_48_18.csv,Viết bài top-list/so sánh; map vào cluster hub; bổ sung schema + ảnh/UGC,B,75.0,0%,0
khách sạn milano quận 7,Khách sạn Hồ Chí Minh,Lưu trú,In-scope Hồ Chí Minh,Commercial Investigation,50,N/A,N/A,N/A,Planner (Thấp),data/google_planner/ho-chi-minh/Keyword Stats 2026-02-23 at 09_48_18.csv,Viết bài top-list/so sánh; map vào cluster hub; bổ sung schema + ảnh/UGC,B,75.0,0%,0
khách sạn minh như tân bình,Khách sạn Hồ Chí Minh,Lưu trú,In-scope Hồ Chí Minh,Commercial Investigation,50,N/A,N/A,N/A,Planner (Trung bình),data/google_planner/ho-chi-minh/Keyword Stats 2026-02-23 at 09_48_18.csv,Viết bài top-list/so sánh; map vào cluster hub; bổ sung schema + ảnh/UGC,B,75.0,0%,0
khách sạn minh quang gò vấp,Khách sạn Hồ Chí Minh,Lưu trú,In-scope Hồ Chí Minh,Commercial Investigation,50,N/A,N/A,N/A,Planner (Thấp),data/google_planner/ho-chi-minh/Keyword Stats 2026-02-23 at 09_48_18.csv,Viết bài top-list/so sánh; map vào cluster hub; bổ sung schema + ảnh/UGC,B,75.0,0%,0
khách sạn minh tâm thành phố hồ chí minh,Khách sạn Hồ Chí Minh,Lưu trú,In-scope Hồ Chí Minh,Commercial Investigation,50,N/A,N/A,N/A,Planner (Trung bình),data/google_planner/ho-chi-minh/Keyword Stats 2026-02-23 at 09_48_18.csv,Viết bài top-list/so sánh; map vào cluster hub; bổ sung schema + ảnh/UGC,B,75.0,0%,0
khách sạn minh tâm tphcm,Khách sạn Hồ Chí Minh,Lưu trú,In-scope Hồ Chí Minh,Commercial Investigation,50,N/A,N/A,N/A,Planner (Thấp),data/google_planner/ho-chi-minh/Keyword Stats 2026-02-23 at 09_48_18.csv,Viết bài top-list/so sánh; map vào cluster hub; bổ sung schema + ảnh/UGC,B,75.0,0%,0
khách sạn mismo gò vấp,Khách sạn Hồ Chí Minh,Lưu trú,In-scope Hồ Chí Minh,Commercial Investigation,50,N/A,N/A,N/A,Planner (Thấp),data/google_planner/ho-chi-minh/Keyword Stats 2026-02-23 at 09_48_18.csv,Viết bài top-list/so sánh; map vào cluster hub; bổ sung schema + ảnh/UGC,B,75.0,0%,0
khách sạn movenpick hồ chí minh,Khách sạn Hồ Chí Minh,Lưu trú,In-scope Hồ Chí Minh,Commercial Investigation,50,N/A,N/A,N/A,Planner (Thấp),data/google_planner/ho-chi-minh/Keyword Stats 2026-02-23 at 09_48_18.csv,Viết bài top-list/so sánh; map vào cluster hub; bổ sung schema + ảnh/UGC,B,75.0,0%,0
khách sạn mộc lan 2 phú nhuận hồ chí minh,Khách sạn Hồ Chí Minh,Lưu trú,In-scope Hồ Chí Minh,Commercial Investigation,50,N/A,N/A,N/A,Planner (Không xác định),data/google_planner/ho-chi-minh/Keyword Stats 2026-02-23 at 09_48_18.csv,Viết bài top-list/so sánh; map vào cluster hub; bổ sung schema + ảnh/UGC,B,75.0,-100.0%,0
khách sạn mộc lan phú nhuận hồ chí minh,Khách sạn Hồ Chí Minh,Lưu trú,In-scope Hồ Chí Minh,Commercial Investigation,50,N/A,N/A,N/A,Planner (Không xác định),data/google_planner/ho-chi-minh/Keyword Stats 2026-02-23 at 09_48_18.csv,Viết bài top-list/so sánh; map vào cluster hub; bổ sung schema + ảnh/UGC,B,75.0,-100.0%,0
khách sạn nam hải quận 9,Khách sạn Hồ Chí Minh,Lưu trú,In-scope Hồ Chí Minh,Commercial Investigation,50,N/A,N/A,N/A,Planner (Không xác định),data/google_planner/ho-chi-minh/Keyword Stats 2026-02-23 at 09_48_18.csv,Viết bài top-list/so sánh; map vào cluster hub; bổ sung schema + ảnh/UGC,B,75.0,-100.0%,0
khách sạn new milano quận 7,Khách sạn Hồ Chí Minh,Lưu trú,In-scope Hồ Chí Minh,Commercial Investigation,50,N/A,N/A,N/A,Planner (Thấp),data/google_planner/ho-chi-minh/Keyword Stats 2026-02-23 at 09_48_18.csv,Viết bài top-list/so sánh; map vào cluster hub; bổ sung schema + ảnh/UGC,B,75.0,0%,0
khách sạn ngân giang quận 7,Khách sạn Hồ Chí Minh,Lưu trú,In-scope Hồ Chí Minh,Commercial Investigation,50,N/A,N/A,N/A,Planner (Thấp),data/google_planner/ho-chi-minh/Keyword Stats 2026-02-23 at 09_48_18.csv,Viết bài top-list/so sánh; map vào cluster hub; bổ sung schema + ảnh/UGC,B,75.0,0%,0
khách sạn ngân hà hồ chí minh,Khách sạn Hồ Chí Minh,Lưu trú,In-scope Hồ Chí Minh,Commercial Investigation,50,N/A,N/A,N/A,Planner (Thấp),data/google_planner/ho-chi-minh/Keyword Stats 2026-02-23 at 09_48_18.csv,Viết bài top-list/so sánh; map vào cluster hub; bổ sung schema + ảnh/UGC,B,75.0,0%,0
khách sạn ngọc hà thành phố hồ chí minh,Khách sạn Hồ Chí Minh,Lưu trú,In-scope Hồ Chí Minh,Commercial Investigation,50,N/A,N/A,N/A,Planner (Thấp),data/google_planner/ho-chi-minh/Keyword Stats 2026-02-23 at 09_48_18.csv,Viết bài top-list/so sánh; map vào cluster hub; bổ sung schema + ảnh/UGC,B,75.0,0%,0
khách sạn ngọc lan quận 5,Khách sạn Hồ Chí Minh,Lưu trú,In-scope Hồ Chí Minh,Commercial Investigation,50,N/A,N/A,N/A,Planner (Trung bình),data/google_planner/ho-chi-minh/Keyword Stats 2026-02-23 at 09_48_18.csv,Viết bài top-list/so sánh; map vào cluster hub; bổ sung schema + ảnh/UGC,B,75.0,0%,0
khách sạn ngọc linh quận bình thạnh,Khách sạn Hồ Chí Minh,Lưu trú,In-scope Hồ Chí Minh,Commercial Investigation,50,N/A,N/A,N/A,Planner (Trung bình),data/google_planner/ho-chi-minh/Keyword Stats 2026-02-23 at 09_48_18.csv,Viết bài top-list/so sánh; map vào cluster hub; bổ sung schema + ảnh/UGC,B,75.0,0%,0
khách sạn nhật hạ 1 hồ chí minh,Khách sạn Hồ Chí Minh,Lưu trú,In-scope Hồ Chí Minh,Commercial Investigation,50,N/A,N/A,N/A,Planner (Trung bình),data/google_planner/ho-chi-minh/Keyword Stats 2026-02-23 at 09_48_18.csv,Viết bài top-list/so sánh; map vào cluster hub; bổ sung schema + ảnh/UGC,B,75.0,0%,0
khách sạn nikko tp hcm,Khách sạn Hồ Chí Minh,Lưu trú,In-scope Hồ Chí Minh,Commercial Investigation,50,N/A,N/A,N/A,Planner (Trung bình),data/google_planner/ho-chi-minh/Keyword Stats 2026-02-23 at 09_48_18.csv,Viết bài top-list/so sánh; map vào cluster hub; bổ sung schema + ảnh/UGC,B,75.0,0%,0
khách sạn núi thành hồ chí minh,Khách sạn Hồ Chí Minh,Lưu trú,In-scope Hồ Chí Minh,Commercial Investigation,50,N/A,N/A,N/A,Planner (Trung bình),data/google_planner/ho-chi-minh/Keyword Stats 2026-02-23 at 09_48_18.csv,Viết bài top-list/so sánh; map vào cluster hub; bổ sung schema + ảnh/UGC,B,75.0,0%,0
khách sạn ohana hồ chí minh,Khách sạn Hồ Chí Minh,Lưu trú,In-scope Hồ Chí Minh,Commercial Investigation,50,N/A,N/A,N/A,Planner (Cao),data/google_planner/ho-chi-minh/Keyword Stats 2026-02-23 at 09_48_18.csv,Viết bài top-list/so sánh; map vào cluster hub; bổ sung schema + ảnh/UGC,B,75.0,0%,0
khách sạn orchid hồ chí minh,Khách sạn Hồ Chí Minh,Lưu trú,In-scope Hồ Chí Minh,Commercial Investigation,50,N/A,N/A,N/A,Planner (Trung bình),data/google_planner/ho-chi-minh/Keyword Stats 2026-02-23 at 09_48_18.csv,Viết bài top-list/so sánh; map vào cluster hub; bổ sung schema + ảnh/UGC,B,75.0,0%,0
khách sạn oscar sài gòn hồ chí minh,Khách sạn Hồ Chí Minh,Lưu trú,In-scope Hồ Chí Minh,Commercial Investigation,50,N/A,N/A,N/A,Planner (Cao),data/google_planner/ho-chi-minh/Keyword Stats 2026-02-23 at 09_48_18.csv,Viết bài top-list/so sánh; map vào cluster hub; bổ sung schema + ảnh/UGC,B,75.0,0%,0
khách sạn parklane quận 7,Khách sạn Hồ Chí Minh,Lưu trú,In-scope Hồ Chí Minh,Commercial Investigation,50,N/A,N/A,N/A,Planner (Không xác định),data/google_planner/ho-chi-minh/Keyword Stats 2026-02-23 at 09_48_18.csv,Viết bài top-list/so sánh; map vào cluster hub; bổ sung schema + ảnh/UGC,B,75.0,0%,0
khách sạn phú an gò vấp hồ chí minh,Khách sạn Hồ Chí Minh,Lưu trú,In-scope Hồ Chí Minh,Commercial Investigation,50,N/A,N/A,N/A,Planner (Không xác định),data/google_planner/ho-chi-minh/Keyword Stats 2026-02-23 at 09_48_18.csv,Viết bài top-list/so sánh; map vào cluster hub; bổ sung schema + ảnh/UGC,B,75.0,-100.0%,0
khách sạn phú nhuận hcm,Khách sạn Hồ Chí Minh,Lưu trú,In-scope Hồ Chí Minh,Commercial Investigation,50,N/A,N/A,N/A,Planner (Cao),data/google_planner/ho-chi-minh/Keyword Stats 2026-02-23 at 09_48_18.csv,Viết bài top-list/so sánh; map vào cluster hub; bổ sung schema + ảnh/UGC,B,75.0,0%,0
khách sạn phương anh tân bình hồ chí minh,Khách sạn Hồ Chí Minh,Lưu trú,In-scope Hồ Chí Minh,Commercial Investigation,50,N/A,N/A,N/A,Planner (Không xác định),data/google_planner/ho-chi-minh/Keyword Stats 2026-02-23 at 09_48_18.csv,Viết bài top-list/so sánh; map vào cluster hub; bổ sung schema + ảnh/UGC,B,75.0,0%,0
khách sạn phương nam hồ chí minh,Khách sạn Hồ Chí Minh,Lưu trú,In-scope Hồ Chí Minh,Commercial Investigation,50,N/A,N/A,N/A,Planner (Thấp),data/google_planner/ho-chi-minh/Keyword Stats 2026-02-23 at 09_48_18.csv,Viết bài top-list/so sánh; map vào cluster hub; bổ sung schema + ảnh/UGC,B,75.0,0%,0
khách sạn phương vy quận 7,Khách sạn Hồ Chí Minh,Lưu trú,In-scope Hồ Chí Minh,Commercial Investigation,50,N/A,N/A,N/A,Planner (Thấp),data/google_planner/ho-chi-minh/Keyword Stats 2026-02-23 at 09_48_18.csv,Viết bài top-list/so sánh; map vào cluster hub; bổ sung schema + ảnh/UGC,B,75.0,0%,0
khách sạn prostyle hồ chí minh,Khách sạn Hồ Chí Minh,Lưu trú,In-scope Hồ Chí Minh,Commercial Investigation,50,N/A,N/A,N/A,Planner (Trung bình),data/google_planner/ho-chi-minh/Keyword Stats 2026-02-23 at 09_48_18.csv,Viết bài top-list/so sánh; map vào cluster hub; bổ sung schema + ảnh/UGC,B,75.0,0%,0
khách sạn queen ann hồ chí minh,Khách sạn Hồ Chí Minh,Lưu trú,In-scope Hồ Chí Minh,Commercial Investigation,50,N/A,N/A,N/A,Planner (Cao),data/google_planner/ho-chi-minh/Keyword Stats 2026-02-23 at 09_48_18.csv,Viết bài top-list/so sánh; map vào cluster hub; bổ sung schema + ảnh/UGC,B,75.0,0%,0
khách sạn quận 2 tphcm,Khách sạn Hồ Chí Minh,Lưu trú,In-scope Hồ Chí Minh,Commercial Investigation,50,N/A,N/A,N/A,Planner (Cao),data/google_planner/ho-chi-minh/Keyword Stats 2026-02-23 at 09_48_18.csv,Viết bài top-list/so sánh; map vào cluster hub; bổ sung schema + ảnh/UGC,B,75.0,0%,0
khách sạn quận 7 khu trung sơn,Khách sạn Hồ Chí Minh,Lưu trú,In-scope Hồ Chí Minh,Commercial Investigation,50,N/A,N/A,N/A,Planner (Trung bình),data/google_planner/ho-chi-minh/Keyword Stats 2026-02-23 at 09_48_18.csv,Viết bài top-list/so sánh; map vào cluster hub; bổ sung schema + ảnh/UGC,B,75.0,0%,0
khách sạn quận 9 hồ chí minh,Khách sạn Hồ Chí Minh,Lưu trú,In-scope Hồ Chí Minh,Commercial Investigation,50,N/A,N/A,N/A,Planner (Cao),data/google_planner/ho-chi-minh/Keyword Stats 2026-02-23 at 09_48_18.csv,Viết bài top-list/so sánh; map vào cluster hub; bổ sung schema + ảnh/UGC,B,75.0,0%,0
khách sạn quận bình thạnh tphcm,Khách sạn Hồ Chí Minh,Lưu trú,In-scope Hồ Chí Minh,Commercial Investigation,50,N/A,N/A,N/A,Planner (Cao),data/google_planner/ho-chi-minh/Keyword Stats 2026-02-23 at 09_48_18.csv,Viết bài top-list/so sánh; map vào cluster hub; bổ sung schema + ảnh/UGC,B,75.0,0%,0
khách sạn quận tân bình thành phố hồ chí minh,Khách sạn Hồ Chí Minh,Lưu trú,In-scope Hồ Chí Minh,Commercial Investigation,50,N/A,N/A,N/A,Planner (Cao),data/google_planner/ho-chi-minh/Keyword Stats 2026-02-23 at 09_48_18.csv,Viết bài top-list/so sánh; map vào cluster hub; bổ sung schema + ảnh/UGC,B,75.0,0%,0
khách sạn quốc bảo quận 7,Khách sạn Hồ Chí Minh,Lưu trú,In-scope Hồ Chí Minh,Commercial Investigation,50,N/A,N/A,N/A,Planner (Thấp),data/google_planner/ho-chi-minh/Keyword Stats 2026-02-23 at 09_48_18.csv,Viết bài top-list/so sánh; map vào cluster hub; bổ sung schema + ảnh/UGC,B,75.0,0%,0
khách sạn quỳnh anh quận 9,Khách sạn Hồ Chí Minh,Lưu trú,In-scope Hồ Chí Minh,Commercial Investigation,50,N/A,N/A,N/A,Planner (Thấp),data/google_planner/ho-chi-minh/Keyword Stats 2026-02-23 at 09_48_18.csv,Viết bài top-list/so sánh; map vào cluster hub; bổ sung schema + ảnh/UGC,B,75.0,0%,0
khách sạn quỳnh hương phú nhuận hồ chí minh,Khách sạn Hồ Chí Minh,Lưu trú,In-scope Hồ Chí Minh,Commercial Investigation,50,N/A,N/A,N/A,Planner (Không xác định),data/google_planner/ho-chi-minh/Keyword Stats 2026-02-23 at 09_48_18.csv,Viết bài top-list/so sánh; map vào cluster hub; bổ sung schema + ảnh/UGC,B,75.0,-100.0%,0
khách sạn quỳnh trân quận 9,Khách sạn Hồ Chí Minh,Lưu trú,In-scope Hồ Chí Minh,Commercial Investigation,50,N/A,N/A,N/A,Planner (Không xác định),data/google_planner/ho-chi-minh/Keyword Stats 2026-02-23 at 09_48_18.csv,Viết bài top-list/so sánh; map vào cluster hub; bổ sung schema + ảnh/UGC,B,75.0,-100.0%,0
khách sạn rainbow quận 5,Khách sạn Hồ Chí Minh,Lưu trú,In-scope Hồ Chí Minh,Commercial Investigation,50,N/A,N/A,N/A,Planner (Không xác định),data/google_planner/ho-chi-minh/Keyword Stats 2026-02-23 at 09_48_18.csv,Viết bài top-list/so sánh; map vào cluster hub; bổ sung schema + ảnh/UGC,B,75.0,-100.0%,0
khách sạn reddoorz hcm,Khách sạn Hồ Chí Minh,Lưu trú,In-scope Hồ Chí Minh,Commercial Investigation,50,N/A,N/A,N/A,Planner (Không xác định),data/google_planner/ho-chi-minh/Keyword Stats 2026-02-23 at 09_48_18.csv,Viết bài top-list/so sánh; map vào cluster hub; bổ sung schema + ảnh/UGC,B,75.0,0%,0
khách sạn reddoorz hồ chí minh,Khách sạn Hồ Chí Minh,Lưu trú,In-scope Hồ Chí Minh,Commercial Investigation,50,N/A,N/A,N/A,Planner (Không xác định),data/google_planner/ho-chi-minh/Keyword Stats 2026-02-23 at 09_48_18.csv,Viết bài top-list/so sánh; map vào cluster hub; bổ sung schema + ảnh/UGC,B,75.0,0%,0
khách sạn reddoorz phú nhuận,Khách sạn Hồ Chí Minh,Lưu trú,In-scope Hồ Chí Minh,Commercial Investigation,50,N/A,N/A,N/A,Planner (Cao),data/google_planner/ho-chi-minh/Keyword Stats 2026-02-23 at 09_48_18.csv,Viết bài top-list/so sánh; map vào cluster hub; bổ sung schema + ảnh/UGC,B,75.0,0%,0
khách sạn reddoorz quận 7,Khách sạn Hồ Chí Minh,Lưu trú,In-scope Hồ Chí Minh,Commercial Investigation,50,N/A,N/A,N/A,Planner (Trung bình),data/google_planner/ho-chi-minh/Keyword Stats 2026-02-23 at 09_48_18.csv,Viết bài top-list/so sánh; map vào cluster hub; bổ sung schema + ảnh/UGC,B,75.0,0%,0
khách sạn rex tp hcm,Khách sạn Hồ Chí Minh,Lưu trú,In-scope Hồ Chí Minh,Commercial Investigation,50,N/A,N/A,N/A,Planner (Cao),data/google_planner/ho-chi-minh/Keyword Stats 2026-02-23 at 09_48_18.csv,Viết bài top-list/so sánh; map vào cluster hub; bổ sung schema + ảnh/UGC,B,75.0,0%,0
khách sạn ruby hồ chí minh,Khách sạn Hồ Chí Minh,Lưu trú,In-scope Hồ Chí Minh,Commercial Investigation,50,N/A,N/A,N/A,Planner (Thấp),data/google_planner/ho-chi-minh/Keyword Stats 2026-02-23 at 09_48_18.csv,Viết bài top-list/so sánh; map vào cluster hub; bổ sung schema + ảnh/UGC,B,75.0,0%,0
khách sạn sabina quận 7,Khách sạn Hồ Chí Minh,Lưu trú,In-scope Hồ Chí Minh,Commercial Investigation,50,N/A,N/A,N/A,Planner (Thấp),data/google_planner/ho-chi-minh/Keyword Stats 2026-02-23 at 09_48_18.csv,Viết bài top-list/so sánh; map vào cluster hub; bổ sung schema + ảnh/UGC,B,75.0,0%,0
khách sạn selena quận 5,Khách sạn Hồ Chí Minh,Lưu trú,In-scope Hồ Chí Minh,Commercial Investigation,50,N/A,N/A,N/A,Planner (Thấp),data/google_planner/ho-chi-minh/Keyword Stats 2026-02-23 at 09_48_18.csv,Viết bài top-list/so sánh; map vào cluster hub; bổ sung schema + ảnh/UGC,B,75.0,0%,0
khách sạn sen việt thành phố hồ chí minh,Khách sạn Hồ Chí Minh,Lưu trú,In-scope Hồ Chí Minh,Commercial Investigation,50,N/A,N/A,N/A,Planner (Thấp),data/google_planner/ho-chi-minh/Keyword Stats 2026-02-23 at 09_48_18.csv,Viết bài top-list/so sánh; map vào cluster hub; bổ sung schema + ảnh/UGC,B,75.0,0%,0
khách sạn sen vàng hồ chí minh,Khách sạn Hồ Chí Minh,Lưu trú,In-scope Hồ Chí Minh,Commercial Investigation,50,N/A,N/A,N/A,Planner (Trung bình),data/google_planner/ho-chi-minh/Keyword Stats 2026-02-23 at 09_48_18.csv,Viết bài top-list/so sánh; map vào cluster hub; bổ sung schema + ảnh/UGC,B,75.0,0%,0
khách sạn sheraton tp hcm,Khách sạn Hồ Chí Minh,Lưu trú,In-scope Hồ Chí Minh,Commercial Investigation,50,N/A,N/A,N/A,Planner (Trung bình),data/google_planner/ho-chi-minh/Keyword Stats 2026-02-23 at 09_48_18.csv,Viết bài top-list/so sánh; map vào cluster hub; bổ sung schema + ảnh/UGC,B,75.0,0%,0
khách sạn spring hồ chí minh,Khách sạn Hồ Chí Minh,Lưu trú,In-scope Hồ Chí Minh,Commercial Investigation,50,N/A,N/A,N/A,Planner (Trung bình),data/google_planner/ho-chi-minh/Keyword Stats 2026-02-23 at 09_48_18.csv,Viết bài top-list/so sánh; map vào cluster hub; bổ sung schema + ảnh/UGC,B,75.0,0%,0
khách sạn sunland hồ chí minh,Khách sạn Hồ Chí Minh,Lưu trú,In-scope Hồ Chí Minh,Commercial Investigation,50,N/A,N/A,N/A,Planner (Không xác định),data/google_planner/ho-chi-minh/Keyword Stats 2026-02-23 at 09_48_18.csv,Viết bài top-list/so sánh; map vào cluster hub; bổ sung schema + ảnh/UGC,B,75.0,0%,0
khách sạn sunshine luxury quận 7,Khách sạn Hồ Chí Minh,Lưu trú,In-scope Hồ Chí Minh,Commercial Investigation,50,N/A,N/A,N/A,Planner (Không xác định),data/google_planner/ho-chi-minh/Keyword Stats 2026-02-23 at 09_48_18.csv,Viết bài top-list/so sánh; map vào cluster hub; bổ sung schema + ảnh/UGC,B,75.0,0%,0
khách sạn sài gòn center quận 7,Khách sạn Hồ Chí Minh,Lưu trú,In-scope Hồ Chí Minh,Commercial Investigation,50,N/A,N/A,N/A,Planner (Cao),data/google_planner/ho-chi-minh/Keyword Stats 2026-02-23 at 09_48_18.csv,Viết bài top-list/so sánh; map vào cluster hub; bổ sung schema + ảnh/UGC,B,75.0,0%,0
khách sạn sài gòn quận bình thạnh,Khách sạn Hồ Chí Minh,Lưu trú,In-scope Hồ Chí Minh,Commercial Investigation,50,N/A,N/A,N/A,Planner (Cao),data/google_planner/ho-chi-minh/Keyword Stats 2026-02-23 at 09_48_18.csv,Viết bài top-list/so sánh; map vào cluster hub; bổ sung schema + ảnh/UGC,B,75.0,0%,0
khách sạn sông ba quận 7,Khách sạn Hồ Chí Minh,Lưu trú,In-scope Hồ Chí Minh,Commercial Investigation,50,N/A,N/A,N/A,Planner (Thấp),data/google_planner/ho-chi-minh/Keyword Stats 2026-02-23 at 09_48_18.csv,Viết bài top-list/so sánh; map vào cluster hub; bổ sung schema + ảnh/UGC,B,75.0,0%,0
khách sạn t78 hcm,Khách sạn Hồ Chí Minh,Lưu trú,In-scope Hồ Chí Minh,Commercial Investigation,50,N/A,N/A,N/A,Planner (Cao),data/google_planner/ho-chi-minh/Keyword Stats 2026-02-23 at 09_48_18.csv,Viết bài top-list/so sánh; map vào cluster hub; bổ sung schema + ảnh/UGC,B,75.0,0%,0
khách sạn thadico quận 2,Khách sạn Hồ Chí Minh,Lưu trú,In-scope Hồ Chí Minh,Commercial Investigation,50,N/A,N/A,N/A,Planner (Thấp),data/google_planner/ho-chi-minh/Keyword Stats 2026-02-23 at 09_48_18.csv,Viết bài top-list/so sánh; map vào cluster hub; bổ sung schema + ảnh/UGC,B,75.0,0%,0
khách sạn thanh bình thành phố hồ chí minh,Khách sạn Hồ Chí Minh,Lưu trú,In-scope Hồ Chí Minh,Commercial Investigation,50,N/A,N/A,N/A,Planner (Thấp),data/google_planner/ho-chi-minh/Keyword Stats 2026-02-23 at 09_48_18.csv,Viết bài top-list/so sánh; map vào cluster hub; bổ sung schema + ảnh/UGC,B,75.0,0%,0
khách sạn thanh hồng quận tân bình,Khách sạn Hồ Chí Minh,Lưu trú,In-scope Hồ Chí Minh,Commercial Investigation,50,N/A,N/A,N/A,Planner (Trung bình),data/google_planner/ho-chi-minh/Keyword Stats 2026-02-23 at 09_48_18.csv,Viết bài top-list/so sánh; map vào cluster hub; bổ sung schema + ảnh/UGC,B,75.0,0%,0
khách sạn thanh thảo quận 5,Khách sạn Hồ Chí Minh,Lưu trú,In-scope Hồ Chí Minh,Commercial Investigation,50,N/A,N/A,N/A,Planner (Thấp),data/google_planner/ho-chi-minh/Keyword Stats 2026-02-23 at 09_48_18.csv,Viết bài top-list/so sánh; map vào cluster hub; bổ sung schema + ảnh/UGC,B,75.0,0%,0
khách sạn thanh trúc quận 6,Khách sạn Hồ Chí Minh,Lưu trú,In-scope Hồ Chí Minh,Commercial Investigation,50,N/A,N/A,N/A,Planner (Thấp),data/google_planner/ho-chi-minh/Keyword Stats 2026-02-23 at 09_48_18.csv,Viết bài top-list/so sánh; map vào cluster hub; bổ sung schema + ảnh/UGC,B,75.0,0%,0
khách sạn thiên hồng quận 5 hồ chí minh,Khách sạn Hồ Chí Minh,Lưu trú,In-scope Hồ Chí Minh,Commercial Investigation,50,N/A,N/A,N/A,Planner (Cao),data/google_planner/ho-chi-minh/Keyword Stats 2026-02-23 at 09_48_18.csv,Viết bài top-list/so sánh; map vào cluster hub; bổ sung schema + ảnh/UGC,B,75.0,0%,0
khách sạn thiên vũ quận tân bình,Khách sạn Hồ Chí Minh,Lưu trú,In-scope Hồ Chí Minh,Commercial Investigation,50,N/A,N/A,N/A,Planner (Thấp),data/google_planner/ho-chi-minh/Keyword Stats 2026-02-23 at 09_48_18.csv,Viết bài top-list/so sánh; map vào cluster hub; bổ sung schema + ảnh/UGC,B,75.0,0%,0
khách sạn thuận ý quận 5,Khách sạn Hồ Chí Minh,Lưu trú,In-scope Hồ Chí Minh,Commercial Investigation,50,N/A,N/A,N/A,Planner (Thấp),data/google_planner/ho-chi-minh/Keyword Stats 2026-02-23 at 09_48_18.csv,Viết bài top-list/so sánh; map vào cluster hub; bổ sung schema + ảnh/UGC,B,75.0,0%,0
khách sạn thái hà huy phú nhuận hồ chí minh,Khách sạn Hồ Chí Minh,Lưu trú,In-scope Hồ Chí Minh,Commercial Investigation,50,N/A,N/A,N/A,Planner (Không xác định),data/google_planner/ho-chi-minh/Keyword Stats 2026-02-23 at 09_48_18.csv,Viết bài top-list/so sánh; map vào cluster hub; bổ sung schema + ảnh/UGC,B,75.0,0%,0
khách sạn timi phú nhuận hồ chí minh,Khách sạn Hồ Chí Minh,Lưu trú,In-scope Hồ Chí Minh,Commercial Investigation,50,N/A,N/A,N/A,Planner (Không xác định),data/google_planner/ho-chi-minh/Keyword Stats 2026-02-23 at 09_48_18.csv,Viết bài top-list/so sánh; map vào cluster hub; bổ sung schema + ảnh/UGC,B,75.0,0%,0
khách sạn trên đường an dương vương quận 5,Khách sạn Hồ Chí Minh,Lưu trú,In-scope Hồ Chí Minh,Commercial Investigation,50,N/A,N/A,N/A,Planner (Cao),data/google_planner/ho-chi-minh/Keyword Stats 2026-02-23 at 09_48_18.csv,Viết bài top-list/so sánh; map vào cluster hub; bổ sung schema + ảnh/UGC,B,75.0,0%,0
khách sạn trên đường hai bà trưng hồ chí minh,Khách sạn Hồ Chí Minh,Lưu trú,In-scope Hồ Chí Minh,Commercial Investigation,50,N/A,N/A,N/A,Planner (Cao),data/google_planner/ho-chi-minh/Keyword Stats 2026-02-23 at 09_48_18.csv,Viết bài top-list/so sánh; map vào cluster hub; bổ sung schema + ảnh/UGC,B,75.0,0%,0
khách sạn trên đường nguyễn văn linh quận 7,Khách sạn Hồ Chí Minh,Lưu trú,In-scope Hồ Chí Minh,Commercial Investigation,50,N/A,N/A,N/A,Planner (Cao),data/google_planner/ho-chi-minh/Keyword Stats 2026-02-23 at 09_48_18.csv,Viết bài top-list/so sánh; map vào cluster hub; bổ sung schema + ảnh/UGC,B,75.0,0%,0
khách sạn trên đường sư vạn hạnh quận 5,Khách sạn Hồ Chí Minh,Lưu trú,In-scope Hồ Chí Minh,Commercial Investigation,50,N/A,N/A,N/A,Planner (Thấp),data/google_planner/ho-chi-minh/Keyword Stats 2026-02-23 at 09_48_18.csv,Viết bài top-list/so sánh; map vào cluster hub; bổ sung schema + ảnh/UGC,B,75.0,0%,0
khách sạn trên đường tản đà quận 5,Khách sạn Hồ Chí Minh,Lưu trú,In-scope Hồ Chí Minh,Commercial Investigation,50,N/A,N/A,N/A,Planner (Cao),data/google_planner/ho-chi-minh/Keyword Stats 2026-02-23 at 09_48_18.csv,Viết bài top-list/so sánh; map vào cluster hub; bổ sung schema + ảnh/UGC,B,75.0,0%,0
khách sạn trường sơn hồ chí minh,Khách sạn Hồ Chí Minh,Lưu trú,In-scope Hồ Chí Minh,Commercial Investigation,50,N/A,N/A,N/A,Planner (Trung bình),data/google_planner/ho-chi-minh/Keyword Stats 2026-02-23 at 09_48_18.csv,Viết bài top-list/so sánh; map vào cluster hub; bổ sung schema + ảnh/UGC,B,75.0,0%,0
khách sạn trường sơn quận tân bình,Khách sạn Hồ Chí Minh,Lưu trú,In-scope Hồ Chí Minh,Commercial Investigation,50,N/A,N/A,N/A,Planner (Không xác định),data/google_planner/ho-chi-minh/Keyword Stats 2026-02-23 at 09_48_18.csv,Viết bài top-list/so sánh; map vào cluster hub; bổ sung schema + ảnh/UGC,B,75.0,-100.0%,0
khách sạn ttc lý thường kiệt quận tân bình,Khách sạn Hồ Chí Minh,Lưu trú,In-scope Hồ Chí Minh,Commercial Investigation,50,N/A,N/A,N/A,Planner (Trung bình),data/google_planner/ho-chi-minh/Keyword Stats 2026-02-23 at 09_48_18.csv,Viết bài top-list/so sánh; map vào cluster hub; bổ sung schema + ảnh/UGC,B,75.0,0%,0
khách sạn ttc quận tân bình,Khách sạn Hồ Chí Minh,Lưu trú,In-scope Hồ Chí Minh,Commercial Investigation,50,N/A,N/A,N/A,Planner (Cao),data/google_planner/ho-chi-minh/Keyword Stats 2026-02-23 at 09_48_18.csv,Viết bài top-list/so sánh; map vào cluster hub; bổ sung schema + ảnh/UGC,B,75.0,0%,0
khách sạn tân thủ đô quận 5,Khách sạn Hồ Chí Minh,Lưu trú,In-scope Hồ Chí Minh,Commercial Investigation,50,N/A,N/A,N/A,Planner (Trung bình),data/google_planner/ho-chi-minh/Keyword Stats 2026-02-23 at 09_48_18.csv,Viết bài top-list/so sánh; map vào cluster hub; bổ sung schema + ảnh/UGC,B,75.0,0%,0
khách sạn tú anh phát quận 9,Khách sạn Hồ Chí Minh,Lưu trú,In-scope Hồ Chí Minh,Commercial Investigation,50,N/A,N/A,N/A,Planner (Thấp),data/google_planner/ho-chi-minh/Keyword Stats 2026-02-23 at 09_48_18.csv,Viết bài top-list/so sánh; map vào cluster hub; bổ sung schema + ảnh/UGC,B,75.0,0%,0
khách sạn tại hồ chí minh giá rẻ,Khách sạn Hồ Chí Minh,Lưu trú,In-scope Hồ Chí Minh,Transaction,50,N/A,N/A,N/A,Planner (Cao),data/google_planner/ho-chi-minh/Keyword Stats 2026-02-23 at 09_48_18.csv,"Tạo landing chuyển đổi (giá/vé/đặt chỗ), gom vào cluster page + build backlink nội bộ",B,75.0,0%,0
khách sạn tại quận 2 hồ chí minh,Khách sạn Hồ Chí Minh,Lưu trú,In-scope Hồ Chí Minh,Commercial Investigation,50,N/A,N/A,N/A,Planner (Trung bình),data/google_planner/ho-chi-minh/Keyword Stats 2026-02-23 at 09_48_18.csv,Viết bài top-list/so sánh; map vào cluster hub; bổ sung schema + ảnh/UGC,B,75.0,0%,0
khách sạn tại quận 5 thành phố hồ chí minh,Khách sạn Hồ Chí Minh,Lưu trú,In-scope Hồ Chí Minh,Commercial Investigation,50,N/A,N/A,N/A,Planner (Cao),data/google_planner/ho-chi-minh/Keyword Stats 2026-02-23 at 09_48_18.csv,Viết bài top-list/so sánh; map vào cluster hub; bổ sung schema + ảnh/UGC,B,75.0,0%,0
khách sạn tốt ở quận tân bình,Khách sạn Hồ Chí Minh,Lưu trú,In-scope Hồ Chí Minh,Commercial Investigation,50,N/A,N/A,N/A,Planner (Cao),data/google_planner/ho-chi-minh/Keyword Stats 2026-02-23 at 09_48_18.csv,Viết bài top-list/so sánh; map vào cluster hub; bổ sung schema + ảnh/UGC,B,75.0,0%,0
khách sạn tốt ở thành phố hồ chí minh,Khách sạn Hồ Chí Minh,Lưu trú,In-scope Hồ Chí Minh,Commercial Investigation,50,N/A,N/A,N/A,Planner (Cao),data/google_planner/ho-chi-minh/Keyword Stats 2026-02-23 at 09_48_18.csv,Viết bài top-list/so sánh; map vào cluster hub; bổ sung schema + ảnh/UGC,B,75.0,0%,0
khách sạn uy danh quận 5,Khách sạn Hồ Chí Minh,Lưu trú,In-scope Hồ Chí Minh,Commercial Investigation,50,N/A,N/A,N/A,Planner (Trung bình),data/google_planner/ho-chi-minh/Keyword Stats 2026-02-23 at 09_48_18.csv,Viết bài top-list/so sánh; map vào cluster hub; bổ sung schema + ảnh/UGC,B,75.0,0%,0
khách sạn victoria thành phố hồ chí minh,Khách sạn Hồ Chí Minh,Lưu trú,In-scope Hồ Chí Minh,Commercial Investigation,50,N/A,N/A,N/A,Planner (Trung bình),data/google_planner/ho-chi-minh/Keyword Stats 2026-02-23 at 09_48_18.csv,Viết bài top-list/so sánh; map vào cluster hub; bổ sung schema + ảnh/UGC,B,75.0,0%,0
khách sạn vissai saigon hồ chí minh,Khách sạn Hồ Chí Minh,Lưu trú,In-scope Hồ Chí Minh,Commercial Investigation,50,N/A,N/A,N/A,Planner (Cao),data/google_planner/ho-chi-minh/Keyword Stats 2026-02-23 at 09_48_18.csv,Viết bài top-list/so sánh; map vào cluster hub; bổ sung schema + ảnh/UGC,B,75.0,0%,0
khách sạn viễn đông thành phố hồ chí minh,Khách sạn Hồ Chí Minh,Lưu trú,In-scope Hồ Chí Minh,Commercial Investigation,50,N/A,N/A,N/A,Planner (Thấp),data/google_planner/ho-chi-minh/Keyword Stats 2026-02-23 at 09_48_18.csv,Viết bài top-list/so sánh; map vào cluster hub; bổ sung schema + ảnh/UGC,B,75.0,0%,0
khách sạn vàng anh phú nhuận hồ chí minh,Khách sạn Hồ Chí Minh,Lưu trú,In-scope Hồ Chí Minh,Commercial Investigation,50,N/A,N/A,N/A,Planner (Không xác định),data/google_planner/ho-chi-minh/Keyword Stats 2026-02-23 at 09_48_18.csv,Viết bài top-list/so sánh; map vào cluster hub; bổ sung schema + ảnh/UGC,B,75.0,0%,0
khách sạn ánh dương quận 8,Khách sạn Hồ Chí Minh,Lưu trú,In-scope Hồ Chí Minh,Commercial Investigation,50,N/A,N/A,N/A,Planner (Thấp),data/google_planner/ho-chi-minh/Keyword Stats 2026-02-23 at 09_48_18.csv,Viết bài top-list/so sánh; map vào cluster hub; bổ sung schema + ảnh/UGC,B,75.0,0%,0
khách sạn đông phương quận 9,Khách sạn Hồ Chí Minh,Lưu trú,In-scope Hồ Chí Minh,Commercial Investigation,50,N/A,N/A,N/A,Planner (Trung bình),data/google_planner/ho-chi-minh/Keyword Stats 2026-02-23 at 09_48_18.csv,Viết bài top-list/so sánh; map vào cluster hub; bổ sung schema + ảnh/UGC,B,75.0,0%,0
khách sạn đường bùi thị xuân hồ chí minh,Khách sạn Hồ Chí Minh,Lưu trú,In-scope Hồ Chí Minh,Commercial Investigation,50,N/A,N/A,N/A,Planner (Cao),data/google_planner/ho-chi-minh/Keyword Stats 2026-02-23 at 09_48_18.csv,Viết bài top-list/so sánh; map vào cluster hub; bổ sung schema + ảnh/UGC,B,75.0,0%,0
khách sạn đường chu văn an quận bình thạnh,Khách sạn Hồ Chí Minh,Lưu trú,In-scope Hồ Chí Minh,Commercial Investigation,50,N/A,N/A,N/A,Planner (Cao),data/google_planner/ho-chi-minh/Keyword Stats 2026-02-23 at 09_48_18.csv,Viết bài top-list/so sánh; map vào cluster hub; bổ sung schema + ảnh/UGC,B,75.0,0%,0
khách sạn đường d2 quận 9,Khách sạn Hồ Chí Minh,Lưu trú,In-scope Hồ Chí Minh,Commercial Investigation,50,N/A,N/A,N/A,Planner (Thấp),data/google_planner/ho-chi-minh/Keyword Stats 2026-02-23 at 09_48_18.csv,Viết bài top-list/so sánh; map vào cluster hub; bổ sung schema + ảnh/UGC,B,75.0,0%,0
khách sạn đường hoàng hoa thám quận tân bình,Khách sạn Hồ Chí Minh,Lưu trú,In-scope Hồ Chí Minh,Commercial Investigation,50,N/A,N/A,N/A,Planner (Cao),data/google_planner/ho-chi-minh/Keyword Stats 2026-02-23 at 09_48_18.csv,Viết bài top-list/so sánh; map vào cluster hub; bổ sung schema + ảnh/UGC,B,75.0,0%,0
khách sạn đường lê duẩn hồ chí minh,Khách sạn Hồ Chí Minh,Lưu trú,In-scope Hồ Chí Minh,Commercial Investigation,50,N/A,N/A,N/A,Planner (Cao),data/google_planner/ho-chi-minh/Keyword Stats 2026-02-23 at 09_48_18.csv,Viết bài top-list/so sánh; map vào cluster hub; bổ sung schema + ảnh/UGC,B,75.0,0%,0
khách sạn đại dương quận 9,Khách sạn Hồ Chí Minh,Lưu trú,In-scope Hồ Chí Minh,Commercial Investigation,50,N/A,N/A,N/A,Planner (Trung bình),data/google_planner/ho-chi-minh/Keyword Stats 2026-02-23 at 09_48_18.csv,Viết bài top-list/so sánh; map vào cluster hub; bổ sung schema + ảnh/UGC,B,75.0,0%,0
khách sạn đại hoàng gia quận 7,Khách sạn Hồ Chí Minh,Lưu trú,In-scope Hồ Chí Minh,Transaction,50,N/A,N/A,N/A,Planner (Không xác định),data/google_planner/ho-chi-minh/Keyword Stats 2026-02-23 at 09_48_18.csv,"Tạo landing chuyển đổi (giá/vé/đặt chỗ), gom vào cluster page + build backlink nội bộ",B,75.0,-100.0%,0
khách sạn đại hồng bình thạnh hồ chí minh,Khách sạn Hồ Chí Minh,Lưu trú,In-scope Hồ Chí Minh,Commercial Investigation,50,N/A,N/A,N/A,Planner (Không xác định),data/google_planner/ho-chi-minh/Keyword Stats 2026-02-23 at 09_48_18.csv,Viết bài top-list/so sánh; map vào cluster hub; bổ sung schema + ảnh/UGC,B,75.0,0%,0
khách sạn đại nam thành phố hồ chí minh,Khách sạn Hồ Chí Minh,Lưu trú,In-scope Hồ Chí Minh,Commercial Investigation,50,N/A,N/A,N/A,Planner (Thấp),data/google_planner/ho-chi-minh/Keyword Stats 2026-02-23 at 09_48_18.csv,Viết bài top-list/so sánh; map vào cluster hub; bổ sung schema + ảnh/UGC,B,75.0,0%,0
khách sạn đẹp quận tân bình,Khách sạn Hồ Chí Minh,Lưu trú,In-scope Hồ Chí Minh,Commercial Investigation,50,N/A,N/A,N/A,Planner (Cao),data/google_planner/ho-chi-minh/Keyword Stats 2026-02-23 at 09_48_18.csv,Viết bài top-list/so sánh; map vào cluster hub; bổ sung schema + ảnh/UGC,B,75.0,0%,0
khách sạn đẹp tại quận 7,Khách sạn Hồ Chí Minh,Lưu trú,In-scope Hồ Chí Minh,Commercial Investigation,50,N/A,N/A,N/A,Planner (Cao),data/google_planner/ho-chi-minh/Keyword Stats 2026-02-23 at 09_48_18.csv,Viết bài top-list/so sánh; map vào cluster hub; bổ sung schema + ảnh/UGC,B,75.0,0%,0
khách sạn đẹp ở quận bình thạnh,Khách sạn Hồ Chí Minh,Lưu trú,In-scope Hồ Chí Minh,Commercial Investigation,50,N/A,N/A,N/A,Planner (Cao),data/google_planner/ho-chi-minh/Keyword Stats 2026-02-23 at 09_48_18.csv,Viết bài top-list/so sánh; map vào cluster hub; bổ sung schema + ảnh/UGC,B,75.0,0%,0
khách sạn đệ nhất 18 hoàng việt quận tân bình,Khách sạn Hồ Chí Minh,Lưu trú,In-scope Hồ Chí Minh,Commercial Investigation,50,N/A,N/A,N/A,Planner (Không xác định),data/google_planner/ho-chi-minh/Keyword Stats 2026-02-23 at 09_48_18.csv,Viết bài top-list/so sánh; map vào cluster hub; bổ sung schema + ảnh/UGC,B,75.0,0%,0
khách sạn đức việt quận 7,Khách sạn Hồ Chí Minh,Lưu trú,In-scope Hồ Chí Minh,Commercial Investigation,50,N/A,N/A,N/A,Planner (Thấp),data/google_planner/ho-chi-minh/Keyword Stats 2026-02-23 at 09_48_18.csv,Viết bài top-list/so sánh; map vào cluster hub; bổ sung schema + ảnh/UGC,B,75.0,0%,0
khách sạn đức vy quận 9,Khách sạn Hồ Chí Minh,Lưu trú,In-scope Hồ Chí Minh,Commercial Investigation,50,N/A,N/A,N/A,Planner (Thấp),data/google_planner/ho-chi-minh/Keyword Stats 2026-02-23 at 09_48_18.csv,Viết bài top-list/so sánh; map vào cluster hub; bổ sung schema + ảnh/UGC,B,75.0,0%,0
khách sạn ở phạm ngũ lão hcm,Khách sạn Hồ Chí Minh,Lưu trú,In-scope Hồ Chí Minh,Commercial Investigation,50,N/A,N/A,N/A,Planner (Trung bình),data/google_planner/ho-chi-minh/Keyword Stats 2026-02-23 at 09_48_18.csv,Viết bài top-list/so sánh; map vào cluster hub; bổ sung schema + ảnh/UGC,B,75.0,0%,0
khách sạn ở quận bình thạnh tphcm,Khách sạn Hồ Chí Minh,Lưu trú,In-scope Hồ Chí Minh,Commercial Investigation,50,N/A,N/A,N/A,Planner (Không xác định),data/google_planner/ho-chi-minh/Keyword Stats 2026-02-23 at 09_48_18.csv,Viết bài top-list/so sánh; map vào cluster hub; bổ sung schema + ảnh/UGC,B,75.0,-100.0%,0
khách sạn ở sài gòn quận tân bình,Khách sạn Hồ Chí Minh,Lưu trú,In-scope Hồ Chí Minh,Commercial Investigation,50,N/A,N/A,N/A,Planner (Cao),data/google_planner/ho-chi-minh/Keyword Stats 2026-02-23 at 09_48_18.csv,Viết bài top-list/so sánh; map vào cluster hub; bổ sung schema + ảnh/UGC,B,75.0,0%,0
khách sạn ở thành phố hồ chí minh giá rẻ,Khách sạn Hồ Chí Minh,Lưu trú,In-scope Hồ Chí Minh,Transaction,50,N/A,N/A,N/A,Planner (Cao),data/google_planner/ho-chi-minh/Keyword Stats 2026-02-23 at 09_48_18.csv,"Tạo landing chuyển đổi (giá/vé/đặt chỗ), gom vào cluster page + build backlink nội bộ",B,75.0,0%,0
khách sạn ở tân bình hồ chí minh,Khách sạn Hồ Chí Minh,Lưu trú,In-scope Hồ Chí Minh,Commercial Investigation,50,N/A,N/A,N/A,Planner (Cao),data/google_planner/ho-chi-minh/Keyword Stats 2026-02-23 at 09_48_18.csv,Viết bài top-list/so sánh; map vào cluster hub; bổ sung schema + ảnh/UGC,B,75.0,0%,0
la galerie hotel quận 7,Khách sạn Hồ Chí Minh,Lưu trú,In-scope Hồ Chí Minh,Commercial Investigation,50,N/A,N/A,N/A,Planner (Thấp),data/google_planner/ho-chi-minh/Keyword Stats 2026-02-23 at 09_48_18.csv,Viết bài top-list/so sánh; map vào cluster hub; bổ sung schema + ảnh/UGC,B,75.0,0%,0
lá hotel thành phố hồ chí minh,Khách sạn Hồ Chí Minh,Lưu trú,In-scope Hồ Chí Minh,Commercial Investigation,50,N/A,N/A,N/A,Planner (Trung bình),data/google_planner/ho-chi-minh/Keyword Stats 2026-02-23 at 09_48_18.csv,Viết bài top-list/so sánh; map vào cluster hub; bổ sung schema + ảnh/UGC,B,75.0,0%,0
milan hotel quận 7,Khách sạn Hồ Chí Minh,Lưu trú,In-scope Hồ Chí Minh,Commercial Investigation,50,N/A,N/A,N/A,Planner (Thấp),data/google_planner/ho-chi-minh/Keyword Stats 2026-02-23 at 09_48_18.csv,Viết bài top-list/so sánh; map vào cluster hub; bổ sung schema + ảnh/UGC,B,75.0,0%,0
milano hotel quận 7,Khách sạn Hồ Chí Minh,Lưu trú,In-scope Hồ Chí Minh,Commercial Investigation,50,N/A,N/A,N/A,Planner (Không xác định),data/google_planner/ho-chi-minh/Keyword Stats 2026-02-23 at 09_48_18.csv,Viết bài top-list/so sánh; map vào cluster hub; bổ sung schema + ảnh/UGC,B,75.0,-100.0%,0
moonlight hotel quận 7,Khách sạn Hồ Chí Minh,Lưu trú,In-scope Hồ Chí Minh,Commercial Investigation,50,N/A,N/A,N/A,Planner (Thấp),data/google_planner/ho-chi-minh/Keyword Stats 2026-02-23 at 09_48_18.csv,Viết bài top-list/so sánh; map vào cluster hub; bổ sung schema + ảnh/UGC,B,75.0,0%,0
new hotel quận 7,Khách sạn Hồ Chí Minh,Lưu trú,In-scope Hồ Chí Minh,Commercial Investigation,50,N/A,N/A,N/A,Planner (Cao),data/google_planner/ho-chi-minh/Keyword Stats 2026-02-23 at 09_48_18.csv,Viết bài top-list/so sánh; map vào cluster hub; bổ sung schema + ảnh/UGC,B,75.0,0%,0
opera hotel quận 7,Khách sạn Hồ Chí Minh,Lưu trú,In-scope Hồ Chí Minh,Commercial Investigation,50,N/A,N/A,N/A,Planner (Không xác định),data/google_planner/ho-chi-minh/Keyword Stats 2026-02-23 at 09_48_18.csv,Viết bài top-list/so sánh; map vào cluster hub; bổ sung schema + ảnh/UGC,B,75.0,-100.0%,0
oyo hotel hồ chí minh,Khách sạn Hồ Chí Minh,Lưu trú,In-scope Hồ Chí Minh,Commercial Investigation,50,N/A,N/A,N/A,Planner (Không xác định),data/google_planner/ho-chi-minh/Keyword Stats 2026-02-23 at 09_48_18.csv,Viết bài top-list/so sánh; map vào cluster hub; bổ sung schema + ảnh/UGC,B,75.0,-100.0%,0
pharaon hotel bình chánh,Khách sạn Hồ Chí Minh,Lưu trú,In-scope Hồ Chí Minh,Commercial Investigation,50,N/A,N/A,N/A,Planner (Cao),data/google_planner/ho-chi-minh/Keyword Stats 2026-02-23 at 09_48_18.csv,Viết bài top-list/so sánh; map vào cluster hub; bổ sung schema + ảnh/UGC,B,75.0,0%,0
phú nhuận hotel,Khách sạn Hồ Chí Minh,Lưu trú,In-scope Hồ Chí Minh,Commercial Investigation,50,N/A,N/A,N/A,Planner (Trung bình),data/google_planner/ho-chi-minh/Keyword Stats 2026-02-23 at 09_48_18.csv,Viết bài top-list/so sánh; map vào cluster hub; bổ sung schema + ảnh/UGC,B,75.0,0%,0
phương ly ly hotel quận 9,Khách sạn Hồ Chí Minh,Lưu trú,In-scope Hồ Chí Minh,Commercial Investigation,50,N/A,N/A,N/A,Planner (Thấp),data/google_planner/ho-chi-minh/Keyword Stats 2026-02-23 at 09_48_18.csv,Viết bài top-list/so sánh; map vào cluster hub; bổ sung schema + ảnh/UGC,B,75.0,0%,0
plumeria private villa quận 9,Khách sạn Hồ Chí Minh,Lưu trú,In-scope Hồ Chí Minh,Commercial Investigation,50,N/A,N/A,N/A,Planner (Không xác định),data/google_planner/ho-chi-minh/Keyword Stats 2026-02-23 at 09_48_18.csv,Viết bài top-list/so sánh; map vào cluster hub; bổ sung schema + ảnh/UGC,B,75.0,0%,0
quận 2 khách sạn,Khách sạn Hồ Chí Minh,Lưu trú,In-scope Hồ Chí Minh,Commercial Investigation,50,N/A,N/A,N/A,Planner (Cao),data/google_planner/ho-chi-minh/Keyword Stats 2026-02-23 at 09_48_18.csv,Viết bài top-list/so sánh; map vào cluster hub; bổ sung schema + ảnh/UGC,B,75.0,0%,0
reddoorz hotel hồ chí minh,Khách sạn Hồ Chí Minh,Lưu trú,In-scope Hồ Chí Minh,Commercial Investigation,50,N/A,N/A,N/A,Planner (Trung bình),data/google_planner/ho-chi-minh/Keyword Stats 2026-02-23 at 09_48_18.csv,Viết bài top-list/so sánh; map vào cluster hub; bổ sung schema + ảnh/UGC,B,75.0,0%,0
resort gần thành phố hồ chí minh,Khách sạn Hồ Chí Minh,Lưu trú,In-scope Hồ Chí Minh,Commercial Investigation,50,N/A,N/A,N/A,Planner (Trung bình),data/google_planner/ho-chi-minh/Keyword Stats 2026-02-23 at 09_48_18.csv,Viết bài top-list/so sánh; map vào cluster hub; bổ sung schema + ảnh/UGC,B,75.0,0%,0
resort tại hồ chí minh,Khách sạn Hồ Chí Minh,Lưu trú,In-scope Hồ Chí Minh,Commercial Investigation,50,N/A,N/A,N/A,Planner (Cao),data/google_planner/ho-chi-minh/Keyword Stats 2026-02-23 at 09_48_18.csv,Viết bài top-list/so sánh; map vào cluster hub; bổ sung schema + ảnh/UGC,B,75.0,0%,0
saigon sweet hotel quận 7,Khách sạn Hồ Chí Minh,Lưu trú,In-scope Hồ Chí Minh,Commercial Investigation,50,N/A,N/A,N/A,Planner (Không xác định),data/google_planner/ho-chi-minh/Keyword Stats 2026-02-23 at 09_48_18.csv,Viết bài top-list/so sánh; map vào cluster hub; bổ sung schema + ảnh/UGC,B,75.0,-100.0%,0
saki aparthotel quận 7,Khách sạn Hồ Chí Minh,Lưu trú,In-scope Hồ Chí Minh,Commercial Investigation,50,N/A,N/A,N/A,Planner (Thấp),data/google_planner/ho-chi-minh/Keyword Stats 2026-02-23 at 09_48_18.csv,Viết bài top-list/so sánh; map vào cluster hub; bổ sung schema + ảnh/UGC,B,75.0,0%,0
sao mai hotel quận 5,Khách sạn Hồ Chí Minh,Lưu trú,In-scope Hồ Chí Minh,Commercial Investigation,50,N/A,N/A,N/A,Planner (Trung bình),data/google_planner/ho-chi-minh/Keyword Stats 2026-02-23 at 09_48_18.csv,Viết bài top-list/so sánh; map vào cluster hub; bổ sung schema + ảnh/UGC,B,75.0,0%,0
sky hotel quận 7,Khách sạn Hồ Chí Minh,Lưu trú,In-scope Hồ Chí Minh,Commercial Investigation,50,N/A,N/A,N/A,Planner (Thấp),data/google_planner/ho-chi-minh/Keyword Stats 2026-02-23 at 09_48_18.csv,Viết bài top-list/so sánh; map vào cluster hub; bổ sung schema + ảnh/UGC,B,75.0,0%,0
sunflower hotel tân bình,Khách sạn Hồ Chí Minh,Lưu trú,In-scope Hồ Chí Minh,Commercial Investigation,50,N/A,N/A,N/A,Planner (Thấp),data/google_planner/ho-chi-minh/Keyword Stats 2026-02-23 at 09_48_18.csv,Viết bài top-list/so sánh; map vào cluster hub; bổ sung schema + ảnh/UGC,B,75.0,0%,0
sunshine hotel quận 7,Khách sạn Hồ Chí Minh,Lưu trú,In-scope Hồ Chí Minh,Commercial Investigation,50,N/A,N/A,N/A,Planner (Thấp),data/google_planner/ho-chi-minh/Keyword Stats 2026-02-23 at 09_48_18.csv,Viết bài top-list/so sánh; map vào cluster hub; bổ sung schema + ảnh/UGC,B,75.0,0%,0
sunshine luxury hotel quận 7,Khách sạn Hồ Chí Minh,Lưu trú,In-scope Hồ Chí Minh,Commercial Investigation,50,N/A,N/A,N/A,Planner (Không xác định),data/google_planner/ho-chi-minh/Keyword Stats 2026-02-23 at 09_48_18.csv,Viết bài top-list/so sánh; map vào cluster hub; bổ sung schema + ảnh/UGC,B,75.0,-100.0%,0
sweet hotel quận 7,Khách sạn Hồ Chí Minh,Lưu trú,In-scope Hồ Chí Minh,Commercial Investigation,50,N/A,N/A,N/A,Planner (Không xác định),data/google_planner/ho-chi-minh/Keyword Stats 2026-02-23 at 09_48_18.csv,Viết bài top-list/so sánh; map vào cluster hub; bổ sung schema + ảnh/UGC,B,75.0,-100.0%,0
sóng xanh hotel quận 7,Khách sạn Hồ Chí Minh,Lưu trú,In-scope Hồ Chí Minh,Commercial Investigation,50,N/A,N/A,N/A,Planner (Cao),data/google_planner/ho-chi-minh/Keyword Stats 2026-02-23 at 09_48_18.csv,Viết bài top-list/so sánh; map vào cluster hub; bổ sung schema + ảnh/UGC,B,75.0,0%,0
thiên an hotel quận 9,Khách sạn Hồ Chí Minh,Lưu trú,In-scope Hồ Chí Minh,Commercial Investigation,50,N/A,N/A,N/A,Planner (Cao),data/google_planner/ho-chi-minh/Keyword Stats 2026-02-23 at 09_48_18.csv,Viết bài top-list/so sánh; map vào cluster hub; bổ sung schema + ảnh/UGC,B,75.0,0%,0
thuê villa thành phố hồ chí minh,Khách sạn Hồ Chí Minh,Lưu trú,In-scope Hồ Chí Minh,Transaction,50,N/A,N/A,N/A,Planner (Không xác định),data/google_planner/ho-chi-minh/Keyword Stats 2026-02-23 at 09_48_18.csv,"Tạo landing chuyển đổi (giá/vé/đặt chỗ), gom vào cluster page + build backlink nội bộ",B,75.0,-100.0%,0
thị trường khách sạn tại thành phố hồ chí minh,Khách sạn Hồ Chí Minh,Lưu trú,In-scope Hồ Chí Minh,Commercial Investigation,50,N/A,N/A,N/A,Planner (Thấp),data/google_planner/ho-chi-minh/Keyword Stats 2026-02-23 at 09_48_18.csv,Viết bài top-list/so sánh; map vào cluster hub; bổ sung schema + ảnh/UGC,B,75.0,0%,0
top hotel quận 7,Khách sạn Hồ Chí Minh,Lưu trú,In-scope Hồ Chí Minh,Commercial Investigation,50,N/A,N/A,N/A,Planner (Không xác định),data/google_planner/ho-chi-minh/Keyword Stats 2026-02-23 at 09_48_18.csv,Viết bài top-list/so sánh; map vào cluster hub; bổ sung schema + ảnh/UGC,B,75.0,-100.0%,0
ttc hotel hồ chí minh,Khách sạn Hồ Chí Minh,Lưu trú,In-scope Hồ Chí Minh,Commercial Investigation,50,N/A,N/A,N/A,Planner (Trung bình),data/google_planner/ho-chi-minh/Keyword Stats 2026-02-23 at 09_48_18.csv,Viết bài top-list/so sánh; map vào cluster hub; bổ sung schema + ảnh/UGC,B,75.0,0%,0
tân sơn nhất hotel hồ chí minh,Khách sạn Hồ Chí Minh,Lưu trú,In-scope Hồ Chí Minh,Commercial Investigation,50,N/A,N/A,N/A,Planner (Cao),data/google_planner/ho-chi-minh/Keyword Stats 2026-02-23 at 09_48_18.csv,Viết bài top-list/so sánh; map vào cluster hub; bổ sung schema + ảnh/UGC,B,75.0,0%,0
venice hotel quận 7,Khách sạn Hồ Chí Minh,Lưu trú,In-scope Hồ Chí Minh,Commercial Investigation,50,N/A,N/A,N/A,Planner (Thấp),data/google_planner/ho-chi-minh/Keyword Stats 2026-02-23 at 09_48_18.csv,Viết bài top-list/so sánh; map vào cluster hub; bổ sung schema + ảnh/UGC,B,75.0,0%,0
venus hotel hồ chí minh,Khách sạn Hồ Chí Minh,Lưu trú,In-scope Hồ Chí Minh,Commercial Investigation,50,N/A,N/A,N/A,Planner (Không xác định),data/google_planner/ho-chi-minh/Keyword Stats 2026-02-23 at 09_48_18.csv,Viết bài top-list/so sánh; map vào cluster hub; bổ sung schema + ảnh/UGC,B,75.0,0%,0
venus hotel quận 7,Khách sạn Hồ Chí Minh,Lưu trú,In-scope Hồ Chí Minh,Commercial Investigation,50,N/A,N/A,N/A,Planner (Trung bình),data/google_planner/ho-chi-minh/Keyword Stats 2026-02-23 at 09_48_18.csv,Viết bài top-list/so sánh; map vào cluster hub; bổ sung schema + ảnh/UGC,B,75.0,0%,0
venus hotel tân bình,Khách sạn Hồ Chí Minh,Lưu trú,In-scope Hồ Chí Minh,Commercial Investigation,50,N/A,N/A,N/A,Planner (Cao),data/google_planner/ho-chi-minh/Keyword Stats 2026-02-23 at 09_48_18.csv,Viết bài top-list/so sánh; map vào cluster hub; bổ sung schema + ảnh/UGC,B,75.0,0%,0
villa h20 hóc môn,Khách sạn Hồ Chí Minh,Lưu trú,In-scope Hồ Chí Minh,Commercial Investigation,50,N/A,N/A,N/A,Planner (Thấp),data/google_planner/ho-chi-minh/Keyword Stats 2026-02-23 at 09_48_18.csv,Viết bài top-list/so sánh; map vào cluster hub; bổ sung schema + ảnh/UGC,B,75.0,0%,0
villa h2o hóc môn,Khách sạn Hồ Chí Minh,Lưu trú,In-scope Hồ Chí Minh,Commercial Investigation,50,N/A,N/A,N/A,Planner (Thấp),data/google_planner/ho-chi-minh/Keyword Stats 2026-02-23 at 09_48_18.csv,Viết bài top-list/so sánh; map vào cluster hub; bổ sung schema + ảnh/UGC,B,75.0,0%,0
villa thành phố hồ chí minh,Khách sạn Hồ Chí Minh,Lưu trú,In-scope Hồ Chí Minh,Commercial Investigation,50,N/A,N/A,N/A,Planner (Thấp),data/google_planner/ho-chi-minh/Keyword Stats 2026-02-23 at 09_48_18.csv,Viết bài top-list/so sánh; map vào cluster hub; bổ sung schema + ảnh/UGC,B,75.0,0%,0
villa đồi sứ quận 9,Khách sạn Hồ Chí Minh,Lưu trú,In-scope Hồ Chí Minh,Commercial Investigation,50,N/A,N/A,N/A,Planner (Thấp),data/google_planner/ho-chi-minh/Keyword Stats 2026-02-23 at 09_48_18.csv,Viết bài top-list/so sánh; map vào cluster hub; bổ sung schema + ảnh/UGC,B,75.0,0%,0
ánh dương hotel quận 4,Khách sạn Hồ Chí Minh,Lưu trú,In-scope Hồ Chí Minh,Commercial Investigation,50,N/A,N/A,N/A,Planner (Thấp),data/google_planner/ho-chi-minh/Keyword Stats 2026-02-23 at 09_48_18.csv,Viết bài top-list/so sánh; map vào cluster hub; bổ sung schema + ảnh/UGC,B,75.0,0%,0
đặt phòng khách sạn quận bình thạnh,Khách sạn Hồ Chí Minh,Lưu trú,In-scope Hồ Chí Minh,Commercial Investigation,50,N/A,N/A,N/A,Planner (Cao),data/google_planner/ho-chi-minh/Keyword Stats 2026-02-23 at 09_48_18.csv,Viết bài top-list/so sánh; map vào cluster hub; bổ sung schema + ảnh/UGC,B,75.0,0%,0
đồi sứ villa quận 9,Khách sạn Hồ Chí Minh,Lưu trú,In-scope Hồ Chí Minh,Commercial Investigation,50,N/A,N/A,N/A,Planner (Thấp),data/google_planner/ho-chi-minh/Keyword Stats 2026-02-23 at 09_48_18.csv,Viết bài top-list/so sánh; map vào cluster hub; bổ sung schema + ảnh/UGC,B,75.0,0%,0
khách sạn sài gòn,Khách sạn Hồ Chí Minh,Lưu trú,In-scope Hồ Chí Minh,Commercial Investigation,N/A,N/A,N/A,N/A,Trend SI:41 -7%,data/google_trend/searched_with_top-queries_VN_20250210-1748_20260210-1748.csv,Viết bài top-list/so sánh; map vào cluster hub; bổ sung schema + ảnh/UGC,B,61.5,-7%,N/A
khách sạn quận 10,Khách sạn Quận 1,Lưu trú,In-scope Hồ Chí Minh,Commercial Investigation,5000,N/A,N/A,N/A,Planner (Cao),data/google_planner/ho-chi-minh/Keyword Stats 2026-02-23 at 09_48_18.csv,Viết bài top-list/so sánh; map vào cluster hub; bổ sung schema + ảnh/UGC,B,8250.0,0%,"19,891"
khách sạn sư vạn hạnh quận 10,Khách sạn Quận 1,Lưu trú,In-scope Hồ Chí Minh,Commercial Investigation,500,N/A,N/A,N/A,Planner (Cao),data/google_planner/ho-chi-minh/Keyword Stats 2026-02-23 at 09_48_18.csv,Viết bài top-list/so sánh; map vào cluster hub; bổ sung schema + ảnh/UGC,B,825.0,-90.0%,"9,902"
hotel quận 10,Khách sạn Quận 1,Lưu trú,In-scope Hồ Chí Minh,Commercial Investigation,500,N/A,N/A,N/A,Planner (Trung bình),data/google_planner/ho-chi-minh/Keyword Stats 2026-02-23 at 09_48_18.csv,Viết bài top-list/so sánh; map vào cluster hub; bổ sung schema + ảnh/UGC,B,825.0,0%,"12,227"
khách sạn athena quận 10,Khách sạn Quận 1,Lưu trú,In-scope Hồ Chí Minh,Commercial Investigation,500,N/A,N/A,N/A,Planner (Cao),data/google_planner/ho-chi-minh/Keyword Stats 2026-02-23 at 09_48_18.csv,Viết bài top-list/so sánh; map vào cluster hub; bổ sung schema + ảnh/UGC,B,825.0,0%,"11,648"
khách sạn bonita quận 10,Khách sạn Quận 1,Lưu trú,In-scope Hồ Chí Minh,Commercial Investigation,500,N/A,N/A,N/A,Planner (Cao),data/google_planner/ho-chi-minh/Keyword Stats 2026-02-23 at 09_48_18.csv,Viết bài top-list/so sánh; map vào cluster hub; bổ sung schema + ảnh/UGC,B,825.0,0%,"9,089"
khách sạn quận 10 lê hồng phong,Khách sạn Quận 1,Lưu trú,In-scope Hồ Chí Minh,Commercial Investigation,500,N/A,N/A,N/A,Planner (Cao),data/google_planner/ho-chi-minh/Keyword Stats 2026-02-23 at 09_48_18.csv,Viết bài top-list/so sánh; map vào cluster hub; bổ sung schema + ảnh/UGC,B,825.0,-90.0%,"8,467"
happy hotel quận 10,Khách sạn Quận 1,Lưu trú,In-scope Hồ Chí Minh,Commercial Investigation,500,N/A,N/A,N/A,Planner (Thấp),data/google_planner/ho-chi-minh/Keyword Stats 2026-02-23 at 09_48_18.csv,Viết bài top-list/so sánh; map vào cluster hub; bổ sung schema + ảnh/UGC,B,825.0,0%,"10,671"
hotel quận 12,Khách sạn Quận 1,Lưu trú,In-scope Hồ Chí Minh,Commercial Investigation,500,N/A,N/A,N/A,Planner (Trung bình),data/google_planner/ho-chi-minh/Keyword Stats 2026-02-23 at 09_48_18.csv,Viết bài top-list/so sánh; map vào cluster hub; bổ sung schema + ảnh/UGC,B,825.0,0%,"12,225"
ken hotel quận 10,Khách sạn Quận 1,Lưu trú,In-scope Hồ Chí Minh,Commercial Investigation,500,N/A,N/A,N/A,Planner (Trung bình),data/google_planner/ho-chi-minh/Keyword Stats 2026-02-23 at 09_48_18.csv,Viết bài top-list/so sánh; map vào cluster hub; bổ sung schema + ảnh/UGC,B,825.0,-90.0%,"13,905"
khách sạn happy quận 10,Khách sạn Quận 1,Lưu trú,In-scope Hồ Chí Minh,Commercial Investigation,500,N/A,N/A,N/A,Planner (Thấp),data/google_planner/ho-chi-minh/Keyword Stats 2026-02-23 at 09_48_18.csv,Viết bài top-list/so sánh; map vào cluster hub; bổ sung schema + ảnh/UGC,B,825.0,-90.0%,"13,504"
khách sạn hoa hướng dương quận 10,Khách sạn Quận 1,Lưu trú,In-scope Hồ Chí Minh,Commercial Investigation,500,N/A,N/A,N/A,Planner (Thấp),data/google_planner/ho-chi-minh/Keyword Stats 2026-02-23 at 09_48_18.csv,Viết bài top-list/so sánh; map vào cluster hub; bổ sung schema + ảnh/UGC,B,825.0,0%,"16,144"
khách sạn ken quận 10,Khách sạn Quận 1,Lưu trú,In-scope Hồ Chí Minh,Commercial Investigation,500,N/A,N/A,N/A,Planner (Trung bình),data/google_planner/ho-chi-minh/Keyword Stats 2026-02-23 at 09_48_18.csv,Viết bài top-list/so sánh; map vào cluster hub; bổ sung schema + ảnh/UGC,B,825.0,-90.0%,"11,539"
khách sạn lam sơn quận 11,Khách sạn Quận 1,Lưu trú,In-scope Hồ Chí Minh,Commercial Investigation,500,N/A,N/A,N/A,Planner (Trung bình),data/google_planner/ho-chi-minh/Keyword Stats 2026-02-23 at 09_48_18.csv,Viết bài top-list/so sánh; map vào cluster hub; bổ sung schema + ảnh/UGC,B,825.0,-90.0%,"19,142"
khách sạn thuỷ tiên quận 12,Khách sạn Quận 1,Lưu trú,In-scope Hồ Chí Minh,Commercial Investigation,500,N/A,N/A,N/A,Planner (Thấp),data/google_planner/ho-chi-minh/Keyword Stats 2026-02-23 at 09_48_18.csv,Viết bài top-list/so sánh; map vào cluster hub; bổ sung schema + ảnh/UGC,B,825.0,-90.0%,"12,993"
khách sạn thái an quận 10,Khách sạn Quận 1,Lưu trú,In-scope Hồ Chí Minh,Commercial Investigation,500,N/A,N/A,N/A,Planner (Trung bình),data/google_planner/ho-chi-minh/Keyword Stats 2026-02-23 at 09_48_18.csv,Viết bài top-list/so sánh; map vào cluster hub; bổ sung schema + ảnh/UGC,B,825.0,0%,"12,225"
mimosa hotel quận 10,Khách sạn Quận 1,Lưu trú,In-scope Hồ Chí Minh,Commercial Investigation,500,N/A,N/A,N/A,Planner (Trung bình),data/google_planner/ho-chi-minh/Keyword Stats 2026-02-23 at 09_48_18.csv,Viết bài top-list/so sánh; map vào cluster hub; bổ sung schema + ảnh/UGC,B,825.0,-90.0%,"16,071"
bamboo hotel quận 10,Khách sạn Quận 1,Lưu trú,In-scope Hồ Chí Minh,Commercial Investigation,50,N/A,N/A,N/A,Planner (Trung bình),data/google_planner/ho-chi-minh/Keyword Stats 2026-02-23 at 09_48_18.csv,Viết bài top-list/so sánh; map vào cluster hub; bổ sung schema + ảnh/UGC,B,97.5,900.0%,"14,543"
khách sạn quận 10 hồ chí minh,Khách sạn Quận 1,Lưu trú,In-scope Hồ Chí Minh,Commercial Investigation,50,N/A,N/A,N/A,Planner (Cao),data/google_planner/ho-chi-minh/Keyword Stats 2026-02-23 at 09_48_18.csv,Viết bài top-list/so sánh; map vào cluster hub; bổ sung schema + ảnh/UGC,B,82.50000000000001,0%,"19,178"
khách sạn đường nguyễn tri phương quận 10,Khách sạn Quận 1,Lưu trú,In-scope Hồ Chí Minh,Commercial Investigation,50,N/A,N/A,N/A,Planner (Cao),data/google_planner/ho-chi-minh/Keyword Stats 2026-02-23 at 09_48_18.csv,Viết bài top-list/so sánh; map vào cluster hub; bổ sung schema + ảnh/UGC,B,82.50000000000001,-90.0%,"12,528"
khách sạn bến thành quận 1,Khách sạn Quận 1,Lưu trú,In-scope Hồ Chí Minh,Commercial Investigation,50,N/A,N/A,N/A,Planner (Cao),data/google_planner/ho-chi-minh/Keyword Stats 2026-02-23 at 09_48_18.csv,Viết bài top-list/so sánh; map vào cluster hub; bổ sung schema + ảnh/UGC,B,82.50000000000001,-90.0%,"11,805"
khách sạn sài gòn quận 10,Khách sạn Quận 1,Lưu trú,In-scope Hồ Chí Minh,Commercial Investigation,50,N/A,N/A,N/A,Planner (Cao),data/google_planner/ho-chi-minh/Keyword Stats 2026-02-23 at 09_48_18.csv,Viết bài top-list/so sánh; map vào cluster hub; bổ sung schema + ảnh/UGC,B,82.50000000000001,0%,"13,244"
athena hotel quận 10,Khách sạn Quận 1,Lưu trú,In-scope Hồ Chí Minh,Commercial Investigation,50,N/A,N/A,N/A,Planner (Cao),data/google_planner/ho-chi-minh/Keyword Stats 2026-02-23 at 09_48_18.csv,Viết bài top-list/so sánh; map vào cluster hub; bổ sung schema + ảnh/UGC,B,82.50000000000001,0%,"26,580"
khách sạn quận 10 sài gòn,Khách sạn Quận 1,Lưu trú,In-scope Hồ Chí Minh,Commercial Investigation,50,N/A,N/A,N/A,Planner (Cao),data/google_planner/ho-chi-minh/Keyword Stats 2026-02-23 at 09_48_18.csv,Viết bài top-list/so sánh; map vào cluster hub; bổ sung schema + ảnh/UGC,B,82.50000000000001,0%,"15,301"
khách sạn quận 10 tphcm,Khách sạn Quận 1,Lưu trú,In-scope Hồ Chí Minh,Commercial Investigation,50,N/A,N/A,N/A,Planner (Cao),data/google_planner/ho-chi-minh/Keyword Stats 2026-02-23 at 09_48_18.csv,Viết bài top-list/so sánh; map vào cluster hub; bổ sung schema + ảnh/UGC,B,82.50000000000001,-90.0%,"20,234"
bonita hotel quận 10,Khách sạn Quận 1,Lưu trú,In-scope Hồ Chí Minh,Commercial Investigation,50,N/A,N/A,N/A,Planner (Trung bình),data/google_planner/ho-chi-minh/Keyword Stats 2026-02-23 at 09_48_18.csv,Viết bài top-list/so sánh; map vào cluster hub; bổ sung schema + ảnh/UGC,B,82.50000000000001,-90.0%,"7,273"
khách sạn quận 10 thành phố hồ chí minh,Khách sạn Quận 1,Lưu trú,In-scope Hồ Chí Minh,Commercial Investigation,50,N/A,N/A,N/A,Planner (Cao),data/google_planner/ho-chi-minh/Keyword Stats 2026-02-23 at 09_48_18.csv,Viết bài top-list/so sánh; map vào cluster hub; bổ sung schema + ảnh/UGC,B,82.50000000000001,0%,"24,306"
khách sạn mimosa quận 10,Khách sạn Quận 1,Lưu trú,In-scope Hồ Chí Minh,Commercial Investigation,50,N/A,N/A,N/A,Planner (Thấp),data/google_planner/ho-chi-minh/Keyword Stats 2026-02-23 at 09_48_18.csv,Viết bài top-list/so sánh; map vào cluster hub; bổ sung schema + ảnh/UGC,B,82.50000000000001,0%,"14,176"
đặt khách sạn quận 10,Khách sạn Quận 1,Lưu trú,In-scope Hồ Chí Minh,Commercial Investigation,50,N/A,N/A,N/A,Planner (Cao),data/google_planner/ho-chi-minh/Keyword Stats 2026-02-23 at 09_48_18.csv,Viết bài top-list/so sánh; map vào cluster hub; bổ sung schema + ảnh/UGC,B,82.50000000000001,0%,"79,785"
la hotel quận 10,Khách sạn Quận 1,Lưu trú,In-scope Hồ Chí Minh,Commercial Investigation,50,N/A,N/A,N/A,Planner (Trung bình),data/google_planner/ho-chi-minh/Keyword Stats 2026-02-23 at 09_48_18.csv,Viết bài top-list/so sánh; map vào cluster hub; bổ sung schema + ảnh/UGC,B,82.50000000000001,0%,"5,808"
khách sạn quận 11 hồ chí minh,Khách sạn Quận 1,Lưu trú,In-scope Hồ Chí Minh,Commercial Investigation,50,N/A,N/A,N/A,Planner (Cao),data/google_planner/ho-chi-minh/Keyword Stats 2026-02-23 at 09_48_18.csv,Viết bài top-list/so sánh; map vào cluster hub; bổ sung schema + ảnh/UGC,B,82.50000000000001,0%,"18,698"
khách sạn tại quận 10 thành phố hồ chí minh,Khách sạn Quận 1,Lưu trú,In-scope Hồ Chí Minh,Commercial Investigation,50,N/A,N/A,N/A,Planner (Cao),data/google_planner/ho-chi-minh/Keyword Stats 2026-02-23 at 09_48_18.csv,Viết bài top-list/so sánh; map vào cluster hub; bổ sung schema + ảnh/UGC,B,82.50000000000001,0%,"20,461"
adachi hotel quận 10,Khách sạn Quận 1,Lưu trú,In-scope Hồ Chí Minh,Commercial Investigation,50,N/A,N/A,N/A,Planner (Thấp),data/google_planner/ho-chi-minh/Keyword Stats 2026-02-23 at 09_48_18.csv,Viết bài top-list/so sánh; map vào cluster hub; bổ sung schema + ảnh/UGC,B,82.50000000000001,0%,"15,130"
các khách sạn ở quận 10 tphcm,Khách sạn Quận 1,Lưu trú,In-scope Hồ Chí Minh,Commercial Investigation,50,N/A,N/A,N/A,Planner (Cao),data/google_planner/ho-chi-minh/Keyword Stats 2026-02-23 at 09_48_18.csv,Viết bài top-list/so sánh; map vào cluster hub; bổ sung schema + ảnh/UGC,B,82.50000000000001,0%,"11,167"
friday hotel quận 10,Khách sạn Quận 1,Lưu trú,In-scope Hồ Chí Minh,Commercial Investigation,50,N/A,N/A,N/A,Planner (Thấp),data/google_planner/ho-chi-minh/Keyword Stats 2026-02-23 at 09_48_18.csv,Viết bài top-list/so sánh; map vào cluster hub; bổ sung schema + ảnh/UGC,B,82.50000000000001,0%,"12,222"
hotel quận 11,Khách sạn Quận 1,Lưu trú,In-scope Hồ Chí Minh,Commercial Investigation,50,N/A,N/A,N/A,Planner (Trung bình),data/google_planner/ho-chi-minh/Keyword Stats 2026-02-23 at 09_48_18.csv,Viết bài top-list/so sánh; map vào cluster hub; bổ sung schema + ảnh/UGC,B,82.50000000000001,-90.0%,"12,698"
khách sạn a25 quận 10,Khách sạn Quận 1,Lưu trú,In-scope Hồ Chí Minh,Commercial Investigation,50,N/A,N/A,N/A,Planner (Trung bình),data/google_planner/ho-chi-minh/Keyword Stats 2026-02-23 at 09_48_18.csv,Viết bài top-list/so sánh; map vào cluster hub; bổ sung schema + ảnh/UGC,B,82.50000000000001,-90.0%,"10,070"
khách sạn an an quận 10,Khách sạn Quận 1,Lưu trú,In-scope Hồ Chí Minh,Commercial Investigation,50,N/A,N/A,N/A,Planner (Cao),data/google_planner/ho-chi-minh/Keyword Stats 2026-02-23 at 09_48_18.csv,Viết bài top-list/so sánh; map vào cluster hub; bổ sung schema + ảnh/UGC,B,82.50000000000001,0%,"12,872"
khách sạn atana quận 12,Khách sạn Quận 1,Lưu trú,In-scope Hồ Chí Minh,Commercial Investigation,50,N/A,N/A,N/A,Planner (Cao),data/google_planner/ho-chi-minh/Keyword Stats 2026-02-23 at 09_48_18.csv,Viết bài top-list/so sánh; map vào cluster hub; bổ sung schema + ảnh/UGC,B,82.50000000000001,0%,"10,388"
khách sạn cao thắng quận 10,Khách sạn Quận 1,Lưu trú,In-scope Hồ Chí Minh,Commercial Investigation,50,N/A,N/A,N/A,Planner (Cao),data/google_planner/ho-chi-minh/Keyword Stats 2026-02-23 at 09_48_18.csv,Viết bài top-list/so sánh; map vào cluster hub; bổ sung schema + ảnh/UGC,B,82.50000000000001,-90.0%,"10,838"
khách sạn cmt8 quận 10,Khách sạn Quận 1,Lưu trú,In-scope Hồ Chí Minh,Commercial Investigation,50,N/A,N/A,N/A,Planner (Cao),data/google_planner/ho-chi-minh/Keyword Stats 2026-02-23 at 09_48_18.csv,Viết bài top-list/so sánh; map vào cluster hub; bổ sung schema + ảnh/UGC,B,82.50000000000001,0%,"10,360"
khách sạn dona quận 10,Khách sạn Quận 1,Lưu trú,In-scope Hồ Chí Minh,Commercial Investigation,50,N/A,N/A,N/A,Planner (Thấp),data/google_planner/ho-chi-minh/Keyword Stats 2026-02-23 at 09_48_18.csv,Viết bài top-list/so sánh; map vào cluster hub; bổ sung schema + ảnh/UGC,B,82.50000000000001,0%,"11,427"
khách sạn gia huyên quận 10,Khách sạn Quận 1,Lưu trú,In-scope Hồ Chí Minh,Transaction,50,N/A,N/A,N/A,Planner (Thấp),data/google_planner/ho-chi-minh/Keyword Stats 2026-02-23 at 09_48_18.csv,"Tạo landing chuyển đổi (giá/vé/đặt chỗ), gom vào cluster page + build backlink nội bộ",B,82.50000000000001,0%,"14,633"
khách sạn giá rẻ ở quận 12,Khách sạn Quận 1,Lưu trú,In-scope Hồ Chí Minh,Transaction,50,N/A,N/A,N/A,Planner (Cao),data/google_planner/ho-chi-minh/Keyword Stats 2026-02-23 at 09_48_18.csv,"Tạo landing chuyển đổi (giá/vé/đặt chỗ), gom vào cluster page + build backlink nội bộ",B,82.50000000000001,0%,"17,659"
khách sạn happy hotel quận 10,Khách sạn Quận 1,Lưu trú,In-scope Hồ Chí Minh,Commercial Investigation,50,N/A,N/A,N/A,Planner (Trung bình),data/google_planner/ho-chi-minh/Keyword Stats 2026-02-23 at 09_48_18.csv,Viết bài top-list/so sánh; map vào cluster hub; bổ sung schema + ảnh/UGC,B,82.50000000000001,0%,"20,886"
khách sạn hoàng long quận 10,Khách sạn Quận 1,Lưu trú,In-scope Hồ Chí Minh,Commercial Investigation,50,N/A,N/A,N/A,Planner (Cao),data/google_planner/ho-chi-minh/Keyword Stats 2026-02-23 at 09_48_18.csv,Viết bài top-list/so sánh; map vào cluster hub; bổ sung schema + ảnh/UGC,B,82.50000000000001,0%,"12,369"
khách sạn hà anh quận 10,Khách sạn Quận 1,Lưu trú,In-scope Hồ Chí Minh,Commercial Investigation,50,N/A,N/A,N/A,Planner (Thấp),data/google_planner/ho-chi-minh/Keyword Stats 2026-02-23 at 09_48_18.csv,Viết bài top-list/so sánh; map vào cluster hub; bổ sung schema + ảnh/UGC,B,82.50000000000001,0%,"6,310"
khách sạn khai hoan quận 11,Khách sạn Quận 1,Lưu trú,In-scope Hồ Chí Minh,Commercial Investigation,50,N/A,N/A,N/A,Planner (Trung bình),data/google_planner/ho-chi-minh/Keyword Stats 2026-02-23 at 09_48_18.csv,Viết bài top-list/so sánh; map vào cluster hub; bổ sung schema + ảnh/UGC,B,82.50000000000001,0%,"7,012"
khách sạn khu bắc hải quận 10,Khách sạn Quận 1,Lưu trú,In-scope Hồ Chí Minh,Commercial Investigation,50,N/A,N/A,N/A,Planner (Cao),data/google_planner/ho-chi-minh/Keyword Stats 2026-02-23 at 09_48_18.csv,Viết bài top-list/so sánh; map vào cluster hub; bổ sung schema + ảnh/UGC,B,82.50000000000001,0%,"8,676"
khách sạn kỳ hòa quận 10 tp hcm,Khách sạn Quận 1,Lưu trú,In-scope Hồ Chí Minh,Commercial Investigation,50,N/A,N/A,N/A,Planner (Cao),data/google_planner/ho-chi-minh/Keyword Stats 2026-02-23 at 09_48_18.csv,Viết bài top-list/so sánh; map vào cluster hub; bổ sung schema + ảnh/UGC,B,82.50000000000001,0%,"14,862"
khách sạn lan rừng quận 10,Khách sạn Quận 1,Lưu trú,In-scope Hồ Chí Minh,Commercial Investigation,50,N/A,N/A,N/A,Planner (Thấp),data/google_planner/ho-chi-minh/Keyword Stats 2026-02-23 at 09_48_18.csv,Viết bài top-list/so sánh; map vào cluster hub; bổ sung schema + ảnh/UGC,B,82.50000000000001,0%,"10,862"
khách sạn lê đại hành quận 11,Khách sạn Quận 1,Lưu trú,In-scope Hồ Chí Minh,Commercial Investigation,50,N/A,N/A,N/A,Planner (Cao),data/google_planner/ho-chi-minh/Keyword Stats 2026-02-23 at 09_48_18.csv,Viết bài top-list/so sánh; map vào cluster hub; bổ sung schema + ảnh/UGC,B,82.50000000000001,-90.0%,"16,075"
khách sạn lý thái tổ quận 10,Khách sạn Quận 1,Lưu trú,In-scope Hồ Chí Minh,Commercial Investigation,50,N/A,N/A,N/A,Planner (Cao),data/google_planner/ho-chi-minh/Keyword Stats 2026-02-23 at 09_48_18.csv,Viết bài top-list/so sánh; map vào cluster hub; bổ sung schema + ảnh/UGC,B,82.50000000000001,0%,"7,740"
khách sạn lý thường kiệt quận 10,Khách sạn Quận 1,Lưu trú,In-scope Hồ Chí Minh,Commercial Investigation,50,N/A,N/A,N/A,Planner (Cao),data/google_planner/ho-chi-minh/Keyword Stats 2026-02-23 at 09_48_18.csv,Viết bài top-list/so sánh; map vào cluster hub; bổ sung schema + ảnh/UGC,B,82.50000000000001,0%,"11,686"
khách sạn mỹ hảo quận 10,Khách sạn Quận 1,Lưu trú,In-scope Hồ Chí Minh,Commercial Investigation,50,N/A,N/A,N/A,Planner (Trung bình),data/google_planner/ho-chi-minh/Keyword Stats 2026-02-23 at 09_48_18.csv,Viết bài top-list/so sánh; map vào cluster hub; bổ sung schema + ảnh/UGC,B,82.50000000000001,0%,"7,012"
khách sạn nguyễn tri phương quận 10,Khách sạn Quận 1,Lưu trú,In-scope Hồ Chí Minh,Commercial Investigation,50,N/A,N/A,N/A,Planner (Cao),data/google_planner/ho-chi-minh/Keyword Stats 2026-02-23 at 09_48_18.csv,Viết bài top-list/so sánh; map vào cluster hub; bổ sung schema + ảnh/UGC,B,82.50000000000001,0%,"20,142"
khách sạn nguyễn ảnh thủ quận 12,Khách sạn Quận 1,Lưu trú,In-scope Hồ Chí Minh,Commercial Investigation,50,N/A,N/A,N/A,Planner (Cao),data/google_planner/ho-chi-minh/Keyword Stats 2026-02-23 at 09_48_18.csv,Viết bài top-list/so sánh; map vào cluster hub; bổ sung schema + ảnh/UGC,B,82.50000000000001,-90.0%,"9,431"
khách sạn ngọc yến quận 10,Khách sạn Quận 1,Lưu trú,In-scope Hồ Chí Minh,Commercial Investigation,50,N/A,N/A,N/A,Planner (Thấp),data/google_planner/ho-chi-minh/Keyword Stats 2026-02-23 at 09_48_18.csv,Viết bài top-list/so sánh; map vào cluster hub; bổ sung schema + ảnh/UGC,B,82.50000000000001,-90.0%,"7,323"
khách sạn nhân đức quận 12,Khách sạn Quận 1,Lưu trú,In-scope Hồ Chí Minh,Commercial Investigation,50,N/A,N/A,N/A,Planner (Trung bình),data/google_planner/ho-chi-minh/Keyword Stats 2026-02-23 at 09_48_18.csv,Viết bài top-list/so sánh; map vào cluster hub; bổ sung schema + ảnh/UGC,B,82.50000000000001,0%,"10,719"
khách sạn phương nam quận 12,Khách sạn Quận 1,Lưu trú,In-scope Hồ Chí Minh,Commercial Investigation,50,N/A,N/A,N/A,Planner (Trung bình),data/google_planner/ho-chi-minh/Keyword Stats 2026-02-23 at 09_48_18.csv,Viết bài top-list/so sánh; map vào cluster hub; bổ sung schema + ảnh/UGC,B,82.50000000000001,0%,"13,909"
khách sạn quận 12 thành phố hồ chí minh,Khách sạn Quận 1,Lưu trú,In-scope Hồ Chí Minh,Commercial Investigation,50,N/A,N/A,N/A,Planner (Cao),data/google_planner/ho-chi-minh/Keyword Stats 2026-02-23 at 09_48_18.csv,Viết bài top-list/so sánh; map vào cluster hub; bổ sung schema + ảnh/UGC,B,82.50000000000001,0%,"23,903"
khách sạn thanh vinh quận 10,Khách sạn Quận 1,Lưu trú,In-scope Hồ Chí Minh,Commercial Investigation,50,N/A,N/A,N/A,Planner (Trung bình),data/google_planner/ho-chi-minh/Keyword Stats 2026-02-23 at 09_48_18.csv,Viết bài top-list/so sánh; map vào cluster hub; bổ sung schema + ảnh/UGC,B,82.50000000000001,0%,"10,875"
khách sạn thành thái quận 10,Khách sạn Quận 1,Lưu trú,In-scope Hồ Chí Minh,Commercial Investigation,50,N/A,N/A,N/A,Planner (Cao),data/google_planner/ho-chi-minh/Keyword Stats 2026-02-23 at 09_48_18.csv,Viết bài top-list/so sánh; map vào cluster hub; bổ sung schema + ảnh/UGC,B,82.50000000000001,0%,"13,394"
khách sạn tphcm quận 10,Khách sạn Quận 1,Lưu trú,In-scope Hồ Chí Minh,Commercial Investigation,50,N/A,N/A,N/A,Planner (Cao),data/google_planner/ho-chi-minh/Keyword Stats 2026-02-23 at 09_48_18.csv,Viết bài top-list/so sánh; map vào cluster hub; bổ sung schema + ảnh/UGC,B,82.50000000000001,0%,"19,447"
khách sạn tuong vy corner quận 10,Khách sạn Quận 1,Lưu trú,In-scope Hồ Chí Minh,Commercial Investigation,50,N/A,N/A,N/A,Planner (Cao),data/google_planner/ho-chi-minh/Keyword Stats 2026-02-23 at 09_48_18.csv,Viết bài top-list/so sánh; map vào cluster hub; bổ sung schema + ảnh/UGC,B,82.50000000000001,0%,"7,449"
khách sạn tại quận 10,Khách sạn Quận 1,Lưu trú,In-scope Hồ Chí Minh,Commercial Investigation,50,N/A,N/A,N/A,Planner (Cao),data/google_planner/ho-chi-minh/Keyword Stats 2026-02-23 at 09_48_18.csv,Viết bài top-list/so sánh; map vào cluster hub; bổ sung schema + ảnh/UGC,B,82.50000000000001,0%,"18,094"
khách sạn tại quận 11 thành phố hồ chí minh,Khách sạn Quận 1,Lưu trú,In-scope Hồ Chí Minh,Commercial Investigation,50,N/A,N/A,N/A,Planner (Cao),data/google_planner/ho-chi-minh/Keyword Stats 2026-02-23 at 09_48_18.csv,Viết bài top-list/so sánh; map vào cluster hub; bổ sung schema + ảnh/UGC,B,82.50000000000001,0%,"34,246"
khách sạn ánh dương quận 10,Khách sạn Quận 1,Lưu trú,In-scope Hồ Chí Minh,Commercial Investigation,50,N/A,N/A,N/A,Planner (Thấp),data/google_planner/ho-chi-minh/Keyword Stats 2026-02-23 at 09_48_18.csv,Viết bài top-list/so sánh; map vào cluster hub; bổ sung schema + ảnh/UGC,B,82.50000000000001,0%,"12,994"
khách sạn đường hòa hảo quận 10,Khách sạn Quận 1,Lưu trú,In-scope Hồ Chí Minh,Commercial Investigation,50,N/A,N/A,N/A,Planner (Cao),data/google_planner/ho-chi-minh/Keyword Stats 2026-02-23 at 09_48_18.csv,Viết bài top-list/so sánh; map vào cluster hub; bổ sung schema + ảnh/UGC,B,82.50000000000001,0%,"9,347"
khách sạn đường lê văn khương quận 12,Khách sạn Quận 1,Lưu trú,In-scope Hồ Chí Minh,Commercial Investigation,50,N/A,N/A,N/A,Planner (Cao),data/google_planner/ho-chi-minh/Keyword Stats 2026-02-23 at 09_48_18.csv,Viết bài top-list/so sánh; map vào cluster hub; bổ sung schema + ảnh/UGC,B,82.50000000000001,0%,"8,258"
khách sạn đường lê đại hành quận 11,Khách sạn Quận 1,Lưu trú,In-scope Hồ Chí Minh,Commercial Investigation,50,N/A,N/A,N/A,Planner (Cao),data/google_planner/ho-chi-minh/Keyword Stats 2026-02-23 at 09_48_18.csv,Viết bài top-list/so sánh; map vào cluster hub; bổ sung schema + ảnh/UGC,B,82.50000000000001,0%,"10,050"
khách sạn đường lý thường kiệt quận 10,Khách sạn Quận 1,Lưu trú,In-scope Hồ Chí Minh,Commercial Investigation,50,N/A,N/A,N/A,Planner (Trung bình),data/google_planner/ho-chi-minh/Keyword Stats 2026-02-23 at 09_48_18.csv,Viết bài top-list/so sánh; map vào cluster hub; bổ sung schema + ảnh/UGC,B,82.50000000000001,0%,"8,570"
khách sạn đường lữ gia quận 11,Khách sạn Quận 1,Lưu trú,In-scope Hồ Chí Minh,Transaction,50,N/A,N/A,N/A,Planner (Cao),data/google_planner/ho-chi-minh/Keyword Stats 2026-02-23 at 09_48_18.csv,"Tạo landing chuyển đổi (giá/vé/đặt chỗ), gom vào cluster page + build backlink nội bộ",B,82.50000000000001,-90.0%,"6,571"
khách sạn đường nguyễn văn quá quận 12,Khách sạn Quận 1,Lưu trú,In-scope Hồ Chí Minh,Commercial Investigation,50,N/A,N/A,N/A,Planner (Cao),data/google_planner/ho-chi-minh/Keyword Stats 2026-02-23 at 09_48_18.csv,Viết bài top-list/so sánh; map vào cluster hub; bổ sung schema + ảnh/UGC,B,82.50000000000001,-90.0%,"22,377"
khách sạn đường song hành quận 12,Khách sạn Quận 1,Lưu trú,In-scope Hồ Chí Minh,Commercial Investigation,50,N/A,N/A,N/A,Planner (Trung bình),data/google_planner/ho-chi-minh/Keyword Stats 2026-02-23 at 09_48_18.csv,Viết bài top-list/so sánh; map vào cluster hub; bổ sung schema + ảnh/UGC,B,82.50000000000001,0%,"10,873"
khách sạn đường trường sơn quận 10,Khách sạn Quận 1,Lưu trú,In-scope Hồ Chí Minh,Commercial Investigation,50,N/A,N/A,N/A,Planner (Cao),data/google_planner/ho-chi-minh/Keyword Stats 2026-02-23 at 09_48_18.csv,Viết bài top-list/so sánh; map vào cluster hub; bổ sung schema + ảnh/UGC,B,82.50000000000001,0%,"10,985"
khách sạn đường ông ích khiêm quận 11,Khách sạn Quận 1,Lưu trú,In-scope Hồ Chí Minh,Commercial Investigation,50,N/A,N/A,N/A,Planner (Trung bình),data/google_planner/ho-chi-minh/Keyword Stats 2026-02-23 at 09_48_18.csv,Viết bài top-list/so sánh; map vào cluster hub; bổ sung schema + ảnh/UGC,B,82.50000000000001,0%,"7,260"
khách sạn ở quận 10 su van hanh,Khách sạn Quận 1,Lưu trú,In-scope Hồ Chí Minh,Commercial Investigation,50,N/A,N/A,N/A,Planner (Cao),data/google_planner/ho-chi-minh/Keyword Stats 2026-02-23 at 09_48_18.csv,Viết bài top-list/so sánh; map vào cluster hub; bổ sung schema + ảnh/UGC,B,82.50000000000001,0%,"9,393"
khách sạn ở quận 10 tphcm,Khách sạn Quận 1,Lưu trú,In-scope Hồ Chí Minh,Commercial Investigation,50,N/A,N/A,N/A,Planner (Cao),data/google_planner/ho-chi-minh/Keyword Stats 2026-02-23 at 09_48_18.csv,Viết bài top-list/so sánh; map vào cluster hub; bổ sung schema + ảnh/UGC,B,82.50000000000001,0%,"16,130"
khách sạn ở sư vạn hạnh quận 10,Khách sạn Quận 1,Lưu trú,In-scope Hồ Chí Minh,Commercial Investigation,50,N/A,N/A,N/A,Planner (Cao),data/google_planner/ho-chi-minh/Keyword Stats 2026-02-23 at 09_48_18.csv,Viết bài top-list/so sánh; map vào cluster hub; bổ sung schema + ảnh/UGC,B,82.50000000000001,0%,"18,179"
khách sạn ở đường sư vạn hạnh quận 10,Khách sạn Quận 1,Lưu trú,In-scope Hồ Chí Minh,Commercial Investigation,50,N/A,N/A,N/A,Planner (Cao),data/google_planner/ho-chi-minh/Keyword Stats 2026-02-23 at 09_48_18.csv,Viết bài top-list/so sánh; map vào cluster hub; bổ sung schema + ảnh/UGC,B,82.50000000000001,0%,"7,141"
quận 10 khách sạn,Khách sạn Quận 1,Lưu trú,In-scope Hồ Chí Minh,Commercial Investigation,50,N/A,N/A,N/A,Planner (Trung bình),data/google_planner/ho-chi-minh/Keyword Stats 2026-02-23 at 09_48_18.csv,Viết bài top-list/so sánh; map vào cluster hub; bổ sung schema + ảnh/UGC,B,82.50000000000001,0%,"8,438"
sơn mi hotel quận 10,Khách sạn Quận 1,Lưu trú,In-scope Hồ Chí Minh,Commercial Investigation,50,N/A,N/A,N/A,Planner (Trung bình),data/google_planner/ho-chi-minh/Keyword Stats 2026-02-23 at 09_48_18.csv,Viết bài top-list/so sánh; map vào cluster hub; bổ sung schema + ảnh/UGC,B,82.50000000000001,0%,"6,301"
đặt phòng khách sạn quận 10,Khách sạn Quận 1,Lưu trú,In-scope Hồ Chí Minh,Commercial Investigation,50,N/A,N/A,N/A,Planner (Cao),data/google_planner/ho-chi-minh/Keyword Stats 2026-02-23 at 09_48_18.csv,Viết bài top-list/so sánh; map vào cluster hub; bổ sung schema + ảnh/UGC,B,82.50000000000001,0%,"47,398"
khách sạn quận 10 su van hanh,Khách sạn Quận 1,Lưu trú,In-scope Hồ Chí Minh,Commercial Investigation,50,N/A,N/A,N/A,Planner (Cao),data/google_planner/ho-chi-minh/Keyword Stats 2026-02-23 at 09_48_18.csv,Viết bài top-list/so sánh; map vào cluster hub; bổ sung schema + ảnh/UGC,B,75.0,0%,0
ap hotel quận 10,Khách sạn Quận 1,Lưu trú,In-scope Hồ Chí Minh,Commercial Investigation,50,N/A,N/A,N/A,Planner (Thấp),data/google_planner/ho-chi-minh/Keyword Stats 2026-02-23 at 09_48_18.csv,Viết bài top-list/so sánh; map vào cluster hub; bổ sung schema + ảnh/UGC,B,75.0,0%,0
atana hotel quận 12,Khách sạn Quận 1,Lưu trú,In-scope Hồ Chí Minh,Commercial Investigation,50,N/A,N/A,N/A,Planner (Cao),data/google_planner/ho-chi-minh/Keyword Stats 2026-02-23 at 09_48_18.csv,Viết bài top-list/so sánh; map vào cluster hub; bổ sung schema + ảnh/UGC,B,75.0,0%,0
danh sách khách sạn quận 10,Khách sạn Quận 1,Lưu trú,In-scope Hồ Chí Minh,Commercial Investigation,50,N/A,N/A,N/A,Planner (Cao),data/google_planner/ho-chi-minh/Keyword Stats 2026-02-23 at 09_48_18.csv,Viết bài top-list/so sánh; map vào cluster hub; bổ sung schema + ảnh/UGC,B,75.0,0%,0
khách sạn anh trâm quận 10 tphcm,Khách sạn Quận 1,Lưu trú,In-scope Hồ Chí Minh,Commercial Investigation,50,N/A,N/A,N/A,Planner (Không xác định),data/google_planner/ho-chi-minh/Keyword Stats 2026-02-23 at 09_48_18.csv,Viết bài top-list/so sánh; map vào cluster hub; bổ sung schema + ảnh/UGC,B,75.0,-100.0%,0
khách sạn bien xanh quận 10,Khách sạn Quận 1,Lưu trú,In-scope Hồ Chí Minh,Commercial Investigation,50,N/A,N/A,N/A,Planner (Không xác định),data/google_planner/ho-chi-minh/Keyword Stats 2026-02-23 at 09_48_18.csv,Viết bài top-list/so sánh; map vào cluster hub; bổ sung schema + ảnh/UGC,B,75.0,-100.0%,0
khách sạn chi lan vy quận 10,Khách sạn Quận 1,Lưu trú,In-scope Hồ Chí Minh,Commercial Investigation,50,N/A,N/A,N/A,Planner (Thấp),data/google_planner/ho-chi-minh/Keyword Stats 2026-02-23 at 09_48_18.csv,Viết bài top-list/so sánh; map vào cluster hub; bổ sung schema + ảnh/UGC,B,75.0,0%,0
khách sạn giá rẻ quận 10 hồ chí minh,Khách sạn Quận 1,Lưu trú,In-scope Hồ Chí Minh,Transaction,50,N/A,N/A,N/A,Planner (Không xác định),data/google_planner/ho-chi-minh/Keyword Stats 2026-02-23 at 09_48_18.csv,"Tạo landing chuyển đổi (giá/vé/đặt chỗ), gom vào cluster page + build backlink nội bộ",B,75.0,0%,0
khách sạn happy lý thái tổ quận 10,Khách sạn Quận 1,Lưu trú,In-scope Hồ Chí Minh,Commercial Investigation,50,N/A,N/A,N/A,Planner (Trung bình),data/google_planner/ho-chi-minh/Keyword Stats 2026-02-23 at 09_48_18.csv,Viết bài top-list/so sánh; map vào cluster hub; bổ sung schema + ảnh/UGC,B,75.0,0%,0
khách sạn hoa kiều quận 11,Khách sạn Quận 1,Lưu trú,In-scope Hồ Chí Minh,Commercial Investigation,50,N/A,N/A,N/A,Planner (Trung bình),data/google_planner/ho-chi-minh/Keyword Stats 2026-02-23 at 09_48_18.csv,Viết bài top-list/so sánh; map vào cluster hub; bổ sung schema + ảnh/UGC,B,75.0,0%,0
khách sạn hoàng anh quận 10,Khách sạn Quận 1,Lưu trú,In-scope Hồ Chí Minh,Commercial Investigation,50,N/A,N/A,N/A,Planner (Thấp),data/google_planner/ho-chi-minh/Keyword Stats 2026-02-23 at 09_48_18.csv,Viết bài top-list/so sánh; map vào cluster hub; bổ sung schema + ảnh/UGC,B,75.0,0%,0
khách sạn khải hoàn quận 10,Khách sạn Quận 1,Lưu trú,In-scope Hồ Chí Minh,Commercial Investigation,50,N/A,N/A,N/A,Planner (Thấp),data/google_planner/ho-chi-minh/Keyword Stats 2026-02-23 at 09_48_18.csv,Viết bài top-list/so sánh; map vào cluster hub; bổ sung schema + ảnh/UGC,B,75.0,0%,0
khách sạn kim sơn quận 10,Khách sạn Quận 1,Lưu trú,In-scope Hồ Chí Minh,Commercial Investigation,50,N/A,N/A,N/A,Planner (Thấp),data/google_planner/ho-chi-minh/Keyword Stats 2026-02-23 at 09_48_18.csv,Viết bài top-list/so sánh; map vào cluster hub; bổ sung schema + ảnh/UGC,B,75.0,0%,0
khách sạn kim tuyến quận 12,Khách sạn Quận 1,Lưu trú,In-scope Hồ Chí Minh,Commercial Investigation,50,N/A,N/A,N/A,Planner (Thấp),data/google_planner/ho-chi-minh/Keyword Stats 2026-02-23 at 09_48_18.csv,Viết bài top-list/so sánh; map vào cluster hub; bổ sung schema + ảnh/UGC,B,75.0,0%,0
khách sạn kỳ hòa quận 10 hồ chí minh,Khách sạn Quận 1,Lưu trú,In-scope Hồ Chí Minh,Commercial Investigation,50,N/A,N/A,N/A,Planner (Không xác định),data/google_planner/ho-chi-minh/Keyword Stats 2026-02-23 at 09_48_18.csv,Viết bài top-list/so sánh; map vào cluster hub; bổ sung schema + ảnh/UGC,B,75.0,0%,0
khách sạn mai phương thảo quận 12,Khách sạn Quận 1,Lưu trú,In-scope Hồ Chí Minh,Commercial Investigation,50,N/A,N/A,N/A,Planner (Không xác định),data/google_planner/ho-chi-minh/Keyword Stats 2026-02-23 at 09_48_18.csv,Viết bài top-list/so sánh; map vào cluster hub; bổ sung schema + ảnh/UGC,B,75.0,0%,0
khách sạn mai sơn tài quận 10,Khách sạn Quận 1,Lưu trú,In-scope Hồ Chí Minh,Commercial Investigation,50,N/A,N/A,N/A,Planner (Thấp),data/google_planner/ho-chi-minh/Keyword Stats 2026-02-23 at 09_48_18.csv,Viết bài top-list/so sánh; map vào cluster hub; bổ sung schema + ảnh/UGC,B,75.0,0%,0
khách sạn mai tuấn huy quận 10,Khách sạn Quận 1,Lưu trú,In-scope Hồ Chí Minh,Commercial Investigation,50,N/A,N/A,N/A,Planner (Thấp),data/google_planner/ho-chi-minh/Keyword Stats 2026-02-23 at 09_48_18.csv,Viết bài top-list/so sánh; map vào cluster hub; bổ sung schema + ảnh/UGC,B,75.0,0%,0
khách sạn mekong quận 12,Khách sạn Quận 1,Lưu trú,In-scope Hồ Chí Minh,Commercial Investigation,50,N/A,N/A,N/A,Planner (Không xác định),data/google_planner/ho-chi-minh/Keyword Stats 2026-02-23 at 09_48_18.csv,Viết bài top-list/so sánh; map vào cluster hub; bổ sung schema + ảnh/UGC,B,75.0,-100.0%,0
khách sạn ngọc chi quận 10,Khách sạn Quận 1,Lưu trú,In-scope Hồ Chí Minh,Commercial Investigation,50,N/A,N/A,N/A,Planner (Thấp),data/google_planner/ho-chi-minh/Keyword Stats 2026-02-23 at 09_48_18.csv,Viết bài top-list/so sánh; map vào cluster hub; bổ sung schema + ảnh/UGC,B,75.0,0%,0
khách sạn ngọc hân quận 10,Khách sạn Quận 1,Lưu trú,In-scope Hồ Chí Minh,Commercial Investigation,50,N/A,N/A,N/A,Planner (Không xác định),data/google_planner/ho-chi-minh/Keyword Stats 2026-02-23 at 09_48_18.csv,Viết bài top-list/so sánh; map vào cluster hub; bổ sung schema + ảnh/UGC,B,75.0,-100.0%,0
khách sạn ngọc lan quận 11 hồ chí minh,Khách sạn Quận 1,Lưu trú,In-scope Hồ Chí Minh,Commercial Investigation,50,N/A,N/A,N/A,Planner (Thấp),data/google_planner/ho-chi-minh/Keyword Stats 2026-02-23 at 09_48_18.csv,Viết bài top-list/so sánh; map vào cluster hub; bổ sung schema + ảnh/UGC,B,75.0,0%,0
khách sạn ngọc linh quận 10,Khách sạn Quận 1,Lưu trú,In-scope Hồ Chí Minh,Commercial Investigation,50,N/A,N/A,N/A,Planner (Thấp),data/google_planner/ho-chi-minh/Keyword Stats 2026-02-23 at 09_48_18.csv,Viết bài top-list/so sánh; map vào cluster hub; bổ sung schema + ảnh/UGC,B,75.0,-90.0%,0
khách sạn phương trang quận 12,Khách sạn Quận 1,Lưu trú,In-scope Hồ Chí Minh,Commercial Investigation,50,N/A,N/A,N/A,Planner (Thấp),data/google_planner/ho-chi-minh/Keyword Stats 2026-02-23 at 09_48_18.csv,Viết bài top-list/so sánh; map vào cluster hub; bổ sung schema + ảnh/UGC,B,75.0,0%,0
khách sạn phước vinh quận 10,Khách sạn Quận 1,Lưu trú,In-scope Hồ Chí Minh,Commercial Investigation,50,N/A,N/A,N/A,Planner (Không xác định),data/google_planner/ho-chi-minh/Keyword Stats 2026-02-23 at 09_48_18.csv,Viết bài top-list/so sánh; map vào cluster hub; bổ sung schema + ảnh/UGC,B,75.0,0%,0
khách sạn quận 10 sạch sẽ,Khách sạn Quận 1,Lưu trú,In-scope Hồ Chí Minh,Commercial Investigation,50,N/A,N/A,N/A,Planner (Cao),data/google_planner/ho-chi-minh/Keyword Stats 2026-02-23 at 09_48_18.csv,Viết bài top-list/so sánh; map vào cluster hub; bổ sung schema + ảnh/UGC,B,75.0,0%,0
khách sạn quận 10 đường sư vạn hạnh,Khách sạn Quận 1,Lưu trú,In-scope Hồ Chí Minh,Commercial Investigation,50,N/A,N/A,N/A,Planner (Cao),data/google_planner/ho-chi-minh/Keyword Stats 2026-02-23 at 09_48_18.csv,Viết bài top-list/so sánh; map vào cluster hub; bổ sung schema + ảnh/UGC,B,75.0,0%,0
khách sạn quỳnh hoa quận 12,Khách sạn Quận 1,Lưu trú,In-scope Hồ Chí Minh,Commercial Investigation,50,N/A,N/A,N/A,Planner (Trung bình),data/google_planner/ho-chi-minh/Keyword Stats 2026-02-23 at 09_48_18.csv,Viết bài top-list/so sánh; map vào cluster hub; bổ sung schema + ảnh/UGC,B,75.0,0%,0
khách sạn robinson quận 12,Khách sạn Quận 1,Lưu trú,In-scope Hồ Chí Minh,Commercial Investigation,50,N/A,N/A,N/A,Planner (Thấp),data/google_planner/ho-chi-minh/Keyword Stats 2026-02-23 at 09_48_18.csv,Viết bài top-list/so sánh; map vào cluster hub; bổ sung schema + ảnh/UGC,B,75.0,0%,0
khách sạn sao mai quận 10,Khách sạn Quận 1,Lưu trú,In-scope Hồ Chí Minh,Commercial Investigation,50,N/A,N/A,N/A,Planner (Không xác định),data/google_planner/ho-chi-minh/Keyword Stats 2026-02-23 at 09_48_18.csv,Viết bài top-list/so sánh; map vào cluster hub; bổ sung schema + ảnh/UGC,B,75.0,-100.0%,0
khách sạn sao mai quận 12,Khách sạn Quận 1,Lưu trú,In-scope Hồ Chí Minh,Commercial Investigation,50,N/A,N/A,N/A,Planner (Thấp),data/google_planner/ho-chi-minh/Keyword Stats 2026-02-23 at 09_48_18.csv,Viết bài top-list/so sánh; map vào cluster hub; bổ sung schema + ảnh/UGC,B,75.0,0%,0
khách sạn sunflower quận 10,Khách sạn Quận 1,Lưu trú,In-scope Hồ Chí Minh,Commercial Investigation,50,N/A,N/A,N/A,Planner (Cao),data/google_planner/ho-chi-minh/Keyword Stats 2026-02-23 at 09_48_18.csv,Viết bài top-list/so sánh; map vào cluster hub; bổ sung schema + ảnh/UGC,B,75.0,0%,0
khách sạn trên đường lý thường kiệt quận 10,Khách sạn Quận 1,Lưu trú,In-scope Hồ Chí Minh,Commercial Investigation,50,N/A,N/A,N/A,Planner (Cao),data/google_planner/ho-chi-minh/Keyword Stats 2026-02-23 at 09_48_18.csv,Viết bài top-list/so sánh; map vào cluster hub; bổ sung schema + ảnh/UGC,B,75.0,0%,0
khách sạn trúc an quận 10,Khách sạn Quận 1,Lưu trú,In-scope Hồ Chí Minh,Commercial Investigation,50,N/A,N/A,N/A,Planner (Không xác định),data/google_planner/ho-chi-minh/Keyword Stats 2026-02-23 at 09_48_18.csv,Viết bài top-list/so sánh; map vào cluster hub; bổ sung schema + ảnh/UGC,B,75.0,0%,0
khách sạn tường vy quận 12,Khách sạn Quận 1,Lưu trú,In-scope Hồ Chí Minh,Commercial Investigation,50,N/A,N/A,N/A,Planner (Thấp),data/google_planner/ho-chi-minh/Keyword Stats 2026-02-23 at 09_48_18.csv,Viết bài top-list/so sánh; map vào cluster hub; bổ sung schema + ảnh/UGC,B,75.0,0%,0
khách sạn yến nhi quận 10 hồ chí minh,Khách sạn Quận 1,Lưu trú,In-scope Hồ Chí Minh,Commercial Investigation,50,N/A,N/A,N/A,Planner (Trung bình),data/google_planner/ho-chi-minh/Keyword Stats 2026-02-23 at 09_48_18.csv,Viết bài top-list/so sánh; map vào cluster hub; bổ sung schema + ảnh/UGC,B,75.0,0%,0
khách sạn đông hà quận 10,Khách sạn Quận 1,Lưu trú,In-scope Hồ Chí Minh,Commercial Investigation,50,N/A,N/A,N/A,Planner (Thấp),data/google_planner/ho-chi-minh/Keyword Stats 2026-02-23 at 09_48_18.csv,Viết bài top-list/so sánh; map vào cluster hub; bổ sung schema + ảnh/UGC,B,75.0,0%,0
khách sạn đại phát quận 12,Khách sạn Quận 1,Lưu trú,In-scope Hồ Chí Minh,Commercial Investigation,50,N/A,N/A,N/A,Planner (Trung bình),data/google_planner/ho-chi-minh/Keyword Stats 2026-02-23 at 09_48_18.csv,Viết bài top-list/so sánh; map vào cluster hub; bổ sung schema + ảnh/UGC,B,75.0,0%,0
khách sạn ở quận 11 tphcm,Khách sạn Quận 1,Lưu trú,In-scope Hồ Chí Minh,Commercial Investigation,50,N/A,N/A,N/A,Planner (Cao),data/google_planner/ho-chi-minh/Keyword Stats 2026-02-23 at 09_48_18.csv,Viết bài top-list/so sánh; map vào cluster hub; bổ sung schema + ảnh/UGC,B,75.0,0%,0
mymy hotel quận 10,Khách sạn Quận 1,Lưu trú,In-scope Hồ Chí Minh,Commercial Investigation,50,N/A,N/A,N/A,Planner (Cao),data/google_planner/ho-chi-minh/Keyword Stats 2026-02-23 at 09_48_18.csv,Viết bài top-list/so sánh; map vào cluster hub; bổ sung schema + ảnh/UGC,B,75.0,0%,0
resort quận 12 tphcm,Khách sạn Quận 1,Lưu trú,In-scope Hồ Chí Minh,Commercial Investigation,50,N/A,N/A,N/A,Planner (Không xác định),data/google_planner/ho-chi-minh/Keyword Stats 2026-02-23 at 09_48_18.csv,Viết bài top-list/so sánh; map vào cluster hub; bổ sung schema + ảnh/UGC,B,75.0,0%,0
du lịch phú quốc từ hồ chí minh,Phú Quốc Trip,Tổng hợp,Out-of-scope Phú Quốc,Informational,50,N/A,N/A,N/A,Planner (Cao),data/google_planner/ho-chi-minh/Keyword Stats 2026-02-23 at 09_48_18.csv,Viết guide/review; ưu tiên long-tail; tạo topic hub và internal link về trang dịch vụ,B,50.0,0%,0
tour đi phú quốc từ hồ chí minh,Phú Quốc Trip,Di chuyển,Out-of-scope Phú Quốc,Commercial Investigation,50,N/A,N/A,N/A,Planner (Cao),data/google_planner/ho-chi-minh/Keyword Stats 2026-02-23 at 09_48_18.csv,Viết bài top-list/so sánh; map vào cluster hub; bổ sung schema + ảnh/UGC,B,50.0,0%,0
khách sạn phú thọ thành phố hồ chí minh,Phú Thọ Trip,Lưu trú,Out-of-scope Phú Thọ,Commercial Investigation,50,N/A,N/A,N/A,Planner (Trung bình),data/google_planner/ho-chi-minh/Keyword Stats 2026-02-23 at 09_48_18.csv,Viết bài top-list/so sánh; map vào cluster hub; bổ sung schema + ảnh/UGC,B,75.0,0%,0
khách sạn quận 1 giá rẻ,Quận 1 Trip,Lưu trú,Out-of-scope Quận 1,Transaction,N/A,7000,137,1.96%,N/A (N/A),data/google_search_console/Queries.csv,"Tối ưu landing (CTA/giá/FAQ), cải thiện snippet để tăng CTR; internal link từ hub 'Hồ Chí Minh'",A,137.0,N/A,N/A
khách sạn quận 1,Quận 1 Trip,Lưu trú,Out-of-scope Quận 1,Commercial Investigation,12100,19575,81,0.41%,Low (0),data/google_search_console/Queries.csv,"Refresh bài top-list, thêm bảng so sánh + schema FAQ/Review; tối ưu title để tăng CTR",A,81.0,N/A,N/A
khách sạn giá rẻ quận 1,Quận 1 Trip,Lưu trú,Out-of-scope Quận 1,Transaction,N/A,3135,61,1.95%,N/A (N/A),data/google_search_console/Queries.csv,"Tối ưu landing (CTA/giá/FAQ), cải thiện snippet để tăng CTR; internal link từ hub 'Hồ Chí Minh'",A,61.0,N/A,N/A
khách sạn quận 1 giá 500k,Quận 1 Trip,Lưu trú,Out-of-scope Quận 1,Transaction,N/A,1092,45,4.12%,N/A (N/A),data/google_search_console/Queries.csv,"Tối ưu landing (CTA/giá/FAQ), cải thiện snippet để tăng CTR; internal link từ hub 'Hồ Chí Minh'",A,45.0,N/A,N/A
khách sạn 5 sao quận 1,Quận 1 Trip,Lưu trú,Out-of-scope Quận 1,Commercial Investigation,N/A,3207,25,0.78%,N/A (N/A),data/google_search_console/Queries.csv,"Refresh bài top-list, thêm bảng so sánh + schema FAQ/Review; tối ưu title để tăng CTR",A,25.0,N/A,N/A
khách sạn 5 sao sài gòn quận 1,Quận 1 Trip,Lưu trú,Out-of-scope Quận 1,Commercial Investigation,N/A,1924,19,0.99%,N/A (N/A),data/google_search_console/Queries.csv,"Refresh bài top-list, thêm bảng so sánh + schema FAQ/Review; tối ưu title để tăng CTR",A,19.0,N/A,N/A
khách sạn ở quận 1,Quận 1 Trip,Lưu trú,Out-of-scope Quận 1,Commercial Investigation,N/A,2286,16,0.7%,N/A (N/A),data/google_search_console/Queries.csv,"Refresh bài top-list, thêm bảng so sánh + schema FAQ/Review; tối ưu title để tăng CTR",A,16.0,N/A,N/A
khách sạn giá rẻ ở quận 1,Quận 1 Trip,Lưu trú,Out-of-scope Quận 1,Transaction,N/A,527,10,1.9%,N/A (N/A),data/google_search_console/Queries.csv,"Tối ưu landing (CTA/giá/FAQ), cải thiện snippet để tăng CTR; internal link từ hub 'Hồ Chí Minh'",A,10.0,N/A,N/A
grand hotel quận 1,Quận 1 Trip,Lưu trú,Out-of-scope Quận 1,Commercial Investigation,50000,N/A,N/A,N/A,Planner (Thấp),data/google_planner/ho-chi-minh/Keyword Stats 2026-02-23 at 09_48_18.csv,Viết bài top-list/so sánh; map vào cluster hub; bổ sung schema + ảnh/UGC,B,82500.00000000001,0%,"21,593"
hotel quận 1,Quận 1 Trip,Lưu trú,Out-of-scope Quận 1,Commercial Investigation,5000,N/A,N/A,N/A,Planner (Cao),data/google_planner/ho-chi-minh/Keyword Stats 2026-02-23 at 09_48_18.csv,Viết bài top-list/so sánh; map vào cluster hub; bổ sung schema + ảnh/UGC,B,8250.0,-90.0%,"76,610"
khách sạn a25 quận 1,Quận 1 Trip,Lưu trú,Out-of-scope Quận 1,Commercial Investigation,5000,N/A,N/A,N/A,Planner (Trung bình),data/google_planner/ho-chi-minh/Keyword Stats 2026-02-23 at 09_48_18.csv,Viết bài top-list/so sánh; map vào cluster hub; bổ sung schema + ảnh/UGC,B,8250.0,-90.0%,"8,765"
khách sạn nikko quận 1,Quận 1 Trip,Lưu trú,Out-of-scope Quận 1,Commercial Investigation,500,N/A,N/A,N/A,Planner (Trung bình),data/google_planner/ho-chi-minh/Keyword Stats 2026-02-23 at 09_48_18.csv,Viết bài top-list/so sánh; map vào cluster hub; bổ sung schema + ảnh/UGC,B,975.0,900.0%,"19,737"
khách sạn sài gòn quận 1,Quận 1 Trip,Lưu trú,Out-of-scope Quận 1,Commercial Investigation,500,N/A,N/A,N/A,Planner (Cao),data/google_planner/ho-chi-minh/Keyword Stats 2026-02-23 at 09_48_18.csv,Viết bài top-list/so sánh; map vào cluster hub; bổ sung schema + ảnh/UGC,B,825.0,-90.0%,"21,332"
khách sạn quận 1 sài gòn,Quận 1 Trip,Lưu trú,Out-of-scope Quận 1,Commercial Investigation,500,N/A,N/A,N/A,Planner (Cao),data/google_planner/ho-chi-minh/Keyword Stats 2026-02-23 at 09_48_18.csv,Viết bài top-list/so sánh; map vào cluster hub; bổ sung schema + ảnh/UGC,B,825.0,0%,"29,412"
khách sạn quận 1 tphcm,Quận 1 Trip,Lưu trú,Out-of-scope Quận 1,Commercial Investigation,500,N/A,N/A,N/A,Planner (Cao),data/google_planner/ho-chi-minh/Keyword Stats 2026-02-23 at 09_48_18.csv,Viết bài top-list/so sánh; map vào cluster hub; bổ sung schema + ảnh/UGC,B,825.0,-90.0%,"18,855"
khách sạn ở sài gòn quận 1,Quận 1 Trip,Lưu trú,Out-of-scope Quận 1,Commercial Investigation,500,N/A,N/A,N/A,Planner (Cao),data/google_planner/ho-chi-minh/Keyword Stats 2026-02-23 at 09_48_18.csv,Viết bài top-list/so sánh; map vào cluster hub; bổ sung schema + ảnh/UGC,B,825.0,-90.0%,"22,853"
khách sạn quận 1 5 sao,Quận 1 Trip,Lưu trú,Out-of-scope Quận 1,Commercial Investigation,500,N/A,N/A,N/A,Planner (Cao),data/google_planner/ho-chi-minh/Keyword Stats 2026-02-23 at 09_48_18.csv,Viết bài top-list/so sánh; map vào cluster hub; bổ sung schema + ảnh/UGC,B,825.0,0%,"13,722"
khách sạn quận 1 thành phố hồ chí minh,Quận 1 Trip,Lưu trú,Out-of-scope Quận 1,Commercial Investigation,500,N/A,N/A,N/A,Planner (Cao),data/google_planner/ho-chi-minh/Keyword Stats 2026-02-23 at 09_48_18.csv,Viết bài top-list/so sánh; map vào cluster hub; bổ sung schema + ảnh/UGC,B,825.0,0%,"28,279"
khách sạn ở quận 1 sài gòn,Quận 1 Trip,Lưu trú,Out-of-scope Quận 1,Commercial Investigation,500,N/A,N/A,N/A,Planner (Cao),data/google_planner/ho-chi-minh/Keyword Stats 2026-02-23 at 09_48_18.csv,Viết bài top-list/so sánh; map vào cluster hub; bổ sung schema + ảnh/UGC,B,825.0,-90.0%,"32,215"
cupid hotel quận 1,Quận 1 Trip,Lưu trú,Out-of-scope Quận 1,Commercial Investigation,500,N/A,N/A,N/A,Planner (Cao),data/google_planner/ho-chi-minh/Keyword Stats 2026-02-23 at 09_48_18.csv,Viết bài top-list/so sánh; map vào cluster hub; bổ sung schema + ảnh/UGC,B,825.0,0%,"24,411"
khách sạn đẹp quận 1,Quận 1 Trip,Lưu trú,Out-of-scope Quận 1,Commercial Investigation,500,N/A,N/A,N/A,Planner (Cao),data/google_planner/ho-chi-minh/Keyword Stats 2026-02-23 at 09_48_18.csv,Viết bài top-list/so sánh; map vào cluster hub; bổ sung schema + ảnh/UGC,B,825.0,-90.0%,"15,582"
a25 hotel quận 1,Quận 1 Trip,Lưu trú,Out-of-scope Quận 1,Commercial Investigation,500,N/A,N/A,N/A,Planner (Trung bình),data/google_planner/ho-chi-minh/Keyword Stats 2026-02-23 at 09_48_18.csv,Viết bài top-list/so sánh; map vào cluster hub; bổ sung schema + ảnh/UGC,B,825.0,-90.0%,"10,907"
khách sạn a&em quận 1,Quận 1 Trip,Lưu trú,Out-of-scope Quận 1,Commercial Investigation,500,N/A,N/A,N/A,Planner (Trung bình),data/google_planner/ho-chi-minh/Keyword Stats 2026-02-23 at 09_48_18.csv,Viết bài top-list/so sánh; map vào cluster hub; bổ sung schema + ảnh/UGC,B,825.0,0%,"10,128"
khách sạn gần quận 1,Quận 1 Trip,Lưu trú,Out-of-scope Quận 1,Commercial Investigation,500,N/A,N/A,N/A,Planner (Cao),data/google_planner/ho-chi-minh/Keyword Stats 2026-02-23 at 09_48_18.csv,Viết bài top-list/so sánh; map vào cluster hub; bổ sung schema + ảnh/UGC,B,825.0,0%,"20,866"
khách sạn đường lê duẩn quận 1 hồ chí minh,Quận 1 Trip,Lưu trú,Out-of-scope Quận 1,Commercial Investigation,500,N/A,N/A,N/A,Planner (Cao),data/google_planner/ho-chi-minh/Keyword Stats 2026-02-23 at 09_48_18.csv,Viết bài top-list/so sánh; map vào cluster hub; bổ sung schema + ảnh/UGC,B,825.0,-90.0%,"12,201"
khách sạn đường lý tự trọng quận 1,Quận 1 Trip,Lưu trú,Out-of-scope Quận 1,Commercial Investigation,500,N/A,N/A,N/A,Planner (Cao),data/google_planner/ho-chi-minh/Keyword Stats 2026-02-23 at 09_48_18.csv,Viết bài top-list/so sánh; map vào cluster hub; bổ sung schema + ảnh/UGC,B,825.0,0%,"16,774"
khách sạn đường lê thánh tôn quận 1,Quận 1 Trip,Lưu trú,Out-of-scope Quận 1,Commercial Investigation,500,N/A,N/A,N/A,Planner (Cao),data/google_planner/ho-chi-minh/Keyword Stats 2026-02-23 at 09_48_18.csv,Viết bài top-list/so sánh; map vào cluster hub; bổ sung schema + ảnh/UGC,B,825.0,0%,"15,841"
khách sạn trung tâm quận 1,Quận 1 Trip,Lưu trú,Out-of-scope Quận 1,Commercial Investigation,500,N/A,N/A,N/A,Planner (Cao),data/google_planner/ho-chi-minh/Keyword Stats 2026-02-23 at 09_48_18.csv,Viết bài top-list/so sánh; map vào cluster hub; bổ sung schema + ảnh/UGC,B,825.0,0%,"29,079"
khách sạn quận 1 bùi thị xuân,Quận 1 Trip,Lưu trú,Out-of-scope Quận 1,Commercial Investigation,500,N/A,N/A,N/A,Planner (Cao),data/google_planner/ho-chi-minh/Keyword Stats 2026-02-23 at 09_48_18.csv,Viết bài top-list/so sánh; map vào cluster hub; bổ sung schema + ảnh/UGC,B,825.0,-90.0%,"15,517"
khách sạn liberty quận 1,Quận 1 Trip,Lưu trú,Out-of-scope Quận 1,Commercial Investigation,500,N/A,N/A,N/A,Planner (Trung bình),data/google_planner/ho-chi-minh/Keyword Stats 2026-02-23 at 09_48_18.csv,Viết bài top-list/so sánh; map vào cluster hub; bổ sung schema + ảnh/UGC,B,825.0,0%,"12,781"
khách sạn lê thánh tôn quận 1,Quận 1 Trip,Lưu trú,Out-of-scope Quận 1,Commercial Investigation,500,N/A,N/A,N/A,Planner (Cao),data/google_planner/ho-chi-minh/Keyword Stats 2026-02-23 at 09_48_18.csv,Viết bài top-list/so sánh; map vào cluster hub; bổ sung schema + ảnh/UGC,B,825.0,0%,"11,780"
khách sạn adora quận 1,Quận 1 Trip,Lưu trú,Out-of-scope Quận 1,Commercial Investigation,500,N/A,N/A,N/A,Planner (Thấp),data/google_planner/ho-chi-minh/Keyword Stats 2026-02-23 at 09_48_18.csv,Viết bài top-list/so sánh; map vào cluster hub; bổ sung schema + ảnh/UGC,B,825.0,-90.0%,"9,868"
silverland hotel quận 1,Quận 1 Trip,Lưu trú,Out-of-scope Quận 1,Commercial Investigation,500,N/A,N/A,N/A,Planner (Trung bình),data/google_planner/ho-chi-minh/Keyword Stats 2026-02-23 at 09_48_18.csv,Viết bài top-list/so sánh; map vào cluster hub; bổ sung schema + ảnh/UGC,B,825.0,-90.0%,"15,301"
khách sạn đường thủ khoa huân quận 1,Quận 1 Trip,Lưu trú,Out-of-scope Quận 1,Commercial Investigation,500,N/A,N/A,N/A,Planner (Cao),data/google_planner/ho-chi-minh/Keyword Stats 2026-02-23 at 09_48_18.csv,Viết bài top-list/so sánh; map vào cluster hub; bổ sung schema + ảnh/UGC,B,825.0,0%,"16,101"
khách sạn 4 sao sài gòn quận 1,Quận 1 Trip,Lưu trú,Out-of-scope Quận 1,Commercial Investigation,500,N/A,N/A,N/A,Planner (Cao),data/google_planner/ho-chi-minh/Keyword Stats 2026-02-23 at 09_48_18.csv,Viết bài top-list/so sánh; map vào cluster hub; bổ sung schema + ảnh/UGC,B,825.0,-90.0%,"12,647"
khách sạn 3 sao sài gòn quận 1,Quận 1 Trip,Lưu trú,Out-of-scope Quận 1,Commercial Investigation,500,N/A,N/A,N/A,Planner (Cao),data/google_planner/ho-chi-minh/Keyword Stats 2026-02-23 at 09_48_18.csv,Viết bài top-list/so sánh; map vào cluster hub; bổ sung schema + ảnh/UGC,B,825.0,-90.0%,"12,624"
bonita hotel quận 1,Quận 1 Trip,Lưu trú,Out-of-scope Quận 1,Commercial Investigation,500,N/A,N/A,N/A,Planner (Thấp),data/google_planner/ho-chi-minh/Keyword Stats 2026-02-23 at 09_48_18.csv,Viết bài top-list/so sánh; map vào cluster hub; bổ sung schema + ảnh/UGC,B,825.0,0%,"10,128"
khách sạn 4 sao ở quận 1,Quận 1 Trip,Lưu trú,Out-of-scope Quận 1,Commercial Investigation,500,N/A,N/A,N/A,Planner (Cao),data/google_planner/ho-chi-minh/Keyword Stats 2026-02-23 at 09_48_18.csv,Viết bài top-list/so sánh; map vào cluster hub; bổ sung schema + ảnh/UGC,B,825.0,-90.0%,"8,562"
khách sạn bến nghé quận 1,Quận 1 Trip,Lưu trú,Out-of-scope Quận 1,Commercial Investigation,500,N/A,N/A,N/A,Planner (Cao),data/google_planner/ho-chi-minh/Keyword Stats 2026-02-23 at 09_48_18.csv,Viết bài top-list/so sánh; map vào cluster hub; bổ sung schema + ảnh/UGC,B,825.0,-90.0%,"13,233"
khách sạn rex quận 1,Quận 1 Trip,Lưu trú,Out-of-scope Quận 1,Commercial Investigation,500,N/A,N/A,N/A,Planner (Trung bình),data/google_planner/ho-chi-minh/Keyword Stats 2026-02-23 at 09_48_18.csv,Viết bài top-list/so sánh; map vào cluster hub; bổ sung schema + ảnh/UGC,B,825.0,0%,"12,487"
khách sạn đường thi sách quận 1,Quận 1 Trip,Lưu trú,Out-of-scope Quận 1,Commercial Investigation,500,N/A,N/A,N/A,Planner (Cao),data/google_planner/ho-chi-minh/Keyword Stats 2026-02-23 at 09_48_18.csv,Viết bài top-list/so sánh; map vào cluster hub; bổ sung schema + ảnh/UGC,B,825.0,-90.0%,"13,303"
khách sạn riverside sài gòn quận 1,Quận 1 Trip,Lưu trú,Out-of-scope Quận 1,Commercial Investigation,500,N/A,N/A,N/A,Planner (Cao),data/google_planner/ho-chi-minh/Keyword Stats 2026-02-23 at 09_48_18.csv,Viết bài top-list/so sánh; map vào cluster hub; bổ sung schema + ảnh/UGC,B,825.0,0%,"12,985"
khách sạn 4 sao quận 1 hồ chí minh,Quận 1 Trip,Lưu trú,Out-of-scope Quận 1,Commercial Investigation,500,N/A,N/A,N/A,Planner (Cao),data/google_planner/ho-chi-minh/Keyword Stats 2026-02-23 at 09_48_18.csv,Viết bài top-list/so sánh; map vào cluster hub; bổ sung schema + ảnh/UGC,B,825.0,-90.0%,"15,566"
khách sạn lý tự trọng quận 1,Quận 1 Trip,Lưu trú,Out-of-scope Quận 1,Commercial Investigation,500,N/A,N/A,N/A,Planner (Cao),data/google_planner/ho-chi-minh/Keyword Stats 2026-02-23 at 09_48_18.csv,Viết bài top-list/so sánh; map vào cluster hub; bổ sung schema + ảnh/UGC,B,825.0,0%,"11,839"
khách sạn 3 sao quận 1 hồ chí minh,Quận 1 Trip,Lưu trú,Out-of-scope Quận 1,Commercial Investigation,500,N/A,N/A,N/A,Planner (Cao),data/google_planner/ho-chi-minh/Keyword Stats 2026-02-23 at 09_48_18.csv,Viết bài top-list/so sánh; map vào cluster hub; bổ sung schema + ảnh/UGC,B,825.0,-90.0%,"12,992"
khách sạn new world quận 1,Quận 1 Trip,Lưu trú,Out-of-scope Quận 1,Commercial Investigation,500,N/A,N/A,N/A,Planner (Thấp),data/google_planner/ho-chi-minh/Keyword Stats 2026-02-23 at 09_48_18.csv,Viết bài top-list/so sánh; map vào cluster hub; bổ sung schema + ảnh/UGC,B,825.0,0%,"7,610"
queen central hotel quận 1,Quận 1 Trip,Lưu trú,Out-of-scope Quận 1,Commercial Investigation,500,N/A,N/A,N/A,Planner (Trung bình),data/google_planner/ho-chi-minh/Keyword Stats 2026-02-23 at 09_48_18.csv,Viết bài top-list/so sánh; map vào cluster hub; bổ sung schema + ảnh/UGC,B,825.0,-90.0%,"18,698"
khách sạn liberty phạm ngũ lão quận 1,Quận 1 Trip,Lưu trú,Out-of-scope Quận 1,Commercial Investigation,500,N/A,N/A,N/A,Planner (Trung bình),data/google_planner/ho-chi-minh/Keyword Stats 2026-02-23 at 09_48_18.csv,Viết bài top-list/so sánh; map vào cluster hub; bổ sung schema + ảnh/UGC,B,825.0,-90.0%,"10,949"
khách sạn a25 bùi thị xuân quận 1,Quận 1 Trip,Lưu trú,Out-of-scope Quận 1,Commercial Investigation,500,N/A,N/A,N/A,Planner (Trung bình),data/google_planner/ho-chi-minh/Keyword Stats 2026-02-23 at 09_48_18.csv,Viết bài top-list/so sánh; map vào cluster hub; bổ sung schema + ảnh/UGC,B,825.0,0%,"13,043"
khách sạn caravelle quận 1,Quận 1 Trip,Lưu trú,Out-of-scope Quận 1,Commercial Investigation,500,N/A,N/A,N/A,Planner (Thấp),data/google_planner/ho-chi-minh/Keyword Stats 2026-02-23 at 09_48_18.csv,Viết bài top-list/so sánh; map vào cluster hub; bổ sung schema + ảnh/UGC,B,825.0,0%,"17,179"
khách sạn sheraton quận 1,Quận 1 Trip,Lưu trú,Out-of-scope Quận 1,Commercial Investigation,500,N/A,N/A,N/A,Planner (Thấp),data/google_planner/ho-chi-minh/Keyword Stats 2026-02-23 at 09_48_18.csv,Viết bài top-list/so sánh; map vào cluster hub; bổ sung schema + ảnh/UGC,B,825.0,0%,"8,345"
khách sạn sofitel quận 1,Quận 1 Trip,Lưu trú,Out-of-scope Quận 1,Commercial Investigation,500,N/A,N/A,N/A,Planner (Trung bình),data/google_planner/ho-chi-minh/Keyword Stats 2026-02-23 at 09_48_18.csv,Viết bài top-list/so sánh; map vào cluster hub; bổ sung schema + ảnh/UGC,B,825.0,0%,"5,599"
lucky star hotel quận 1,Quận 1 Trip,Lưu trú,Out-of-scope Quận 1,Commercial Investigation,500,N/A,N/A,N/A,Planner (Trung bình),data/google_planner/ho-chi-minh/Keyword Stats 2026-02-23 at 09_48_18.csv,Viết bài top-list/so sánh; map vào cluster hub; bổ sung schema + ảnh/UGC,B,825.0,0%,"13,859"
quận 1 khách sạn,Quận 1 Trip,Lưu trú,Out-of-scope Quận 1,Commercial Investigation,500,N/A,N/A,N/A,Planner (Trung bình),data/google_planner/ho-chi-minh/Keyword Stats 2026-02-23 at 09_48_18.csv,Viết bài top-list/so sánh; map vào cluster hub; bổ sung schema + ảnh/UGC,B,825.0,0%,"23,466"
ks quận 1,Quận 1 Trip,Tổng hợp,Out-of-scope Quận 1,Informational,500,N/A,N/A,N/A,Planner (Cao),data/google_planner/ho-chi-minh/Keyword Stats 2026-02-23 at 09_48_18.csv,Viết guide/review; ưu tiên long-tail; tạo topic hub và internal link về trang dịch vụ,B,550.0,0%,"100,213"
a25 quận 1,Quận 1 Trip,Tổng hợp,Out-of-scope Quận 1,Informational,500,N/A,N/A,N/A,Planner (Trung bình),data/google_planner/ho-chi-minh/Keyword Stats 2026-02-23 at 09_48_18.csv,Viết guide/review; ưu tiên long-tail; tạo topic hub và internal link về trang dịch vụ,B,550.0,0%,"12,412"
ks a25 quận 1,Quận 1 Trip,Tổng hợp,Out-of-scope Quận 1,Informational,500,N/A,N/A,N/A,Planner (Trung bình),data/google_planner/ho-chi-minh/Keyword Stats 2026-02-23 at 09_48_18.csv,Viết guide/review; ưu tiên long-tail; tạo topic hub và internal link về trang dịch vụ,B,550.0,0%,"9,699"
275a phạm ngũ lão quận 1,Quận 1 Trip,Tổng hợp,Out-of-scope Quận 1,Informational,500,N/A,N/A,N/A,Planner (Thấp),data/google_planner/ho-chi-minh/Keyword Stats 2026-02-23 at 09_48_18.csv,Viết guide/review; ưu tiên long-tail; tạo topic hub và internal link về trang dịch vụ,B,550.0,-90.0%,"23,377"
new world quận 1,Quận 1 Trip,Tổng hợp,Out-of-scope Quận 1,Informational,500,N/A,N/A,N/A,Planner (Trung bình),data/google_planner/ho-chi-minh/Keyword Stats 2026-02-23 at 09_48_18.csv,Viết guide/review; ưu tiên long-tail; tạo topic hub và internal link về trang dịch vụ,B,550.0,0%,"9,872"
riverside quận 1,Quận 1 Trip,Tổng hợp,Out-of-scope Quận 1,Informational,500,N/A,N/A,N/A,Planner (Thấp),data/google_planner/ho-chi-minh/Keyword Stats 2026-02-23 at 09_48_18.csv,Viết guide/review; ưu tiên long-tail; tạo topic hub và internal link về trang dịch vụ,B,550.0,0%,"13,030"
sheraton quận 1,Quận 1 Trip,Tổng hợp,Out-of-scope Quận 1,Informational,500,N/A,N/A,N/A,Planner (Thấp),data/google_planner/ho-chi-minh/Keyword Stats 2026-02-23 at 09_48_18.csv,Viết guide/review; ưu tiên long-tail; tạo topic hub và internal link về trang dịch vụ,B,550.0,0%,"9,868"
khách sạn palace quận 1,Quận 1 Trip,Lưu trú,Out-of-scope Quận 1,Commercial Investigation,50,N/A,N/A,N/A,Planner (Trung bình),data/google_planner/ho-chi-minh/Keyword Stats 2026-02-23 at 09_48_18.csv,Viết bài top-list/so sánh; map vào cluster hub; bổ sung schema + ảnh/UGC,B,97.5,900.0%,"13,764"
khách sạn tao đàn quận 1,Quận 1 Trip,Lưu trú,Out-of-scope Quận 1,Commercial Investigation,50,N/A,N/A,N/A,Planner (Trung bình),data/google_planner/ho-chi-minh/Keyword Stats 2026-02-23 at 09_48_18.csv,Viết bài top-list/so sánh; map vào cluster hub; bổ sung schema + ảnh/UGC,B,97.5,900.0%,"13,009"
khách sạn pullman quận 1,Quận 1 Trip,Lưu trú,Out-of-scope Quận 1,Commercial Investigation,50,N/A,N/A,N/A,Planner (Thấp),data/google_planner/ho-chi-minh/Keyword Stats 2026-02-23 at 09_48_18.csv,Viết bài top-list/so sánh; map vào cluster hub; bổ sung schema + ảnh/UGC,B,97.5,900.0%,"10,489"
ohana hotel quận 1,Quận 1 Trip,Lưu trú,Out-of-scope Quận 1,Commercial Investigation,50,N/A,N/A,N/A,Planner (Cao),data/google_planner/ho-chi-minh/Keyword Stats 2026-02-23 at 09_48_18.csv,Viết bài top-list/so sánh; map vào cluster hub; bổ sung schema + ảnh/UGC,B,97.5,900.0%,"15,286"
viễn đông hotel quận 1,Quận 1 Trip,Lưu trú,Out-of-scope Quận 1,Commercial Investigation,50,N/A,N/A,N/A,Planner (Trung bình),data/google_planner/ho-chi-minh/Keyword Stats 2026-02-23 at 09_48_18.csv,Viết bài top-list/so sánh; map vào cluster hub; bổ sung schema + ảnh/UGC,B,97.5,900.0%,"14,803"
khach san quan 1 saigon,Quận 1 Trip,Lưu trú,Out-of-scope Quận 1,Commercial Investigation,50,N/A,N/A,N/A,Planner (Cao),data/google_planner/ho-chi-minh/Keyword Stats 2026-02-23 at 09_48_18.csv,Viết bài top-list/so sánh; map vào cluster hub; bổ sung schema + ảnh/UGC,B,82.50000000000001,-90.0%,"45,089"
đặt phòng khách sạn quận 1,Quận 1 Trip,Lưu trú,Out-of-scope Quận 1,Commercial Investigation,50,N/A,N/A,N/A,Planner (Cao),data/google_planner/ho-chi-minh/Keyword Stats 2026-02-23 at 09_48_18.csv,Viết bài top-list/so sánh; map vào cluster hub; bổ sung schema + ảnh/UGC,B,82.50000000000001,0%,"85,637"
khach san ho chi minh quan 1,Quận 1 Trip,Lưu trú,Out-of-scope Quận 1,Commercial Investigation,50,N/A,N/A,N/A,Planner (Cao),data/google_planner/ho-chi-minh/Keyword Stats 2026-02-23 at 09_48_18.csv,Viết bài top-list/so sánh; map vào cluster hub; bổ sung schema + ảnh/UGC,B,82.50000000000001,0%,"21,780"
khach san quan 1 hcm,Quận 1 Trip,Lưu trú,Out-of-scope Quận 1,Commercial Investigation,50,N/A,N/A,N/A,Planner (Cao),data/google_planner/ho-chi-minh/Keyword Stats 2026-02-23 at 09_48_18.csv,Viết bài top-list/so sánh; map vào cluster hub; bổ sung schema + ảnh/UGC,B,82.50000000000001,0%,"179,922"
khách sạn ở quận 1 hồ chí minh,Quận 1 Trip,Lưu trú,Out-of-scope Quận 1,Commercial Investigation,50,N/A,N/A,N/A,Planner (Cao),data/google_planner/ho-chi-minh/Keyword Stats 2026-02-23 at 09_48_18.csv,Viết bài top-list/so sánh; map vào cluster hub; bổ sung schema + ảnh/UGC,B,82.50000000000001,0%,"27,428"
khách sạn ở quận 1 thành phố hồ chí minh,Quận 1 Trip,Lưu trú,Out-of-scope Quận 1,Commercial Investigation,50,N/A,N/A,N/A,Planner (Cao),data/google_planner/ho-chi-minh/Keyword Stats 2026-02-23 at 09_48_18.csv,Viết bài top-list/so sánh; map vào cluster hub; bổ sung schema + ảnh/UGC,B,82.50000000000001,0%,"38,037"
đặt phòng khách sạn ở quận 1,Quận 1 Trip,Lưu trú,Out-of-scope Quận 1,Commercial Investigation,50,N/A,N/A,N/A,Planner (Cao),data/google_planner/ho-chi-minh/Keyword Stats 2026-02-23 at 09_48_18.csv,Viết bài top-list/so sánh; map vào cluster hub; bổ sung schema + ảnh/UGC,B,82.50000000000001,0%,"249,431"
đặt khách sạn quận 1,Quận 1 Trip,Lưu trú,Out-of-scope Quận 1,Commercial Investigation,50,N/A,N/A,N/A,Planner (Cao),data/google_planner/ho-chi-minh/Keyword Stats 2026-02-23 at 09_48_18.csv,Viết bài top-list/so sánh; map vào cluster hub; bổ sung schema + ảnh/UGC,B,82.50000000000001,-90.0%,"60,468"
đặt phòng khách sạn quận 1 hồ chí minh,Quận 1 Trip,Lưu trú,Out-of-scope Quận 1,Commercial Investigation,50,N/A,N/A,N/A,Planner (Cao),data/google_planner/ho-chi-minh/Keyword Stats 2026-02-23 at 09_48_18.csv,Viết bài top-list/so sánh; map vào cluster hub; bổ sung schema + ảnh/UGC,B,82.50000000000001,0%,"74,049"
khách sạn tại quận 1 hồ chí minh,Quận 1 Trip,Lưu trú,Out-of-scope Quận 1,Commercial Investigation,50,N/A,N/A,N/A,Planner (Cao),data/google_planner/ho-chi-minh/Keyword Stats 2026-02-23 at 09_48_18.csv,Viết bài top-list/so sánh; map vào cluster hub; bổ sung schema + ảnh/UGC,B,82.50000000000001,0%,"25,074"
khách sạn tại quận 1 thành phố hồ chí minh,Quận 1 Trip,Lưu trú,Out-of-scope Quận 1,Commercial Investigation,50,N/A,N/A,N/A,Planner (Cao),data/google_planner/ho-chi-minh/Keyword Stats 2026-02-23 at 09_48_18.csv,Viết bài top-list/so sánh; map vào cluster hub; bổ sung schema + ảnh/UGC,B,82.50000000000001,0%,"24,875"
book khách sạn quận 1,Quận 1 Trip,Lưu trú,Out-of-scope Quận 1,Commercial Investigation,50,N/A,N/A,N/A,Planner (Cao),data/google_planner/ho-chi-minh/Keyword Stats 2026-02-23 at 09_48_18.csv,Viết bài top-list/so sánh; map vào cluster hub; bổ sung schema + ảnh/UGC,B,82.50000000000001,0%,"52,473"
đặt phòng khách sạn sài gòn quận 1,Quận 1 Trip,Lưu trú,Out-of-scope Quận 1,Commercial Investigation,50,N/A,N/A,N/A,Planner (Cao),data/google_planner/ho-chi-minh/Keyword Stats 2026-02-23 at 09_48_18.csv,Viết bài top-list/so sánh; map vào cluster hub; bổ sung schema + ảnh/UGC,B,82.50000000000001,0%,"89,601"
tìm khách sạn quận 1,Quận 1 Trip,Lưu trú,Out-of-scope Quận 1,Commercial Investigation,50,N/A,N/A,N/A,Planner (Cao),data/google_planner/ho-chi-minh/Keyword Stats 2026-02-23 at 09_48_18.csv,Viết bài top-list/so sánh; map vào cluster hub; bổ sung schema + ảnh/UGC,B,82.50000000000001,0%,"26,530"
khách sạn giá rẻ quận 1 hồ chí minh,Quận 1 Trip,Lưu trú,Out-of-scope Quận 1,Transaction,50,N/A,N/A,N/A,Planner (Cao),data/google_planner/ho-chi-minh/Keyword Stats 2026-02-23 at 09_48_18.csv,"Tạo landing chuyển đổi (giá/vé/đặt chỗ), gom vào cluster page + build backlink nội bộ",B,82.50000000000001,0%,"31,163"
khách sạn bùi viện quận 1,Quận 1 Trip,Lưu trú,Out-of-scope Quận 1,Commercial Investigation,50,N/A,N/A,N/A,Planner (Cao),data/google_planner/ho-chi-minh/Keyword Stats 2026-02-23 at 09_48_18.csv,Viết bài top-list/so sánh; map vào cluster hub; bổ sung schema + ảnh/UGC,B,82.50000000000001,-90.0%,"13,038"
khách sạn cupid quận 1,Quận 1 Trip,Lưu trú,Out-of-scope Quận 1,Commercial Investigation,50,N/A,N/A,N/A,Planner (Cao),data/google_planner/ho-chi-minh/Keyword Stats 2026-02-23 at 09_48_18.csv,Viết bài top-list/so sánh; map vào cluster hub; bổ sung schema + ảnh/UGC,B,82.50000000000001,-90.0%,"6,492"
riverside hotel quận 1,Quận 1 Trip,Lưu trú,Out-of-scope Quận 1,Commercial Investigation,50,N/A,N/A,N/A,Planner (Trung bình),data/google_planner/ho-chi-minh/Keyword Stats 2026-02-23 at 09_48_18.csv,Viết bài top-list/so sánh; map vào cluster hub; bổ sung schema + ảnh/UGC,B,82.50000000000001,-90.0%,"16,620"
khách sạn giá rẻ sài gòn quận 1,Quận 1 Trip,Lưu trú,Out-of-scope Quận 1,Transaction,50,N/A,N/A,N/A,Planner (Cao),data/google_planner/ho-chi-minh/Keyword Stats 2026-02-23 at 09_48_18.csv,"Tạo landing chuyển đổi (giá/vé/đặt chỗ), gom vào cluster page + build backlink nội bộ",B,82.50000000000001,0%,"14,293"
khách sạn mường thanh sài gòn quận 1,Quận 1 Trip,Lưu trú,Out-of-scope Quận 1,Commercial Investigation,50,N/A,N/A,N/A,Planner (Cao),data/google_planner/ho-chi-minh/Keyword Stats 2026-02-23 at 09_48_18.csv,Viết bài top-list/so sánh; map vào cluster hub; bổ sung schema + ảnh/UGC,B,82.50000000000001,0%,"18,648"
khách sạn tp hcm quận 1,Quận 1 Trip,Lưu trú,Out-of-scope Quận 1,Commercial Investigation,50,N/A,N/A,N/A,Planner (Cao),data/google_planner/ho-chi-minh/Keyword Stats 2026-02-23 at 09_48_18.csv,Viết bài top-list/so sánh; map vào cluster hub; bổ sung schema + ảnh/UGC,B,82.50000000000001,0%,"47,779"
khách sạn tốt ở quận 1,Quận 1 Trip,Lưu trú,Out-of-scope Quận 1,Commercial Investigation,50,N/A,N/A,N/A,Planner (Cao),data/google_planner/ho-chi-minh/Keyword Stats 2026-02-23 at 09_48_18.csv,Viết bài top-list/so sánh; map vào cluster hub; bổ sung schema + ảnh/UGC,B,82.50000000000001,0%,"48,227"
các khách sạn ở quận 1,Quận 1 Trip,Lưu trú,Out-of-scope Quận 1,Commercial Investigation,50,N/A,N/A,N/A,Planner (Cao),data/google_planner/ho-chi-minh/Keyword Stats 2026-02-23 at 09_48_18.csv,Viết bài top-list/so sánh; map vào cluster hub; bổ sung schema + ảnh/UGC,B,82.50000000000001,0%,"13,241"
phòng khách sạn quận 1,Quận 1 Trip,Lưu trú,Out-of-scope Quận 1,Commercial Investigation,50,N/A,N/A,N/A,Planner (Cao),data/google_planner/ho-chi-minh/Keyword Stats 2026-02-23 at 09_48_18.csv,Viết bài top-list/so sánh; map vào cluster hub; bổ sung schema + ảnh/UGC,B,82.50000000000001,0%,"35,044"
đặt khách sạn quận 1 hồ chí minh,Quận 1 Trip,Lưu trú,Out-of-scope Quận 1,Commercial Investigation,50,N/A,N/A,N/A,Planner (Cao),data/google_planner/ho-chi-minh/Keyword Stats 2026-02-23 at 09_48_18.csv,Viết bài top-list/so sánh; map vào cluster hub; bổ sung schema + ảnh/UGC,B,82.50000000000001,0%,"71,258"
khách sạn bùi viện quận 1 giá rẻ,Quận 1 Trip,Lưu trú,Out-of-scope Quận 1,Transaction,50,N/A,N/A,N/A,Planner (Cao),data/google_planner/ho-chi-minh/Keyword Stats 2026-02-23 at 09_48_18.csv,"Tạo landing chuyển đổi (giá/vé/đặt chỗ), gom vào cluster page + build backlink nội bộ",B,82.50000000000001,-90.0%,"21,535"
khách sạn tại sài gòn quận 1,Quận 1 Trip,Lưu trú,Out-of-scope Quận 1,Commercial Investigation,50,N/A,N/A,N/A,Planner (Cao),data/google_planner/ho-chi-minh/Keyword Stats 2026-02-23 at 09_48_18.csv,Viết bài top-list/so sánh; map vào cluster hub; bổ sung schema + ảnh/UGC,B,82.50000000000001,0%,"39,846"
khách sạn quận 1 3 sao,Quận 1 Trip,Lưu trú,Out-of-scope Quận 1,Commercial Investigation,50,N/A,N/A,N/A,Planner (Cao),data/google_planner/ho-chi-minh/Keyword Stats 2026-02-23 at 09_48_18.csv,Viết bài top-list/so sánh; map vào cluster hub; bổ sung schema + ảnh/UGC,B,82.50000000000001,0%,"14,661"
khách sạn anh duy quận 1,Quận 1 Trip,Lưu trú,Out-of-scope Quận 1,Commercial Investigation,50,N/A,N/A,N/A,Planner (Cao),data/google_planner/ho-chi-minh/Keyword Stats 2026-02-23 at 09_48_18.csv,Viết bài top-list/so sánh; map vào cluster hub; bổ sung schema + ảnh/UGC,B,82.50000000000001,0%,"12,700"
huong sen hotel quận 1,Quận 1 Trip,Lưu trú,Out-of-scope Quận 1,Commercial Investigation,50,N/A,N/A,N/A,Planner (Cao),data/google_planner/ho-chi-minh/Keyword Stats 2026-02-23 at 09_48_18.csv,Viết bài top-list/so sánh; map vào cluster hub; bổ sung schema + ảnh/UGC,B,82.50000000000001,0%,"10,990"
khách sạn ở hồ chí minh quận 1,Quận 1 Trip,Lưu trú,Out-of-scope Quận 1,Commercial Investigation,50,N/A,N/A,N/A,Planner (Cao),data/google_planner/ho-chi-minh/Keyword Stats 2026-02-23 at 09_48_18.csv,Viết bài top-list/so sánh; map vào cluster hub; bổ sung schema + ảnh/UGC,B,82.50000000000001,0%,"20,286"
khách sạn trên đường lê thánh tôn quận 1,Quận 1 Trip,Lưu trú,Out-of-scope Quận 1,Commercial Investigation,50,N/A,N/A,N/A,Planner (Cao),data/google_planner/ho-chi-minh/Keyword Stats 2026-02-23 at 09_48_18.csv,Viết bài top-list/so sánh; map vào cluster hub; bổ sung schema + ảnh/UGC,B,82.50000000000001,0%,"17,027"
khách sạn đường nguyễn trãi quận 1,Quận 1 Trip,Lưu trú,Out-of-scope Quận 1,Commercial Investigation,50,N/A,N/A,N/A,Planner (Cao),data/google_planner/ho-chi-minh/Keyword Stats 2026-02-23 at 09_48_18.csv,Viết bài top-list/so sánh; map vào cluster hub; bổ sung schema + ảnh/UGC,B,82.50000000000001,-90.0%,"23,301"
khách sạn tphcm quận 1,Quận 1 Trip,Lưu trú,Out-of-scope Quận 1,Commercial Investigation,50,N/A,N/A,N/A,Planner (Cao),data/google_planner/ho-chi-minh/Keyword Stats 2026-02-23 at 09_48_18.csv,Viết bài top-list/so sánh; map vào cluster hub; bổ sung schema + ảnh/UGC,B,82.50000000000001,0%,"17,879"
khach san 4 sao quan 1 saigon,Quận 1 Trip,Lưu trú,Out-of-scope Quận 1,Commercial Investigation,50,N/A,N/A,N/A,Planner (Cao),data/google_planner/ho-chi-minh/Keyword Stats 2026-02-23 at 09_48_18.csv,Viết bài top-list/so sánh; map vào cluster hub; bổ sung schema + ảnh/UGC,B,82.50000000000001,0%,"33,770"
saigon hotel quận 1,Quận 1 Trip,Lưu trú,Out-of-scope Quận 1,Commercial Investigation,50,N/A,N/A,N/A,Planner (Cao),data/google_planner/ho-chi-minh/Keyword Stats 2026-02-23 at 09_48_18.csv,Viết bài top-list/so sánh; map vào cluster hub; bổ sung schema + ảnh/UGC,B,82.50000000000001,0%,"16,232"
khách sạn giá rẻ ở quận 1 hồ chí minh,Quận 1 Trip,Lưu trú,Out-of-scope Quận 1,Transaction,50,N/A,N/A,N/A,Planner (Cao),data/google_planner/ho-chi-minh/Keyword Stats 2026-02-23 at 09_48_18.csv,"Tạo landing chuyển đổi (giá/vé/đặt chỗ), gom vào cluster page + build backlink nội bộ",B,82.50000000000001,0%,"87,182"
khách sạn quận 1 phạm ngũ lão,Quận 1 Trip,Lưu trú,Out-of-scope Quận 1,Commercial Investigation,50,N/A,N/A,N/A,Planner (Cao),data/google_planner/ho-chi-minh/Keyword Stats 2026-02-23 at 09_48_18.csv,Viết bài top-list/so sánh; map vào cluster hub; bổ sung schema + ảnh/UGC,B,82.50000000000001,0%,"16,384"
rex hotel quận 1,Quận 1 Trip,Lưu trú,Out-of-scope Quận 1,Commercial Investigation,50,N/A,N/A,N/A,Planner (Trung bình),data/google_planner/ho-chi-minh/Keyword Stats 2026-02-23 at 09_48_18.csv,Viết bài top-list/so sánh; map vào cluster hub; bổ sung schema + ảnh/UGC,B,82.50000000000001,0%,"15,182"
khách sạn đông du quận 1,Quận 1 Trip,Lưu trú,Out-of-scope Quận 1,Commercial Investigation,50,N/A,N/A,N/A,Planner (Trung bình),data/google_planner/ho-chi-minh/Keyword Stats 2026-02-23 at 09_48_18.csv,Viết bài top-list/so sánh; map vào cluster hub; bổ sung schema + ảnh/UGC,B,82.50000000000001,-90.0%,"14,640"
hotel ở quận 1,Quận 1 Trip,Lưu trú,Out-of-scope Quận 1,Commercial Investigation,50,N/A,N/A,N/A,Planner (Trung bình),data/google_planner/ho-chi-minh/Keyword Stats 2026-02-23 at 09_48_18.csv,Viết bài top-list/so sánh; map vào cluster hub; bổ sung schema + ảnh/UGC,B,82.50000000000001,0%,"8,546"
khách sạn california quận 1,Quận 1 Trip,Lưu trú,Out-of-scope Quận 1,Commercial Investigation,50,N/A,N/A,N/A,Planner (Trung bình),data/google_planner/ho-chi-minh/Keyword Stats 2026-02-23 at 09_48_18.csv,Viết bài top-list/so sánh; map vào cluster hub; bổ sung schema + ảnh/UGC,B,82.50000000000001,0%,"7,927"
khách sạn nguyễn trãi quận 1,Quận 1 Trip,Lưu trú,Out-of-scope Quận 1,Commercial Investigation,50,N/A,N/A,N/A,Planner (Cao),data/google_planner/ho-chi-minh/Keyword Stats 2026-02-23 at 09_48_18.csv,Viết bài top-list/so sánh; map vào cluster hub; bổ sung schema + ảnh/UGC,B,82.50000000000001,-90.0%,"9,314"
liberty hotel quận 1,Quận 1 Trip,Lưu trú,Out-of-scope Quận 1,Commercial Investigation,50,N/A,N/A,N/A,Planner (Trung bình),data/google_planner/ho-chi-minh/Keyword Stats 2026-02-23 at 09_48_18.csv,Viết bài top-list/so sánh; map vào cluster hub; bổ sung schema + ảnh/UGC,B,82.50000000000001,0%,"12,090"
khách sạn sài gòn giá rẻ quận 1,Quận 1 Trip,Lưu trú,Out-of-scope Quận 1,Transaction,50,N/A,N/A,N/A,Planner (Cao),data/google_planner/ho-chi-minh/Keyword Stats 2026-02-23 at 09_48_18.csv,"Tạo landing chuyển đổi (giá/vé/đặt chỗ), gom vào cluster page + build backlink nội bộ",B,82.50000000000001,0%,"32,981"
khách sạn quận 1 đẹp,Quận 1 Trip,Lưu trú,Out-of-scope Quận 1,Commercial Investigation,50,N/A,N/A,N/A,Planner (Cao),data/google_planner/ho-chi-minh/Keyword Stats 2026-02-23 at 09_48_18.csv,Viết bài top-list/so sánh; map vào cluster hub; bổ sung schema + ảnh/UGC,B,82.50000000000001,0%,"21,356"
khách sạn sunflower quận 1,Quận 1 Trip,Lưu trú,Out-of-scope Quận 1,Commercial Investigation,50,N/A,N/A,N/A,Planner (Cao),data/google_planner/ho-chi-minh/Keyword Stats 2026-02-23 at 09_48_18.csv,Viết bài top-list/so sánh; map vào cluster hub; bổ sung schema + ảnh/UGC,B,82.50000000000001,0%,"10,907"
khách sạn quận 1 4 sao,Quận 1 Trip,Lưu trú,Out-of-scope Quận 1,Commercial Investigation,50,N/A,N/A,N/A,Planner (Cao),data/google_planner/ho-chi-minh/Keyword Stats 2026-02-23 at 09_48_18.csv,Viết bài top-list/so sánh; map vào cluster hub; bổ sung schema + ảnh/UGC,B,82.50000000000001,-90.0%,"12,821"
khách sạn thành phố hồ chí minh quận 1,Quận 1 Trip,Lưu trú,Out-of-scope Quận 1,Commercial Investigation,50,N/A,N/A,N/A,Planner (Cao),data/google_planner/ho-chi-minh/Keyword Stats 2026-02-23 at 09_48_18.csv,Viết bài top-list/so sánh; map vào cluster hub; bổ sung schema + ảnh/UGC,B,82.50000000000001,0%,"24,387"
palace hotel quận 1,Quận 1 Trip,Lưu trú,Out-of-scope Quận 1,Commercial Investigation,50,N/A,N/A,N/A,Planner (Cao),data/google_planner/ho-chi-minh/Keyword Stats 2026-02-23 at 09_48_18.csv,Viết bài top-list/so sánh; map vào cluster hub; bổ sung schema + ảnh/UGC,B,82.50000000000001,0%,"8,849"
khách sạn khu vực quận 1,Quận 1 Trip,Lưu trú,Out-of-scope Quận 1,Commercial Investigation,50,N/A,N/A,N/A,Planner (Trung bình),data/google_planner/ho-chi-minh/Keyword Stats 2026-02-23 at 09_48_18.csv,Viết bài top-list/so sánh; map vào cluster hub; bổ sung schema + ảnh/UGC,B,82.50000000000001,0%,"19,786"
khách sạn giá rẻ ở sài gòn quận 1,Quận 1 Trip,Lưu trú,Out-of-scope Quận 1,Transaction,50,N/A,N/A,N/A,Planner (Cao),data/google_planner/ho-chi-minh/Keyword Stats 2026-02-23 at 09_48_18.csv,"Tạo landing chuyển đổi (giá/vé/đặt chỗ), gom vào cluster page + build backlink nội bộ",B,82.50000000000001,0%,"53,811"
các khách sạn quận 1,Quận 1 Trip,Lưu trú,Out-of-scope Quận 1,Commercial Investigation,50,N/A,N/A,N/A,Planner (Cao),data/google_planner/ho-chi-minh/Keyword Stats 2026-02-23 at 09_48_18.csv,Viết bài top-list/so sánh; map vào cluster hub; bổ sung schema + ảnh/UGC,B,82.50000000000001,0%,"17,640"
khách sạn silverland quận 1,Quận 1 Trip,Lưu trú,Out-of-scope Quận 1,Commercial Investigation,50,N/A,N/A,N/A,Planner (Trung bình),data/google_planner/ho-chi-minh/Keyword Stats 2026-02-23 at 09_48_18.csv,Viết bài top-list/so sánh; map vào cluster hub; bổ sung schema + ảnh/UGC,B,82.50000000000001,-90.0%,"10,703"
khách sạn sài gòn center quận 1,Quận 1 Trip,Lưu trú,Out-of-scope Quận 1,Commercial Investigation,50,N/A,N/A,N/A,Planner (Cao),data/google_planner/ho-chi-minh/Keyword Stats 2026-02-23 at 09_48_18.csv,Viết bài top-list/so sánh; map vào cluster hub; bổ sung schema + ảnh/UGC,B,82.50000000000001,-90.0%,"9,609"
giá khách sạn quận 1,Quận 1 Trip,Lưu trú,Out-of-scope Quận 1,Transaction,50,N/A,N/A,N/A,Planner (Cao),data/google_planner/ho-chi-minh/Keyword Stats 2026-02-23 at 09_48_18.csv,"Tạo landing chuyển đổi (giá/vé/đặt chỗ), gom vào cluster page + build backlink nội bộ",B,82.50000000000001,0%,"7,704"
khách sạn roseland quận 1,Quận 1 Trip,Lưu trú,Out-of-scope Quận 1,Commercial Investigation,50,N/A,N/A,N/A,Planner (Trung bình),data/google_planner/ho-chi-minh/Keyword Stats 2026-02-23 at 09_48_18.csv,Viết bài top-list/so sánh; map vào cluster hub; bổ sung schema + ảnh/UGC,B,82.50000000000001,0%,"7,871"
khách sạn blue diamond quận 1,Quận 1 Trip,Lưu trú,Out-of-scope Quận 1,Commercial Investigation,50,N/A,N/A,N/A,Planner (Trung bình),data/google_planner/ho-chi-minh/Keyword Stats 2026-02-23 at 09_48_18.csv,Viết bài top-list/so sánh; map vào cluster hub; bổ sung schema + ảnh/UGC,B,82.50000000000001,-90.0%,"11,167"
spring hotel quận 1,Quận 1 Trip,Lưu trú,Out-of-scope Quận 1,Commercial Investigation,50,N/A,N/A,N/A,Planner (Cao),data/google_planner/ho-chi-minh/Keyword Stats 2026-02-23 at 09_48_18.csv,Viết bài top-list/so sánh; map vào cluster hub; bổ sung schema + ảnh/UGC,B,82.50000000000001,0%,"12,979"
khách sạn đường thái văn lung quận 1,Quận 1 Trip,Lưu trú,Out-of-scope Quận 1,Commercial Investigation,50,N/A,N/A,N/A,Planner (Trung bình),data/google_planner/ho-chi-minh/Keyword Stats 2026-02-23 at 09_48_18.csv,Viết bài top-list/so sánh; map vào cluster hub; bổ sung schema + ảnh/UGC,B,82.50000000000001,0%,"12,696"
hotel a25 quận 1,Quận 1 Trip,Lưu trú,Out-of-scope Quận 1,Commercial Investigation,50,N/A,N/A,N/A,Planner (Trung bình),data/google_planner/ho-chi-minh/Keyword Stats 2026-02-23 at 09_48_18.csv,Viết bài top-list/so sánh; map vào cluster hub; bổ sung schema + ảnh/UGC,B,82.50000000000001,-90.0%,"5,488"
khách sạn ở quận 1 tphcm,Quận 1 Trip,Lưu trú,Out-of-scope Quận 1,Commercial Investigation,50,N/A,N/A,N/A,Planner (Cao),data/google_planner/ho-chi-minh/Keyword Stats 2026-02-23 at 09_48_18.csv,Viết bài top-list/so sánh; map vào cluster hub; bổ sung schema + ảnh/UGC,B,82.50000000000001,0%,"21,059"
khách sạn đường lê lai quận 1,Quận 1 Trip,Lưu trú,Out-of-scope Quận 1,Commercial Investigation,50,N/A,N/A,N/A,Planner (Cao),data/google_planner/ho-chi-minh/Keyword Stats 2026-02-23 at 09_48_18.csv,Viết bài top-list/so sánh; map vào cluster hub; bổ sung schema + ảnh/UGC,B,82.50000000000001,-90.0%,"15,093"
khách sạn mường thanh quận 1 hồ chí minh,Quận 1 Trip,Lưu trú,Out-of-scope Quận 1,Commercial Investigation,50,N/A,N/A,N/A,Planner (Cao),data/google_planner/ho-chi-minh/Keyword Stats 2026-02-23 at 09_48_18.csv,Viết bài top-list/so sánh; map vào cluster hub; bổ sung schema + ảnh/UGC,B,82.50000000000001,0%,"28,473"
khách sạn riverside quận 1,Quận 1 Trip,Lưu trú,Out-of-scope Quận 1,Commercial Investigation,50,N/A,N/A,N/A,Planner (Trung bình),data/google_planner/ho-chi-minh/Keyword Stats 2026-02-23 at 09_48_18.csv,Viết bài top-list/so sánh; map vào cluster hub; bổ sung schema + ảnh/UGC,B,82.50000000000001,0%,"16,620"
khách sạn 5 sao quận 1 hồ chí minh,Quận 1 Trip,Lưu trú,Out-of-scope Quận 1,Commercial Investigation,50,N/A,N/A,N/A,Planner (Cao),data/google_planner/ho-chi-minh/Keyword Stats 2026-02-23 at 09_48_18.csv,Viết bài top-list/so sánh; map vào cluster hub; bổ sung schema + ảnh/UGC,B,82.50000000000001,0%,"12,856"
khách sạn đường nguyễn du quận 1,Quận 1 Trip,Lưu trú,Out-of-scope Quận 1,Commercial Investigation,50,N/A,N/A,N/A,Planner (Cao),data/google_planner/ho-chi-minh/Keyword Stats 2026-02-23 at 09_48_18.csv,Viết bài top-list/so sánh; map vào cluster hub; bổ sung schema + ảnh/UGC,B,82.50000000000001,-90.0%,"17,088"
a in hotel quận 1,Quận 1 Trip,Lưu trú,Out-of-scope Quận 1,Commercial Investigation,50,N/A,N/A,N/A,Planner (Trung bình),data/google_planner/ho-chi-minh/Keyword Stats 2026-02-23 at 09_48_18.csv,Viết bài top-list/so sánh; map vào cluster hub; bổ sung schema + ảnh/UGC,B,82.50000000000001,0%,"9,556"
adora hotel quận 1,Quận 1 Trip,Lưu trú,Out-of-scope Quận 1,Commercial Investigation,50,N/A,N/A,N/A,Planner (Trung bình),data/google_planner/ho-chi-minh/Keyword Stats 2026-02-23 at 09_48_18.csv,Viết bài top-list/so sánh; map vào cluster hub; bổ sung schema + ảnh/UGC,B,82.50000000000001,0%,"15,322"
bay hotel quận 1,Quận 1 Trip,Lưu trú,Out-of-scope Quận 1,Commercial Investigation,50,N/A,N/A,N/A,Planner (Cao),data/google_planner/ho-chi-minh/Keyword Stats 2026-02-23 at 09_48_18.csv,Viết bài top-list/so sánh; map vào cluster hub; bổ sung schema + ảnh/UGC,B,82.50000000000001,0%,"11,953"
cherry hotel quận 1,Quận 1 Trip,Lưu trú,Out-of-scope Quận 1,Commercial Investigation,50,N/A,N/A,N/A,Planner (Cao),data/google_planner/ho-chi-minh/Keyword Stats 2026-02-23 at 09_48_18.csv,Viết bài top-list/so sánh; map vào cluster hub; bổ sung schema + ảnh/UGC,B,82.50000000000001,-90.0%,"9,691"
các khách sạn 4 sao ở quận 1,Quận 1 Trip,Lưu trú,Out-of-scope Quận 1,Commercial Investigation,50,N/A,N/A,N/A,Planner (Cao),data/google_planner/ho-chi-minh/Keyword Stats 2026-02-23 at 09_48_18.csv,Viết bài top-list/so sánh; map vào cluster hub; bổ sung schema + ảnh/UGC,B,82.50000000000001,0%,"22,334"
các khách sạn 5 sao ở quận 1,Quận 1 Trip,Lưu trú,Out-of-scope Quận 1,Commercial Investigation,50,N/A,N/A,N/A,Planner (Cao),data/google_planner/ho-chi-minh/Keyword Stats 2026-02-23 at 09_48_18.csv,Viết bài top-list/so sánh; map vào cluster hub; bổ sung schema + ảnh/UGC,B,82.50000000000001,0%,"4,675"
các khách sạn trên đường lý tự trọng quận 1,Quận 1 Trip,Lưu trú,Out-of-scope Quận 1,Commercial Investigation,50,N/A,N/A,N/A,Planner (Cao),data/google_planner/ho-chi-minh/Keyword Stats 2026-02-23 at 09_48_18.csv,Viết bài top-list/so sánh; map vào cluster hub; bổ sung schema + ảnh/UGC,B,82.50000000000001,0%,"11,610"
các khách sạn ở quận 1 tphcm,Quận 1 Trip,Lưu trú,Out-of-scope Quận 1,Commercial Investigation,50,N/A,N/A,N/A,Planner (Cao),data/google_planner/ho-chi-minh/Keyword Stats 2026-02-23 at 09_48_18.csv,Viết bài top-list/so sánh; map vào cluster hub; bổ sung schema + ảnh/UGC,B,82.50000000000001,0%,"23,847"
danh sách khách sạn quận 1,Quận 1 Trip,Lưu trú,Out-of-scope Quận 1,Commercial Investigation,50,N/A,N/A,N/A,Planner (Cao),data/google_planner/ho-chi-minh/Keyword Stats 2026-02-23 at 09_48_18.csv,Viết bài top-list/so sánh; map vào cluster hub; bổ sung schema + ảnh/UGC,B,82.50000000000001,0%,"6,338"
felix hotel quận 1,Quận 1 Trip,Lưu trú,Out-of-scope Quận 1,Commercial Investigation,50,N/A,N/A,N/A,Planner (Cao),data/google_planner/ho-chi-minh/Keyword Stats 2026-02-23 at 09_48_18.csv,Viết bài top-list/so sánh; map vào cluster hub; bổ sung schema + ảnh/UGC,B,82.50000000000001,0%,"19,634"
gia viên hotel quận 1,Quận 1 Trip,Lưu trú,Out-of-scope Quận 1,Transaction,50,N/A,N/A,N/A,Planner (Cao),data/google_planner/ho-chi-minh/Keyword Stats 2026-02-23 at 09_48_18.csv,"Tạo landing chuyển đổi (giá/vé/đặt chỗ), gom vào cluster page + build backlink nội bộ",B,82.50000000000001,0%,"11,846"
giá khách sạn ở quận 1,Quận 1 Trip,Lưu trú,Out-of-scope Quận 1,Transaction,50,N/A,N/A,N/A,Planner (Cao),data/google_planner/ho-chi-minh/Keyword Stats 2026-02-23 at 09_48_18.csv,"Tạo landing chuyển đổi (giá/vé/đặt chỗ), gom vào cluster page + build backlink nội bộ",B,82.50000000000001,0%,"3,668"
golden star hotel quận 1,Quận 1 Trip,Lưu trú,Out-of-scope Quận 1,Commercial Investigation,50,N/A,N/A,N/A,Planner (Cao),data/google_planner/ho-chi-minh/Keyword Stats 2026-02-23 at 09_48_18.csv,Viết bài top-list/so sánh; map vào cluster hub; bổ sung schema + ảnh/UGC,B,82.50000000000001,0%,"11,629"
homestay ở quận 1,Quận 1 Trip,Lưu trú,Out-of-scope Quận 1,Commercial Investigation,50,N/A,N/A,N/A,Planner (Trung bình),data/google_planner/ho-chi-minh/Keyword Stats 2026-02-23 at 09_48_18.csv,Viết bài top-list/so sánh; map vào cluster hub; bổ sung schema + ảnh/UGC,B,82.50000000000001,0%,"11,441"
khach san 4 sao quan 1,Quận 1 Trip,Lưu trú,Out-of-scope Quận 1,Commercial Investigation,50,N/A,N/A,N/A,Planner (Cao),data/google_planner/ho-chi-minh/Keyword Stats 2026-02-23 at 09_48_18.csv,Viết bài top-list/so sánh; map vào cluster hub; bổ sung schema + ảnh/UGC,B,82.50000000000001,0%,"19,571"
khách sạn may quận 1,Quận 1 Trip,Lưu trú,Out-of-scope Quận 1,Commercial Investigation,50,N/A,N/A,N/A,Planner (Trung bình),data/google_planner/ho-chi-minh/Keyword Stats 2026-02-23 at 09_48_18.csv,Viết bài top-list/so sánh; map vào cluster hub; bổ sung schema + ảnh/UGC,B,82.50000000000001,0%,"6,696"
khach san nhat ha quan 1 tphcm,Quận 1 Trip,Lưu trú,Out-of-scope Quận 1,Commercial Investigation,50,N/A,N/A,N/A,Planner (Trung bình),data/google_planner/ho-chi-minh/Keyword Stats 2026-02-23 at 09_48_18.csv,Viết bài top-list/so sánh; map vào cluster hub; bổ sung schema + ảnh/UGC,B,82.50000000000001,0%,"10,388"
khach san rex sai gon quan 1,Quận 1 Trip,Lưu trú,Out-of-scope Quận 1,Commercial Investigation,50,N/A,N/A,N/A,Planner (Cao),data/google_planner/ho-chi-minh/Keyword Stats 2026-02-23 at 09_48_18.csv,Viết bài top-list/so sánh; map vào cluster hub; bổ sung schema + ảnh/UGC,B,82.50000000000001,0%,"10,067"
khách sạn 25a quận 1,Quận 1 Trip,Lưu trú,Out-of-scope Quận 1,Commercial Investigation,50,N/A,N/A,N/A,Planner (Cao),data/google_planner/ho-chi-minh/Keyword Stats 2026-02-23 at 09_48_18.csv,Viết bài top-list/so sánh; map vào cluster hub; bổ sung schema + ảnh/UGC,B,82.50000000000001,0%,"5,241"
khách sạn 3 sao tại quận 1,Quận 1 Trip,Lưu trú,Out-of-scope Quận 1,Commercial Investigation,50,N/A,N/A,N/A,Planner (Cao),data/google_planner/ho-chi-minh/Keyword Stats 2026-02-23 at 09_48_18.csv,Viết bài top-list/so sánh; map vào cluster hub; bổ sung schema + ảnh/UGC,B,82.50000000000001,0%,"24,392"
khách sạn 3 sao đường lý tự trọng quận 1,Quận 1 Trip,Lưu trú,Out-of-scope Quận 1,Commercial Investigation,50,N/A,N/A,N/A,Planner (Cao),data/google_planner/ho-chi-minh/Keyword Stats 2026-02-23 at 09_48_18.csv,Viết bài top-list/so sánh; map vào cluster hub; bổ sung schema + ảnh/UGC,B,82.50000000000001,0%,"14,886"
khách sạn 4 sao tại quận 1,Quận 1 Trip,Lưu trú,Out-of-scope Quận 1,Commercial Investigation,50,N/A,N/A,N/A,Planner (Cao),data/google_planner/ho-chi-minh/Keyword Stats 2026-02-23 at 09_48_18.csv,Viết bài top-list/so sánh; map vào cluster hub; bổ sung schema + ảnh/UGC,B,82.50000000000001,0%,"9,609"
khách sạn 5 sao tại quận 1,Quận 1 Trip,Lưu trú,Out-of-scope Quận 1,Commercial Investigation,50,N/A,N/A,N/A,Planner (Cao),data/google_planner/ho-chi-minh/Keyword Stats 2026-02-23 at 09_48_18.csv,Viết bài top-list/so sánh; map vào cluster hub; bổ sung schema + ảnh/UGC,B,82.50000000000001,0%,"6,038"
khách sạn a25 lý tự trọng quận 1,Quận 1 Trip,Lưu trú,Out-of-scope Quận 1,Commercial Investigation,50,N/A,N/A,N/A,Planner (Cao),data/google_planner/ho-chi-minh/Keyword Stats 2026-02-23 at 09_48_18.csv,Viết bài top-list/so sánh; map vào cluster hub; bổ sung schema + ảnh/UGC,B,82.50000000000001,0%,"12,120"
khách sạn a25 nguyễn trãi quận 1,Quận 1 Trip,Lưu trú,Out-of-scope Quận 1,Commercial Investigation,50,N/A,N/A,N/A,Planner (Cao),data/google_planner/ho-chi-minh/Keyword Stats 2026-02-23 at 09_48_18.csv,Viết bài top-list/so sánh; map vào cluster hub; bổ sung schema + ảnh/UGC,B,82.50000000000001,0%,"6,752"
khách sạn a25 quận 1 sài gòn,Quận 1 Trip,Lưu trú,Out-of-scope Quận 1,Commercial Investigation,50,N/A,N/A,N/A,Planner (Trung bình),data/google_planner/ho-chi-minh/Keyword Stats 2026-02-23 at 09_48_18.csv,Viết bài top-list/so sánh; map vào cluster hub; bổ sung schema + ảnh/UGC,B,82.50000000000001,0%,"11,652"
khách sạn a25 đề thám quận 1,Quận 1 Trip,Lưu trú,Out-of-scope Quận 1,Commercial Investigation,50,N/A,N/A,N/A,Planner (Trung bình),data/google_planner/ho-chi-minh/Keyword Stats 2026-02-23 at 09_48_18.csv,Viết bài top-list/so sánh; map vào cluster hub; bổ sung schema + ảnh/UGC,B,82.50000000000001,0%,"17,733"
khách sạn a25 ở quận 1,Quận 1 Trip,Lưu trú,Out-of-scope Quận 1,Commercial Investigation,50,N/A,N/A,N/A,Planner (Trung bình),data/google_planner/ho-chi-minh/Keyword Stats 2026-02-23 at 09_48_18.csv,Viết bài top-list/so sánh; map vào cluster hub; bổ sung schema + ảnh/UGC,B,82.50000000000001,0%,"8,585"
khách sạn alagon quận 1,Quận 1 Trip,Lưu trú,Out-of-scope Quận 1,Commercial Investigation,50,N/A,N/A,N/A,Planner (Cao),data/google_planner/ho-chi-minh/Keyword Stats 2026-02-23 at 09_48_18.csv,Viết bài top-list/so sánh; map vào cluster hub; bổ sung schema + ảnh/UGC,B,82.50000000000001,0%,"10,907"
khách sạn bay quận 1,Quận 1 Trip,Lưu trú,Out-of-scope Quận 1,Commercial Investigation,50,N/A,N/A,N/A,Planner (Cao),data/google_planner/ho-chi-minh/Keyword Stats 2026-02-23 at 09_48_18.csv,Viết bài top-list/so sánh; map vào cluster hub; bổ sung schema + ảnh/UGC,B,82.50000000000001,0%,"13,165"
khách sạn boutique quận 1,Quận 1 Trip,Lưu trú,Out-of-scope Quận 1,Commercial Investigation,50,N/A,N/A,N/A,Planner (Trung bình),data/google_planner/ho-chi-minh/Keyword Stats 2026-02-23 at 09_48_18.csv,Viết bài top-list/so sánh; map vào cluster hub; bổ sung schema + ảnh/UGC,B,82.50000000000001,0%,"9,793"
khách sạn bông sen quận 1 hồ chí minh,Quận 1 Trip,Lưu trú,Out-of-scope Quận 1,Commercial Investigation,50,N/A,N/A,N/A,Planner (Cao),data/google_planner/ho-chi-minh/Keyword Stats 2026-02-23 at 09_48_18.csv,Viết bài top-list/so sánh; map vào cluster hub; bổ sung schema + ảnh/UGC,B,82.50000000000001,0%,"12,346"
khách sạn bông sen sài gòn quận 1,Quận 1 Trip,Lưu trú,Out-of-scope Quận 1,Commercial Investigation,50,N/A,N/A,N/A,Planner (Cao),data/google_planner/ho-chi-minh/Keyword Stats 2026-02-23 at 09_48_18.csv,Viết bài top-list/so sánh; map vào cluster hub; bổ sung schema + ảnh/UGC,B,82.50000000000001,0%,"22,787"
khách sạn calista quận 1,Quận 1 Trip,Lưu trú,Out-of-scope Quận 1,Commercial Investigation,50,N/A,N/A,N/A,Planner (Cao),data/google_planner/ho-chi-minh/Keyword Stats 2026-02-23 at 09_48_18.csv,Viết bài top-list/so sánh; map vào cluster hub; bổ sung schema + ảnh/UGC,B,82.50000000000001,0%,"10,044"
khách sạn calmette quận 1,Quận 1 Trip,Lưu trú,Out-of-scope Quận 1,Commercial Investigation,50,N/A,N/A,N/A,Planner (Trung bình),data/google_planner/ho-chi-minh/Keyword Stats 2026-02-23 at 09_48_18.csv,Viết bài top-list/so sánh; map vào cluster hub; bổ sung schema + ảnh/UGC,B,82.50000000000001,0%,"10,784"
khách sạn cao cấp quận 1,Quận 1 Trip,Lưu trú,Out-of-scope Quận 1,Commercial Investigation,50,N/A,N/A,N/A,Planner (Cao),data/google_planner/ho-chi-minh/Keyword Stats 2026-02-23 at 09_48_18.csv,Viết bài top-list/so sánh; map vào cluster hub; bổ sung schema + ảnh/UGC,B,82.50000000000001,0%,"7,375"
khách sạn central palace quận 1,Quận 1 Trip,Lưu trú,Out-of-scope Quận 1,Commercial Investigation,50,N/A,N/A,N/A,Planner (Cao),data/google_planner/ho-chi-minh/Keyword Stats 2026-02-23 at 09_48_18.csv,Viết bài top-list/so sánh; map vào cluster hub; bổ sung schema + ảnh/UGC,B,82.50000000000001,0%,"7,773"
khách sạn continental quận 1,Quận 1 Trip,Lưu trú,Out-of-scope Quận 1,Commercial Investigation,50,N/A,N/A,N/A,Planner (Trung bình),data/google_planner/ho-chi-minh/Keyword Stats 2026-02-23 at 09_48_18.csv,Viết bài top-list/so sánh; map vào cluster hub; bổ sung schema + ảnh/UGC,B,82.50000000000001,-90.0%,"13,200"
khách sạn dda quận 1,Quận 1 Trip,Lưu trú,Out-of-scope Quận 1,Commercial Investigation,50,N/A,N/A,N/A,Planner (Cao),data/google_planner/ho-chi-minh/Keyword Stats 2026-02-23 at 09_48_18.csv,Viết bài top-list/so sánh; map vào cluster hub; bổ sung schema + ảnh/UGC,B,82.50000000000001,-90.0%,"22,997"
khách sạn eden quận 1,Quận 1 Trip,Lưu trú,Out-of-scope Quận 1,Commercial Investigation,50,N/A,N/A,N/A,Planner (Trung bình),data/google_planner/ho-chi-minh/Keyword Stats 2026-02-23 at 09_48_18.csv,Viết bài top-list/so sánh; map vào cluster hub; bổ sung schema + ảnh/UGC,B,82.50000000000001,-90.0%,"9,220"
khách sạn giá tốt ở quận 1,Quận 1 Trip,Lưu trú,Out-of-scope Quận 1,Transaction,50,N/A,N/A,N/A,Planner (Cao),data/google_planner/ho-chi-minh/Keyword Stats 2026-02-23 at 09_48_18.csv,"Tạo landing chuyển đổi (giá/vé/đặt chỗ), gom vào cluster page + build backlink nội bộ",B,82.50000000000001,0%,"15,011"
khách sạn grand quận 1,Quận 1 Trip,Lưu trú,Out-of-scope Quận 1,Commercial Investigation,50,N/A,N/A,N/A,Planner (Thấp),data/google_planner/ho-chi-minh/Keyword Stats 2026-02-23 at 09_48_18.csv,Viết bài top-list/so sánh; map vào cluster hub; bổ sung schema + ảnh/UGC,B,82.50000000000001,0%,"4,480"
khách sạn harmony quận 1,Quận 1 Trip,Lưu trú,Out-of-scope Quận 1,Commercial Investigation,50,N/A,N/A,N/A,Planner (Trung bình),data/google_planner/ho-chi-minh/Keyword Stats 2026-02-23 at 09_48_18.csv,Viết bài top-list/so sánh; map vào cluster hub; bổ sung schema + ảnh/UGC,B,82.50000000000001,0%,"13,322"
khách sạn hoàng gia quận 1,Quận 1 Trip,Lưu trú,Out-of-scope Quận 1,Transaction,50,N/A,N/A,N/A,Planner (Thấp),data/google_planner/ho-chi-minh/Keyword Stats 2026-02-23 at 09_48_18.csv,"Tạo landing chuyển đổi (giá/vé/đặt chỗ), gom vào cluster page + build backlink nội bộ",B,82.50000000000001,0%,"8,118"
khách sạn intercontinental quận 1,Quận 1 Trip,Lưu trú,Out-of-scope Quận 1,Commercial Investigation,50,N/A,N/A,N/A,Planner (Thấp),data/google_planner/ho-chi-minh/Keyword Stats 2026-02-23 at 09_48_18.csv,Viết bài top-list/so sánh; map vào cluster hub; bổ sung schema + ảnh/UGC,B,82.50000000000001,-90.0%,"13,890"
khách sạn kim dung quận 1,Quận 1 Trip,Lưu trú,Out-of-scope Quận 1,Commercial Investigation,50,N/A,N/A,N/A,Planner (Cao),data/google_planner/ho-chi-minh/Keyword Stats 2026-02-23 at 09_48_18.csv,Viết bài top-list/so sánh; map vào cluster hub; bổ sung schema + ảnh/UGC,B,82.50000000000001,0%,"19,217"
khách sạn kim đô quận 1,Quận 1 Trip,Lưu trú,Out-of-scope Quận 1,Commercial Investigation,50,N/A,N/A,N/A,Planner (Trung bình),data/google_planner/ho-chi-minh/Keyword Stats 2026-02-23 at 09_48_18.csv,Viết bài top-list/so sánh; map vào cluster hub; bổ sung schema + ảnh/UGC,B,82.50000000000001,0%,"9,766"
khách sạn lavender quận 1,Quận 1 Trip,Lưu trú,Out-of-scope Quận 1,Commercial Investigation,50,N/A,N/A,N/A,Planner (Trung bình),data/google_planner/ho-chi-minh/Keyword Stats 2026-02-23 at 09_48_18.csv,Viết bài top-list/so sánh; map vào cluster hub; bổ sung schema + ảnh/UGC,B,82.50000000000001,0%,"17,152"
khách sạn liberty pasteur quận 1,Quận 1 Trip,Lưu trú,Out-of-scope Quận 1,Commercial Investigation,50,N/A,N/A,N/A,Planner (Trung bình),data/google_planner/ho-chi-minh/Keyword Stats 2026-02-23 at 09_48_18.csv,Viết bài top-list/so sánh; map vào cluster hub; bổ sung schema + ảnh/UGC,B,82.50000000000001,0%,"26,749"
khách sạn liberty quận 1 phạm ngũ lão,Quận 1 Trip,Lưu trú,Out-of-scope Quận 1,Commercial Investigation,50,N/A,N/A,N/A,Planner (Trung bình),data/google_planner/ho-chi-minh/Keyword Stats 2026-02-23 at 09_48_18.csv,Viết bài top-list/so sánh; map vào cluster hub; bổ sung schema + ảnh/UGC,B,82.50000000000001,0%,"15,231"
khách sạn lotte quận 1,Quận 1 Trip,Lưu trú,Out-of-scope Quận 1,Commercial Investigation,50,N/A,N/A,N/A,Planner (Trung bình),data/google_planner/ho-chi-minh/Keyword Stats 2026-02-23 at 09_48_18.csv,Viết bài top-list/so sánh; map vào cluster hub; bổ sung schema + ảnh/UGC,B,82.50000000000001,0%,"9,349"
khách sạn luxury quận 1,Quận 1 Trip,Lưu trú,Out-of-scope Quận 1,Commercial Investigation,50,N/A,N/A,N/A,Planner (Cao),data/google_planner/ho-chi-minh/Keyword Stats 2026-02-23 at 09_48_18.csv,Viết bài top-list/so sánh; map vào cluster hub; bổ sung schema + ảnh/UGC,B,82.50000000000001,0%,"4,675"
khách sạn lê lai quận 1,Quận 1 Trip,Lưu trú,Out-of-scope Quận 1,Commercial Investigation,50,N/A,N/A,N/A,Planner (Cao),data/google_planner/ho-chi-minh/Keyword Stats 2026-02-23 at 09_48_18.csv,Viết bài top-list/so sánh; map vào cluster hub; bổ sung schema + ảnh/UGC,B,82.50000000000001,0%,"20,465"
khách sạn lê thị hồng gấm quận 1,Quận 1 Trip,Lưu trú,Out-of-scope Quận 1,Commercial Investigation,50,N/A,N/A,N/A,Planner (Cao),data/google_planner/ho-chi-minh/Keyword Stats 2026-02-23 at 09_48_18.csv,Viết bài top-list/so sánh; map vào cluster hub; bổ sung schema + ảnh/UGC,B,82.50000000000001,0%,"16,741"
khách sạn lê thị riêng quận 1,Quận 1 Trip,Lưu trú,Out-of-scope Quận 1,Commercial Investigation,50,N/A,N/A,N/A,Planner (Cao),data/google_planner/ho-chi-minh/Keyword Stats 2026-02-23 at 09_48_18.csv,Viết bài top-list/so sánh; map vào cluster hub; bổ sung schema + ảnh/UGC,B,82.50000000000001,0%,"9,868"
khách sạn megustas quận 1,Quận 1 Trip,Lưu trú,Out-of-scope Quận 1,Commercial Investigation,50,N/A,N/A,N/A,Planner (Trung bình),data/google_planner/ho-chi-minh/Keyword Stats 2026-02-23 at 09_48_18.csv,Viết bài top-list/so sánh; map vào cluster hub; bổ sung schema + ảnh/UGC,B,82.50000000000001,0%,"24,411"
khách sạn mini quận 1,Quận 1 Trip,Lưu trú,Out-of-scope Quận 1,Commercial Investigation,50,N/A,N/A,N/A,Planner (Trung bình),data/google_planner/ho-chi-minh/Keyword Stats 2026-02-23 at 09_48_18.csv,Viết bài top-list/so sánh; map vào cluster hub; bổ sung schema + ảnh/UGC,B,82.50000000000001,0%,"14,101"
khách sạn nguyễn bỉnh khiêm quận 1,Quận 1 Trip,Lưu trú,Out-of-scope Quận 1,Commercial Investigation,50,N/A,N/A,N/A,Planner (Cao),data/google_planner/ho-chi-minh/Keyword Stats 2026-02-23 at 09_48_18.csv,Viết bài top-list/so sánh; map vào cluster hub; bổ sung schema + ảnh/UGC,B,82.50000000000001,-90.0%,"10,128"
khách sạn nguyễn công trứ quận 1,Quận 1 Trip,Lưu trú,Out-of-scope Quận 1,Commercial Investigation,50,N/A,N/A,N/A,Planner (Cao),data/google_planner/ho-chi-minh/Keyword Stats 2026-02-23 at 09_48_18.csv,Viết bài top-list/so sánh; map vào cluster hub; bổ sung schema + ảnh/UGC,B,82.50000000000001,0%,"29,795"
khách sạn nguyễn du quận 1,Quận 1 Trip,Lưu trú,Out-of-scope Quận 1,Commercial Investigation,50,N/A,N/A,N/A,Planner (Trung bình),data/google_planner/ho-chi-minh/Keyword Stats 2026-02-23 at 09_48_18.csv,Viết bài top-list/so sánh; map vào cluster hub; bổ sung schema + ảnh/UGC,B,82.50000000000001,0%,"16,144"
khách sạn nguyễn văn thủ quận 1,Quận 1 Trip,Lưu trú,Out-of-scope Quận 1,Commercial Investigation,50,N/A,N/A,N/A,Planner (Cao),data/google_planner/ho-chi-minh/Keyword Stats 2026-02-23 at 09_48_18.csv,Viết bài top-list/so sánh; map vào cluster hub; bổ sung schema + ảnh/UGC,B,82.50000000000001,0%,"22,108"
khách sạn nguyễn đình chiểu quận 1,Quận 1 Trip,Lưu trú,Out-of-scope Quận 1,Commercial Investigation,50,N/A,N/A,N/A,Planner (Cao),data/google_planner/ho-chi-minh/Keyword Stats 2026-02-23 at 09_48_18.csv,Viết bài top-list/so sánh; map vào cluster hub; bổ sung schema + ảnh/UGC,B,82.50000000000001,0%,"14,709"
khách sạn ngân hà lê thánh tôn quận 1,Quận 1 Trip,Lưu trú,Out-of-scope Quận 1,Commercial Investigation,50,N/A,N/A,N/A,Planner (Trung bình),data/google_planner/ho-chi-minh/Keyword Stats 2026-02-23 at 09_48_18.csv,Viết bài top-list/so sánh; map vào cluster hub; bổ sung schema + ảnh/UGC,B,82.50000000000001,0%,"7,751"
khách sạn nikko 235 nguyễn văn cừ quận 1,Quận 1 Trip,Lưu trú,Out-of-scope Quận 1,Commercial Investigation,50,N/A,N/A,N/A,Planner (Trung bình),data/google_planner/ho-chi-minh/Keyword Stats 2026-02-23 at 09_48_18.csv,Viết bài top-list/so sánh; map vào cluster hub; bổ sung schema + ảnh/UGC,B,82.50000000000001,0%,"11,358"
khách sạn nouveau happy inn quận 1 hồ chí minh,Quận 1 Trip,Lưu trú,Out-of-scope Quận 1,Commercial Investigation,50,N/A,N/A,N/A,Planner (Trung bình),data/google_planner/ho-chi-minh/Keyword Stats 2026-02-23 at 09_48_18.csv,Viết bài top-list/so sánh; map vào cluster hub; bổ sung schema + ảnh/UGC,B,82.50000000000001,0%,"18,550"
khách sạn novotel quận 1,Quận 1 Trip,Lưu trú,Out-of-scope Quận 1,Commercial Investigation,50,N/A,N/A,N/A,Planner (Thấp),data/google_planner/ho-chi-minh/Keyword Stats 2026-02-23 at 09_48_18.csv,Viết bài top-list/so sánh; map vào cluster hub; bổ sung schema + ảnh/UGC,B,82.50000000000001,-90.0%,"4,415"
khách sạn palago quận 1,Quận 1 Trip,Lưu trú,Out-of-scope Quận 1,Commercial Investigation,50,N/A,N/A,N/A,Planner (Trung bình),data/google_planner/ho-chi-minh/Keyword Stats 2026-02-23 at 09_48_18.csv,Viết bài top-list/so sánh; map vào cluster hub; bổ sung schema + ảnh/UGC,B,82.50000000000001,0%,"9,166"
khách sạn phượng hoàng quận 1,Quận 1 Trip,Lưu trú,Out-of-scope Quận 1,Commercial Investigation,50,N/A,N/A,N/A,Planner (Trung bình),data/google_planner/ho-chi-minh/Keyword Stats 2026-02-23 at 09_48_18.csv,Viết bài top-list/so sánh; map vào cluster hub; bổ sung schema + ảnh/UGC,B,82.50000000000001,-90.0%,"11,697"
khách sạn queen central quận 1,Quận 1 Trip,Lưu trú,Out-of-scope Quận 1,Commercial Investigation,50,N/A,N/A,N/A,Planner (Trung bình),data/google_planner/ho-chi-minh/Keyword Stats 2026-02-23 at 09_48_18.csv,Viết bài top-list/so sánh; map vào cluster hub; bổ sung schema + ảnh/UGC,B,82.50000000000001,0%,"9,868"
khách sạn quý hùng quận 1,Quận 1 Trip,Lưu trú,Out-of-scope Quận 1,Commercial Investigation,50,N/A,N/A,N/A,Planner (Cao),data/google_planner/ho-chi-minh/Keyword Stats 2026-02-23 at 09_48_18.csv,Viết bài top-list/so sánh; map vào cluster hub; bổ sung schema + ảnh/UGC,B,82.50000000000001,0%,"10,647"
khách sạn quận 1 hồ chí minh giá rẻ,Quận 1 Trip,Lưu trú,Out-of-scope Quận 1,Transaction,50,N/A,N/A,N/A,Planner (Cao),data/google_planner/ho-chi-minh/Keyword Stats 2026-02-23 at 09_48_18.csv,"Tạo landing chuyển đổi (giá/vé/đặt chỗ), gom vào cluster page + build backlink nội bộ",B,82.50000000000001,0%,"28,566"
khách sạn quận 1 sài gòn giá rẻ,Quận 1 Trip,Lưu trú,Out-of-scope Quận 1,Transaction,50,N/A,N/A,N/A,Planner (Cao),data/google_planner/ho-chi-minh/Keyword Stats 2026-02-23 at 09_48_18.csv,"Tạo landing chuyển đổi (giá/vé/đặt chỗ), gom vào cluster page + build backlink nội bộ",B,82.50000000000001,0%,"24,152"
khách sạn red quận 1,Quận 1 Trip,Lưu trú,Out-of-scope Quận 1,Commercial Investigation,50,N/A,N/A,N/A,Planner (Trung bình),data/google_planner/ho-chi-minh/Keyword Stats 2026-02-23 at 09_48_18.csv,Viết bài top-list/so sánh; map vào cluster hub; bổ sung schema + ảnh/UGC,B,82.50000000000001,0%,"7,314"
khách sạn royal quận 1,Quận 1 Trip,Lưu trú,Out-of-scope Quận 1,Commercial Investigation,50,N/A,N/A,N/A,Planner (Cao),data/google_planner/ho-chi-minh/Keyword Stats 2026-02-23 at 09_48_18.csv,Viết bài top-list/so sánh; map vào cluster hub; bổ sung schema + ảnh/UGC,B,82.50000000000001,-90.0%,"9,452"
khách sạn sao mai quận 1,Quận 1 Trip,Lưu trú,Out-of-scope Quận 1,Commercial Investigation,50,N/A,N/A,N/A,Planner (Thấp),data/google_planner/ho-chi-minh/Keyword Stats 2026-02-23 at 09_48_18.csv,Viết bài top-list/so sánh; map vào cluster hub; bổ sung schema + ảnh/UGC,B,82.50000000000001,-90.0%,"6,492"
khách sạn song anh quận 1,Quận 1 Trip,Lưu trú,Out-of-scope Quận 1,Commercial Investigation,50,N/A,N/A,N/A,Planner (Trung bình),data/google_planner/ho-chi-minh/Keyword Stats 2026-02-23 at 09_48_18.csv,Viết bài top-list/so sánh; map vào cluster hub; bổ sung schema + ảnh/UGC,B,82.50000000000001,0%,"6,436"
khách sạn sotetsu quận 1,Quận 1 Trip,Lưu trú,Out-of-scope Quận 1,Commercial Investigation,50,N/A,N/A,N/A,Planner (Cao),data/google_planner/ho-chi-minh/Keyword Stats 2026-02-23 at 09_48_18.csv,Viết bài top-list/so sánh; map vào cluster hub; bổ sung schema + ảnh/UGC,B,82.50000000000001,0%,"7,936"
khách sạn sài gòn đông du quận 1,Quận 1 Trip,Lưu trú,Out-of-scope Quận 1,Commercial Investigation,50,N/A,N/A,N/A,Planner (Cao),data/google_planner/ho-chi-minh/Keyword Stats 2026-02-23 at 09_48_18.csv,Viết bài top-list/so sánh; map vào cluster hub; bổ sung schema + ảnh/UGC,B,82.50000000000001,0%,"15,128"
khách sạn thi sách quận 1,Quận 1 Trip,Lưu trú,Out-of-scope Quận 1,Commercial Investigation,50,N/A,N/A,N/A,Planner (Cao),data/google_planner/ho-chi-minh/Keyword Stats 2026-02-23 at 09_48_18.csv,Viết bài top-list/so sánh; map vào cluster hub; bổ sung schema + ảnh/UGC,B,82.50000000000001,-90.0%,"16,620"
khách sạn thái văn lung quận 1,Quận 1 Trip,Lưu trú,Out-of-scope Quận 1,Commercial Investigation,50,N/A,N/A,N/A,Planner (Cao),data/google_planner/ho-chi-minh/Keyword Stats 2026-02-23 at 09_48_18.csv,Viết bài top-list/so sánh; map vào cluster hub; bổ sung schema + ảnh/UGC,B,82.50000000000001,-90.0%,"14,521"
khách sạn trên đường lý tự trọng quận 1,Quận 1 Trip,Lưu trú,Out-of-scope Quận 1,Commercial Investigation,50,N/A,N/A,N/A,Planner (Cao),data/google_planner/ho-chi-minh/Keyword Stats 2026-02-23 at 09_48_18.csv,Viết bài top-list/so sánh; map vào cluster hub; bổ sung schema + ảnh/UGC,B,82.50000000000001,0%,"15,673"
khách sạn trên đường nguyễn bỉnh khiêm quận 1,Quận 1 Trip,Lưu trú,Out-of-scope Quận 1,Commercial Investigation,50,N/A,N/A,N/A,Planner (Cao),data/google_planner/ho-chi-minh/Keyword Stats 2026-02-23 at 09_48_18.csv,Viết bài top-list/so sánh; map vào cluster hub; bổ sung schema + ảnh/UGC,B,82.50000000000001,0%,"6,492"
khách sạn trên đường nguyễn du quận 1,Quận 1 Trip,Lưu trú,Out-of-scope Quận 1,Commercial Investigation,50,N/A,N/A,N/A,Planner (Cao),data/google_planner/ho-chi-minh/Keyword Stats 2026-02-23 at 09_48_18.csv,Viết bài top-list/so sánh; map vào cluster hub; bổ sung schema + ảnh/UGC,B,82.50000000000001,0%,"8,178"
khách sạn trên đường pasteur quận 1,Quận 1 Trip,Lưu trú,Out-of-scope Quận 1,Commercial Investigation,50,N/A,N/A,N/A,Planner (Cao),data/google_planner/ho-chi-minh/Keyword Stats 2026-02-23 at 09_48_18.csv,Viết bài top-list/so sánh; map vào cluster hub; bổ sung schema + ảnh/UGC,B,82.50000000000001,0%,"22,166"
khách sạn trên đường thi sách quận 1,Quận 1 Trip,Lưu trú,Out-of-scope Quận 1,Commercial Investigation,50,N/A,N/A,N/A,Planner (Cao),data/google_planner/ho-chi-minh/Keyword Stats 2026-02-23 at 09_48_18.csv,Viết bài top-list/so sánh; map vào cluster hub; bổ sung schema + ảnh/UGC,B,82.50000000000001,0%,"13,622"
khách sạn trên đường đề thám quận 1,Quận 1 Trip,Lưu trú,Out-of-scope Quận 1,Commercial Investigation,50,N/A,N/A,N/A,Planner (Cao),data/google_planner/ho-chi-minh/Keyword Stats 2026-02-23 at 09_48_18.csv,Viết bài top-list/so sánh; map vào cluster hub; bổ sung schema + ảnh/UGC,B,82.50000000000001,0%,"12,880"
khách sạn tuấn việt quận 1,Quận 1 Trip,Lưu trú,Out-of-scope Quận 1,Commercial Investigation,50,N/A,N/A,N/A,Planner (Trung bình),data/google_planner/ho-chi-minh/Keyword Stats 2026-02-23 at 09_48_18.csv,Viết bài top-list/so sánh; map vào cluster hub; bổ sung schema + ảnh/UGC,B,82.50000000000001,0%,"9,804"
khách sạn tôn đức thắng quận 1,Quận 1 Trip,Lưu trú,Out-of-scope Quận 1,Commercial Investigation,50,N/A,N/A,N/A,Planner (Cao),data/google_planner/ho-chi-minh/Keyword Stats 2026-02-23 at 09_48_18.csv,Viết bài top-list/so sánh; map vào cluster hub; bổ sung schema + ảnh/UGC,B,82.50000000000001,0%,"11,427"
khách sạn tốt quận 1,Quận 1 Trip,Lưu trú,Out-of-scope Quận 1,Commercial Investigation,50,N/A,N/A,N/A,Planner (Cao),data/google_planner/ho-chi-minh/Keyword Stats 2026-02-23 at 09_48_18.csv,Viết bài top-list/so sánh; map vào cluster hub; bổ sung schema + ảnh/UGC,B,82.50000000000001,-90.0%,"15,843"
khách sạn valentine quận 1,Quận 1 Trip,Lưu trú,Out-of-scope Quận 1,Commercial Investigation,50,N/A,N/A,N/A,Planner (Cao),data/google_planner/ho-chi-minh/Keyword Stats 2026-02-23 at 09_48_18.csv,Viết bài top-list/so sánh; map vào cluster hub; bổ sung schema + ảnh/UGC,B,82.50000000000001,0%,"4,000"
khách sạn viễn dong phạm ngũ lão quận 1,Quận 1 Trip,Lưu trú,Out-of-scope Quận 1,Commercial Investigation,50,N/A,N/A,N/A,Planner (Cao),data/google_planner/ho-chi-minh/Keyword Stats 2026-02-23 at 09_48_18.csv,Viết bài top-list/so sánh; map vào cluster hub; bổ sung schema + ảnh/UGC,B,82.50000000000001,0%,"8,571"
khách sạn viễn đông 275a phạm ngũ lão quận 1,Quận 1 Trip,Lưu trú,Out-of-scope Quận 1,Commercial Investigation,50,N/A,N/A,N/A,Planner (Trung bình),data/google_planner/ho-chi-minh/Keyword Stats 2026-02-23 at 09_48_18.csv,Viết bài top-list/so sánh; map vào cluster hub; bổ sung schema + ảnh/UGC,B,82.50000000000001,0%,"14,677"
khách sạn viễn đông phạm ngũ lão quận 1,Quận 1 Trip,Lưu trú,Out-of-scope Quận 1,Commercial Investigation,50,N/A,N/A,N/A,Planner (Trung bình),data/google_planner/ho-chi-minh/Keyword Stats 2026-02-23 at 09_48_18.csv,Viết bài top-list/so sánh; map vào cluster hub; bổ sung schema + ảnh/UGC,B,82.50000000000001,0%,"12,985"
khách sạn vạn phát quận 1,Quận 1 Trip,Lưu trú,Out-of-scope Quận 1,Commercial Investigation,50,N/A,N/A,N/A,Planner (Thấp),data/google_planner/ho-chi-minh/Keyword Stats 2026-02-23 at 09_48_18.csv,Viết bài top-list/so sánh; map vào cluster hub; bổ sung schema + ảnh/UGC,B,82.50000000000001,0%,"8,864"
khách sạn đường cao bá quát quận 1,Quận 1 Trip,Lưu trú,Out-of-scope Quận 1,Commercial Investigation,50,N/A,N/A,N/A,Planner (Cao),data/google_planner/ho-chi-minh/Keyword Stats 2026-02-23 at 09_48_18.csv,Viết bài top-list/so sánh; map vào cluster hub; bổ sung schema + ảnh/UGC,B,82.50000000000001,0%,"7,349"
khách sạn đường hàm nghi quận 1,Quận 1 Trip,Lưu trú,Out-of-scope Quận 1,Commercial Investigation,50,N/A,N/A,N/A,Planner (Cao),data/google_planner/ho-chi-minh/Keyword Stats 2026-02-23 at 09_48_18.csv,Viết bài top-list/so sánh; map vào cluster hub; bổ sung schema + ảnh/UGC,B,82.50000000000001,0%,"13,022"
khách sạn đường nguyễn an ninh quận 1,Quận 1 Trip,Lưu trú,Out-of-scope Quận 1,Commercial Investigation,50,N/A,N/A,N/A,Planner (Cao),data/google_planner/ho-chi-minh/Keyword Stats 2026-02-23 at 09_48_18.csv,Viết bài top-list/so sánh; map vào cluster hub; bổ sung schema + ảnh/UGC,B,82.50000000000001,0%,"35,747"
khách sạn đường nguyễn bỉnh khiêm quận 1,Quận 1 Trip,Lưu trú,Out-of-scope Quận 1,Commercial Investigation,50,N/A,N/A,N/A,Planner (Cao),data/google_planner/ho-chi-minh/Keyword Stats 2026-02-23 at 09_48_18.csv,Viết bài top-list/so sánh; map vào cluster hub; bổ sung schema + ảnh/UGC,B,82.50000000000001,-90.0%,"17,381"
khách sạn đường nguyễn công trứ quận 1,Quận 1 Trip,Lưu trú,Out-of-scope Quận 1,Commercial Investigation,50,N/A,N/A,N/A,Planner (Cao),data/google_planner/ho-chi-minh/Keyword Stats 2026-02-23 at 09_48_18.csv,Viết bài top-list/so sánh; map vào cluster hub; bổ sung schema + ảnh/UGC,B,82.50000000000001,0%,"10,171"
khách sạn đường nguyễn văn thủ quận 1,Quận 1 Trip,Lưu trú,Out-of-scope Quận 1,Commercial Investigation,50,N/A,N/A,N/A,Planner (Cao),data/google_planner/ho-chi-minh/Keyword Stats 2026-02-23 at 09_48_18.csv,Viết bài top-list/so sánh; map vào cluster hub; bổ sung schema + ảnh/UGC,B,82.50000000000001,0%,"17,091"
khách sạn đường nguyễn đình chiểu quận 1,Quận 1 Trip,Lưu trú,Out-of-scope Quận 1,Commercial Investigation,50,N/A,N/A,N/A,Planner (Cao),data/google_planner/ho-chi-minh/Keyword Stats 2026-02-23 at 09_48_18.csv,Viết bài top-list/so sánh; map vào cluster hub; bổ sung schema + ảnh/UGC,B,82.50000000000001,0%,"11,069"
khách sạn đường pasteur quận 1,Quận 1 Trip,Lưu trú,Out-of-scope Quận 1,Commercial Investigation,50,N/A,N/A,N/A,Planner (Trung bình),data/google_planner/ho-chi-minh/Keyword Stats 2026-02-23 at 09_48_18.csv,Viết bài top-list/so sánh; map vào cluster hub; bổ sung schema + ảnh/UGC,B,82.50000000000001,0%,"17,536"
khách sạn đường phạm hồng thái quận 1,Quận 1 Trip,Lưu trú,Out-of-scope Quận 1,Commercial Investigation,50,N/A,N/A,N/A,Planner (Cao),data/google_planner/ho-chi-minh/Keyword Stats 2026-02-23 at 09_48_18.csv,Viết bài top-list/so sánh; map vào cluster hub; bổ sung schema + ảnh/UGC,B,82.50000000000001,0%,"8,830"
khách sạn đường phạm viết chánh quận 1,Quận 1 Trip,Lưu trú,Out-of-scope Quận 1,Commercial Investigation,50,N/A,N/A,N/A,Planner (Trung bình),data/google_planner/ho-chi-minh/Keyword Stats 2026-02-23 at 09_48_18.csv,Viết bài top-list/so sánh; map vào cluster hub; bổ sung schema + ảnh/UGC,B,82.50000000000001,0%,"15,208"
khách sạn đường sương nguyệt ánh quận 1,Quận 1 Trip,Lưu trú,Out-of-scope Quận 1,Commercial Investigation,50,N/A,N/A,N/A,Planner (Cao),data/google_planner/ho-chi-minh/Keyword Stats 2026-02-23 at 09_48_18.csv,Viết bài top-list/so sánh; map vào cluster hub; bổ sung schema + ảnh/UGC,B,82.50000000000001,0%,"15,301"
khách sạn đường đông du quận 1,Quận 1 Trip,Lưu trú,Out-of-scope Quận 1,Commercial Investigation,50,N/A,N/A,N/A,Planner (Trung bình),data/google_planner/ho-chi-minh/Keyword Stats 2026-02-23 at 09_48_18.csv,Viết bài top-list/so sánh; map vào cluster hub; bổ sung schema + ảnh/UGC,B,82.50000000000001,0%,"10,573"
khách sạn đường đề thám quận 1,Quận 1 Trip,Lưu trú,Out-of-scope Quận 1,Commercial Investigation,50,N/A,N/A,N/A,Planner (Cao),data/google_planner/ho-chi-minh/Keyword Stats 2026-02-23 at 09_48_18.csv,Viết bài top-list/so sánh; map vào cluster hub; bổ sung schema + ảnh/UGC,B,82.50000000000001,0%,"13,345"
khách sạn đại nam quận 1,Quận 1 Trip,Lưu trú,Out-of-scope Quận 1,Commercial Investigation,50,N/A,N/A,N/A,Planner (Trung bình),data/google_planner/ho-chi-minh/Keyword Stats 2026-02-23 at 09_48_18.csv,Viết bài top-list/so sánh; map vào cluster hub; bổ sung schema + ảnh/UGC,B,82.50000000000001,0%,"19,702"
khách sạn đặng dung quận 1,Quận 1 Trip,Lưu trú,Out-of-scope Quận 1,Commercial Investigation,50,N/A,N/A,N/A,Planner (Cao),data/google_planner/ho-chi-minh/Keyword Stats 2026-02-23 at 09_48_18.csv,Viết bài top-list/so sánh; map vào cluster hub; bổ sung schema + ảnh/UGC,B,82.50000000000001,0%,"31,760"
khách sạn đề thám quận 1,Quận 1 Trip,Lưu trú,Out-of-scope Quận 1,Commercial Investigation,50,N/A,N/A,N/A,Planner (Cao),data/google_planner/ho-chi-minh/Keyword Stats 2026-02-23 at 09_48_18.csv,Viết bài top-list/so sánh; map vào cluster hub; bổ sung schema + ảnh/UGC,B,82.50000000000001,0%,"15,511"
khách sạn ở lê thánh tôn quận 1,Quận 1 Trip,Lưu trú,Out-of-scope Quận 1,Commercial Investigation,50,N/A,N/A,N/A,Planner (Trung bình),data/google_planner/ho-chi-minh/Keyword Stats 2026-02-23 at 09_48_18.csv,Viết bài top-list/so sánh; map vào cluster hub; bổ sung schema + ảnh/UGC,B,82.50000000000001,0%,"16,101"
khách sạn ở lý tự trọng quận 1,Quận 1 Trip,Lưu trú,Out-of-scope Quận 1,Commercial Investigation,50,N/A,N/A,N/A,Planner (Cao),data/google_planner/ho-chi-minh/Keyword Stats 2026-02-23 at 09_48_18.csv,Viết bài top-list/so sánh; map vào cluster hub; bổ sung schema + ảnh/UGC,B,82.50000000000001,0%,"10,301"
khách sạn ở phường bến nghé quận 1,Quận 1 Trip,Lưu trú,Out-of-scope Quận 1,Commercial Investigation,50,N/A,N/A,N/A,Planner (Cao),data/google_planner/ho-chi-minh/Keyword Stats 2026-02-23 at 09_48_18.csv,Viết bài top-list/so sánh; map vào cluster hub; bổ sung schema + ảnh/UGC,B,82.50000000000001,0%,"10,944"
khách sạn ở quận 1 hcm,Quận 1 Trip,Lưu trú,Out-of-scope Quận 1,Commercial Investigation,50,N/A,N/A,N/A,Planner (Cao),data/google_planner/ho-chi-minh/Keyword Stats 2026-02-23 at 09_48_18.csv,Viết bài top-list/so sánh; map vào cluster hub; bổ sung schema + ảnh/UGC,B,82.50000000000001,0%,"22,344"
khách sạn ở quận 1 tp hcm,Quận 1 Trip,Lưu trú,Out-of-scope Quận 1,Commercial Investigation,50,N/A,N/A,N/A,Planner (Cao),data/google_planner/ho-chi-minh/Keyword Stats 2026-02-23 at 09_48_18.csv,Viết bài top-list/so sánh; map vào cluster hub; bổ sung schema + ảnh/UGC,B,82.50000000000001,0%,"43,572"
khách sạn ở đường lê thánh tôn quận 1,Quận 1 Trip,Lưu trú,Out-of-scope Quận 1,Commercial Investigation,50,N/A,N/A,N/A,Planner (Cao),data/google_planner/ho-chi-minh/Keyword Stats 2026-02-23 at 09_48_18.csv,Viết bài top-list/so sánh; map vào cluster hub; bổ sung schema + ảnh/UGC,B,82.50000000000001,0%,"15,322"
khách sạn ở đường lý tự trọng quận 1,Quận 1 Trip,Lưu trú,Out-of-scope Quận 1,Commercial Investigation,50,N/A,N/A,N/A,Planner (Cao),data/google_planner/ho-chi-minh/Keyword Stats 2026-02-23 at 09_48_18.csv,Viết bài top-list/so sánh; map vào cluster hub; bổ sung schema + ảnh/UGC,B,82.50000000000001,0%,"24,136"
khách sạn ở đường thi sách quận 1,Quận 1 Trip,Lưu trú,Out-of-scope Quận 1,Commercial Investigation,50,N/A,N/A,N/A,Planner (Cao),data/google_planner/ho-chi-minh/Keyword Stats 2026-02-23 at 09_48_18.csv,Viết bài top-list/so sánh; map vào cluster hub; bổ sung schema + ảnh/UGC,B,82.50000000000001,0%,"21,295"
lavender hotel quận 1,Quận 1 Trip,Lưu trú,Out-of-scope Quận 1,Commercial Investigation,50,N/A,N/A,N/A,Planner (Thấp),data/google_planner/ho-chi-minh/Keyword Stats 2026-02-23 at 09_48_18.csv,Viết bài top-list/so sánh; map vào cluster hub; bổ sung schema + ảnh/UGC,B,82.50000000000001,0%,"9,985"
lotte hotel quận 1,Quận 1 Trip,Lưu trú,Out-of-scope Quận 1,Commercial Investigation,50,N/A,N/A,N/A,Planner (Trung bình),data/google_planner/ho-chi-minh/Keyword Stats 2026-02-23 at 09_48_18.csv,Viết bài top-list/so sánh; map vào cluster hub; bổ sung schema + ảnh/UGC,B,82.50000000000001,0%,"7,531"
lotus hotel quận 1,Quận 1 Trip,Lưu trú,Out-of-scope Quận 1,Commercial Investigation,50,N/A,N/A,N/A,Planner (Trung bình),data/google_planner/ho-chi-minh/Keyword Stats 2026-02-23 at 09_48_18.csv,Viết bài top-list/so sánh; map vào cluster hub; bổ sung schema + ảnh/UGC,B,82.50000000000001,0%,"17,494"
mai hotel quận 1,Quận 1 Trip,Lưu trú,Out-of-scope Quận 1,Commercial Investigation,50,N/A,N/A,N/A,Planner (Trung bình),data/google_planner/ho-chi-minh/Keyword Stats 2026-02-23 at 09_48_18.csv,Viết bài top-list/so sánh; map vào cluster hub; bổ sung schema + ảnh/UGC,B,82.50000000000001,0%,"14,037"
may hotel quận 1,Quận 1 Trip,Lưu trú,Out-of-scope Quận 1,Commercial Investigation,50,N/A,N/A,N/A,Planner (Trung bình),data/google_planner/ho-chi-minh/Keyword Stats 2026-02-23 at 09_48_18.csv,Viết bài top-list/so sánh; map vào cluster hub; bổ sung schema + ảnh/UGC,B,82.50000000000001,0%,"9,133"
nhật hạ hotel quận 1,Quận 1 Trip,Lưu trú,Out-of-scope Quận 1,Commercial Investigation,50,N/A,N/A,N/A,Planner (Trung bình),data/google_planner/ho-chi-minh/Keyword Stats 2026-02-23 at 09_48_18.csv,Viết bài top-list/so sánh; map vào cluster hub; bổ sung schema + ảnh/UGC,B,82.50000000000001,0%,"11,686"
những khách sạn ở quận 1,Quận 1 Trip,Lưu trú,Out-of-scope Quận 1,Commercial Investigation,50,N/A,N/A,N/A,Planner (Cao),data/google_planner/ho-chi-minh/Keyword Stats 2026-02-23 at 09_48_18.csv,Viết bài top-list/so sánh; map vào cluster hub; bổ sung schema + ảnh/UGC,B,82.50000000000001,0%,"6,995"
prague hotel quận 1,Quận 1 Trip,Lưu trú,Out-of-scope Quận 1,Commercial Investigation,50,N/A,N/A,N/A,Planner (Cao),data/google_planner/ho-chi-minh/Keyword Stats 2026-02-23 at 09_48_18.csv,Viết bài top-list/so sánh; map vào cluster hub; bổ sung schema + ảnh/UGC,B,82.50000000000001,0%,"10,377"
sunflower hotel quận 1,Quận 1 Trip,Lưu trú,Out-of-scope Quận 1,Commercial Investigation,50,N/A,N/A,N/A,Planner (Cao),data/google_planner/ho-chi-minh/Keyword Stats 2026-02-23 at 09_48_18.csv,Viết bài top-list/so sánh; map vào cluster hub; bổ sung schema + ảnh/UGC,B,82.50000000000001,0%,"21,752"
sunrise hotel quận 1,Quận 1 Trip,Lưu trú,Out-of-scope Quận 1,Commercial Investigation,50,N/A,N/A,N/A,Planner (Cao),data/google_planner/ho-chi-minh/Keyword Stats 2026-02-23 at 09_48_18.csv,Viết bài top-list/so sánh; map vào cluster hub; bổ sung schema + ảnh/UGC,B,82.50000000000001,0%,"15,841"
sài gòn hotel quận 1,Quận 1 Trip,Lưu trú,Out-of-scope Quận 1,Commercial Investigation,50,N/A,N/A,N/A,Planner (Cao),data/google_planner/ho-chi-minh/Keyword Stats 2026-02-23 at 09_48_18.csv,Viết bài top-list/so sánh; map vào cluster hub; bổ sung schema + ảnh/UGC,B,82.50000000000001,0%,"10,716"
top khách sạn quận 1,Quận 1 Trip,Lưu trú,Out-of-scope Quận 1,Commercial Investigation,50,N/A,N/A,N/A,Planner (Cao),data/google_planner/ho-chi-minh/Keyword Stats 2026-02-23 at 09_48_18.csv,Viết bài top-list/so sánh; map vào cluster hub; bổ sung schema + ảnh/UGC,B,82.50000000000001,0%,"23,211"
tìm khách sạn ở quận 1,Quận 1 Trip,Lưu trú,Out-of-scope Quận 1,Commercial Investigation,50,N/A,N/A,N/A,Planner (Cao),data/google_planner/ho-chi-minh/Keyword Stats 2026-02-23 at 09_48_18.csv,Viết bài top-list/so sánh; map vào cluster hub; bổ sung schema + ảnh/UGC,B,82.50000000000001,0%,"35,059"
wink hotel quận 1,Quận 1 Trip,Lưu trú,Out-of-scope Quận 1,Commercial Investigation,50,N/A,N/A,N/A,Planner (Cao),data/google_planner/ho-chi-minh/Keyword Stats 2026-02-23 at 09_48_18.csv,Viết bài top-list/so sánh; map vào cluster hub; bổ sung schema + ảnh/UGC,B,82.50000000000001,0%,"18,526"
khach san quan 1 ho chi minh,Quận 1 Trip,Lưu trú,Out-of-scope Quận 1,Commercial Investigation,50,N/A,N/A,N/A,Planner (Cao),data/google_planner/ho-chi-minh/Keyword Stats 2026-02-23 at 09_48_18.csv,Viết bài top-list/so sánh; map vào cluster hub; bổ sung schema + ảnh/UGC,B,75.0,0%,0
khach san hcm quan 1,Quận 1 Trip,Lưu trú,Out-of-scope Quận 1,Commercial Investigation,50,N/A,N/A,N/A,Planner (Cao),data/google_planner/ho-chi-minh/Keyword Stats 2026-02-23 at 09_48_18.csv,Viết bài top-list/so sánh; map vào cluster hub; bổ sung schema + ảnh/UGC,B,75.0,0%,0
ngan ha hotel quận 1,Quận 1 Trip,Lưu trú,Out-of-scope Quận 1,Commercial Investigation,50,N/A,N/A,N/A,Planner (Cao),data/google_planner/ho-chi-minh/Keyword Stats 2026-02-23 at 09_48_18.csv,Viết bài top-list/so sánh; map vào cluster hub; bổ sung schema + ảnh/UGC,B,75.0,0%,0
khach san ho chi minh quan 1 gia re,Quận 1 Trip,Lưu trú,Out-of-scope Quận 1,Transaction,50,N/A,N/A,N/A,Planner (Cao),data/google_planner/ho-chi-minh/Keyword Stats 2026-02-23 at 09_48_18.csv,"Tạo landing chuyển đổi (giá/vé/đặt chỗ), gom vào cluster page + build backlink nội bộ",B,75.0,0%,0
khach san bonita quan 1,Quận 1 Trip,Lưu trú,Out-of-scope Quận 1,Commercial Investigation,50,N/A,N/A,N/A,Planner (Cao),data/google_planner/ho-chi-minh/Keyword Stats 2026-02-23 at 09_48_18.csv,Viết bài top-list/so sánh; map vào cluster hub; bổ sung schema + ảnh/UGC,B,75.0,0%,0
khach san quan 1 tp hcm,Quận 1 Trip,Lưu trú,Out-of-scope Quận 1,Commercial Investigation,50,N/A,N/A,N/A,Planner (Không xác định),data/google_planner/ho-chi-minh/Keyword Stats 2026-02-23 at 09_48_18.csv,Viết bài top-list/so sánh; map vào cluster hub; bổ sung schema + ảnh/UGC,B,75.0,-100.0%,0
khach san saigon hotel quận 1 hồ chí minh,Quận 1 Trip,Lưu trú,Out-of-scope Quận 1,Commercial Investigation,50,N/A,N/A,N/A,Planner (Cao),data/google_planner/ho-chi-minh/Keyword Stats 2026-02-23 at 09_48_18.csv,Viết bài top-list/so sánh; map vào cluster hub; bổ sung schema + ảnh/UGC,B,75.0,0%,0
hotel giá rẻ quận 1,Quận 1 Trip,Lưu trú,Out-of-scope Quận 1,Transaction,50,N/A,N/A,N/A,Planner (Cao),data/google_planner/ho-chi-minh/Keyword Stats 2026-02-23 at 09_48_18.csv,"Tạo landing chuyển đổi (giá/vé/đặt chỗ), gom vào cluster page + build backlink nội bộ",B,75.0,0%,0
a25 hotel quận 1 hồ chí minh,Quận 1 Trip,Lưu trú,Out-of-scope Quận 1,Commercial Investigation,50,N/A,N/A,N/A,Planner (Trung bình),data/google_planner/ho-chi-minh/Keyword Stats 2026-02-23 at 09_48_18.csv,Viết bài top-list/so sánh; map vào cluster hub; bổ sung schema + ảnh/UGC,B,75.0,0%,0
alagon hotel quận 1,Quận 1 Trip,Lưu trú,Out-of-scope Quận 1,Commercial Investigation,50,N/A,N/A,N/A,Planner (Trung bình),data/google_planner/ho-chi-minh/Keyword Stats 2026-02-23 at 09_48_18.csv,Viết bài top-list/so sánh; map vào cluster hub; bổ sung schema + ảnh/UGC,B,75.0,0%,0
blue diamond hotel quận 1,Quận 1 Trip,Lưu trú,Out-of-scope Quận 1,Commercial Investigation,50,N/A,N/A,N/A,Planner (Thấp),data/google_planner/ho-chi-minh/Keyword Stats 2026-02-23 at 09_48_18.csv,Viết bài top-list/so sánh; map vào cluster hub; bổ sung schema + ảnh/UGC,B,75.0,0%,0
bonita signature hotel quận 1 hồ chí minh,Quận 1 Trip,Lưu trú,Out-of-scope Quận 1,Commercial Investigation,50,N/A,N/A,N/A,Planner (Trung bình),data/google_planner/ho-chi-minh/Keyword Stats 2026-02-23 at 09_48_18.csv,Viết bài top-list/so sánh; map vào cluster hub; bổ sung schema + ảnh/UGC,B,75.0,0%,0
các khách sạn trên đường thi sách quận 1,Quận 1 Trip,Lưu trú,Out-of-scope Quận 1,Commercial Investigation,50,N/A,N/A,N/A,Planner (Cao),data/google_planner/ho-chi-minh/Keyword Stats 2026-02-23 at 09_48_18.csv,Viết bài top-list/so sánh; map vào cluster hub; bổ sung schema + ảnh/UGC,B,75.0,0%,0
các khách sạn ở quận 1 tp hcm,Quận 1 Trip,Lưu trú,Out-of-scope Quận 1,Commercial Investigation,50,N/A,N/A,N/A,Planner (Cao),data/google_planner/ho-chi-minh/Keyword Stats 2026-02-23 at 09_48_18.csv,Viết bài top-list/so sánh; map vào cluster hub; bổ sung schema + ảnh/UGC,B,75.0,0%,0
edenstar hotel 38 bùi thị xuân quận 1 tp hcm,Quận 1 Trip,Lưu trú,Out-of-scope Quận 1,Commercial Investigation,50,N/A,N/A,N/A,Planner (Cao),data/google_planner/ho-chi-minh/Keyword Stats 2026-02-23 at 09_48_18.csv,Viết bài top-list/so sánh; map vào cluster hub; bổ sung schema + ảnh/UGC,B,75.0,0%,0
hoàng ngân hotel quận 1,Quận 1 Trip,Lưu trú,Out-of-scope Quận 1,Commercial Investigation,50,N/A,N/A,N/A,Planner (Không xác định),data/google_planner/ho-chi-minh/Keyword Stats 2026-02-23 at 09_48_18.csv,Viết bài top-list/so sánh; map vào cluster hub; bổ sung schema + ảnh/UGC,B,75.0,0%,0
khách sạn aquari quận 1,Quận 1 Trip,Lưu trú,Out-of-scope Quận 1,Commercial Investigation,50,N/A,N/A,N/A,Planner (Trung bình),data/google_planner/ho-chi-minh/Keyword Stats 2026-02-23 at 09_48_18.csv,Viết bài top-list/so sánh; map vào cluster hub; bổ sung schema + ảnh/UGC,B,75.0,0%,0
khách sạn 3 sao tại quận 1 sài gòn,Quận 1 Trip,Lưu trú,Out-of-scope Quận 1,Commercial Investigation,50,N/A,N/A,N/A,Planner (Cao),data/google_planner/ho-chi-minh/Keyword Stats 2026-02-23 at 09_48_18.csv,Viết bài top-list/so sánh; map vào cluster hub; bổ sung schema + ảnh/UGC,B,75.0,0%,0
khách sạn 3 sao ở quận 1 sài gòn,Quận 1 Trip,Lưu trú,Out-of-scope Quận 1,Commercial Investigation,50,N/A,N/A,N/A,Planner (Trung bình),data/google_planner/ho-chi-minh/Keyword Stats 2026-02-23 at 09_48_18.csv,Viết bài top-list/so sánh; map vào cluster hub; bổ sung schema + ảnh/UGC,B,75.0,0%,0
khách sạn 4 sao tại quận 1 tphcm,Quận 1 Trip,Lưu trú,Out-of-scope Quận 1,Commercial Investigation,50,N/A,N/A,N/A,Planner (Không xác định),data/google_planner/ho-chi-minh/Keyword Stats 2026-02-23 at 09_48_18.csv,Viết bài top-list/so sánh; map vào cluster hub; bổ sung schema + ảnh/UGC,B,75.0,-100.0%,0
khách sạn 4 sao ở quận 1 sài gòn,Quận 1 Trip,Lưu trú,Out-of-scope Quận 1,Commercial Investigation,50,N/A,N/A,N/A,Planner (Cao),data/google_planner/ho-chi-minh/Keyword Stats 2026-02-23 at 09_48_18.csv,Viết bài top-list/so sánh; map vào cluster hub; bổ sung schema + ảnh/UGC,B,75.0,0%,0
khách sạn 5 sao tại quận 1 hcm,Quận 1 Trip,Lưu trú,Out-of-scope Quận 1,Commercial Investigation,50,N/A,N/A,N/A,Planner (Cao),data/google_planner/ho-chi-minh/Keyword Stats 2026-02-23 at 09_48_18.csv,Viết bài top-list/so sánh; map vào cluster hub; bổ sung schema + ảnh/UGC,B,75.0,0%,0
khách sạn 5 sao ở quận 1 tphcm,Quận 1 Trip,Lưu trú,Out-of-scope Quận 1,Commercial Investigation,50,N/A,N/A,N/A,Planner (Cao),data/google_planner/ho-chi-minh/Keyword Stats 2026-02-23 at 09_48_18.csv,Viết bài top-list/so sánh; map vào cluster hub; bổ sung schema + ảnh/UGC,B,75.0,0%,0
khách sạn a & em quận 1 hồ chí minh,Quận 1 Trip,Lưu trú,Out-of-scope Quận 1,Commercial Investigation,50,N/A,N/A,N/A,Planner (Không xác định),data/google_planner/ho-chi-minh/Keyword Stats 2026-02-23 at 09_48_18.csv,Viết bài top-list/so sánh; map vào cluster hub; bổ sung schema + ảnh/UGC,B,75.0,0%,0
khách sạn adela quận 1,Quận 1 Trip,Lưu trú,Out-of-scope Quận 1,Commercial Investigation,50,N/A,N/A,N/A,Planner (Thấp),data/google_planner/ho-chi-minh/Keyword Stats 2026-02-23 at 09_48_18.csv,Viết bài top-list/so sánh; map vào cluster hub; bổ sung schema + ảnh/UGC,B,75.0,0%,0
khách sạn bali boutique quận 1,Quận 1 Trip,Lưu trú,Out-of-scope Quận 1,Commercial Investigation,50,N/A,N/A,N/A,Planner (Không xác định),data/google_planner/ho-chi-minh/Keyword Stats 2026-02-23 at 09_48_18.csv,Viết bài top-list/so sánh; map vào cluster hub; bổ sung schema + ảnh/UGC,B,75.0,-100.0%,0
khách sạn cabana quận 1,Quận 1 Trip,Lưu trú,Out-of-scope Quận 1,Commercial Investigation,50,N/A,N/A,N/A,Planner (Trung bình),data/google_planner/ho-chi-minh/Keyword Stats 2026-02-23 at 09_48_18.csv,Viết bài top-list/so sánh; map vào cluster hub; bổ sung schema + ảnh/UGC,B,75.0,0%,0
khách sạn công đoàn quận 1 hồ chỉ minh,Quận 1 Trip,Lưu trú,Out-of-scope Quận 1,Commercial Investigation,50,N/A,N/A,N/A,Planner (Không xác định),data/google_planner/ho-chi-minh/Keyword Stats 2026-02-23 at 09_48_18.csv,Viết bài top-list/so sánh; map vào cluster hub; bổ sung schema + ảnh/UGC,B,75.0,-100.0%,0
khách sạn công đoàn sài gòn quận 1,Quận 1 Trip,Lưu trú,Out-of-scope Quận 1,Commercial Investigation,50,N/A,N/A,N/A,Planner (Không xác định),data/google_planner/ho-chi-minh/Keyword Stats 2026-02-23 at 09_48_18.csv,Viết bài top-list/so sánh; map vào cluster hub; bổ sung schema + ảnh/UGC,B,75.0,0%,0
khách sạn danh uy quận 1,Quận 1 Trip,Lưu trú,Out-of-scope Quận 1,Commercial Investigation,50,N/A,N/A,N/A,Planner (Không xác định),data/google_planner/ho-chi-minh/Keyword Stats 2026-02-23 at 09_48_18.csv,Viết bài top-list/so sánh; map vào cluster hub; bổ sung schema + ảnh/UGC,B,75.0,-100.0%,0
khách sạn giá bình dân ở quận 1,Quận 1 Trip,Lưu trú,Out-of-scope Quận 1,Transaction,50,N/A,N/A,N/A,Planner (Cao),data/google_planner/ho-chi-minh/Keyword Stats 2026-02-23 at 09_48_18.csv,"Tạo landing chuyển đổi (giá/vé/đặt chỗ), gom vào cluster page + build backlink nội bộ",B,75.0,0%,0
khách sạn honey house quận 1,Quận 1 Trip,Lưu trú,Out-of-scope Quận 1,Commercial Investigation,50,N/A,N/A,N/A,Planner (Thấp),data/google_planner/ho-chi-minh/Keyword Stats 2026-02-23 at 09_48_18.csv,Viết bài top-list/so sánh; map vào cluster hub; bổ sung schema + ảnh/UGC,B,75.0,0%,0
khách sạn hoàn vũ quận 1,Quận 1 Trip,Lưu trú,Out-of-scope Quận 1,Commercial Investigation,50,N/A,N/A,N/A,Planner (Thấp),data/google_planner/ho-chi-minh/Keyword Stats 2026-02-23 at 09_48_18.csv,Viết bài top-list/so sánh; map vào cluster hub; bổ sung schema + ảnh/UGC,B,75.0,0%,0
khách sạn hoàng ngân quận 1,Quận 1 Trip,Lưu trú,Out-of-scope Quận 1,Commercial Investigation,50,N/A,N/A,N/A,Planner (Không xác định),data/google_planner/ho-chi-minh/Keyword Stats 2026-02-23 at 09_48_18.csv,Viết bài top-list/so sánh; map vào cluster hub; bổ sung schema + ảnh/UGC,B,75.0,-100.0%,0
khách sạn hoàng phú gia quận 1,Quận 1 Trip,Lưu trú,Out-of-scope Quận 1,Transaction,50,N/A,N/A,N/A,Planner (Không xác định),data/google_planner/ho-chi-minh/Keyword Stats 2026-02-23 at 09_48_18.csv,"Tạo landing chuyển đổi (giá/vé/đặt chỗ), gom vào cluster page + build backlink nội bộ",B,75.0,0%,0
khách sạn hà my quận 1,Quận 1 Trip,Lưu trú,Out-of-scope Quận 1,Commercial Investigation,50,N/A,N/A,N/A,Planner (Trung bình),data/google_planner/ho-chi-minh/Keyword Stats 2026-02-23 at 09_48_18.csv,Viết bài top-list/so sánh; map vào cluster hub; bổ sung schema + ảnh/UGC,B,75.0,0%,0
khách sạn hải vân quận 1,Quận 1 Trip,Lưu trú,Out-of-scope Quận 1,Commercial Investigation,50,N/A,N/A,N/A,Planner (Thấp),data/google_planner/ho-chi-minh/Keyword Stats 2026-02-23 at 09_48_18.csv,Viết bài top-list/so sánh; map vào cluster hub; bổ sung schema + ảnh/UGC,B,75.0,0%,0
khách sạn hảo tín quận 1,Quận 1 Trip,Lưu trú,Out-of-scope Quận 1,Commercial Investigation,50,N/A,N/A,N/A,Planner (Không xác định),data/google_planner/ho-chi-minh/Keyword Stats 2026-02-23 at 09_48_18.csv,Viết bài top-list/so sánh; map vào cluster hub; bổ sung schema + ảnh/UGC,B,75.0,0%,0
khách sạn kinh đô quận 1,Quận 1 Trip,Lưu trú,Out-of-scope Quận 1,Commercial Investigation,50,N/A,N/A,N/A,Planner (Trung bình),data/google_planner/ho-chi-minh/Keyword Stats 2026-02-23 at 09_48_18.csv,Viết bài top-list/so sánh; map vào cluster hub; bổ sung schema + ảnh/UGC,B,75.0,0%,0
khách sạn kumho quận 1,Quận 1 Trip,Lưu trú,Out-of-scope Quận 1,Commercial Investigation,50,N/A,N/A,N/A,Planner (Thấp),data/google_planner/ho-chi-minh/Keyword Stats 2026-02-23 at 09_48_18.csv,Viết bài top-list/so sánh; map vào cluster hub; bổ sung schema + ảnh/UGC,B,75.0,0%,0
khách sạn liberty 59 61 pasteur quận 1,Quận 1 Trip,Lưu trú,Out-of-scope Quận 1,Commercial Investigation,50,N/A,N/A,N/A,Planner (Cao),data/google_planner/ho-chi-minh/Keyword Stats 2026-02-23 at 09_48_18.csv,Viết bài top-list/so sánh; map vào cluster hub; bổ sung schema + ảnh/UGC,B,75.0,0%,0
khách sạn liberty central quận 1,Quận 1 Trip,Lưu trú,Out-of-scope Quận 1,Commercial Investigation,50,N/A,N/A,N/A,Planner (Thấp),data/google_planner/ho-chi-minh/Keyword Stats 2026-02-23 at 09_48_18.csv,Viết bài top-list/so sánh; map vào cluster hub; bổ sung schema + ảnh/UGC,B,75.0,0%,0
khách sạn liberty sài gòn quận 1,Quận 1 Trip,Lưu trú,Out-of-scope Quận 1,Commercial Investigation,50,N/A,N/A,N/A,Planner (Trung bình),data/google_planner/ho-chi-minh/Keyword Stats 2026-02-23 at 09_48_18.csv,Viết bài top-list/so sánh; map vào cluster hub; bổ sung schema + ảnh/UGC,B,75.0,0%,0
khách sạn liên thành quận 1 hồ chí minh,Quận 1 Trip,Lưu trú,Out-of-scope Quận 1,Commercial Investigation,50,N/A,N/A,N/A,Planner (Không xác định),data/google_planner/ho-chi-minh/Keyword Stats 2026-02-23 at 09_48_18.csv,Viết bài top-list/so sánh; map vào cluster hub; bổ sung schema + ảnh/UGC,B,75.0,0%,0
khách sạn lotus boutique quận 1,Quận 1 Trip,Lưu trú,Out-of-scope Quận 1,Commercial Investigation,50,N/A,N/A,N/A,Planner (Không xác định),data/google_planner/ho-chi-minh/Keyword Stats 2026-02-23 at 09_48_18.csv,Viết bài top-list/so sánh; map vào cluster hub; bổ sung schema + ảnh/UGC,B,75.0,0%,0
khách sạn lotus quận 1,Quận 1 Trip,Lưu trú,Out-of-scope Quận 1,Commercial Investigation,50,N/A,N/A,N/A,Planner (Thấp),data/google_planner/ho-chi-minh/Keyword Stats 2026-02-23 at 09_48_18.csv,Viết bài top-list/so sánh; map vào cluster hub; bổ sung schema + ảnh/UGC,B,75.0,0%,0
khách sạn lê duy quận 1,Quận 1 Trip,Lưu trú,Out-of-scope Quận 1,Commercial Investigation,50,N/A,N/A,N/A,Planner (Trung bình),data/google_planner/ho-chi-minh/Keyword Stats 2026-02-23 at 09_48_18.csv,Viết bài top-list/so sánh; map vào cluster hub; bổ sung schema + ảnh/UGC,B,75.0,0%,0
khách sạn mạc thị bưởi quận 1,Quận 1 Trip,Lưu trú,Out-of-scope Quận 1,Commercial Investigation,50,N/A,N/A,N/A,Planner (Trung bình),data/google_planner/ho-chi-minh/Keyword Stats 2026-02-23 at 09_48_18.csv,Viết bài top-list/so sánh; map vào cluster hub; bổ sung schema + ảnh/UGC,B,75.0,0%,0
khách sạn nam đế quận 1,Quận 1 Trip,Lưu trú,Out-of-scope Quận 1,Commercial Investigation,50,N/A,N/A,N/A,Planner (Trung bình),data/google_planner/ho-chi-minh/Keyword Stats 2026-02-23 at 09_48_18.csv,Viết bài top-list/so sánh; map vào cluster hub; bổ sung schema + ảnh/UGC,B,75.0,0%,0
khách sạn ngân hà quận 1 hồ chí minh,Quận 1 Trip,Lưu trú,Out-of-scope Quận 1,Commercial Investigation,50,N/A,N/A,N/A,Planner (Cao),data/google_planner/ho-chi-minh/Keyword Stats 2026-02-23 at 09_48_18.csv,Viết bài top-list/so sánh; map vào cluster hub; bổ sung schema + ảnh/UGC,B,75.0,0%,0
khách sạn nhat ha cao bá quát quận 1,Quận 1 Trip,Lưu trú,Out-of-scope Quận 1,Commercial Investigation,50,N/A,N/A,N/A,Planner (Trung bình),data/google_planner/ho-chi-minh/Keyword Stats 2026-02-23 at 09_48_18.csv,Viết bài top-list/so sánh; map vào cluster hub; bổ sung schema + ảnh/UGC,B,75.0,0%,0
khách sạn norfolk 117 lê thánh tôn quận 1,Quận 1 Trip,Lưu trú,Out-of-scope Quận 1,Commercial Investigation,50,N/A,N/A,N/A,Planner (Thấp),data/google_planner/ho-chi-minh/Keyword Stats 2026-02-23 at 09_48_18.csv,Viết bài top-list/so sánh; map vào cluster hub; bổ sung schema + ảnh/UGC,B,75.0,0%,0
khách sạn palace sài gòn quận 1 hồ chí minh,Quận 1 Trip,Lưu trú,Out-of-scope Quận 1,Commercial Investigation,50,N/A,N/A,N/A,Planner (Không xác định),data/google_planner/ho-chi-minh/Keyword Stats 2026-02-23 at 09_48_18.csv,Viết bài top-list/so sánh; map vào cluster hub; bổ sung schema + ảnh/UGC,B,75.0,0%,0
khách sạn phúc khánh quận 1,Quận 1 Trip,Lưu trú,Out-of-scope Quận 1,Commercial Investigation,50,N/A,N/A,N/A,Planner (Thấp),data/google_planner/ho-chi-minh/Keyword Stats 2026-02-23 at 09_48_18.csv,Viết bài top-list/so sánh; map vào cluster hub; bổ sung schema + ảnh/UGC,B,75.0,0%,0
khách sạn phương nam quận 1,Quận 1 Trip,Lưu trú,Out-of-scope Quận 1,Commercial Investigation,50,N/A,N/A,N/A,Planner (Trung bình),data/google_planner/ho-chi-minh/Keyword Stats 2026-02-23 at 09_48_18.csv,Viết bài top-list/so sánh; map vào cluster hub; bổ sung schema + ảnh/UGC,B,75.0,0%,0
khách sạn reddoorz quận 1,Quận 1 Trip,Lưu trú,Out-of-scope Quận 1,Commercial Investigation,50,N/A,N/A,N/A,Planner (Thấp),data/google_planner/ho-chi-minh/Keyword Stats 2026-02-23 at 09_48_18.csv,Viết bài top-list/so sánh; map vào cluster hub; bổ sung schema + ảnh/UGC,B,75.0,0%,0
khách sạn sunny quận 1,Quận 1 Trip,Lưu trú,Out-of-scope Quận 1,Commercial Investigation,50,N/A,N/A,N/A,Planner (Thấp),data/google_planner/ho-chi-minh/Keyword Stats 2026-02-23 at 09_48_18.csv,Viết bài top-list/so sánh; map vào cluster hub; bổ sung schema + ảnh/UGC,B,75.0,0%,0
khách sạn the white quận 1,Quận 1 Trip,Lưu trú,Out-of-scope Quận 1,Commercial Investigation,50,N/A,N/A,N/A,Planner (Cao),data/google_planner/ho-chi-minh/Keyword Stats 2026-02-23 at 09_48_18.csv,Viết bài top-list/so sánh; map vào cluster hub; bổ sung schema + ảnh/UGC,B,75.0,0%,0
khách sạn thiên hoa quận 1,Quận 1 Trip,Lưu trú,Out-of-scope Quận 1,Commercial Investigation,50,N/A,N/A,N/A,Planner (Trung bình),data/google_planner/ho-chi-minh/Keyword Stats 2026-02-23 at 09_48_18.csv,Viết bài top-list/so sánh; map vào cluster hub; bổ sung schema + ảnh/UGC,B,75.0,0%,0
khách sạn thu mai quận 1,Quận 1 Trip,Lưu trú,Out-of-scope Quận 1,Commercial Investigation,50,N/A,N/A,N/A,Planner (Thấp),data/google_planner/ho-chi-minh/Keyword Stats 2026-02-23 at 09_48_18.csv,Viết bài top-list/so sánh; map vào cluster hub; bổ sung schema + ảnh/UGC,B,75.0,0%,0
khách sạn trên đường nguyễn văn thủ quận 1,Quận 1 Trip,Lưu trú,Out-of-scope Quận 1,Commercial Investigation,50,N/A,N/A,N/A,Planner (Thấp),data/google_planner/ho-chi-minh/Keyword Stats 2026-02-23 at 09_48_18.csv,Viết bài top-list/so sánh; map vào cluster hub; bổ sung schema + ảnh/UGC,B,75.0,0%,0
khách sạn trên đường sương nguyệt ánh quận 1,Quận 1 Trip,Lưu trú,Out-of-scope Quận 1,Commercial Investigation,50,N/A,N/A,N/A,Planner (Cao),data/google_planner/ho-chi-minh/Keyword Stats 2026-02-23 at 09_48_18.csv,Viết bài top-list/so sánh; map vào cluster hub; bổ sung schema + ảnh/UGC,B,75.0,0%,0
khách sạn trên đường thái văn lung quận 1,Quận 1 Trip,Lưu trú,Out-of-scope Quận 1,Commercial Investigation,50,N/A,N/A,N/A,Planner (Cao),data/google_planner/ho-chi-minh/Keyword Stats 2026-02-23 at 09_48_18.csv,Viết bài top-list/so sánh; map vào cluster hub; bổ sung schema + ảnh/UGC,B,75.0,0%,0
khách sạn đinh tiên hoàng quận 1,Quận 1 Trip,Lưu trú,Out-of-scope Quận 1,Commercial Investigation,50,N/A,N/A,N/A,Planner (Cao),data/google_planner/ho-chi-minh/Keyword Stats 2026-02-23 at 09_48_18.csv,Viết bài top-list/so sánh; map vào cluster hub; bổ sung schema + ảnh/UGC,B,75.0,0%,0
khách sạn đường hoàng sa quận 1,Quận 1 Trip,Lưu trú,Out-of-scope Quận 1,Commercial Investigation,50,N/A,N/A,N/A,Planner (Cao),data/google_planner/ho-chi-minh/Keyword Stats 2026-02-23 at 09_48_18.csv,Viết bài top-list/so sánh; map vào cluster hub; bổ sung schema + ảnh/UGC,B,75.0,0%,0
khách sạn đức vượng quận 1,Quận 1 Trip,Lưu trú,Out-of-scope Quận 1,Commercial Investigation,50,N/A,N/A,N/A,Planner (Trung bình),data/google_planner/ho-chi-minh/Keyword Stats 2026-02-23 at 09_48_18.csv,Viết bài top-list/so sánh; map vào cluster hub; bổ sung schema + ảnh/UGC,B,75.0,0%,0
le tan khach san quan 1,Quận 1 Trip,Lưu trú,Out-of-scope Quận 1,Commercial Investigation,50,N/A,N/A,N/A,Planner (Thấp),data/google_planner/ho-chi-minh/Keyword Stats 2026-02-23 at 09_48_18.csv,Viết bài top-list/so sánh; map vào cluster hub; bổ sung schema + ảnh/UGC,B,75.0,0%,0
legend hotel quận 1,Quận 1 Trip,Lưu trú,Out-of-scope Quận 1,Commercial Investigation,50,N/A,N/A,N/A,Planner (Trung bình),data/google_planner/ho-chi-minh/Keyword Stats 2026-02-23 at 09_48_18.csv,Viết bài top-list/so sánh; map vào cluster hub; bổ sung schema + ảnh/UGC,B,75.0,0%,0
me gustas hotel quận 1,Quận 1 Trip,Lưu trú,Out-of-scope Quận 1,Commercial Investigation,50,N/A,N/A,N/A,Planner (Không xác định),data/google_planner/ho-chi-minh/Keyword Stats 2026-02-23 at 09_48_18.csv,Viết bài top-list/so sánh; map vào cluster hub; bổ sung schema + ảnh/UGC,B,75.0,-100.0%,0
minh vy hotel khách sạn quận 1,Quận 1 Trip,Lưu trú,Out-of-scope Quận 1,Commercial Investigation,50,N/A,N/A,N/A,Planner (Trung bình),data/google_planner/ho-chi-minh/Keyword Stats 2026-02-23 at 09_48_18.csv,Viết bài top-list/so sánh; map vào cluster hub; bổ sung schema + ảnh/UGC,B,75.0,-90.0%,0
quy hung hotel quận 1 hồ chí minh,Quận 1 Trip,Lưu trú,Out-of-scope Quận 1,Commercial Investigation,50,N/A,N/A,N/A,Planner (Không xác định),data/google_planner/ho-chi-minh/Keyword Stats 2026-02-23 at 09_48_18.csv,Viết bài top-list/so sánh; map vào cluster hub; bổ sung schema + ảnh/UGC,B,75.0,0%,0
reddoorz hotel quận 1,Quận 1 Trip,Lưu trú,Out-of-scope Quận 1,Commercial Investigation,50,N/A,N/A,N/A,Planner (Không xác định),data/google_planner/ho-chi-minh/Keyword Stats 2026-02-23 at 09_48_18.csv,Viết bài top-list/so sánh; map vào cluster hub; bổ sung schema + ảnh/UGC,B,75.0,0%,0
sen hotel quận 1,Quận 1 Trip,Lưu trú,Out-of-scope Quận 1,Commercial Investigation,50,N/A,N/A,N/A,Planner (Thấp),data/google_planner/ho-chi-minh/Keyword Stats 2026-02-23 at 09_48_18.csv,Viết bài top-list/so sánh; map vào cluster hub; bổ sung schema + ảnh/UGC,B,75.0,0%,0
đặt phòng quận 1,Quận 1 Trip,Tổng hợp,Out-of-scope Quận 1,Informational,50,N/A,N/A,N/A,Planner (Cao),data/google_planner/ho-chi-minh/Keyword Stats 2026-02-23 at 09_48_18.csv,Viết guide/review; ưu tiên long-tail; tạo topic hub và internal link về trang dịch vụ,B,55.00000000000001,0%,"86,383"
ks ở quận 1,Quận 1 Trip,Tổng hợp,Out-of-scope Quận 1,Informational,50,N/A,N/A,N/A,Planner (Cao),data/google_planner/ho-chi-minh/Keyword Stats 2026-02-23 at 09_48_18.csv,Viết guide/review; ưu tiên long-tail; tạo topic hub và internal link về trang dịch vụ,B,55.00000000000001,0%,"15,897"
ks giá rẻ quận 1,Quận 1 Trip,Tổng hợp,Out-of-scope Quận 1,Transaction,50,N/A,N/A,N/A,Planner (Cao),data/google_planner/ho-chi-minh/Keyword Stats 2026-02-23 at 09_48_18.csv,"Tạo landing chuyển đổi (giá/vé/đặt chỗ), gom vào cluster page + build backlink nội bộ",B,55.00000000000001,0%,"34,008"
mường thanh sài gòn quận 1,Quận 1 Trip,Tổng hợp,Out-of-scope Quận 1,Informational,50,N/A,N/A,N/A,Planner (Cao),data/google_planner/ho-chi-minh/Keyword Stats 2026-02-23 at 09_48_18.csv,Viết guide/review; ưu tiên long-tail; tạo topic hub và internal link về trang dịch vụ,B,55.00000000000001,0%,"22,641"
139h nguyễn trãi quận 1,Quận 1 Trip,Tổng hợp,Out-of-scope Quận 1,Informational,50,N/A,N/A,N/A,Planner (Thấp),data/google_planner/ho-chi-minh/Keyword Stats 2026-02-23 at 09_48_18.csv,Viết guide/review; ưu tiên long-tail; tạo topic hub và internal link về trang dịch vụ,B,55.00000000000001,0%,"1,224"
19c bùi thị xuân quận 1,Quận 1 Trip,Tổng hợp,Out-of-scope Quận 1,Informational,50,N/A,N/A,N/A,Planner (Thấp),data/google_planner/ho-chi-minh/Keyword Stats 2026-02-23 at 09_48_18.csv,Viết guide/review; ưu tiên long-tail; tạo topic hub và internal link về trang dịch vụ,B,55.00000000000001,0%,"16,820"
a25 hai bà trưng quận 1,Quận 1 Trip,Tổng hợp,Out-of-scope Quận 1,Informational,50,N/A,N/A,N/A,Planner (Cao),data/google_planner/ho-chi-minh/Keyword Stats 2026-02-23 at 09_48_18.csv,Viết guide/review; ưu tiên long-tail; tạo topic hub và internal link về trang dịch vụ,B,55.00000000000001,0%,"12,038"
a25 lê thị riêng quận 1,Quận 1 Trip,Tổng hợp,Out-of-scope Quận 1,Informational,50,N/A,N/A,N/A,Planner (Trung bình),data/google_planner/ho-chi-minh/Keyword Stats 2026-02-23 at 09_48_18.csv,Viết guide/review; ưu tiên long-tail; tạo topic hub và internal link về trang dịch vụ,B,55.00000000000001,0%,"13,462"
a25 lý tự trọng quận 1,Quận 1 Trip,Tổng hợp,Out-of-scope Quận 1,Informational,50,N/A,N/A,N/A,Planner (Cao),data/google_planner/ho-chi-minh/Keyword Stats 2026-02-23 at 09_48_18.csv,Viết guide/review; ưu tiên long-tail; tạo topic hub và internal link về trang dịch vụ,B,55.00000000000001,0%,"14,442"
a25 nguyễn trãi quận 1,Quận 1 Trip,Tổng hợp,Out-of-scope Quận 1,Informational,50,N/A,N/A,N/A,Planner (Cao),data/google_planner/ho-chi-minh/Keyword Stats 2026-02-23 at 09_48_18.csv,Viết guide/review; ưu tiên long-tail; tạo topic hub và internal link về trang dịch vụ,B,55.00000000000001,0%,"17,826"
a25 sài gòn quận 1,Quận 1 Trip,Tổng hợp,Out-of-scope Quận 1,Informational,50,N/A,N/A,N/A,Planner (Trung bình),data/google_planner/ho-chi-minh/Keyword Stats 2026-02-23 at 09_48_18.csv,Viết guide/review; ưu tiên long-tail; tạo topic hub và internal link về trang dịch vụ,B,55.00000000000001,0%,"26,697"
a25 đề thám quận 1,Quận 1 Trip,Tổng hợp,Out-of-scope Quận 1,Informational,50,N/A,N/A,N/A,Planner (Cao),data/google_planner/ho-chi-minh/Keyword Stats 2026-02-23 at 09_48_18.csv,Viết guide/review; ưu tiên long-tail; tạo topic hub và internal link về trang dịch vụ,B,55.00000000000001,0%,"15,582"
caravelle quận 1,Quận 1 Trip,Tổng hợp,Out-of-scope Quận 1,Informational,50,N/A,N/A,N/A,Planner (Trung bình),data/google_planner/ho-chi-minh/Keyword Stats 2026-02-23 at 09_48_18.csv,Viết guide/review; ưu tiên long-tail; tạo topic hub và internal link về trang dịch vụ,B,55.00000000000001,-90.0%,"11,002"
du lịch quận 1,Quận 1 Trip,Tổng hợp,Out-of-scope Quận 1,Informational,50,N/A,N/A,N/A,Planner (Thấp),data/google_planner/ho-chi-minh/Keyword Stats 2026-02-23 at 09_48_18.csv,Viết guide/review; ưu tiên long-tail; tạo topic hub và internal link về trang dịch vụ,B,55.00000000000001,0%,"6,212"
du lịch quận 1 hồ chí minh,Quận 1 Trip,Tổng hợp,Out-of-scope Quận 1,Informational,50,N/A,N/A,N/A,Planner (Trung bình),data/google_planner/ho-chi-minh/Keyword Stats 2026-02-23 at 09_48_18.csv,Viết guide/review; ưu tiên long-tail; tạo topic hub và internal link về trang dịch vụ,B,55.00000000000001,0%,779
intercontinental quận 1,Quận 1 Trip,Tổng hợp,Out-of-scope Quận 1,Informational,50,N/A,N/A,N/A,Planner (Thấp),data/google_planner/ho-chi-minh/Keyword Stats 2026-02-23 at 09_48_18.csv,Viết guide/review; ưu tiên long-tail; tạo topic hub và internal link về trang dịch vụ,B,55.00000000000001,0%,"8,533"
khachs sạn quận 1,Quận 1 Trip,Tổng hợp,Out-of-scope Quận 1,Informational,50,N/A,N/A,N/A,Planner (Cao),data/google_planner/ho-chi-minh/Keyword Stats 2026-02-23 at 09_48_18.csv,Viết guide/review; ưu tiên long-tail; tạo topic hub và internal link về trang dịch vụ,B,55.00000000000001,0%,"18,179"
ks cupid quận 1,Quận 1 Trip,Tổng hợp,Out-of-scope Quận 1,Informational,50,N/A,N/A,N/A,Planner (Cao),data/google_planner/ho-chi-minh/Keyword Stats 2026-02-23 at 09_48_18.csv,Viết guide/review; ưu tiên long-tail; tạo topic hub và internal link về trang dịch vụ,B,55.00000000000001,0%,"6,830"
ks oscar quan 1,Quận 1 Trip,Tổng hợp,Out-of-scope Quận 1,Informational,50,N/A,N/A,N/A,Planner (Cao),data/google_planner/ho-chi-minh/Keyword Stats 2026-02-23 at 09_48_18.csv,Viết guide/review; ưu tiên long-tail; tạo topic hub và internal link về trang dịch vụ,B,55.00000000000001,0%,"5,202"
ks quận 1 sài gòn,Quận 1 Trip,Tổng hợp,Out-of-scope Quận 1,Informational,50,N/A,N/A,N/A,Planner (Cao),data/google_planner/ho-chi-minh/Keyword Stats 2026-02-23 at 09_48_18.csv,Viết guide/review; ưu tiên long-tail; tạo topic hub và internal link về trang dịch vụ,B,55.00000000000001,0%,"22,310"
ks silverland quan 1,Quận 1 Trip,Tổng hợp,Out-of-scope Quận 1,Informational,50,N/A,N/A,N/A,Planner (Trung bình),data/google_planner/ho-chi-minh/Keyword Stats 2026-02-23 at 09_48_18.csv,Viết guide/review; ưu tiên long-tail; tạo topic hub và internal link về trang dịch vụ,B,55.00000000000001,0%,"10,565"
liberty central quận 1,Quận 1 Trip,Tổng hợp,Out-of-scope Quận 1,Informational,50,N/A,N/A,N/A,Planner (Thấp),data/google_planner/ho-chi-minh/Keyword Stats 2026-02-23 at 09_48_18.csv,Viết guide/review; ưu tiên long-tail; tạo topic hub và internal link về trang dịch vụ,B,55.00000000000001,0%,"6,199"
những địa điểm du lịch ở sài gòn quận 1,Quận 1 Trip,Tổng hợp,Out-of-scope Quận 1,Informational,50,N/A,N/A,N/A,Planner (Thấp),data/google_planner/ho-chi-minh/Keyword Stats 2026-02-23 at 09_48_18.csv,Viết guide/review; ưu tiên long-tail; tạo topic hub và internal link về trang dịch vụ,B,55.00000000000001,0%,"1,045"
novotel quận 1,Quận 1 Trip,Tổng hợp,Out-of-scope Quận 1,Informational,50,N/A,N/A,N/A,Planner (Trung bình),data/google_planner/ho-chi-minh/Keyword Stats 2026-02-23 at 09_48_18.csv,Viết guide/review; ưu tiên long-tail; tạo topic hub và internal link về trang dịch vụ,B,55.00000000000001,0%,"9,349"
pullman quận 1,Quận 1 Trip,Tổng hợp,Out-of-scope Quận 1,Informational,50,N/A,N/A,N/A,Planner (Thấp),data/google_planner/ho-chi-minh/Keyword Stats 2026-02-23 at 09_48_18.csv,Viết guide/review; ưu tiên long-tail; tạo topic hub và internal link về trang dịch vụ,B,55.00000000000001,0%,"7,363"
reddoorz quận 1,Quận 1 Trip,Tổng hợp,Out-of-scope Quận 1,Informational,50,N/A,N/A,N/A,Planner (Cao),data/google_planner/ho-chi-minh/Keyword Stats 2026-02-23 at 09_48_18.csv,Viết guide/review; ưu tiên long-tail; tạo topic hub và internal link về trang dịch vụ,B,55.00000000000001,0%,"25,710"
silverland quận 1,Quận 1 Trip,Tổng hợp,Out-of-scope Quận 1,Informational,50,N/A,N/A,N/A,Planner (Thấp),data/google_planner/ho-chi-minh/Keyword Stats 2026-02-23 at 09_48_18.csv,Viết guide/review; ưu tiên long-tail; tạo topic hub và internal link về trang dịch vụ,B,55.00000000000001,0%,"11,492"
tham quan quận 1,Quận 1 Trip,Tổng hợp,Out-of-scope Quận 1,Informational,50,N/A,N/A,N/A,Planner (Trung bình),data/google_planner/ho-chi-minh/Keyword Stats 2026-02-23 at 09_48_18.csv,Viết guide/review; ưu tiên long-tail; tạo topic hub và internal link về trang dịch vụ,B,55.00000000000001,0%,"1,575"
địa điểm du lịch quận 1,Quận 1 Trip,Tổng hợp,Out-of-scope Quận 1,Informational,50,N/A,N/A,N/A,Planner (Thấp),data/google_planner/ho-chi-minh/Keyword Stats 2026-02-23 at 09_48_18.csv,Viết guide/review; ưu tiên long-tail; tạo topic hub và internal link về trang dịch vụ,B,55.00000000000001,0%,257
18 19 20 tôn đức thắng quận 1,Quận 1 Trip,Tổng hợp,Out-of-scope Quận 1,Informational,50,N/A,N/A,N/A,Planner (Thấp),data/google_planner/ho-chi-minh/Keyword Stats 2026-02-23 at 09_48_18.csv,Viết guide/review; ưu tiên long-tail; tạo topic hub và internal link về trang dịch vụ,B,50.0,0%,0
7a thái văn lung quận 1,Quận 1 Trip,Tổng hợp,Out-of-scope Quận 1,Informational,50,N/A,N/A,N/A,Planner (Thấp),data/google_planner/ho-chi-minh/Keyword Stats 2026-02-23 at 09_48_18.csv,Viết guide/review; ưu tiên long-tail; tạo topic hub và internal link về trang dịch vụ,B,50.0,0%,0
84a bui thi xuan quan 1,Quận 1 Trip,Tổng hợp,Out-of-scope Quận 1,Informational,50,N/A,N/A,N/A,Planner (Không xác định),data/google_planner/ho-chi-minh/Keyword Stats 2026-02-23 at 09_48_18.csv,Viết guide/review; ưu tiên long-tail; tạo topic hub và internal link về trang dịch vụ,B,50.0,-100.0%,0
các điểm du lịch quận 1,Quận 1 Trip,Tổng hợp,Out-of-scope Quận 1,Informational,50,N/A,N/A,N/A,Planner (Cao),data/google_planner/ho-chi-minh/Keyword Stats 2026-02-23 at 09_48_18.csv,Viết guide/review; ưu tiên long-tail; tạo topic hub và internal link về trang dịch vụ,B,50.0,0%,0
các điểm du lịch ở quận 1,Quận 1 Trip,Tổng hợp,Out-of-scope Quận 1,Informational,50,N/A,N/A,N/A,Planner (Cao),data/google_planner/ho-chi-minh/Keyword Stats 2026-02-23 at 09_48_18.csv,Viết guide/review; ưu tiên long-tail; tạo topic hub và internal link về trang dịch vụ,B,50.0,0%,0
các điểm tham quan ở quận 1,Quận 1 Trip,Tổng hợp,Out-of-scope Quận 1,Informational,50,N/A,N/A,N/A,Planner (Cao),data/google_planner/ho-chi-minh/Keyword Stats 2026-02-23 at 09_48_18.csv,Viết guide/review; ưu tiên long-tail; tạo topic hub và internal link về trang dịch vụ,B,50.0,0%,0
các địa điểm du lịch ở quận 1,Quận 1 Trip,Tổng hợp,Out-of-scope Quận 1,Informational,50,N/A,N/A,N/A,Planner (Cao),data/google_planner/ho-chi-minh/Keyword Stats 2026-02-23 at 09_48_18.csv,Viết guide/review; ưu tiên long-tail; tạo topic hub và internal link về trang dịch vụ,B,50.0,0%,0
các địa điểm vui chơi ở quận 1,Quận 1 Trip,Tổng hợp,Out-of-scope Quận 1,Informational,50,N/A,N/A,N/A,Planner (Trung bình),data/google_planner/ho-chi-minh/Keyword Stats 2026-02-23 at 09_48_18.csv,Viết guide/review; ưu tiên long-tail; tạo topic hub và internal link về trang dịch vụ,B,50.0,0%,0
du lịch quận 1 sài gòn,Quận 1 Trip,Tổng hợp,Out-of-scope Quận 1,Informational,50,N/A,N/A,N/A,Planner (Cao),data/google_planner/ho-chi-minh/Keyword Stats 2026-02-23 at 09_48_18.csv,Viết guide/review; ưu tiên long-tail; tạo topic hub và internal link về trang dịch vụ,B,50.0,0%,0
du lịch sài gòn quận 1,Quận 1 Trip,Tổng hợp,Out-of-scope Quận 1,Informational,50,N/A,N/A,N/A,Planner (Thấp),data/google_planner/ho-chi-minh/Keyword Stats 2026-02-23 at 09_48_18.csv,Viết guide/review; ưu tiên long-tail; tạo topic hub và internal link về trang dịch vụ,B,50.0,0%,0
intercontinental saigon residences quận 1 hồ chí minh,Quận 1 Trip,Địa danh tham quan / Văn hóa - Lịch sử,Out-of-scope Quận 1,Informational,50,N/A,N/A,N/A,Planner (Không xác định),data/google_planner/ho-chi-minh/Keyword Stats 2026-02-23 at 09_48_18.csv,Viết guide/review; ưu tiên long-tail; tạo topic hub và internal link về trang dịch vụ,B,50.0,0%,0
khu du lịch quận 1,Quận 1 Trip,Tổng hợp,Out-of-scope Quận 1,Informational,50,N/A,N/A,N/A,Planner (Thấp),data/google_planner/ho-chi-minh/Keyword Stats 2026-02-23 at 09_48_18.csv,Viết guide/review; ưu tiên long-tail; tạo topic hub và internal link về trang dịch vụ,B,50.0,0%,0
khu vui chơi ở quận 1,Quận 1 Trip,Tổng hợp,Out-of-scope Quận 1,Informational,50,N/A,N/A,N/A,Planner (Thấp),data/google_planner/ho-chi-minh/Keyword Stats 2026-02-23 at 09_48_18.csv,Viết guide/review; ưu tiên long-tail; tạo topic hub và internal link về trang dịch vụ,B,50.0,0%,0
ks a25 bùi thị xuân quận 1,Quận 1 Trip,Tổng hợp,Out-of-scope Quận 1,Informational,50,N/A,N/A,N/A,Planner (Trung bình),data/google_planner/ho-chi-minh/Keyword Stats 2026-02-23 at 09_48_18.csv,Viết guide/review; ưu tiên long-tail; tạo topic hub và internal link về trang dịch vụ,B,50.0,0%,0
món ăn sài gòn quận 1,Quận 1 Trip,Tổng hợp,Out-of-scope Quận 1,Informational,50,N/A,N/A,N/A,Planner (Cao),data/google_planner/ho-chi-minh/Keyword Stats 2026-02-23 at 09_48_18.csv,Viết guide/review; ưu tiên long-tail; tạo topic hub và internal link về trang dịch vụ,B,50.0,0%,0
món ăn việt nam ở quận 1,Quận 1 Trip,Tổng hợp,Out-of-scope Quận 1,Informational,50,N/A,N/A,N/A,Planner (Cao),data/google_planner/ho-chi-minh/Keyword Stats 2026-02-23 at 09_48_18.csv,Viết guide/review; ưu tiên long-tail; tạo topic hub và internal link về trang dịch vụ,B,50.0,0%,0
những điểm đi chơi ở quận 1,Quận 1 Trip,Tổng hợp,Out-of-scope Quận 1,Informational,50,N/A,N/A,N/A,Planner (Thấp),data/google_planner/ho-chi-minh/Keyword Stats 2026-02-23 at 09_48_18.csv,Viết guide/review; ưu tiên long-tail; tạo topic hub và internal link về trang dịch vụ,B,50.0,0%,0
những địa điểm du lịch ở quận 1,Quận 1 Trip,Tổng hợp,Out-of-scope Quận 1,Informational,50,N/A,N/A,N/A,Planner (Thấp),data/google_planner/ho-chi-minh/Keyword Stats 2026-02-23 at 09_48_18.csv,Viết guide/review; ưu tiên long-tail; tạo topic hub và internal link về trang dịch vụ,B,50.0,0%,0
những địa điểm đi chơi ở quận 1 sài gòn,Quận 1 Trip,Tổng hợp,Out-of-scope Quận 1,Informational,50,N/A,N/A,N/A,Planner (Không xác định),data/google_planner/ho-chi-minh/Keyword Stats 2026-02-23 at 09_48_18.csv,Viết guide/review; ưu tiên long-tail; tạo topic hub và internal link về trang dịch vụ,B,50.0,0%,0
nouveau happy inn quận 1 hồ chí minh,Quận 1 Trip,Tổng hợp,Out-of-scope Quận 1,Informational,50,N/A,N/A,N/A,Planner (Không xác định),data/google_planner/ho-chi-minh/Keyword Stats 2026-02-23 at 09_48_18.csv,Viết guide/review; ưu tiên long-tail; tạo topic hub và internal link về trang dịch vụ,B,50.0,0%,0
sofitel quận 1,Quận 1 Trip,Tổng hợp,Out-of-scope Quận 1,Informational,50,N/A,N/A,N/A,Planner (Trung bình),data/google_planner/ho-chi-minh/Keyword Stats 2026-02-23 at 09_48_18.csv,Viết guide/review; ưu tiên long-tail; tạo topic hub và internal link về trang dịch vụ,B,50.0,0%,0
đi chơi quận 1 hồ chí minh,Quận 1 Trip,Tổng hợp,Out-of-scope Quận 1,Informational,50,N/A,N/A,N/A,Planner (Trung bình),data/google_planner/ho-chi-minh/Keyword Stats 2026-02-23 at 09_48_18.csv,Viết guide/review; ưu tiên long-tail; tạo topic hub và internal link về trang dịch vụ,B,50.0,0%,0
đi chơi ở quận 1,Quận 1 Trip,Tổng hợp,Out-of-scope Quận 1,Informational,50,N/A,N/A,N/A,Planner (Cao),data/google_planner/ho-chi-minh/Keyword Stats 2026-02-23 at 09_48_18.csv,Viết guide/review; ưu tiên long-tail; tạo topic hub và internal link về trang dịch vụ,B,50.0,0%,0
điểm du lịch quận 1,Quận 1 Trip,Tổng hợp,Out-of-scope Quận 1,Informational,50,N/A,N/A,N/A,Planner (Thấp),data/google_planner/ho-chi-minh/Keyword Stats 2026-02-23 at 09_48_18.csv,Viết guide/review; ưu tiên long-tail; tạo topic hub và internal link về trang dịch vụ,B,50.0,0%,0
điểm du lịch ở quận 1,Quận 1 Trip,Tổng hợp,Out-of-scope Quận 1,Informational,50,N/A,N/A,N/A,Planner (Thấp),data/google_planner/ho-chi-minh/Keyword Stats 2026-02-23 at 09_48_18.csv,Viết guide/review; ưu tiên long-tail; tạo topic hub và internal link về trang dịch vụ,B,50.0,0%,0
điểm tham quan quận 1,Quận 1 Trip,Tổng hợp,Out-of-scope Quận 1,Informational,50,N/A,N/A,N/A,Planner (Trung bình),data/google_planner/ho-chi-minh/Keyword Stats 2026-02-23 at 09_48_18.csv,Viết guide/review; ưu tiên long-tail; tạo topic hub và internal link về trang dịch vụ,B,50.0,0%,0
điểm vui chơi quận 1,Quận 1 Trip,Tổng hợp,Out-of-scope Quận 1,Informational,50,N/A,N/A,N/A,Planner (Thấp),data/google_planner/ho-chi-minh/Keyword Stats 2026-02-23 at 09_48_18.csv,Viết guide/review; ưu tiên long-tail; tạo topic hub và internal link về trang dịch vụ,B,50.0,0%,0
điểm đi chơi quận 1,Quận 1 Trip,Tổng hợp,Out-of-scope Quận 1,Informational,50,N/A,N/A,N/A,Planner (Cao),data/google_planner/ho-chi-minh/Keyword Stats 2026-02-23 at 09_48_18.csv,Viết guide/review; ưu tiên long-tail; tạo topic hub và internal link về trang dịch vụ,B,50.0,0%,0
đặt phòng quận 1 sài gòn,Quận 1 Trip,Tổng hợp,Out-of-scope Quận 1,Informational,50,N/A,N/A,N/A,Planner (Không xác định),data/google_planner/ho-chi-minh/Keyword Stats 2026-02-23 at 09_48_18.csv,Viết guide/review; ưu tiên long-tail; tạo topic hub và internal link về trang dịch vụ,B,50.0,0%,0
địa điểm chơi ở quận 1,Quận 1 Trip,Tổng hợp,Out-of-scope Quận 1,Informational,50,N/A,N/A,N/A,Planner (Thấp),data/google_planner/ho-chi-minh/Keyword Stats 2026-02-23 at 09_48_18.csv,Viết guide/review; ưu tiên long-tail; tạo topic hub và internal link về trang dịch vụ,B,50.0,0%,0
địa điểm du lịch sài gòn quận 1,Quận 1 Trip,Tổng hợp,Out-of-scope Quận 1,Informational,50,N/A,N/A,N/A,Planner (Trung bình),data/google_planner/ho-chi-minh/Keyword Stats 2026-02-23 at 09_48_18.csv,Viết guide/review; ưu tiên long-tail; tạo topic hub và internal link về trang dịch vụ,B,50.0,0%,0
địa điểm du lịch ở quận 1,Quận 1 Trip,Tổng hợp,Out-of-scope Quận 1,Informational,50,N/A,N/A,N/A,Planner (Thấp),data/google_planner/ho-chi-minh/Keyword Stats 2026-02-23 at 09_48_18.csv,Viết guide/review; ưu tiên long-tail; tạo topic hub và internal link về trang dịch vụ,B,50.0,0%,0
địa điểm tham quan ở quận 1,Quận 1 Trip,Tổng hợp,Out-of-scope Quận 1,Informational,50,N/A,N/A,N/A,Planner (Thấp),data/google_planner/ho-chi-minh/Keyword Stats 2026-02-23 at 09_48_18.csv,Viết guide/review; ưu tiên long-tail; tạo topic hub và internal link về trang dịch vụ,B,50.0,0%,0
địa điểm vui chơi quận 1,Quận 1 Trip,Tổng hợp,Out-of-scope Quận 1,Informational,50,N/A,N/A,N/A,Planner (Thấp),data/google_planner/ho-chi-minh/Keyword Stats 2026-02-23 at 09_48_18.csv,Viết guide/review; ưu tiên long-tail; tạo topic hub và internal link về trang dịch vụ,B,50.0,0%,0
địa điểm vui chơi ở quận 1,Quận 1 Trip,Tổng hợp,Out-of-scope Quận 1,Informational,50,N/A,N/A,N/A,Planner (Thấp),data/google_planner/ho-chi-minh/Keyword Stats 2026-02-23 at 09_48_18.csv,Viết guide/review; ưu tiên long-tail; tạo topic hub và internal link về trang dịch vụ,B,50.0,0%,0
địa điểm đi chơi ở quận 1 tphcm,Quận 1 Trip,Tổng hợp,Out-of-scope Quận 1,Informational,50,N/A,N/A,N/A,Planner (Không xác định),data/google_planner/ho-chi-minh/Keyword Stats 2026-02-23 at 09_48_18.csv,Viết guide/review; ưu tiên long-tail; tạo topic hub và internal link về trang dịch vụ,B,50.0,0%,0
khách sạn quận 3,Quận 3 Trip,Lưu trú,Out-of-scope Quận 3,Commercial Investigation,4400,4140,24,0.58%,Low (0),data/google_search_console/Queries.csv,"Refresh bài top-list, thêm bảng so sánh + schema FAQ/Review; tối ưu title để tăng CTR",A,24.0,N/A,N/A
khách sạn ở quận 3,Quận 3 Trip,Lưu trú,Out-of-scope Quận 3,Commercial Investigation,500,N/A,N/A,N/A,Planner (Cao),data/google_planner/ho-chi-minh/Keyword Stats 2026-02-23 at 09_48_18.csv,Viết bài top-list/so sánh; map vào cluster hub; bổ sung schema + ảnh/UGC,B,825.0,0%,"16,101"
khách sạn quận 3 hồ chí minh,Quận 3 Trip,Lưu trú,Out-of-scope Quận 3,Commercial Investigation,500,N/A,N/A,N/A,Planner (Cao),data/google_planner/ho-chi-minh/Keyword Stats 2026-02-23 at 09_48_18.csv,Viết bài top-list/so sánh; map vào cluster hub; bổ sung schema + ảnh/UGC,B,825.0,-90.0%,"23,487"
khách sạn quận 3 sài gòn,Quận 3 Trip,Lưu trú,Out-of-scope Quận 3,Commercial Investigation,500,N/A,N/A,N/A,Planner (Cao),data/google_planner/ho-chi-minh/Keyword Stats 2026-02-23 at 09_48_18.csv,Viết bài top-list/so sánh; map vào cluster hub; bổ sung schema + ảnh/UGC,B,825.0,0%,"22,278"
hotel quận 3,Quận 3 Trip,Lưu trú,Out-of-scope Quận 3,Commercial Investigation,500,N/A,N/A,N/A,Planner (Trung bình),data/google_planner/ho-chi-minh/Keyword Stats 2026-02-23 at 09_48_18.csv,Viết bài top-list/so sánh; map vào cluster hub; bổ sung schema + ảnh/UGC,B,825.0,0%,"13,211"
khách sạn quận 3 thành phố hồ chí minh,Quận 3 Trip,Lưu trú,Out-of-scope Quận 3,Commercial Investigation,500,N/A,N/A,N/A,Planner (Cao),data/google_planner/ho-chi-minh/Keyword Stats 2026-02-23 at 09_48_18.csv,Viết bài top-list/so sánh; map vào cluster hub; bổ sung schema + ảnh/UGC,B,825.0,-90.0%,"20,265"
khách sạn a25 quận 3,Quận 3 Trip,Lưu trú,Out-of-scope Quận 3,Commercial Investigation,500,N/A,N/A,N/A,Planner (Trung bình),data/google_planner/ho-chi-minh/Keyword Stats 2026-02-23 at 09_48_18.csv,Viết bài top-list/so sánh; map vào cluster hub; bổ sung schema + ảnh/UGC,B,825.0,0%,"8,996"
khách sạn cao thắng quận 3,Quận 3 Trip,Lưu trú,Out-of-scope Quận 3,Commercial Investigation,500,N/A,N/A,N/A,Planner (Cao),data/google_planner/ho-chi-minh/Keyword Stats 2026-02-23 at 09_48_18.csv,Viết bài top-list/so sánh; map vào cluster hub; bổ sung schema + ảnh/UGC,B,825.0,0%,"8,848"
khách sạn lavela quận 3,Quận 3 Trip,Lưu trú,Out-of-scope Quận 3,Commercial Investigation,500,N/A,N/A,N/A,Planner (Trung bình),data/google_planner/ho-chi-minh/Keyword Stats 2026-02-23 at 09_48_18.csv,Viết bài top-list/so sánh; map vào cluster hub; bổ sung schema + ảnh/UGC,B,825.0,0%,"8,570"
khách sạn lê văn sỹ quận 3,Quận 3 Trip,Lưu trú,Out-of-scope Quận 3,Commercial Investigation,500,N/A,N/A,N/A,Planner (Cao),data/google_planner/ho-chi-minh/Keyword Stats 2026-02-23 at 09_48_18.csv,Viết bài top-list/so sánh; map vào cluster hub; bổ sung schema + ảnh/UGC,B,825.0,-90.0%,"12,804"
lá hotel quận 3,Quận 3 Trip,Lưu trú,Out-of-scope Quận 3,Commercial Investigation,500,N/A,N/A,N/A,Planner (Thấp),data/google_planner/ho-chi-minh/Keyword Stats 2026-02-23 at 09_48_18.csv,Viết bài top-list/so sánh; map vào cluster hub; bổ sung schema + ảnh/UGC,B,825.0,0%,"11,260"
ks quận 3,Quận 3 Trip,Tổng hợp,Out-of-scope Quận 3,Informational,500,N/A,N/A,N/A,Planner (Cao),data/google_planner/ho-chi-minh/Keyword Stats 2026-02-23 at 09_48_18.csv,Viết guide/review; ưu tiên long-tail; tạo topic hub và internal link về trang dịch vụ,B,550.0,-90.0%,"17,172"
khách sạn victory 14 võ văn tần quận 3,Quận 3 Trip,Lưu trú,Out-of-scope Quận 3,Commercial Investigation,50,N/A,N/A,N/A,Planner (Trung bình),data/google_planner/ho-chi-minh/Keyword Stats 2026-02-23 at 09_48_18.csv,Viết bài top-list/so sánh; map vào cluster hub; bổ sung schema + ảnh/UGC,B,97.5,900.0%,"15,007"
khách sạn sài gòn quận 3,Quận 3 Trip,Lưu trú,Out-of-scope Quận 3,Commercial Investigation,50,N/A,N/A,N/A,Planner (Cao),data/google_planner/ho-chi-minh/Keyword Stats 2026-02-23 at 09_48_18.csv,Viết bài top-list/so sánh; map vào cluster hub; bổ sung schema + ảnh/UGC,B,82.50000000000001,0%,"19,517"
khách sạn ở quận 3 hồ chí minh,Quận 3 Trip,Lưu trú,Out-of-scope Quận 3,Commercial Investigation,50,N/A,N/A,N/A,Planner (Cao),data/google_planner/ho-chi-minh/Keyword Stats 2026-02-23 at 09_48_18.csv,Viết bài top-list/so sánh; map vào cluster hub; bổ sung schema + ảnh/UGC,B,82.50000000000001,0%,"20,749"
khách sạn quận 3 hcm,Quận 3 Trip,Lưu trú,Out-of-scope Quận 3,Commercial Investigation,50,N/A,N/A,N/A,Planner (Cao),data/google_planner/ho-chi-minh/Keyword Stats 2026-02-23 at 09_48_18.csv,Viết bài top-list/so sánh; map vào cluster hub; bổ sung schema + ảnh/UGC,B,82.50000000000001,0%,"24,611"
khách sạn đường lý chính thắng quận 3,Quận 3 Trip,Lưu trú,Out-of-scope Quận 3,Commercial Investigation,50,N/A,N/A,N/A,Planner (Cao),data/google_planner/ho-chi-minh/Keyword Stats 2026-02-23 at 09_48_18.csv,Viết bài top-list/so sánh; map vào cluster hub; bổ sung schema + ảnh/UGC,B,82.50000000000001,-90.0%,"16,880"
khách sạn tại quận 3 thành phố hồ chí minh,Quận 3 Trip,Lưu trú,Out-of-scope Quận 3,Commercial Investigation,50,N/A,N/A,N/A,Planner (Cao),data/google_planner/ho-chi-minh/Keyword Stats 2026-02-23 at 09_48_18.csv,Viết bài top-list/so sánh; map vào cluster hub; bổ sung schema + ảnh/UGC,B,82.50000000000001,0%,"19,582"
khách sạn đường lê văn sỹ quận 3,Quận 3 Trip,Lưu trú,Out-of-scope Quận 3,Commercial Investigation,50,N/A,N/A,N/A,Planner (Cao),data/google_planner/ho-chi-minh/Keyword Stats 2026-02-23 at 09_48_18.csv,Viết bài top-list/so sánh; map vào cluster hub; bổ sung schema + ảnh/UGC,B,82.50000000000001,-90.0%,"7,210"
khách sạn đường pasteur quận 3,Quận 3 Trip,Lưu trú,Out-of-scope Quận 3,Commercial Investigation,50,N/A,N/A,N/A,Planner (Cao),data/google_planner/ho-chi-minh/Keyword Stats 2026-02-23 at 09_48_18.csv,Viết bài top-list/so sánh; map vào cluster hub; bổ sung schema + ảnh/UGC,B,82.50000000000001,0%,"10,136"
a25 hotel quận 3,Quận 3 Trip,Lưu trú,Out-of-scope Quận 3,Commercial Investigation,50,N/A,N/A,N/A,Planner (Trung bình),data/google_planner/ho-chi-minh/Keyword Stats 2026-02-23 at 09_48_18.csv,Viết bài top-list/so sánh; map vào cluster hub; bổ sung schema + ảnh/UGC,B,82.50000000000001,-90.0%,"13,284"
acnos grand hotel quận 3,Quận 3 Trip,Lưu trú,Out-of-scope Quận 3,Commercial Investigation,50,N/A,N/A,N/A,Planner (Cao),data/google_planner/ho-chi-minh/Keyword Stats 2026-02-23 at 09_48_18.csv,Viết bài top-list/so sánh; map vào cluster hub; bổ sung schema + ảnh/UGC,B,82.50000000000001,0%,"16,920"
aurora hotel quận 3,Quận 3 Trip,Lưu trú,Out-of-scope Quận 3,Commercial Investigation,50,N/A,N/A,N/A,Planner (Cao),data/google_planner/ho-chi-minh/Keyword Stats 2026-02-23 at 09_48_18.csv,Viết bài top-list/so sánh; map vào cluster hub; bổ sung schema + ảnh/UGC,B,82.50000000000001,0%,"9,711"
các khách sạn ở quận 3,Quận 3 Trip,Lưu trú,Out-of-scope Quận 3,Commercial Investigation,50,N/A,N/A,N/A,Planner (Cao),data/google_planner/ho-chi-minh/Keyword Stats 2026-02-23 at 09_48_18.csv,Viết bài top-list/so sánh; map vào cluster hub; bổ sung schema + ảnh/UGC,B,82.50000000000001,0%,"11,308"
gia huyên hotel quận 3,Quận 3 Trip,Lưu trú,Out-of-scope Quận 3,Transaction,50,N/A,N/A,N/A,Planner (Trung bình),data/google_planner/ho-chi-minh/Keyword Stats 2026-02-23 at 09_48_18.csv,"Tạo landing chuyển đổi (giá/vé/đặt chỗ), gom vào cluster page + build backlink nội bộ",B,82.50000000000001,0%,"17,398"
khach san new pacific quan 3,Quận 3 Trip,Lưu trú,Out-of-scope Quận 3,Commercial Investigation,50,N/A,N/A,N/A,Planner (Cao),data/google_planner/ho-chi-minh/Keyword Stats 2026-02-23 at 09_48_18.csv,Viết bài top-list/so sánh; map vào cluster hub; bổ sung schema + ảnh/UGC,B,82.50000000000001,0%,"19,985"
khach san quan 3 tphcm,Quận 3 Trip,Lưu trú,Out-of-scope Quận 3,Commercial Investigation,50,N/A,N/A,N/A,Planner (Cao),data/google_planner/ho-chi-minh/Keyword Stats 2026-02-23 at 09_48_18.csv,Viết bài top-list/so sánh; map vào cluster hub; bổ sung schema + ảnh/UGC,B,82.50000000000001,0%,"11,822"
khách sạn 3 sao quận 3 hồ chí minh,Quận 3 Trip,Lưu trú,Out-of-scope Quận 3,Commercial Investigation,50,N/A,N/A,N/A,Planner (Cao),data/google_planner/ho-chi-minh/Keyword Stats 2026-02-23 at 09_48_18.csv,Viết bài top-list/so sánh; map vào cluster hub; bổ sung schema + ảnh/UGC,B,82.50000000000001,0%,"14,571"
khách sạn anh tú quận 3,Quận 3 Trip,Lưu trú,Out-of-scope Quận 3,Commercial Investigation,50,N/A,N/A,N/A,Planner (Cao),data/google_planner/ho-chi-minh/Keyword Stats 2026-02-23 at 09_48_18.csv,Viết bài top-list/so sánh; map vào cluster hub; bổ sung schema + ảnh/UGC,B,82.50000000000001,0%,"14,283"
khách sạn boss quận 3,Quận 3 Trip,Lưu trú,Out-of-scope Quận 3,Commercial Investigation,50,N/A,N/A,N/A,Planner (Cao),data/google_planner/ho-chi-minh/Keyword Stats 2026-02-23 at 09_48_18.csv,Viết bài top-list/so sánh; map vào cluster hub; bổ sung schema + ảnh/UGC,B,82.50000000000001,0%,"7,039"
khách sạn bà huyện thanh quan quận 3,Quận 3 Trip,Lưu trú,Out-of-scope Quận 3,Commercial Investigation,50,N/A,N/A,N/A,Planner (Cao),data/google_planner/ho-chi-minh/Keyword Stats 2026-02-23 at 09_48_18.csv,Viết bài top-list/so sánh; map vào cluster hub; bổ sung schema + ảnh/UGC,B,82.50000000000001,0%,"7,791"
khách sạn cmt8 quận 3,Quận 3 Trip,Lưu trú,Out-of-scope Quận 3,Commercial Investigation,50,N/A,N/A,N/A,Planner (Trung bình),data/google_planner/ho-chi-minh/Keyword Stats 2026-02-23 at 09_48_18.csv,Viết bài top-list/so sánh; map vào cluster hub; bổ sung schema + ảnh/UGC,B,82.50000000000001,0%,"9,123"
khách sạn emerald central quận 3,Quận 3 Trip,Lưu trú,Out-of-scope Quận 3,Commercial Investigation,50,N/A,N/A,N/A,Planner (Cao),data/google_planner/ho-chi-minh/Keyword Stats 2026-02-23 at 09_48_18.csv,Viết bài top-list/so sánh; map vào cluster hub; bổ sung schema + ảnh/UGC,B,82.50000000000001,0%,"28,849"
khách sạn giá rẻ đường lê văn sỹ quận 3,Quận 3 Trip,Lưu trú,Out-of-scope Quận 3,Transaction,50,N/A,N/A,N/A,Planner (Trung bình),data/google_planner/ho-chi-minh/Keyword Stats 2026-02-23 at 09_48_18.csv,"Tạo landing chuyển đổi (giá/vé/đặt chỗ), gom vào cluster page + build backlink nội bộ",B,82.50000000000001,0%,"9,121"
khách sạn hoàng lan quận 3,Quận 3 Trip,Lưu trú,Out-of-scope Quận 3,Commercial Investigation,50,N/A,N/A,N/A,Planner (Cao),data/google_planner/ho-chi-minh/Keyword Stats 2026-02-23 at 09_48_18.csv,Viết bài top-list/so sánh; map vào cluster hub; bổ sung schema + ảnh/UGC,B,82.50000000000001,0%,"9,899"
khách sạn hoàng sa quận 3,Quận 3 Trip,Lưu trú,Out-of-scope Quận 3,Commercial Investigation,50,N/A,N/A,N/A,Planner (Trung bình),data/google_planner/ho-chi-minh/Keyword Stats 2026-02-23 at 09_48_18.csv,Viết bài top-list/so sánh; map vào cluster hub; bổ sung schema + ảnh/UGC,B,82.50000000000001,0%,"13,009"
khách sạn hương mai quận 3,Quận 3 Trip,Lưu trú,Out-of-scope Quận 3,Commercial Investigation,50,N/A,N/A,N/A,Planner (Trung bình),data/google_planner/ho-chi-minh/Keyword Stats 2026-02-23 at 09_48_18.csv,Viết bài top-list/so sánh; map vào cluster hub; bổ sung schema + ảnh/UGC,B,82.50000000000001,0%,"20,141"
khách sạn hồ chí minh quận 3,Quận 3 Trip,Lưu trú,Out-of-scope Quận 3,Commercial Investigation,50,N/A,N/A,N/A,Planner (Cao),data/google_planner/ho-chi-minh/Keyword Stats 2026-02-23 at 09_48_18.csv,Viết bài top-list/so sánh; map vào cluster hub; bổ sung schema + ảnh/UGC,B,82.50000000000001,0%,"18,103"
khách sạn hồng hà quận 3,Quận 3 Trip,Lưu trú,Out-of-scope Quận 3,Commercial Investigation,50,N/A,N/A,N/A,Planner (Trung bình),data/google_planner/ho-chi-minh/Keyword Stats 2026-02-23 at 09_48_18.csv,Viết bài top-list/so sánh; map vào cluster hub; bổ sung schema + ảnh/UGC,B,82.50000000000001,0%,"12,382"
khách sạn khu vực quận 3,Quận 3 Trip,Lưu trú,Out-of-scope Quận 3,Commercial Investigation,50,N/A,N/A,N/A,Planner (Cao),data/google_planner/ho-chi-minh/Keyword Stats 2026-02-23 at 09_48_18.csv,Viết bài top-list/so sánh; map vào cluster hub; bổ sung schema + ảnh/UGC,B,82.50000000000001,-90.0%,"10,471"
khách sạn lâm viên quận 3,Quận 3 Trip,Lưu trú,Out-of-scope Quận 3,Commercial Investigation,50,N/A,N/A,N/A,Planner (Thấp),data/google_planner/ho-chi-minh/Keyword Stats 2026-02-23 at 09_48_18.csv,Viết bài top-list/so sánh; map vào cluster hub; bổ sung schema + ảnh/UGC,B,82.50000000000001,0%,"14,283"
khách sạn lý chính thắng quận 3,Quận 3 Trip,Lưu trú,Out-of-scope Quận 3,Commercial Investigation,50,N/A,N/A,N/A,Planner (Cao),data/google_planner/ho-chi-minh/Keyword Stats 2026-02-23 at 09_48_18.csv,Viết bài top-list/so sánh; map vào cluster hub; bổ sung schema + ảnh/UGC,B,82.50000000000001,-90.0%,"14,024"
khách sạn mai house quận 3,Quận 3 Trip,Lưu trú,Out-of-scope Quận 3,Commercial Investigation,50,N/A,N/A,N/A,Planner (Trung bình),data/google_planner/ho-chi-minh/Keyword Stats 2026-02-23 at 09_48_18.csv,Viết bài top-list/so sánh; map vào cluster hub; bổ sung schema + ảnh/UGC,B,82.50000000000001,0%,"9,083"
khách sạn nam kỳ khởi nghĩa quận 3,Quận 3 Trip,Lưu trú,Out-of-scope Quận 3,Commercial Investigation,50,N/A,N/A,N/A,Planner (Cao),data/google_planner/ho-chi-minh/Keyword Stats 2026-02-23 at 09_48_18.csv,Viết bài top-list/so sánh; map vào cluster hub; bổ sung schema + ảnh/UGC,B,82.50000000000001,0%,"13,433"
khách sạn nguyễn thông quận 3,Quận 3 Trip,Lưu trú,Out-of-scope Quận 3,Commercial Investigation,50,N/A,N/A,N/A,Planner (Trung bình),data/google_planner/ho-chi-minh/Keyword Stats 2026-02-23 at 09_48_18.csv,Viết bài top-list/so sánh; map vào cluster hub; bổ sung schema + ảnh/UGC,B,82.50000000000001,0%,"8,059"
khách sạn nguyễn đình chiểu quận 3,Quận 3 Trip,Lưu trú,Out-of-scope Quận 3,Commercial Investigation,50,N/A,N/A,N/A,Planner (Cao),data/google_planner/ho-chi-minh/Keyword Stats 2026-02-23 at 09_48_18.csv,Viết bài top-list/so sánh; map vào cluster hub; bổ sung schema + ảnh/UGC,B,82.50000000000001,0%,"10,086"
khách sạn novotel quận 3,Quận 3 Trip,Lưu trú,Out-of-scope Quận 3,Commercial Investigation,50,N/A,N/A,N/A,Planner (Trung bình),data/google_planner/ho-chi-minh/Keyword Stats 2026-02-23 at 09_48_18.csv,Viết bài top-list/so sánh; map vào cluster hub; bổ sung schema + ảnh/UGC,B,82.50000000000001,0%,"9,868"
khách sạn pasteur quận 3,Quận 3 Trip,Lưu trú,Out-of-scope Quận 3,Commercial Investigation,50,N/A,N/A,N/A,Planner (Trung bình),data/google_planner/ho-chi-minh/Keyword Stats 2026-02-23 at 09_48_18.csv,Viết bài top-list/so sánh; map vào cluster hub; bổ sung schema + ảnh/UGC,B,82.50000000000001,0%,"8,843"
khách sạn phạm ngọc thạch quận 3,Quận 3 Trip,Lưu trú,Out-of-scope Quận 3,Commercial Investigation,50,N/A,N/A,N/A,Planner (Cao),data/google_planner/ho-chi-minh/Keyword Stats 2026-02-23 at 09_48_18.csv,Viết bài top-list/so sánh; map vào cluster hub; bổ sung schema + ảnh/UGC,B,82.50000000000001,0%,"14,065"
khách sạn ramana lê văn sỹ quận 3,Quận 3 Trip,Lưu trú,Out-of-scope Quận 3,Commercial Investigation,50,N/A,N/A,N/A,Planner (Cao),data/google_planner/ho-chi-minh/Keyword Stats 2026-02-23 at 09_48_18.csv,Viết bài top-list/so sánh; map vào cluster hub; bổ sung schema + ảnh/UGC,B,82.50000000000001,-90.0%,"12,725"
khách sạn ramana quận 3,Quận 3 Trip,Lưu trú,Out-of-scope Quận 3,Commercial Investigation,50,N/A,N/A,N/A,Planner (Cao),data/google_planner/ho-chi-minh/Keyword Stats 2026-02-23 at 09_48_18.csv,Viết bài top-list/so sánh; map vào cluster hub; bổ sung schema + ảnh/UGC,B,82.50000000000001,0%,"14,175"
khách sạn sen việt 33 cao thắng quận 3,Quận 3 Trip,Lưu trú,Out-of-scope Quận 3,Commercial Investigation,50,N/A,N/A,N/A,Planner (Trung bình),data/google_planner/ho-chi-minh/Keyword Stats 2026-02-23 at 09_48_18.csv,Viết bài top-list/so sánh; map vào cluster hub; bổ sung schema + ảnh/UGC,B,82.50000000000001,0%,"6,752"
khách sạn tao đàn quận 3,Quận 3 Trip,Lưu trú,Out-of-scope Quận 3,Commercial Investigation,50,N/A,N/A,N/A,Planner (Trung bình),data/google_planner/ho-chi-minh/Keyword Stats 2026-02-23 at 09_48_18.csv,Viết bài top-list/so sánh; map vào cluster hub; bổ sung schema + ảnh/UGC,B,82.50000000000001,0%,"8,879"
khách sạn tphcm quận 3,Quận 3 Trip,Lưu trú,Out-of-scope Quận 3,Commercial Investigation,50,N/A,N/A,N/A,Planner (Cao),data/google_planner/ho-chi-minh/Keyword Stats 2026-02-23 at 09_48_18.csv,Viết bài top-list/so sánh; map vào cluster hub; bổ sung schema + ảnh/UGC,B,82.50000000000001,0%,"13,545"
khách sạn trà my quận 3,Quận 3 Trip,Lưu trú,Out-of-scope Quận 3,Commercial Investigation,50,N/A,N/A,N/A,Planner (Cao),data/google_planner/ho-chi-minh/Keyword Stats 2026-02-23 at 09_48_18.csv,Viết bài top-list/so sánh; map vào cluster hub; bổ sung schema + ảnh/UGC,B,82.50000000000001,0%,"18,084"
khách sạn trên đường bà huyện thanh quan quận 3,Quận 3 Trip,Lưu trú,Out-of-scope Quận 3,Commercial Investigation,50,N/A,N/A,N/A,Planner (Cao),data/google_planner/ho-chi-minh/Keyword Stats 2026-02-23 at 09_48_18.csv,Viết bài top-list/so sánh; map vào cluster hub; bổ sung schema + ảnh/UGC,B,82.50000000000001,0%,"17,132"
khách sạn trên đường lê văn sỹ quận 3,Quận 3 Trip,Lưu trú,Out-of-scope Quận 3,Commercial Investigation,50,N/A,N/A,N/A,Planner (Cao),data/google_planner/ho-chi-minh/Keyword Stats 2026-02-23 at 09_48_18.csv,Viết bài top-list/so sánh; map vào cluster hub; bổ sung schema + ảnh/UGC,B,82.50000000000001,0%,"4,558"
khách sạn trên đường lý chính thắng quận 3,Quận 3 Trip,Lưu trú,Out-of-scope Quận 3,Commercial Investigation,50,N/A,N/A,N/A,Planner (Cao),data/google_planner/ho-chi-minh/Keyword Stats 2026-02-23 at 09_48_18.csv,Viết bài top-list/so sánh; map vào cluster hub; bổ sung schema + ảnh/UGC,B,82.50000000000001,0%,"12,206"
khách sạn trên đường pasteur quận 3,Quận 3 Trip,Lưu trú,Out-of-scope Quận 3,Commercial Investigation,50,N/A,N/A,N/A,Planner (Cao),data/google_planner/ho-chi-minh/Keyword Stats 2026-02-23 at 09_48_18.csv,Viết bài top-list/so sánh; map vào cluster hub; bổ sung schema + ảnh/UGC,B,82.50000000000001,0%,"13,244"
khách sạn victory võ văn tần quận 3,Quận 3 Trip,Lưu trú,Out-of-scope Quận 3,Commercial Investigation,50,N/A,N/A,N/A,Planner (Trung bình),data/google_planner/ho-chi-minh/Keyword Stats 2026-02-23 at 09_48_18.csv,Viết bài top-list/so sánh; map vào cluster hub; bổ sung schema + ảnh/UGC,B,82.50000000000001,0%,"11,288"
khách sạn võ văn tần quận 3,Quận 3 Trip,Lưu trú,Out-of-scope Quận 3,Commercial Investigation,50,N/A,N/A,N/A,Planner (Trung bình),data/google_planner/ho-chi-minh/Keyword Stats 2026-02-23 at 09_48_18.csv,Viết bài top-list/so sánh; map vào cluster hub; bổ sung schema + ảnh/UGC,B,82.50000000000001,0%,"16,361"
khách sạn white lion quận 3,Quận 3 Trip,Lưu trú,Out-of-scope Quận 3,Commercial Investigation,50,N/A,N/A,N/A,Planner (Cao),data/google_planner/ho-chi-minh/Keyword Stats 2026-02-23 at 09_48_18.csv,Viết bài top-list/so sánh; map vào cluster hub; bổ sung schema + ảnh/UGC,B,82.50000000000001,0%,"20,429"
khách sạn đường bà huyện thanh quan quận 3,Quận 3 Trip,Lưu trú,Out-of-scope Quận 3,Commercial Investigation,50,N/A,N/A,N/A,Planner (Cao),data/google_planner/ho-chi-minh/Keyword Stats 2026-02-23 at 09_48_18.csv,Viết bài top-list/so sánh; map vào cluster hub; bổ sung schema + ảnh/UGC,B,82.50000000000001,0%,"10,094"
khách sạn đường nguyễn đình chiểu quận 3,Quận 3 Trip,Lưu trú,Out-of-scope Quận 3,Commercial Investigation,50,N/A,N/A,N/A,Planner (Cao),data/google_planner/ho-chi-minh/Keyword Stats 2026-02-23 at 09_48_18.csv,Viết bài top-list/so sánh; map vào cluster hub; bổ sung schema + ảnh/UGC,B,82.50000000000001,0%,"14,073"
khách sạn đường phạm ngọc thạch quận 3,Quận 3 Trip,Lưu trú,Out-of-scope Quận 3,Commercial Investigation,50,N/A,N/A,N/A,Planner (Cao),data/google_planner/ho-chi-minh/Keyword Stats 2026-02-23 at 09_48_18.csv,Viết bài top-list/so sánh; map vào cluster hub; bổ sung schema + ảnh/UGC,B,82.50000000000001,0%,"11,427"
khách sạn ở quận 3 sài gòn,Quận 3 Trip,Lưu trú,Out-of-scope Quận 3,Commercial Investigation,50,N/A,N/A,N/A,Planner (Cao),data/google_planner/ho-chi-minh/Keyword Stats 2026-02-23 at 09_48_18.csv,Viết bài top-list/so sánh; map vào cluster hub; bổ sung schema + ảnh/UGC,B,82.50000000000001,0%,"15,431"
khách sạn ở quận 3 thành phố hồ chí minh,Quận 3 Trip,Lưu trú,Out-of-scope Quận 3,Commercial Investigation,50,N/A,N/A,N/A,Planner (Cao),data/google_planner/ho-chi-minh/Keyword Stats 2026-02-23 at 09_48_18.csv,Viết bài top-list/so sánh; map vào cluster hub; bổ sung schema + ảnh/UGC,B,82.50000000000001,0%,"15,582"
khách sạn ở sài gòn quận 3,Quận 3 Trip,Lưu trú,Out-of-scope Quận 3,Commercial Investigation,50,N/A,N/A,N/A,Planner (Cao),data/google_planner/ho-chi-minh/Keyword Stats 2026-02-23 at 09_48_18.csv,Viết bài top-list/so sánh; map vào cluster hub; bổ sung schema + ảnh/UGC,B,82.50000000000001,0%,"7,930"
quận 3 khách sạn,Quận 3 Trip,Lưu trú,Out-of-scope Quận 3,Commercial Investigation,50,N/A,N/A,N/A,Planner (Trung bình),data/google_planner/ho-chi-minh/Keyword Stats 2026-02-23 at 09_48_18.csv,Viết bài top-list/so sánh; map vào cluster hub; bổ sung schema + ảnh/UGC,B,82.50000000000001,0%,"12,985"
victory hotel quận 3,Quận 3 Trip,Lưu trú,Out-of-scope Quận 3,Commercial Investigation,50,N/A,N/A,N/A,Planner (Trung bình),data/google_planner/ho-chi-minh/Keyword Stats 2026-02-23 at 09_48_18.csv,Viết bài top-list/so sánh; map vào cluster hub; bổ sung schema + ảnh/UGC,B,82.50000000000001,0%,"20,580"
khách sạn ở quận 3 tphcm,Quận 3 Trip,Lưu trú,Out-of-scope Quận 3,Commercial Investigation,50,N/A,N/A,N/A,Planner (Cao),data/google_planner/ho-chi-minh/Keyword Stats 2026-02-23 at 09_48_18.csv,Viết bài top-list/so sánh; map vào cluster hub; bổ sung schema + ảnh/UGC,B,75.0,0%,0
khách sạn quận 3 theo giờ,Quận 3 Trip,Lưu trú,Out-of-scope Quận 3,Commercial Investigation,50,N/A,N/A,N/A,Planner (Cao),data/google_planner/ho-chi-minh/Keyword Stats 2026-02-23 at 09_48_18.csv,Viết bài top-list/so sánh; map vào cluster hub; bổ sung schema + ảnh/UGC,B,75.0,-90.0%,0
các khách sạn ở quận 3 tphcm,Quận 3 Trip,Lưu trú,Out-of-scope Quận 3,Commercial Investigation,50,N/A,N/A,N/A,Planner (Cao),data/google_planner/ho-chi-minh/Keyword Stats 2026-02-23 at 09_48_18.csv,Viết bài top-list/so sánh; map vào cluster hub; bổ sung schema + ảnh/UGC,B,75.0,0%,0
khach san quan 3 saigon,Quận 3 Trip,Lưu trú,Out-of-scope Quận 3,Commercial Investigation,50,N/A,N/A,N/A,Planner (Trung bình),data/google_planner/ho-chi-minh/Keyword Stats 2026-02-23 at 09_48_18.csv,Viết bài top-list/so sánh; map vào cluster hub; bổ sung schema + ảnh/UGC,B,75.0,0%,0
khách sạn bảo trân quận 3,Quận 3 Trip,Lưu trú,Out-of-scope Quận 3,Commercial Investigation,50,N/A,N/A,N/A,Planner (Trung bình),data/google_planner/ho-chi-minh/Keyword Stats 2026-02-23 at 09_48_18.csv,Viết bài top-list/so sánh; map vào cluster hub; bổ sung schema + ảnh/UGC,B,75.0,0%,0
khách sạn central park quận 3,Quận 3 Trip,Lưu trú,Out-of-scope Quận 3,Commercial Investigation,50,N/A,N/A,N/A,Planner (Thấp),data/google_planner/ho-chi-minh/Keyword Stats 2026-02-23 at 09_48_18.csv,Viết bài top-list/so sánh; map vào cluster hub; bổ sung schema + ảnh/UGC,B,75.0,0%,0
khách sạn lê duy quận 3,Quận 3 Trip,Lưu trú,Out-of-scope Quận 3,Commercial Investigation,50,N/A,N/A,N/A,Planner (Thấp),data/google_planner/ho-chi-minh/Keyword Stats 2026-02-23 at 09_48_18.csv,Viết bài top-list/so sánh; map vào cluster hub; bổ sung schema + ảnh/UGC,B,75.0,0%,0
khách sạn phượng hoàng quận 3,Quận 3 Trip,Lưu trú,Out-of-scope Quận 3,Commercial Investigation,50,N/A,N/A,N/A,Planner (Thấp),data/google_planner/ho-chi-minh/Keyword Stats 2026-02-23 at 09_48_18.csv,Viết bài top-list/so sánh; map vào cluster hub; bổ sung schema + ảnh/UGC,B,75.0,0%,0
khách sạn reddoorz quận 3,Quận 3 Trip,Lưu trú,Out-of-scope Quận 3,Commercial Investigation,50,N/A,N/A,N/A,Planner (Không xác định),data/google_planner/ho-chi-minh/Keyword Stats 2026-02-23 at 09_48_18.csv,Viết bài top-list/so sánh; map vào cluster hub; bổ sung schema + ảnh/UGC,B,75.0,-100.0%,0
khách sạn sen viet quận 3,Quận 3 Trip,Lưu trú,Out-of-scope Quận 3,Commercial Investigation,50,N/A,N/A,N/A,Planner (Thấp),data/google_planner/ho-chi-minh/Keyword Stats 2026-02-23 at 09_48_18.csv,Viết bài top-list/so sánh; map vào cluster hub; bổ sung schema + ảnh/UGC,B,75.0,0%,0
khách sạn sen việt quận 3 hồ chí minh,Quận 3 Trip,Lưu trú,Out-of-scope Quận 3,Commercial Investigation,50,N/A,N/A,N/A,Planner (Trung bình),data/google_planner/ho-chi-minh/Keyword Stats 2026-02-23 at 09_48_18.csv,Viết bài top-list/so sánh; map vào cluster hub; bổ sung schema + ảnh/UGC,B,75.0,0%,0
khách sạn sherwood residence quận 3,Quận 3 Trip,Lưu trú,Out-of-scope Quận 3,Commercial Investigation,50,N/A,N/A,N/A,Planner (Trung bình),data/google_planner/ho-chi-minh/Keyword Stats 2026-02-23 at 09_48_18.csv,Viết bài top-list/so sánh; map vào cluster hub; bổ sung schema + ảnh/UGC,B,75.0,0%,0
khách sạn sonnet quận 3,Quận 3 Trip,Lưu trú,Out-of-scope Quận 3,Commercial Investigation,50,N/A,N/A,N/A,Planner (Không xác định),data/google_planner/ho-chi-minh/Keyword Stats 2026-02-23 at 09_48_18.csv,Viết bài top-list/so sánh; map vào cluster hub; bổ sung schema + ảnh/UGC,B,75.0,-100.0%,0
khách sạn sài gòn mới quận 3,Quận 3 Trip,Lưu trú,Out-of-scope Quận 3,Commercial Investigation,50,N/A,N/A,N/A,Planner (Thấp),data/google_planner/ho-chi-minh/Keyword Stats 2026-02-23 at 09_48_18.csv,Viết bài top-list/so sánh; map vào cluster hub; bổ sung schema + ảnh/UGC,B,75.0,0%,0
khách sạn thiên thảo quận 3,Quận 3 Trip,Lưu trú,Out-of-scope Quận 3,Commercial Investigation,50,N/A,N/A,N/A,Planner (Thấp),data/google_planner/ho-chi-minh/Keyword Stats 2026-02-23 at 09_48_18.csv,Viết bài top-list/so sánh; map vào cluster hub; bổ sung schema + ảnh/UGC,B,75.0,0%,0
khách sạn trên đường nguyễn đình chiểu quận 3,Quận 3 Trip,Lưu trú,Out-of-scope Quận 3,Commercial Investigation,50,N/A,N/A,N/A,Planner (Cao),data/google_planner/ho-chi-minh/Keyword Stats 2026-02-23 at 09_48_18.csv,Viết bài top-list/so sánh; map vào cluster hub; bổ sung schema + ảnh/UGC,B,75.0,0%,0
khách sạn tại quận 3 hồ chí minh,Quận 3 Trip,Lưu trú,Out-of-scope Quận 3,Commercial Investigation,50,N/A,N/A,N/A,Planner (Không xác định),data/google_planner/ho-chi-minh/Keyword Stats 2026-02-23 at 09_48_18.csv,Viết bài top-list/so sánh; map vào cluster hub; bổ sung schema + ảnh/UGC,B,75.0,-100.0%,0
khách sạn tốt ở quận 3,Quận 3 Trip,Lưu trú,Out-of-scope Quận 3,Commercial Investigation,50,N/A,N/A,N/A,Planner (Cao),data/google_planner/ho-chi-minh/Keyword Stats 2026-02-23 at 09_48_18.csv,Viết bài top-list/so sánh; map vào cluster hub; bổ sung schema + ảnh/UGC,B,75.0,0%,0
khách sạn vũ hoàng quận 3,Quận 3 Trip,Lưu trú,Out-of-scope Quận 3,Commercial Investigation,50,N/A,N/A,N/A,Planner (Thấp),data/google_planner/ho-chi-minh/Keyword Stats 2026-02-23 at 09_48_18.csv,Viết bài top-list/so sánh; map vào cluster hub; bổ sung schema + ảnh/UGC,B,75.0,0%,0
khách sạn đường cmt8 quận 3,Quận 3 Trip,Lưu trú,Out-of-scope Quận 3,Commercial Investigation,50,N/A,N/A,N/A,Planner (Trung bình),data/google_planner/ho-chi-minh/Keyword Stats 2026-02-23 at 09_48_18.csv,Viết bài top-list/so sánh; map vào cluster hub; bổ sung schema + ảnh/UGC,B,75.0,0%,0
khách sạn đại kết 15 tú xương quận 3,Quận 3 Trip,Lưu trú,Out-of-scope Quận 3,Commercial Investigation,50,N/A,N/A,N/A,Planner (Cao),data/google_planner/ho-chi-minh/Keyword Stats 2026-02-23 at 09_48_18.csv,Viết bài top-list/so sánh; map vào cluster hub; bổ sung schema + ảnh/UGC,B,75.0,0%,0
koi hotel quận 3,Quận 3 Trip,Lưu trú,Out-of-scope Quận 3,Commercial Investigation,50,N/A,N/A,N/A,Planner (Thấp),data/google_planner/ho-chi-minh/Keyword Stats 2026-02-23 at 09_48_18.csv,Viết bài top-list/so sánh; map vào cluster hub; bổ sung schema + ảnh/UGC,B,75.0,0%,0
a25 quận 3,Quận 3 Trip,Tổng hợp,Out-of-scope Quận 3,Informational,50,N/A,N/A,N/A,Planner (Trung bình),data/google_planner/ho-chi-minh/Keyword Stats 2026-02-23 at 09_48_18.csv,Viết guide/review; ưu tiên long-tail; tạo topic hub và internal link về trang dịch vụ,B,55.00000000000001,-90.0%,"9,419"
cozrum homes quận 3,Quận 3 Trip,Tổng hợp,Out-of-scope Quận 3,Informational,50,N/A,N/A,N/A,Planner (Thấp),data/google_planner/ho-chi-minh/Keyword Stats 2026-02-23 at 09_48_18.csv,Viết guide/review; ưu tiên long-tail; tạo topic hub và internal link về trang dịch vụ,B,55.00000000000001,-90.0%,"17,268"
ks white lion quận 3,Quận 3 Trip,Tổng hợp,Out-of-scope Quận 3,Informational,50,N/A,N/A,N/A,Planner (Cao),data/google_planner/ho-chi-minh/Keyword Stats 2026-02-23 at 09_48_18.csv,Viết guide/review; ưu tiên long-tail; tạo topic hub và internal link về trang dịch vụ,B,55.00000000000001,0%,"18,963"
novotel quận 3,Quận 3 Trip,Tổng hợp,Out-of-scope Quận 3,Informational,50,N/A,N/A,N/A,Planner (Trung bình),data/google_planner/ho-chi-minh/Keyword Stats 2026-02-23 at 09_48_18.csv,Viết guide/review; ưu tiên long-tail; tạo topic hub và internal link về trang dịch vụ,B,55.00000000000001,-90.0%,"17,105"
323 lê văn sỹ quận 3,Quận 3 Trip,Tổng hợp,Out-of-scope Quận 3,Informational,50,N/A,N/A,N/A,Planner (Thấp),data/google_planner/ho-chi-minh/Keyword Stats 2026-02-23 at 09_48_18.csv,Viết guide/review; ưu tiên long-tail; tạo topic hub và internal link về trang dịch vụ,B,50.0,0%,0
du lịch quận 3,Quận 3 Trip,Tổng hợp,Out-of-scope Quận 3,Informational,50,N/A,N/A,N/A,Planner (Thấp),data/google_planner/ho-chi-minh/Keyword Stats 2026-02-23 at 09_48_18.csv,Viết guide/review; ưu tiên long-tail; tạo topic hub và internal link về trang dịch vụ,B,50.0,0%,0
koi boutique quận 3,Quận 3 Trip,Tổng hợp,Out-of-scope Quận 3,Informational,50,N/A,N/A,N/A,Planner (Không xác định),data/google_planner/ho-chi-minh/Keyword Stats 2026-02-23 at 09_48_18.csv,Viết guide/review; ưu tiên long-tail; tạo topic hub và internal link về trang dịch vụ,B,50.0,-100.0%,0
ks quận 3 tp hcm,Quận 3 Trip,Tổng hợp,Out-of-scope Quận 3,Informational,50,N/A,N/A,N/A,Planner (Không xác định),data/google_planner/ho-chi-minh/Keyword Stats 2026-02-23 at 09_48_18.csv,Viết guide/review; ưu tiên long-tail; tạo topic hub và internal link về trang dịch vụ,B,50.0,0%,0
reddoorz quận 3,Quận 3 Trip,Tổng hợp,Out-of-scope Quận 3,Informational,50,N/A,N/A,N/A,Planner (Thấp),data/google_planner/ho-chi-minh/Keyword Stats 2026-02-23 at 09_48_18.csv,Viết guide/review; ưu tiên long-tail; tạo topic hub và internal link về trang dịch vụ,B,50.0,0%,0
đi chơi quận 3,Quận 3 Trip,Tổng hợp,Out-of-scope Quận 3,Informational,50,N/A,N/A,N/A,Planner (Thấp),data/google_planner/ho-chi-minh/Keyword Stats 2026-02-23 at 09_48_18.csv,Viết guide/review; ưu tiên long-tail; tạo topic hub và internal link về trang dịch vụ,B,50.0,0%,0
tour sapa từ tp hcm,Sapa Trip,Di chuyển,Out-of-scope Sapa,Commercial Investigation,500,N/A,N/A,N/A,Planner (Cao),data/google_planner/ho-chi-minh/Keyword Stats 2026-02-23 at 09_48_18.csv,Viết bài top-list/so sánh; map vào cluster hub; bổ sung schema + ảnh/UGC,B,550.0,0%,"9,493"
tour sapa từ hcm,Sapa Trip,Di chuyển,Out-of-scope Sapa,Commercial Investigation,50,N/A,N/A,N/A,Planner (Cao),data/google_planner/ho-chi-minh/Keyword Stats 2026-02-23 at 09_48_18.csv,Viết bài top-list/so sánh; map vào cluster hub; bổ sung schema + ảnh/UGC,B,55.00000000000001,0%,"10,760"
du lịch sapa từ hồ chí minh,Sapa Trip,Tổng hợp,Out-of-scope Sapa,Informational,50,N/A,N/A,N/A,Planner (Trung bình),data/google_planner/ho-chi-minh/Keyword Stats 2026-02-23 at 09_48_18.csv,Viết guide/review; ưu tiên long-tail; tạo topic hub và internal link về trang dịch vụ,B,55.00000000000001,0%,"8,964"
du lịch sapa từ thành phố hồ chí minh,Sapa Trip,Tổng hợp,Out-of-scope Sapa,Informational,50,N/A,N/A,N/A,Planner (Cao),data/google_planner/ho-chi-minh/Keyword Stats 2026-02-23 at 09_48_18.csv,Viết guide/review; ưu tiên long-tail; tạo topic hub và internal link về trang dịch vụ,B,55.00000000000001,0%,"9,486"
tour hồ chí minh sapa,Sapa Trip,Di chuyển,Out-of-scope Sapa,Commercial Investigation,50,N/A,N/A,N/A,Planner (Cao),data/google_planner/ho-chi-minh/Keyword Stats 2026-02-23 at 09_48_18.csv,Viết bài top-list/so sánh; map vào cluster hub; bổ sung schema + ảnh/UGC,B,55.00000000000001,0%,"10,040"
tour đi sapa từ hồ chí minh,Sapa Trip,Di chuyển,Out-of-scope Sapa,Commercial Investigation,50,N/A,N/A,N/A,Planner (Thấp),data/google_planner/ho-chi-minh/Keyword Stats 2026-02-23 at 09_48_18.csv,Viết bài top-list/so sánh; map vào cluster hub; bổ sung schema + ảnh/UGC,B,55.00000000000001,0%,"8,336"
du lịch hcm sapa,Sapa Trip,Tổng hợp,Out-of-scope Sapa,Informational,50,N/A,N/A,N/A,Planner (Thấp),data/google_planner/ho-chi-minh/Keyword Stats 2026-02-23 at 09_48_18.csv,Viết guide/review; ưu tiên long-tail; tạo topic hub và internal link về trang dịch vụ,B,50.0,0%,0
tour hcm sapa 4 ngày 3 đêm,Sapa Trip,Di chuyển,Out-of-scope Sapa,Transaction,50,N/A,N/A,N/A,Planner (Cao),data/google_planner/ho-chi-minh/Keyword Stats 2026-02-23 at 09_48_18.csv,"Tạo landing chuyển đổi (giá/vé/đặt chỗ), gom vào cluster page + build backlink nội bộ",B,50.0,0%,0
khu du lịch sinh thái bình thạnh,Thái Bình Trip,Tổng hợp,Out-of-scope Thái Bình,Informational,50,N/A,N/A,N/A,Planner (Thấp),data/google_planner/ho-chi-minh/Keyword Stats 2026-02-23 at 09_48_18.csv,Viết guide/review; ưu tiên long-tail; tạo topic hub và internal link về trang dịch vụ,B,50.0,0%,0
khách sạn sheraton tp hồ chí minh,TP Hồ Chí Minh Trip,Lưu trú,Out-of-scope TP Hồ Chí Minh,Commercial Investigation,500,N/A,N/A,N/A,Planner (Trung bình),data/google_planner/ho-chi-minh/Keyword Stats 2026-02-23 at 09_48_18.csv,Viết bài top-list/so sánh; map vào cluster hub; bổ sung schema + ảnh/UGC,B,975.0,900.0%,"9,868"
du lich tp ho chi minh,TP Hồ Chí Minh Trip,Tổng hợp,Out-of-scope TP Hồ Chí Minh,Informational,500,N/A,N/A,N/A,Planner (Thấp),data/google_planner/ho-chi-minh/Keyword Stats 2026-02-23 at 09_48_18.csv,Viết guide/review; ưu tiên long-tail; tạo topic hub và internal link về trang dịch vụ,B,550.0,0%,"4,923"
khach san quan 3 tp ho chi minh,TP Hồ Chí Minh Trip,Lưu trú,Out-of-scope TP Hồ Chí Minh,Commercial Investigation,50,N/A,N/A,N/A,Planner (Cao),data/google_planner/ho-chi-minh/Keyword Stats 2026-02-23 at 09_48_18.csv,Viết bài top-list/so sánh; map vào cluster hub; bổ sung schema + ảnh/UGC,B,82.50000000000001,0%,"13,084"
khách sạn quận 1 tp hồ chí minh,TP Hồ Chí Minh Trip,Lưu trú,Out-of-scope TP Hồ Chí Minh,Commercial Investigation,50,N/A,N/A,N/A,Planner (Cao),data/google_planner/ho-chi-minh/Keyword Stats 2026-02-23 at 09_48_18.csv,Viết bài top-list/so sánh; map vào cluster hub; bổ sung schema + ảnh/UGC,B,82.50000000000001,-90.0%,"24,878"
khach san tp ho chi minh,TP Hồ Chí Minh Trip,Lưu trú,Out-of-scope TP Hồ Chí Minh,Commercial Investigation,50,N/A,N/A,N/A,Planner (Cao),data/google_planner/ho-chi-minh/Keyword Stats 2026-02-23 at 09_48_18.csv,Viết bài top-list/so sánh; map vào cluster hub; bổ sung schema + ảnh/UGC,B,82.50000000000001,0%,"33,921"
khach san tan binh tp ho chi minh,TP Hồ Chí Minh Trip,Lưu trú,Out-of-scope TP Hồ Chí Minh,Commercial Investigation,50,N/A,N/A,N/A,Planner (Cao),data/google_planner/ho-chi-minh/Keyword Stats 2026-02-23 at 09_48_18.csv,Viết bài top-list/so sánh; map vào cluster hub; bổ sung schema + ảnh/UGC,B,82.50000000000001,0%,"40,940"
các khách sạn ở quận 1 tp hồ chí minh,TP Hồ Chí Minh Trip,Lưu trú,Out-of-scope TP Hồ Chí Minh,Commercial Investigation,50,N/A,N/A,N/A,Planner (Cao),data/google_planner/ho-chi-minh/Keyword Stats 2026-02-23 at 09_48_18.csv,Viết bài top-list/so sánh; map vào cluster hub; bổ sung schema + ảnh/UGC,B,82.50000000000001,0%,"23,269"
đặt khách sạn tại tp hồ chí minh,TP Hồ Chí Minh Trip,Lưu trú,Out-of-scope TP Hồ Chí Minh,Commercial Investigation,50,N/A,N/A,N/A,Planner (Cao),data/google_planner/ho-chi-minh/Keyword Stats 2026-02-23 at 09_48_18.csv,Viết bài top-list/so sánh; map vào cluster hub; bổ sung schema + ảnh/UGC,B,82.50000000000001,0%,"78,677"
khách sạn ở tp hồ chí minh,TP Hồ Chí Minh Trip,Lưu trú,Out-of-scope TP Hồ Chí Minh,Commercial Investigation,50,N/A,N/A,N/A,Planner (Cao),data/google_planner/ho-chi-minh/Keyword Stats 2026-02-23 at 09_48_18.csv,Viết bài top-list/so sánh; map vào cluster hub; bổ sung schema + ảnh/UGC,B,82.50000000000001,0%,"25,014"
khách sạn tại tp hồ chí minh,TP Hồ Chí Minh Trip,Lưu trú,Out-of-scope TP Hồ Chí Minh,Commercial Investigation,50,N/A,N/A,N/A,Planner (Cao),data/google_planner/ho-chi-minh/Keyword Stats 2026-02-23 at 09_48_18.csv,Viết bài top-list/so sánh; map vào cluster hub; bổ sung schema + ảnh/UGC,B,82.50000000000001,0%,"78,548"
khách sạn 5 sao tp hồ chí minh,TP Hồ Chí Minh Trip,Lưu trú,Out-of-scope TP Hồ Chí Minh,Commercial Investigation,50,N/A,N/A,N/A,Planner (Cao),data/google_planner/ho-chi-minh/Keyword Stats 2026-02-23 at 09_48_18.csv,Viết bài top-list/so sánh; map vào cluster hub; bổ sung schema + ảnh/UGC,B,82.50000000000001,-90.0%,"12,289"
khách sạn a25 tp hồ chí minh,TP Hồ Chí Minh Trip,Lưu trú,Out-of-scope TP Hồ Chí Minh,Commercial Investigation,50,N/A,N/A,N/A,Planner (Trung bình),data/google_planner/ho-chi-minh/Keyword Stats 2026-02-23 at 09_48_18.csv,Viết bài top-list/so sánh; map vào cluster hub; bổ sung schema + ảnh/UGC,B,82.50000000000001,0%,"13,163"
khách sạn caravelle tp hồ chí minh,TP Hồ Chí Minh Trip,Lưu trú,Out-of-scope TP Hồ Chí Minh,Commercial Investigation,50,N/A,N/A,N/A,Planner (Cao),data/google_planner/ho-chi-minh/Keyword Stats 2026-02-23 at 09_48_18.csv,Viết bài top-list/so sánh; map vào cluster hub; bổ sung schema + ảnh/UGC,B,82.50000000000001,0%,"8,051"
khách sạn công đoàn tp hồ chí minh,TP Hồ Chí Minh Trip,Lưu trú,Out-of-scope TP Hồ Chí Minh,Commercial Investigation,50,N/A,N/A,N/A,Planner (Trung bình),data/google_planner/ho-chi-minh/Keyword Stats 2026-02-23 at 09_48_18.csv,Viết bài top-list/so sánh; map vào cluster hub; bổ sung schema + ảnh/UGC,B,82.50000000000001,0%,"9,340"
khách sạn mường thanh tp hồ chí minh,TP Hồ Chí Minh Trip,Lưu trú,Out-of-scope TP Hồ Chí Minh,Commercial Investigation,50,N/A,N/A,N/A,Planner (Cao),data/google_planner/ho-chi-minh/Keyword Stats 2026-02-23 at 09_48_18.csv,Viết bài top-list/so sánh; map vào cluster hub; bổ sung schema + ảnh/UGC,B,82.50000000000001,0%,"19,267"
khách sạn quận 5 tp hồ chí minh,TP Hồ Chí Minh Trip,Lưu trú,Out-of-scope TP Hồ Chí Minh,Commercial Investigation,50,N/A,N/A,N/A,Planner (Cao),data/google_planner/ho-chi-minh/Keyword Stats 2026-02-23 at 09_48_18.csv,Viết bài top-list/so sánh; map vào cluster hub; bổ sung schema + ảnh/UGC,B,82.50000000000001,0%,"10,556"
khách sạn victory tp hồ chí minh,TP Hồ Chí Minh Trip,Lưu trú,Out-of-scope TP Hồ Chí Minh,Commercial Investigation,50,N/A,N/A,N/A,Planner (Trung bình),data/google_planner/ho-chi-minh/Keyword Stats 2026-02-23 at 09_48_18.csv,Viết bài top-list/so sánh; map vào cluster hub; bổ sung schema + ảnh/UGC,B,82.50000000000001,0%,"8,211"
đặt phòng khách sạn tp hồ chí minh,TP Hồ Chí Minh Trip,Lưu trú,Out-of-scope TP Hồ Chí Minh,Commercial Investigation,50,N/A,N/A,N/A,Planner (Cao),data/google_planner/ho-chi-minh/Keyword Stats 2026-02-23 at 09_48_18.csv,Viết bài top-list/so sánh; map vào cluster hub; bổ sung schema + ảnh/UGC,B,75.0,0%,0
khách sạn tại quận 4 tp hồ chí minh,TP Hồ Chí Minh Trip,Lưu trú,Out-of-scope TP Hồ Chí Minh,Commercial Investigation,50,N/A,N/A,N/A,Planner (Cao),data/google_planner/ho-chi-minh/Keyword Stats 2026-02-23 at 09_48_18.csv,Viết bài top-list/so sánh; map vào cluster hub; bổ sung schema + ảnh/UGC,B,75.0,0%,0
khách sạn tại quận 10 tp hồ chí minh,TP Hồ Chí Minh Trip,Lưu trú,Out-of-scope TP Hồ Chí Minh,Commercial Investigation,50,N/A,N/A,N/A,Planner (Cao),data/google_planner/ho-chi-minh/Keyword Stats 2026-02-23 at 09_48_18.csv,Viết bài top-list/so sánh; map vào cluster hub; bổ sung schema + ảnh/UGC,B,75.0,0%,0
bản đồ khách sạn tp hồ chí minh,TP Hồ Chí Minh Trip,Lưu trú,Out-of-scope TP Hồ Chí Minh,Commercial Investigation,50,N/A,N/A,N/A,Planner (Không xác định),data/google_planner/ho-chi-minh/Keyword Stats 2026-02-23 at 09_48_18.csv,Viết bài top-list/so sánh; map vào cluster hub; bổ sung schema + ảnh/UGC,B,75.0,0%,0
các khách sạn nổi tiếng ở tp hồ chí minh,TP Hồ Chí Minh Trip,Lưu trú,Out-of-scope TP Hồ Chí Minh,Commercial Investigation,50,N/A,N/A,N/A,Planner (Cao),data/google_planner/ho-chi-minh/Keyword Stats 2026-02-23 at 09_48_18.csv,Viết bài top-list/so sánh; map vào cluster hub; bổ sung schema + ảnh/UGC,B,75.0,0%,0
giá khách sạn tp hồ chí minh,TP Hồ Chí Minh Trip,Lưu trú,Out-of-scope TP Hồ Chí Minh,Transaction,50,N/A,N/A,N/A,Planner (Cao),data/google_planner/ho-chi-minh/Keyword Stats 2026-02-23 at 09_48_18.csv,"Tạo landing chuyển đổi (giá/vé/đặt chỗ), gom vào cluster page + build backlink nội bộ",B,75.0,0%,0
giá khách sạn tại tp hồ chí minh,TP Hồ Chí Minh Trip,Lưu trú,Out-of-scope TP Hồ Chí Minh,Transaction,50,N/A,N/A,N/A,Planner (Cao),data/google_planner/ho-chi-minh/Keyword Stats 2026-02-23 at 09_48_18.csv,"Tạo landing chuyển đổi (giá/vé/đặt chỗ), gom vào cluster page + build backlink nội bộ",B,75.0,0%,0
giá phòng khách sạn tp hồ chí minh,TP Hồ Chí Minh Trip,Lưu trú,Out-of-scope TP Hồ Chí Minh,Transaction,50,N/A,N/A,N/A,Planner (Không xác định),data/google_planner/ho-chi-minh/Keyword Stats 2026-02-23 at 09_48_18.csv,"Tạo landing chuyển đổi (giá/vé/đặt chỗ), gom vào cluster page + build backlink nội bộ",B,75.0,0%,0
giá phòng khách sạn ở tp hồ chí minh,TP Hồ Chí Minh Trip,Lưu trú,Out-of-scope TP Hồ Chí Minh,Transaction,50,N/A,N/A,N/A,Planner (Không xác định),data/google_planner/ho-chi-minh/Keyword Stats 2026-02-23 at 09_48_18.csv,"Tạo landing chuyển đổi (giá/vé/đặt chỗ), gom vào cluster page + build backlink nội bộ",B,75.0,-100.0%,0
khách sạn equatorial tp hồ chí minh,TP Hồ Chí Minh Trip,Lưu trú,Out-of-scope TP Hồ Chí Minh,Commercial Investigation,50,N/A,N/A,N/A,Planner (Trung bình),data/google_planner/ho-chi-minh/Keyword Stats 2026-02-23 at 09_48_18.csv,Viết bài top-list/so sánh; map vào cluster hub; bổ sung schema + ảnh/UGC,B,75.0,0%,0
khách sạn grand tp hồ chí minh,TP Hồ Chí Minh Trip,Lưu trú,Out-of-scope TP Hồ Chí Minh,Commercial Investigation,50,N/A,N/A,N/A,Planner (Không xác định),data/google_planner/ho-chi-minh/Keyword Stats 2026-02-23 at 09_48_18.csv,Viết bài top-list/so sánh; map vào cluster hub; bổ sung schema + ảnh/UGC,B,75.0,0%,0
khách sạn lotus tp hồ chí minh,TP Hồ Chí Minh Trip,Lưu trú,Out-of-scope TP Hồ Chí Minh,Commercial Investigation,50,N/A,N/A,N/A,Planner (Không xác định),data/google_planner/ho-chi-minh/Keyword Stats 2026-02-23 at 09_48_18.csv,Viết bài top-list/so sánh; map vào cluster hub; bổ sung schema + ảnh/UGC,B,75.0,0%,0
khách sạn rạng đông tp hồ chí minh,TP Hồ Chí Minh Trip,Lưu trú,Out-of-scope TP Hồ Chí Minh,Commercial Investigation,50,N/A,N/A,N/A,Planner (Cao),data/google_planner/ho-chi-minh/Keyword Stats 2026-02-23 at 09_48_18.csv,Viết bài top-list/so sánh; map vào cluster hub; bổ sung schema + ảnh/UGC,B,75.0,0%,0
khách sạn thanh bình tp hồ chí minh,TP Hồ Chí Minh Trip,Lưu trú,Out-of-scope TP Hồ Chí Minh,Commercial Investigation,50,N/A,N/A,N/A,Planner (Thấp),data/google_planner/ho-chi-minh/Keyword Stats 2026-02-23 at 09_48_18.csv,Viết bài top-list/so sánh; map vào cluster hub; bổ sung schema + ảnh/UGC,B,75.0,0%,0
khách sạn tp hồ chí minh quận 1,TP Hồ Chí Minh Trip,Lưu trú,Out-of-scope TP Hồ Chí Minh,Commercial Investigation,50,N/A,N/A,N/A,Planner (Cao),data/google_planner/ho-chi-minh/Keyword Stats 2026-02-23 at 09_48_18.csv,Viết bài top-list/so sánh; map vào cluster hub; bổ sung schema + ảnh/UGC,B,75.0,0%,0
khách sạn trên đường lê duẩn tp hồ chí minh,TP Hồ Chí Minh Trip,Lưu trú,Out-of-scope TP Hồ Chí Minh,Commercial Investigation,50,N/A,N/A,N/A,Planner (Cao),data/google_planner/ho-chi-minh/Keyword Stats 2026-02-23 at 09_48_18.csv,Viết bài top-list/so sánh; map vào cluster hub; bổ sung schema + ảnh/UGC,B,75.0,0%,0
các điểm du lịch gần tp hồ chí minh,TP Hồ Chí Minh Trip,Tổng hợp,Out-of-scope TP Hồ Chí Minh,Informational,50,N/A,N/A,N/A,Planner (Trung bình),data/google_planner/ho-chi-minh/Keyword Stats 2026-02-23 at 09_48_18.csv,Viết guide/review; ưu tiên long-tail; tạo topic hub và internal link về trang dịch vụ,B,55.00000000000001,0%,326
các điểm du lịch tp hồ chí minh,TP Hồ Chí Minh Trip,Tổng hợp,Out-of-scope TP Hồ Chí Minh,Informational,50,N/A,N/A,N/A,Planner (Thấp),data/google_planner/ho-chi-minh/Keyword Stats 2026-02-23 at 09_48_18.csv,Viết guide/review; ưu tiên long-tail; tạo topic hub và internal link về trang dịch vụ,B,55.00000000000001,0%,764
các điểm tham quan tp hồ chí minh,TP Hồ Chí Minh Trip,Tổng hợp,Out-of-scope TP Hồ Chí Minh,Informational,50,N/A,N/A,N/A,Planner (Cao),data/google_planner/ho-chi-minh/Keyword Stats 2026-02-23 at 09_48_18.csv,Viết guide/review; ưu tiên long-tail; tạo topic hub và internal link về trang dịch vụ,B,55.00000000000001,0%,353
các điểm tham quan ở tp hồ chí minh,TP Hồ Chí Minh Trip,Tổng hợp,Out-of-scope TP Hồ Chí Minh,Informational,50,N/A,N/A,N/A,Planner (Cao),data/google_planner/ho-chi-minh/Keyword Stats 2026-02-23 at 09_48_18.csv,Viết guide/review; ưu tiên long-tail; tạo topic hub và internal link về trang dịch vụ,B,55.00000000000001,0%,605
khu du lịch gần tp hồ chí minh,TP Hồ Chí Minh Trip,Tổng hợp,Out-of-scope TP Hồ Chí Minh,Informational,50,N/A,N/A,N/A,Planner (Thấp),data/google_planner/ho-chi-minh/Keyword Stats 2026-02-23 at 09_48_18.csv,Viết guide/review; ưu tiên long-tail; tạo topic hub và internal link về trang dịch vụ,B,55.00000000000001,0%,543
ks cong doan tp ho chi minh,TP Hồ Chí Minh Trip,Tổng hợp,Out-of-scope TP Hồ Chí Minh,Informational,50,N/A,N/A,N/A,Planner (Trung bình),data/google_planner/ho-chi-minh/Keyword Stats 2026-02-23 at 09_48_18.csv,Viết guide/review; ưu tiên long-tail; tạo topic hub và internal link về trang dịch vụ,B,55.00000000000001,0%,"11,173"
tham quan tp hồ chí minh 1 ngày,TP Hồ Chí Minh Trip,Tổng hợp,Out-of-scope TP Hồ Chí Minh,Informational,50,N/A,N/A,N/A,Planner (Trung bình),data/google_planner/ho-chi-minh/Keyword Stats 2026-02-23 at 09_48_18.csv,Viết guide/review; ưu tiên long-tail; tạo topic hub và internal link về trang dịch vụ,B,55.00000000000001,0%,"1,624"
tour du lịch tp hồ chí minh,TP Hồ Chí Minh Trip,Di chuyển,Out-of-scope TP Hồ Chí Minh,Commercial Investigation,50,N/A,N/A,N/A,Planner (Cao),data/google_planner/ho-chi-minh/Keyword Stats 2026-02-23 at 09_48_18.csv,Viết bài top-list/so sánh; map vào cluster hub; bổ sung schema + ảnh/UGC,B,55.00000000000001,0%,"9,001"
điểm tham quan tp hồ chí minh,TP Hồ Chí Minh Trip,Tổng hợp,Out-of-scope TP Hồ Chí Minh,Informational,50,N/A,N/A,N/A,Planner (Trung bình),data/google_planner/ho-chi-minh/Keyword Stats 2026-02-23 at 09_48_18.csv,Viết guide/review; ưu tiên long-tail; tạo topic hub và internal link về trang dịch vụ,B,55.00000000000001,0%,"2,189"
địa điểm du lịch tp hồ chí minh,TP Hồ Chí Minh Trip,Tổng hợp,Out-of-scope TP Hồ Chí Minh,Informational,50,N/A,N/A,N/A,Planner (Thấp),data/google_planner/ho-chi-minh/Keyword Stats 2026-02-23 at 09_48_18.csv,Viết guide/review; ưu tiên long-tail; tạo topic hub và internal link về trang dịch vụ,B,55.00000000000001,0%,519
các khu du lịch ở tp hồ chí minh,TP Hồ Chí Minh Trip,Tổng hợp,Out-of-scope TP Hồ Chí Minh,Informational,50,N/A,N/A,N/A,Planner (Thấp),data/google_planner/ho-chi-minh/Keyword Stats 2026-02-23 at 09_48_18.csv,Viết guide/review; ưu tiên long-tail; tạo topic hub và internal link về trang dịch vụ,B,50.0,0%,0
các điểm du lịch tại tp hồ chí minh,TP Hồ Chí Minh Trip,Tổng hợp,Out-of-scope TP Hồ Chí Minh,Informational,50,N/A,N/A,N/A,Planner (Trung bình),data/google_planner/ho-chi-minh/Keyword Stats 2026-02-23 at 09_48_18.csv,Viết guide/review; ưu tiên long-tail; tạo topic hub và internal link về trang dịch vụ,B,50.0,0%,0
các điểm du lịch ở tp hồ chí minh,TP Hồ Chí Minh Trip,Tổng hợp,Out-of-scope TP Hồ Chí Minh,Informational,50,N/A,N/A,N/A,Planner (Thấp),data/google_planner/ho-chi-minh/Keyword Stats 2026-02-23 at 09_48_18.csv,Viết guide/review; ưu tiên long-tail; tạo topic hub và internal link về trang dịch vụ,B,50.0,0%,0
các điểm tham quan tại tp hồ chí minh,TP Hồ Chí Minh Trip,Tổng hợp,Out-of-scope TP Hồ Chí Minh,Informational,50,N/A,N/A,N/A,Planner (Trung bình),data/google_planner/ho-chi-minh/Keyword Stats 2026-02-23 at 09_48_18.csv,Viết guide/review; ưu tiên long-tail; tạo topic hub và internal link về trang dịch vụ,B,50.0,0%,0
các địa điểm du lịch tp hồ chí minh,TP Hồ Chí Minh Trip,Tổng hợp,Out-of-scope TP Hồ Chí Minh,Informational,50,N/A,N/A,N/A,Planner (Thấp),data/google_planner/ho-chi-minh/Keyword Stats 2026-02-23 at 09_48_18.csv,Viết guide/review; ưu tiên long-tail; tạo topic hub và internal link về trang dịch vụ,B,50.0,0%,0
các địa điểm du lịch tại tp hồ chí minh,TP Hồ Chí Minh Trip,Tổng hợp,Out-of-scope TP Hồ Chí Minh,Informational,50,N/A,N/A,N/A,Planner (Trung bình),data/google_planner/ho-chi-minh/Keyword Stats 2026-02-23 at 09_48_18.csv,Viết guide/review; ưu tiên long-tail; tạo topic hub và internal link về trang dịch vụ,B,50.0,0%,0
các địa điểm du lịch ở tp hồ chí minh,TP Hồ Chí Minh Trip,Tổng hợp,Out-of-scope TP Hồ Chí Minh,Informational,50,N/A,N/A,N/A,Planner (Thấp),data/google_planner/ho-chi-minh/Keyword Stats 2026-02-23 at 09_48_18.csv,Viết guide/review; ưu tiên long-tail; tạo topic hub và internal link về trang dịch vụ,B,50.0,0%,0
du lịch gần tp hồ chí minh,TP Hồ Chí Minh Trip,Tổng hợp,Out-of-scope TP Hồ Chí Minh,Informational,50,N/A,N/A,N/A,Planner (Thấp),data/google_planner/ho-chi-minh/Keyword Stats 2026-02-23 at 09_48_18.csv,Viết guide/review; ưu tiên long-tail; tạo topic hub và internal link về trang dịch vụ,B,50.0,0%,0
du lịch tp hồ chí minh 1 ngày,TP Hồ Chí Minh Trip,Tổng hợp,Out-of-scope TP Hồ Chí Minh,Informational,50,N/A,N/A,N/A,Planner (Trung bình),data/google_planner/ho-chi-minh/Keyword Stats 2026-02-23 at 09_48_18.csv,Viết guide/review; ưu tiên long-tail; tạo topic hub và internal link về trang dịch vụ,B,50.0,0%,0
du lịch tại tp hồ chí minh,TP Hồ Chí Minh Trip,Tổng hợp,Out-of-scope TP Hồ Chí Minh,Informational,50,N/A,N/A,N/A,Planner (Thấp),data/google_planner/ho-chi-minh/Keyword Stats 2026-02-23 at 09_48_18.csv,Viết guide/review; ưu tiên long-tail; tạo topic hub và internal link về trang dịch vụ,B,50.0,0%,0
du lịch ở tp hồ chí minh,TP Hồ Chí Minh Trip,Tổng hợp,Out-of-scope TP Hồ Chí Minh,Informational,50,N/A,N/A,N/A,Planner (Trung bình),data/google_planner/ho-chi-minh/Keyword Stats 2026-02-23 at 09_48_18.csv,Viết guide/review; ưu tiên long-tail; tạo topic hub và internal link về trang dịch vụ,B,50.0,0%,0
khu du lịch tp hồ chí minh,TP Hồ Chí Minh Trip,Tổng hợp,Out-of-scope TP Hồ Chí Minh,Informational,50,N/A,N/A,N/A,Planner (Thấp),data/google_planner/ho-chi-minh/Keyword Stats 2026-02-23 at 09_48_18.csv,Viết guide/review; ưu tiên long-tail; tạo topic hub và internal link về trang dịch vụ,B,50.0,0%,0
khu du lịch ở tp hồ chí minh,TP Hồ Chí Minh Trip,Tổng hợp,Out-of-scope TP Hồ Chí Minh,Informational,50,N/A,N/A,N/A,Planner (Thấp),data/google_planner/ho-chi-minh/Keyword Stats 2026-02-23 at 09_48_18.csv,Viết guide/review; ưu tiên long-tail; tạo topic hub và internal link về trang dịch vụ,B,50.0,0%,0
kinh nghiệm du lịch tp hồ chí minh,TP Hồ Chí Minh Trip,Tổng hợp,Out-of-scope TP Hồ Chí Minh,Commercial Investigation,50,N/A,N/A,N/A,Planner (Trung bình),data/google_planner/ho-chi-minh/Keyword Stats 2026-02-23 at 09_48_18.csv,Viết bài top-list/so sánh; map vào cluster hub; bổ sung schema + ảnh/UGC,B,50.0,0%,0
những điểm du lịch tại tp hồ chí minh,TP Hồ Chí Minh Trip,Tổng hợp,Out-of-scope TP Hồ Chí Minh,Informational,50,N/A,N/A,N/A,Planner (Thấp),data/google_planner/ho-chi-minh/Keyword Stats 2026-02-23 at 09_48_18.csv,Viết guide/review; ưu tiên long-tail; tạo topic hub và internal link về trang dịch vụ,B,50.0,0%,0
những điểm du lịch ở tp hồ chí minh,TP Hồ Chí Minh Trip,Tổng hợp,Out-of-scope TP Hồ Chí Minh,Informational,50,N/A,N/A,N/A,Planner (Trung bình),data/google_planner/ho-chi-minh/Keyword Stats 2026-02-23 at 09_48_18.csv,Viết guide/review; ưu tiên long-tail; tạo topic hub và internal link về trang dịch vụ,B,50.0,0%,0
những địa điểm du lịch ở tp hồ chí minh,TP Hồ Chí Minh Trip,Tổng hợp,Out-of-scope TP Hồ Chí Minh,Informational,50,N/A,N/A,N/A,Planner (Thấp),data/google_planner/ho-chi-minh/Keyword Stats 2026-02-23 at 09_48_18.csv,Viết guide/review; ưu tiên long-tail; tạo topic hub và internal link về trang dịch vụ,B,50.0,0%,0
đi du lịch tp hồ chí minh,TP Hồ Chí Minh Trip,Tổng hợp,Out-of-scope TP Hồ Chí Minh,Informational,50,N/A,N/A,N/A,Planner (Trung bình),data/google_planner/ho-chi-minh/Keyword Stats 2026-02-23 at 09_48_18.csv,Viết guide/review; ưu tiên long-tail; tạo topic hub và internal link về trang dịch vụ,B,50.0,0%,0
điểm du lịch gan tp hồ chí minh,TP Hồ Chí Minh Trip,Tổng hợp,Out-of-scope TP Hồ Chí Minh,Informational,50,N/A,N/A,N/A,Planner (Thấp),data/google_planner/ho-chi-minh/Keyword Stats 2026-02-23 at 09_48_18.csv,Viết guide/review; ưu tiên long-tail; tạo topic hub và internal link về trang dịch vụ,B,50.0,0%,0
điểm du lịch tp hồ chí minh,TP Hồ Chí Minh Trip,Tổng hợp,Out-of-scope TP Hồ Chí Minh,Informational,50,N/A,N/A,N/A,Planner (Thấp),data/google_planner/ho-chi-minh/Keyword Stats 2026-02-23 at 09_48_18.csv,Viết guide/review; ưu tiên long-tail; tạo topic hub và internal link về trang dịch vụ,B,50.0,0%,0
điểm du lịch ở tp hồ chí minh,TP Hồ Chí Minh Trip,Tổng hợp,Out-of-scope TP Hồ Chí Minh,Informational,50,N/A,N/A,N/A,Planner (Thấp),data/google_planner/ho-chi-minh/Keyword Stats 2026-02-23 at 09_48_18.csv,Viết guide/review; ưu tiên long-tail; tạo topic hub và internal link về trang dịch vụ,B,50.0,0%,0
địa điểm du lịch gần tp hồ chí minh,TP Hồ Chí Minh Trip,Tổng hợp,Out-of-scope TP Hồ Chí Minh,Informational,50,N/A,N/A,N/A,Planner (Trung bình),data/google_planner/ho-chi-minh/Keyword Stats 2026-02-23 at 09_48_18.csv,Viết guide/review; ưu tiên long-tail; tạo topic hub và internal link về trang dịch vụ,B,50.0,0%,0
địa điểm du lịch quanh tp hồ chí minh,TP Hồ Chí Minh Trip,Tổng hợp,Out-of-scope TP Hồ Chí Minh,Informational,50,N/A,N/A,N/A,Planner (Không xác định),data/google_planner/ho-chi-minh/Keyword Stats 2026-02-23 at 09_48_18.csv,Viết guide/review; ưu tiên long-tail; tạo topic hub và internal link về trang dịch vụ,B,50.0,-100.0%,0
địa điểm du lịch tại tp hồ chí minh,TP Hồ Chí Minh Trip,Tổng hợp,Out-of-scope TP Hồ Chí Minh,Informational,50,N/A,N/A,N/A,Planner (Thấp),data/google_planner/ho-chi-minh/Keyword Stats 2026-02-23 at 09_48_18.csv,Viết guide/review; ưu tiên long-tail; tạo topic hub và internal link về trang dịch vụ,B,50.0,0%,0
địa điểm du lịch ở tp hồ chí minh,TP Hồ Chí Minh Trip,Tổng hợp,Out-of-scope TP Hồ Chí Minh,Informational,50,N/A,N/A,N/A,Planner (Trung bình),data/google_planner/ho-chi-minh/Keyword Stats 2026-02-23 at 09_48_18.csv,Viết guide/review; ưu tiên long-tail; tạo topic hub và internal link về trang dịch vụ,B,50.0,0%,0
mường thanh sài gòn,Tổng hợp Hồ Chí Minh,Tổng hợp,In-scope Hồ Chí Minh,Informational,N/A,6533,21,0.32%,N/A (N/A),data/google_search_console/Queries.csv,"Cập nhật nội dung theo intent, bổ sung FAQ + schema, tối ưu title/meta để đẩy Top 1-3",A,21.0,N/A,N/A
hình ảnh nhà thờ đức bà,Tổng hợp Hồ Chí Minh,Tổng hợp,In-scope Hồ Chí Minh,Informational,N/A,1810,16,0.88%,N/A (N/A),data/google_search_console/Queries.csv,"Cập nhật nội dung theo intent, bổ sung FAQ + schema, tối ưu title/meta để đẩy Top 1-3",A,16.0,N/A,N/A
cảnh đẹp sài gòn,Tổng hợp Hồ Chí Minh,Tổng hợp,In-scope Hồ Chí Minh,Informational,N/A,1803,16,0.89%,N/A (N/A),data/google_search_console/Queries.csv,"Cập nhật nội dung theo intent, bổ sung FAQ + schema, tối ưu title/meta để đẩy Top 1-3",A,16.0,N/A,N/A
ảnh nhà thờ đức bà,Tổng hợp Hồ Chí Minh,Tổng hợp,In-scope Hồ Chí Minh,Informational,N/A,847,11,1.3%,N/A (N/A),data/google_search_console/Queries.csv,"Cập nhật nội dung theo intent, bổ sung FAQ + schema, tối ưu title/meta để đẩy Top 1-3",A,11.0,N/A,N/A
lăng chủ tịch hồ chí minh,Tổng hợp Hồ Chí Minh,Tổng hợp,In-scope Hồ Chí Minh,Informational,246000,N/A,N/A,N/A,Low (0),data/seo_insider/advance_search_report.csv,Viết guide/review; ưu tiên long-tail; tạo topic hub và internal link về trang dịch vụ,B,246000.0,N/A,N/A
ẩm thực phương nam quận 2,Tổng hợp Hồ Chí Minh,Tổng hợp,In-scope Hồ Chí Minh,Informational,5000,N/A,N/A,N/A,Planner (Thấp),data/google_planner/ho-chi-minh/Keyword Stats 2026-02-23 at 09_48_18.csv,Viết guide/review; ưu tiên long-tail; tạo topic hub và internal link về trang dịch vụ,B,5000.0,0%,0
mường thanh hồ chí minh,Tổng hợp Hồ Chí Minh,Tổng hợp,In-scope Hồ Chí Minh,Informational,500,N/A,N/A,N/A,Planner (Trung bình),data/google_planner/ho-chi-minh/Keyword Stats 2026-02-23 at 09_48_18.csv,Viết guide/review; ưu tiên long-tail; tạo topic hub và internal link về trang dịch vụ,B,550.0,0%,"17,505"
ks quận 10,Tổng hợp Hồ Chí Minh,Tổng hợp,In-scope Hồ Chí Minh,Informational,500,N/A,N/A,N/A,Planner (Cao),data/google_planner/ho-chi-minh/Keyword Stats 2026-02-23 at 09_48_18.csv,Viết guide/review; ưu tiên long-tail; tạo topic hub và internal link về trang dịch vụ,B,550.0,0%,"15,132"
ks quận 7,Tổng hợp Hồ Chí Minh,Tổng hợp,In-scope Hồ Chí Minh,Informational,500,N/A,N/A,N/A,Planner (Cao),data/google_planner/ho-chi-minh/Keyword Stats 2026-02-23 at 09_48_18.csv,Viết guide/review; ưu tiên long-tail; tạo topic hub và internal link về trang dịch vụ,B,550.0,0%,"17,660"
ks quận 5,Tổng hợp Hồ Chí Minh,Tổng hợp,In-scope Hồ Chí Minh,Informational,500,N/A,N/A,N/A,Planner (Cao),data/google_planner/ho-chi-minh/Keyword Stats 2026-02-23 at 09_48_18.csv,Viết guide/review; ưu tiên long-tail; tạo topic hub và internal link về trang dịch vụ,B,550.0,0%,"10,613"
mường thanh hcm,Tổng hợp Hồ Chí Minh,Tổng hợp,In-scope Hồ Chí Minh,Informational,500,N/A,N/A,N/A,Planner (Trung bình),data/google_planner/ho-chi-minh/Keyword Stats 2026-02-23 at 09_48_18.csv,Viết guide/review; ưu tiên long-tail; tạo topic hub và internal link về trang dịch vụ,B,550.0,0%,"15,724"
ks phú nhuận,Tổng hợp Hồ Chí Minh,Tổng hợp,In-scope Hồ Chí Minh,Informational,500,N/A,N/A,N/A,Planner (Cao),data/google_planner/ho-chi-minh/Keyword Stats 2026-02-23 at 09_48_18.csv,Viết guide/review; ưu tiên long-tail; tạo topic hub và internal link về trang dịch vụ,B,550.0,-90.0%,"12,364"
ks quận 4,Tổng hợp Hồ Chí Minh,Tổng hợp,In-scope Hồ Chí Minh,Informational,500,N/A,N/A,N/A,Planner (Cao),data/google_planner/ho-chi-minh/Keyword Stats 2026-02-23 at 09_48_18.csv,Viết guide/review; ưu tiên long-tail; tạo topic hub và internal link về trang dịch vụ,B,550.0,-90.0%,"17,182"
mường thanh tphcm,Tổng hợp Hồ Chí Minh,Tổng hợp,In-scope Hồ Chí Minh,Informational,500,N/A,N/A,N/A,Planner (Trung bình),data/google_planner/ho-chi-minh/Keyword Stats 2026-02-23 at 09_48_18.csv,Viết guide/review; ưu tiên long-tail; tạo topic hub và internal link về trang dịch vụ,B,550.0,-90.0%,"13,532"
du lich thành phố hồ chí minh,Tổng hợp Hồ Chí Minh,Tổng hợp,In-scope Hồ Chí Minh,Informational,500,N/A,N/A,N/A,Planner (Thấp),data/google_planner/ho-chi-minh/Keyword Stats 2026-02-23 at 09_48_18.csv,Viết guide/review; ưu tiên long-tail; tạo topic hub và internal link về trang dịch vụ,B,550.0,0%,"1,869"
các điểm tham quan tại thành phố hồ chí minh,Tổng hợp Hồ Chí Minh,Tổng hợp,In-scope Hồ Chí Minh,Informational,500,N/A,N/A,N/A,Planner (Thấp),data/google_planner/ho-chi-minh/Keyword Stats 2026-02-23 at 09_48_18.csv,Viết guide/review; ưu tiên long-tail; tạo topic hub và internal link về trang dịch vụ,B,550.0,0%,"8,255"
du lich tp hcm,Tổng hợp Hồ Chí Minh,Tổng hợp,In-scope Hồ Chí Minh,Informational,500,N/A,N/A,N/A,Planner (Thấp),data/google_planner/ho-chi-minh/Keyword Stats 2026-02-23 at 09_48_18.csv,Viết guide/review; ưu tiên long-tail; tạo topic hub và internal link về trang dịch vụ,B,550.0,0%,"4,923"
du lịch hcm,Tổng hợp Hồ Chí Minh,Tổng hợp,In-scope Hồ Chí Minh,Informational,500,N/A,N/A,N/A,Planner (Trung bình),data/google_planner/ho-chi-minh/Keyword Stats 2026-02-23 at 09_48_18.csv,Viết guide/review; ưu tiên long-tail; tạo topic hub và internal link về trang dịch vụ,B,550.0,0%,"4,640"
địa điểm du lịch hồ chí minh,Tổng hợp Hồ Chí Minh,Tổng hợp,In-scope Hồ Chí Minh,Informational,500,N/A,N/A,N/A,Planner (Thấp),data/google_planner/ho-chi-minh/Keyword Stats 2026-02-23 at 09_48_18.csv,Viết guide/review; ưu tiên long-tail; tạo topic hub và internal link về trang dịch vụ,B,550.0,0%,779
địa điểm du lịch thành phố hồ chí minh,Tổng hợp Hồ Chí Minh,Tổng hợp,In-scope Hồ Chí Minh,Informational,500,N/A,N/A,N/A,Planner (Thấp),data/google_planner/ho-chi-minh/Keyword Stats 2026-02-23 at 09_48_18.csv,Viết guide/review; ưu tiên long-tail; tạo topic hub và internal link về trang dịch vụ,B,550.0,0%,519
địa điểm du lịch ở thành phố hồ chí minh,Tổng hợp Hồ Chí Minh,Tổng hợp,In-scope Hồ Chí Minh,Informational,500,N/A,N/A,N/A,Planner (Thấp),data/google_planner/ho-chi-minh/Keyword Stats 2026-02-23 at 09_48_18.csv,Viết guide/review; ưu tiên long-tail; tạo topic hub và internal link về trang dịch vụ,B,550.0,0%,743
khu bcr quận 9,Tổng hợp Hồ Chí Minh,Tổng hợp,In-scope Hồ Chí Minh,Informational,500,N/A,N/A,N/A,Planner (Thấp),data/google_planner/ho-chi-minh/Keyword Stats 2026-02-23 at 09_48_18.csv,Viết guide/review; ưu tiên long-tail; tạo topic hub và internal link về trang dịch vụ,B,500.0,0%,0
khu du lich quận 9,Tổng hợp Hồ Chí Minh,Tổng hợp,In-scope Hồ Chí Minh,Informational,500,N/A,N/A,N/A,Planner (Thấp),data/google_planner/ho-chi-minh/Keyword Stats 2026-02-23 at 09_48_18.csv,Viết guide/review; ưu tiên long-tail; tạo topic hub và internal link về trang dịch vụ,B,500.0,0%,0
khu du lịch sinh thái quận 12,Tổng hợp Hồ Chí Minh,Tổng hợp,In-scope Hồ Chí Minh,Informational,500,N/A,N/A,N/A,Planner (Thấp),data/google_planner/ho-chi-minh/Keyword Stats 2026-02-23 at 09_48_18.csv,Viết guide/review; ưu tiên long-tail; tạo topic hub và internal link về trang dịch vụ,B,500.0,0%,0
ẩm thực thành phố hồ chí minh,Tổng hợp Hồ Chí Minh,Tổng hợp,In-scope Hồ Chí Minh,Informational,500,N/A,N/A,N/A,Planner (Thấp),data/google_planner/ho-chi-minh/Keyword Stats 2026-02-23 at 09_48_18.csv,Viết guide/review; ưu tiên long-tail; tạo topic hub và internal link về trang dịch vụ,B,500.0,0%,0
ks yumi quận 2,Tổng hợp Hồ Chí Minh,Tổng hợp,In-scope Hồ Chí Minh,Informational,50,N/A,N/A,N/A,Planner (Thấp),data/google_planner/ho-chi-minh/Keyword Stats 2026-02-23 at 09_48_18.csv,Viết guide/review; ưu tiên long-tail; tạo topic hub và internal link về trang dịch vụ,B,65.0,900.0%,"6,075"
du lịch hồ chi minh,Tổng hợp Hồ Chí Minh,Tổng hợp,In-scope Hồ Chí Minh,Informational,50,N/A,N/A,N/A,Planner (Trung bình),data/google_planner/ho-chi-minh/Keyword Stats 2026-02-23 at 09_48_18.csv,Viết guide/review; ưu tiên long-tail; tạo topic hub và internal link về trang dịch vụ,B,55.00000000000001,0%,"5,283"
booking hồ chí minh,Tổng hợp Hồ Chí Minh,Tổng hợp,In-scope Hồ Chí Minh,Transaction,50,N/A,N/A,N/A,Planner (Cao),data/google_planner/ho-chi-minh/Keyword Stats 2026-02-23 at 09_48_18.csv,"Tạo landing chuyển đổi (giá/vé/đặt chỗ), gom vào cluster page + build backlink nội bộ",B,55.00000000000001,0%,"45,212"
ks quận 2,Tổng hợp Hồ Chí Minh,Tổng hợp,In-scope Hồ Chí Minh,Informational,50,N/A,N/A,N/A,Planner (Trung bình),data/google_planner/ho-chi-minh/Keyword Stats 2026-02-23 at 09_48_18.csv,Viết guide/review; ưu tiên long-tail; tạo topic hub và internal link về trang dịch vụ,B,55.00000000000001,-90.0%,"17,783"
ks quận tân bình,Tổng hợp Hồ Chí Minh,Tổng hợp,In-scope Hồ Chí Minh,Informational,50,N/A,N/A,N/A,Planner (Cao),data/google_planner/ho-chi-minh/Keyword Stats 2026-02-23 at 09_48_18.csv,Viết guide/review; ưu tiên long-tail; tạo topic hub và internal link về trang dịch vụ,B,55.00000000000001,-90.0%,"40,675"
ks mường thanh phú nhuận,Tổng hợp Hồ Chí Minh,Tổng hợp,In-scope Hồ Chí Minh,Informational,50,N/A,N/A,N/A,Planner (Cao),data/google_planner/ho-chi-minh/Keyword Stats 2026-02-23 at 09_48_18.csv,Viết guide/review; ưu tiên long-tail; tạo topic hub và internal link về trang dịch vụ,B,55.00000000000001,0%,"11,506"
ks quận bình thạnh,Tổng hợp Hồ Chí Minh,Tổng hợp,In-scope Hồ Chí Minh,Informational,50,N/A,N/A,N/A,Planner (Cao),data/google_planner/ho-chi-minh/Keyword Stats 2026-02-23 at 09_48_18.csv,Viết guide/review; ưu tiên long-tail; tạo topic hub và internal link về trang dịch vụ,B,55.00000000000001,0%,"12,940"
reddoorz bình thạnh,Tổng hợp Hồ Chí Minh,Tổng hợp,In-scope Hồ Chí Minh,Informational,50,N/A,N/A,N/A,Planner (Thấp),data/google_planner/ho-chi-minh/Keyword Stats 2026-02-23 at 09_48_18.csv,Viết guide/review; ưu tiên long-tail; tạo topic hub và internal link về trang dịch vụ,B,55.00000000000001,0%,"5,713"
261c nguyễn văn trỗi phường 10 phú nhuận,Tổng hợp Hồ Chí Minh,Tổng hợp,In-scope Hồ Chí Minh,Informational,50,N/A,N/A,N/A,Planner (Thấp),data/google_planner/ho-chi-minh/Keyword Stats 2026-02-23 at 09_48_18.csv,Viết guide/review; ưu tiên long-tail; tạo topic hub và internal link về trang dịch vụ,B,55.00000000000001,0%,"10,793"
agoda thành phố hồ chí minh,Tổng hợp Hồ Chí Minh,Tổng hợp,In-scope Hồ Chí Minh,Informational,50,N/A,N/A,N/A,Planner (Cao),data/google_planner/ho-chi-minh/Keyword Stats 2026-02-23 at 09_48_18.csv,Viết guide/review; ưu tiên long-tail; tạo topic hub và internal link về trang dịch vụ,B,55.00000000000001,0%,"16,620"
bonita quận 10,Tổng hợp Hồ Chí Minh,Tổng hợp,In-scope Hồ Chí Minh,Informational,50,N/A,N/A,N/A,Planner (Cao),data/google_planner/ho-chi-minh/Keyword Stats 2026-02-23 at 09_48_18.csv,Viết guide/review; ưu tiên long-tail; tạo topic hub và internal link về trang dịch vụ,B,55.00000000000001,0%,"11,360"
bonita quận 5,Tổng hợp Hồ Chí Minh,Tổng hợp,In-scope Hồ Chí Minh,Informational,50,N/A,N/A,N/A,Planner (Thấp),data/google_planner/ho-chi-minh/Keyword Stats 2026-02-23 at 09_48_18.csv,Viết guide/review; ưu tiên long-tail; tạo topic hub và internal link về trang dịch vụ,B,55.00000000000001,0%,"13,769"
cloud 9 quang trung gò vấp,Tổng hợp Hồ Chí Minh,Tổng hợp,In-scope Hồ Chí Minh,Informational,50,N/A,N/A,N/A,Planner (Thấp),data/google_planner/ho-chi-minh/Keyword Stats 2026-02-23 at 09_48_18.csv,Viết guide/review; ưu tiên long-tail; tạo topic hub và internal link về trang dịch vụ,B,55.00000000000001,0%,"15,062"
các điểm du lịch gần thành phố hồ chí minh,Tổng hợp Hồ Chí Minh,Tổng hợp,In-scope Hồ Chí Minh,Informational,50,N/A,N/A,N/A,Planner (Trung bình),data/google_planner/ho-chi-minh/Keyword Stats 2026-02-23 at 09_48_18.csv,Viết guide/review; ưu tiên long-tail; tạo topic hub và internal link về trang dịch vụ,B,55.00000000000001,0%,502
các điểm du lịch hồ chí minh,Tổng hợp Hồ Chí Minh,Tổng hợp,In-scope Hồ Chí Minh,Informational,50,N/A,N/A,N/A,Planner (Cao),data/google_planner/ho-chi-minh/Keyword Stats 2026-02-23 at 09_48_18.csv,Viết guide/review; ưu tiên long-tail; tạo topic hub và internal link về trang dịch vụ,B,55.00000000000001,0%,519
các điểm du lịch thành phố hồ chí minh,Tổng hợp Hồ Chí Minh,Tổng hợp,In-scope Hồ Chí Minh,Informational,50,N/A,N/A,N/A,Planner (Trung bình),data/google_planner/ho-chi-minh/Keyword Stats 2026-02-23 at 09_48_18.csv,Viết guide/review; ưu tiên long-tail; tạo topic hub và internal link về trang dịch vụ,B,55.00000000000001,0%,311
các điểm du lịch tại thành phố hồ chí minh,Tổng hợp Hồ Chí Minh,Tổng hợp,In-scope Hồ Chí Minh,Informational,50,N/A,N/A,N/A,Planner (Thấp),data/google_planner/ho-chi-minh/Keyword Stats 2026-02-23 at 09_48_18.csv,Viết guide/review; ưu tiên long-tail; tạo topic hub và internal link về trang dịch vụ,B,55.00000000000001,0%,499
các điểm du lịch ở hồ chí minh,Tổng hợp Hồ Chí Minh,Tổng hợp,In-scope Hồ Chí Minh,Informational,50,N/A,N/A,N/A,Planner (Cao),data/google_planner/ho-chi-minh/Keyword Stats 2026-02-23 at 09_48_18.csv,Viết guide/review; ưu tiên long-tail; tạo topic hub và internal link về trang dịch vụ,B,55.00000000000001,0%,"2,337"
các điểm du lịch ở thành phố hồ chí minh,Tổng hợp Hồ Chí Minh,Tổng hợp,In-scope Hồ Chí Minh,Informational,50,N/A,N/A,N/A,Planner (Thấp),data/google_planner/ho-chi-minh/Keyword Stats 2026-02-23 at 09_48_18.csv,Viết guide/review; ưu tiên long-tail; tạo topic hub và internal link về trang dịch vụ,B,55.00000000000001,0%,519
các địa điểm du lịch ở hồ chí minh,Tổng hợp Hồ Chí Minh,Tổng hợp,In-scope Hồ Chí Minh,Informational,50,N/A,N/A,N/A,Planner (Trung bình),data/google_planner/ho-chi-minh/Keyword Stats 2026-02-23 at 09_48_18.csv,Viết guide/review; ưu tiên long-tail; tạo topic hub và internal link về trang dịch vụ,B,55.00000000000001,0%,"3,726"
các địa điểm tham quan ở hồ chí minh,Tổng hợp Hồ Chí Minh,Tổng hợp,In-scope Hồ Chí Minh,Informational,50,N/A,N/A,N/A,Planner (Trung bình),data/google_planner/ho-chi-minh/Keyword Stats 2026-02-23 at 09_48_18.csv,Viết guide/review; ưu tiên long-tail; tạo topic hub và internal link về trang dịch vụ,B,55.00000000000001,0%,"2,078"
công ty du lịch cao niên hồ chí minh,Tổng hợp Hồ Chí Minh,Tổng hợp,In-scope Hồ Chí Minh,Informational,50,N/A,N/A,N/A,Planner (Thấp),data/google_planner/ho-chi-minh/Keyword Stats 2026-02-23 at 09_48_18.csv,Viết guide/review; ưu tiên long-tail; tạo topic hub và internal link về trang dịch vụ,B,55.00000000000001,0%,"8,618"
cẩm nang du lịch thành phố hồ chí minh,Tổng hợp Hồ Chí Minh,Tổng hợp,In-scope Hồ Chí Minh,Informational,50,N/A,N/A,N/A,Planner (Thấp),data/google_planner/ho-chi-minh/Keyword Stats 2026-02-23 at 09_48_18.csv,Viết guide/review; ưu tiên long-tail; tạo topic hub và internal link về trang dịch vụ,B,55.00000000000001,0%,382
du lịch gần hồ chí minh,Tổng hợp Hồ Chí Minh,Tổng hợp,In-scope Hồ Chí Minh,Informational,50,N/A,N/A,N/A,Planner (Trung bình),data/google_planner/ho-chi-minh/Keyword Stats 2026-02-23 at 09_48_18.csv,Viết guide/review; ưu tiên long-tail; tạo topic hub và internal link về trang dịch vụ,B,55.00000000000001,0%,"1,016"
du lich ho chi minh nen di dau,Tổng hợp Hồ Chí Minh,Tổng hợp,In-scope Hồ Chí Minh,Commercial Investigation,50,N/A,N/A,N/A,Planner (Cao),data/google_planner/ho-chi-minh/Keyword Stats 2026-02-23 at 09_48_18.csv,Viết bài top-list/so sánh; map vào cluster hub; bổ sung schema + ảnh/UGC,B,55.00000000000001,0%,"2,138"
du lịch thành phố hcm,Tổng hợp Hồ Chí Minh,Tổng hợp,In-scope Hồ Chí Minh,Informational,50,N/A,N/A,N/A,Planner (Trung bình),data/google_planner/ho-chi-minh/Keyword Stats 2026-02-23 at 09_48_18.csv,Viết guide/review; ưu tiên long-tail; tạo topic hub và internal link về trang dịch vụ,B,55.00000000000001,0%,"4,441"
du lịch gần thành phố hồ chí minh,Tổng hợp Hồ Chí Minh,Tổng hợp,In-scope Hồ Chí Minh,Informational,50,N/A,N/A,N/A,Planner (Cao),data/google_planner/ho-chi-minh/Keyword Stats 2026-02-23 at 09_48_18.csv,Viết guide/review; ưu tiên long-tail; tạo topic hub và internal link về trang dịch vụ,B,55.00000000000001,0%,"4,928"
du lịch hồ chí minh 1 ngày,Tổng hợp Hồ Chí Minh,Tổng hợp,In-scope Hồ Chí Minh,Informational,50,N/A,N/A,N/A,Planner (Trung bình),data/google_planner/ho-chi-minh/Keyword Stats 2026-02-23 at 09_48_18.csv,Viết guide/review; ưu tiên long-tail; tạo topic hub và internal link về trang dịch vụ,B,55.00000000000001,0%,"3,636"
du lịch hồ chí minh 3 ngày 2 đêm,Tổng hợp Hồ Chí Minh,Tổng hợp,In-scope Hồ Chí Minh,Informational,50,N/A,N/A,N/A,Planner (Trung bình),data/google_planner/ho-chi-minh/Keyword Stats 2026-02-23 at 09_48_18.csv,Viết guide/review; ưu tiên long-tail; tạo topic hub và internal link về trang dịch vụ,B,55.00000000000001,0%,"6,076"
du lịch hồ chí minh 4 ngày 3 đêm,Tổng hợp Hồ Chí Minh,Tổng hợp,In-scope Hồ Chí Minh,Informational,50,N/A,N/A,N/A,Planner (Thấp),data/google_planner/ho-chi-minh/Keyword Stats 2026-02-23 at 09_48_18.csv,Viết guide/review; ưu tiên long-tail; tạo topic hub và internal link về trang dịch vụ,B,55.00000000000001,0%,"6,777"
du lịch quanh hồ chí minh,Tổng hợp Hồ Chí Minh,Tổng hợp,In-scope Hồ Chí Minh,Informational,50,N/A,N/A,N/A,Planner (Cao),data/google_planner/ho-chi-minh/Keyword Stats 2026-02-23 at 09_48_18.csv,Viết guide/review; ưu tiên long-tail; tạo topic hub và internal link về trang dịch vụ,B,55.00000000000001,0%,540
du lịch quanh thành phố hồ chí minh,Tổng hợp Hồ Chí Minh,Tổng hợp,In-scope Hồ Chí Minh,Informational,50,N/A,N/A,N/A,Planner (Trung bình),data/google_planner/ho-chi-minh/Keyword Stats 2026-02-23 at 09_48_18.csv,Viết guide/review; ưu tiên long-tail; tạo topic hub và internal link về trang dịch vụ,B,55.00000000000001,0%,573
du lịch ở thành phố hồ chí minh,Tổng hợp Hồ Chí Minh,Tổng hợp,In-scope Hồ Chí Minh,Informational,50,N/A,N/A,N/A,Planner (Thấp),data/google_planner/ho-chi-minh/Keyword Stats 2026-02-23 at 09_48_18.csv,Viết guide/review; ưu tiên long-tail; tạo topic hub và internal link về trang dịch vụ,B,55.00000000000001,0%,271
ibis saigon south quận 7,Tổng hợp Hồ Chí Minh,Tổng hợp,In-scope Hồ Chí Minh,Informational,50,N/A,N/A,N/A,Planner (Trung bình),data/google_planner/ho-chi-minh/Keyword Stats 2026-02-23 at 09_48_18.csv,Viết guide/review; ưu tiên long-tail; tạo topic hub và internal link về trang dịch vụ,B,55.00000000000001,0%,"13,239"
ibis tân bình,Tổng hợp Hồ Chí Minh,Tổng hợp,In-scope Hồ Chí Minh,Informational,50,N/A,N/A,N/A,Planner (Trung bình),data/google_planner/ho-chi-minh/Keyword Stats 2026-02-23 at 09_48_18.csv,Viết guide/review; ưu tiên long-tail; tạo topic hub và internal link về trang dịch vụ,B,55.00000000000001,0%,"10,585"
khachs sạn gò vấp,Tổng hợp Hồ Chí Minh,Tổng hợp,In-scope Hồ Chí Minh,Informational,50,N/A,N/A,N/A,Planner (Trung bình),data/google_planner/ho-chi-minh/Keyword Stats 2026-02-23 at 09_48_18.csv,Viết guide/review; ưu tiên long-tail; tạo topic hub và internal link về trang dịch vụ,B,55.00000000000001,0%,"18,171"
khu du lịch gần hồ chí minh,Tổng hợp Hồ Chí Minh,Tổng hợp,In-scope Hồ Chí Minh,Informational,50,N/A,N/A,N/A,Planner (Trung bình),data/google_planner/ho-chi-minh/Keyword Stats 2026-02-23 at 09_48_18.csv,Viết guide/review; ưu tiên long-tail; tạo topic hub và internal link về trang dịch vụ,B,55.00000000000001,0%,"3,563"
khu du lịch thành phố hồ chí minh,Tổng hợp Hồ Chí Minh,Tổng hợp,In-scope Hồ Chí Minh,Informational,50,N/A,N/A,N/A,Planner (Thấp),data/google_planner/ho-chi-minh/Keyword Stats 2026-02-23 at 09_48_18.csv,Viết guide/review; ưu tiên long-tail; tạo topic hub và internal link về trang dịch vụ,B,55.00000000000001,0%,386
khu du lịch gần thành phố hồ chí minh,Tổng hợp Hồ Chí Minh,Tổng hợp,In-scope Hồ Chí Minh,Informational,50,N/A,N/A,N/A,Planner (Trung bình),data/google_planner/ho-chi-minh/Keyword Stats 2026-02-23 at 09_48_18.csv,Viết guide/review; ưu tiên long-tail; tạo topic hub và internal link về trang dịch vụ,B,55.00000000000001,0%,477
khu nghỉ dưỡng gần thành phố hồ chí minh,Tổng hợp Hồ Chí Minh,Tổng hợp,In-scope Hồ Chí Minh,Informational,50,N/A,N/A,N/A,Planner (Cao),data/google_planner/ho-chi-minh/Keyword Stats 2026-02-23 at 09_48_18.csv,Viết guide/review; ưu tiên long-tail; tạo topic hub và internal link về trang dịch vụ,B,55.00000000000001,0%,"2,431"
kinh nghiệm du lịch hồ chí minh,Tổng hợp Hồ Chí Minh,Tổng hợp,In-scope Hồ Chí Minh,Commercial Investigation,50,N/A,N/A,N/A,Planner (Cao),data/google_planner/ho-chi-minh/Keyword Stats 2026-02-23 at 09_48_18.csv,Viết bài top-list/so sánh; map vào cluster hub; bổ sung schema + ảnh/UGC,B,55.00000000000001,0%,"2,078"
kinh nghiệm du lịch thành phố hồ chí minh,Tổng hợp Hồ Chí Minh,Tổng hợp,In-scope Hồ Chí Minh,Commercial Investigation,50,N/A,N/A,N/A,Planner (Trung bình),data/google_planner/ho-chi-minh/Keyword Stats 2026-02-23 at 09_48_18.csv,Viết bài top-list/so sánh; map vào cluster hub; bổ sung schema + ảnh/UGC,B,55.00000000000001,0%,"2,357"
ks couple phú nhuận,Tổng hợp Hồ Chí Minh,Tổng hợp,In-scope Hồ Chí Minh,Informational,50,N/A,N/A,N/A,Planner (Trung bình),data/google_planner/ho-chi-minh/Keyword Stats 2026-02-23 at 09_48_18.csv,Viết guide/review; ưu tiên long-tail; tạo topic hub và internal link về trang dịch vụ,B,55.00000000000001,0%,"12,800"
ks ken quận 10,Tổng hợp Hồ Chí Minh,Tổng hợp,In-scope Hồ Chí Minh,Informational,50,N/A,N/A,N/A,Planner (Trung bình),data/google_planner/ho-chi-minh/Keyword Stats 2026-02-23 at 09_48_18.csv,Viết guide/review; ưu tiên long-tail; tạo topic hub và internal link về trang dịch vụ,B,55.00000000000001,0%,"8,302"
ks mường thanh hcm,Tổng hợp Hồ Chí Minh,Tổng hợp,In-scope Hồ Chí Minh,Informational,50,N/A,N/A,N/A,Planner (Cao),data/google_planner/ho-chi-minh/Keyword Stats 2026-02-23 at 09_48_18.csv,Viết guide/review; ưu tiên long-tail; tạo topic hub và internal link về trang dịch vụ,B,55.00000000000001,0%,"14,974"
ks quận 12,Tổng hợp Hồ Chí Minh,Tổng hợp,In-scope Hồ Chí Minh,Informational,50,N/A,N/A,N/A,Planner (Cao),data/google_planner/ho-chi-minh/Keyword Stats 2026-02-23 at 09_48_18.csv,Viết guide/review; ưu tiên long-tail; tạo topic hub và internal link về trang dịch vụ,B,55.00000000000001,0%,"10,981"
ks quận 6,Tổng hợp Hồ Chí Minh,Tổng hợp,In-scope Hồ Chí Minh,Informational,50,N/A,N/A,N/A,Planner (Trung bình),data/google_planner/ho-chi-minh/Keyword Stats 2026-02-23 at 09_48_18.csv,Viết guide/review; ưu tiên long-tail; tạo topic hub và internal link về trang dịch vụ,B,55.00000000000001,0%,"10,128"
ks quận 8,Tổng hợp Hồ Chí Minh,Tổng hợp,In-scope Hồ Chí Minh,Informational,50,N/A,N/A,N/A,Planner (Cao),data/google_planner/ho-chi-minh/Keyword Stats 2026-02-23 at 09_48_18.csv,Viết guide/review; ưu tiên long-tail; tạo topic hub và internal link về trang dịch vụ,B,55.00000000000001,0%,"7,896"
ks quận 9,Tổng hợp Hồ Chí Minh,Tổng hợp,In-scope Hồ Chí Minh,Informational,50,N/A,N/A,N/A,Planner (Trung bình),data/google_planner/ho-chi-minh/Keyword Stats 2026-02-23 at 09_48_18.csv,Viết guide/review; ưu tiên long-tail; tạo topic hub và internal link về trang dịch vụ,B,55.00000000000001,0%,"8,316"
ks quận phú nhuận,Tổng hợp Hồ Chí Minh,Tổng hợp,In-scope Hồ Chí Minh,Informational,50,N/A,N/A,N/A,Planner (Cao),data/google_planner/ho-chi-minh/Keyword Stats 2026-02-23 at 09_48_18.csv,Viết guide/review; ưu tiên long-tail; tạo topic hub và internal link về trang dịch vụ,B,55.00000000000001,0%,"26,348"
ks quận tân phú,Tổng hợp Hồ Chí Minh,Tổng hợp,In-scope Hồ Chí Minh,Informational,50,N/A,N/A,N/A,Planner (Cao),data/google_planner/ho-chi-minh/Keyword Stats 2026-02-23 at 09_48_18.csv,Viết guide/review; ưu tiên long-tail; tạo topic hub và internal link về trang dịch vụ,B,55.00000000000001,0%,"11,756"
ks rạng đông tphcm,Tổng hợp Hồ Chí Minh,Tổng hợp,In-scope Hồ Chí Minh,Informational,50,N/A,N/A,N/A,Planner (Cao),data/google_planner/ho-chi-minh/Keyword Stats 2026-02-23 at 09_48_18.csv,Viết guide/review; ưu tiên long-tail; tạo topic hub và internal link về trang dịch vụ,B,55.00000000000001,0%,"9,680"
ks ttc tân bình,Tổng hợp Hồ Chí Minh,Tổng hợp,In-scope Hồ Chí Minh,Informational,50,N/A,N/A,N/A,Planner (Trung bình),data/google_planner/ho-chi-minh/Keyword Stats 2026-02-23 at 09_48_18.csv,Viết guide/review; ưu tiên long-tail; tạo topic hub và internal link về trang dịch vụ,B,55.00000000000001,0%,"5,362"
ks đệ nhất tân bình,Tổng hợp Hồ Chí Minh,Tổng hợp,In-scope Hồ Chí Minh,Informational,50,N/A,N/A,N/A,Planner (Cao),data/google_planner/ho-chi-minh/Keyword Stats 2026-02-23 at 09_48_18.csv,Viết guide/review; ưu tiên long-tail; tạo topic hub và internal link về trang dịch vụ,B,55.00000000000001,0%,"10,518"
mường thanh luxury hồ chí minh,Tổng hợp Hồ Chí Minh,Tổng hợp,In-scope Hồ Chí Minh,Informational,50,N/A,N/A,N/A,Planner (Cao),data/google_planner/ho-chi-minh/Keyword Stats 2026-02-23 at 09_48_18.csv,Viết guide/review; ưu tiên long-tail; tạo topic hub và internal link về trang dịch vụ,B,55.00000000000001,0%,"15,322"
mường thanh luxury phú nhuận,Tổng hợp Hồ Chí Minh,Tổng hợp,In-scope Hồ Chí Minh,Informational,50,N/A,N/A,N/A,Planner (Cao),data/google_planner/ho-chi-minh/Keyword Stats 2026-02-23 at 09_48_18.csv,Viết guide/review; ưu tiên long-tail; tạo topic hub và internal link về trang dịch vụ,B,55.00000000000001,0%,"26,018"
những điểm du lịch gần thành phố hồ chí minh,Tổng hợp Hồ Chí Minh,Tổng hợp,In-scope Hồ Chí Minh,Informational,50,N/A,N/A,N/A,Planner (Thấp),data/google_planner/ho-chi-minh/Keyword Stats 2026-02-23 at 09_48_18.csv,Viết guide/review; ưu tiên long-tail; tạo topic hub và internal link về trang dịch vụ,B,55.00000000000001,0%,260
những điểm du lịch thành phố hồ chí minh,Tổng hợp Hồ Chí Minh,Tổng hợp,In-scope Hồ Chí Minh,Informational,50,N/A,N/A,N/A,Planner (Trung bình),data/google_planner/ho-chi-minh/Keyword Stats 2026-02-23 at 09_48_18.csv,Viết guide/review; ưu tiên long-tail; tạo topic hub và internal link về trang dịch vụ,B,55.00000000000001,0%,612
những điểm du lịch ở thành phố hồ chí minh,Tổng hợp Hồ Chí Minh,Tổng hợp,In-scope Hồ Chí Minh,Informational,50,N/A,N/A,N/A,Planner (Trung bình),data/google_planner/ho-chi-minh/Keyword Stats 2026-02-23 at 09_48_18.csv,Viết guide/review; ưu tiên long-tail; tạo topic hub và internal link về trang dịch vụ,B,55.00000000000001,0%,519
pullman hồ chí minh,Tổng hợp Hồ Chí Minh,Tổng hợp,In-scope Hồ Chí Minh,Informational,50,N/A,N/A,N/A,Planner (Trung bình),data/google_planner/ho-chi-minh/Keyword Stats 2026-02-23 at 09_48_18.csv,Viết guide/review; ưu tiên long-tail; tạo topic hub và internal link về trang dịch vụ,B,55.00000000000001,0%,"8,704"
tham quan thành phố hồ chí minh,Tổng hợp Hồ Chí Minh,Tổng hợp,In-scope Hồ Chí Minh,Informational,50,N/A,N/A,N/A,Planner (Trung bình),data/google_planner/ho-chi-minh/Keyword Stats 2026-02-23 at 09_48_18.csv,Viết guide/review; ưu tiên long-tail; tạo topic hub và internal link về trang dịch vụ,B,55.00000000000001,0%,415
thành phố hồ chí minh du lịch,Tổng hợp Hồ Chí Minh,Tổng hợp,In-scope Hồ Chí Minh,Informational,50,N/A,N/A,N/A,Planner (Thấp),data/google_planner/ho-chi-minh/Keyword Stats 2026-02-23 at 09_48_18.csv,Viết guide/review; ưu tiên long-tail; tạo topic hub và internal link về trang dịch vụ,B,55.00000000000001,0%,"1,298"
từ thành phố hồ chí minh đi mũi né,Tổng hợp Hồ Chí Minh,Tổng hợp,In-scope Hồ Chí Minh,Informational,50,N/A,N/A,N/A,Planner (Cao),data/google_planner/ho-chi-minh/Keyword Stats 2026-02-23 at 09_48_18.csv,Viết guide/review; ưu tiên long-tail; tạo topic hub và internal link về trang dịch vụ,B,55.00000000000001,0%,"9,922"
windsor plaza quận 5,Tổng hợp Hồ Chí Minh,Tổng hợp,In-scope Hồ Chí Minh,Informational,50,N/A,N/A,N/A,Planner (Trung bình),data/google_planner/ho-chi-minh/Keyword Stats 2026-02-23 at 09_48_18.csv,Viết guide/review; ưu tiên long-tail; tạo topic hub và internal link về trang dịch vụ,B,55.00000000000001,0%,"16,761"
windsor quận 5,Tổng hợp Hồ Chí Minh,Tổng hợp,In-scope Hồ Chí Minh,Informational,50,N/A,N/A,N/A,Planner (Cao),data/google_planner/ho-chi-minh/Keyword Stats 2026-02-23 at 09_48_18.csv,Viết guide/review; ưu tiên long-tail; tạo topic hub và internal link về trang dịch vụ,B,55.00000000000001,0%,"16,880"
điểm du lịch gần hồ chí minh,Tổng hợp Hồ Chí Minh,Tổng hợp,In-scope Hồ Chí Minh,Informational,50,N/A,N/A,N/A,Planner (Trung bình),data/google_planner/ho-chi-minh/Keyword Stats 2026-02-23 at 09_48_18.csv,Viết guide/review; ưu tiên long-tail; tạo topic hub và internal link về trang dịch vụ,B,55.00000000000001,0%,547
điểm du lịch gần thành phố hồ chí minh,Tổng hợp Hồ Chí Minh,Tổng hợp,In-scope Hồ Chí Minh,Informational,50,N/A,N/A,N/A,Planner (Trung bình),data/google_planner/ho-chi-minh/Keyword Stats 2026-02-23 at 09_48_18.csv,Viết guide/review; ưu tiên long-tail; tạo topic hub và internal link về trang dịch vụ,B,55.00000000000001,0%,351
điểm du lịch hồ chí minh,Tổng hợp Hồ Chí Minh,Tổng hợp,In-scope Hồ Chí Minh,Informational,50,N/A,N/A,N/A,Planner (Trung bình),data/google_planner/ho-chi-minh/Keyword Stats 2026-02-23 at 09_48_18.csv,Viết guide/review; ưu tiên long-tail; tạo topic hub và internal link về trang dịch vụ,B,55.00000000000001,0%,"1,610"
điểm du lịch thành phố hồ chí minh,Tổng hợp Hồ Chí Minh,Tổng hợp,In-scope Hồ Chí Minh,Informational,50,N/A,N/A,N/A,Planner (Trung bình),data/google_planner/ho-chi-minh/Keyword Stats 2026-02-23 at 09_48_18.csv,Viết guide/review; ưu tiên long-tail; tạo topic hub và internal link về trang dịch vụ,B,55.00000000000001,0%,882
điểm du lịch ở thành phố hồ chí minh,Tổng hợp Hồ Chí Minh,Tổng hợp,In-scope Hồ Chí Minh,Informational,50,N/A,N/A,N/A,Planner (Thấp),data/google_planner/ho-chi-minh/Keyword Stats 2026-02-23 at 09_48_18.csv,Viết guide/review; ưu tiên long-tail; tạo topic hub và internal link về trang dịch vụ,B,55.00000000000001,0%,"1,039"
điểm đến thành phố hồ chí minh,Tổng hợp Hồ Chí Minh,Tổng hợp,In-scope Hồ Chí Minh,Informational,50,N/A,N/A,N/A,Planner (Thấp),data/google_planner/ho-chi-minh/Keyword Stats 2026-02-23 at 09_48_18.csv,Viết guide/review; ưu tiên long-tail; tạo topic hub và internal link về trang dịch vụ,B,55.00000000000001,0%,989
địa điểm du lịch gần hồ chí minh,Tổng hợp Hồ Chí Minh,Tổng hợp,In-scope Hồ Chí Minh,Informational,50,N/A,N/A,N/A,Planner (Trung bình),data/google_planner/ho-chi-minh/Keyword Stats 2026-02-23 at 09_48_18.csv,Viết guide/review; ưu tiên long-tail; tạo topic hub và internal link về trang dịch vụ,B,55.00000000000001,0%,"4,675"
địa điểm du lịch ở hồ chí minh,Tổng hợp Hồ Chí Minh,Tổng hợp,In-scope Hồ Chí Minh,Informational,50,N/A,N/A,N/A,Planner (Thấp),data/google_planner/ho-chi-minh/Keyword Stats 2026-02-23 at 09_48_18.csv,Viết guide/review; ưu tiên long-tail; tạo topic hub và internal link về trang dịch vụ,B,55.00000000000001,0%,601
địa điểm tham quan hồ chí minh,Tổng hợp Hồ Chí Minh,Tổng hợp,In-scope Hồ Chí Minh,Informational,50,N/A,N/A,N/A,Planner (Trung bình),data/google_planner/ho-chi-minh/Keyword Stats 2026-02-23 at 09_48_18.csv,Viết guide/review; ưu tiên long-tail; tạo topic hub và internal link về trang dịch vụ,B,55.00000000000001,0%,"1,818"
văn phòng agoda tại hồ chí minh,Tổng hợp Hồ Chí Minh,Tổng hợp,In-scope Hồ Chí Minh,Informational,50,N/A,N/A,N/A,Planner (Thấp),data/google_planner/ho-chi-minh/Keyword Stats 2026-02-23 at 09_48_18.csv,Viết guide/review; ưu tiên long-tail; tạo topic hub và internal link về trang dịch vụ,B,50.0,0%,0
agoda quận 10,Tổng hợp Hồ Chí Minh,Tổng hợp,In-scope Hồ Chí Minh,Informational,50,N/A,N/A,N/A,Planner (Cao),data/google_planner/ho-chi-minh/Keyword Stats 2026-02-23 at 09_48_18.csv,Viết guide/review; ưu tiên long-tail; tạo topic hub và internal link về trang dịch vụ,B,50.0,0%,0
agoda quận 7,Tổng hợp Hồ Chí Minh,Tổng hợp,In-scope Hồ Chí Minh,Informational,50,N/A,N/A,N/A,Planner (Trung bình),data/google_planner/ho-chi-minh/Keyword Stats 2026-02-23 at 09_48_18.csv,Viết guide/review; ưu tiên long-tail; tạo topic hub và internal link về trang dịch vụ,B,50.0,0%,0
b38a bạch đằng phường 02 tân bình hồ chí minh,Tổng hợp Hồ Chí Minh,Tổng hợp,In-scope Hồ Chí Minh,Informational,50,N/A,N/A,N/A,Planner (Thấp),data/google_planner/ho-chi-minh/Keyword Stats 2026-02-23 at 09_48_18.csv,Viết guide/review; ưu tiên long-tail; tạo topic hub và internal link về trang dịch vụ,B,50.0,-90.0%,0
bcr quận 9 giá vé,Tổng hợp Hồ Chí Minh,Tổng hợp,In-scope Hồ Chí Minh,Transaction,50,N/A,N/A,N/A,Planner (Thấp),data/google_planner/ho-chi-minh/Keyword Stats 2026-02-23 at 09_48_18.csv,"Tạo landing chuyển đổi (giá/vé/đặt chỗ), gom vào cluster page + build backlink nội bộ",B,50.0,0%,0
bonita tht quận 10 hồ chí minh,Tổng hợp Hồ Chí Minh,Tổng hợp,In-scope Hồ Chí Minh,Informational,50,N/A,N/A,N/A,Planner (Cao),data/google_planner/ho-chi-minh/Keyword Stats 2026-02-23 at 09_48_18.csv,Viết guide/review; ưu tiên long-tail; tạo topic hub và internal link về trang dịch vụ,B,50.0,0%,0
chez mimosa quận 4,Tổng hợp Hồ Chí Minh,Tổng hợp,In-scope Hồ Chí Minh,Informational,50,N/A,N/A,N/A,Planner (Không xác định),data/google_planner/ho-chi-minh/Keyword Stats 2026-02-23 at 09_48_18.csv,Viết guide/review; ưu tiên long-tail; tạo topic hub và internal link về trang dịch vụ,B,50.0,-100.0%,0
chỗ đi chơi gần tp hcm,Tổng hợp Hồ Chí Minh,Tổng hợp,In-scope Hồ Chí Minh,Informational,50,N/A,N/A,N/A,Planner (Không xác định),data/google_planner/ho-chi-minh/Keyword Stats 2026-02-23 at 09_48_18.csv,Viết guide/review; ưu tiên long-tail; tạo topic hub và internal link về trang dịch vụ,B,50.0,-100.0%,0
chỗ đi chơi ở thành phố hồ chí minh,Tổng hợp Hồ Chí Minh,Tổng hợp,In-scope Hồ Chí Minh,Informational,50,N/A,N/A,N/A,Planner (Thấp),data/google_planner/ho-chi-minh/Keyword Stats 2026-02-23 at 09_48_18.csv,Viết guide/review; ưu tiên long-tail; tạo topic hub và internal link về trang dịch vụ,B,50.0,0%,0
các khu du lịch gần thành phố hồ chí minh,Tổng hợp Hồ Chí Minh,Tổng hợp,In-scope Hồ Chí Minh,Informational,50,N/A,N/A,N/A,Planner (Trung bình),data/google_planner/ho-chi-minh/Keyword Stats 2026-02-23 at 09_48_18.csv,Viết guide/review; ưu tiên long-tail; tạo topic hub và internal link về trang dịch vụ,B,50.0,0%,0
các khu du lịch quận 9,Tổng hợp Hồ Chí Minh,Tổng hợp,In-scope Hồ Chí Minh,Informational,50,N/A,N/A,N/A,Planner (Cao),data/google_planner/ho-chi-minh/Keyword Stats 2026-02-23 at 09_48_18.csv,Viết guide/review; ưu tiên long-tail; tạo topic hub và internal link về trang dịch vụ,B,50.0,0%,0
các khu du lịch thành phố hồ chí minh,Tổng hợp Hồ Chí Minh,Tổng hợp,In-scope Hồ Chí Minh,Informational,50,N/A,N/A,N/A,Planner (Thấp),data/google_planner/ho-chi-minh/Keyword Stats 2026-02-23 at 09_48_18.csv,Viết guide/review; ưu tiên long-tail; tạo topic hub và internal link về trang dịch vụ,B,50.0,0%,0
các khu du lịch ở hồ chí minh,Tổng hợp Hồ Chí Minh,Tổng hợp,In-scope Hồ Chí Minh,Informational,50,N/A,N/A,N/A,Planner (Thấp),data/google_planner/ho-chi-minh/Keyword Stats 2026-02-23 at 09_48_18.csv,Viết guide/review; ưu tiên long-tail; tạo topic hub và internal link về trang dịch vụ,B,50.0,0%,0
các khu du lịch ở thành phố hồ chí minh,Tổng hợp Hồ Chí Minh,Tổng hợp,In-scope Hồ Chí Minh,Informational,50,N/A,N/A,N/A,Planner (Thấp),data/google_planner/ho-chi-minh/Keyword Stats 2026-02-23 at 09_48_18.csv,Viết guide/review; ưu tiên long-tail; tạo topic hub và internal link về trang dịch vụ,B,50.0,0%,0
các khu vui chơi ở thành phố hồ chí minh,Tổng hợp Hồ Chí Minh,Tổng hợp,In-scope Hồ Chí Minh,Informational,50,N/A,N/A,N/A,Planner (Thấp),data/google_planner/ho-chi-minh/Keyword Stats 2026-02-23 at 09_48_18.csv,Viết guide/review; ưu tiên long-tail; tạo topic hub và internal link về trang dịch vụ,B,50.0,0%,0
các điểm du lịch gần hồ chí minh,Tổng hợp Hồ Chí Minh,Tổng hợp,In-scope Hồ Chí Minh,Informational,50,N/A,N/A,N/A,Planner (Trung bình),data/google_planner/ho-chi-minh/Keyword Stats 2026-02-23 at 09_48_18.csv,Viết guide/review; ưu tiên long-tail; tạo topic hub và internal link về trang dịch vụ,B,50.0,0%,0
các điểm du lịch trong thành phố hồ chí minh,Tổng hợp Hồ Chí Minh,Tổng hợp,In-scope Hồ Chí Minh,Informational,50,N/A,N/A,N/A,Planner (Thấp),data/google_planner/ho-chi-minh/Keyword Stats 2026-02-23 at 09_48_18.csv,Viết guide/review; ưu tiên long-tail; tạo topic hub và internal link về trang dịch vụ,B,50.0,0%,0
các điểm du lịch tại hồ chí minh,Tổng hợp Hồ Chí Minh,Tổng hợp,In-scope Hồ Chí Minh,Informational,50,N/A,N/A,N/A,Planner (Trung bình),data/google_planner/ho-chi-minh/Keyword Stats 2026-02-23 at 09_48_18.csv,Viết guide/review; ưu tiên long-tail; tạo topic hub và internal link về trang dịch vụ,B,50.0,0%,0
các điểm tham quan ở hồ chí minh,Tổng hợp Hồ Chí Minh,Tổng hợp,In-scope Hồ Chí Minh,Informational,50,N/A,N/A,N/A,Planner (Cao),data/google_planner/ho-chi-minh/Keyword Stats 2026-02-23 at 09_48_18.csv,Viết guide/review; ưu tiên long-tail; tạo topic hub và internal link về trang dịch vụ,B,50.0,0%,0
các điểm tham quan ở thành phố hồ chí minh,Tổng hợp Hồ Chí Minh,Tổng hợp,In-scope Hồ Chí Minh,Informational,50,N/A,N/A,N/A,Planner (Thấp),data/google_planner/ho-chi-minh/Keyword Stats 2026-02-23 at 09_48_18.csv,Viết guide/review; ưu tiên long-tail; tạo topic hub và internal link về trang dịch vụ,B,50.0,0%,0
các địa điểm du lịch gần hồ chí minh,Tổng hợp Hồ Chí Minh,Tổng hợp,In-scope Hồ Chí Minh,Informational,50,N/A,N/A,N/A,Planner (Trung bình),data/google_planner/ho-chi-minh/Keyword Stats 2026-02-23 at 09_48_18.csv,Viết guide/review; ưu tiên long-tail; tạo topic hub và internal link về trang dịch vụ,B,50.0,0%,0
các địa điểm du lịch hồ chí minh,Tổng hợp Hồ Chí Minh,Tổng hợp,In-scope Hồ Chí Minh,Informational,50,N/A,N/A,N/A,Planner (Cao),data/google_planner/ho-chi-minh/Keyword Stats 2026-02-23 at 09_48_18.csv,Viết guide/review; ưu tiên long-tail; tạo topic hub và internal link về trang dịch vụ,B,50.0,0%,0
các địa điểm du lịch thành phố hồ chí minh,Tổng hợp Hồ Chí Minh,Tổng hợp,In-scope Hồ Chí Minh,Informational,50,N/A,N/A,N/A,Planner (Trung bình),data/google_planner/ho-chi-minh/Keyword Stats 2026-02-23 at 09_48_18.csv,Viết guide/review; ưu tiên long-tail; tạo topic hub và internal link về trang dịch vụ,B,50.0,0%,0
các địa điểm du lịch tại hồ chí minh,Tổng hợp Hồ Chí Minh,Tổng hợp,In-scope Hồ Chí Minh,Informational,50,N/A,N/A,N/A,Planner (Trung bình),data/google_planner/ho-chi-minh/Keyword Stats 2026-02-23 at 09_48_18.csv,Viết guide/review; ưu tiên long-tail; tạo topic hub và internal link về trang dịch vụ,B,50.0,0%,0
các địa điểm vui chơi ở quận 9,Tổng hợp Hồ Chí Minh,Tổng hợp,In-scope Hồ Chí Minh,Informational,50,N/A,N/A,N/A,Planner (Không xác định),data/google_planner/ho-chi-minh/Keyword Stats 2026-02-23 at 09_48_18.csv,Viết guide/review; ưu tiên long-tail; tạo topic hub và internal link về trang dịch vụ,B,50.0,-100.0%,0
diem du lich ho chi minh,Tổng hợp Hồ Chí Minh,Tổng hợp,In-scope Hồ Chí Minh,Informational,50,N/A,N/A,N/A,Planner (Thấp),data/google_planner/ho-chi-minh/Keyword Stats 2026-02-23 at 09_48_18.csv,Viết guide/review; ưu tiên long-tail; tạo topic hub và internal link về trang dịch vụ,B,50.0,0%,0
dinh độc lập ở thành phố hồ chí minh,Tổng hợp Hồ Chí Minh,Tổng hợp,In-scope Hồ Chí Minh,Informational,50,N/A,N/A,N/A,Planner (Thấp),data/google_planner/ho-chi-minh/Keyword Stats 2026-02-23 at 09_48_18.csv,Viết guide/review; ưu tiên long-tail; tạo topic hub và internal link về trang dịch vụ,B,50.0,0%,0
du lich ho chi minh city,Tổng hợp Hồ Chí Minh,Tổng hợp,In-scope Hồ Chí Minh,Informational,50,N/A,N/A,N/A,Planner (Thấp),data/google_planner/ho-chi-minh/Keyword Stats 2026-02-23 at 09_48_18.csv,Viết guide/review; ưu tiên long-tail; tạo topic hub và internal link về trang dịch vụ,B,50.0,0%,0
du lịch bình thạnh,Tổng hợp Hồ Chí Minh,Tổng hợp,In-scope Hồ Chí Minh,Informational,50,N/A,N/A,N/A,Planner (Thấp),data/google_planner/ho-chi-minh/Keyword Stats 2026-02-23 at 09_48_18.csv,Viết guide/review; ưu tiên long-tail; tạo topic hub và internal link về trang dịch vụ,B,50.0,0%,0
du lịch hóc môn,Tổng hợp Hồ Chí Minh,Tổng hợp,In-scope Hồ Chí Minh,Informational,50,N/A,N/A,N/A,Planner (Thấp),data/google_planner/ho-chi-minh/Keyword Stats 2026-02-23 at 09_48_18.csv,Viết guide/review; ưu tiên long-tail; tạo topic hub và internal link về trang dịch vụ,B,50.0,0%,0
du lịch hồ chí minh 2 ngày,Tổng hợp Hồ Chí Minh,Tổng hợp,In-scope Hồ Chí Minh,Informational,50,N/A,N/A,N/A,Planner (Thấp),data/google_planner/ho-chi-minh/Keyword Stats 2026-02-23 at 09_48_18.csv,Viết guide/review; ưu tiên long-tail; tạo topic hub và internal link về trang dịch vụ,B,50.0,0%,0
du lịch hồ chí minh 3 ngày,Tổng hợp Hồ Chí Minh,Tổng hợp,In-scope Hồ Chí Minh,Informational,50,N/A,N/A,N/A,Planner (Thấp),data/google_planner/ho-chi-minh/Keyword Stats 2026-02-23 at 09_48_18.csv,Viết guide/review; ưu tiên long-tail; tạo topic hub và internal link về trang dịch vụ,B,50.0,0%,0
du lịch hồ chí minh 4 ngày,Tổng hợp Hồ Chí Minh,Tổng hợp,In-scope Hồ Chí Minh,Informational,50,N/A,N/A,N/A,Planner (Không xác định),data/google_planner/ho-chi-minh/Keyword Stats 2026-02-23 at 09_48_18.csv,Viết guide/review; ưu tiên long-tail; tạo topic hub và internal link về trang dịch vụ,B,50.0,0%,0
du lịch lý sơn từ hồ chí minh,Tổng hợp Hồ Chí Minh,Tổng hợp,In-scope Hồ Chí Minh,Informational,50,N/A,N/A,N/A,Planner (Thấp),data/google_planner/ho-chi-minh/Keyword Stats 2026-02-23 at 09_48_18.csv,Viết guide/review; ưu tiên long-tail; tạo topic hub và internal link về trang dịch vụ,B,50.0,0%,0
du lịch quận 10,Tổng hợp Hồ Chí Minh,Tổng hợp,In-scope Hồ Chí Minh,Informational,50,N/A,N/A,N/A,Planner (Thấp),data/google_planner/ho-chi-minh/Keyword Stats 2026-02-23 at 09_48_18.csv,Viết guide/review; ưu tiên long-tail; tạo topic hub và internal link về trang dịch vụ,B,50.0,0%,0
du lịch quận 12,Tổng hợp Hồ Chí Minh,Tổng hợp,In-scope Hồ Chí Minh,Informational,50,N/A,N/A,N/A,Planner (Thấp),data/google_planner/ho-chi-minh/Keyword Stats 2026-02-23 at 09_48_18.csv,Viết guide/review; ưu tiên long-tail; tạo topic hub và internal link về trang dịch vụ,B,50.0,0%,0
du lịch quận 7,Tổng hợp Hồ Chí Minh,Tổng hợp,In-scope Hồ Chí Minh,Informational,50,N/A,N/A,N/A,Planner (Thấp),data/google_planner/ho-chi-minh/Keyword Stats 2026-02-23 at 09_48_18.csv,Viết guide/review; ưu tiên long-tail; tạo topic hub và internal link về trang dịch vụ,B,50.0,0%,0
du lịch quận 7 sài gòn,Tổng hợp Hồ Chí Minh,Tổng hợp,In-scope Hồ Chí Minh,Informational,50,N/A,N/A,N/A,Planner (Không xác định),data/google_planner/ho-chi-minh/Keyword Stats 2026-02-23 at 09_48_18.csv,Viết guide/review; ưu tiên long-tail; tạo topic hub và internal link về trang dịch vụ,B,50.0,0%,0
du lịch quận 9,Tổng hợp Hồ Chí Minh,Tổng hợp,In-scope Hồ Chí Minh,Informational,50,N/A,N/A,N/A,Planner (Thấp),data/google_planner/ho-chi-minh/Keyword Stats 2026-02-23 at 09_48_18.csv,Viết guide/review; ưu tiên long-tail; tạo topic hub và internal link về trang dịch vụ,B,50.0,0%,0
du lịch quận 9 tphcm,Tổng hợp Hồ Chí Minh,Tổng hợp,In-scope Hồ Chí Minh,Informational,50,N/A,N/A,N/A,Planner (Thấp),data/google_planner/ho-chi-minh/Keyword Stats 2026-02-23 at 09_48_18.csv,Viết guide/review; ưu tiên long-tail; tạo topic hub và internal link về trang dịch vụ,B,50.0,0%,0
du lịch quận bình thạnh,Tổng hợp Hồ Chí Minh,Tổng hợp,In-scope Hồ Chí Minh,Informational,50,N/A,N/A,N/A,Planner (Trung bình),data/google_planner/ho-chi-minh/Keyword Stats 2026-02-23 at 09_48_18.csv,Viết guide/review; ưu tiên long-tail; tạo topic hub và internal link về trang dịch vụ,B,50.0,0%,0
du lịch quận thủ đức,Tổng hợp Hồ Chí Minh,Tổng hợp,In-scope Hồ Chí Minh,Informational,50,N/A,N/A,N/A,Planner (Không xác định),data/google_planner/ho-chi-minh/Keyword Stats 2026-02-23 at 09_48_18.csv,Viết guide/review; ưu tiên long-tail; tạo topic hub và internal link về trang dịch vụ,B,50.0,-100.0%,0
du lịch sinh thái quận 12,Tổng hợp Hồ Chí Minh,Tổng hợp,In-scope Hồ Chí Minh,Informational,50,N/A,N/A,N/A,Planner (Thấp),data/google_planner/ho-chi-minh/Keyword Stats 2026-02-23 at 09_48_18.csv,Viết guide/review; ưu tiên long-tail; tạo topic hub và internal link về trang dịch vụ,B,50.0,0%,0
du lịch thành phố hồ chí minh 1 ngày,Tổng hợp Hồ Chí Minh,Tổng hợp,In-scope Hồ Chí Minh,Informational,50,N/A,N/A,N/A,Planner (Cao),data/google_planner/ho-chi-minh/Keyword Stats 2026-02-23 at 09_48_18.csv,Viết guide/review; ưu tiên long-tail; tạo topic hub và internal link về trang dịch vụ,B,50.0,0%,0
du lịch thủ đức,Tổng hợp Hồ Chí Minh,Tổng hợp,In-scope Hồ Chí Minh,Informational,50,N/A,N/A,N/A,Planner (Thấp),data/google_planner/ho-chi-minh/Keyword Stats 2026-02-23 at 09_48_18.csv,Viết guide/review; ưu tiên long-tail; tạo topic hub và internal link về trang dịch vụ,B,50.0,0%,0
du lịch trong thành phố hồ chí minh,Tổng hợp Hồ Chí Minh,Tổng hợp,In-scope Hồ Chí Minh,Informational,50,N/A,N/A,N/A,Planner (Trung bình),data/google_planner/ho-chi-minh/Keyword Stats 2026-02-23 at 09_48_18.csv,Viết guide/review; ưu tiên long-tail; tạo topic hub và internal link về trang dịch vụ,B,50.0,0%,0
du lịch tại thành phố hồ chí minh,Tổng hợp Hồ Chí Minh,Tổng hợp,In-scope Hồ Chí Minh,Informational,50,N/A,N/A,N/A,Planner (Trung bình),data/google_planner/ho-chi-minh/Keyword Stats 2026-02-23 at 09_48_18.csv,Viết guide/review; ưu tiên long-tail; tạo topic hub và internal link về trang dịch vụ,B,50.0,0%,0
du lịch văn hóa ở thành phố hồ chí minh,Tổng hợp Hồ Chí Minh,Tổng hợp,In-scope Hồ Chí Minh,Informational,50,N/A,N/A,N/A,Planner (Thấp),data/google_planner/ho-chi-minh/Keyword Stats 2026-02-23 at 09_48_18.csv,Viết guide/review; ưu tiên long-tail; tạo topic hub và internal link về trang dịch vụ,B,50.0,0%,0
du lịch đầm sen thành phố hồ chí minh,Tổng hợp Hồ Chí Minh,Tổng hợp,In-scope Hồ Chí Minh,Informational,50,N/A,N/A,N/A,Planner (Thấp),data/google_planner/ho-chi-minh/Keyword Stats 2026-02-23 at 09_48_18.csv,Viết guide/review; ưu tiên long-tail; tạo topic hub và internal link về trang dịch vụ,B,50.0,0%,0
du lịch ở hồ chí minh,Tổng hợp Hồ Chí Minh,Tổng hợp,In-scope Hồ Chí Minh,Informational,50,N/A,N/A,N/A,Planner (Trung bình),data/google_planner/ho-chi-minh/Keyword Stats 2026-02-23 at 09_48_18.csv,Viết guide/review; ưu tiên long-tail; tạo topic hub và internal link về trang dịch vụ,B,50.0,0%,0
glenwood quận 2,Tổng hợp Hồ Chí Minh,Tổng hợp,In-scope Hồ Chí Minh,Informational,50,N/A,N/A,N/A,Planner (Thấp),data/google_planner/ho-chi-minh/Keyword Stats 2026-02-23 at 09_48_18.csv,Viết guide/review; ưu tiên long-tail; tạo topic hub và internal link về trang dịch vụ,B,50.0,0%,0
hồ chí minh du lịch,Tổng hợp Hồ Chí Minh,Tổng hợp,In-scope Hồ Chí Minh,Informational,50,N/A,N/A,N/A,Planner (Thấp),data/google_planner/ho-chi-minh/Keyword Stats 2026-02-23 at 09_48_18.csv,Viết guide/review; ưu tiên long-tail; tạo topic hub và internal link về trang dịch vụ,B,50.0,0%,0
honey house phú nhuận,Tổng hợp Hồ Chí Minh,Tổng hợp,In-scope Hồ Chí Minh,Informational,50,N/A,N/A,N/A,Planner (Thấp),data/google_planner/ho-chi-minh/Keyword Stats 2026-02-23 at 09_48_18.csv,Viết guide/review; ưu tiên long-tail; tạo topic hub và internal link về trang dịch vụ,B,50.0,0%,0
hồ sen ở quận 2,Tổng hợp Hồ Chí Minh,Tổng hợp,In-scope Hồ Chí Minh,Informational,50,N/A,N/A,N/A,Planner (Thấp),data/google_planner/ho-chi-minh/Keyword Stats 2026-02-23 at 09_48_18.csv,Viết guide/review; ưu tiên long-tail; tạo topic hub và internal link về trang dịch vụ,B,50.0,0%,0
kdl quận 9,Tổng hợp Hồ Chí Minh,Tổng hợp,In-scope Hồ Chí Minh,Informational,50,N/A,N/A,N/A,Planner (Thấp),data/google_planner/ho-chi-minh/Keyword Stats 2026-02-23 at 09_48_18.csv,Viết guide/review; ưu tiên long-tail; tạo topic hub và internal link về trang dịch vụ,B,50.0,0%,0
khu bcr ở quận 9,Tổng hợp Hồ Chí Minh,Tổng hợp,In-scope Hồ Chí Minh,Informational,50,N/A,N/A,N/A,Planner (Thấp),data/google_planner/ho-chi-minh/Keyword Stats 2026-02-23 at 09_48_18.csv,Viết guide/review; ưu tiên long-tail; tạo topic hub và internal link về trang dịch vụ,B,50.0,0%,0
khu chơi tuyết ở quận 2,Tổng hợp Hồ Chí Minh,Tổng hợp,In-scope Hồ Chí Minh,Informational,50,N/A,N/A,N/A,Planner (Không xác định),data/google_planner/ho-chi-minh/Keyword Stats 2026-02-23 at 09_48_18.csv,Viết guide/review; ưu tiên long-tail; tạo topic hub và internal link về trang dịch vụ,B,50.0,-100.0%,0
khu du lịch hồ chí minh,Tổng hợp Hồ Chí Minh,Tổng hợp,In-scope Hồ Chí Minh,Informational,50,N/A,N/A,N/A,Planner (Thấp),data/google_planner/ho-chi-minh/Keyword Stats 2026-02-23 at 09_48_18.csv,Viết guide/review; ưu tiên long-tail; tạo topic hub và internal link về trang dịch vụ,B,50.0,0%,0
khu du lịch ở hồ chí minh,Tổng hợp Hồ Chí Minh,Tổng hợp,In-scope Hồ Chí Minh,Informational,50,N/A,N/A,N/A,Planner (Thấp),data/google_planner/ho-chi-minh/Keyword Stats 2026-02-23 at 09_48_18.csv,Viết guide/review; ưu tiên long-tail; tạo topic hub và internal link về trang dịch vụ,B,50.0,0%,0
khu du lich quanh hcm,Tổng hợp Hồ Chí Minh,Tổng hợp,In-scope Hồ Chí Minh,Informational,50,N/A,N/A,N/A,Planner (Cao),data/google_planner/ho-chi-minh/Keyword Stats 2026-02-23 at 09_48_18.csv,Viết guide/review; ưu tiên long-tail; tạo topic hub và internal link về trang dịch vụ,B,50.0,0%,0
khu du lịch bình thạnh,Tổng hợp Hồ Chí Minh,Tổng hợp,In-scope Hồ Chí Minh,Informational,50,N/A,N/A,N/A,Planner (Trung bình),data/google_planner/ho-chi-minh/Keyword Stats 2026-02-23 at 09_48_18.csv,Viết guide/review; ưu tiên long-tail; tạo topic hub và internal link về trang dịch vụ,B,50.0,0%,0
khu du lịch bình tân,Tổng hợp Hồ Chí Minh,Tổng hợp,In-scope Hồ Chí Minh,Informational,50,N/A,N/A,N/A,Planner (Thấp),data/google_planner/ho-chi-minh/Keyword Stats 2026-02-23 at 09_48_18.csv,Viết guide/review; ưu tiên long-tail; tạo topic hub và internal link về trang dịch vụ,B,50.0,0%,0
khu du lịch hcm,Tổng hợp Hồ Chí Minh,Tổng hợp,In-scope Hồ Chí Minh,Informational,50,N/A,N/A,N/A,Planner (Thấp),data/google_planner/ho-chi-minh/Keyword Stats 2026-02-23 at 09_48_18.csv,Viết guide/review; ưu tiên long-tail; tạo topic hub và internal link về trang dịch vụ,B,50.0,0%,0
khu du lịch hóc môn,Tổng hợp Hồ Chí Minh,Tổng hợp,In-scope Hồ Chí Minh,Informational,50,N/A,N/A,N/A,Planner (Thấp),data/google_planner/ho-chi-minh/Keyword Stats 2026-02-23 at 09_48_18.csv,Viết guide/review; ưu tiên long-tail; tạo topic hub và internal link về trang dịch vụ,B,50.0,-90.0%,0
khu du lịch quận 2,Tổng hợp Hồ Chí Minh,Tổng hợp,In-scope Hồ Chí Minh,Informational,50,N/A,N/A,N/A,Planner (Trung bình),data/google_planner/ho-chi-minh/Keyword Stats 2026-02-23 at 09_48_18.csv,Viết guide/review; ưu tiên long-tail; tạo topic hub và internal link về trang dịch vụ,B,50.0,0%,0
khu du lịch quận 7,Tổng hợp Hồ Chí Minh,Tổng hợp,In-scope Hồ Chí Minh,Informational,50,N/A,N/A,N/A,Planner (Trung bình),data/google_planner/ho-chi-minh/Keyword Stats 2026-02-23 at 09_48_18.csv,Viết guide/review; ưu tiên long-tail; tạo topic hub và internal link về trang dịch vụ,B,50.0,0%,0
khu du lịch quận thủ đức,Tổng hợp Hồ Chí Minh,Tổng hợp,In-scope Hồ Chí Minh,Informational,50,N/A,N/A,N/A,Planner (Thấp),data/google_planner/ho-chi-minh/Keyword Stats 2026-02-23 at 09_48_18.csv,Viết guide/review; ưu tiên long-tail; tạo topic hub và internal link về trang dịch vụ,B,50.0,0%,0
khu du lịch rạch dừa quận 2 hồ chí minh,Tổng hợp Hồ Chí Minh,Tổng hợp,In-scope Hồ Chí Minh,Informational,50,N/A,N/A,N/A,Planner (Thấp),data/google_planner/ho-chi-minh/Keyword Stats 2026-02-23 at 09_48_18.csv,Viết guide/review; ưu tiên long-tail; tạo topic hub và internal link về trang dịch vụ,B,50.0,0%,0
khu du lịch sinh thái bcr quận 9,Tổng hợp Hồ Chí Minh,Tổng hợp,In-scope Hồ Chí Minh,Informational,50,N/A,N/A,N/A,Planner (Thấp),data/google_planner/ho-chi-minh/Keyword Stats 2026-02-23 at 09_48_18.csv,Viết guide/review; ưu tiên long-tail; tạo topic hub và internal link về trang dịch vụ,B,50.0,0%,0
khu du lịch sinh thái the bcr quận 9,Tổng hợp Hồ Chí Minh,Tổng hợp,In-scope Hồ Chí Minh,Informational,50,N/A,N/A,N/A,Planner (Thấp),data/google_planner/ho-chi-minh/Keyword Stats 2026-02-23 at 09_48_18.csv,Viết guide/review; ưu tiên long-tail; tạo topic hub và internal link về trang dịch vụ,B,50.0,0%,0
khu du lịch thành phố hcm,Tổng hợp Hồ Chí Minh,Tổng hợp,In-scope Hồ Chí Minh,Informational,50,N/A,N/A,N/A,Planner (Trung bình),data/google_planner/ho-chi-minh/Keyword Stats 2026-02-23 at 09_48_18.csv,Viết guide/review; ưu tiên long-tail; tạo topic hub và internal link về trang dịch vụ,B,50.0,0%,0
khu du lịch thủ đức,Tổng hợp Hồ Chí Minh,Tổng hợp,In-scope Hồ Chí Minh,Informational,50,N/A,N/A,N/A,Planner (Cao),data/google_planner/ho-chi-minh/Keyword Stats 2026-02-23 at 09_48_18.csv,Viết guide/review; ưu tiên long-tail; tạo topic hub và internal link về trang dịch vụ,B,50.0,0%,0
khu du lịch trong thành phố hồ chí minh,Tổng hợp Hồ Chí Minh,Tổng hợp,In-scope Hồ Chí Minh,Informational,50,N/A,N/A,N/A,Planner (Thấp),data/google_planner/ho-chi-minh/Keyword Stats 2026-02-23 at 09_48_18.csv,Viết guide/review; ưu tiên long-tail; tạo topic hub và internal link về trang dịch vụ,B,50.0,0%,0
khu du lịch tại quận 9,Tổng hợp Hồ Chí Minh,Tổng hợp,In-scope Hồ Chí Minh,Informational,50,N/A,N/A,N/A,Planner (Thấp),data/google_planner/ho-chi-minh/Keyword Stats 2026-02-23 at 09_48_18.csv,Viết guide/review; ưu tiên long-tail; tạo topic hub và internal link về trang dịch vụ,B,50.0,0%,0
khu du lịch tại thành phố hồ chí minh,Tổng hợp Hồ Chí Minh,Tổng hợp,In-scope Hồ Chí Minh,Informational,50,N/A,N/A,N/A,Planner (Trung bình),data/google_planner/ho-chi-minh/Keyword Stats 2026-02-23 at 09_48_18.csv,Viết guide/review; ưu tiên long-tail; tạo topic hub và internal link về trang dịch vụ,B,50.0,0%,0
khu du lịch đại nam hồ chí minh,Tổng hợp Hồ Chí Minh,Tổng hợp,In-scope Hồ Chí Minh,Informational,50,N/A,N/A,N/A,Planner (Thấp),data/google_planner/ho-chi-minh/Keyword Stats 2026-02-23 at 09_48_18.csv,Viết guide/review; ưu tiên long-tail; tạo topic hub và internal link về trang dịch vụ,B,50.0,0%,0
khu du lịch đại nam thành phố hồ chí minh,Tổng hợp Hồ Chí Minh,Tổng hợp,In-scope Hồ Chí Minh,Informational,50,N/A,N/A,N/A,Planner (Thấp),data/google_planner/ho-chi-minh/Keyword Stats 2026-02-23 at 09_48_18.csv,Viết guide/review; ưu tiên long-tail; tạo topic hub và internal link về trang dịch vụ,B,50.0,0%,0
khu du lịch đầm sen quận 11,Tổng hợp Hồ Chí Minh,Tổng hợp,In-scope Hồ Chí Minh,Informational,50,N/A,N/A,N/A,Planner (Thấp),data/google_planner/ho-chi-minh/Keyword Stats 2026-02-23 at 09_48_18.csv,Viết guide/review; ưu tiên long-tail; tạo topic hub và internal link về trang dịch vụ,B,50.0,0%,0
khu du lịch đầm sen thành phố hồ chí minh,Tổng hợp Hồ Chí Minh,Tổng hợp,In-scope Hồ Chí Minh,Informational,50,N/A,N/A,N/A,Planner (Thấp),data/google_planner/ho-chi-minh/Keyword Stats 2026-02-23 at 09_48_18.csv,Viết guide/review; ưu tiên long-tail; tạo topic hub và internal link về trang dịch vụ,B,50.0,0%,0
khu du lịch ở bình thạnh,Tổng hợp Hồ Chí Minh,Tổng hợp,In-scope Hồ Chí Minh,Informational,50,N/A,N/A,N/A,Planner (Thấp),data/google_planner/ho-chi-minh/Keyword Stats 2026-02-23 at 09_48_18.csv,Viết guide/review; ưu tiên long-tail; tạo topic hub và internal link về trang dịch vụ,B,50.0,0%,0
khu du lịch ở quận 12,Tổng hợp Hồ Chí Minh,Tổng hợp,In-scope Hồ Chí Minh,Informational,50,N/A,N/A,N/A,Planner (Thấp),data/google_planner/ho-chi-minh/Keyword Stats 2026-02-23 at 09_48_18.csv,Viết guide/review; ưu tiên long-tail; tạo topic hub và internal link về trang dịch vụ,B,50.0,0%,0
khu du lịch ở quận 2,Tổng hợp Hồ Chí Minh,Tổng hợp,In-scope Hồ Chí Minh,Informational,50,N/A,N/A,N/A,Planner (Thấp),data/google_planner/ho-chi-minh/Keyword Stats 2026-02-23 at 09_48_18.csv,Viết guide/review; ưu tiên long-tail; tạo topic hub và internal link về trang dịch vụ,B,50.0,0%,0
khu du lịch ở quận 7,Tổng hợp Hồ Chí Minh,Tổng hợp,In-scope Hồ Chí Minh,Informational,50,N/A,N/A,N/A,Planner (Thấp),data/google_planner/ho-chi-minh/Keyword Stats 2026-02-23 at 09_48_18.csv,Viết guide/review; ưu tiên long-tail; tạo topic hub và internal link về trang dịch vụ,B,50.0,0%,0
khu du lịch ở thành phố hồ chí minh,Tổng hợp Hồ Chí Minh,Tổng hợp,In-scope Hồ Chí Minh,Informational,50,N/A,N/A,N/A,Planner (Thấp),data/google_planner/ho-chi-minh/Keyword Stats 2026-02-23 at 09_48_18.csv,Viết guide/review; ưu tiên long-tail; tạo topic hub và internal link về trang dịch vụ,B,50.0,0%,0
khu du lịch ở thủ đức,Tổng hợp Hồ Chí Minh,Tổng hợp,In-scope Hồ Chí Minh,Informational,50,N/A,N/A,N/A,Planner (Thấp),data/google_planner/ho-chi-minh/Keyword Stats 2026-02-23 at 09_48_18.csv,Viết guide/review; ưu tiên long-tail; tạo topic hub và internal link về trang dịch vụ,B,50.0,0%,0
khu nghỉ dưỡng gần hồ chí minh,Tổng hợp Hồ Chí Minh,Tổng hợp,In-scope Hồ Chí Minh,Informational,50,N/A,N/A,N/A,Planner (Cao),data/google_planner/ho-chi-minh/Keyword Stats 2026-02-23 at 09_48_18.csv,Viết guide/review; ưu tiên long-tail; tạo topic hub và internal link về trang dịch vụ,B,50.0,0%,0
khu nghỉ dưỡng ở thành phố hồ chí minh,Tổng hợp Hồ Chí Minh,Tổng hợp,In-scope Hồ Chí Minh,Informational,50,N/A,N/A,N/A,Planner (Cao),data/google_planner/ho-chi-minh/Keyword Stats 2026-02-23 at 09_48_18.csv,Viết guide/review; ưu tiên long-tail; tạo topic hub và internal link về trang dịch vụ,B,50.0,0%,0
khu sinh thái bcr quận 9,Tổng hợp Hồ Chí Minh,Tổng hợp,In-scope Hồ Chí Minh,Informational,50,N/A,N/A,N/A,Planner (Không xác định),data/google_planner/ho-chi-minh/Keyword Stats 2026-02-23 at 09_48_18.csv,Viết guide/review; ưu tiên long-tail; tạo topic hub và internal link về trang dịch vụ,B,50.0,-100.0%,0
khu tham quan tphcm,Tổng hợp Hồ Chí Minh,Tổng hợp,In-scope Hồ Chí Minh,Informational,50,N/A,N/A,N/A,Planner (Không xác định),data/google_planner/ho-chi-minh/Keyword Stats 2026-02-23 at 09_48_18.csv,Viết guide/review; ưu tiên long-tail; tạo topic hub và internal link về trang dịch vụ,B,50.0,-100.0%,0
khu vui chơi bcr quận 9,Tổng hợp Hồ Chí Minh,Tổng hợp,In-scope Hồ Chí Minh,Informational,50,N/A,N/A,N/A,Planner (Thấp),data/google_planner/ho-chi-minh/Keyword Stats 2026-02-23 at 09_48_18.csv,Viết guide/review; ưu tiên long-tail; tạo topic hub và internal link về trang dịch vụ,B,50.0,0%,0
khu vui chơi đầm sen thành phố hồ chí minh,Tổng hợp Hồ Chí Minh,Tổng hợp,In-scope Hồ Chí Minh,Informational,50,N/A,N/A,N/A,Planner (Thấp),data/google_planner/ho-chi-minh/Keyword Stats 2026-02-23 at 09_48_18.csv,Viết guide/review; ưu tiên long-tail; tạo topic hub và internal link về trang dịch vụ,B,50.0,0%,0
khu vui chơi ở bình thạnh,Tổng hợp Hồ Chí Minh,Tổng hợp,In-scope Hồ Chí Minh,Informational,50,N/A,N/A,N/A,Planner (Thấp),data/google_planner/ho-chi-minh/Keyword Stats 2026-02-23 at 09_48_18.csv,Viết guide/review; ưu tiên long-tail; tạo topic hub và internal link về trang dịch vụ,B,50.0,0%,0
khám phá thành phố hồ chí minh,Tổng hợp Hồ Chí Minh,Tổng hợp,In-scope Hồ Chí Minh,Informational,50,N/A,N/A,N/A,Planner (Thấp),data/google_planner/ho-chi-minh/Keyword Stats 2026-02-23 at 09_48_18.csv,Viết guide/review; ưu tiên long-tail; tạo topic hub và internal link về trang dịch vụ,B,50.0,0%,0
kinh nghiệm đi du lịch hồ chí minh,Tổng hợp Hồ Chí Minh,Tổng hợp,In-scope Hồ Chí Minh,Commercial Investigation,50,N/A,N/A,N/A,Planner (Cao),data/google_planner/ho-chi-minh/Keyword Stats 2026-02-23 at 09_48_18.csv,Viết bài top-list/so sánh; map vào cluster hub; bổ sung schema + ảnh/UGC,B,50.0,0%,0
kinh nghiệm đi du lịch thành phố hồ chí minh,Tổng hợp Hồ Chí Minh,Tổng hợp,In-scope Hồ Chí Minh,Commercial Investigation,50,N/A,N/A,N/A,Planner (Thấp),data/google_planner/ho-chi-minh/Keyword Stats 2026-02-23 at 09_48_18.csv,Viết bài top-list/so sánh; map vào cluster hub; bổ sung schema + ảnh/UGC,B,50.0,0%,0
ks a in quan 4,Tổng hợp Hồ Chí Minh,Tổng hợp,In-scope Hồ Chí Minh,Informational,50,N/A,N/A,N/A,Planner (Không xác định),data/google_planner/ho-chi-minh/Keyword Stats 2026-02-23 at 09_48_18.csv,Viết guide/review; ưu tiên long-tail; tạo topic hub và internal link về trang dịch vụ,B,50.0,0%,0
ks avatar tân phú,Tổng hợp Hồ Chí Minh,Tổng hợp,In-scope Hồ Chí Minh,Informational,50,N/A,N/A,N/A,Planner (Thấp),data/google_planner/ho-chi-minh/Keyword Stats 2026-02-23 at 09_48_18.csv,Viết guide/review; ưu tiên long-tail; tạo topic hub và internal link về trang dịch vụ,B,50.0,0%,0
ks bonita quận 10,Tổng hợp Hồ Chí Minh,Tổng hợp,In-scope Hồ Chí Minh,Informational,50,N/A,N/A,N/A,Planner (Không xác định),data/google_planner/ho-chi-minh/Keyword Stats 2026-02-23 at 09_48_18.csv,Viết guide/review; ưu tiên long-tail; tạo topic hub và internal link về trang dịch vụ,B,50.0,0%,0
ks new sun phú nhuận,Tổng hợp Hồ Chí Minh,Tổng hợp,In-scope Hồ Chí Minh,Informational,50,N/A,N/A,N/A,Planner (Cao),data/google_planner/ho-chi-minh/Keyword Stats 2026-02-23 at 09_48_18.csv,Viết guide/review; ưu tiên long-tail; tạo topic hub và internal link về trang dịch vụ,B,50.0,0%,0
ks quận bình tân,Tổng hợp Hồ Chí Minh,Tổng hợp,In-scope Hồ Chí Minh,Informational,50,N/A,N/A,N/A,Planner (Cao),data/google_planner/ho-chi-minh/Keyword Stats 2026-02-23 at 09_48_18.csv,Viết guide/review; ưu tiên long-tail; tạo topic hub và internal link về trang dịch vụ,B,50.0,0%,0
ks rạng đông hcm,Tổng hợp Hồ Chí Minh,Tổng hợp,In-scope Hồ Chí Minh,Informational,50,N/A,N/A,N/A,Planner (Cao),data/google_planner/ho-chi-minh/Keyword Stats 2026-02-23 at 09_48_18.csv,Viết guide/review; ưu tiên long-tail; tạo topic hub và internal link về trang dịch vụ,B,50.0,0%,0
ks tân hoàng yến gò vấp,Tổng hợp Hồ Chí Minh,Tổng hợp,In-scope Hồ Chí Minh,Informational,50,N/A,N/A,N/A,Planner (Thấp),data/google_planner/ho-chi-minh/Keyword Stats 2026-02-23 at 09_48_18.csv,Viết guide/review; ưu tiên long-tail; tạo topic hub và internal link về trang dịch vụ,B,50.0,0%,0
món ăn đặc sản của thành phố hồ chí minh,Tổng hợp Hồ Chí Minh,Tổng hợp,In-scope Hồ Chí Minh,Informational,50,N/A,N/A,N/A,Planner (Thấp),data/google_planner/ho-chi-minh/Keyword Stats 2026-02-23 at 09_48_18.csv,Viết guide/review; ưu tiên long-tail; tạo topic hub và internal link về trang dịch vụ,B,50.0,0%,0
món ăn đặc sản thành phố hồ chí minh,Tổng hợp Hồ Chí Minh,Tổng hợp,In-scope Hồ Chí Minh,Informational,50,N/A,N/A,N/A,Planner (Thấp),data/google_planner/ho-chi-minh/Keyword Stats 2026-02-23 at 09_48_18.csv,Viết guide/review; ưu tiên long-tail; tạo topic hub và internal link về trang dịch vụ,B,50.0,0%,0
món ăn đặc sản ở thành phố hồ chí minh,Tổng hợp Hồ Chí Minh,Tổng hợp,In-scope Hồ Chí Minh,Informational,50,N/A,N/A,N/A,Planner (Thấp),data/google_planner/ho-chi-minh/Keyword Stats 2026-02-23 at 09_48_18.csv,Viết guide/review; ưu tiên long-tail; tạo topic hub và internal link về trang dịch vụ,B,50.0,0%,0
những chỗ đi chơi ở thành phố hồ chí minh,Tổng hợp Hồ Chí Minh,Tổng hợp,In-scope Hồ Chí Minh,Informational,50,N/A,N/A,N/A,Planner (Thấp),data/google_planner/ho-chi-minh/Keyword Stats 2026-02-23 at 09_48_18.csv,Viết guide/review; ưu tiên long-tail; tạo topic hub và internal link về trang dịch vụ,B,50.0,0%,0
những khu du lịch gần thành phố hồ chí minh,Tổng hợp Hồ Chí Minh,Tổng hợp,In-scope Hồ Chí Minh,Informational,50,N/A,N/A,N/A,Planner (Thấp),data/google_planner/ho-chi-minh/Keyword Stats 2026-02-23 at 09_48_18.csv,Viết guide/review; ưu tiên long-tail; tạo topic hub và internal link về trang dịch vụ,B,50.0,0%,0
những khu du lịch ở thành phố hồ chí minh,Tổng hợp Hồ Chí Minh,Tổng hợp,In-scope Hồ Chí Minh,Informational,50,N/A,N/A,N/A,Planner (Thấp),data/google_planner/ho-chi-minh/Keyword Stats 2026-02-23 at 09_48_18.csv,Viết guide/review; ưu tiên long-tail; tạo topic hub và internal link về trang dịch vụ,B,50.0,0%,0
những điểm du lịch gần hồ chí minh,Tổng hợp Hồ Chí Minh,Tổng hợp,In-scope Hồ Chí Minh,Informational,50,N/A,N/A,N/A,Planner (Cao),data/google_planner/ho-chi-minh/Keyword Stats 2026-02-23 at 09_48_18.csv,Viết guide/review; ưu tiên long-tail; tạo topic hub và internal link về trang dịch vụ,B,50.0,0%,0
những điểm du lịch hồ chí minh,Tổng hợp Hồ Chí Minh,Tổng hợp,In-scope Hồ Chí Minh,Informational,50,N/A,N/A,N/A,Planner (Trung bình),data/google_planner/ho-chi-minh/Keyword Stats 2026-02-23 at 09_48_18.csv,Viết guide/review; ưu tiên long-tail; tạo topic hub và internal link về trang dịch vụ,B,50.0,0%,0
những điểm du lịch tại thành phố hồ chí minh,Tổng hợp Hồ Chí Minh,Tổng hợp,In-scope Hồ Chí Minh,Informational,50,N/A,N/A,N/A,Planner (Trung bình),data/google_planner/ho-chi-minh/Keyword Stats 2026-02-23 at 09_48_18.csv,Viết guide/review; ưu tiên long-tail; tạo topic hub và internal link về trang dịch vụ,B,50.0,0%,0
những điểm du lịch ở hồ chí minh,Tổng hợp Hồ Chí Minh,Tổng hợp,In-scope Hồ Chí Minh,Informational,50,N/A,N/A,N/A,Planner (Trung bình),data/google_planner/ho-chi-minh/Keyword Stats 2026-02-23 at 09_48_18.csv,Viết guide/review; ưu tiên long-tail; tạo topic hub và internal link về trang dịch vụ,B,50.0,0%,0
những điểm du lịch ở quận 9,Tổng hợp Hồ Chí Minh,Tổng hợp,In-scope Hồ Chí Minh,Informational,50,N/A,N/A,N/A,Planner (Không xác định),data/google_planner/ho-chi-minh/Keyword Stats 2026-02-23 at 09_48_18.csv,Viết guide/review; ưu tiên long-tail; tạo topic hub và internal link về trang dịch vụ,B,50.0,-100.0%,0
những điểm tham quan ở thành phố hồ chí minh,Tổng hợp Hồ Chí Minh,Tổng hợp,In-scope Hồ Chí Minh,Informational,50,N/A,N/A,N/A,Planner (Thấp),data/google_planner/ho-chi-minh/Keyword Stats 2026-02-23 at 09_48_18.csv,Viết guide/review; ưu tiên long-tail; tạo topic hub và internal link về trang dịch vụ,B,50.0,0%,0
những địa điểm du lịch gần hồ chí minh,Tổng hợp Hồ Chí Minh,Tổng hợp,In-scope Hồ Chí Minh,Informational,50,N/A,N/A,N/A,Planner (Thấp),data/google_planner/ho-chi-minh/Keyword Stats 2026-02-23 at 09_48_18.csv,Viết guide/review; ưu tiên long-tail; tạo topic hub và internal link về trang dịch vụ,B,50.0,0%,0
những địa điểm du lịch hồ chí minh,Tổng hợp Hồ Chí Minh,Tổng hợp,In-scope Hồ Chí Minh,Informational,50,N/A,N/A,N/A,Planner (Cao),data/google_planner/ho-chi-minh/Keyword Stats 2026-02-23 at 09_48_18.csv,Viết guide/review; ưu tiên long-tail; tạo topic hub và internal link về trang dịch vụ,B,50.0,0%,0
những địa điểm du lịch thành phố hồ chí minh,Tổng hợp Hồ Chí Minh,Tổng hợp,In-scope Hồ Chí Minh,Informational,50,N/A,N/A,N/A,Planner (Thấp),data/google_planner/ho-chi-minh/Keyword Stats 2026-02-23 at 09_48_18.csv,Viết guide/review; ưu tiên long-tail; tạo topic hub và internal link về trang dịch vụ,B,50.0,0%,0
những địa điểm du lịch ở hồ chí minh,Tổng hợp Hồ Chí Minh,Tổng hợp,In-scope Hồ Chí Minh,Informational,50,N/A,N/A,N/A,Planner (Thấp),data/google_planner/ho-chi-minh/Keyword Stats 2026-02-23 at 09_48_18.csv,Viết guide/review; ưu tiên long-tail; tạo topic hub và internal link về trang dịch vụ,B,50.0,0%,0
những địa điểm đi chơi ở quận bình tân,Tổng hợp Hồ Chí Minh,Tổng hợp,In-scope Hồ Chí Minh,Informational,50,N/A,N/A,N/A,Planner (Thấp),data/google_planner/ho-chi-minh/Keyword Stats 2026-02-23 at 09_48_18.csv,Viết guide/review; ưu tiên long-tail; tạo topic hub và internal link về trang dịch vụ,B,50.0,0%,0
plumeria quận 9,Tổng hợp Hồ Chí Minh,Tổng hợp,In-scope Hồ Chí Minh,Informational,50,N/A,N/A,N/A,Planner (Thấp),data/google_planner/ho-chi-minh/Keyword Stats 2026-02-23 at 09_48_18.csv,Viết guide/review; ưu tiên long-tail; tạo topic hub và internal link về trang dịch vụ,B,50.0,0%,0
pullman tp hcm,Tổng hợp Hồ Chí Minh,Tổng hợp,In-scope Hồ Chí Minh,Informational,50,N/A,N/A,N/A,Planner (Trung bình),data/google_planner/ho-chi-minh/Keyword Stats 2026-02-23 at 09_48_18.csv,Viết guide/review; ưu tiên long-tail; tạo topic hub và internal link về trang dịch vụ,B,50.0,0%,0
reddoorz phú nhuận,Tổng hợp Hồ Chí Minh,Tổng hợp,In-scope Hồ Chí Minh,Informational,50,N/A,N/A,N/A,Planner (Thấp),data/google_planner/ho-chi-minh/Keyword Stats 2026-02-23 at 09_48_18.csv,Viết guide/review; ưu tiên long-tail; tạo topic hub và internal link về trang dịch vụ,B,50.0,0%,0
reddoorz quận 10,Tổng hợp Hồ Chí Minh,Tổng hợp,In-scope Hồ Chí Minh,Informational,50,N/A,N/A,N/A,Planner (Thấp),data/google_planner/ho-chi-minh/Keyword Stats 2026-02-23 at 09_48_18.csv,Viết guide/review; ưu tiên long-tail; tạo topic hub và internal link về trang dịch vụ,B,50.0,0%,0
reddoorz quận 9,Tổng hợp Hồ Chí Minh,Tổng hợp,In-scope Hồ Chí Minh,Informational,50,N/A,N/A,N/A,Planner (Không xác định),data/google_planner/ho-chi-minh/Keyword Stats 2026-02-23 at 09_48_18.csv,Viết guide/review; ưu tiên long-tail; tạo topic hub và internal link về trang dịch vụ,B,50.0,0%,0
sân vườn mái lá quận 7,Tổng hợp Hồ Chí Minh,Tổng hợp,In-scope Hồ Chí Minh,Informational,50,N/A,N/A,N/A,Planner (Thấp),data/google_planner/ho-chi-minh/Keyword Stats 2026-02-23 at 09_48_18.csv,Viết guide/review; ưu tiên long-tail; tạo topic hub và internal link về trang dịch vụ,B,50.0,0%,0
tham quan dinh độc lập tp hcm,Tổng hợp Hồ Chí Minh,Tổng hợp,In-scope Hồ Chí Minh,Informational,50,N/A,N/A,N/A,Planner (Thấp),data/google_planner/ho-chi-minh/Keyword Stats 2026-02-23 at 09_48_18.csv,Viết guide/review; ưu tiên long-tail; tạo topic hub và internal link về trang dịch vụ,B,50.0,0%,0
tham quan hồ chí minh,Tổng hợp Hồ Chí Minh,Tổng hợp,In-scope Hồ Chí Minh,Informational,50,N/A,N/A,N/A,Planner (Cao),data/google_planner/ho-chi-minh/Keyword Stats 2026-02-23 at 09_48_18.csv,Viết guide/review; ưu tiên long-tail; tạo topic hub và internal link về trang dịch vụ,B,50.0,0%,0
the bcr quận 9 giá vé,Tổng hợp Hồ Chí Minh,Tổng hợp,In-scope Hồ Chí Minh,Transaction,50,N/A,N/A,N/A,Planner (Thấp),data/google_planner/ho-chi-minh/Keyword Stats 2026-02-23 at 09_48_18.csv,"Tạo landing chuyển đổi (giá/vé/đặt chỗ), gom vào cluster page + build backlink nội bộ",B,50.0,0%,0
thành phố hồ chí minh điểm du lịch,Tổng hợp Hồ Chí Minh,Tổng hợp,In-scope Hồ Chí Minh,Informational,50,N/A,N/A,N/A,Planner (Thấp),data/google_planner/ho-chi-minh/Keyword Stats 2026-02-23 at 09_48_18.csv,Viết guide/review; ưu tiên long-tail; tạo topic hub và internal link về trang dịch vụ,B,50.0,0%,0
thành phố hồ chí minh địa điểm du lịch,Tổng hợp Hồ Chí Minh,Tổng hợp,In-scope Hồ Chí Minh,Informational,50,N/A,N/A,N/A,Planner (Thấp),data/google_planner/ho-chi-minh/Keyword Stats 2026-02-23 at 09_48_18.csv,Viết guide/review; ưu tiên long-tail; tạo topic hub và internal link về trang dịch vụ,B,50.0,0%,0
thành phố hồ chí minh địa điểm vui chơi,Tổng hợp Hồ Chí Minh,Tổng hợp,In-scope Hồ Chí Minh,Informational,50,N/A,N/A,N/A,Planner (Thấp),data/google_planner/ho-chi-minh/Keyword Stats 2026-02-23 at 09_48_18.csv,Viết guide/review; ưu tiên long-tail; tạo topic hub và internal link về trang dịch vụ,B,50.0,0%,0
tạp chí du lịch thành phố hồ chí minh,Tổng hợp Hồ Chí Minh,Tổng hợp,In-scope Hồ Chí Minh,Informational,50,N/A,N/A,N/A,Planner (Thấp),data/google_planner/ho-chi-minh/Keyword Stats 2026-02-23 at 09_48_18.csv,Viết guide/review; ưu tiên long-tail; tạo topic hub và internal link về trang dịch vụ,B,50.0,0%,0
vui choi cuoi tuan o tphcm,Tổng hợp Hồ Chí Minh,Tổng hợp,In-scope Hồ Chí Minh,Informational,50,N/A,N/A,N/A,Planner (Không xác định),data/google_planner/ho-chi-minh/Keyword Stats 2026-02-23 at 09_48_18.csv,Viết guide/review; ưu tiên long-tail; tạo topic hub và internal link về trang dịch vụ,B,50.0,-100.0%,0
đi chơi bình thạnh,Tổng hợp Hồ Chí Minh,Tổng hợp,In-scope Hồ Chí Minh,Informational,50,N/A,N/A,N/A,Planner (Trung bình),data/google_planner/ho-chi-minh/Keyword Stats 2026-02-23 at 09_48_18.csv,Viết guide/review; ưu tiên long-tail; tạo topic hub và internal link về trang dịch vụ,B,50.0,0%,0
đi chơi gần hồ chí minh,Tổng hợp Hồ Chí Minh,Tổng hợp,In-scope Hồ Chí Minh,Informational,50,N/A,N/A,N/A,Planner (Cao),data/google_planner/ho-chi-minh/Keyword Stats 2026-02-23 at 09_48_18.csv,Viết guide/review; ưu tiên long-tail; tạo topic hub và internal link về trang dịch vụ,B,50.0,0%,0
đi chơi gần thành phố hồ chí minh,Tổng hợp Hồ Chí Minh,Tổng hợp,In-scope Hồ Chí Minh,Informational,50,N/A,N/A,N/A,Planner (Thấp),data/google_planner/ho-chi-minh/Keyword Stats 2026-02-23 at 09_48_18.csv,Viết guide/review; ưu tiên long-tail; tạo topic hub và internal link về trang dịch vụ,B,50.0,0%,0
đi chơi gần tp hcm,Tổng hợp Hồ Chí Minh,Tổng hợp,In-scope Hồ Chí Minh,Informational,50,N/A,N/A,N/A,Planner (Trung bình),data/google_planner/ho-chi-minh/Keyword Stats 2026-02-23 at 09_48_18.csv,Viết guide/review; ưu tiên long-tail; tạo topic hub và internal link về trang dịch vụ,B,50.0,0%,0
đi chơi quận 10,Tổng hợp Hồ Chí Minh,Tổng hợp,In-scope Hồ Chí Minh,Informational,50,N/A,N/A,N/A,Planner (Thấp),data/google_planner/ho-chi-minh/Keyword Stats 2026-02-23 at 09_48_18.csv,Viết guide/review; ưu tiên long-tail; tạo topic hub và internal link về trang dịch vụ,B,50.0,0%,0
đi chơi quận 2,Tổng hợp Hồ Chí Minh,Tổng hợp,In-scope Hồ Chí Minh,Informational,50,N/A,N/A,N/A,Planner (Trung bình),data/google_planner/ho-chi-minh/Keyword Stats 2026-02-23 at 09_48_18.csv,Viết guide/review; ưu tiên long-tail; tạo topic hub và internal link về trang dịch vụ,B,50.0,0%,0
đi chơi quận 5,Tổng hợp Hồ Chí Minh,Tổng hợp,In-scope Hồ Chí Minh,Informational,50,N/A,N/A,N/A,Planner (Thấp),data/google_planner/ho-chi-minh/Keyword Stats 2026-02-23 at 09_48_18.csv,Viết guide/review; ưu tiên long-tail; tạo topic hub và internal link về trang dịch vụ,B,50.0,0%,0
đi chơi quận 7,Tổng hợp Hồ Chí Minh,Tổng hợp,In-scope Hồ Chí Minh,Informational,50,N/A,N/A,N/A,Planner (Trung bình),data/google_planner/ho-chi-minh/Keyword Stats 2026-02-23 at 09_48_18.csv,Viết guide/review; ưu tiên long-tail; tạo topic hub và internal link về trang dịch vụ,B,50.0,0%,0
đi chơi quận bình thạnh,Tổng hợp Hồ Chí Minh,Tổng hợp,In-scope Hồ Chí Minh,Informational,50,N/A,N/A,N/A,Planner (Trung bình),data/google_planner/ho-chi-minh/Keyword Stats 2026-02-23 at 09_48_18.csv,Viết guide/review; ưu tiên long-tail; tạo topic hub và internal link về trang dịch vụ,B,50.0,0%,0
đi chơi thành phố hồ chí minh,Tổng hợp Hồ Chí Minh,Tổng hợp,In-scope Hồ Chí Minh,Informational,50,N/A,N/A,N/A,Planner (Thấp),data/google_planner/ho-chi-minh/Keyword Stats 2026-02-23 at 09_48_18.csv,Viết guide/review; ưu tiên long-tail; tạo topic hub và internal link về trang dịch vụ,B,50.0,0%,0
đi chơi ở quận 2,Tổng hợp Hồ Chí Minh,Tổng hợp,In-scope Hồ Chí Minh,Informational,50,N/A,N/A,N/A,Planner (Cao),data/google_planner/ho-chi-minh/Keyword Stats 2026-02-23 at 09_48_18.csv,Viết guide/review; ưu tiên long-tail; tạo topic hub và internal link về trang dịch vụ,B,50.0,0%,0
đi chơi ở quận 5,Tổng hợp Hồ Chí Minh,Tổng hợp,In-scope Hồ Chí Minh,Informational,50,N/A,N/A,N/A,Planner (Trung bình),data/google_planner/ho-chi-minh/Keyword Stats 2026-02-23 at 09_48_18.csv,Viết guide/review; ưu tiên long-tail; tạo topic hub và internal link về trang dịch vụ,B,50.0,0%,0
đi chơi ở quận 9,Tổng hợp Hồ Chí Minh,Tổng hợp,In-scope Hồ Chí Minh,Informational,50,N/A,N/A,N/A,Planner (Thấp),data/google_planner/ho-chi-minh/Keyword Stats 2026-02-23 at 09_48_18.csv,Viết guide/review; ưu tiên long-tail; tạo topic hub và internal link về trang dịch vụ,B,50.0,0%,0
đi chơi ở thành phố hồ chí minh,Tổng hợp Hồ Chí Minh,Tổng hợp,In-scope Hồ Chí Minh,Informational,50,N/A,N/A,N/A,Planner (Trung bình),data/google_planner/ho-chi-minh/Keyword Stats 2026-02-23 at 09_48_18.csv,Viết guide/review; ưu tiên long-tail; tạo topic hub và internal link về trang dịch vụ,B,50.0,0%,0
đi du lịch hồ chí minh,Tổng hợp Hồ Chí Minh,Tổng hợp,In-scope Hồ Chí Minh,Informational,50,N/A,N/A,N/A,Planner (Trung bình),data/google_planner/ho-chi-minh/Keyword Stats 2026-02-23 at 09_48_18.csv,Viết guide/review; ưu tiên long-tail; tạo topic hub và internal link về trang dịch vụ,B,50.0,0%,0
đi du lịch thành phố hồ chí minh,Tổng hợp Hồ Chí Minh,Tổng hợp,In-scope Hồ Chí Minh,Informational,50,N/A,N/A,N/A,Planner (Trung bình),data/google_planner/ho-chi-minh/Keyword Stats 2026-02-23 at 09_48_18.csv,Viết guide/review; ưu tiên long-tail; tạo topic hub và internal link về trang dịch vụ,B,50.0,0%,0
điểm du lịch quận 7,Tổng hợp Hồ Chí Minh,Tổng hợp,In-scope Hồ Chí Minh,Informational,50,N/A,N/A,N/A,Planner (Thấp),data/google_planner/ho-chi-minh/Keyword Stats 2026-02-23 at 09_48_18.csv,Viết guide/review; ưu tiên long-tail; tạo topic hub và internal link về trang dịch vụ,B,50.0,0%,0
điểm du lịch thủ đức,Tổng hợp Hồ Chí Minh,Tổng hợp,In-scope Hồ Chí Minh,Informational,50,N/A,N/A,N/A,Planner (Thấp),data/google_planner/ho-chi-minh/Keyword Stats 2026-02-23 at 09_48_18.csv,Viết guide/review; ưu tiên long-tail; tạo topic hub và internal link về trang dịch vụ,B,50.0,0%,0
điểm du lịch tại thành phố hồ chí minh,Tổng hợp Hồ Chí Minh,Tổng hợp,In-scope Hồ Chí Minh,Informational,50,N/A,N/A,N/A,Planner (Thấp),data/google_planner/ho-chi-minh/Keyword Stats 2026-02-23 at 09_48_18.csv,Viết guide/review; ưu tiên long-tail; tạo topic hub và internal link về trang dịch vụ,B,50.0,0%,0
điểm du lịch ở hồ chí minh,Tổng hợp Hồ Chí Minh,Tổng hợp,In-scope Hồ Chí Minh,Informational,50,N/A,N/A,N/A,Planner (Thấp),data/google_planner/ho-chi-minh/Keyword Stats 2026-02-23 at 09_48_18.csv,Viết guide/review; ưu tiên long-tail; tạo topic hub và internal link về trang dịch vụ,B,50.0,0%,0
điểm tham quan hồ chí minh,Tổng hợp Hồ Chí Minh,Tổng hợp,In-scope Hồ Chí Minh,Informational,50,N/A,N/A,N/A,Planner (Trung bình),data/google_planner/ho-chi-minh/Keyword Stats 2026-02-23 at 09_48_18.csv,Viết guide/review; ưu tiên long-tail; tạo topic hub và internal link về trang dịch vụ,B,50.0,0%,0
điểm tham quan thành phố hồ chí minh,Tổng hợp Hồ Chí Minh,Tổng hợp,In-scope Hồ Chí Minh,Informational,50,N/A,N/A,N/A,Planner (Thấp),data/google_planner/ho-chi-minh/Keyword Stats 2026-02-23 at 09_48_18.csv,Viết guide/review; ưu tiên long-tail; tạo topic hub và internal link về trang dịch vụ,B,50.0,0%,0
địa điểm du lịch gần thành phố hồ chí minh,Tổng hợp Hồ Chí Minh,Tổng hợp,In-scope Hồ Chí Minh,Informational,50,N/A,N/A,N/A,Planner (Thấp),data/google_planner/ho-chi-minh/Keyword Stats 2026-02-23 at 09_48_18.csv,Viết guide/review; ưu tiên long-tail; tạo topic hub và internal link về trang dịch vụ,B,50.0,0%,0
địa điểm du lịch quận 2,Tổng hợp Hồ Chí Minh,Tổng hợp,In-scope Hồ Chí Minh,Informational,50,N/A,N/A,N/A,Planner (Thấp),data/google_planner/ho-chi-minh/Keyword Stats 2026-02-23 at 09_48_18.csv,Viết guide/review; ưu tiên long-tail; tạo topic hub và internal link về trang dịch vụ,B,50.0,0%,0
địa điểm du lịch quận 7,Tổng hợp Hồ Chí Minh,Tổng hợp,In-scope Hồ Chí Minh,Informational,50,N/A,N/A,N/A,Planner (Thấp),data/google_planner/ho-chi-minh/Keyword Stats 2026-02-23 at 09_48_18.csv,Viết guide/review; ưu tiên long-tail; tạo topic hub và internal link về trang dịch vụ,B,50.0,0%,0
địa điểm du lịch quận 9,Tổng hợp Hồ Chí Minh,Tổng hợp,In-scope Hồ Chí Minh,Informational,50,N/A,N/A,N/A,Planner (Thấp),data/google_planner/ho-chi-minh/Keyword Stats 2026-02-23 at 09_48_18.csv,Viết guide/review; ưu tiên long-tail; tạo topic hub và internal link về trang dịch vụ,B,50.0,0%,0
địa điểm du lịch thủ đức,Tổng hợp Hồ Chí Minh,Tổng hợp,In-scope Hồ Chí Minh,Informational,50,N/A,N/A,N/A,Planner (Trung bình),data/google_planner/ho-chi-minh/Keyword Stats 2026-02-23 at 09_48_18.csv,Viết guide/review; ưu tiên long-tail; tạo topic hub và internal link về trang dịch vụ,B,50.0,0%,0
địa điểm du lịch tại hồ chí minh,Tổng hợp Hồ Chí Minh,Tổng hợp,In-scope Hồ Chí Minh,Informational,50,N/A,N/A,N/A,Planner (Trung bình),data/google_planner/ho-chi-minh/Keyword Stats 2026-02-23 at 09_48_18.csv,Viết guide/review; ưu tiên long-tail; tạo topic hub và internal link về trang dịch vụ,B,50.0,0%,0
địa điểm du lịch tại thành phố hồ chí minh,Tổng hợp Hồ Chí Minh,Tổng hợp,In-scope Hồ Chí Minh,Informational,50,N/A,N/A,N/A,Planner (Thấp),data/google_planner/ho-chi-minh/Keyword Stats 2026-02-23 at 09_48_18.csv,Viết guide/review; ưu tiên long-tail; tạo topic hub và internal link về trang dịch vụ,B,50.0,0%,0
địa điểm du lịch ở quận 9,Tổng hợp Hồ Chí Minh,Tổng hợp,In-scope Hồ Chí Minh,Informational,50,N/A,N/A,N/A,Planner (Không xác định),data/google_planner/ho-chi-minh/Keyword Stats 2026-02-23 at 09_48_18.csv,Viết guide/review; ưu tiên long-tail; tạo topic hub và internal link về trang dịch vụ,B,50.0,0%,0
địa điểm du lịch ở thủ đức,Tổng hợp Hồ Chí Minh,Tổng hợp,In-scope Hồ Chí Minh,Informational,50,N/A,N/A,N/A,Planner (Thấp),data/google_planner/ho-chi-minh/Keyword Stats 2026-02-23 at 09_48_18.csv,Viết guide/review; ưu tiên long-tail; tạo topic hub và internal link về trang dịch vụ,B,50.0,0%,0
địa điểm tham quan thành phố hồ chí minh,Tổng hợp Hồ Chí Minh,Tổng hợp,In-scope Hồ Chí Minh,Informational,50,N/A,N/A,N/A,Planner (Thấp),data/google_planner/ho-chi-minh/Keyword Stats 2026-02-23 at 09_48_18.csv,Viết guide/review; ưu tiên long-tail; tạo topic hub và internal link về trang dịch vụ,B,50.0,0%,0
địa điểm tham quan ở hồ chí minh,Tổng hợp Hồ Chí Minh,Tổng hợp,In-scope Hồ Chí Minh,Informational,50,N/A,N/A,N/A,Planner (Trung bình),data/google_planner/ho-chi-minh/Keyword Stats 2026-02-23 at 09_48_18.csv,Viết guide/review; ưu tiên long-tail; tạo topic hub và internal link về trang dịch vụ,B,50.0,0%,0
địa điểm vui chơi bình thạnh,Tổng hợp Hồ Chí Minh,Tổng hợp,In-scope Hồ Chí Minh,Informational,50,N/A,N/A,N/A,Planner (Thấp),data/google_planner/ho-chi-minh/Keyword Stats 2026-02-23 at 09_48_18.csv,Viết guide/review; ưu tiên long-tail; tạo topic hub và internal link về trang dịch vụ,B,50.0,0%,0
địa điểm vui chơi gần thành phố hồ chí minh,Tổng hợp Hồ Chí Minh,Tổng hợp,In-scope Hồ Chí Minh,Informational,50,N/A,N/A,N/A,Planner (Trung bình),data/google_planner/ho-chi-minh/Keyword Stats 2026-02-23 at 09_48_18.csv,Viết guide/review; ưu tiên long-tail; tạo topic hub và internal link về trang dịch vụ,B,50.0,0%,0
địa điểm vui chơi quận 6,Tổng hợp Hồ Chí Minh,Tổng hợp,In-scope Hồ Chí Minh,Informational,50,N/A,N/A,N/A,Planner (Thấp),data/google_planner/ho-chi-minh/Keyword Stats 2026-02-23 at 09_48_18.csv,Viết guide/review; ưu tiên long-tail; tạo topic hub và internal link về trang dịch vụ,B,50.0,0%,0
địa điểm vui chơi quận bình thạnh,Tổng hợp Hồ Chí Minh,Tổng hợp,In-scope Hồ Chí Minh,Informational,50,N/A,N/A,N/A,Planner (Thấp),data/google_planner/ho-chi-minh/Keyword Stats 2026-02-23 at 09_48_18.csv,Viết guide/review; ưu tiên long-tail; tạo topic hub và internal link về trang dịch vụ,B,50.0,0%,0
địa điểm vui chơi thành phố hồ chí minh,Tổng hợp Hồ Chí Minh,Tổng hợp,In-scope Hồ Chí Minh,Informational,50,N/A,N/A,N/A,Planner (Trung bình),data/google_planner/ho-chi-minh/Keyword Stats 2026-02-23 at 09_48_18.csv,Viết guide/review; ưu tiên long-tail; tạo topic hub và internal link về trang dịch vụ,B,50.0,0%,0
địa điểm vui chơi tại thành phố hồ chí minh,Tổng hợp Hồ Chí Minh,Tổng hợp,In-scope Hồ Chí Minh,Informational,50,N/A,N/A,N/A,Planner (Thấp),data/google_planner/ho-chi-minh/Keyword Stats 2026-02-23 at 09_48_18.csv,Viết guide/review; ưu tiên long-tail; tạo topic hub và internal link về trang dịch vụ,B,50.0,0%,0
địa điểm vui chơi ở quận 2,Tổng hợp Hồ Chí Minh,Tổng hợp,In-scope Hồ Chí Minh,Informational,50,N/A,N/A,N/A,Planner (Thấp),data/google_planner/ho-chi-minh/Keyword Stats 2026-02-23 at 09_48_18.csv,Viết guide/review; ưu tiên long-tail; tạo topic hub và internal link về trang dịch vụ,B,50.0,0%,0
địa điểm vui chơi ở thành phố hồ chí minh,Tổng hợp Hồ Chí Minh,Tổng hợp,In-scope Hồ Chí Minh,Informational,50,N/A,N/A,N/A,Planner (Trung bình),data/google_planner/ho-chi-minh/Keyword Stats 2026-02-23 at 09_48_18.csv,Viết guide/review; ưu tiên long-tail; tạo topic hub và internal link về trang dịch vụ,B,50.0,0%,0
địa điểm đi chơi bình thạnh,Tổng hợp Hồ Chí Minh,Tổng hợp,In-scope Hồ Chí Minh,Informational,50,N/A,N/A,N/A,Planner (Thấp),data/google_planner/ho-chi-minh/Keyword Stats 2026-02-23 at 09_48_18.csv,Viết guide/review; ưu tiên long-tail; tạo topic hub và internal link về trang dịch vụ,B,50.0,0%,0
địa điểm đi chơi gần thành phố hồ chí minh,Tổng hợp Hồ Chí Minh,Tổng hợp,In-scope Hồ Chí Minh,Informational,50,N/A,N/A,N/A,Planner (Thấp),data/google_planner/ho-chi-minh/Keyword Stats 2026-02-23 at 09_48_18.csv,Viết guide/review; ưu tiên long-tail; tạo topic hub và internal link về trang dịch vụ,B,50.0,0%,0
địa điểm đi chơi quận 5,Tổng hợp Hồ Chí Minh,Tổng hợp,In-scope Hồ Chí Minh,Informational,50,N/A,N/A,N/A,Planner (Thấp),data/google_planner/ho-chi-minh/Keyword Stats 2026-02-23 at 09_48_18.csv,Viết guide/review; ưu tiên long-tail; tạo topic hub và internal link về trang dịch vụ,B,50.0,0%,0
địa điểm đi chơi quận 6,Tổng hợp Hồ Chí Minh,Tổng hợp,In-scope Hồ Chí Minh,Informational,50,N/A,N/A,N/A,Planner (Thấp),data/google_planner/ho-chi-minh/Keyword Stats 2026-02-23 at 09_48_18.csv,Viết guide/review; ưu tiên long-tail; tạo topic hub và internal link về trang dịch vụ,B,50.0,0%,0
địa điểm đi chơi quận 9,Tổng hợp Hồ Chí Minh,Tổng hợp,In-scope Hồ Chí Minh,Informational,50,N/A,N/A,N/A,Planner (Thấp),data/google_planner/ho-chi-minh/Keyword Stats 2026-02-23 at 09_48_18.csv,Viết guide/review; ưu tiên long-tail; tạo topic hub và internal link về trang dịch vụ,B,50.0,0%,0
địa điểm đi chơi ở quận 9,Tổng hợp Hồ Chí Minh,Tổng hợp,In-scope Hồ Chí Minh,Informational,50,N/A,N/A,N/A,Planner (Thấp),data/google_planner/ho-chi-minh/Keyword Stats 2026-02-23 at 09_48_18.csv,Viết guide/review; ưu tiên long-tail; tạo topic hub và internal link về trang dịch vụ,B,50.0,0%,0
địa điểm đi chơi ở thành phố hồ chí minh,Tổng hợp Hồ Chí Minh,Tổng hợp,In-scope Hồ Chí Minh,Informational,50,N/A,N/A,N/A,Planner (Thấp),data/google_planner/ho-chi-minh/Keyword Stats 2026-02-23 at 09_48_18.csv,Viết guide/review; ưu tiên long-tail; tạo topic hub và internal link về trang dịch vụ,B,50.0,0%,0
ẩm thực ba miền thành phố hồ chí minh,Tổng hợp Hồ Chí Minh,Tổng hợp,In-scope Hồ Chí Minh,Informational,50,N/A,N/A,N/A,Planner (Thấp),data/google_planner/ho-chi-minh/Keyword Stats 2026-02-23 at 09_48_18.csv,Viết guide/review; ưu tiên long-tail; tạo topic hub và internal link về trang dịch vụ,B,50.0,0%,0
ẩm thực của thành phố hồ chí minh,Tổng hợp Hồ Chí Minh,Tổng hợp,In-scope Hồ Chí Minh,Informational,50,N/A,N/A,N/A,Planner (Thấp),data/google_planner/ho-chi-minh/Keyword Stats 2026-02-23 at 09_48_18.csv,Viết guide/review; ưu tiên long-tail; tạo topic hub và internal link về trang dịch vụ,B,50.0,0%,0
ẩm thực tân phú,Tổng hợp Hồ Chí Minh,Tổng hợp,In-scope Hồ Chí Minh,Informational,50,N/A,N/A,N/A,Planner (Thấp),data/google_planner/ho-chi-minh/Keyword Stats 2026-02-23 at 09_48_18.csv,Viết guide/review; ưu tiên long-tail; tạo topic hub và internal link về trang dịch vụ,B,50.0,0%,0
ẩm thực đường phố thành phố hồ chí minh,Tổng hợp Hồ Chí Minh,Tổng hợp,In-scope Hồ Chí Minh,Informational,50,N/A,N/A,N/A,Planner (Thấp),data/google_planner/ho-chi-minh/Keyword Stats 2026-02-23 at 09_48_18.csv,Viết guide/review; ưu tiên long-tail; tạo topic hub và internal link về trang dịch vụ,B,50.0,0%,0
ẩm thực ở thành phố hồ chí minh,Tổng hợp Hồ Chí Minh,Tổng hợp,In-scope Hồ Chí Minh,Informational,50,N/A,N/A,N/A,Planner (Thấp),data/google_planner/ho-chi-minh/Keyword Stats 2026-02-23 at 09_48_18.csv,Viết guide/review; ưu tiên long-tail; tạo topic hub và internal link về trang dịch vụ,B,50.0,-90.0%,0
du lịch sài gòn,Tổng hợp Hồ Chí Minh,Tổng hợp,In-scope Hồ Chí Minh,Informational,N/A,N/A,N/A,N/A,Trend SI:9 -3%,data/google_trend/searched_with_top-queries_VN_20250210-1752_20260210-1752.csv,Viết guide/review; ưu tiên long-tail; tạo topic hub và internal link về trang dịch vụ,B,9.0,-3%,N/A
tour tp hcm vũng tàu 2 ngày 1 đêm,Vũng Tàu Trip,Di chuyển,Out-of-scope Vũng Tàu,Transaction,50,N/A,N/A,N/A,Planner (Thấp),data/google_planner/ho-chi-minh/Keyword Stats 2026-02-23 at 09_48_18.csv,"Tạo landing chuyển đổi (giá/vé/đặt chỗ), gom vào cluster page + build backlink nội bộ",B,55.00000000000001,0%,"4,488"
nhà hàng chay quận tân phú,Ăn uống Hồ Chí Minh,Ẩm thực (F&B),In-scope Hồ Chí Minh,Informational,50,N/A,N/A,N/A,Planner (Thấp),data/google_planner/ho-chi-minh/Keyword Stats 2026-02-23 at 09_48_18.csv,Viết guide/review; ưu tiên long-tail; tạo topic hub và internal link về trang dịch vụ,B,50.0,0%,0
suối tiên,Điểm tham quan Hồ Chí Minh,Địa danh tham quan / Văn hóa - Lịch sử,In-scope Hồ Chí Minh,Informational,N/A,30165,35,0.12%,N/A (N/A),data/google_search_console/Queries.csv,"Cập nhật nội dung theo intent, bổ sung FAQ + schema, tối ưu title/meta để đẩy Top 1-3",A,35.0,N/A,N/A
lịch diễn sơn tinh thủy tinh ở suối tiên,Điểm tham quan Hồ Chí Minh,Địa danh tham quan / Văn hóa - Lịch sử,In-scope Hồ Chí Minh,Informational,N/A,383,28,7.31%,N/A (N/A),data/google_search_console/Queries.csv,"Cập nhật nội dung theo intent, bổ sung FAQ + schema, tối ưu title/meta để đẩy Top 1-3",A,28.0,N/A,N/A
suối tiên mũi né,Điểm tham quan Hồ Chí Minh,Địa danh tham quan / Văn hóa - Lịch sử,In-scope Hồ Chí Minh,Commercial Investigation,8100,N/A,N/A,N/A,Low (0),data/seo_insider/advance_search_report.csv,Viết bài top-list/so sánh; map vào cluster hub; bổ sung schema + ảnh/UGC,B,8100.0,N/A,N/A
chùa bửu long thủ đức,Điểm tham quan Hồ Chí Minh,Địa danh tham quan / Văn hóa - Lịch sử,In-scope Hồ Chí Minh,Informational,6600,N/A,N/A,N/A,Low (0),data/seo_insider/advance_search_report.csv,Viết guide/review; ưu tiên long-tail; tạo topic hub và internal link về trang dịch vụ,B,6600.0,N/A,N/A
khu du lịch suối tiên thành phố hồ chí minh,Điểm tham quan Hồ Chí Minh,Địa danh tham quan / Văn hóa - Lịch sử,In-scope Hồ Chí Minh,Informational,500,N/A,N/A,N/A,Planner (Thấp),data/google_planner/ho-chi-minh/Keyword Stats 2026-02-23 at 09_48_18.csv,Viết guide/review; ưu tiên long-tail; tạo topic hub và internal link về trang dịch vụ,B,500.0,0%,0
khu du lịch suối tiên thủ đức,Điểm tham quan Hồ Chí Minh,Địa danh tham quan / Văn hóa - Lịch sử,In-scope Hồ Chí Minh,Informational,500,N/A,N/A,N/A,Planner (Thấp),data/google_planner/ho-chi-minh/Keyword Stats 2026-02-23 at 09_48_18.csv,Viết guide/review; ưu tiên long-tail; tạo topic hub và internal link về trang dịch vụ,B,500.0,0%,0
ks eden gò vấp,Điểm tham quan Hồ Chí Minh,Địa danh tham quan / Văn hóa - Lịch sử,In-scope Hồ Chí Minh,Informational,50,N/A,N/A,N/A,Planner (Thấp),data/google_planner/ho-chi-minh/Keyword Stats 2026-02-23 at 09_48_18.csv,Viết guide/review; ưu tiên long-tail; tạo topic hub và internal link về trang dịch vụ,B,55.00000000000001,0%,"8,374"
công viên suối tiên thành phố hồ chí minh,Điểm tham quan Hồ Chí Minh,Địa danh tham quan / Văn hóa - Lịch sử,In-scope Hồ Chí Minh,Informational,50,N/A,N/A,N/A,Planner (Trung bình),data/google_planner/ho-chi-minh/Keyword Stats 2026-02-23 at 09_48_18.csv,Viết guide/review; ưu tiên long-tail; tạo topic hub và internal link về trang dịch vụ,B,50.0,0%,0
du lịch suối tiên thành phố hồ chí minh,Điểm tham quan Hồ Chí Minh,Địa danh tham quan / Văn hóa - Lịch sử,In-scope Hồ Chí Minh,Informational,50,N/A,N/A,N/A,Planner (Thấp),data/google_planner/ho-chi-minh/Keyword Stats 2026-02-23 at 09_48_18.csv,Viết guide/review; ưu tiên long-tail; tạo topic hub và internal link về trang dịch vụ,B,50.0,0%,0
khu du lịch suối tiên hồ chí minh,Điểm tham quan Hồ Chí Minh,Địa danh tham quan / Văn hóa - Lịch sử,In-scope Hồ Chí Minh,Informational,50,N/A,N/A,N/A,Planner (Thấp),data/google_planner/ho-chi-minh/Keyword Stats 2026-02-23 at 09_48_18.csv,Viết guide/review; ưu tiên long-tail; tạo topic hub và internal link về trang dịch vụ,B,50.0,0%,0
suối tiên ở sài gòn,Điểm tham quan Hồ Chí Minh,Địa danh tham quan / Văn hóa - Lịch sử,In-scope Hồ Chí Minh,Informational,50,N/A,N/A,N/A,Planner (Thấp),data/google_planner/ho-chi-minh/Keyword Stats 2026-02-23 at 09_48_18.csv,Viết guide/review; ưu tiên long-tail; tạo topic hub và internal link về trang dịch vụ,B,50.0,0%,0
suối tiên ở thành phố hồ chí minh,Điểm tham quan Hồ Chí Minh,Địa danh tham quan / Văn hóa - Lịch sử,In-scope Hồ Chí Minh,Informational,50,N/A,N/A,N/A,Planner (Thấp),data/google_planner/ho-chi-minh/Keyword Stats 2026-02-23 at 09_48_18.csv,Viết guide/review; ưu tiên long-tail; tạo topic hub và internal link về trang dịch vụ,B,50.0,0%,0
địa chỉ suối tiên thành phố hồ chí minh,Điểm tham quan Hồ Chí Minh,Địa danh tham quan / Văn hóa - Lịch sử,In-scope Hồ Chí Minh,Informational,50,N/A,N/A,N/A,Planner (Thấp),data/google_planner/ho-chi-minh/Keyword Stats 2026-02-23 at 09_48_18.csv,Viết guide/review; ưu tiên long-tail; tạo topic hub và internal link về trang dịch vụ,B,50.0,0%,0
khách sạn đường điện biên phủ quận 3,Điện Biên Trip,Lưu trú,Out-of-scope Điện Biên,Commercial Investigation,500,N/A,N/A,N/A,Planner (Cao),data/google_planner/ho-chi-minh/Keyword Stats 2026-02-23 at 09_48_18.csv,Viết bài top-list/so sánh; map vào cluster hub; bổ sung schema + ảnh/UGC,B,825.0,-90.0%,"9,089"
khách sạn điện biên phủ quận 3,Điện Biên Trip,Lưu trú,Out-of-scope Điện Biên,Commercial Investigation,50,N/A,N/A,N/A,Planner (Cao),data/google_planner/ho-chi-minh/Keyword Stats 2026-02-23 at 09_48_18.csv,Viết bài top-list/so sánh; map vào cluster hub; bổ sung schema + ảnh/UGC,B,82.50000000000001,0%,"13,713"
khách sạn sài gòn đà lạt,Đà Lạt Trip,Lưu trú,Out-of-scope Đà Lạt,Commercial Investigation,5400,N/A,N/A,N/A,Low (0),data/seo_insider/advance_search_report.csv,Viết bài top-list/so sánh; map vào cluster hub; bổ sung schema + ảnh/UGC,B,5400.0,N/A,N/A
tour đà nẵng từ sài gòn,Đà Nẵng Trip,Di chuyển,Out-of-scope Đà Nẵng,Commercial Investigation,50,N/A,N/A,N/A,Planner (Trung bình),data/google_planner/ho-chi-minh/Keyword Stats 2026-02-23 at 09_48_18.csv,Viết bài top-list/so sánh; map vào cluster hub; bổ sung schema + ảnh/UGC,B,55.00000000000001,0%,"16,647"
tour đà nẵng đi từ hcm,Đà Nẵng Trip,Di chuyển,Out-of-scope Đà Nẵng,Commercial Investigation,50,N/A,N/A,N/A,Planner (Không xác định),data/google_planner/ho-chi-minh/Keyword Stats 2026-02-23 at 09_48_18.csv,Viết bài top-list/so sánh; map vào cluster hub; bổ sung schema + ảnh/UGC,B,50.0,0%,0
vé máy bay sài gòn đà nẵng,Đà Nẵng Trip,Di chuyển,Out-of-scope Đà Nẵng,Transaction,N/A,N/A,N/A,N/A,Trend SI:3 2%,data/google_trend/searched_with_top-queries_VN_20250210-1749_20260210-1749.csv,"Tạo landing chuyển đổi (giá/vé/đặt chỗ), gom vào cluster page + build backlink nội bộ",B,3.0,2%,N/A
vé máy bay đà nẵng sài gòn,Đà Nẵng Trip,Di chuyển,Out-of-scope Đà Nẵng,Transaction,N/A,N/A,N/A,N/A,Trend SI:3 2%,data/google_trend/searched_with_top-queries_VN_20250210-1749_20260210-1749.csv,"Tạo landing chuyển đổi (giá/vé/đặt chỗ), gom vào cluster page + build backlink nội bộ",B,3.0,2%,N/A
củ chi hồ chí minh,Địa đạo Củ Chi,Địa danh tham quan / Văn hóa - Lịch sử,In-scope Hồ Chí Minh,Informational,8100,N/A,N/A,N/A,Low (15),data/seo_insider/advance_search_report.csv,Viết guide/review; ưu tiên long-tail; tạo topic hub và internal link về trang dịch vụ,B,6885.0,N/A,N/A
