keyword,cluster,cluster_type,geo_scope,intent,vol,imp,clicks,ctr,kd_comp,source,action_plan,group,score,yoy,bid_high
bãi đá nhảy cách biển nhật lệ bao xa,Biển Nhật Lệ,Địa danh tham quan / Văn hóa - Lịch sử,In-scope Quảng Bình,Informational,N/A,242,36,14.88%,N/A (N/A),data/google_search_console/Queries.csv,"Cập nhật nội dung theo intent, bổ sung FAQ + schema, tối ưu title/meta để đẩy Top 1-3",A,36.0,N/A,N/A
sunflower nhật lệ,Biển Nhật Lệ,Địa danh tham quan / Văn hóa - Lịch sử,In-scope Quảng Bình,Informational,N/A,1333,32,2.4%,N/A (N/A),data/google_search_console/Queries.csv,"Cập nhật nội dung theo intent, bổ sung FAQ + schema, tối ưu title/meta để đẩy Top 1-3",A,32.0,N/A,N/A
biển nhật lệ,Biển Nhật Lệ,Địa danh tham quan / Văn hóa - Lịch sử,In-scope Quảng Bình,Informational,18100,N/A,N/A,N/A,Low (0),data/seo_insider/advance_search_report.csv,Viết guide/review; ưu tiên long-tail; tạo topic hub và internal link về trang dịch vụ,B,18100.0,N/A,N/A
mường thanh luxury nhật lệ quảng bình,Biển Nhật Lệ,Địa danh tham quan / Văn hóa - Lịch sử,In-scope Quảng Bình,Informational,50,N/A,N/A,N/A,Planner (Cao),data/google_planner/quang-binh/Keyword Stats 2026-02-23 at 00_37_49.csv,Viết guide/review; ưu tiên long-tail; tạo topic hub và internal link về trang dịch vụ,B,55.00000000000001,0%,"12,025"
mường thanh nhật lệ đồng hới,Biển Nhật Lệ,Địa danh tham quan / Văn hóa - Lịch sử,In-scope Quảng Bình,Informational,50,N/A,N/A,N/A,Planner (Cao),data/google_planner/quang-binh/Keyword Stats 2026-02-23 at 00_37_49.csv,Viết guide/review; ưu tiên long-tail; tạo topic hub và internal link về trang dịch vụ,B,55.00000000000001,0%,"25,756"
muong thanh nhat le quang binh,Biển Nhật Lệ,Địa danh tham quan / Văn hóa - Lịch sử,In-scope Quảng Bình,Informational,50,N/A,N/A,N/A,Planner (Thấp),data/google_planner/quang-binh/Keyword Stats 2026-02-23 at 00_37_49.csv,Viết guide/review; ưu tiên long-tail; tạo topic hub và internal link về trang dịch vụ,B,50.0,0%,0
du lịch biển nhật lệ quảng bình,Biển Nhật Lệ,Địa danh tham quan / Văn hóa - Lịch sử,In-scope Quảng Bình,Informational,50,N/A,N/A,N/A,Planner (Thấp),data/google_planner/quang-binh/Keyword Stats 2026-02-23 at 00_37_49.csv,Viết guide/review; ưu tiên long-tail; tạo topic hub và internal link về trang dịch vụ,B,50.0,0%,0
du lịch nhật lệ,Biển Nhật Lệ,Địa danh tham quan / Văn hóa - Lịch sử,In-scope Quảng Bình,Informational,50,N/A,N/A,N/A,Planner (Không xác định),data/google_planner/quang-binh/Keyword Stats 2026-02-23 at 00_37_49.csv,Viết guide/review; ưu tiên long-tail; tạo topic hub và internal link về trang dịch vụ,B,50.0,-100.0%,0
du lịch nhật lệ quảng bình,Biển Nhật Lệ,Địa danh tham quan / Văn hóa - Lịch sử,In-scope Quảng Bình,Informational,50,N/A,N/A,N/A,Planner (Không xác định),data/google_planner/quang-binh/Keyword Stats 2026-02-23 at 00_37_49.csv,Viết guide/review; ưu tiên long-tail; tạo topic hub và internal link về trang dịch vụ,B,50.0,-100.0%,0
kinh nghiệm du lịch biển nhật lệ quảng bình,Biển Nhật Lệ,Địa danh tham quan / Văn hóa - Lịch sử,In-scope Quảng Bình,Commercial Investigation,50,N/A,N/A,N/A,Planner (Không xác định),data/google_planner/quang-binh/Keyword Stats 2026-02-23 at 00_37_49.csv,Viết bài top-list/so sánh; map vào cluster hub; bổ sung schema + ảnh/UGC,B,50.0,0%,0
kinh nghiệm đi biển nhật lệ quảng bình,Biển Nhật Lệ,Địa danh tham quan / Văn hóa - Lịch sử,In-scope Quảng Bình,Commercial Investigation,50,N/A,N/A,N/A,Planner (Không xác định),data/google_planner/quang-binh/Keyword Stats 2026-02-23 at 00_37_49.csv,Viết bài top-list/so sánh; map vào cluster hub; bổ sung schema + ảnh/UGC,B,50.0,0%,0
đi biển nhật lệ quảng bình,Biển Nhật Lệ,Địa danh tham quan / Văn hóa - Lịch sử,In-scope Quảng Bình,Informational,50,N/A,N/A,N/A,Planner (Thấp),data/google_planner/quang-binh/Keyword Stats 2026-02-23 at 00_37_49.csv,Viết guide/review; ưu tiên long-tail; tạo topic hub và internal link về trang dịch vụ,B,50.0,0%,0
hải đăng vũng tàu,Di chuyển Quảng Bình,Di chuyển,In-scope Quảng Bình,Commercial Investigation,27100,N/A,N/A,N/A,Low (0),data/seo_insider/advance_search_report.csv,Viết bài top-list/so sánh; map vào cluster hub; bổ sung schema + ảnh/UGC,B,27100.0,N/A,N/A
tour quảng bình 3 ngày 2 đêm,Di chuyển Quảng Bình,Di chuyển,In-scope Quảng Bình,Transaction,500,N/A,N/A,N/A,Planner (Thấp),data/google_planner/quang-binh/Keyword Stats 2026-02-23 at 00_37_49.csv,"Tạo landing chuyển đổi (giá/vé/đặt chỗ), gom vào cluster page + build backlink nội bộ",B,550.0,0%,"4,020"
tour du lịch quảng bình 4 ngày 3 đêm,Di chuyển Quảng Bình,Di chuyển,In-scope Quảng Bình,Transaction,500,N/A,N/A,N/A,Planner (Thấp),data/google_planner/quang-binh/Keyword Stats 2026-02-23 at 00_37_49.csv,"Tạo landing chuyển đổi (giá/vé/đặt chỗ), gom vào cluster page + build backlink nội bộ",B,550.0,0%,"8,088"
tour du lịch quảng bình 1 ngày,Di chuyển Quảng Bình,Di chuyển,In-scope Quảng Bình,Transaction,500,N/A,N/A,N/A,Planner (Thấp),data/google_planner/quang-binh/Keyword Stats 2026-02-23 at 00_37_49.csv,"Tạo landing chuyển đổi (giá/vé/đặt chỗ), gom vào cluster page + build backlink nội bộ",B,550.0,-90.0%,"12,382"
luxe quảng bình,Di chuyển Quảng Bình,Di chuyển,In-scope Quảng Bình,Commercial Investigation,500,N/A,N/A,N/A,Planner (Thấp),data/google_planner/quang-binh/Keyword Stats 2026-02-23 at 00_37_49.csv,Viết bài top-list/so sánh; map vào cluster hub; bổ sung schema + ảnh/UGC,B,550.0,0%,"4,303"
tour du lịch quảng bình 3 ngày 2 đêm,Di chuyển Quảng Bình,Di chuyển,In-scope Quảng Bình,Transaction,500,N/A,N/A,N/A,Planner (Thấp),data/google_planner/quang-binh/Keyword Stats 2026-02-23 at 00_37_49.csv,"Tạo landing chuyển đổi (giá/vé/đặt chỗ), gom vào cluster page + build backlink nội bộ",B,500.0,0%,0
tour quảng bình 4 ngày 3 đêm,Di chuyển Quảng Bình,Di chuyển,In-scope Quảng Bình,Transaction,500,N/A,N/A,N/A,Planner (Thấp),data/google_planner/quang-binh/Keyword Stats 2026-02-23 at 00_37_49.csv,"Tạo landing chuyển đổi (giá/vé/đặt chỗ), gom vào cluster page + build backlink nội bộ",B,500.0,0%,0
taxi dong hoi,Di chuyển Quảng Bình,Di chuyển,In-scope Quảng Bình,Transaction,50,N/A,N/A,N/A,Planner (Trung bình),data/google_planner/quang-binh/Keyword Stats 2026-02-23 at 00_37_49.csv,"Tạo landing chuyển đổi (giá/vé/đặt chỗ), gom vào cluster page + build backlink nội bộ",B,55.00000000000001,0%,"8,881"
taxi mai linh đồng hới,Di chuyển Quảng Bình,Di chuyển,In-scope Quảng Bình,Transaction,50,N/A,N/A,N/A,Planner (Trung bình),data/google_planner/quang-binh/Keyword Stats 2026-02-23 at 00_37_49.csv,"Tạo landing chuyển đổi (giá/vé/đặt chỗ), gom vào cluster page + build backlink nội bộ",B,55.00000000000001,0%,"8,877"
tour du lịch quảng bình 5 ngày 4 đêm,Di chuyển Quảng Bình,Di chuyển,In-scope Quảng Bình,Transaction,50,N/A,N/A,N/A,Planner (Trung bình),data/google_planner/quang-binh/Keyword Stats 2026-02-23 at 00_37_49.csv,"Tạo landing chuyển đổi (giá/vé/đặt chỗ), gom vào cluster page + build backlink nội bộ",B,55.00000000000001,0%,"3,936"
tour quảng bình 3 ngày,Di chuyển Quảng Bình,Di chuyển,In-scope Quảng Bình,Transaction,50,N/A,N/A,N/A,Planner (Trung bình),data/google_planner/quang-binh/Keyword Stats 2026-02-23 at 00_37_49.csv,"Tạo landing chuyển đổi (giá/vé/đặt chỗ), gom vào cluster page + build backlink nội bộ",B,55.00000000000001,0%,"5,183"
tour quảng bình 4 ngày 3 đêm máy bay,Di chuyển Quảng Bình,Di chuyển,In-scope Quảng Bình,Transaction,50,N/A,N/A,N/A,Planner (Thấp),data/google_planner/quang-binh/Keyword Stats 2026-02-23 at 00_37_49.csv,"Tạo landing chuyển đổi (giá/vé/đặt chỗ), gom vào cluster page + build backlink nội bộ",B,55.00000000000001,0%,"4,889"
quảng bình tour,Di chuyển Quảng Bình,Di chuyển,In-scope Quảng Bình,Commercial Investigation,50,N/A,N/A,N/A,Planner (Trung bình),data/google_planner/quang-binh/Keyword Stats 2026-02-23 at 00_37_49.csv,Viết bài top-list/so sánh; map vào cluster hub; bổ sung schema + ảnh/UGC,B,55.00000000000001,0%,"5,945"
tour phong nha kẻ bàng từ đồng hới,Di chuyển Quảng Bình,Di chuyển,In-scope Quảng Bình,Commercial Investigation,50,N/A,N/A,N/A,Planner (Trung bình),data/google_planner/quang-binh/Keyword Stats 2026-02-23 at 00_37_49.csv,Viết bài top-list/so sánh; map vào cluster hub; bổ sung schema + ảnh/UGC,B,55.00000000000001,0%,"5,676"
tour quảng bình trong ngày,Di chuyển Quảng Bình,Di chuyển,In-scope Quảng Bình,Commercial Investigation,50,N/A,N/A,N/A,Planner (Cao),data/google_planner/quang-binh/Keyword Stats 2026-02-23 at 00_37_49.csv,Viết bài top-list/so sánh; map vào cluster hub; bổ sung schema + ảnh/UGC,B,55.00000000000001,0%,"6,845"
tour tham quan quảng bình,Di chuyển Quảng Bình,Di chuyển,In-scope Quảng Bình,Commercial Investigation,50,N/A,N/A,N/A,Planner (Cao),data/google_planner/quang-binh/Keyword Stats 2026-02-23 at 00_37_49.csv,Viết bài top-list/so sánh; map vào cluster hub; bổ sung schema + ảnh/UGC,B,55.00000000000001,0%,"5,961"
tour đồng hới,Di chuyển Quảng Bình,Di chuyển,In-scope Quảng Bình,Commercial Investigation,50,N/A,N/A,N/A,Planner (Thấp),data/google_planner/quang-binh/Keyword Stats 2026-02-23 at 00_37_49.csv,Viết bài top-list/so sánh; map vào cluster hub; bổ sung schema + ảnh/UGC,B,55.00000000000001,0%,"7,819"
tàu hỏa đi quảng bình,Di chuyển Quảng Bình,Di chuyển,In-scope Quảng Bình,Commercial Investigation,50,N/A,N/A,N/A,Planner (Cao),data/google_planner/quang-binh/Keyword Stats 2026-02-23 at 00_37_49.csv,Viết bài top-list/so sánh; map vào cluster hub; bổ sung schema + ảnh/UGC,B,55.00000000000001,0%,"1,239"
tour quang binh 1 ngay,Di chuyển Quảng Bình,Di chuyển,In-scope Quảng Bình,Transaction,50,N/A,N/A,N/A,Planner (Cao),data/google_planner/quang-binh/Keyword Stats 2026-02-23 at 00_37_49.csv,"Tạo landing chuyển đổi (giá/vé/đặt chỗ), gom vào cluster page + build backlink nội bộ",B,50.0,0%,0
gia ve may bay di quang binh,Di chuyển Quảng Bình,Di chuyển,In-scope Quảng Bình,Transaction,50,N/A,N/A,N/A,Planner (Không xác định),data/google_planner/quang-binh/Keyword Stats 2026-02-23 at 00_37_49.csv,"Tạo landing chuyển đổi (giá/vé/đặt chỗ), gom vào cluster page + build backlink nội bộ",B,50.0,0%,0
giá tour du lịch quảng bình,Di chuyển Quảng Bình,Di chuyển,In-scope Quảng Bình,Transaction,50,N/A,N/A,N/A,Planner (Thấp),data/google_planner/quang-binh/Keyword Stats 2026-02-23 at 00_37_49.csv,"Tạo landing chuyển đổi (giá/vé/đặt chỗ), gom vào cluster page + build backlink nội bộ",B,50.0,0%,0
giá tour quảng bình 4 ngày 3 đêm,Di chuyển Quảng Bình,Di chuyển,In-scope Quảng Bình,Transaction,50,N/A,N/A,N/A,Planner (Không xác định),data/google_planner/quang-binh/Keyword Stats 2026-02-23 at 00_37_49.csv,"Tạo landing chuyển đổi (giá/vé/đặt chỗ), gom vào cluster page + build backlink nội bộ",B,50.0,-100.0%,0
tour 1 ngày quảng bình,Di chuyển Quảng Bình,Di chuyển,In-scope Quảng Bình,Transaction,50,N/A,N/A,N/A,Planner (Thấp),data/google_planner/quang-binh/Keyword Stats 2026-02-23 at 00_37_49.csv,"Tạo landing chuyển đổi (giá/vé/đặt chỗ), gom vào cluster page + build backlink nội bộ",B,50.0,0%,0
tour 1 ngày ở quảng bình,Di chuyển Quảng Bình,Di chuyển,In-scope Quảng Bình,Transaction,50,N/A,N/A,N/A,Planner (Thấp),data/google_planner/quang-binh/Keyword Stats 2026-02-23 at 00_37_49.csv,"Tạo landing chuyển đổi (giá/vé/đặt chỗ), gom vào cluster page + build backlink nội bộ",B,50.0,0%,0
tour du lịch 1 ngày quảng bình,Di chuyển Quảng Bình,Di chuyển,In-scope Quảng Bình,Transaction,50,N/A,N/A,N/A,Planner (Không xác định),data/google_planner/quang-binh/Keyword Stats 2026-02-23 at 00_37_49.csv,"Tạo landing chuyển đổi (giá/vé/đặt chỗ), gom vào cluster page + build backlink nội bộ",B,50.0,0%,0
tour du lịch quảng bình 2 ngày,Di chuyển Quảng Bình,Di chuyển,In-scope Quảng Bình,Transaction,50,N/A,N/A,N/A,Planner (Cao),data/google_planner/quang-binh/Keyword Stats 2026-02-23 at 00_37_49.csv,"Tạo landing chuyển đổi (giá/vé/đặt chỗ), gom vào cluster page + build backlink nội bộ",B,50.0,0%,0
tour du lịch quảng bình 2 ngày 1 đêm,Di chuyển Quảng Bình,Di chuyển,In-scope Quảng Bình,Transaction,50,N/A,N/A,N/A,Planner (Thấp),data/google_planner/quang-binh/Keyword Stats 2026-02-23 at 00_37_49.csv,"Tạo landing chuyển đổi (giá/vé/đặt chỗ), gom vào cluster page + build backlink nội bộ",B,50.0,0%,0
tour du lịch quảng bình 3 ngày,Di chuyển Quảng Bình,Di chuyển,In-scope Quảng Bình,Transaction,50,N/A,N/A,N/A,Planner (Không xác định),data/google_planner/quang-binh/Keyword Stats 2026-02-23 at 00_37_49.csv,"Tạo landing chuyển đổi (giá/vé/đặt chỗ), gom vào cluster page + build backlink nội bộ",B,50.0,-100.0%,0
tour du lịch quảng bình 4 ngày,Di chuyển Quảng Bình,Di chuyển,In-scope Quảng Bình,Transaction,50,N/A,N/A,N/A,Planner (Không xác định),data/google_planner/quang-binh/Keyword Stats 2026-02-23 at 00_37_49.csv,"Tạo landing chuyển đổi (giá/vé/đặt chỗ), gom vào cluster page + build backlink nội bộ",B,50.0,0%,0
tour du lịch quảng bình giá rẻ,Di chuyển Quảng Bình,Di chuyển,In-scope Quảng Bình,Transaction,50,N/A,N/A,N/A,Planner (Không xác định),data/google_planner/quang-binh/Keyword Stats 2026-02-23 at 00_37_49.csv,"Tạo landing chuyển đổi (giá/vé/đặt chỗ), gom vào cluster page + build backlink nội bộ",B,50.0,0%,0
tour ghép quảng bình 1 ngày,Di chuyển Quảng Bình,Di chuyển,In-scope Quảng Bình,Transaction,50,N/A,N/A,N/A,Planner (Thấp),data/google_planner/quang-binh/Keyword Stats 2026-02-23 at 00_37_49.csv,"Tạo landing chuyển đổi (giá/vé/đặt chỗ), gom vào cluster page + build backlink nội bộ",B,50.0,0%,0
tour quảng bình 1 ngày ghép đoàn,Di chuyển Quảng Bình,Di chuyển,In-scope Quảng Bình,Transaction,50,N/A,N/A,N/A,Planner (Không xác định),data/google_planner/quang-binh/Keyword Stats 2026-02-23 at 00_37_49.csv,"Tạo landing chuyển đổi (giá/vé/đặt chỗ), gom vào cluster page + build backlink nội bộ",B,50.0,0%,0
tour quảng bình 2 ngày,Di chuyển Quảng Bình,Di chuyển,In-scope Quảng Bình,Transaction,50,N/A,N/A,N/A,Planner (Thấp),data/google_planner/quang-binh/Keyword Stats 2026-02-23 at 00_37_49.csv,"Tạo landing chuyển đổi (giá/vé/đặt chỗ), gom vào cluster page + build backlink nội bộ",B,50.0,0%,0
tour quảng bình 2 ngày 1 đêm,Di chuyển Quảng Bình,Di chuyển,In-scope Quảng Bình,Transaction,50,N/A,N/A,N/A,Planner (Thấp),data/google_planner/quang-binh/Keyword Stats 2026-02-23 at 00_37_49.csv,"Tạo landing chuyển đổi (giá/vé/đặt chỗ), gom vào cluster page + build backlink nội bộ",B,50.0,0%,0
tour quảng bình 2 ngày 1 đêm trọn gói,Di chuyển Quảng Bình,Di chuyển,In-scope Quảng Bình,Transaction,50,N/A,N/A,N/A,Planner (Thấp),data/google_planner/quang-binh/Keyword Stats 2026-02-23 at 00_37_49.csv,"Tạo landing chuyển đổi (giá/vé/đặt chỗ), gom vào cluster page + build backlink nội bộ",B,50.0,0%,0
tour quảng bình 3 ngày 3 đêm,Di chuyển Quảng Bình,Di chuyển,In-scope Quảng Bình,Transaction,50,N/A,N/A,N/A,Planner (Thấp),data/google_planner/quang-binh/Keyword Stats 2026-02-23 at 00_37_49.csv,"Tạo landing chuyển đổi (giá/vé/đặt chỗ), gom vào cluster page + build backlink nội bộ",B,50.0,0%,0
tour quảng bình 4 ngày,Di chuyển Quảng Bình,Di chuyển,In-scope Quảng Bình,Transaction,50,N/A,N/A,N/A,Planner (Thấp),data/google_planner/quang-binh/Keyword Stats 2026-02-23 at 00_37_49.csv,"Tạo landing chuyển đổi (giá/vé/đặt chỗ), gom vào cluster page + build backlink nội bộ",B,50.0,0%,0
tour quảng bình 4 ngày 3 đêm trọn gói,Di chuyển Quảng Bình,Di chuyển,In-scope Quảng Bình,Transaction,50,N/A,N/A,N/A,Planner (Không xác định),data/google_planner/quang-binh/Keyword Stats 2026-02-23 at 00_37_49.csv,"Tạo landing chuyển đổi (giá/vé/đặt chỗ), gom vào cluster page + build backlink nội bộ",B,50.0,-100.0%,0
tour quảng bình giá rẻ,Di chuyển Quảng Bình,Di chuyển,In-scope Quảng Bình,Transaction,50,N/A,N/A,N/A,Planner (Thấp),data/google_planner/quang-binh/Keyword Stats 2026-02-23 at 00_37_49.csv,"Tạo landing chuyển đổi (giá/vé/đặt chỗ), gom vào cluster page + build backlink nội bộ",B,50.0,0%,0
tour tham quan quảng bình 1 ngày,Di chuyển Quảng Bình,Di chuyển,In-scope Quảng Bình,Transaction,50,N/A,N/A,N/A,Planner (Không xác định),data/google_planner/quang-binh/Keyword Stats 2026-02-23 at 00_37_49.csv,"Tạo landing chuyển đổi (giá/vé/đặt chỗ), gom vào cluster page + build backlink nội bộ",B,50.0,0%,0
chương trình tour quảng bình,Di chuyển Quảng Bình,Di chuyển,In-scope Quảng Bình,Commercial Investigation,50,N/A,N/A,N/A,Planner (Trung bình),data/google_planner/quang-binh/Keyword Stats 2026-02-23 at 00_37_49.csv,Viết bài top-list/so sánh; map vào cluster hub; bổ sung schema + ảnh/UGC,B,50.0,0%,0
các tour du lịch quảng bình,Di chuyển Quảng Bình,Di chuyển,In-scope Quảng Bình,Commercial Investigation,50,N/A,N/A,N/A,Planner (Thấp),data/google_planner/quang-binh/Keyword Stats 2026-02-23 at 00_37_49.csv,Viết bài top-list/so sánh; map vào cluster hub; bổ sung schema + ảnh/UGC,B,50.0,0%,0
các tour đi quảng bình,Di chuyển Quảng Bình,Di chuyển,In-scope Quảng Bình,Commercial Investigation,50,N/A,N/A,N/A,Planner (Cao),data/google_planner/quang-binh/Keyword Stats 2026-02-23 at 00_37_49.csv,Viết bài top-list/so sánh; map vào cluster hub; bổ sung schema + ảnh/UGC,B,50.0,0%,0
du lịch quảng bình bằng máy bay,Di chuyển Quảng Bình,Di chuyển,In-scope Quảng Bình,Commercial Investigation,50,N/A,N/A,N/A,Planner (Thấp),data/google_planner/quang-binh/Keyword Stats 2026-02-23 at 00_37_49.csv,Viết bài top-list/so sánh; map vào cluster hub; bổ sung schema + ảnh/UGC,B,50.0,0%,0
du lịch quảng bình bằng tàu hỏa,Di chuyển Quảng Bình,Di chuyển,In-scope Quảng Bình,Commercial Investigation,50,N/A,N/A,N/A,Planner (Thấp),data/google_planner/quang-binh/Keyword Stats 2026-02-23 at 00_37_49.csv,Viết bài top-list/so sánh; map vào cluster hub; bổ sung schema + ảnh/UGC,B,50.0,0%,0
ks luxe quảng bình,Di chuyển Quảng Bình,Di chuyển,In-scope Quảng Bình,Commercial Investigation,50,N/A,N/A,N/A,Planner (Thấp),data/google_planner/quang-binh/Keyword Stats 2026-02-23 at 00_37_49.csv,Viết bài top-list/so sánh; map vào cluster hub; bổ sung schema + ảnh/UGC,B,50.0,0%,0
luxe đồng hới,Di chuyển Quảng Bình,Di chuyển,In-scope Quảng Bình,Commercial Investigation,50,N/A,N/A,N/A,Planner (Thấp),data/google_planner/quang-binh/Keyword Stats 2026-02-23 at 00_37_49.csv,Viết bài top-list/so sánh; map vào cluster hub; bổ sung schema + ảnh/UGC,B,50.0,0%,0
tour da nang quang binh,Di chuyển Quảng Bình,Di chuyển,In-scope Quảng Bình,Commercial Investigation,50,N/A,N/A,N/A,Planner (Trung bình),data/google_planner/quang-binh/Keyword Stats 2026-02-23 at 00_37_49.csv,Viết bài top-list/so sánh; map vào cluster hub; bổ sung schema + ảnh/UGC,B,50.0,0%,0
tour di quang binh,Di chuyển Quảng Bình,Di chuyển,In-scope Quảng Bình,Commercial Investigation,50,N/A,N/A,N/A,Planner (Cao),data/google_planner/quang-binh/Keyword Stats 2026-02-23 at 00_37_49.csv,Viết bài top-list/so sánh; map vào cluster hub; bổ sung schema + ảnh/UGC,B,50.0,0%,0
tour du lich dong thien duong quang binh,Di chuyển Quảng Bình,Di chuyển,In-scope Quảng Bình,Commercial Investigation,50,N/A,N/A,N/A,Planner (Không xác định),data/google_planner/quang-binh/Keyword Stats 2026-02-23 at 00_37_49.csv,Viết bài top-list/so sánh; map vào cluster hub; bổ sung schema + ảnh/UGC,B,50.0,0%,0
tour du lịch hang sơn đoòng quảng bình,Di chuyển Quảng Bình,Di chuyển,In-scope Quảng Bình,Commercial Investigation,50,N/A,N/A,N/A,Planner (Thấp),data/google_planner/quang-binh/Keyword Stats 2026-02-23 at 00_37_49.csv,Viết bài top-list/so sánh; map vào cluster hub; bổ sung schema + ảnh/UGC,B,50.0,0%,0
tour du lịch phong nha kẻ bàng quảng bình,Di chuyển Quảng Bình,Di chuyển,In-scope Quảng Bình,Commercial Investigation,50,N/A,N/A,N/A,Planner (Cao),data/google_planner/quang-binh/Keyword Stats 2026-02-23 at 00_37_49.csv,Viết bài top-list/so sánh; map vào cluster hub; bổ sung schema + ảnh/UGC,B,50.0,0%,0
tour du lịch quảng bình bằng tàu hỏa,Di chuyển Quảng Bình,Di chuyển,In-scope Quảng Bình,Commercial Investigation,50,N/A,N/A,N/A,Planner (Thấp),data/google_planner/quang-binh/Keyword Stats 2026-02-23 at 00_37_49.csv,Viết bài top-list/so sánh; map vào cluster hub; bổ sung schema + ảnh/UGC,B,50.0,0%,0
tour du lịch quảng bình trong ngày,Di chuyển Quảng Bình,Di chuyển,In-scope Quảng Bình,Commercial Investigation,50,N/A,N/A,N/A,Planner (Trung bình),data/google_planner/quang-binh/Keyword Stats 2026-02-23 at 00_37_49.csv,Viết bài top-list/so sánh; map vào cluster hub; bổ sung schema + ảnh/UGC,B,50.0,0%,0
tour du lịch quảng bình trọn gói,Di chuyển Quảng Bình,Di chuyển,In-scope Quảng Bình,Commercial Investigation,50,N/A,N/A,N/A,Planner (Thấp),data/google_planner/quang-binh/Keyword Stats 2026-02-23 at 00_37_49.csv,Viết bài top-list/so sánh; map vào cluster hub; bổ sung schema + ảnh/UGC,B,50.0,0%,0
tour du lịch suối mooc quảng bình,Di chuyển Quảng Bình,Di chuyển,In-scope Quảng Bình,Commercial Investigation,50,N/A,N/A,N/A,Planner (Thấp),data/google_planner/quang-binh/Keyword Stats 2026-02-23 at 00_37_49.csv,Viết bài top-list/so sánh; map vào cluster hub; bổ sung schema + ảnh/UGC,B,50.0,0%,0
tour du lịch vinh quảng bình,Di chuyển Quảng Bình,Di chuyển,In-scope Quảng Bình,Commercial Investigation,50,N/A,N/A,N/A,Planner (Trung bình),data/google_planner/quang-binh/Keyword Stats 2026-02-23 at 00_37_49.csv,Viết bài top-list/so sánh; map vào cluster hub; bổ sung schema + ảnh/UGC,B,50.0,0%,0
tour du lịch vũng chùa đảo yến,Di chuyển Quảng Bình,Di chuyển,In-scope Quảng Bình,Commercial Investigation,50,N/A,N/A,N/A,Planner (Không xác định),data/google_planner/quang-binh/Keyword Stats 2026-02-23 at 00_37_49.csv,Viết bài top-list/so sánh; map vào cluster hub; bổ sung schema + ảnh/UGC,B,50.0,0%,0
tour du lịch đồng hới,Di chuyển Quảng Bình,Di chuyển,In-scope Quảng Bình,Commercial Investigation,50,N/A,N/A,N/A,Planner (Cao),data/google_planner/quang-binh/Keyword Stats 2026-02-23 at 00_37_49.csv,Viết bài top-list/so sánh; map vào cluster hub; bổ sung schema + ảnh/UGC,B,50.0,0%,0
tour du lịch đồng hới quảng bình,Di chuyển Quảng Bình,Di chuyển,In-scope Quảng Bình,Commercial Investigation,50,N/A,N/A,N/A,Planner (Thấp),data/google_planner/quang-binh/Keyword Stats 2026-02-23 at 00_37_49.csv,Viết bài top-list/so sánh; map vào cluster hub; bổ sung schema + ảnh/UGC,B,50.0,0%,0
tour du lịch động thiên đường quảng bình,Di chuyển Quảng Bình,Di chuyển,In-scope Quảng Bình,Commercial Investigation,50,N/A,N/A,N/A,Planner (Không xác định),data/google_planner/quang-binh/Keyword Stats 2026-02-23 at 00_37_49.csv,Viết bài top-list/so sánh; map vào cluster hub; bổ sung schema + ảnh/UGC,B,50.0,0%,0
tour ghép quảng bình,Di chuyển Quảng Bình,Di chuyển,In-scope Quảng Bình,Commercial Investigation,50,N/A,N/A,N/A,Planner (Thấp),data/google_planner/quang-binh/Keyword Stats 2026-02-23 at 00_37_49.csv,Viết bài top-list/so sánh; map vào cluster hub; bổ sung schema + ảnh/UGC,B,50.0,0%,0
tour ghép quảng bình hàng ngày,Di chuyển Quảng Bình,Di chuyển,In-scope Quảng Bình,Commercial Investigation,50,N/A,N/A,N/A,Planner (Thấp),data/google_planner/quang-binh/Keyword Stats 2026-02-23 at 00_37_49.csv,Viết bài top-list/so sánh; map vào cluster hub; bổ sung schema + ảnh/UGC,B,50.0,0%,0
tour ghép đoàn quảng bình,Di chuyển Quảng Bình,Di chuyển,In-scope Quảng Bình,Commercial Investigation,50,N/A,N/A,N/A,Planner (Thấp),data/google_planner/quang-binh/Keyword Stats 2026-02-23 at 00_37_49.csv,Viết bài top-list/so sánh; map vào cluster hub; bổ sung schema + ảnh/UGC,B,50.0,0%,0
tour hang tiên quảng bình,Di chuyển Quảng Bình,Di chuyển,In-scope Quảng Bình,Commercial Investigation,50,N/A,N/A,N/A,Planner (Trung bình),data/google_planner/quang-binh/Keyword Stats 2026-02-23 at 00_37_49.csv,Viết bài top-list/so sánh; map vào cluster hub; bổ sung schema + ảnh/UGC,B,50.0,0%,0
tour hang tối quảng bình,Di chuyển Quảng Bình,Di chuyển,In-scope Quảng Bình,Commercial Investigation,50,N/A,N/A,N/A,Planner (Thấp),data/google_planner/quang-binh/Keyword Stats 2026-02-23 at 00_37_49.csv,Viết bài top-list/so sánh; map vào cluster hub; bổ sung schema + ảnh/UGC,B,50.0,0%,0
tour hang én quảng bình,Di chuyển Quảng Bình,Di chuyển,In-scope Quảng Bình,Commercial Investigation,50,N/A,N/A,N/A,Planner (Thấp),data/google_planner/quang-binh/Keyword Stats 2026-02-23 at 00_37_49.csv,Viết bài top-list/so sánh; map vào cluster hub; bổ sung schema + ảnh/UGC,B,50.0,0%,0
tour hang động quảng bình,Di chuyển Quảng Bình,Di chuyển,In-scope Quảng Bình,Commercial Investigation,50,N/A,N/A,N/A,Planner (Trung bình),data/google_planner/quang-binh/Keyword Stats 2026-02-23 at 00_37_49.csv,Viết bài top-list/so sánh; map vào cluster hub; bổ sung schema + ảnh/UGC,B,50.0,0%,0
tour khám phá quảng bình,Di chuyển Quảng Bình,Di chuyển,In-scope Quảng Bình,Commercial Investigation,50,N/A,N/A,N/A,Planner (Cao),data/google_planner/quang-binh/Keyword Stats 2026-02-23 at 00_37_49.csv,Viết bài top-list/so sánh; map vào cluster hub; bổ sung schema + ảnh/UGC,B,50.0,0%,0
tour quảng bình hàng ngày,Di chuyển Quảng Bình,Di chuyển,In-scope Quảng Bình,Commercial Investigation,50,N/A,N/A,N/A,Planner (Thấp),data/google_planner/quang-binh/Keyword Stats 2026-02-23 at 00_37_49.csv,Viết bài top-list/so sánh; map vào cluster hub; bổ sung schema + ảnh/UGC,B,50.0,0%,0
tour quảng bình 3n2d,Di chuyển Quảng Bình,Di chuyển,In-scope Quảng Bình,Commercial Investigation,50,N/A,N/A,N/A,Planner (Thấp),data/google_planner/quang-binh/Keyword Stats 2026-02-23 at 00_37_49.csv,Viết bài top-list/so sánh; map vào cluster hub; bổ sung schema + ảnh/UGC,B,50.0,0%,0
tour quảng bình 4n3đ,Di chuyển Quảng Bình,Di chuyển,In-scope Quảng Bình,Commercial Investigation,50,N/A,N/A,N/A,Planner (Không xác định),data/google_planner/quang-binh/Keyword Stats 2026-02-23 at 00_37_49.csv,Viết bài top-list/so sánh; map vào cluster hub; bổ sung schema + ảnh/UGC,B,50.0,-100.0%,0
tour quảng bình nửa ngày,Di chuyển Quảng Bình,Di chuyển,In-scope Quảng Bình,Commercial Investigation,50,N/A,N/A,N/A,Planner (Trung bình),data/google_planner/quang-binh/Keyword Stats 2026-02-23 at 00_37_49.csv,Viết bài top-list/so sánh; map vào cluster hub; bổ sung schema + ảnh/UGC,B,50.0,0%,0
tour quảng bình oxalis,Di chuyển Quảng Bình,Di chuyển,In-scope Quảng Bình,Commercial Investigation,50,N/A,N/A,N/A,Planner (Không xác định),data/google_planner/quang-binh/Keyword Stats 2026-02-23 at 00_37_49.csv,Viết bài top-list/so sánh; map vào cluster hub; bổ sung schema + ảnh/UGC,B,50.0,-100.0%,0
tour quảng bình saigontourist,Di chuyển Quảng Bình,Di chuyển,In-scope Quảng Bình,Commercial Investigation,50,N/A,N/A,N/A,Planner (Thấp),data/google_planner/quang-binh/Keyword Stats 2026-02-23 at 00_37_49.csv,Viết bài top-list/so sánh; map vào cluster hub; bổ sung schema + ảnh/UGC,B,50.0,0%,0
tour quảng bình trọn gói,Di chuyển Quảng Bình,Di chuyển,In-scope Quảng Bình,Commercial Investigation,50,N/A,N/A,N/A,Planner (Thấp),data/google_planner/quang-binh/Keyword Stats 2026-02-23 at 00_37_49.csv,Viết bài top-list/so sánh; map vào cluster hub; bổ sung schema + ảnh/UGC,B,50.0,0%,0
tour quảng bình vietravel,Di chuyển Quảng Bình,Di chuyển,In-scope Quảng Bình,Commercial Investigation,50,N/A,N/A,N/A,Planner (Thấp),data/google_planner/quang-binh/Keyword Stats 2026-02-23 at 00_37_49.csv,Viết bài top-list/so sánh; map vào cluster hub; bổ sung schema + ảnh/UGC,B,50.0,0%,0
tour suối moọc quảng bình,Di chuyển Quảng Bình,Di chuyển,In-scope Quảng Bình,Commercial Investigation,50,N/A,N/A,N/A,Planner (Thấp),data/google_planner/quang-binh/Keyword Stats 2026-02-23 at 00_37_49.csv,Viết bài top-list/so sánh; map vào cluster hub; bổ sung schema + ảnh/UGC,B,50.0,0%,0
tour sơn đoòng quảng bình,Di chuyển Quảng Bình,Di chuyển,In-scope Quảng Bình,Commercial Investigation,50,N/A,N/A,N/A,Planner (Thấp),data/google_planner/quang-binh/Keyword Stats 2026-02-23 at 00_37_49.csv,Viết bài top-list/so sánh; map vào cluster hub; bổ sung schema + ảnh/UGC,B,50.0,0%,0
tour trekking quảng bình,Di chuyển Quảng Bình,Di chuyển,In-scope Quảng Bình,Commercial Investigation,50,N/A,N/A,N/A,Planner (Thấp),data/google_planner/quang-binh/Keyword Stats 2026-02-23 at 00_37_49.csv,Viết bài top-list/so sánh; map vào cluster hub; bổ sung schema + ảnh/UGC,B,50.0,0%,0
tour trong ngày quảng bình,Di chuyển Quảng Bình,Di chuyển,In-scope Quảng Bình,Commercial Investigation,50,N/A,N/A,N/A,Planner (Cao),data/google_planner/quang-binh/Keyword Stats 2026-02-23 at 00_37_49.csv,Viết bài top-list/so sánh; map vào cluster hub; bổ sung schema + ảnh/UGC,B,50.0,0%,0
tour tú làn quảng bình,Di chuyển Quảng Bình,Di chuyển,In-scope Quảng Bình,Commercial Investigation,50,N/A,N/A,N/A,Planner (Thấp),data/google_planner/quang-binh/Keyword Stats 2026-02-23 at 00_37_49.csv,Viết bài top-list/so sánh; map vào cluster hub; bổ sung schema + ảnh/UGC,B,50.0,0%,0
tour vinh quảng bình,Di chuyển Quảng Bình,Di chuyển,In-scope Quảng Bình,Commercial Investigation,50,N/A,N/A,N/A,Planner (Thấp),data/google_planner/quang-binh/Keyword Stats 2026-02-23 at 00_37_49.csv,Viết bài top-list/so sánh; map vào cluster hub; bổ sung schema + ảnh/UGC,B,50.0,0%,0
tour vũng chùa đảo yến,Di chuyển Quảng Bình,Di chuyển,In-scope Quảng Bình,Commercial Investigation,50,N/A,N/A,N/A,Planner (Thấp),data/google_planner/quang-binh/Keyword Stats 2026-02-23 at 00_37_49.csv,Viết bài top-list/so sánh; map vào cluster hub; bổ sung schema + ảnh/UGC,B,50.0,0%,0
tour đồng hới phong nha,Di chuyển Quảng Bình,Di chuyển,In-scope Quảng Bình,Commercial Investigation,50,N/A,N/A,N/A,Planner (Trung bình),data/google_planner/quang-binh/Keyword Stats 2026-02-23 at 00_37_49.csv,Viết bài top-list/so sánh; map vào cluster hub; bổ sung schema + ảnh/UGC,B,50.0,0%,0
tour đồng hới quảng bình,Di chuyển Quảng Bình,Di chuyển,In-scope Quảng Bình,Commercial Investigation,50,N/A,N/A,N/A,Planner (Cao),data/google_planner/quang-binh/Keyword Stats 2026-02-23 at 00_37_49.csv,Viết bài top-list/so sánh; map vào cluster hub; bổ sung schema + ảnh/UGC,B,50.0,0%,0
tàu du lịch quảng bình,Di chuyển Quảng Bình,Di chuyển,In-scope Quảng Bình,Commercial Investigation,50,N/A,N/A,N/A,Planner (Thấp),data/google_planner/quang-binh/Keyword Stats 2026-02-23 at 00_37_49.csv,Viết bài top-list/so sánh; map vào cluster hub; bổ sung schema + ảnh/UGC,B,50.0,0%,0
xe điện du lịch quảng bình,Di chuyển Quảng Bình,Di chuyển,In-scope Quảng Bình,Commercial Investigation,50,N/A,N/A,N/A,Planner (Thấp),data/google_planner/quang-binh/Keyword Stats 2026-02-23 at 00_37_49.csv,Viết bài top-list/so sánh; map vào cluster hub; bổ sung schema + ảnh/UGC,B,50.0,0%,0
đi quảng bình bằng tàu hỏa,Di chuyển Quảng Bình,Di chuyển,In-scope Quảng Bình,Commercial Investigation,50,N/A,N/A,N/A,Planner (Thấp),data/google_planner/quang-binh/Keyword Stats 2026-02-23 at 00_37_49.csv,Viết bài top-list/so sánh; map vào cluster hub; bổ sung schema + ảnh/UGC,B,50.0,0%,0
đặt tour du lịch quảng bình,Di chuyển Quảng Bình,Di chuyển,In-scope Quảng Bình,Commercial Investigation,50,N/A,N/A,N/A,Planner (Trung bình),data/google_planner/quang-binh/Keyword Stats 2026-02-23 at 00_37_49.csv,Viết bài top-list/so sánh; map vào cluster hub; bổ sung schema + ảnh/UGC,B,50.0,0%,0
tour quảng bình,Di chuyển Quảng Bình,Di chuyển,In-scope Quảng Bình,Commercial Investigation,N/A,N/A,N/A,N/A,Trend SI:18 20%,data/google_trend/searched_with_rising-queries_VN_20250210-1750_20260210-1750.csv,Viết bài top-list/so sánh; map vào cluster hub; bổ sung schema + ảnh/UGC,B,18.0,20%,N/A
tour du lịch quảng bình,Di chuyển Quảng Bình,Di chuyển,In-scope Quảng Bình,Commercial Investigation,N/A,N/A,N/A,N/A,Trend SI:18 20%,data/google_trend/searched_with_rising-queries_VN_20250210-1750_20260210-1750.csv,Viết bài top-list/so sánh; map vào cluster hub; bổ sung schema + ảnh/UGC,B,18.0,20%,N/A
du lịch huế quảng bình,Huế Trip,Tổng hợp,Out-of-scope Huế,Informational,50,N/A,N/A,N/A,Planner (Thấp),data/google_planner/quang-binh/Keyword Stats 2026-02-23 at 00_37_49.csv,Viết guide/review; ưu tiên long-tail; tạo topic hub và internal link về trang dịch vụ,B,55.00000000000001,0%,"4,819"
huế quảng bình,Huế Trip,Tổng hợp,Out-of-scope Huế,Informational,50,N/A,N/A,N/A,Planner (Thấp),data/google_planner/quang-binh/Keyword Stats 2026-02-23 at 00_37_49.csv,Viết guide/review; ưu tiên long-tail; tạo topic hub và internal link về trang dịch vụ,B,55.00000000000001,0%,"3,853"
du lich da nang hue quang binh,Huế Trip,Tổng hợp,Out-of-scope Huế,Informational,50,N/A,N/A,N/A,Planner (Không xác định),data/google_planner/quang-binh/Keyword Stats 2026-02-23 at 00_37_49.csv,Viết guide/review; ưu tiên long-tail; tạo topic hub và internal link về trang dịch vụ,B,50.0,-100.0%,0
du lịch huế quảng bình tự túc,Huế Trip,Tổng hợp,Out-of-scope Huế,Informational,50,N/A,N/A,N/A,Planner (Thấp),data/google_planner/quang-binh/Keyword Stats 2026-02-23 at 00_37_49.csv,Viết guide/review; ưu tiên long-tail; tạo topic hub và internal link về trang dịch vụ,B,50.0,0%,0
tour huế quảng bình 1 ngày,Huế Trip,Di chuyển,Out-of-scope Huế,Transaction,50,N/A,N/A,N/A,Planner (Thấp),data/google_planner/quang-binh/Keyword Stats 2026-02-23 at 00_37_49.csv,"Tạo landing chuyển đổi (giá/vé/đặt chỗ), gom vào cluster page + build backlink nội bộ",B,50.0,0%,0
tour huế quảng bình 2 ngày 1 đêm,Huế Trip,Di chuyển,Out-of-scope Huế,Transaction,50,N/A,N/A,N/A,Planner (Thấp),data/google_planner/quang-binh/Keyword Stats 2026-02-23 at 00_37_49.csv,"Tạo landing chuyển đổi (giá/vé/đặt chỗ), gom vào cluster page + build backlink nội bộ",B,50.0,0%,0
tour huế quảng bình 3 ngày 2 đêm,Huế Trip,Di chuyển,Out-of-scope Huế,Transaction,50,N/A,N/A,N/A,Planner (Trung bình),data/google_planner/quang-binh/Keyword Stats 2026-02-23 at 00_37_49.csv,"Tạo landing chuyển đổi (giá/vé/đặt chỗ), gom vào cluster page + build backlink nội bộ",B,50.0,0%,0
tour huế quảng bình 4 ngày 3 đêm,Huế Trip,Di chuyển,Out-of-scope Huế,Transaction,50,N/A,N/A,N/A,Planner (Thấp),data/google_planner/quang-binh/Keyword Stats 2026-02-23 at 00_37_49.csv,"Tạo landing chuyển đổi (giá/vé/đặt chỗ), gom vào cluster page + build backlink nội bộ",B,50.0,0%,0
tour hue quang binh,Huế Trip,Di chuyển,Out-of-scope Huế,Commercial Investigation,50,N/A,N/A,N/A,Planner (Không xác định),data/google_planner/quang-binh/Keyword Stats 2026-02-23 at 00_37_49.csv,Viết bài top-list/so sánh; map vào cluster hub; bổ sung schema + ảnh/UGC,B,50.0,-100.0%,0
kinh nghiệm du lịch huế quảng bình,Huế Trip,Tổng hợp,Out-of-scope Huế,Commercial Investigation,50,N/A,N/A,N/A,Planner (Không xác định),data/google_planner/quang-binh/Keyword Stats 2026-02-23 at 00_37_49.csv,Viết bài top-list/so sánh; map vào cluster hub; bổ sung schema + ảnh/UGC,B,50.0,-100.0%,0
tour da nang hue quang binh,Huế Trip,Di chuyển,Out-of-scope Huế,Commercial Investigation,50,N/A,N/A,N/A,Planner (Trung bình),data/google_planner/quang-binh/Keyword Stats 2026-02-23 at 00_37_49.csv,Viết bài top-list/so sánh; map vào cluster hub; bổ sung schema + ảnh/UGC,B,50.0,0%,0
tour du lịch huế quảng bình,Huế Trip,Di chuyển,Out-of-scope Huế,Commercial Investigation,50,N/A,N/A,N/A,Planner (Trung bình),data/google_planner/quang-binh/Keyword Stats 2026-02-23 at 00_37_49.csv,Viết bài top-list/so sánh; map vào cluster hub; bổ sung schema + ảnh/UGC,B,50.0,0%,0
tour du lịch từ huế đi quảng bình,Huế Trip,Di chuyển,Out-of-scope Huế,Commercial Investigation,50,N/A,N/A,N/A,Planner (Thấp),data/google_planner/quang-binh/Keyword Stats 2026-02-23 at 00_37_49.csv,Viết bài top-list/so sánh; map vào cluster hub; bổ sung schema + ảnh/UGC,B,50.0,0%,0
tour hà nội quảng bình,Hà Nội Trip,Di chuyển,Out-of-scope Hà Nội,Commercial Investigation,500,N/A,N/A,N/A,Planner (Thấp),data/google_planner/quang-binh/Keyword Stats 2026-02-23 at 00_37_49.csv,Viết bài top-list/so sánh; map vào cluster hub; bổ sung schema + ảnh/UGC,B,550.0,0%,"3,532"
khách sạn hà nội quảng bình,Hà Nội Trip,Lưu trú,Out-of-scope Hà Nội,Transaction,50,N/A,N/A,N/A,Planner (Thấp),data/google_planner/quang-binh/Keyword Stats 2026-02-23 at 00_37_49.csv,"Tạo landing chuyển đổi (giá/vé/đặt chỗ), gom vào cluster page + build backlink nội bộ",B,75.0,0%,0
du lịch hà nội quảng bình,Hà Nội Trip,Tổng hợp,Out-of-scope Hà Nội,Informational,50,N/A,N/A,N/A,Planner (Trung bình),data/google_planner/quang-binh/Keyword Stats 2026-02-23 at 00_37_49.csv,Viết guide/review; ưu tiên long-tail; tạo topic hub và internal link về trang dịch vụ,B,50.0,0%,0
giá tour du lịch hà nội quảng bình,Hà Nội Trip,Di chuyển,Out-of-scope Hà Nội,Transaction,50,N/A,N/A,N/A,Planner (Không xác định),data/google_planner/quang-binh/Keyword Stats 2026-02-23 at 00_37_49.csv,"Tạo landing chuyển đổi (giá/vé/đặt chỗ), gom vào cluster page + build backlink nội bộ",B,50.0,0%,0
lịch tàu hà nội quảng bình,Hà Nội Trip,Di chuyển,Out-of-scope Hà Nội,Commercial Investigation,50,N/A,N/A,N/A,Planner (Trung bình),data/google_planner/quang-binh/Keyword Stats 2026-02-23 at 00_37_49.csv,Viết bài top-list/so sánh; map vào cluster hub; bổ sung schema + ảnh/UGC,B,50.0,0%,0
lịch tàu hà nội đồng hới,Hà Nội Trip,Di chuyển,Out-of-scope Hà Nội,Commercial Investigation,50,N/A,N/A,N/A,Planner (Thấp),data/google_planner/quang-binh/Keyword Stats 2026-02-23 at 00_37_49.csv,Viết bài top-list/so sánh; map vào cluster hub; bổ sung schema + ảnh/UGC,B,50.0,0%,0
tour du lịch hà nội quảng bình,Hà Nội Trip,Di chuyển,Out-of-scope Hà Nội,Commercial Investigation,50,N/A,N/A,N/A,Planner (Trung bình),data/google_planner/quang-binh/Keyword Stats 2026-02-23 at 00_37_49.csv,Viết bài top-list/so sánh; map vào cluster hub; bổ sung schema + ảnh/UGC,B,50.0,0%,0
ha noi di quang binh,Hà Nội Trip,Tổng hợp,Out-of-scope Hà Nội,Informational,50,N/A,N/A,N/A,Planner (Không xác định),data/google_planner/quang-binh/Keyword Stats 2026-02-23 at 00_37_49.csv,Viết guide/review; ưu tiên long-tail; tạo topic hub và internal link về trang dịch vụ,B,50.0,-100.0%,0
tua du lịch hà nội quảng bình,Hà Nội Trip,Tổng hợp,Out-of-scope Hà Nội,Informational,50,N/A,N/A,N/A,Planner (Không xác định),data/google_planner/quang-binh/Keyword Stats 2026-02-23 at 00_37_49.csv,Viết guide/review; ưu tiên long-tail; tạo topic hub và internal link về trang dịch vụ,B,50.0,0%,0
du lịch hà tĩnh quảng bình,Hà Tĩnh Trip,Tổng hợp,Out-of-scope Hà Tĩnh,Informational,50,N/A,N/A,N/A,Planner (Không xác định),data/google_planner/quang-binh/Keyword Stats 2026-02-23 at 00_37_49.csv,Viết guide/review; ưu tiên long-tail; tạo topic hub và internal link về trang dịch vụ,B,50.0,-100.0%,0
tour hà tĩnh quảng bình,Hà Tĩnh Trip,Di chuyển,Out-of-scope Hà Tĩnh,Commercial Investigation,50,N/A,N/A,N/A,Planner (Thấp),data/google_planner/quang-binh/Keyword Stats 2026-02-23 at 00_37_49.csv,Viết bài top-list/so sánh; map vào cluster hub; bổ sung schema + ảnh/UGC,B,50.0,0%,0
tour nghệ an hà tĩnh quảng bình,Hà Tĩnh Trip,Di chuyển,Out-of-scope Hà Tĩnh,Commercial Investigation,50,N/A,N/A,N/A,Planner (Thấp),data/google_planner/quang-binh/Keyword Stats 2026-02-23 at 00_37_49.csv,Viết bài top-list/so sánh; map vào cluster hub; bổ sung schema + ảnh/UGC,B,50.0,0%,0
khách sạn hòa bình đồng hới,Hòa Bình Trip,Lưu trú,Out-of-scope Hòa Bình,Transaction,50,N/A,N/A,N/A,Planner (Trung bình),data/google_planner/quang-binh/Keyword Stats 2026-02-23 at 00_37_49.csv,"Tạo landing chuyển đổi (giá/vé/đặt chỗ), gom vào cluster page + build backlink nội bộ",B,82.50000000000001,0%,"3,930"
khách sạn hòa bình quảng bình,Hòa Bình Trip,Lưu trú,Out-of-scope Hòa Bình,Transaction,50,N/A,N/A,N/A,Planner (Thấp),data/google_planner/quang-binh/Keyword Stats 2026-02-23 at 00_37_49.csv,"Tạo landing chuyển đổi (giá/vé/đặt chỗ), gom vào cluster page + build backlink nội bộ",B,75.0,0%,0
khách sạn luxe quảng bình,Khách sạn Quảng Bình,Lưu trú,In-scope Quảng Bình,Transaction,N/A,2293,38,1.66%,N/A (N/A),data/google_search_console/Queries.csv,"Tối ưu landing (CTA/giá/FAQ), cải thiện snippet để tăng CTR; internal link từ hub 'Quảng Bình'",A,38.0,N/A,N/A
khách sạn 20/10 quảng bình,Khách sạn Quảng Bình,Lưu trú,In-scope Quảng Bình,Transaction,N/A,402,16,3.98%,N/A (N/A),data/google_search_console/Queries.csv,"Tối ưu landing (CTA/giá/FAQ), cải thiện snippet để tăng CTR; internal link từ hub 'Quảng Bình'",A,16.0,N/A,N/A
luxe hotel quảng bình,Khách sạn Quảng Bình,Lưu trú,In-scope Quảng Bình,Transaction,N/A,3812,13,0.34%,N/A (N/A),data/google_search_console/Queries.csv,"Tối ưu landing (CTA/giá/FAQ), cải thiện snippet để tăng CTR; internal link từ hub 'Quảng Bình'",A,13.0,N/A,N/A
khách sạn 20-10 quảng bình,Khách sạn Quảng Bình,Lưu trú,In-scope Quảng Bình,Transaction,N/A,208,12,5.77%,N/A (N/A),data/google_search_console/Queries.csv,"Tối ưu landing (CTA/giá/FAQ), cải thiện snippet để tăng CTR; internal link từ hub 'Quảng Bình'",A,12.0,N/A,N/A
bloom boutique hotel quảng bình,Khách sạn Quảng Bình,Lưu trú,In-scope Quảng Bình,Transaction,N/A,302,11,3.64%,N/A (N/A),data/google_search_console/Queries.csv,"Tối ưu landing (CTA/giá/FAQ), cải thiện snippet để tăng CTR; internal link từ hub 'Quảng Bình'",A,11.0,N/A,N/A
resort biển nhật lệ,Khách sạn Quảng Bình,Lưu trú,In-scope Quảng Bình,Transaction,N/A,161,11,6.83%,N/A (N/A),data/google_search_console/Queries.csv,"Tối ưu landing (CTA/giá/FAQ), cải thiện snippet để tăng CTR; internal link từ hub 'Quảng Bình'",A,11.0,N/A,N/A
royal quảng bình hotel,Khách sạn Quảng Bình,Lưu trú,In-scope Quảng Bình,Transaction,5000,N/A,N/A,N/A,Planner (Thấp),data/google_planner/quang-binh/Keyword Stats 2026-02-23 at 00_37_49.csv,"Tạo landing chuyển đổi (giá/vé/đặt chỗ), gom vào cluster page + build backlink nội bộ",B,9750.0,900.0%,"10,587"
khách sạn phương bắc luxury quảng bình,Khách sạn Quảng Bình,Lưu trú,In-scope Quảng Bình,Transaction,5000,N/A,N/A,N/A,Planner (Thấp),data/google_planner/quang-binh/Keyword Stats 2026-02-23 at 00_37_49.csv,"Tạo landing chuyển đổi (giá/vé/đặt chỗ), gom vào cluster page + build backlink nội bộ",B,9750.0,900.0%,"8,278"
khách sạn đồng hới,Khách sạn Quảng Bình,Lưu trú,In-scope Quảng Bình,Transaction,5000,N/A,N/A,N/A,Planner (Cao),data/google_planner/quang-binh/Keyword Stats 2026-02-23 at 00_37_49.csv,"Tạo landing chuyển đổi (giá/vé/đặt chỗ), gom vào cluster page + build backlink nội bộ",B,8250.0,0%,"15,654"
sun spa resort quảng bình,Khách sạn Quảng Bình,Lưu trú,In-scope Quảng Bình,Transaction,5000,N/A,N/A,N/A,Planner (Trung bình),data/google_planner/quang-binh/Keyword Stats 2026-02-23 at 00_37_49.csv,"Tạo landing chuyển đổi (giá/vé/đặt chỗ), gom vào cluster page + build backlink nội bộ",B,8250.0,0%,"9,270"
sea star resort quang binh,Khách sạn Quảng Bình,Lưu trú,In-scope Quảng Bình,Transaction,5000,N/A,N/A,N/A,Planner (Thấp),data/google_planner/quang-binh/Keyword Stats 2026-02-23 at 00_37_49.csv,"Tạo landing chuyển đổi (giá/vé/đặt chỗ), gom vào cluster page + build backlink nội bộ",B,8250.0,0%,"11,791"
riverside hotel quang binh,Khách sạn Quảng Bình,Lưu trú,In-scope Quảng Bình,Transaction,5000,N/A,N/A,N/A,Planner (Thấp),data/google_planner/quang-binh/Keyword Stats 2026-02-23 at 00_37_49.csv,"Tạo landing chuyển đổi (giá/vé/đặt chỗ), gom vào cluster page + build backlink nội bộ",B,8250.0,0%,"7,704"
mường thanh holiday quảng bình hotel,Khách sạn Quảng Bình,Lưu trú,In-scope Quảng Bình,Transaction,5000,N/A,N/A,N/A,Planner (Thấp),data/google_planner/quang-binh/Keyword Stats 2026-02-23 at 00_37_49.csv,"Tạo landing chuyển đổi (giá/vé/đặt chỗ), gom vào cluster page + build backlink nội bộ",B,8250.0,0%,"10,809"
amanda hotel quảng bình,Khách sạn Quảng Bình,Lưu trú,In-scope Quảng Bình,Transaction,5000,N/A,N/A,N/A,Planner (Thấp),data/google_planner/quang-binh/Keyword Stats 2026-02-23 at 00_37_49.csv,"Tạo landing chuyển đổi (giá/vé/đặt chỗ), gom vào cluster page + build backlink nội bộ",B,8250.0,0%,"6,104"
duy tân resort quảng bình,Khách sạn Quảng Bình,Lưu trú,In-scope Quảng Bình,Transaction,5000,N/A,N/A,N/A,Planner (Thấp),data/google_planner/quang-binh/Keyword Stats 2026-02-23 at 00_37_49.csv,"Tạo landing chuyển đổi (giá/vé/đặt chỗ), gom vào cluster page + build backlink nội bộ",B,8250.0,0%,"8,352"
resort sun spa quảng bình,Khách sạn Quảng Bình,Lưu trú,In-scope Quảng Bình,Transaction,5000,N/A,N/A,N/A,Planner (Trung bình),data/google_planner/quang-binh/Keyword Stats 2026-02-23 at 00_37_49.csv,"Tạo landing chuyển đổi (giá/vé/đặt chỗ), gom vào cluster page + build backlink nội bộ",B,8250.0,0%,"9,270"
sun spa quảng bình resort,Khách sạn Quảng Bình,Lưu trú,In-scope Quảng Bình,Transaction,5000,N/A,N/A,N/A,Planner (Trung bình),data/google_planner/quang-binh/Keyword Stats 2026-02-23 at 00_37_49.csv,"Tạo landing chuyển đổi (giá/vé/đặt chỗ), gom vào cluster page + build backlink nội bộ",B,8250.0,0%,"9,270"
khách sạn mường thanh luxury nhật lệ,Khách sạn Quảng Bình,Lưu trú,In-scope Quảng Bình,Transaction,4400,N/A,N/A,N/A,Low (0),data/seo_insider/advance_search_report.csv,"Tạo landing chuyển đổi (giá/vé/đặt chỗ), gom vào cluster page + build backlink nội bộ",B,4400.0,N/A,N/A
celina resort quảng bình,Khách sạn Quảng Bình,Lưu trú,In-scope Quảng Bình,Transaction,500,N/A,N/A,N/A,Planner (Trung bình),data/google_planner/quang-binh/Keyword Stats 2026-02-23 at 00_37_49.csv,"Tạo landing chuyển đổi (giá/vé/đặt chỗ), gom vào cluster page + build backlink nội bộ",B,975.0,900.0%,"4,679"
celina peninsula resort quang binh,Khách sạn Quảng Bình,Lưu trú,In-scope Quảng Bình,Transaction,500,N/A,N/A,N/A,Planner (Trung bình),data/google_planner/quang-binh/Keyword Stats 2026-02-23 at 00_37_49.csv,"Tạo landing chuyển đổi (giá/vé/đặt chỗ), gom vào cluster page + build backlink nội bộ",B,975.0,900.0%,"5,498"
khách sạn hữu nghị quảng bình,Khách sạn Quảng Bình,Lưu trú,In-scope Quảng Bình,Transaction,500,N/A,N/A,N/A,Planner (Thấp),data/google_planner/quang-binh/Keyword Stats 2026-02-23 at 00_37_49.csv,"Tạo landing chuyển đổi (giá/vé/đặt chỗ), gom vào cluster page + build backlink nội bộ",B,975.0,900.0%,"12,123"
wyndham quang binh golf & beach resort,Khách sạn Quảng Bình,Lưu trú,In-scope Quảng Bình,Transaction,500,N/A,N/A,N/A,Planner (Thấp),data/google_planner/quang-binh/Keyword Stats 2026-02-23 at 00_37_49.csv,"Tạo landing chuyển đổi (giá/vé/đặt chỗ), gom vào cluster page + build backlink nội bộ",B,900.0,900.0%,0
villa quảng bình,Khách sạn Quảng Bình,Lưu trú,In-scope Quảng Bình,Transaction,500,N/A,N/A,N/A,Planner (Thấp),data/google_planner/quang-binh/Keyword Stats 2026-02-23 at 00_37_49.csv,"Tạo landing chuyển đổi (giá/vé/đặt chỗ), gom vào cluster page + build backlink nội bộ",B,825.0,0%,"3,957"
khách sạn ở đồng hới,Khách sạn Quảng Bình,Lưu trú,In-scope Quảng Bình,Transaction,500,N/A,N/A,N/A,Planner (Cao),data/google_planner/quang-binh/Keyword Stats 2026-02-23 at 00_37_49.csv,"Tạo landing chuyển đổi (giá/vé/đặt chỗ), gom vào cluster page + build backlink nội bộ",B,825.0,0%,"16,841"
khách sạn ở quảng bình gần biển nhật lệ,Khách sạn Quảng Bình,Lưu trú,In-scope Quảng Bình,Transaction,500,N/A,N/A,N/A,Planner (Cao),data/google_planner/quang-binh/Keyword Stats 2026-02-23 at 00_37_49.csv,"Tạo landing chuyển đổi (giá/vé/đặt chỗ), gom vào cluster page + build backlink nội bộ",B,825.0,-90.0%,"10,237"
khách sạn đồng hới quảng bình,Khách sạn Quảng Bình,Lưu trú,In-scope Quảng Bình,Transaction,500,N/A,N/A,N/A,Planner (Cao),data/google_planner/quang-binh/Keyword Stats 2026-02-23 at 00_37_49.csv,"Tạo landing chuyển đổi (giá/vé/đặt chỗ), gom vào cluster page + build backlink nội bộ",B,825.0,-90.0%,"13,786"
khách sạn quảng bình gần biển,Khách sạn Quảng Bình,Lưu trú,In-scope Quảng Bình,Transaction,500,N/A,N/A,N/A,Planner (Cao),data/google_planner/quang-binh/Keyword Stats 2026-02-23 at 00_37_49.csv,"Tạo landing chuyển đổi (giá/vé/đặt chỗ), gom vào cluster page + build backlink nội bộ",B,825.0,0%,"10,306"
khách sạn ở đồng hới quảng bình,Khách sạn Quảng Bình,Lưu trú,In-scope Quảng Bình,Transaction,500,N/A,N/A,N/A,Planner (Cao),data/google_planner/quang-binh/Keyword Stats 2026-02-23 at 00_37_49.csv,"Tạo landing chuyển đổi (giá/vé/đặt chỗ), gom vào cluster page + build backlink nội bộ",B,825.0,-90.0%,"21,479"
khách sạn tại đồng hới,Khách sạn Quảng Bình,Lưu trú,In-scope Quảng Bình,Transaction,500,N/A,N/A,N/A,Planner (Cao),data/google_planner/quang-binh/Keyword Stats 2026-02-23 at 00_37_49.csv,"Tạo landing chuyển đổi (giá/vé/đặt chỗ), gom vào cluster page + build backlink nội bộ",B,825.0,-90.0%,"8,317"
khách sạn mường thanh đồng hới,Khách sạn Quảng Bình,Lưu trú,In-scope Quảng Bình,Transaction,500,N/A,N/A,N/A,Planner (Thấp),data/google_planner/quang-binh/Keyword Stats 2026-02-23 at 00_37_49.csv,"Tạo landing chuyển đổi (giá/vé/đặt chỗ), gom vào cluster page + build backlink nội bộ",B,825.0,0%,"12,581"
khách sạn đồng hới gần biển nhật lệ,Khách sạn Quảng Bình,Lưu trú,In-scope Quảng Bình,Transaction,500,N/A,N/A,N/A,Planner (Cao),data/google_planner/quang-binh/Keyword Stats 2026-02-23 at 00_37_49.csv,"Tạo landing chuyển đổi (giá/vé/đặt chỗ), gom vào cluster page + build backlink nội bộ",B,825.0,0%,"18,974"
khách sạn nhật lệ quảng bình,Khách sạn Quảng Bình,Lưu trú,In-scope Quảng Bình,Transaction,500,N/A,N/A,N/A,Planner (Cao),data/google_planner/quang-binh/Keyword Stats 2026-02-23 at 00_37_49.csv,"Tạo landing chuyển đổi (giá/vé/đặt chỗ), gom vào cluster page + build backlink nội bộ",B,825.0,0%,"10,009"
khách sạn tại đồng hới quảng bình,Khách sạn Quảng Bình,Lưu trú,In-scope Quảng Bình,Transaction,500,N/A,N/A,N/A,Planner (Cao),data/google_planner/quang-binh/Keyword Stats 2026-02-23 at 00_37_49.csv,"Tạo landing chuyển đổi (giá/vé/đặt chỗ), gom vào cluster page + build backlink nội bộ",B,825.0,0%,"11,794"
khách sạn duy tân quảng bình,Khách sạn Quảng Bình,Lưu trú,In-scope Quảng Bình,Transaction,500,N/A,N/A,N/A,Planner (Thấp),data/google_planner/quang-binh/Keyword Stats 2026-02-23 at 00_37_49.csv,"Tạo landing chuyển đổi (giá/vé/đặt chỗ), gom vào cluster page + build backlink nội bộ",B,825.0,0%,"6,690"
vĩnh hoàng hotel quảng bình,Khách sạn Quảng Bình,Lưu trú,In-scope Quảng Bình,Transaction,500,N/A,N/A,N/A,Planner (Trung bình),data/google_planner/quang-binh/Keyword Stats 2026-02-23 at 00_37_49.csv,"Tạo landing chuyển đổi (giá/vé/đặt chỗ), gom vào cluster page + build backlink nội bộ",B,825.0,0%,"19,594"
khách sạn gold coast quảng bình,Khách sạn Quảng Bình,Lưu trú,In-scope Quảng Bình,Transaction,500,N/A,N/A,N/A,Planner (Cao),data/google_planner/quang-binh/Keyword Stats 2026-02-23 at 00_37_49.csv,"Tạo landing chuyển đổi (giá/vé/đặt chỗ), gom vào cluster page + build backlink nội bộ",B,825.0,0%,"3,893"
khách sạn phương bắc quảng bình,Khách sạn Quảng Bình,Lưu trú,In-scope Quảng Bình,Transaction,500,N/A,N/A,N/A,Planner (Trung bình),data/google_planner/quang-binh/Keyword Stats 2026-02-23 at 00_37_49.csv,"Tạo landing chuyển đổi (giá/vé/đặt chỗ), gom vào cluster page + build backlink nội bộ",B,825.0,0%,"6,928"
khách sạn amanda quảng bình,Khách sạn Quảng Bình,Lưu trú,In-scope Quảng Bình,Transaction,500,N/A,N/A,N/A,Planner (Trung bình),data/google_planner/quang-binh/Keyword Stats 2026-02-23 at 00_37_49.csv,"Tạo landing chuyển đổi (giá/vé/đặt chỗ), gom vào cluster page + build backlink nội bộ",B,825.0,0%,"5,516"
khách sạn thành phố đồng hới,Khách sạn Quảng Bình,Lưu trú,In-scope Quảng Bình,Transaction,500,N/A,N/A,N/A,Planner (Trung bình),data/google_planner/quang-binh/Keyword Stats 2026-02-23 at 00_37_49.csv,"Tạo landing chuyển đổi (giá/vé/đặt chỗ), gom vào cluster page + build backlink nội bộ",B,825.0,0%,"18,687"
khách sạn tân bình đồng hới,Khách sạn Quảng Bình,Lưu trú,In-scope Quảng Bình,Transaction,500,N/A,N/A,N/A,Planner (Trung bình),data/google_planner/quang-binh/Keyword Stats 2026-02-23 at 00_37_49.csv,"Tạo landing chuyển đổi (giá/vé/đặt chỗ), gom vào cluster page + build backlink nội bộ",B,825.0,0%,"8,375"
resort đồng hới,Khách sạn Quảng Bình,Lưu trú,In-scope Quảng Bình,Transaction,500,N/A,N/A,N/A,Planner (Cao),data/google_planner/quang-binh/Keyword Stats 2026-02-23 at 00_37_49.csv,"Tạo landing chuyển đổi (giá/vé/đặt chỗ), gom vào cluster page + build backlink nội bộ",B,825.0,0%,"5,926"
khách sạn quảng bình đồng hới,Khách sạn Quảng Bình,Lưu trú,In-scope Quảng Bình,Transaction,500,N/A,N/A,N/A,Planner (Cao),data/google_planner/quang-binh/Keyword Stats 2026-02-23 at 00_37_49.csv,"Tạo landing chuyển đổi (giá/vé/đặt chỗ), gom vào cluster page + build backlink nội bộ",B,825.0,0%,"10,320"
khách sạn cao minh quảng bình,Khách sạn Quảng Bình,Lưu trú,In-scope Quảng Bình,Transaction,500,N/A,N/A,N/A,Planner (Thấp),data/google_planner/quang-binh/Keyword Stats 2026-02-23 at 00_37_49.csv,"Tạo landing chuyển đổi (giá/vé/đặt chỗ), gom vào cluster page + build backlink nội bộ",B,825.0,0%,"5,778"
khách sạn biển nhật lệ quảng bình,Khách sạn Quảng Bình,Lưu trú,In-scope Quảng Bình,Transaction,500,N/A,N/A,N/A,Planner (Cao),data/google_planner/quang-binh/Keyword Stats 2026-02-23 at 00_37_49.csv,"Tạo landing chuyển đổi (giá/vé/đặt chỗ), gom vào cluster page + build backlink nội bộ",B,825.0,0%,"12,362"
khách sạn tp đồng hới,Khách sạn Quảng Bình,Lưu trú,In-scope Quảng Bình,Transaction,500,N/A,N/A,N/A,Planner (Trung bình),data/google_planner/quang-binh/Keyword Stats 2026-02-23 at 00_37_49.csv,"Tạo landing chuyển đổi (giá/vé/đặt chỗ), gom vào cluster page + build backlink nội bộ",B,825.0,0%,"18,687"
duy tan quang binh hotel & resort,Khách sạn Quảng Bình,Lưu trú,In-scope Quảng Bình,Transaction,500,N/A,N/A,N/A,Planner (Trung bình),data/google_planner/quang-binh/Keyword Stats 2026-02-23 at 00_37_49.csv,"Tạo landing chuyển đổi (giá/vé/đặt chỗ), gom vào cluster page + build backlink nội bộ",B,825.0,0%,"6,511"
hotel quảng bình,Khách sạn Quảng Bình,Lưu trú,In-scope Quảng Bình,Transaction,500,N/A,N/A,N/A,Planner (Trung bình),data/google_planner/quang-binh/Keyword Stats 2026-02-23 at 00_37_49.csv,"Tạo landing chuyển đổi (giá/vé/đặt chỗ), gom vào cluster page + build backlink nội bộ",B,825.0,0%,"37,444"
khách sạn 3 sao quảng bình,Khách sạn Quảng Bình,Lưu trú,In-scope Quảng Bình,Transaction,500,N/A,N/A,N/A,Planner (Trung bình),data/google_planner/quang-binh/Keyword Stats 2026-02-23 at 00_37_49.csv,"Tạo landing chuyển đổi (giá/vé/đặt chỗ), gom vào cluster page + build backlink nội bộ",B,825.0,-90.0%,"2,112"
khách sạn 4 sao quảng bình,Khách sạn Quảng Bình,Lưu trú,In-scope Quảng Bình,Transaction,500,N/A,N/A,N/A,Planner (Trung bình),data/google_planner/quang-binh/Keyword Stats 2026-02-23 at 00_37_49.csv,"Tạo landing chuyển đổi (giá/vé/đặt chỗ), gom vào cluster page + build backlink nội bộ",B,825.0,-90.0%,"2,369"
khách sạn 5 sao quảng bình,Khách sạn Quảng Bình,Lưu trú,In-scope Quảng Bình,Transaction,500,N/A,N/A,N/A,Planner (Trung bình),data/google_planner/quang-binh/Keyword Stats 2026-02-23 at 00_37_49.csv,"Tạo landing chuyển đổi (giá/vé/đặt chỗ), gom vào cluster page + build backlink nội bộ",B,825.0,-90.0%,"2,419"
khách sạn 3 sao ở đồng hới quảng bình,Khách sạn Quảng Bình,Lưu trú,In-scope Quảng Bình,Transaction,500,N/A,N/A,N/A,Planner (Cao),data/google_planner/quang-binh/Keyword Stats 2026-02-23 at 00_37_49.csv,"Tạo landing chuyển đổi (giá/vé/đặt chỗ), gom vào cluster page + build backlink nội bộ",B,825.0,0%,"4,214"
khách sạn mường thanh đồng hới quảng bình,Khách sạn Quảng Bình,Lưu trú,In-scope Quảng Bình,Transaction,500,N/A,N/A,N/A,Planner (Trung bình),data/google_planner/quang-binh/Keyword Stats 2026-02-23 at 00_37_49.csv,"Tạo landing chuyển đổi (giá/vé/đặt chỗ), gom vào cluster page + build backlink nội bộ",B,825.0,0%,"15,713"
khách sạn windy hotel quảng bình,Khách sạn Quảng Bình,Lưu trú,In-scope Quảng Bình,Transaction,500,N/A,N/A,N/A,Planner (Thấp),data/google_planner/quang-binh/Keyword Stats 2026-02-23 at 00_37_49.csv,"Tạo landing chuyển đổi (giá/vé/đặt chỗ), gom vào cluster page + build backlink nội bộ",B,825.0,0%,"7,791"
khách sạn đường trương pháp quảng bình,Khách sạn Quảng Bình,Lưu trú,In-scope Quảng Bình,Transaction,500,N/A,N/A,N/A,Planner (Cao),data/google_planner/quang-binh/Keyword Stats 2026-02-23 at 00_37_49.csv,"Tạo landing chuyển đổi (giá/vé/đặt chỗ), gom vào cluster page + build backlink nội bộ",B,825.0,0%,"3,851"
resort gold coast quảng bình,Khách sạn Quảng Bình,Lưu trú,In-scope Quảng Bình,Transaction,500,N/A,N/A,N/A,Planner (Cao),data/google_planner/quang-binh/Keyword Stats 2026-02-23 at 00_37_49.csv,"Tạo landing chuyển đổi (giá/vé/đặt chỗ), gom vào cluster page + build backlink nội bộ",B,825.0,0%,"3,636"
royal hotel quảng bình,Khách sạn Quảng Bình,Lưu trú,In-scope Quảng Bình,Transaction,500,N/A,N/A,N/A,Planner (Trung bình),data/google_planner/quang-binh/Keyword Stats 2026-02-23 at 00_37_49.csv,"Tạo landing chuyển đổi (giá/vé/đặt chỗ), gom vào cluster page + build backlink nội bộ",B,825.0,0%,"4,934"
sun spa resort quảng bình review,Khách sạn Quảng Bình,Lưu trú,In-scope Quảng Bình,Commercial Investigation,500,N/A,N/A,N/A,Planner (Thấp),data/google_planner/quang-binh/Keyword Stats 2026-02-23 at 00_37_49.csv,Viết bài top-list/so sánh; map vào cluster hub; bổ sung schema + ảnh/UGC,B,825.0,0%,"3,534"
duy tân hotel & resort quảng bình,Khách sạn Quảng Bình,Lưu trú,In-scope Quảng Bình,Transaction,500,N/A,N/A,N/A,Planner (Thấp),data/google_planner/quang-binh/Keyword Stats 2026-02-23 at 00_37_49.csv,"Tạo landing chuyển đổi (giá/vé/đặt chỗ), gom vào cluster page + build backlink nội bộ",B,750.0,0%,0
khách sạn ngân hà quảng bình,Khách sạn Quảng Bình,Lưu trú,In-scope Quảng Bình,Transaction,500,N/A,N/A,N/A,Planner (Thấp),data/google_planner/quang-binh/Keyword Stats 2026-02-23 at 00_37_49.csv,"Tạo landing chuyển đổi (giá/vé/đặt chỗ), gom vào cluster page + build backlink nội bộ",B,750.0,0%,0
cao minh hotel quảng bình,Khách sạn Quảng Bình,Lưu trú,In-scope Quảng Bình,Transaction,500,N/A,N/A,N/A,Planner (Thấp),data/google_planner/quang-binh/Keyword Stats 2026-02-23 at 00_37_49.csv,"Tạo landing chuyển đổi (giá/vé/đặt chỗ), gom vào cluster page + build backlink nội bộ",B,750.0,0%,0
hotel & resort 5 sao pullman quang binh,Khách sạn Quảng Bình,Lưu trú,In-scope Quảng Bình,Transaction,500,N/A,N/A,N/A,Planner (Thấp),data/google_planner/quang-binh/Keyword Stats 2026-02-23 at 00_37_49.csv,"Tạo landing chuyển đổi (giá/vé/đặt chỗ), gom vào cluster page + build backlink nội bộ",B,750.0,0%,0
khách sạn ban mai quảng bình,Khách sạn Quảng Bình,Lưu trú,In-scope Quảng Bình,Transaction,500,N/A,N/A,N/A,Planner (Thấp),data/google_planner/quang-binh/Keyword Stats 2026-02-23 at 00_37_49.csv,"Tạo landing chuyển đổi (giá/vé/đặt chỗ), gom vào cluster page + build backlink nội bộ",B,750.0,0%,0
khách sạn bãi biển nhật lệ quảng bình,Khách sạn Quảng Bình,Lưu trú,In-scope Quảng Bình,Transaction,500,N/A,N/A,N/A,Planner (Cao),data/google_planner/quang-binh/Keyword Stats 2026-02-23 at 00_37_49.csv,"Tạo landing chuyển đổi (giá/vé/đặt chỗ), gom vào cluster page + build backlink nội bộ",B,750.0,0%,0
khách sạn bãi đá nhảy quảng bình,Khách sạn Quảng Bình,Lưu trú,In-scope Quảng Bình,Transaction,500,N/A,N/A,N/A,Planner (Cao),data/google_planner/quang-binh/Keyword Stats 2026-02-23 at 00_37_49.csv,"Tạo landing chuyển đổi (giá/vé/đặt chỗ), gom vào cluster page + build backlink nội bộ",B,750.0,0%,0
khách sạn công đoàn quảng bình,Khách sạn Quảng Bình,Lưu trú,In-scope Quảng Bình,Transaction,500,N/A,N/A,N/A,Planner (Thấp),data/google_planner/quang-binh/Keyword Stats 2026-02-23 at 00_37_49.csv,"Tạo landing chuyển đổi (giá/vé/đặt chỗ), gom vào cluster page + build backlink nội bộ",B,750.0,0%,0
khách sạn gần biển nhật lệ quảng bình,Khách sạn Quảng Bình,Lưu trú,In-scope Quảng Bình,Transaction,500,N/A,N/A,N/A,Planner (Trung bình),data/google_planner/quang-binh/Keyword Stats 2026-02-23 at 00_37_49.csv,"Tạo landing chuyển đổi (giá/vé/đặt chỗ), gom vào cluster page + build backlink nội bộ",B,750.0,0%,0
khách sạn osaka quảng bình,Khách sạn Quảng Bình,Lưu trú,In-scope Quảng Bình,Transaction,500,N/A,N/A,N/A,Planner (Thấp),data/google_planner/quang-binh/Keyword Stats 2026-02-23 at 00_37_49.csv,"Tạo landing chuyển đổi (giá/vé/đặt chỗ), gom vào cluster page + build backlink nội bộ",B,750.0,0%,0
khách sạn sea star quảng bình,Khách sạn Quảng Bình,Lưu trú,In-scope Quảng Bình,Transaction,500,N/A,N/A,N/A,Planner (Trung bình),data/google_planner/quang-binh/Keyword Stats 2026-02-23 at 00_37_49.csv,"Tạo landing chuyển đổi (giá/vé/đặt chỗ), gom vào cluster page + build backlink nội bộ",B,750.0,0%,0
khách sạn sunrise quảng bình,Khách sạn Quảng Bình,Lưu trú,In-scope Quảng Bình,Transaction,500,N/A,N/A,N/A,Planner (Thấp),data/google_planner/quang-binh/Keyword Stats 2026-02-23 at 00_37_49.csv,"Tạo landing chuyển đổi (giá/vé/đặt chỗ), gom vào cluster page + build backlink nội bộ",B,750.0,0%,0
ngân hà hotel quảng bình,Khách sạn Quảng Bình,Lưu trú,In-scope Quảng Bình,Transaction,500,N/A,N/A,N/A,Planner (Thấp),data/google_planner/quang-binh/Keyword Stats 2026-02-23 at 00_37_49.csv,"Tạo landing chuyển đổi (giá/vé/đặt chỗ), gom vào cluster page + build backlink nội bộ",B,750.0,0%,0
phương bắc hotel quảng bình,Khách sạn Quảng Bình,Lưu trú,In-scope Quảng Bình,Transaction,500,N/A,N/A,N/A,Planner (Trung bình),data/google_planner/quang-binh/Keyword Stats 2026-02-23 at 00_37_49.csv,"Tạo landing chuyển đổi (giá/vé/đặt chỗ), gom vào cluster page + build backlink nội bộ",B,750.0,0%,0
khách sạn đồng hới giá rẻ,Khách sạn Quảng Bình,Lưu trú,In-scope Quảng Bình,Transaction,50,N/A,N/A,N/A,Planner (Cao),data/google_planner/quang-binh/Keyword Stats 2026-02-23 at 00_37_49.csv,"Tạo landing chuyển đổi (giá/vé/đặt chỗ), gom vào cluster page + build backlink nội bộ",B,82.50000000000001,0%,"9,465"
khách sạn giá rẻ đồng hới,Khách sạn Quảng Bình,Lưu trú,In-scope Quảng Bình,Transaction,50,N/A,N/A,N/A,Planner (Cao),data/google_planner/quang-binh/Keyword Stats 2026-02-23 at 00_37_49.csv,"Tạo landing chuyển đổi (giá/vé/đặt chỗ), gom vào cluster page + build backlink nội bộ",B,82.50000000000001,0%,"11,005"
resort quảng binh,Khách sạn Quảng Bình,Lưu trú,In-scope Quảng Bình,Transaction,50,N/A,N/A,N/A,Planner (Cao),data/google_planner/quang-binh/Keyword Stats 2026-02-23 at 00_37_49.csv,"Tạo landing chuyển đổi (giá/vé/đặt chỗ), gom vào cluster page + build backlink nội bộ",B,82.50000000000001,0%,"5,344"
khách sạn mường thanh quảng binh,Khách sạn Quảng Bình,Lưu trú,In-scope Quảng Bình,Transaction,50,N/A,N/A,N/A,Planner (Trung bình),data/google_planner/quang-binh/Keyword Stats 2026-02-23 at 00_37_49.csv,"Tạo landing chuyển đổi (giá/vé/đặt chỗ), gom vào cluster page + build backlink nội bộ",B,82.50000000000001,0%,"19,615"
khach san o quang binh,Khách sạn Quảng Bình,Lưu trú,In-scope Quảng Bình,Transaction,50,N/A,N/A,N/A,Planner (Cao),data/google_planner/quang-binh/Keyword Stats 2026-02-23 at 00_37_49.csv,"Tạo landing chuyển đổi (giá/vé/đặt chỗ), gom vào cluster page + build backlink nội bộ",B,82.50000000000001,0%,"14,472"
đặt phòng khách sạn đồng hới,Khách sạn Quảng Bình,Lưu trú,In-scope Quảng Bình,Transaction,50,N/A,N/A,N/A,Planner (Cao),data/google_planner/quang-binh/Keyword Stats 2026-02-23 at 00_37_49.csv,"Tạo landing chuyển đổi (giá/vé/đặt chỗ), gom vào cluster page + build backlink nội bộ",B,82.50000000000001,0%,"46,588"
khách sạn ckc thiên đường quảng bình,Khách sạn Quảng Bình,Lưu trú,In-scope Quảng Bình,Transaction,50,N/A,N/A,N/A,Planner (Trung bình),data/google_planner/quang-binh/Keyword Stats 2026-02-23 at 00_37_49.csv,"Tạo landing chuyển đổi (giá/vé/đặt chỗ), gom vào cluster page + build backlink nội bộ",B,82.50000000000001,0%,"4,789"
resort quảng bình gần biển,Khách sạn Quảng Bình,Lưu trú,In-scope Quảng Bình,Transaction,50,N/A,N/A,N/A,Planner (Cao),data/google_planner/quang-binh/Keyword Stats 2026-02-23 at 00_37_49.csv,"Tạo landing chuyển đổi (giá/vé/đặt chỗ), gom vào cluster page + build backlink nội bộ",B,82.50000000000001,0%,"4,037"
khách sạn mường thanh holiday quảng bình,Khách sạn Quảng Bình,Lưu trú,In-scope Quảng Bình,Transaction,50,N/A,N/A,N/A,Planner (Cao),data/google_planner/quang-binh/Keyword Stats 2026-02-23 at 00_37_49.csv,"Tạo landing chuyển đổi (giá/vé/đặt chỗ), gom vào cluster page + build backlink nội bộ",B,82.50000000000001,0%,"16,202"
khách sạn windy quảng bình,Khách sạn Quảng Bình,Lưu trú,In-scope Quảng Bình,Transaction,50,N/A,N/A,N/A,Planner (Cao),data/google_planner/quang-binh/Keyword Stats 2026-02-23 at 00_37_49.csv,"Tạo landing chuyển đổi (giá/vé/đặt chỗ), gom vào cluster page + build backlink nội bộ",B,82.50000000000001,0%,"3,837"
khách sạn thiên đường quảng bình,Khách sạn Quảng Bình,Lưu trú,In-scope Quảng Bình,Transaction,50,N/A,N/A,N/A,Planner (Trung bình),data/google_planner/quang-binh/Keyword Stats 2026-02-23 at 00_37_49.csv,"Tạo landing chuyển đổi (giá/vé/đặt chỗ), gom vào cluster page + build backlink nội bộ",B,82.50000000000001,0%,"4,538"
khách sạn vinpearl quảng bình,Khách sạn Quảng Bình,Lưu trú,In-scope Quảng Bình,Transaction,50,N/A,N/A,N/A,Planner (Cao),data/google_planner/quang-binh/Keyword Stats 2026-02-23 at 00_37_49.csv,"Tạo landing chuyển đổi (giá/vé/đặt chỗ), gom vào cluster page + build backlink nội bộ",B,82.50000000000001,0%,"9,547"
cagina boutique hostel quảng bình,Khách sạn Quảng Bình,Lưu trú,In-scope Quảng Bình,Transaction,50,N/A,N/A,N/A,Planner (Trung bình),data/google_planner/quang-binh/Keyword Stats 2026-02-23 at 00_37_49.csv,"Tạo landing chuyển đổi (giá/vé/đặt chỗ), gom vào cluster page + build backlink nội bộ",B,82.50000000000001,0%,"34,580"
các khách sạn ở quảng bình,Khách sạn Quảng Bình,Lưu trú,In-scope Quảng Bình,Transaction,50,N/A,N/A,N/A,Planner (Cao),data/google_planner/quang-binh/Keyword Stats 2026-02-23 at 00_37_49.csv,"Tạo landing chuyển đổi (giá/vé/đặt chỗ), gom vào cluster page + build backlink nội bộ",B,82.50000000000001,0%,"8,966"
các khách sạn ở đồng hới quảng bình,Khách sạn Quảng Bình,Lưu trú,In-scope Quảng Bình,Transaction,50,N/A,N/A,N/A,Planner (Cao),data/google_planner/quang-binh/Keyword Stats 2026-02-23 at 00_37_49.csv,"Tạo landing chuyển đổi (giá/vé/đặt chỗ), gom vào cluster page + build backlink nội bộ",B,82.50000000000001,0%,"6,836"
các resort quảng bình,Khách sạn Quảng Bình,Lưu trú,In-scope Quảng Bình,Transaction,50,N/A,N/A,N/A,Planner (Cao),data/google_planner/quang-binh/Keyword Stats 2026-02-23 at 00_37_49.csv,"Tạo landing chuyển đổi (giá/vé/đặt chỗ), gom vào cluster page + build backlink nội bộ",B,82.50000000000001,0%,779
các resort đẹp ở quảng bình,Khách sạn Quảng Bình,Lưu trú,In-scope Quảng Bình,Transaction,50,N/A,N/A,N/A,Planner (Cao),data/google_planner/quang-binh/Keyword Stats 2026-02-23 at 00_37_49.csv,"Tạo landing chuyển đổi (giá/vé/đặt chỗ), gom vào cluster page + build backlink nội bộ",B,82.50000000000001,0%,"4,553"
các resort ở quảng bình,Khách sạn Quảng Bình,Lưu trú,In-scope Quảng Bình,Transaction,50,N/A,N/A,N/A,Planner (Cao),data/google_planner/quang-binh/Keyword Stats 2026-02-23 at 00_37_49.csv,"Tạo landing chuyển đổi (giá/vé/đặt chỗ), gom vào cluster page + build backlink nội bộ",B,82.50000000000001,0%,"3,511"
flc quảng bình beach & golf resort,Khách sạn Quảng Bình,Lưu trú,In-scope Quảng Bình,Transaction,50,N/A,N/A,N/A,Planner (Thấp),data/google_planner/quang-binh/Keyword Stats 2026-02-23 at 00_37_49.csv,"Tạo landing chuyển đổi (giá/vé/đặt chỗ), gom vào cluster page + build backlink nội bộ",B,82.50000000000001,0%,"7,609"
gold coast hotel resort & spa quảng bình,Khách sạn Quảng Bình,Lưu trú,In-scope Quảng Bình,Transaction,50,N/A,N/A,N/A,Planner (Cao),data/google_planner/quang-binh/Keyword Stats 2026-02-23 at 00_37_49.csv,"Tạo landing chuyển đổi (giá/vé/đặt chỗ), gom vào cluster page + build backlink nội bộ",B,82.50000000000001,0%,"20,198"
gold coast resort & spa quảng bình,Khách sạn Quảng Bình,Lưu trú,In-scope Quảng Bình,Transaction,50,N/A,N/A,N/A,Planner (Trung bình),data/google_planner/quang-binh/Keyword Stats 2026-02-23 at 00_37_49.csv,"Tạo landing chuyển đổi (giá/vé/đặt chỗ), gom vào cluster page + build backlink nội bộ",B,82.50000000000001,0%,"14,138"
hotel in quang binh,Khách sạn Quảng Bình,Lưu trú,In-scope Quảng Bình,Transaction,50,N/A,N/A,N/A,Planner (Cao),data/google_planner/quang-binh/Keyword Stats 2026-02-23 at 00_37_49.csv,"Tạo landing chuyển đổi (giá/vé/đặt chỗ), gom vào cluster page + build backlink nội bộ",B,82.50000000000001,0%,"61,972"
hotel đồng hới,Khách sạn Quảng Bình,Lưu trú,In-scope Quảng Bình,Transaction,50,N/A,N/A,N/A,Planner (Trung bình),data/google_planner/quang-binh/Keyword Stats 2026-02-23 at 00_37_49.csv,"Tạo landing chuyển đổi (giá/vé/đặt chỗ), gom vào cluster page + build backlink nội bộ",B,82.50000000000001,0%,"17,919"
khách sạn 3 sao đồng hới,Khách sạn Quảng Bình,Lưu trú,In-scope Quảng Bình,Transaction,50,N/A,N/A,N/A,Planner (Trung bình),data/google_planner/quang-binh/Keyword Stats 2026-02-23 at 00_37_49.csv,"Tạo landing chuyển đổi (giá/vé/đặt chỗ), gom vào cluster page + build backlink nội bộ",B,82.50000000000001,0%,"7,791"
khách sạn 3 sao ở đồng hới,Khách sạn Quảng Bình,Lưu trú,In-scope Quảng Bình,Transaction,50,N/A,N/A,N/A,Planner (Trung bình),data/google_planner/quang-binh/Keyword Stats 2026-02-23 at 00_37_49.csv,"Tạo landing chuyển đổi (giá/vé/đặt chỗ), gom vào cluster page + build backlink nội bộ",B,82.50000000000001,0%,"11,835"
khách sạn 4 sao đồng hới,Khách sạn Quảng Bình,Lưu trú,In-scope Quảng Bình,Transaction,50,N/A,N/A,N/A,Planner (Cao),data/google_planner/quang-binh/Keyword Stats 2026-02-23 at 00_37_49.csv,"Tạo landing chuyển đổi (giá/vé/đặt chỗ), gom vào cluster page + build backlink nội bộ",B,82.50000000000001,0%,"4,253"
khách sạn 4 sao ở quảng bình,Khách sạn Quảng Bình,Lưu trú,In-scope Quảng Bình,Transaction,50,N/A,N/A,N/A,Planner (Trung bình),data/google_planner/quang-binh/Keyword Stats 2026-02-23 at 00_37_49.csv,"Tạo landing chuyển đổi (giá/vé/đặt chỗ), gom vào cluster page + build backlink nội bộ",B,82.50000000000001,0%,"3,376"
khách sạn 5 sao đồng hới,Khách sạn Quảng Bình,Lưu trú,In-scope Quảng Bình,Transaction,50,N/A,N/A,N/A,Planner (Cao),data/google_planner/quang-binh/Keyword Stats 2026-02-23 at 00_37_49.csv,"Tạo landing chuyển đổi (giá/vé/đặt chỗ), gom vào cluster page + build backlink nội bộ",B,82.50000000000001,0%,"9,032"
khách sạn 5 sao ở quảng bình,Khách sạn Quảng Bình,Lưu trú,In-scope Quảng Bình,Transaction,50,N/A,N/A,N/A,Planner (Trung bình),data/google_planner/quang-binh/Keyword Stats 2026-02-23 at 00_37_49.csv,"Tạo landing chuyển đổi (giá/vé/đặt chỗ), gom vào cluster page + build backlink nội bộ",B,82.50000000000001,0%,"4,884"
khách sạn amanda đồng hới,Khách sạn Quảng Bình,Lưu trú,In-scope Quảng Bình,Transaction,50,N/A,N/A,N/A,Planner (Trung bình),data/google_planner/quang-binh/Keyword Stats 2026-02-23 at 00_37_49.csv,"Tạo landing chuyển đổi (giá/vé/đặt chỗ), gom vào cluster page + build backlink nội bộ",B,82.50000000000001,0%,"7,617"
khách sạn anh linh 2 đồng hới,Khách sạn Quảng Bình,Lưu trú,In-scope Quảng Bình,Transaction,50,N/A,N/A,N/A,Planner (Cao),data/google_planner/quang-binh/Keyword Stats 2026-02-23 at 00_37_49.csv,"Tạo landing chuyển đổi (giá/vé/đặt chỗ), gom vào cluster page + build backlink nội bộ",B,82.50000000000001,0%,"9,760"
khách sạn ba đồn,Khách sạn Quảng Bình,Lưu trú,In-scope Quảng Bình,Transaction,50,N/A,N/A,N/A,Planner (Trung bình),data/google_planner/quang-binh/Keyword Stats 2026-02-23 at 00_37_49.csv,"Tạo landing chuyển đổi (giá/vé/đặt chỗ), gom vào cluster page + build backlink nội bộ",B,82.50000000000001,0%,"9,760"
khách sạn ba đồn quảng bình,Khách sạn Quảng Bình,Lưu trú,In-scope Quảng Bình,Transaction,50,N/A,N/A,N/A,Planner (Cao),data/google_planner/quang-binh/Keyword Stats 2026-02-23 at 00_37_49.csv,"Tạo landing chuyển đổi (giá/vé/đặt chỗ), gom vào cluster page + build backlink nội bộ",B,82.50000000000001,0%,"11,457"
khách sạn biển vàng đồng hới,Khách sạn Quảng Bình,Lưu trú,In-scope Quảng Bình,Transaction,50,N/A,N/A,N/A,Planner (Thấp),data/google_planner/quang-binh/Keyword Stats 2026-02-23 at 00_37_49.csv,"Tạo landing chuyển đổi (giá/vé/đặt chỗ), gom vào cluster page + build backlink nội bộ",B,82.50000000000001,0%,"7,512"
khách sạn ckc quảng bình,Khách sạn Quảng Bình,Lưu trú,In-scope Quảng Bình,Transaction,50,N/A,N/A,N/A,Planner (Trung bình),data/google_planner/quang-binh/Keyword Stats 2026-02-23 at 00_37_49.csv,"Tạo landing chuyển đổi (giá/vé/đặt chỗ), gom vào cluster page + build backlink nội bộ",B,82.50000000000001,0%,"4,588"
khách sạn gold coast đồng hới,Khách sạn Quảng Bình,Lưu trú,In-scope Quảng Bình,Transaction,50,N/A,N/A,N/A,Planner (Cao),data/google_planner/quang-binh/Keyword Stats 2026-02-23 at 00_37_49.csv,"Tạo landing chuyển đổi (giá/vé/đặt chỗ), gom vào cluster page + build backlink nội bộ",B,82.50000000000001,0%,"5,474"
khách sạn gần ga đồng hới,Khách sạn Quảng Bình,Lưu trú,In-scope Quảng Bình,Transaction,50,N/A,N/A,N/A,Planner (Cao),data/google_planner/quang-binh/Keyword Stats 2026-02-23 at 00_37_49.csv,"Tạo landing chuyển đổi (giá/vé/đặt chỗ), gom vào cluster page + build backlink nội bộ",B,82.50000000000001,0%,"20,516"
khách sạn hoa mai quảng bình,Khách sạn Quảng Bình,Lưu trú,In-scope Quảng Bình,Transaction,50,N/A,N/A,N/A,Planner (Trung bình),data/google_planner/quang-binh/Keyword Stats 2026-02-23 at 00_37_49.csv,"Tạo landing chuyển đổi (giá/vé/đặt chỗ), gom vào cluster page + build backlink nội bộ",B,82.50000000000001,0%,"12,259"
khách sạn hoa mai đồng hới,Khách sạn Quảng Bình,Lưu trú,In-scope Quảng Bình,Transaction,50,N/A,N/A,N/A,Planner (Trung bình),data/google_planner/quang-binh/Keyword Stats 2026-02-23 at 00_37_49.csv,"Tạo landing chuyển đổi (giá/vé/đặt chỗ), gom vào cluster page + build backlink nội bộ",B,82.50000000000001,0%,"13,387"
khách sạn hải âu quảng bình,Khách sạn Quảng Bình,Lưu trú,In-scope Quảng Bình,Transaction,50,N/A,N/A,N/A,Planner (Thấp),data/google_planner/quang-binh/Keyword Stats 2026-02-23 at 00_37_49.csv,"Tạo landing chuyển đổi (giá/vé/đặt chỗ), gom vào cluster page + build backlink nội bộ",B,82.50000000000001,0%,"7,060"
khách sạn melia quảng bình,Khách sạn Quảng Bình,Lưu trú,In-scope Quảng Bình,Transaction,50,N/A,N/A,N/A,Planner (Trung bình),data/google_planner/quang-binh/Keyword Stats 2026-02-23 at 00_37_49.csv,"Tạo landing chuyển đổi (giá/vé/đặt chỗ), gom vào cluster page + build backlink nội bộ",B,82.50000000000001,0%,"9,364"
khách sạn melia vinpearl quảng bình,Khách sạn Quảng Bình,Lưu trú,In-scope Quảng Bình,Transaction,50,N/A,N/A,N/A,Planner (Cao),data/google_planner/quang-binh/Keyword Stats 2026-02-23 at 00_37_49.csv,"Tạo landing chuyển đổi (giá/vé/đặt chỗ), gom vào cluster page + build backlink nội bộ",B,82.50000000000001,0%,"12,556"
khách sạn mường thanh luxury nhật lệ quảng bình,Khách sạn Quảng Bình,Lưu trú,In-scope Quảng Bình,Transaction,50,N/A,N/A,N/A,Planner (Cao),data/google_planner/quang-binh/Keyword Stats 2026-02-23 at 00_37_49.csv,"Tạo landing chuyển đổi (giá/vé/đặt chỗ), gom vào cluster page + build backlink nội bộ",B,82.50000000000001,0%,"11,491"
khách sạn mường thanh luxury quảng bình,Khách sạn Quảng Bình,Lưu trú,In-scope Quảng Bình,Transaction,50,N/A,N/A,N/A,Planner (Cao),data/google_planner/quang-binh/Keyword Stats 2026-02-23 at 00_37_49.csv,"Tạo landing chuyển đổi (giá/vé/đặt chỗ), gom vào cluster page + build backlink nội bộ",B,82.50000000000001,0%,"17,074"
khách sạn mường thanh nhật lệ quảng bình,Khách sạn Quảng Bình,Lưu trú,In-scope Quảng Bình,Transaction,50,N/A,N/A,N/A,Planner (Trung bình),data/google_planner/quang-binh/Keyword Stats 2026-02-23 at 00_37_49.csv,"Tạo landing chuyển đổi (giá/vé/đặt chỗ), gom vào cluster page + build backlink nội bộ",B,82.50000000000001,0%,"23,505"
khách sạn mường thanh quảng bình 4 sao,Khách sạn Quảng Bình,Lưu trú,In-scope Quảng Bình,Transaction,50,N/A,N/A,N/A,Planner (Cao),data/google_planner/quang-binh/Keyword Stats 2026-02-23 at 00_37_49.csv,"Tạo landing chuyển đổi (giá/vé/đặt chỗ), gom vào cluster page + build backlink nội bộ",B,82.50000000000001,0%,"9,334"
khách sạn mường thanh quảng bình 5 sao,Khách sạn Quảng Bình,Lưu trú,In-scope Quảng Bình,Transaction,50,N/A,N/A,N/A,Planner (Cao),data/google_planner/quang-binh/Keyword Stats 2026-02-23 at 00_37_49.csv,"Tạo landing chuyển đổi (giá/vé/đặt chỗ), gom vào cluster page + build backlink nội bộ",B,82.50000000000001,0%,"24,918"
khách sạn năm long quảng bình,Khách sạn Quảng Bình,Lưu trú,In-scope Quảng Bình,Transaction,50,N/A,N/A,N/A,Planner (Cao),data/google_planner/quang-binh/Keyword Stats 2026-02-23 at 00_37_49.csv,"Tạo landing chuyển đổi (giá/vé/đặt chỗ), gom vào cluster page + build backlink nội bộ",B,82.50000000000001,0%,"6,492"
khách sạn nam long đồng hới,Khách sạn Quảng Bình,Lưu trú,In-scope Quảng Bình,Transaction,50,N/A,N/A,N/A,Planner (Trung bình),data/google_planner/quang-binh/Keyword Stats 2026-02-23 at 00_37_49.csv,"Tạo landing chuyển đổi (giá/vé/đặt chỗ), gom vào cluster page + build backlink nội bộ",B,82.50000000000001,0%,"10,922"
khách sạn phú cường đồng hới,Khách sạn Quảng Bình,Lưu trú,In-scope Quảng Bình,Transaction,50,N/A,N/A,N/A,Planner (Trung bình),data/google_planner/quang-binh/Keyword Stats 2026-02-23 at 00_37_49.csv,"Tạo landing chuyển đổi (giá/vé/đặt chỗ), gom vào cluster page + build backlink nội bộ",B,82.50000000000001,0%,"11,167"
khách sạn phương bắc đồng hới,Khách sạn Quảng Bình,Lưu trú,In-scope Quảng Bình,Transaction,50,N/A,N/A,N/A,Planner (Trung bình),data/google_planner/quang-binh/Keyword Stats 2026-02-23 at 00_37_49.csv,"Tạo landing chuyển đổi (giá/vé/đặt chỗ), gom vào cluster page + build backlink nội bộ",B,82.50000000000001,0%,"5,095"
khách sạn quảng bình gần biển nhật lệ,Khách sạn Quảng Bình,Lưu trú,In-scope Quảng Bình,Transaction,50,N/A,N/A,N/A,Planner (Cao),data/google_planner/quang-binh/Keyword Stats 2026-02-23 at 00_37_49.csv,"Tạo landing chuyển đổi (giá/vé/đặt chỗ), gom vào cluster page + build backlink nội bộ",B,82.50000000000001,0%,"11,945"
khách sạn rex đồng hới,Khách sạn Quảng Bình,Lưu trú,In-scope Quảng Bình,Transaction,50,N/A,N/A,N/A,Planner (Trung bình),data/google_planner/quang-binh/Keyword Stats 2026-02-23 at 00_37_49.csv,"Tạo landing chuyển đổi (giá/vé/đặt chỗ), gom vào cluster page + build backlink nội bộ",B,82.50000000000001,0%,"6,435"
khách sạn riverside đồng hới,Khách sạn Quảng Bình,Lưu trú,In-scope Quảng Bình,Transaction,50,N/A,N/A,N/A,Planner (Cao),data/google_planner/quang-binh/Keyword Stats 2026-02-23 at 00_37_49.csv,"Tạo landing chuyển đổi (giá/vé/đặt chỗ), gom vào cluster page + build backlink nội bộ",B,82.50000000000001,0%,"5,591"
khách sạn royal đồng hới,Khách sạn Quảng Bình,Lưu trú,In-scope Quảng Bình,Transaction,50,N/A,N/A,N/A,Planner (Trung bình),data/google_planner/quang-binh/Keyword Stats 2026-02-23 at 00_37_49.csv,"Tạo landing chuyển đổi (giá/vé/đặt chỗ), gom vào cluster page + build backlink nội bộ",B,82.50000000000001,0%,"4,415"
khách sạn sam đồng hới,Khách sạn Quảng Bình,Lưu trú,In-scope Quảng Bình,Transaction,50,N/A,N/A,N/A,Planner (Trung bình),data/google_planner/quang-binh/Keyword Stats 2026-02-23 at 00_37_49.csv,"Tạo landing chuyển đổi (giá/vé/đặt chỗ), gom vào cluster page + build backlink nội bộ",B,82.50000000000001,0%,"7,267"
khách sạn sun spa quảng bình,Khách sạn Quảng Bình,Lưu trú,In-scope Quảng Bình,Transaction,50,N/A,N/A,N/A,Planner (Cao),data/google_planner/quang-binh/Keyword Stats 2026-02-23 at 00_37_49.csv,"Tạo landing chuyển đổi (giá/vé/đặt chỗ), gom vào cluster page + build backlink nội bộ",B,82.50000000000001,0%,"3,027"
khách sạn thiên đường đồng hới,Khách sạn Quảng Bình,Lưu trú,In-scope Quảng Bình,Transaction,50,N/A,N/A,N/A,Planner (Trung bình),data/google_planner/quang-binh/Keyword Stats 2026-02-23 at 00_37_49.csv,"Tạo landing chuyển đổi (giá/vé/đặt chỗ), gom vào cluster page + build backlink nội bộ",B,82.50000000000001,0%,"4,223"
khách sạn thượng hải quảng bình,Khách sạn Quảng Bình,Lưu trú,In-scope Quảng Bình,Transaction,50,N/A,N/A,N/A,Planner (Cao),data/google_planner/quang-binh/Keyword Stats 2026-02-23 at 00_37_49.csv,"Tạo landing chuyển đổi (giá/vé/đặt chỗ), gom vào cluster page + build backlink nội bộ",B,82.50000000000001,0%,"4,722"
khách sạn trung tâm quảng bình,Khách sạn Quảng Bình,Lưu trú,In-scope Quảng Bình,Transaction,50,N/A,N/A,N/A,Planner (Cao),data/google_planner/quang-binh/Keyword Stats 2026-02-23 at 00_37_49.csv,"Tạo landing chuyển đổi (giá/vé/đặt chỗ), gom vào cluster page + build backlink nội bộ",B,82.50000000000001,0%,"13,476"
khách sạn tân trường sơn quảng bình,Khách sạn Quảng Bình,Lưu trú,In-scope Quảng Bình,Transaction,50,N/A,N/A,N/A,Planner (Trung bình),data/google_planner/quang-binh/Keyword Stats 2026-02-23 at 00_37_49.csv,"Tạo landing chuyển đổi (giá/vé/đặt chỗ), gom vào cluster page + build backlink nội bộ",B,82.50000000000001,0%,"5,713"
khách sạn tân trường sơn đồng hới,Khách sạn Quảng Bình,Lưu trú,In-scope Quảng Bình,Transaction,50,N/A,N/A,N/A,Planner (Cao),data/google_planner/quang-binh/Keyword Stats 2026-02-23 at 00_37_49.csv,"Tạo landing chuyển đổi (giá/vé/đặt chỗ), gom vào cluster page + build backlink nội bộ",B,82.50000000000001,0%,"4,415"
khách sạn tại thành phố đồng hới,Khách sạn Quảng Bình,Lưu trú,In-scope Quảng Bình,Transaction,50,N/A,N/A,N/A,Planner (Cao),data/google_planner/quang-binh/Keyword Stats 2026-02-23 at 00_37_49.csv,"Tạo landing chuyển đổi (giá/vé/đặt chỗ), gom vào cluster page + build backlink nội bộ",B,82.50000000000001,0%,"12,617"
khách sạn tại tp đồng hới,Khách sạn Quảng Bình,Lưu trú,In-scope Quảng Bình,Transaction,50,N/A,N/A,N/A,Planner (Cao),data/google_planner/quang-binh/Keyword Stats 2026-02-23 at 00_37_49.csv,"Tạo landing chuyển đổi (giá/vé/đặt chỗ), gom vào cluster page + build backlink nội bộ",B,82.50000000000001,0%,"12,617"
khách sạn tốt ở đồng hới,Khách sạn Quảng Bình,Lưu trú,In-scope Quảng Bình,Transaction,50,N/A,N/A,N/A,Planner (Cao),data/google_planner/quang-binh/Keyword Stats 2026-02-23 at 00_37_49.csv,"Tạo landing chuyển đổi (giá/vé/đặt chỗ), gom vào cluster page + build backlink nội bộ",B,82.50000000000001,0%,"28,662"
khách sạn vĩnh hoàng đồng hới,Khách sạn Quảng Bình,Lưu trú,In-scope Quảng Bình,Transaction,50,N/A,N/A,N/A,Planner (Cao),data/google_planner/quang-binh/Keyword Stats 2026-02-23 at 00_37_49.csv,"Tạo landing chuyển đổi (giá/vé/đặt chỗ), gom vào cluster page + build backlink nội bộ",B,82.50000000000001,0%,"5,525"
khách sạn windy đồng hới,Khách sạn Quảng Bình,Lưu trú,In-scope Quảng Bình,Transaction,50,N/A,N/A,N/A,Planner (Cao),data/google_planner/quang-binh/Keyword Stats 2026-02-23 at 00_37_49.csv,"Tạo landing chuyển đổi (giá/vé/đặt chỗ), gom vào cluster page + build backlink nội bộ",B,82.50000000000001,0%,"4,273"
khách sạn đẹp nhất quảng bình,Khách sạn Quảng Bình,Lưu trú,In-scope Quảng Bình,Transaction,50,N/A,N/A,N/A,Planner (Cao),data/google_planner/quang-binh/Keyword Stats 2026-02-23 at 00_37_49.csv,"Tạo landing chuyển đổi (giá/vé/đặt chỗ), gom vào cluster page + build backlink nội bộ",B,82.50000000000001,0%,"4,280"
khách sạn đẹp quảng bình,Khách sạn Quảng Bình,Lưu trú,In-scope Quảng Bình,Transaction,50,N/A,N/A,N/A,Planner (Cao),data/google_planner/quang-binh/Keyword Stats 2026-02-23 at 00_37_49.csv,"Tạo landing chuyển đổi (giá/vé/đặt chỗ), gom vào cluster page + build backlink nội bộ",B,82.50000000000001,0%,"5,928"
khách sạn đồng hới gần biển,Khách sạn Quảng Bình,Lưu trú,In-scope Quảng Bình,Transaction,50,N/A,N/A,N/A,Planner (Thấp),data/google_planner/quang-binh/Keyword Stats 2026-02-23 at 00_37_49.csv,"Tạo landing chuyển đổi (giá/vé/đặt chỗ), gom vào cluster page + build backlink nội bộ",B,82.50000000000001,0%,"22,797"
khách sạn ở ba đồn,Khách sạn Quảng Bình,Lưu trú,In-scope Quảng Bình,Transaction,50,N/A,N/A,N/A,Planner (Trung bình),data/google_planner/quang-binh/Keyword Stats 2026-02-23 at 00_37_49.csv,"Tạo landing chuyển đổi (giá/vé/đặt chỗ), gom vào cluster page + build backlink nội bộ",B,82.50000000000001,0%,"9,069"
khách sạn ở ba đồn quảng bình,Khách sạn Quảng Bình,Lưu trú,In-scope Quảng Bình,Transaction,50,N/A,N/A,N/A,Planner (Thấp),data/google_planner/quang-binh/Keyword Stats 2026-02-23 at 00_37_49.csv,"Tạo landing chuyển đổi (giá/vé/đặt chỗ), gom vào cluster page + build backlink nội bộ",B,82.50000000000001,0%,"16,689"
khách sạn ở biển nhật lệ quảng bình,Khách sạn Quảng Bình,Lưu trú,In-scope Quảng Bình,Transaction,50,N/A,N/A,N/A,Planner (Cao),data/google_planner/quang-binh/Keyword Stats 2026-02-23 at 00_37_49.csv,"Tạo landing chuyển đổi (giá/vé/đặt chỗ), gom vào cluster page + build backlink nội bộ",B,82.50000000000001,0%,"13,262"
khách sạn ở bảo ninh quảng bình,Khách sạn Quảng Bình,Lưu trú,In-scope Quảng Bình,Transaction,50,N/A,N/A,N/A,Planner (Cao),data/google_planner/quang-binh/Keyword Stats 2026-02-23 at 00_37_49.csv,"Tạo landing chuyển đổi (giá/vé/đặt chỗ), gom vào cluster page + build backlink nội bộ",B,82.50000000000001,0%,"5,185"
khách sạn ở thành phố đồng hới,Khách sạn Quảng Bình,Lưu trú,In-scope Quảng Bình,Transaction,50,N/A,N/A,N/A,Planner (Trung bình),data/google_planner/quang-binh/Keyword Stats 2026-02-23 at 00_37_49.csv,"Tạo landing chuyển đổi (giá/vé/đặt chỗ), gom vào cluster page + build backlink nội bộ",B,82.50000000000001,0%,"16,493"
minh quang hotel đồng hới,Khách sạn Quảng Bình,Lưu trú,In-scope Quảng Bình,Transaction,50,N/A,N/A,N/A,Planner (Trung bình),data/google_planner/quang-binh/Keyword Stats 2026-02-23 at 00_37_49.csv,"Tạo landing chuyển đổi (giá/vé/đặt chỗ), gom vào cluster page + build backlink nội bộ",B,82.50000000000001,0%,"25,027"
mường thanh quảng bình hotel,Khách sạn Quảng Bình,Lưu trú,In-scope Quảng Bình,Transaction,50,N/A,N/A,N/A,Planner (Cao),data/google_planner/quang-binh/Keyword Stats 2026-02-23 at 00_37_49.csv,"Tạo landing chuyển đổi (giá/vé/đặt chỗ), gom vào cluster page + build backlink nội bộ",B,82.50000000000001,-90.0%,"13,934"
quảng bình hotel,Khách sạn Quảng Bình,Lưu trú,In-scope Quảng Bình,Transaction,50,N/A,N/A,N/A,Planner (Trung bình),data/google_planner/quang-binh/Keyword Stats 2026-02-23 at 00_37_49.csv,"Tạo landing chuyển đổi (giá/vé/đặt chỗ), gom vào cluster page + build backlink nội bộ",B,82.50000000000001,0%,"8,297"
quảng bình khách sạn,Khách sạn Quảng Bình,Lưu trú,In-scope Quảng Bình,Transaction,50,N/A,N/A,N/A,Planner (Trung bình),data/google_planner/quang-binh/Keyword Stats 2026-02-23 at 00_37_49.csv,"Tạo landing chuyển đổi (giá/vé/đặt chỗ), gom vào cluster page + build backlink nội bộ",B,82.50000000000001,0%,"13,640"
resort 5 sao quảng bình,Khách sạn Quảng Bình,Lưu trú,In-scope Quảng Bình,Transaction,50,N/A,N/A,N/A,Planner (Trung bình),data/google_planner/quang-binh/Keyword Stats 2026-02-23 at 00_37_49.csv,"Tạo landing chuyển đổi (giá/vé/đặt chỗ), gom vào cluster page + build backlink nội bộ",B,82.50000000000001,0%,"4,675"
resort 5 sao ở quảng bình,Khách sạn Quảng Bình,Lưu trú,In-scope Quảng Bình,Transaction,50,N/A,N/A,N/A,Planner (Trung bình),data/google_planner/quang-binh/Keyword Stats 2026-02-23 at 00_37_49.csv,"Tạo landing chuyển đổi (giá/vé/đặt chỗ), gom vào cluster page + build backlink nội bộ",B,82.50000000000001,0%,"2,310"
resort quảng bình 5 sao,Khách sạn Quảng Bình,Lưu trú,In-scope Quảng Bình,Transaction,50,N/A,N/A,N/A,Planner (Trung bình),data/google_planner/quang-binh/Keyword Stats 2026-02-23 at 00_37_49.csv,"Tạo landing chuyển đổi (giá/vé/đặt chỗ), gom vào cluster page + build backlink nội bộ",B,82.50000000000001,0%,"3,073"
resort tại quảng bình,Khách sạn Quảng Bình,Lưu trú,In-scope Quảng Bình,Transaction,50,N/A,N/A,N/A,Planner (Cao),data/google_planner/quang-binh/Keyword Stats 2026-02-23 at 00_37_49.csv,"Tạo landing chuyển đổi (giá/vé/đặt chỗ), gom vào cluster page + build backlink nội bộ",B,82.50000000000001,0%,"7,129"
resort đẹp quảng bình,Khách sạn Quảng Bình,Lưu trú,In-scope Quảng Bình,Transaction,50,N/A,N/A,N/A,Planner (Cao),data/google_planner/quang-binh/Keyword Stats 2026-02-23 at 00_37_49.csv,"Tạo landing chuyển đổi (giá/vé/đặt chỗ), gom vào cluster page + build backlink nội bộ",B,82.50000000000001,0%,"3,630"
resort đẹp ở quảng bình,Khách sạn Quảng Bình,Lưu trú,In-scope Quảng Bình,Transaction,50,N/A,N/A,N/A,Planner (Cao),data/google_planner/quang-binh/Keyword Stats 2026-02-23 at 00_37_49.csv,"Tạo landing chuyển đổi (giá/vé/đặt chỗ), gom vào cluster page + build backlink nội bộ",B,82.50000000000001,0%,"3,240"
resort đồng hới quảng bình,Khách sạn Quảng Bình,Lưu trú,In-scope Quảng Bình,Transaction,50,N/A,N/A,N/A,Planner (Cao),data/google_planner/quang-binh/Keyword Stats 2026-02-23 at 00_37_49.csv,"Tạo landing chuyển đổi (giá/vé/đặt chỗ), gom vào cluster page + build backlink nội bộ",B,82.50000000000001,0%,"9,235"
resort ở đồng hới,Khách sạn Quảng Bình,Lưu trú,In-scope Quảng Bình,Transaction,50,N/A,N/A,N/A,Planner (Cao),data/google_planner/quang-binh/Keyword Stats 2026-02-23 at 00_37_49.csv,"Tạo landing chuyển đổi (giá/vé/đặt chỗ), gom vào cluster page + build backlink nội bộ",B,82.50000000000001,0%,"17,717"
royal hotel đồng hới,Khách sạn Quảng Bình,Lưu trú,In-scope Quảng Bình,Transaction,50,N/A,N/A,N/A,Planner (Thấp),data/google_planner/quang-binh/Keyword Stats 2026-02-23 at 00_37_49.csv,"Tạo landing chuyển đổi (giá/vé/đặt chỗ), gom vào cluster page + build backlink nội bộ",B,82.50000000000001,0%,"10,200"
sea star resort đồng hới,Khách sạn Quảng Bình,Lưu trú,In-scope Quảng Bình,Transaction,50,N/A,N/A,N/A,Planner (Trung bình),data/google_planner/quang-binh/Keyword Stats 2026-02-23 at 00_37_49.csv,"Tạo landing chuyển đổi (giá/vé/đặt chỗ), gom vào cluster page + build backlink nội bộ",B,82.50000000000001,0%,"4,802"
sun resort quảng bình,Khách sạn Quảng Bình,Lưu trú,In-scope Quảng Bình,Transaction,50,N/A,N/A,N/A,Planner (Cao),data/google_planner/quang-binh/Keyword Stats 2026-02-23 at 00_37_49.csv,"Tạo landing chuyển đổi (giá/vé/đặt chỗ), gom vào cluster page + build backlink nội bộ",B,82.50000000000001,0%,"4,442"
sun spa resort & villa quảng bình,Khách sạn Quảng Bình,Lưu trú,In-scope Quảng Bình,Transaction,50,N/A,N/A,N/A,Planner (Trung bình),data/google_planner/quang-binh/Keyword Stats 2026-02-23 at 00_37_49.csv,"Tạo landing chuyển đổi (giá/vé/đặt chỗ), gom vào cluster page + build backlink nội bộ",B,82.50000000000001,0%,"4,261"
sun spa resort quang binh vietnam,Khách sạn Quảng Bình,Lưu trú,In-scope Quảng Bình,Transaction,50,N/A,N/A,N/A,Planner (Cao),data/google_planner/quang-binh/Keyword Stats 2026-02-23 at 00_37_49.csv,"Tạo landing chuyển đổi (giá/vé/đặt chỗ), gom vào cluster page + build backlink nội bộ",B,82.50000000000001,0%,"11,646"
windy hotel quảng bình,Khách sạn Quảng Bình,Lưu trú,In-scope Quảng Bình,Transaction,50,N/A,N/A,N/A,Planner (Trung bình),data/google_planner/quang-binh/Keyword Stats 2026-02-23 at 00_37_49.csv,"Tạo landing chuyển đổi (giá/vé/đặt chỗ), gom vào cluster page + build backlink nội bộ",B,82.50000000000001,0%,"6,752"
đặt phòng khách sạn mường thanh quảng bình,Khách sạn Quảng Bình,Lưu trú,In-scope Quảng Bình,Transaction,50,N/A,N/A,N/A,Planner (Cao),data/google_planner/quang-binh/Keyword Stats 2026-02-23 at 00_37_49.csv,"Tạo landing chuyển đổi (giá/vé/đặt chỗ), gom vào cluster page + build backlink nội bộ",B,82.50000000000001,0%,"13,165"
địa chỉ khách sạn mường thanh quảng bình,Khách sạn Quảng Bình,Lưu trú,In-scope Quảng Bình,Transaction,50,N/A,N/A,N/A,Planner (Trung bình),data/google_planner/quang-binh/Keyword Stats 2026-02-23 at 00_37_49.csv,"Tạo landing chuyển đổi (giá/vé/đặt chỗ), gom vào cluster page + build backlink nội bộ",B,82.50000000000001,0%,939
đồng hới hotel,Khách sạn Quảng Bình,Lưu trú,In-scope Quảng Bình,Transaction,50,N/A,N/A,N/A,Planner (Trung bình),data/google_planner/quang-binh/Keyword Stats 2026-02-23 at 00_37_49.csv,"Tạo landing chuyển đổi (giá/vé/đặt chỗ), gom vào cluster page + build backlink nội bộ",B,82.50000000000001,0%,"22,105"
gia nguyễn hotel quảng bình,Khách sạn Quảng Bình,Lưu trú,In-scope Quảng Bình,Transaction,50,N/A,N/A,N/A,Planner (Không xác định),data/google_planner/quang-binh/Keyword Stats 2026-02-23 at 00_37_49.csv,"Tạo landing chuyển đổi (giá/vé/đặt chỗ), gom vào cluster page + build backlink nội bộ",B,75.0,-100.0%,0
giá khách sạn mường thanh quảng bình,Khách sạn Quảng Bình,Lưu trú,In-scope Quảng Bình,Transaction,50,N/A,N/A,N/A,Planner (Cao),data/google_planner/quang-binh/Keyword Stats 2026-02-23 at 00_37_49.csv,"Tạo landing chuyển đổi (giá/vé/đặt chỗ), gom vào cluster page + build backlink nội bộ",B,75.0,0%,0
giá khách sạn quảng bình,Khách sạn Quảng Bình,Lưu trú,In-scope Quảng Bình,Transaction,50,N/A,N/A,N/A,Planner (Cao),data/google_planner/quang-binh/Keyword Stats 2026-02-23 at 00_37_49.csv,"Tạo landing chuyển đổi (giá/vé/đặt chỗ), gom vào cluster page + build backlink nội bộ",B,75.0,0%,0
giá phòng khách sạn mường thanh quảng bình,Khách sạn Quảng Bình,Lưu trú,In-scope Quảng Bình,Transaction,50,N/A,N/A,N/A,Planner (Cao),data/google_planner/quang-binh/Keyword Stats 2026-02-23 at 00_37_49.csv,"Tạo landing chuyển đổi (giá/vé/đặt chỗ), gom vào cluster page + build backlink nội bộ",B,75.0,0%,0
giá phòng khách sạn quảng bình,Khách sạn Quảng Bình,Lưu trú,In-scope Quảng Bình,Transaction,50,N/A,N/A,N/A,Planner (Cao),data/google_planner/quang-binh/Keyword Stats 2026-02-23 at 00_37_49.csv,"Tạo landing chuyển đổi (giá/vé/đặt chỗ), gom vào cluster page + build backlink nội bộ",B,75.0,0%,0
giá phòng khách sạn ở quảng bình,Khách sạn Quảng Bình,Lưu trú,In-scope Quảng Bình,Transaction,50,N/A,N/A,N/A,Planner (Không xác định),data/google_planner/quang-binh/Keyword Stats 2026-02-23 at 00_37_49.csv,"Tạo landing chuyển đổi (giá/vé/đặt chỗ), gom vào cluster page + build backlink nội bộ",B,75.0,0%,0
khách sạn gia nguyễn quảng bình,Khách sạn Quảng Bình,Lưu trú,In-scope Quảng Bình,Transaction,50,N/A,N/A,N/A,Planner (Thấp),data/google_planner/quang-binh/Keyword Stats 2026-02-23 at 00_37_49.csv,"Tạo landing chuyển đổi (giá/vé/đặt chỗ), gom vào cluster page + build backlink nội bộ",B,75.0,0%,0
khách sạn giá rẻ quảng bình,Khách sạn Quảng Bình,Lưu trú,In-scope Quảng Bình,Transaction,50,N/A,N/A,N/A,Planner (Không xác định),data/google_planner/quang-binh/Keyword Stats 2026-02-23 at 00_37_49.csv,"Tạo landing chuyển đổi (giá/vé/đặt chỗ), gom vào cluster page + build backlink nội bộ",B,75.0,-100.0%,0
khách sạn giá rẻ tại đồng hới,Khách sạn Quảng Bình,Lưu trú,In-scope Quảng Bình,Transaction,50,N/A,N/A,N/A,Planner (Cao),data/google_planner/quang-binh/Keyword Stats 2026-02-23 at 00_37_49.csv,"Tạo landing chuyển đổi (giá/vé/đặt chỗ), gom vào cluster page + build backlink nội bộ",B,75.0,0%,0
khách sạn giá rẻ ở quảng bình,Khách sạn Quảng Bình,Lưu trú,In-scope Quảng Bình,Transaction,50,N/A,N/A,N/A,Planner (Không xác định),data/google_planner/quang-binh/Keyword Stats 2026-02-23 at 00_37_49.csv,"Tạo landing chuyển đổi (giá/vé/đặt chỗ), gom vào cluster page + build backlink nội bộ",B,75.0,-100.0%,0
khách sạn giá rẻ ở đồng hới,Khách sạn Quảng Bình,Lưu trú,In-scope Quảng Bình,Transaction,50,N/A,N/A,N/A,Planner (Cao),data/google_planner/quang-binh/Keyword Stats 2026-02-23 at 00_37_49.csv,"Tạo landing chuyển đổi (giá/vé/đặt chỗ), gom vào cluster page + build backlink nội bộ",B,75.0,0%,0
khách sạn hoàng gia quảng bình,Khách sạn Quảng Bình,Lưu trú,In-scope Quảng Bình,Transaction,50,N/A,N/A,N/A,Planner (Thấp),data/google_planner/quang-binh/Keyword Stats 2026-02-23 at 00_37_49.csv,"Tạo landing chuyển đổi (giá/vé/đặt chỗ), gom vào cluster page + build backlink nội bộ",B,75.0,0%,0
khách sạn quảng bình giá rẻ,Khách sạn Quảng Bình,Lưu trú,In-scope Quảng Bình,Transaction,50,N/A,N/A,N/A,Planner (Cao),data/google_planner/quang-binh/Keyword Stats 2026-02-23 at 00_37_49.csv,"Tạo landing chuyển đổi (giá/vé/đặt chỗ), gom vào cluster page + build backlink nội bộ",B,75.0,0%,0
resort đoàn gia quảng bình,Khách sạn Quảng Bình,Lưu trú,In-scope Quảng Bình,Transaction,50,N/A,N/A,N/A,Planner (Trung bình),data/google_planner/quang-binh/Keyword Stats 2026-02-23 at 00_37_49.csv,"Tạo landing chuyển đổi (giá/vé/đặt chỗ), gom vào cluster page + build backlink nội bộ",B,75.0,0%,0
sun spa resort quảng bình booking,Khách sạn Quảng Bình,Lưu trú,In-scope Quảng Bình,Transaction,50,N/A,N/A,N/A,Planner (Không xác định),data/google_planner/quang-binh/Keyword Stats 2026-02-23 at 00_37_49.csv,"Tạo landing chuyển đổi (giá/vé/đặt chỗ), gom vào cluster page + build backlink nội bộ",B,75.0,0%,0
đoàn gia resort quảng bình,Khách sạn Quảng Bình,Lưu trú,In-scope Quảng Bình,Transaction,50,N/A,N/A,N/A,Planner (Trung bình),data/google_planner/quang-binh/Keyword Stats 2026-02-23 at 00_37_49.csv,"Tạo landing chuyển đổi (giá/vé/đặt chỗ), gom vào cluster page + build backlink nội bộ",B,75.0,0%,0
đánh giá khách sạn vĩnh hoàng quảng bình,Khách sạn Quảng Bình,Lưu trú,In-scope Quảng Bình,Transaction,50,N/A,N/A,N/A,Planner (Không xác định),data/google_planner/quang-binh/Keyword Stats 2026-02-23 at 00_37_49.csv,"Tạo landing chuyển đổi (giá/vé/đặt chỗ), gom vào cluster page + build backlink nội bộ",B,75.0,0%,0
khach san vinh hoang quang binh,Khách sạn Quảng Bình,Lưu trú,In-scope Quảng Bình,Transaction,50,N/A,N/A,N/A,Planner (Trung bình),data/google_planner/quang-binh/Keyword Stats 2026-02-23 at 00_37_49.csv,"Tạo landing chuyển đổi (giá/vé/đặt chỗ), gom vào cluster page + build backlink nội bộ",B,75.0,0%,0
manli resort quang binh,Khách sạn Quảng Bình,Lưu trú,In-scope Quảng Bình,Transaction,50,N/A,N/A,N/A,Planner (Trung bình),data/google_planner/quang-binh/Keyword Stats 2026-02-23 at 00_37_49.csv,"Tạo landing chuyển đổi (giá/vé/đặt chỗ), gom vào cluster page + build backlink nội bộ",B,75.0,0%,0
khach san tai quang binh,Khách sạn Quảng Bình,Lưu trú,In-scope Quảng Bình,Transaction,50,N/A,N/A,N/A,Planner (Trung bình),data/google_planner/quang-binh/Keyword Stats 2026-02-23 at 00_37_49.csv,"Tạo landing chuyển đổi (giá/vé/đặt chỗ), gom vào cluster page + build backlink nội bộ",B,75.0,0%,0
khach san tan binh quang binh,Khách sạn Quảng Bình,Lưu trú,In-scope Quảng Bình,Transaction,50,N/A,N/A,N/A,Planner (Cao),data/google_planner/quang-binh/Keyword Stats 2026-02-23 at 00_37_49.csv,"Tạo landing chuyển đổi (giá/vé/đặt chỗ), gom vào cluster page + build backlink nội bộ",B,75.0,0%,0
khach san bien vang quang binh,Khách sạn Quảng Bình,Lưu trú,In-scope Quảng Bình,Transaction,50,N/A,N/A,N/A,Planner (Thấp),data/google_planner/quang-binh/Keyword Stats 2026-02-23 at 00_37_49.csv,"Tạo landing chuyển đổi (giá/vé/đặt chỗ), gom vào cluster page + build backlink nội bộ",B,75.0,0%,0
resort o quang binh,Khách sạn Quảng Bình,Lưu trú,In-scope Quảng Bình,Transaction,50,N/A,N/A,N/A,Planner (Cao),data/google_planner/quang-binh/Keyword Stats 2026-02-23 at 00_37_49.csv,"Tạo landing chuyển đổi (giá/vé/đặt chỗ), gom vào cluster page + build backlink nội bộ",B,75.0,0%,0
khách sạn royal quang binh,Khách sạn Quảng Bình,Lưu trú,In-scope Quảng Bình,Transaction,50,N/A,N/A,N/A,Planner (Trung bình),data/google_planner/quang-binh/Keyword Stats 2026-02-23 at 00_37_49.csv,"Tạo landing chuyển đổi (giá/vé/đặt chỗ), gom vào cluster page + build backlink nội bộ",B,75.0,0%,0
đặt phòng khách sạn quảng bình,Khách sạn Quảng Bình,Lưu trú,In-scope Quảng Bình,Transaction,50,N/A,N/A,N/A,Planner (Thấp),data/google_planner/quang-binh/Keyword Stats 2026-02-23 at 00_37_49.csv,"Tạo landing chuyển đổi (giá/vé/đặt chỗ), gom vào cluster page + build backlink nội bộ",B,75.0,0%,0
khach san riverside quang binh,Khách sạn Quảng Bình,Lưu trú,In-scope Quảng Bình,Transaction,50,N/A,N/A,N/A,Planner (Cao),data/google_planner/quang-binh/Keyword Stats 2026-02-23 at 00_37_49.csv,"Tạo landing chuyển đổi (giá/vé/đặt chỗ), gom vào cluster page + build backlink nội bộ",B,75.0,0%,0
khách sạn ở đồng hới gần biển nhật lệ,Khách sạn Quảng Bình,Lưu trú,In-scope Quảng Bình,Transaction,50,N/A,N/A,N/A,Planner (Cao),data/google_planner/quang-binh/Keyword Stats 2026-02-23 at 00_37_49.csv,"Tạo landing chuyển đổi (giá/vé/đặt chỗ), gom vào cluster page + build backlink nội bộ",B,75.0,0%,0
khách sạn ánh linh 2 quảng bình,Khách sạn Quảng Bình,Lưu trú,In-scope Quảng Bình,Transaction,50,N/A,N/A,N/A,Planner (Không xác định),data/google_planner/quang-binh/Keyword Stats 2026-02-23 at 00_37_49.csv,"Tạo landing chuyển đổi (giá/vé/đặt chỗ), gom vào cluster page + build backlink nội bộ",B,75.0,-100.0%,0
khach san phu cuong quang binh,Khách sạn Quảng Bình,Lưu trú,In-scope Quảng Bình,Transaction,50,N/A,N/A,N/A,Planner (Không xác định),data/google_planner/quang-binh/Keyword Stats 2026-02-23 at 00_37_49.csv,"Tạo landing chuyển đổi (giá/vé/đặt chỗ), gom vào cluster page + build backlink nội bộ",B,75.0,0%,0
quang binh resort,Khách sạn Quảng Bình,Lưu trú,In-scope Quảng Bình,Transaction,50,N/A,N/A,N/A,Planner (Trung bình),data/google_planner/quang-binh/Keyword Stats 2026-02-23 at 00_37_49.csv,"Tạo landing chuyển đổi (giá/vé/đặt chỗ), gom vào cluster page + build backlink nội bộ",B,75.0,0%,0
phương bắc luxury hotel quảng bình,Khách sạn Quảng Bình,Lưu trú,In-scope Quảng Bình,Transaction,50,N/A,N/A,N/A,Planner (Cao),data/google_planner/quang-binh/Keyword Stats 2026-02-23 at 00_37_49.csv,"Tạo landing chuyển đổi (giá/vé/đặt chỗ), gom vào cluster page + build backlink nội bộ",B,75.0,0%,0
đặt phòng sun spa resort quảng bình,Khách sạn Quảng Bình,Lưu trú,In-scope Quảng Bình,Transaction,50,N/A,N/A,N/A,Planner (Không xác định),data/google_planner/quang-binh/Keyword Stats 2026-02-23 at 00_37_49.csv,"Tạo landing chuyển đổi (giá/vé/đặt chỗ), gom vào cluster page + build backlink nội bộ",B,75.0,-100.0%,0
đặt khách sạn quảng bình,Khách sạn Quảng Bình,Lưu trú,In-scope Quảng Bình,Transaction,50,N/A,N/A,N/A,Planner (Cao),data/google_planner/quang-binh/Keyword Stats 2026-02-23 at 00_37_49.csv,"Tạo landing chuyển đổi (giá/vé/đặt chỗ), gom vào cluster page + build backlink nội bộ",B,75.0,0%,0
khách sạn gần biển quảng bình,Khách sạn Quảng Bình,Lưu trú,In-scope Quảng Bình,Transaction,50,N/A,N/A,N/A,Planner (Cao),data/google_planner/quang-binh/Keyword Stats 2026-02-23 at 00_37_49.csv,"Tạo landing chuyển đổi (giá/vé/đặt chỗ), gom vào cluster page + build backlink nội bộ",B,75.0,0%,0
amanda quang binh hotel,Khách sạn Quảng Bình,Lưu trú,In-scope Quảng Bình,Transaction,50,N/A,N/A,N/A,Planner (Cao),data/google_planner/quang-binh/Keyword Stats 2026-02-23 at 00_37_49.csv,"Tạo landing chuyển đổi (giá/vé/đặt chỗ), gom vào cluster page + build backlink nội bộ",B,75.0,0%,0
anh linh 2 hotel quảng bình,Khách sạn Quảng Bình,Lưu trú,In-scope Quảng Bình,Transaction,50,N/A,N/A,N/A,Planner (Trung bình),data/google_planner/quang-binh/Keyword Stats 2026-02-23 at 00_37_49.csv,"Tạo landing chuyển đổi (giá/vé/đặt chỗ), gom vào cluster page + build backlink nội bộ",B,75.0,0%,0
anh linh hotel quảng bình,Khách sạn Quảng Bình,Lưu trú,In-scope Quảng Bình,Transaction,50,N/A,N/A,N/A,Planner (Thấp),data/google_planner/quang-binh/Keyword Stats 2026-02-23 at 00_37_49.csv,"Tạo landing chuyển đổi (giá/vé/đặt chỗ), gom vào cluster page + build backlink nội bộ",B,75.0,0%,0
ban mai hotel quảng bình,Khách sạn Quảng Bình,Lưu trú,In-scope Quảng Bình,Transaction,50,N/A,N/A,N/A,Planner (Không xác định),data/google_planner/quang-binh/Keyword Stats 2026-02-23 at 00_37_49.csv,"Tạo landing chuyển đổi (giá/vé/đặt chỗ), gom vào cluster page + build backlink nội bộ",B,75.0,-100.0%,0
biển vàng hotel quảng bình,Khách sạn Quảng Bình,Lưu trú,In-scope Quảng Bình,Transaction,50,N/A,N/A,N/A,Planner (Thấp),data/google_planner/quang-binh/Keyword Stats 2026-02-23 at 00_37_49.csv,"Tạo landing chuyển đổi (giá/vé/đặt chỗ), gom vào cluster page + build backlink nội bộ",B,75.0,0%,0
biển vàng resort quảng bình,Khách sạn Quảng Bình,Lưu trú,In-scope Quảng Bình,Transaction,50,N/A,N/A,N/A,Planner (Thấp),data/google_planner/quang-binh/Keyword Stats 2026-02-23 at 00_37_49.csv,"Tạo landing chuyển đổi (giá/vé/đặt chỗ), gom vào cluster page + build backlink nội bộ",B,75.0,0%,0
bảo ninh beach resort quảng bình,Khách sạn Quảng Bình,Lưu trú,In-scope Quảng Bình,Transaction,50,N/A,N/A,N/A,Planner (Thấp),data/google_planner/quang-binh/Keyword Stats 2026-02-23 at 00_37_49.csv,"Tạo landing chuyển đổi (giá/vé/đặt chỗ), gom vào cluster page + build backlink nội bộ",B,75.0,0%,0
bảo ninh beach resort đồng hới,Khách sạn Quảng Bình,Lưu trú,In-scope Quảng Bình,Transaction,50,N/A,N/A,N/A,Planner (Không xác định),data/google_planner/quang-binh/Keyword Stats 2026-02-23 at 00_37_49.csv,"Tạo landing chuyển đổi (giá/vé/đặt chỗ), gom vào cluster page + build backlink nội bộ",B,75.0,0%,0
bảo ninh resort quảng bình,Khách sạn Quảng Bình,Lưu trú,In-scope Quảng Bình,Transaction,50,N/A,N/A,N/A,Planner (Thấp),data/google_planner/quang-binh/Keyword Stats 2026-02-23 at 00_37_49.csv,"Tạo landing chuyển đổi (giá/vé/đặt chỗ), gom vào cluster page + build backlink nội bộ",B,75.0,0%,0
cao minh hotel đồng hới,Khách sạn Quảng Bình,Lưu trú,In-scope Quảng Bình,Transaction,50,N/A,N/A,N/A,Planner (Thấp),data/google_planner/quang-binh/Keyword Stats 2026-02-23 at 00_37_49.csv,"Tạo landing chuyển đổi (giá/vé/đặt chỗ), gom vào cluster page + build backlink nội bộ",B,75.0,0%,0
các khu resort ở quảng bình,Khách sạn Quảng Bình,Lưu trú,In-scope Quảng Bình,Transaction,50,N/A,N/A,N/A,Planner (Cao),data/google_planner/quang-binh/Keyword Stats 2026-02-23 at 00_37_49.csv,"Tạo landing chuyển đổi (giá/vé/đặt chỗ), gom vào cluster page + build backlink nội bộ",B,75.0,0%,0
các khách sạn gần biển nhật lệ quảng bình,Khách sạn Quảng Bình,Lưu trú,In-scope Quảng Bình,Transaction,50,N/A,N/A,N/A,Planner (Không xác định),data/google_planner/quang-binh/Keyword Stats 2026-02-23 at 00_37_49.csv,"Tạo landing chuyển đổi (giá/vé/đặt chỗ), gom vào cluster page + build backlink nội bộ",B,75.0,0%,0
các khách sạn trên đường trương pháp quảng bình,Khách sạn Quảng Bình,Lưu trú,In-scope Quảng Bình,Transaction,50,N/A,N/A,N/A,Planner (Cao),data/google_planner/quang-binh/Keyword Stats 2026-02-23 at 00_37_49.csv,"Tạo landing chuyển đổi (giá/vé/đặt chỗ), gom vào cluster page + build backlink nội bộ",B,75.0,0%,0
các khách sạn tại quảng bình,Khách sạn Quảng Bình,Lưu trú,In-scope Quảng Bình,Transaction,50,N/A,N/A,N/A,Planner (Không xác định),data/google_planner/quang-binh/Keyword Stats 2026-02-23 at 00_37_49.csv,"Tạo landing chuyển đổi (giá/vé/đặt chỗ), gom vào cluster page + build backlink nội bộ",B,75.0,-100.0%,0
các khách sạn tốt ở quảng bình,Khách sạn Quảng Bình,Lưu trú,In-scope Quảng Bình,Transaction,50,N/A,N/A,N/A,Planner (Không xác định),data/google_planner/quang-binh/Keyword Stats 2026-02-23 at 00_37_49.csv,"Tạo landing chuyển đổi (giá/vé/đặt chỗ), gom vào cluster page + build backlink nội bộ",B,75.0,0%,0
các khách sạn ở đồng hới,Khách sạn Quảng Bình,Lưu trú,In-scope Quảng Bình,Transaction,50,N/A,N/A,N/A,Planner (Cao),data/google_planner/quang-binh/Keyword Stats 2026-02-23 at 00_37_49.csv,"Tạo landing chuyển đổi (giá/vé/đặt chỗ), gom vào cluster page + build backlink nội bộ",B,75.0,0%,0
duy tân hotel quảng bình,Khách sạn Quảng Bình,Lưu trú,In-scope Quảng Bình,Transaction,50,N/A,N/A,N/A,Planner (Cao),data/google_planner/quang-binh/Keyword Stats 2026-02-23 at 00_37_49.csv,"Tạo landing chuyển đổi (giá/vé/đặt chỗ), gom vào cluster page + build backlink nội bộ",B,75.0,0%,0
duy tân quảng bình hotel,Khách sạn Quảng Bình,Lưu trú,In-scope Quảng Bình,Transaction,50,N/A,N/A,N/A,Planner (Thấp),data/google_planner/quang-binh/Keyword Stats 2026-02-23 at 00_37_49.csv,"Tạo landing chuyển đổi (giá/vé/đặt chỗ), gom vào cluster page + build backlink nội bộ",B,75.0,0%,0
flc grand hotel quang binh,Khách sạn Quảng Bình,Lưu trú,In-scope Quảng Bình,Transaction,50,N/A,N/A,N/A,Planner (Không xác định),data/google_planner/quang-binh/Keyword Stats 2026-02-23 at 00_37_49.csv,"Tạo landing chuyển đổi (giá/vé/đặt chỗ), gom vào cluster page + build backlink nội bộ",B,75.0,-100.0%,0
fusion resort quang binh,Khách sạn Quảng Bình,Lưu trú,In-scope Quảng Bình,Transaction,50,N/A,N/A,N/A,Planner (Thấp),data/google_planner/quang-binh/Keyword Stats 2026-02-23 at 00_37_49.csv,"Tạo landing chuyển đổi (giá/vé/đặt chỗ), gom vào cluster page + build backlink nội bộ",B,75.0,0%,0
gold coast hotel quảng bình,Khách sạn Quảng Bình,Lưu trú,In-scope Quảng Bình,Transaction,50,N/A,N/A,N/A,Planner (Trung bình),data/google_planner/quang-binh/Keyword Stats 2026-02-23 at 00_37_49.csv,"Tạo landing chuyển đổi (giá/vé/đặt chỗ), gom vào cluster page + build backlink nội bộ",B,75.0,0%,0
gold coast resort quang binh,Khách sạn Quảng Bình,Lưu trú,In-scope Quảng Bình,Transaction,50,N/A,N/A,N/A,Planner (Cao),data/google_planner/quang-binh/Keyword Stats 2026-02-23 at 00_37_49.csv,"Tạo landing chuyển đổi (giá/vé/đặt chỗ), gom vào cluster page + build backlink nội bộ",B,75.0,0%,0
golden coast resort & spa quảng bình,Khách sạn Quảng Bình,Lưu trú,In-scope Quảng Bình,Transaction,50,N/A,N/A,N/A,Planner (Trung bình),data/google_planner/quang-binh/Keyword Stats 2026-02-23 at 00_37_49.csv,"Tạo landing chuyển đổi (giá/vé/đặt chỗ), gom vào cluster page + build backlink nội bộ",B,75.0,0%,0
golden resort quảng bình,Khách sạn Quảng Bình,Lưu trú,In-scope Quảng Bình,Transaction,50,N/A,N/A,N/A,Planner (Trung bình),data/google_planner/quang-binh/Keyword Stats 2026-02-23 at 00_37_49.csv,"Tạo landing chuyển đổi (giá/vé/đặt chỗ), gom vào cluster page + build backlink nội bộ",B,75.0,0%,0
khach san cong doan quang binh,Khách sạn Quảng Bình,Lưu trú,In-scope Quảng Bình,Transaction,50,N/A,N/A,N/A,Planner (Không xác định),data/google_planner/quang-binh/Keyword Stats 2026-02-23 at 00_37_49.csv,"Tạo landing chuyển đổi (giá/vé/đặt chỗ), gom vào cluster page + build backlink nội bộ",B,75.0,0%,0
khu resort quảng bình,Khách sạn Quảng Bình,Lưu trú,In-scope Quảng Bình,Transaction,50,N/A,N/A,N/A,Planner (Cao),data/google_planner/quang-binh/Keyword Stats 2026-02-23 at 00_37_49.csv,"Tạo landing chuyển đổi (giá/vé/đặt chỗ), gom vào cluster page + build backlink nội bộ",B,75.0,0%,0
khu resort sun spa quang binh,Khách sạn Quảng Bình,Lưu trú,In-scope Quảng Bình,Transaction,50,N/A,N/A,N/A,Planner (Không xác định),data/google_planner/quang-binh/Keyword Stats 2026-02-23 at 00_37_49.csv,"Tạo landing chuyển đổi (giá/vé/đặt chỗ), gom vào cluster page + build backlink nội bộ",B,75.0,0%,0
khách sạn 2 sao quảng bình,Khách sạn Quảng Bình,Lưu trú,In-scope Quảng Bình,Transaction,50,N/A,N/A,N/A,Planner (Cao),data/google_planner/quang-binh/Keyword Stats 2026-02-23 at 00_37_49.csv,"Tạo landing chuyển đổi (giá/vé/đặt chỗ), gom vào cluster page + build backlink nội bộ",B,75.0,0%,0
khách sạn 2 sao đồng hới,Khách sạn Quảng Bình,Lưu trú,In-scope Quảng Bình,Transaction,50,N/A,N/A,N/A,Planner (Không xác định),data/google_planner/quang-binh/Keyword Stats 2026-02-23 at 00_37_49.csv,"Tạo landing chuyển đổi (giá/vé/đặt chỗ), gom vào cluster page + build backlink nội bộ",B,75.0,-100.0%,0
khách sạn 3 sao tại quảng bình,Khách sạn Quảng Bình,Lưu trú,In-scope Quảng Bình,Transaction,50,N/A,N/A,N/A,Planner (Cao),data/google_planner/quang-binh/Keyword Stats 2026-02-23 at 00_37_49.csv,"Tạo landing chuyển đổi (giá/vé/đặt chỗ), gom vào cluster page + build backlink nội bộ",B,75.0,0%,0
khách sạn 3 sao tại đồng hới,Khách sạn Quảng Bình,Lưu trú,In-scope Quảng Bình,Transaction,50,N/A,N/A,N/A,Planner (Cao),data/google_planner/quang-binh/Keyword Stats 2026-02-23 at 00_37_49.csv,"Tạo landing chuyển đổi (giá/vé/đặt chỗ), gom vào cluster page + build backlink nội bộ",B,75.0,0%,0
khách sạn 3 sao đồng hới quảng bình,Khách sạn Quảng Bình,Lưu trú,In-scope Quảng Bình,Transaction,50,N/A,N/A,N/A,Planner (Thấp),data/google_planner/quang-binh/Keyword Stats 2026-02-23 at 00_37_49.csv,"Tạo landing chuyển đổi (giá/vé/đặt chỗ), gom vào cluster page + build backlink nội bộ",B,75.0,0%,0
khách sạn 3 sao ở quảng bình,Khách sạn Quảng Bình,Lưu trú,In-scope Quảng Bình,Transaction,50,N/A,N/A,N/A,Planner (Trung bình),data/google_planner/quang-binh/Keyword Stats 2026-02-23 at 00_37_49.csv,"Tạo landing chuyển đổi (giá/vé/đặt chỗ), gom vào cluster page + build backlink nội bộ",B,75.0,0%,0
khách sạn 30 4 quảng bình,Khách sạn Quảng Bình,Lưu trú,In-scope Quảng Bình,Transaction,50,N/A,N/A,N/A,Planner (Thấp),data/google_planner/quang-binh/Keyword Stats 2026-02-23 at 00_37_49.csv,"Tạo landing chuyển đổi (giá/vé/đặt chỗ), gom vào cluster page + build backlink nội bộ",B,75.0,0%,0
khách sạn 30 4 đồng hới,Khách sạn Quảng Bình,Lưu trú,In-scope Quảng Bình,Transaction,50,N/A,N/A,N/A,Planner (Thấp),data/google_planner/quang-binh/Keyword Stats 2026-02-23 at 00_37_49.csv,"Tạo landing chuyển đổi (giá/vé/đặt chỗ), gom vào cluster page + build backlink nội bộ",B,75.0,0%,0
khách sạn 4 sao tại quảng bình,Khách sạn Quảng Bình,Lưu trú,In-scope Quảng Bình,Transaction,50,N/A,N/A,N/A,Planner (Trung bình),data/google_planner/quang-binh/Keyword Stats 2026-02-23 at 00_37_49.csv,"Tạo landing chuyển đổi (giá/vé/đặt chỗ), gom vào cluster page + build backlink nội bộ",B,75.0,0%,0
khách sạn 4 sao ở đồng hới,Khách sạn Quảng Bình,Lưu trú,In-scope Quảng Bình,Transaction,50,N/A,N/A,N/A,Planner (Cao),data/google_planner/quang-binh/Keyword Stats 2026-02-23 at 00_37_49.csv,"Tạo landing chuyển đổi (giá/vé/đặt chỗ), gom vào cluster page + build backlink nội bộ",B,75.0,0%,0
khách sạn 5 sao tại quảng bình,Khách sạn Quảng Bình,Lưu trú,In-scope Quảng Bình,Transaction,50,N/A,N/A,N/A,Planner (Trung bình),data/google_planner/quang-binh/Keyword Stats 2026-02-23 at 00_37_49.csv,"Tạo landing chuyển đổi (giá/vé/đặt chỗ), gom vào cluster page + build backlink nội bộ",B,75.0,0%,0
khách sạn 68 quảng bình,Khách sạn Quảng Bình,Lưu trú,In-scope Quảng Bình,Transaction,50,N/A,N/A,N/A,Planner (Thấp),data/google_planner/quang-binh/Keyword Stats 2026-02-23 at 00_37_49.csv,"Tạo landing chuyển đổi (giá/vé/đặt chỗ), gom vào cluster page + build backlink nội bộ",B,75.0,0%,0
khách sạn 8 3 quảng bình,Khách sạn Quảng Bình,Lưu trú,In-scope Quảng Bình,Transaction,50,N/A,N/A,N/A,Planner (Trung bình),data/google_planner/quang-binh/Keyword Stats 2026-02-23 at 00_37_49.csv,"Tạo landing chuyển đổi (giá/vé/đặt chỗ), gom vào cluster page + build backlink nội bộ",B,75.0,0%,0
khách sạn anh linh 1 quảng bình,Khách sạn Quảng Bình,Lưu trú,In-scope Quảng Bình,Transaction,50,N/A,N/A,N/A,Planner (Thấp),data/google_planner/quang-binh/Keyword Stats 2026-02-23 at 00_37_49.csv,"Tạo landing chuyển đổi (giá/vé/đặt chỗ), gom vào cluster page + build backlink nội bộ",B,75.0,0%,0
khách sạn anh linh quảng bình,Khách sạn Quảng Bình,Lưu trú,In-scope Quảng Bình,Transaction,50,N/A,N/A,N/A,Planner (Trung bình),data/google_planner/quang-binh/Keyword Stats 2026-02-23 at 00_37_49.csv,"Tạo landing chuyển đổi (giá/vé/đặt chỗ), gom vào cluster page + build backlink nội bộ",B,75.0,0%,0
khách sạn anh linh đồng hới,Khách sạn Quảng Bình,Lưu trú,In-scope Quảng Bình,Transaction,50,N/A,N/A,N/A,Planner (Thấp),data/google_planner/quang-binh/Keyword Stats 2026-02-23 at 00_37_49.csv,"Tạo landing chuyển đổi (giá/vé/đặt chỗ), gom vào cluster page + build backlink nội bộ",B,75.0,0%,0
khách sạn ban mai đồng hới,Khách sạn Quảng Bình,Lưu trú,In-scope Quảng Bình,Transaction,50,N/A,N/A,N/A,Planner (Không xác định),data/google_planner/quang-binh/Keyword Stats 2026-02-23 at 00_37_49.csv,"Tạo landing chuyển đổi (giá/vé/đặt chỗ), gom vào cluster page + build backlink nội bộ",B,75.0,-100.0%,0
khách sạn biển bảo ninh quảng bình,Khách sạn Quảng Bình,Lưu trú,In-scope Quảng Bình,Transaction,50,N/A,N/A,N/A,Planner (Không xác định),data/google_planner/quang-binh/Keyword Stats 2026-02-23 at 00_37_49.csv,"Tạo landing chuyển đổi (giá/vé/đặt chỗ), gom vào cluster page + build backlink nội bộ",B,75.0,0%,0
khách sạn biển quảng bình,Khách sạn Quảng Bình,Lưu trú,In-scope Quảng Bình,Transaction,50,N/A,N/A,N/A,Planner (Thấp),data/google_planner/quang-binh/Keyword Stats 2026-02-23 at 00_37_49.csv,"Tạo landing chuyển đổi (giá/vé/đặt chỗ), gom vào cluster page + build backlink nội bộ",B,75.0,0%,0
khách sạn bãi đá nhảy,Khách sạn Quảng Bình,Lưu trú,In-scope Quảng Bình,Transaction,50,N/A,N/A,N/A,Planner (Không xác định),data/google_planner/quang-binh/Keyword Stats 2026-02-23 at 00_37_49.csv,"Tạo landing chuyển đổi (giá/vé/đặt chỗ), gom vào cluster page + build backlink nội bộ",B,75.0,0%,0
khách sạn bảo ninh quảng bình,Khách sạn Quảng Bình,Lưu trú,In-scope Quảng Bình,Transaction,50,N/A,N/A,N/A,Planner (Thấp),data/google_planner/quang-binh/Keyword Stats 2026-02-23 at 00_37_49.csv,"Tạo landing chuyển đổi (giá/vé/đặt chỗ), gom vào cluster page + build backlink nội bộ",B,75.0,0%,0
khách sạn bảo ninh đồng hới,Khách sạn Quảng Bình,Lưu trú,In-scope Quảng Bình,Transaction,50,N/A,N/A,N/A,Planner (Thấp),data/google_planner/quang-binh/Keyword Stats 2026-02-23 at 00_37_49.csv,"Tạo landing chuyển đổi (giá/vé/đặt chỗ), gom vào cluster page + build backlink nội bộ",B,75.0,0%,0
khách sạn bộ công an quảng bình,Khách sạn Quảng Bình,Lưu trú,In-scope Quảng Bình,Transaction,50,N/A,N/A,N/A,Planner (Không xác định),data/google_planner/quang-binh/Keyword Stats 2026-02-23 at 00_37_49.csv,"Tạo landing chuyển đổi (giá/vé/đặt chỗ), gom vào cluster page + build backlink nội bộ",B,75.0,-100.0%,0
khách sạn cagina quảng bình,Khách sạn Quảng Bình,Lưu trú,In-scope Quảng Bình,Transaction,50,N/A,N/A,N/A,Planner (Thấp),data/google_planner/quang-binh/Keyword Stats 2026-02-23 at 00_37_49.csv,"Tạo landing chuyển đổi (giá/vé/đặt chỗ), gom vào cluster page + build backlink nội bộ",B,75.0,0%,0
khách sạn cao minh đồng hới,Khách sạn Quảng Bình,Lưu trú,In-scope Quảng Bình,Transaction,50,N/A,N/A,N/A,Planner (Thấp),data/google_planner/quang-binh/Keyword Stats 2026-02-23 at 00_37_49.csv,"Tạo landing chuyển đổi (giá/vé/đặt chỗ), gom vào cluster page + build backlink nội bộ",B,75.0,0%,0
khách sạn cao minh đồng hới quảng bình,Khách sạn Quảng Bình,Lưu trú,In-scope Quảng Bình,Transaction,50,N/A,N/A,N/A,Planner (Cao),data/google_planner/quang-binh/Keyword Stats 2026-02-23 at 00_37_49.csv,"Tạo landing chuyển đổi (giá/vé/đặt chỗ), gom vào cluster page + build backlink nội bộ",B,75.0,0%,0
khách sạn châu anh ba đồn,Khách sạn Quảng Bình,Lưu trú,In-scope Quảng Bình,Transaction,50,N/A,N/A,N/A,Planner (Thấp),data/google_planner/quang-binh/Keyword Stats 2026-02-23 at 00_37_49.csv,"Tạo landing chuyển đổi (giá/vé/đặt chỗ), gom vào cluster page + build backlink nội bộ",B,75.0,0%,0
khách sạn ckc thiên đường đồng hới,Khách sạn Quảng Bình,Lưu trú,In-scope Quảng Bình,Transaction,50,N/A,N/A,N/A,Planner (Trung bình),data/google_planner/quang-binh/Keyword Stats 2026-02-23 at 00_37_49.csv,"Tạo landing chuyển đổi (giá/vé/đặt chỗ), gom vào cluster page + build backlink nội bộ",B,75.0,0%,0
khách sạn có bể bơi ở quảng bình,Khách sạn Quảng Bình,Lưu trú,In-scope Quảng Bình,Transaction,50,N/A,N/A,N/A,Planner (Không xác định),data/google_planner/quang-binh/Keyword Stats 2026-02-23 at 00_37_49.csv,"Tạo landing chuyển đổi (giá/vé/đặt chỗ), gom vào cluster page + build backlink nội bộ",B,75.0,0%,0
khách sạn có bể bơi ở đồng hới,Khách sạn Quảng Bình,Lưu trú,In-scope Quảng Bình,Transaction,50,N/A,N/A,N/A,Planner (Không xác định),data/google_planner/quang-binh/Keyword Stats 2026-02-23 at 00_37_49.csv,"Tạo landing chuyển đổi (giá/vé/đặt chỗ), gom vào cluster page + build backlink nội bộ",B,75.0,-100.0%,0
khách sạn công đoàn nhật lệ quảng bình,Khách sạn Quảng Bình,Lưu trú,In-scope Quảng Bình,Transaction,50,N/A,N/A,N/A,Planner (Thấp),data/google_planner/quang-binh/Keyword Stats 2026-02-23 at 00_37_49.csv,"Tạo landing chuyển đổi (giá/vé/đặt chỗ), gom vào cluster page + build backlink nội bộ",B,75.0,0%,0
khách sạn công đoàn nhật lệ đồng hới quảng bình,Khách sạn Quảng Bình,Lưu trú,In-scope Quảng Bình,Transaction,50,N/A,N/A,N/A,Planner (Không xác định),data/google_planner/quang-binh/Keyword Stats 2026-02-23 at 00_37_49.csv,"Tạo landing chuyển đổi (giá/vé/đặt chỗ), gom vào cluster page + build backlink nội bộ",B,75.0,0%,0
khách sạn công đoàn đồng hới,Khách sạn Quảng Bình,Lưu trú,In-scope Quảng Bình,Transaction,50,N/A,N/A,N/A,Planner (Thấp),data/google_planner/quang-binh/Keyword Stats 2026-02-23 at 00_37_49.csv,"Tạo landing chuyển đổi (giá/vé/đặt chỗ), gom vào cluster page + build backlink nội bộ",B,75.0,0%,0
khách sạn công đoàn đồng hới quảng bình,Khách sạn Quảng Bình,Lưu trú,In-scope Quảng Bình,Transaction,50,N/A,N/A,N/A,Planner (Thấp),data/google_planner/quang-binh/Keyword Stats 2026-02-23 at 00_37_49.csv,"Tạo landing chuyển đổi (giá/vé/đặt chỗ), gom vào cluster page + build backlink nội bộ",B,75.0,0%,0
khách sạn cẩm lai quảng bình,Khách sạn Quảng Bình,Lưu trú,In-scope Quảng Bình,Transaction,50,N/A,N/A,N/A,Planner (Thấp),data/google_planner/quang-binh/Keyword Stats 2026-02-23 at 00_37_49.csv,"Tạo landing chuyển đổi (giá/vé/đặt chỗ), gom vào cluster page + build backlink nội bộ",B,75.0,0%,0
khách sạn cố hương ba đồn,Khách sạn Quảng Bình,Lưu trú,In-scope Quảng Bình,Transaction,50,N/A,N/A,N/A,Planner (Thấp),data/google_planner/quang-binh/Keyword Stats 2026-02-23 at 00_37_49.csv,"Tạo landing chuyển đổi (giá/vé/đặt chỗ), gom vào cluster page + build backlink nội bộ",B,75.0,0%,0
khách sạn duy tân đồng hới,Khách sạn Quảng Bình,Lưu trú,In-scope Quảng Bình,Transaction,50,N/A,N/A,N/A,Planner (Thấp),data/google_planner/quang-binh/Keyword Stats 2026-02-23 at 00_37_49.csv,"Tạo landing chuyển đổi (giá/vé/đặt chỗ), gom vào cluster page + build backlink nội bộ",B,75.0,0%,0
khách sạn flc quảng bình,Khách sạn Quảng Bình,Lưu trú,In-scope Quảng Bình,Transaction,50,N/A,N/A,N/A,Planner (Thấp),data/google_planner/quang-binh/Keyword Stats 2026-02-23 at 00_37_49.csv,"Tạo landing chuyển đổi (giá/vé/đặt chỗ), gom vào cluster page + build backlink nội bộ",B,75.0,0%,0
khách sạn geminai quảng bình,Khách sạn Quảng Bình,Lưu trú,In-scope Quảng Bình,Transaction,50,N/A,N/A,N/A,Planner (Trung bình),data/google_planner/quang-binh/Keyword Stats 2026-02-23 at 00_37_49.csv,"Tạo landing chuyển đổi (giá/vé/đặt chỗ), gom vào cluster page + build backlink nội bộ",B,75.0,0%,0
khách sạn geminai đồng hới,Khách sạn Quảng Bình,Lưu trú,In-scope Quảng Bình,Transaction,50,N/A,N/A,N/A,Planner (Không xác định),data/google_planner/quang-binh/Keyword Stats 2026-02-23 at 00_37_49.csv,"Tạo landing chuyển đổi (giá/vé/đặt chỗ), gom vào cluster page + build backlink nội bộ",B,75.0,-100.0%,0
khách sạn grand mercure quảng bình,Khách sạn Quảng Bình,Lưu trú,In-scope Quảng Bình,Transaction,50,N/A,N/A,N/A,Planner (Thấp),data/google_planner/quang-binh/Keyword Stats 2026-02-23 at 00_37_49.csv,"Tạo landing chuyển đổi (giá/vé/đặt chỗ), gom vào cluster page + build backlink nội bộ",B,75.0,0%,0
khách sạn gần biển nhật lệ đồng hới,Khách sạn Quảng Bình,Lưu trú,In-scope Quảng Bình,Transaction,50,N/A,N/A,N/A,Planner (Không xác định),data/google_planner/quang-binh/Keyword Stats 2026-02-23 at 00_37_49.csv,"Tạo landing chuyển đổi (giá/vé/đặt chỗ), gom vào cluster page + build backlink nội bộ",B,75.0,0%,0
khách sạn gần biển đồng hới,Khách sạn Quảng Bình,Lưu trú,In-scope Quảng Bình,Transaction,50,N/A,N/A,N/A,Planner (Cao),data/google_planner/quang-binh/Keyword Stats 2026-02-23 at 00_37_49.csv,"Tạo landing chuyển đổi (giá/vé/đặt chỗ), gom vào cluster page + build backlink nội bộ",B,75.0,0%,0
khách sạn gần biển ở quảng bình,Khách sạn Quảng Bình,Lưu trú,In-scope Quảng Bình,Transaction,50,N/A,N/A,N/A,Planner (Cao),data/google_planner/quang-binh/Keyword Stats 2026-02-23 at 00_37_49.csv,"Tạo landing chuyển đổi (giá/vé/đặt chỗ), gom vào cluster page + build backlink nội bộ",B,75.0,0%,0
khách sạn gần bãi biển nhật lệ quảng bình,Khách sạn Quảng Bình,Lưu trú,In-scope Quảng Bình,Transaction,50,N/A,N/A,N/A,Planner (Cao),data/google_planner/quang-binh/Keyword Stats 2026-02-23 at 00_37_49.csv,"Tạo landing chuyển đổi (giá/vé/đặt chỗ), gom vào cluster page + build backlink nội bộ",B,75.0,0%,0
khách sạn gần bãi đá nhảy quảng bình,Khách sạn Quảng Bình,Lưu trú,In-scope Quảng Bình,Transaction,50,N/A,N/A,N/A,Planner (Không xác định),data/google_planner/quang-binh/Keyword Stats 2026-02-23 at 00_37_49.csv,"Tạo landing chuyển đổi (giá/vé/đặt chỗ), gom vào cluster page + build backlink nội bộ",B,75.0,-100.0%,0
khách sạn gần suối mooc quảng bình,Khách sạn Quảng Bình,Lưu trú,In-scope Quảng Bình,Transaction,50,N/A,N/A,N/A,Planner (Cao),data/google_planner/quang-binh/Keyword Stats 2026-02-23 at 00_37_49.csv,"Tạo landing chuyển đổi (giá/vé/đặt chỗ), gom vào cluster page + build backlink nội bộ",B,75.0,0%,0
khách sạn gần suối nước moọc quảng bình,Khách sạn Quảng Bình,Lưu trú,In-scope Quảng Bình,Transaction,50,N/A,N/A,N/A,Planner (Không xác định),data/google_planner/quang-binh/Keyword Stats 2026-02-23 at 00_37_49.csv,"Tạo landing chuyển đổi (giá/vé/đặt chỗ), gom vào cluster page + build backlink nội bộ",B,75.0,0%,0
khách sạn heritage by night quảng bình,Khách sạn Quảng Bình,Lưu trú,In-scope Quảng Bình,Transaction,50,N/A,N/A,N/A,Planner (Cao),data/google_planner/quang-binh/Keyword Stats 2026-02-23 at 00_37_49.csv,"Tạo landing chuyển đổi (giá/vé/đặt chỗ), gom vào cluster page + build backlink nội bộ",B,75.0,0%,0
khách sạn hoa hồng quảng bình,Khách sạn Quảng Bình,Lưu trú,In-scope Quảng Bình,Transaction,50,N/A,N/A,N/A,Planner (Thấp),data/google_planner/quang-binh/Keyword Stats 2026-02-23 at 00_37_49.csv,"Tạo landing chuyển đổi (giá/vé/đặt chỗ), gom vào cluster page + build backlink nội bộ",B,75.0,0%,0
khách sạn hoa hồng đồng hới quảng bình,Khách sạn Quảng Bình,Lưu trú,In-scope Quảng Bình,Transaction,50,N/A,N/A,N/A,Planner (Thấp),data/google_planner/quang-binh/Keyword Stats 2026-02-23 at 00_37_49.csv,"Tạo landing chuyển đổi (giá/vé/đặt chỗ), gom vào cluster page + build backlink nội bộ",B,75.0,0%,0
khách sạn hoài thu quảng bình,Khách sạn Quảng Bình,Lưu trú,In-scope Quảng Bình,Transaction,50,N/A,N/A,N/A,Planner (Thấp),data/google_planner/quang-binh/Keyword Stats 2026-02-23 at 00_37_49.csv,"Tạo landing chuyển đổi (giá/vé/đặt chỗ), gom vào cluster page + build backlink nội bộ",B,75.0,0%,0
khách sạn hoài thương đồng hới,Khách sạn Quảng Bình,Lưu trú,In-scope Quảng Bình,Transaction,50,N/A,N/A,N/A,Planner (Thấp),data/google_planner/quang-binh/Keyword Stats 2026-02-23 at 00_37_49.csv,"Tạo landing chuyển đổi (giá/vé/đặt chỗ), gom vào cluster page + build backlink nội bộ",B,75.0,0%,0
khách sạn hoàng lan ba đồn,Khách sạn Quảng Bình,Lưu trú,In-scope Quảng Bình,Transaction,50,N/A,N/A,N/A,Planner (Thấp),data/google_planner/quang-binh/Keyword Stats 2026-02-23 at 00_37_49.csv,"Tạo landing chuyển đổi (giá/vé/đặt chỗ), gom vào cluster page + build backlink nội bộ",B,75.0,0%,0
khách sạn hoàng lan quảng bình,Khách sạn Quảng Bình,Lưu trú,In-scope Quảng Bình,Transaction,50,N/A,N/A,N/A,Planner (Thấp),data/google_planner/quang-binh/Keyword Stats 2026-02-23 at 00_37_49.csv,"Tạo landing chuyển đổi (giá/vé/đặt chỗ), gom vào cluster page + build backlink nội bộ",B,75.0,0%,0
khách sạn hoàng linh đồng hới,Khách sạn Quảng Bình,Lưu trú,In-scope Quảng Bình,Transaction,50,N/A,N/A,N/A,Planner (Thấp),data/google_planner/quang-binh/Keyword Stats 2026-02-23 at 00_37_49.csv,"Tạo landing chuyển đổi (giá/vé/đặt chỗ), gom vào cluster page + build backlink nội bộ",B,75.0,0%,0
khách sạn hoàng quang bình,Khách sạn Quảng Bình,Lưu trú,In-scope Quảng Bình,Transaction,50,N/A,N/A,N/A,Planner (Thấp),data/google_planner/quang-binh/Keyword Stats 2026-02-23 at 00_37_49.csv,"Tạo landing chuyển đổi (giá/vé/đặt chỗ), gom vào cluster page + build backlink nội bộ",B,75.0,0%,0
khách sạn hương xuân quảng bình,Khách sạn Quảng Bình,Lưu trú,In-scope Quảng Bình,Transaction,50,N/A,N/A,N/A,Planner (Thấp),data/google_planner/quang-binh/Keyword Stats 2026-02-23 at 00_37_49.csv,"Tạo landing chuyển đổi (giá/vé/đặt chỗ), gom vào cluster page + build backlink nội bộ",B,75.0,0%,0
khách sạn hải thuỷ quảng bình,Khách sạn Quảng Bình,Lưu trú,In-scope Quảng Bình,Transaction,50,N/A,N/A,N/A,Planner (Thấp),data/google_planner/quang-binh/Keyword Stats 2026-02-23 at 00_37_49.csv,"Tạo landing chuyển đổi (giá/vé/đặt chỗ), gom vào cluster page + build backlink nội bộ",B,75.0,0%,0
khách sạn hải yến quảng bình,Khách sạn Quảng Bình,Lưu trú,In-scope Quảng Bình,Transaction,50,N/A,N/A,N/A,Planner (Trung bình),data/google_planner/quang-binh/Keyword Stats 2026-02-23 at 00_37_49.csv,"Tạo landing chuyển đổi (giá/vé/đặt chỗ), gom vào cluster page + build backlink nội bộ",B,75.0,0%,0
khách sạn hải yến đồng hới,Khách sạn Quảng Bình,Lưu trú,In-scope Quảng Bình,Transaction,50,N/A,N/A,N/A,Planner (Thấp),data/google_planner/quang-binh/Keyword Stats 2026-02-23 at 00_37_49.csv,"Tạo landing chuyển đổi (giá/vé/đặt chỗ), gom vào cluster page + build backlink nội bộ",B,75.0,0%,0
khách sạn hải âu 2 quảng bình,Khách sạn Quảng Bình,Lưu trú,In-scope Quảng Bình,Transaction,50,N/A,N/A,N/A,Planner (Thấp),data/google_planner/quang-binh/Keyword Stats 2026-02-23 at 00_37_49.csv,"Tạo landing chuyển đổi (giá/vé/đặt chỗ), gom vào cluster page + build backlink nội bộ",B,75.0,0%,0
khách sạn hải âu đồng hới,Khách sạn Quảng Bình,Lưu trú,In-scope Quảng Bình,Transaction,50,N/A,N/A,N/A,Planner (Thấp),data/google_planner/quang-binh/Keyword Stats 2026-02-23 at 00_37_49.csv,"Tạo landing chuyển đổi (giá/vé/đặt chỗ), gom vào cluster page + build backlink nội bộ",B,75.0,0%,0
khách sạn hằng nga quảng bình,Khách sạn Quảng Bình,Lưu trú,In-scope Quảng Bình,Transaction,50,N/A,N/A,N/A,Planner (Thấp),data/google_planner/quang-binh/Keyword Stats 2026-02-23 at 00_37_49.csv,"Tạo landing chuyển đổi (giá/vé/đặt chỗ), gom vào cluster page + build backlink nội bộ",B,75.0,0%,0
khách sạn hằng nga đồng hới,Khách sạn Quảng Bình,Lưu trú,In-scope Quảng Bình,Transaction,50,N/A,N/A,N/A,Planner (Thấp),data/google_planner/quang-binh/Keyword Stats 2026-02-23 at 00_37_49.csv,"Tạo landing chuyển đổi (giá/vé/đặt chỗ), gom vào cluster page + build backlink nội bộ",B,75.0,0%,0
khách sạn hữu nghị đồng hới,Khách sạn Quảng Bình,Lưu trú,In-scope Quảng Bình,Transaction,50,N/A,N/A,N/A,Planner (Thấp),data/google_planner/quang-binh/Keyword Stats 2026-02-23 at 00_37_49.csv,"Tạo landing chuyển đổi (giá/vé/đặt chỗ), gom vào cluster page + build backlink nội bộ",B,75.0,0%,0
khách sạn hữu nghị đồng hới quảng bình,Khách sạn Quảng Bình,Lưu trú,In-scope Quảng Bình,Transaction,50,N/A,N/A,N/A,Planner (Không xác định),data/google_planner/quang-binh/Keyword Stats 2026-02-23 at 00_37_49.csv,"Tạo landing chuyển đổi (giá/vé/đặt chỗ), gom vào cluster page + build backlink nội bộ",B,75.0,-100.0%,0
khách sạn kẻ bàng đồng hới,Khách sạn Quảng Bình,Lưu trú,In-scope Quảng Bình,Transaction,50,N/A,N/A,N/A,Planner (Cao),data/google_planner/quang-binh/Keyword Stats 2026-02-23 at 00_37_49.csv,"Tạo landing chuyển đổi (giá/vé/đặt chỗ), gom vào cluster page + build backlink nội bộ",B,75.0,0%,0
khách sạn luxe đồng hới,Khách sạn Quảng Bình,Lưu trú,In-scope Quảng Bình,Transaction,50,N/A,N/A,N/A,Planner (Trung bình),data/google_planner/quang-binh/Keyword Stats 2026-02-23 at 00_37_49.csv,"Tạo landing chuyển đổi (giá/vé/đặt chỗ), gom vào cluster page + build backlink nội bộ",B,75.0,0%,0
khách sạn luxury quảng bình,Khách sạn Quảng Bình,Lưu trú,In-scope Quảng Bình,Transaction,50,N/A,N/A,N/A,Planner (Trung bình),data/google_planner/quang-binh/Keyword Stats 2026-02-23 at 00_37_49.csv,"Tạo landing chuyển đổi (giá/vé/đặt chỗ), gom vào cluster page + build backlink nội bộ",B,75.0,0%,0
khách sạn lệ thủy,Khách sạn Quảng Bình,Lưu trú,In-scope Quảng Bình,Transaction,50,N/A,N/A,N/A,Planner (Thấp),data/google_planner/quang-binh/Keyword Stats 2026-02-23 at 00_37_49.csv,"Tạo landing chuyển đổi (giá/vé/đặt chỗ), gom vào cluster page + build backlink nội bộ",B,75.0,0%,0
khách sạn lệ thủy quảng bình,Khách sạn Quảng Bình,Lưu trú,In-scope Quảng Bình,Transaction,50,N/A,N/A,N/A,Planner (Trung bình),data/google_planner/quang-binh/Keyword Stats 2026-02-23 at 00_37_49.csv,"Tạo landing chuyển đổi (giá/vé/đặt chỗ), gom vào cluster page + build backlink nội bộ",B,75.0,0%,0
khách sạn manli quảng bình,Khách sạn Quảng Bình,Lưu trú,In-scope Quảng Bình,Transaction,50,N/A,N/A,N/A,Planner (Thấp),data/google_planner/quang-binh/Keyword Stats 2026-02-23 at 00_37_49.csv,"Tạo landing chuyển đổi (giá/vé/đặt chỗ), gom vào cluster page + build backlink nội bộ",B,75.0,0%,0
khách sạn manli resort quảng bình,Khách sạn Quảng Bình,Lưu trú,In-scope Quảng Bình,Transaction,50,N/A,N/A,N/A,Planner (Trung bình),data/google_planner/quang-binh/Keyword Stats 2026-02-23 at 00_37_49.csv,"Tạo landing chuyển đổi (giá/vé/đặt chỗ), gom vào cluster page + build backlink nội bộ",B,75.0,0%,0
khách sạn mimosa quảng bình,Khách sạn Quảng Bình,Lưu trú,In-scope Quảng Bình,Transaction,50,N/A,N/A,N/A,Planner (Thấp),data/google_planner/quang-binh/Keyword Stats 2026-02-23 at 00_37_49.csv,"Tạo landing chuyển đổi (giá/vé/đặt chỗ), gom vào cluster page + build backlink nội bộ",B,75.0,0%,0
khách sạn minh quang hotel đồng hới,Khách sạn Quảng Bình,Lưu trú,In-scope Quảng Bình,Transaction,50,N/A,N/A,N/A,Planner (Cao),data/google_planner/quang-binh/Keyword Stats 2026-02-23 at 00_37_49.csv,"Tạo landing chuyển đổi (giá/vé/đặt chỗ), gom vào cluster page + build backlink nội bộ",B,75.0,0%,0
khách sạn moonlight quảng bình,Khách sạn Quảng Bình,Lưu trú,In-scope Quảng Bình,Transaction,50,N/A,N/A,N/A,Planner (Không xác định),data/google_planner/quang-binh/Keyword Stats 2026-02-23 at 00_37_49.csv,"Tạo landing chuyển đổi (giá/vé/đặt chỗ), gom vào cluster page + build backlink nội bộ",B,75.0,-100.0%,0
khách sạn mường thanh 5 sao quảng bình,Khách sạn Quảng Bình,Lưu trú,In-scope Quảng Bình,Transaction,50,N/A,N/A,N/A,Planner (Cao),data/google_planner/quang-binh/Keyword Stats 2026-02-23 at 00_37_49.csv,"Tạo landing chuyển đổi (giá/vé/đặt chỗ), gom vào cluster page + build backlink nội bộ",B,75.0,0%,0
khách sạn mường thanh ở quảng bình,Khách sạn Quảng Bình,Lưu trú,In-scope Quảng Bình,Transaction,50,N/A,N/A,N/A,Planner (Không xác định),data/google_planner/quang-binh/Keyword Stats 2026-02-23 at 00_37_49.csv,"Tạo landing chuyển đổi (giá/vé/đặt chỗ), gom vào cluster page + build backlink nội bộ",B,75.0,-100.0%,0
khách sạn nam long plus quảng bình,Khách sạn Quảng Bình,Lưu trú,In-scope Quảng Bình,Transaction,50,N/A,N/A,N/A,Planner (Trung bình),data/google_planner/quang-binh/Keyword Stats 2026-02-23 at 00_37_49.csv,"Tạo landing chuyển đổi (giá/vé/đặt chỗ), gom vào cluster page + build backlink nội bộ",B,75.0,0%,0
khách sạn nam việt ba đồn,Khách sạn Quảng Bình,Lưu trú,In-scope Quảng Bình,Transaction,50,N/A,N/A,N/A,Planner (Thấp),data/google_planner/quang-binh/Keyword Stats 2026-02-23 at 00_37_49.csv,"Tạo landing chuyển đổi (giá/vé/đặt chỗ), gom vào cluster page + build backlink nội bộ",B,75.0,0%,0
khách sạn ngân hà đồng hới,Khách sạn Quảng Bình,Lưu trú,In-scope Quảng Bình,Transaction,50,N/A,N/A,N/A,Planner (Thấp),data/google_planner/quang-binh/Keyword Stats 2026-02-23 at 00_37_49.csv,"Tạo landing chuyển đổi (giá/vé/đặt chỗ), gom vào cluster page + build backlink nội bộ",B,75.0,0%,0
khách sạn ngân hà đồng hới quảng bình,Khách sạn Quảng Bình,Lưu trú,In-scope Quảng Bình,Transaction,50,N/A,N/A,N/A,Planner (Thấp),data/google_planner/quang-binh/Keyword Stats 2026-02-23 at 00_37_49.csv,"Tạo landing chuyển đổi (giá/vé/đặt chỗ), gom vào cluster page + build backlink nội bộ",B,75.0,0%,0
khách sạn ngọc toàn quảng bình,Khách sạn Quảng Bình,Lưu trú,In-scope Quảng Bình,Transaction,50,N/A,N/A,N/A,Planner (Cao),data/google_planner/quang-binh/Keyword Stats 2026-02-23 at 00_37_49.csv,"Tạo landing chuyển đổi (giá/vé/đặt chỗ), gom vào cluster page + build backlink nội bộ",B,75.0,0%,0
khách sạn nhật lệ 2 quảng bình,Khách sạn Quảng Bình,Lưu trú,In-scope Quảng Bình,Transaction,50,N/A,N/A,N/A,Planner (Thấp),data/google_planner/quang-binh/Keyword Stats 2026-02-23 at 00_37_49.csv,"Tạo landing chuyển đổi (giá/vé/đặt chỗ), gom vào cluster page + build backlink nội bộ",B,75.0,0%,0
khách sạn osaka đồng hới,Khách sạn Quảng Bình,Lưu trú,In-scope Quảng Bình,Transaction,50,N/A,N/A,N/A,Planner (Thấp),data/google_planner/quang-binh/Keyword Stats 2026-02-23 at 00_37_49.csv,"Tạo landing chuyển đổi (giá/vé/đặt chỗ), gom vào cluster page + build backlink nội bộ",B,75.0,0%,0
khách sạn papa quảng bình,Khách sạn Quảng Bình,Lưu trú,In-scope Quảng Bình,Transaction,50,N/A,N/A,N/A,Planner (Thấp),data/google_planner/quang-binh/Keyword Stats 2026-02-23 at 00_37_49.csv,"Tạo landing chuyển đổi (giá/vé/đặt chỗ), gom vào cluster page + build backlink nội bộ",B,75.0,0%,0
khách sạn phi hùng quảng bình,Khách sạn Quảng Bình,Lưu trú,In-scope Quảng Bình,Transaction,50,N/A,N/A,N/A,Planner (Thấp),data/google_planner/quang-binh/Keyword Stats 2026-02-23 at 00_37_49.csv,"Tạo landing chuyển đổi (giá/vé/đặt chỗ), gom vào cluster page + build backlink nội bộ",B,75.0,0%,0
khách sạn phú cường beach quảng bình,Khách sạn Quảng Bình,Lưu trú,In-scope Quảng Bình,Transaction,50,N/A,N/A,N/A,Planner (Thấp),data/google_planner/quang-binh/Keyword Stats 2026-02-23 at 00_37_49.csv,"Tạo landing chuyển đổi (giá/vé/đặt chỗ), gom vào cluster page + build backlink nội bộ",B,75.0,0%,0
khách sạn phú quý quảng bình,Khách sạn Quảng Bình,Lưu trú,In-scope Quảng Bình,Transaction,50,N/A,N/A,N/A,Planner (Thấp),data/google_planner/quang-binh/Keyword Stats 2026-02-23 at 00_37_49.csv,"Tạo landing chuyển đổi (giá/vé/đặt chỗ), gom vào cluster page + build backlink nội bộ",B,75.0,0%,0
khách sạn phú quý đồng hới,Khách sạn Quảng Bình,Lưu trú,In-scope Quảng Bình,Transaction,50,N/A,N/A,N/A,Planner (Thấp),data/google_planner/quang-binh/Keyword Stats 2026-02-23 at 00_37_49.csv,"Tạo landing chuyển đổi (giá/vé/đặt chỗ), gom vào cluster page + build backlink nội bộ",B,75.0,0%,0
khách sạn phú tiến quảng bình,Khách sạn Quảng Bình,Lưu trú,In-scope Quảng Bình,Transaction,50,N/A,N/A,N/A,Planner (Cao),data/google_planner/quang-binh/Keyword Stats 2026-02-23 at 00_37_49.csv,"Tạo landing chuyển đổi (giá/vé/đặt chỗ), gom vào cluster page + build backlink nội bộ",B,75.0,0%,0
khách sạn phú tiến đồng hới,Khách sạn Quảng Bình,Lưu trú,In-scope Quảng Bình,Transaction,50,N/A,N/A,N/A,Planner (Cao),data/google_planner/quang-binh/Keyword Stats 2026-02-23 at 00_37_49.csv,"Tạo landing chuyển đổi (giá/vé/đặt chỗ), gom vào cluster page + build backlink nội bộ",B,75.0,0%,0
khách sạn phương nam quảng bình,Khách sạn Quảng Bình,Lưu trú,In-scope Quảng Bình,Transaction,50,N/A,N/A,N/A,Planner (Thấp),data/google_planner/quang-binh/Keyword Stats 2026-02-23 at 00_37_49.csv,"Tạo landing chuyển đổi (giá/vé/đặt chỗ), gom vào cluster page + build backlink nội bộ",B,75.0,0%,0
khách sạn phương nam đồng hới,Khách sạn Quảng Bình,Lưu trú,In-scope Quảng Bình,Transaction,50,N/A,N/A,N/A,Planner (Thấp),data/google_planner/quang-binh/Keyword Stats 2026-02-23 at 00_37_49.csv,"Tạo landing chuyển đổi (giá/vé/đặt chỗ), gom vào cluster page + build backlink nội bộ",B,75.0,0%,0
khách sạn phương nam đồng hới quảng bình,Khách sạn Quảng Bình,Lưu trú,In-scope Quảng Bình,Transaction,50,N/A,N/A,N/A,Planner (Thấp),data/google_planner/quang-binh/Keyword Stats 2026-02-23 at 00_37_49.csv,"Tạo landing chuyển đổi (giá/vé/đặt chỗ), gom vào cluster page + build backlink nội bộ",B,75.0,0%,0
khách sạn pullman quảng bình,Khách sạn Quảng Bình,Lưu trú,In-scope Quảng Bình,Transaction,50,N/A,N/A,N/A,Planner (Không xác định),data/google_planner/quang-binh/Keyword Stats 2026-02-23 at 00_37_49.csv,"Tạo landing chuyển đổi (giá/vé/đặt chỗ), gom vào cluster page + build backlink nội bộ",B,75.0,-100.0%,0
khách sạn quang phú quảng bình,Khách sạn Quảng Bình,Lưu trú,In-scope Quảng Bình,Transaction,50,N/A,N/A,N/A,Planner (Trung bình),data/google_planner/quang-binh/Keyword Stats 2026-02-23 at 00_37_49.csv,"Tạo landing chuyển đổi (giá/vé/đặt chỗ), gom vào cluster page + build backlink nội bộ",B,75.0,0%,0
khách sạn quang phú đồng hới,Khách sạn Quảng Bình,Lưu trú,In-scope Quảng Bình,Transaction,50,N/A,N/A,N/A,Planner (Không xác định),data/google_planner/quang-binh/Keyword Stats 2026-02-23 at 00_37_49.csv,"Tạo landing chuyển đổi (giá/vé/đặt chỗ), gom vào cluster page + build backlink nội bộ",B,75.0,0%,0
khách sạn quảng bình 3 sao,Khách sạn Quảng Bình,Lưu trú,In-scope Quảng Bình,Transaction,50,N/A,N/A,N/A,Planner (Trung bình),data/google_planner/quang-binh/Keyword Stats 2026-02-23 at 00_37_49.csv,"Tạo landing chuyển đổi (giá/vé/đặt chỗ), gom vào cluster page + build backlink nội bộ",B,75.0,0%,0
khách sạn quảng bình 4 sao,Khách sạn Quảng Bình,Lưu trú,In-scope Quảng Bình,Transaction,50,N/A,N/A,N/A,Planner (Trung bình),data/google_planner/quang-binh/Keyword Stats 2026-02-23 at 00_37_49.csv,"Tạo landing chuyển đổi (giá/vé/đặt chỗ), gom vào cluster page + build backlink nội bộ",B,75.0,0%,0
khách sạn quảng bình agoda,Khách sạn Quảng Bình,Lưu trú,In-scope Quảng Bình,Transaction,50,N/A,N/A,N/A,Planner (Không xác định),data/google_planner/quang-binh/Keyword Stats 2026-02-23 at 00_37_49.csv,"Tạo landing chuyển đổi (giá/vé/đặt chỗ), gom vào cluster page + build backlink nội bộ",B,75.0,-100.0%,0
khách sạn resort quảng bình,Khách sạn Quảng Bình,Lưu trú,In-scope Quảng Bình,Transaction,50,N/A,N/A,N/A,Planner (Cao),data/google_planner/quang-binh/Keyword Stats 2026-02-23 at 00_37_49.csv,"Tạo landing chuyển đổi (giá/vé/đặt chỗ), gom vào cluster page + build backlink nội bộ",B,75.0,0%,0
khách sạn sao mai quảng bình,Khách sạn Quảng Bình,Lưu trú,In-scope Quảng Bình,Transaction,50,N/A,N/A,N/A,Planner (Không xác định),data/google_planner/quang-binh/Keyword Stats 2026-02-23 at 00_37_49.csv,"Tạo landing chuyển đổi (giá/vé/đặt chỗ), gom vào cluster page + build backlink nội bộ",B,75.0,-100.0%,0
khách sạn sea star resort quảng bình,Khách sạn Quảng Bình,Lưu trú,In-scope Quảng Bình,Transaction,50,N/A,N/A,N/A,Planner (Cao),data/google_planner/quang-binh/Keyword Stats 2026-02-23 at 00_37_49.csv,"Tạo landing chuyển đổi (giá/vé/đặt chỗ), gom vào cluster page + build backlink nội bộ",B,75.0,0%,0
khách sạn sic quảng bình,Khách sạn Quảng Bình,Lưu trú,In-scope Quảng Bình,Transaction,50,N/A,N/A,N/A,Planner (Thấp),data/google_planner/quang-binh/Keyword Stats 2026-02-23 at 00_37_49.csv,"Tạo landing chuyển đổi (giá/vé/đặt chỗ), gom vào cluster page + build backlink nội bộ",B,75.0,0%,0
khách sạn sjc quảng bình,Khách sạn Quảng Bình,Lưu trú,In-scope Quảng Bình,Transaction,50,N/A,N/A,N/A,Planner (Không xác định),data/google_planner/quang-binh/Keyword Stats 2026-02-23 at 00_37_49.csv,"Tạo landing chuyển đổi (giá/vé/đặt chỗ), gom vào cluster page + build backlink nội bộ",B,75.0,-100.0%,0
khách sạn sun spa resort quảng bình,Khách sạn Quảng Bình,Lưu trú,In-scope Quảng Bình,Transaction,50,N/A,N/A,N/A,Planner (Cao),data/google_planner/quang-binh/Keyword Stats 2026-02-23 at 00_37_49.csv,"Tạo landing chuyển đổi (giá/vé/đặt chỗ), gom vào cluster page + build backlink nội bộ",B,75.0,0%,0
khách sạn sunrise đồng hới,Khách sạn Quảng Bình,Lưu trú,In-scope Quảng Bình,Transaction,50,N/A,N/A,N/A,Planner (Thấp),data/google_planner/quang-binh/Keyword Stats 2026-02-23 at 00_37_49.csv,"Tạo landing chuyển đổi (giá/vé/đặt chỗ), gom vào cluster page + build backlink nội bộ",B,75.0,0%,0
khách sạn sunshine quảng bình,Khách sạn Quảng Bình,Lưu trú,In-scope Quảng Bình,Transaction,50,N/A,N/A,N/A,Planner (Không xác định),data/google_planner/quang-binh/Keyword Stats 2026-02-23 at 00_37_49.csv,"Tạo landing chuyển đổi (giá/vé/đặt chỗ), gom vào cluster page + build backlink nội bộ",B,75.0,0%,0
khách sạn thanh bình quảng bình,Khách sạn Quảng Bình,Lưu trú,In-scope Quảng Bình,Transaction,50,N/A,N/A,N/A,Planner (Thấp),data/google_planner/quang-binh/Keyword Stats 2026-02-23 at 00_37_49.csv,"Tạo landing chuyển đổi (giá/vé/đặt chỗ), gom vào cluster page + build backlink nội bộ",B,75.0,0%,0
khách sạn thanh bình đồng hới,Khách sạn Quảng Bình,Lưu trú,In-scope Quảng Bình,Transaction,50,N/A,N/A,N/A,Planner (Thấp),data/google_planner/quang-binh/Keyword Stats 2026-02-23 at 00_37_49.csv,"Tạo landing chuyển đổi (giá/vé/đặt chỗ), gom vào cluster page + build backlink nội bộ",B,75.0,0%,0
khách sạn thanh phúc 2 quảng bình,Khách sạn Quảng Bình,Lưu trú,In-scope Quảng Bình,Transaction,50,N/A,N/A,N/A,Planner (Thấp),data/google_planner/quang-binh/Keyword Stats 2026-02-23 at 00_37_49.csv,"Tạo landing chuyển đổi (giá/vé/đặt chỗ), gom vào cluster page + build backlink nội bộ",B,75.0,0%,0
khách sạn thanh phúc quảng bình,Khách sạn Quảng Bình,Lưu trú,In-scope Quảng Bình,Transaction,50,N/A,N/A,N/A,Planner (Trung bình),data/google_planner/quang-binh/Keyword Stats 2026-02-23 at 00_37_49.csv,"Tạo landing chuyển đổi (giá/vé/đặt chỗ), gom vào cluster page + build backlink nội bộ",B,75.0,0%,0
khách sạn thanh phúc đồng hới,Khách sạn Quảng Bình,Lưu trú,In-scope Quảng Bình,Transaction,50,N/A,N/A,N/A,Planner (Không xác định),data/google_planner/quang-binh/Keyword Stats 2026-02-23 at 00_37_49.csv,"Tạo landing chuyển đổi (giá/vé/đặt chỗ), gom vào cluster page + build backlink nội bộ",B,75.0,-100.0%,0
khách sạn thiên thanh quảng bình,Khách sạn Quảng Bình,Lưu trú,In-scope Quảng Bình,Transaction,50,N/A,N/A,N/A,Planner (Không xác định),data/google_planner/quang-binh/Keyword Stats 2026-02-23 at 00_37_49.csv,"Tạo landing chuyển đổi (giá/vé/đặt chỗ), gom vào cluster page + build backlink nội bộ",B,75.0,0%,0
khách sạn thuỳ dung đồng hới,Khách sạn Quảng Bình,Lưu trú,In-scope Quảng Bình,Transaction,50,N/A,N/A,N/A,Planner (Thấp),data/google_planner/quang-binh/Keyword Stats 2026-02-23 at 00_37_49.csv,"Tạo landing chuyển đổi (giá/vé/đặt chỗ), gom vào cluster page + build backlink nội bộ",B,75.0,0%,0
khách sạn thùy dung quảng bình,Khách sạn Quảng Bình,Lưu trú,In-scope Quảng Bình,Transaction,50,N/A,N/A,N/A,Planner (Thấp),data/google_planner/quang-binh/Keyword Stats 2026-02-23 at 00_37_49.csv,"Tạo landing chuyển đổi (giá/vé/đặt chỗ), gom vào cluster page + build backlink nội bộ",B,75.0,0%,0
khách sạn thăng long quảng bình,Khách sạn Quảng Bình,Lưu trú,In-scope Quảng Bình,Transaction,50,N/A,N/A,N/A,Planner (Thấp),data/google_planner/quang-binh/Keyword Stats 2026-02-23 at 00_37_49.csv,"Tạo landing chuyển đổi (giá/vé/đặt chỗ), gom vào cluster page + build backlink nội bộ",B,75.0,0%,0
khách sạn trên đường trương pháp quảng bình,Khách sạn Quảng Bình,Lưu trú,In-scope Quảng Bình,Transaction,50,N/A,N/A,N/A,Planner (Cao),data/google_planner/quang-binh/Keyword Stats 2026-02-23 at 00_37_49.csv,"Tạo landing chuyển đổi (giá/vé/đặt chỗ), gom vào cluster page + build backlink nội bộ",B,75.0,0%,0
khách sạn tuấn anh 2 quảng bình,Khách sạn Quảng Bình,Lưu trú,In-scope Quảng Bình,Transaction,50,N/A,N/A,N/A,Planner (Không xác định),data/google_planner/quang-binh/Keyword Stats 2026-02-23 at 00_37_49.csv,"Tạo landing chuyển đổi (giá/vé/đặt chỗ), gom vào cluster page + build backlink nội bộ",B,75.0,0%,0
khách sạn tân bình đồng hới quảng bình,Khách sạn Quảng Bình,Lưu trú,In-scope Quảng Bình,Transaction,50,N/A,N/A,N/A,Planner (Không xác định),data/google_planner/quang-binh/Keyword Stats 2026-02-23 at 00_37_49.csv,"Tạo landing chuyển đổi (giá/vé/đặt chỗ), gom vào cluster page + build backlink nội bộ",B,75.0,-100.0%,0
khách sạn tân hoàng minh quảng bình,Khách sạn Quảng Bình,Lưu trú,In-scope Quảng Bình,Transaction,50,N/A,N/A,N/A,Planner (Thấp),data/google_planner/quang-binh/Keyword Stats 2026-02-23 at 00_37_49.csv,"Tạo landing chuyển đổi (giá/vé/đặt chỗ), gom vào cluster page + build backlink nội bộ",B,75.0,0%,0
khách sạn tại ba đồn,Khách sạn Quảng Bình,Lưu trú,In-scope Quảng Bình,Transaction,50,N/A,N/A,N/A,Planner (Cao),data/google_planner/quang-binh/Keyword Stats 2026-02-23 at 00_37_49.csv,"Tạo landing chuyển đổi (giá/vé/đặt chỗ), gom vào cluster page + build backlink nội bộ",B,75.0,0%,0
khách sạn tại ba đồn quảng bình,Khách sạn Quảng Bình,Lưu trú,In-scope Quảng Bình,Transaction,50,N/A,N/A,N/A,Planner (Thấp),data/google_planner/quang-binh/Keyword Stats 2026-02-23 at 00_37_49.csv,"Tạo landing chuyển đổi (giá/vé/đặt chỗ), gom vào cluster page + build backlink nội bộ",B,75.0,0%,0
khách sạn tại biển nhật lệ quảng bình,Khách sạn Quảng Bình,Lưu trú,In-scope Quảng Bình,Transaction,50,N/A,N/A,N/A,Planner (Không xác định),data/google_planner/quang-binh/Keyword Stats 2026-02-23 at 00_37_49.csv,"Tạo landing chuyển đổi (giá/vé/đặt chỗ), gom vào cluster page + build backlink nội bộ",B,75.0,-100.0%,0
khách sạn tại bãi biển nhật lệ quảng bình,Khách sạn Quảng Bình,Lưu trú,In-scope Quảng Bình,Transaction,50,N/A,N/A,N/A,Planner (Cao),data/google_planner/quang-binh/Keyword Stats 2026-02-23 at 00_37_49.csv,"Tạo landing chuyển đổi (giá/vé/đặt chỗ), gom vào cluster page + build backlink nội bộ",B,75.0,0%,0
khách sạn tại bãi đá nhảy quảng bình,Khách sạn Quảng Bình,Lưu trú,In-scope Quảng Bình,Transaction,50,N/A,N/A,N/A,Planner (Cao),data/google_planner/quang-binh/Keyword Stats 2026-02-23 at 00_37_49.csv,"Tạo landing chuyển đổi (giá/vé/đặt chỗ), gom vào cluster page + build backlink nội bộ",B,75.0,0%,0
khách sạn tại nhật lệ quảng bình,Khách sạn Quảng Bình,Lưu trú,In-scope Quảng Bình,Transaction,50,N/A,N/A,N/A,Planner (Không xác định),data/google_planner/quang-binh/Keyword Stats 2026-02-23 at 00_37_49.csv,"Tạo landing chuyển đổi (giá/vé/đặt chỗ), gom vào cluster page + build backlink nội bộ",B,75.0,-100.0%,0
khách sạn tốt ở quảng bình,Khách sạn Quảng Bình,Lưu trú,In-scope Quảng Bình,Transaction,50,N/A,N/A,N/A,Planner (Cao),data/google_planner/quang-binh/Keyword Stats 2026-02-23 at 00_37_49.csv,"Tạo landing chuyển đổi (giá/vé/đặt chỗ), gom vào cluster page + build backlink nội bộ",B,75.0,0%,0
khách sạn tứ quý quảng bình,Khách sạn Quảng Bình,Lưu trú,In-scope Quảng Bình,Transaction,50,N/A,N/A,N/A,Planner (Không xác định),data/google_planner/quang-binh/Keyword Stats 2026-02-23 at 00_37_49.csv,"Tạo landing chuyển đổi (giá/vé/đặt chỗ), gom vào cluster page + build backlink nội bộ",B,75.0,-100.0%,0
khách sạn tốt nhất quảng bình,Khách sạn Quảng Bình,Lưu trú,In-scope Quảng Bình,Commercial Investigation,50,N/A,N/A,N/A,Planner (Không xác định),data/google_planner/quang-binh/Keyword Stats 2026-02-23 at 00_37_49.csv,Viết bài top-list/so sánh; map vào cluster hub; bổ sung schema + ảnh/UGC,B,75.0,0%,0
khách sạn tứ quý đồng hới,Khách sạn Quảng Bình,Lưu trú,In-scope Quảng Bình,Commercial Investigation,50,N/A,N/A,N/A,Planner (Thấp),data/google_planner/quang-binh/Keyword Stats 2026-02-23 at 00_37_49.csv,Viết bài top-list/so sánh; map vào cluster hub; bổ sung schema + ảnh/UGC,B,75.0,0%,0
khách sạn vagibi đồng hới,Khách sạn Quảng Bình,Lưu trú,In-scope Quảng Bình,Commercial Investigation,50,N/A,N/A,N/A,Planner (Trung bình),data/google_planner/quang-binh/Keyword Stats 2026-02-23 at 00_37_49.csv,Viết bài top-list/so sánh; map vào cluster hub; bổ sung schema + ảnh/UGC,B,75.0,0%,0
khách sạn ven biển quảng bình,Khách sạn Quảng Bình,Lưu trú,In-scope Quảng Bình,Commercial Investigation,50,N/A,N/A,N/A,Planner (Không xác định),data/google_planner/quang-binh/Keyword Stats 2026-02-23 at 00_37_49.csv,Viết bài top-list/so sánh; map vào cluster hub; bổ sung schema + ảnh/UGC,B,75.0,-100.0%,0
khách sạn victor đồng hới,Khách sạn Quảng Bình,Lưu trú,In-scope Quảng Bình,Commercial Investigation,50,N/A,N/A,N/A,Planner (Thấp),data/google_planner/quang-binh/Keyword Stats 2026-02-23 at 00_37_49.csv,Viết bài top-list/so sánh; map vào cluster hub; bổ sung schema + ảnh/UGC,B,75.0,0%,0
khách sạn vinpearl đồng hới,Khách sạn Quảng Bình,Lưu trú,In-scope Quảng Bình,Commercial Investigation,50,N/A,N/A,N/A,Planner (Thấp),data/google_planner/quang-binh/Keyword Stats 2026-02-23 at 00_37_49.csv,Viết bài top-list/so sánh; map vào cluster hub; bổ sung schema + ảnh/UGC,B,75.0,0%,0
khách sạn việt lào quảng bình,Khách sạn Quảng Bình,Lưu trú,In-scope Quảng Bình,Commercial Investigation,50,N/A,N/A,N/A,Planner (Thấp),data/google_planner/quang-binh/Keyword Stats 2026-02-23 at 00_37_49.csv,Viết bài top-list/so sánh; map vào cluster hub; bổ sung schema + ảnh/UGC,B,75.0,0%,0
khách sạn vĩnh hoàng nhật lệ,Khách sạn Quảng Bình,Lưu trú,In-scope Quảng Bình,Commercial Investigation,50,N/A,N/A,N/A,Planner (Cao),data/google_planner/quang-binh/Keyword Stats 2026-02-23 at 00_37_49.csv,Viết bài top-list/so sánh; map vào cluster hub; bổ sung schema + ảnh/UGC,B,75.0,0%,0
khách sạn white rose quảng bình,Khách sạn Quảng Bình,Lưu trú,In-scope Quảng Bình,Commercial Investigation,50,N/A,N/A,N/A,Planner (Thấp),data/google_planner/quang-binh/Keyword Stats 2026-02-23 at 00_37_49.csv,Viết bài top-list/so sánh; map vào cluster hub; bổ sung schema + ảnh/UGC,B,75.0,0%,0
khách sạn white rose đồng hới,Khách sạn Quảng Bình,Lưu trú,In-scope Quảng Bình,Commercial Investigation,50,N/A,N/A,N/A,Planner (Thấp),data/google_planner/quang-binh/Keyword Stats 2026-02-23 at 00_37_49.csv,Viết bài top-list/so sánh; map vào cluster hub; bổ sung schema + ảnh/UGC,B,75.0,0%,0
khách sạn why not quảng bình,Khách sạn Quảng Bình,Lưu trú,In-scope Quảng Bình,Commercial Investigation,50,N/A,N/A,N/A,Planner (Thấp),data/google_planner/quang-binh/Keyword Stats 2026-02-23 at 00_37_49.csv,Viết bài top-list/so sánh; map vào cluster hub; bổ sung schema + ảnh/UGC,B,75.0,0%,0
khách sạn why not đồng hới,Khách sạn Quảng Bình,Lưu trú,In-scope Quảng Bình,Commercial Investigation,50,N/A,N/A,N/A,Planner (Không xác định),data/google_planner/quang-binh/Keyword Stats 2026-02-23 at 00_37_49.csv,Viết bài top-list/so sánh; map vào cluster hub; bổ sung schema + ảnh/UGC,B,75.0,-100.0%,0
khách sạn xo quảng bình,Khách sạn Quảng Bình,Lưu trú,In-scope Quảng Bình,Commercial Investigation,50,N/A,N/A,N/A,Planner (Thấp),data/google_planner/quang-binh/Keyword Stats 2026-02-23 at 00_37_49.csv,Viết bài top-list/so sánh; map vào cluster hub; bổ sung schema + ảnh/UGC,B,75.0,0%,0
khách sạn đá nhảy quảng bình,Khách sạn Quảng Bình,Lưu trú,In-scope Quảng Bình,Commercial Investigation,50,N/A,N/A,N/A,Planner (Trung bình),data/google_planner/quang-binh/Keyword Stats 2026-02-23 at 00_37_49.csv,Viết bài top-list/so sánh; map vào cluster hub; bổ sung schema + ảnh/UGC,B,75.0,0%,0
khách sạn đường sắt quảng bình,Khách sạn Quảng Bình,Lưu trú,In-scope Quảng Bình,Commercial Investigation,50,N/A,N/A,N/A,Planner (Cao),data/google_planner/quang-binh/Keyword Stats 2026-02-23 at 00_37_49.csv,Viết bài top-list/so sánh; map vào cluster hub; bổ sung schema + ảnh/UGC,B,75.0,0%,0
khách sạn đường trương pháp đồng hới,Khách sạn Quảng Bình,Lưu trú,In-scope Quảng Bình,Commercial Investigation,50,N/A,N/A,N/A,Planner (Cao),data/google_planner/quang-binh/Keyword Stats 2026-02-23 at 00_37_49.csv,Viết bài top-list/so sánh; map vào cluster hub; bổ sung schema + ảnh/UGC,B,75.0,0%,0
khách sạn đẹp ở quảng bình,Khách sạn Quảng Bình,Lưu trú,In-scope Quảng Bình,Commercial Investigation,50,N/A,N/A,N/A,Planner (Trung bình),data/google_planner/quang-binh/Keyword Stats 2026-02-23 at 00_37_49.csv,Viết bài top-list/so sánh; map vào cluster hub; bổ sung schema + ảnh/UGC,B,75.0,0%,0
khách sạn đẹp ở đồng hới,Khách sạn Quảng Bình,Lưu trú,In-scope Quảng Bình,Commercial Investigation,50,N/A,N/A,N/A,Planner (Thấp),data/google_planner/quang-binh/Keyword Stats 2026-02-23 at 00_37_49.csv,Viết bài top-list/so sánh; map vào cluster hub; bổ sung schema + ảnh/UGC,B,75.0,0%,0
khách sạn ở bãi biển nhật lệ quảng bình,Khách sạn Quảng Bình,Lưu trú,In-scope Quảng Bình,Commercial Investigation,50,N/A,N/A,N/A,Planner (Không xác định),data/google_planner/quang-binh/Keyword Stats 2026-02-23 at 00_37_49.csv,Viết bài top-list/so sánh; map vào cluster hub; bổ sung schema + ảnh/UGC,B,75.0,-100.0%,0
khách sạn ở bãi đá nhảy quảng bình,Khách sạn Quảng Bình,Lưu trú,In-scope Quảng Bình,Commercial Investigation,50,N/A,N/A,N/A,Planner (Không xác định),data/google_planner/quang-binh/Keyword Stats 2026-02-23 at 00_37_49.csv,Viết bài top-list/so sánh; map vào cluster hub; bổ sung schema + ảnh/UGC,B,75.0,-100.0%,0
khách sạn ở bố trạch quảng bình,Khách sạn Quảng Bình,Lưu trú,In-scope Quảng Bình,Commercial Investigation,50,N/A,N/A,N/A,Planner (Trung bình),data/google_planner/quang-binh/Keyword Stats 2026-02-23 at 00_37_49.csv,Viết bài top-list/so sánh; map vào cluster hub; bổ sung schema + ảnh/UGC,B,75.0,0%,0
khách sạn ở lệ thủy quảng bình,Khách sạn Quảng Bình,Lưu trú,In-scope Quảng Bình,Commercial Investigation,50,N/A,N/A,N/A,Planner (Cao),data/google_planner/quang-binh/Keyword Stats 2026-02-23 at 00_37_49.csv,Viết bài top-list/so sánh; map vào cluster hub; bổ sung schema + ảnh/UGC,B,75.0,0%,0
khách sạn ở nhật lệ,Khách sạn Quảng Bình,Lưu trú,In-scope Quảng Bình,Commercial Investigation,50,N/A,N/A,N/A,Planner (Cao),data/google_planner/quang-binh/Keyword Stats 2026-02-23 at 00_37_49.csv,Viết bài top-list/so sánh; map vào cluster hub; bổ sung schema + ảnh/UGC,B,75.0,0%,0
khách sạn ở quảng bình gần biển,Khách sạn Quảng Bình,Lưu trú,In-scope Quảng Bình,Commercial Investigation,50,N/A,N/A,N/A,Planner (Không xác định),data/google_planner/quang-binh/Keyword Stats 2026-02-23 at 00_37_49.csv,Viết bài top-list/so sánh; map vào cluster hub; bổ sung schema + ảnh/UGC,B,75.0,0%,0
khách sạn ở suối mooc quảng bình,Khách sạn Quảng Bình,Lưu trú,In-scope Quảng Bình,Commercial Investigation,50,N/A,N/A,N/A,Planner (Không xác định),data/google_planner/quang-binh/Keyword Stats 2026-02-23 at 00_37_49.csv,Viết bài top-list/so sánh; map vào cluster hub; bổ sung schema + ảnh/UGC,B,75.0,0%,0
khách sạn ở tp đồng hới,Khách sạn Quảng Bình,Lưu trú,In-scope Quảng Bình,Commercial Investigation,50,N/A,N/A,N/A,Planner (Cao),data/google_planner/quang-binh/Keyword Stats 2026-02-23 at 00_37_49.csv,Viết bài top-list/so sánh; map vào cluster hub; bổ sung schema + ảnh/UGC,B,75.0,0%,0
kinh nghiệm đi sun spa resort quảng bình,Khách sạn Quảng Bình,Lưu trú,In-scope Quảng Bình,Commercial Investigation,50,N/A,N/A,N/A,Planner (Không xác định),data/google_planner/quang-binh/Keyword Stats 2026-02-23 at 00_37_49.csv,Viết bài top-list/so sánh; map vào cluster hub; bổ sung schema + ảnh/UGC,B,75.0,-100.0%,0
lavender hotel quảng bình,Khách sạn Quảng Bình,Lưu trú,In-scope Quảng Bình,Commercial Investigation,50,N/A,N/A,N/A,Planner (Cao),data/google_planner/quang-binh/Keyword Stats 2026-02-23 at 00_37_49.csv,Viết bài top-list/so sánh; map vào cluster hub; bổ sung schema + ảnh/UGC,B,75.0,0%,0
luxe hotel đồng hới,Khách sạn Quảng Bình,Lưu trú,In-scope Quảng Bình,Commercial Investigation,50,N/A,N/A,N/A,Planner (Trung bình),data/google_planner/quang-binh/Keyword Stats 2026-02-23 at 00_37_49.csv,Viết bài top-list/so sánh; map vào cluster hub; bổ sung schema + ảnh/UGC,B,75.0,0%,0
manila resort quảng bình,Khách sạn Quảng Bình,Lưu trú,In-scope Quảng Bình,Commercial Investigation,50,N/A,N/A,N/A,Planner (Không xác định),data/google_planner/quang-binh/Keyword Stats 2026-02-23 at 00_37_49.csv,Viết bài top-list/so sánh; map vào cluster hub; bổ sung schema + ảnh/UGC,B,75.0,0%,0
mimosa hotel quảng bình,Khách sạn Quảng Bình,Lưu trú,In-scope Quảng Bình,Commercial Investigation,50,N/A,N/A,N/A,Planner (Trung bình),data/google_planner/quang-binh/Keyword Stats 2026-02-23 at 00_37_49.csv,Viết bài top-list/so sánh; map vào cluster hub; bổ sung schema + ảnh/UGC,B,75.0,0%,0
minh quang hotel quảng bình,Khách sạn Quảng Bình,Lưu trú,In-scope Quảng Bình,Commercial Investigation,50,N/A,N/A,N/A,Planner (Trung bình),data/google_planner/quang-binh/Keyword Stats 2026-02-23 at 00_37_49.csv,Viết bài top-list/so sánh; map vào cluster hub; bổ sung schema + ảnh/UGC,B,75.0,0%,0
mường thanh luxury quang binh hotel,Khách sạn Quảng Bình,Lưu trú,In-scope Quảng Bình,Commercial Investigation,50,N/A,N/A,N/A,Planner (Cao),data/google_planner/quang-binh/Keyword Stats 2026-02-23 at 00_37_49.csv,Viết bài top-list/so sánh; map vào cluster hub; bổ sung schema + ảnh/UGC,B,75.0,0%,0
nam long hotel quảng bình,Khách sạn Quảng Bình,Lưu trú,In-scope Quảng Bình,Commercial Investigation,50,N/A,N/A,N/A,Planner (Cao),data/google_planner/quang-binh/Keyword Stats 2026-02-23 at 00_37_49.csv,Viết bài top-list/so sánh; map vào cluster hub; bổ sung schema + ảnh/UGC,B,75.0,0%,0
nam long hotel đồng hới,Khách sạn Quảng Bình,Lưu trú,In-scope Quảng Bình,Commercial Investigation,50,N/A,N/A,N/A,Planner (Trung bình),data/google_planner/quang-binh/Keyword Stats 2026-02-23 at 00_37_49.csv,Viết bài top-list/so sánh; map vào cluster hub; bổ sung schema + ảnh/UGC,B,75.0,0%,0
những resort đẹp ở quảng bình,Khách sạn Quảng Bình,Lưu trú,In-scope Quảng Bình,Commercial Investigation,50,N/A,N/A,N/A,Planner (Cao),data/google_planner/quang-binh/Keyword Stats 2026-02-23 at 00_37_49.csv,Viết bài top-list/so sánh; map vào cluster hub; bổ sung schema + ảnh/UGC,B,75.0,0%,0
nên ở khách sạn nào ở quảng bình,Khách sạn Quảng Bình,Lưu trú,In-scope Quảng Bình,Commercial Investigation,50,N/A,N/A,N/A,Planner (Cao),data/google_planner/quang-binh/Keyword Stats 2026-02-23 at 00_37_49.csv,Viết bài top-list/so sánh; map vào cluster hub; bổ sung schema + ảnh/UGC,B,75.0,0%,0
osaka hotel quảng bình,Khách sạn Quảng Bình,Lưu trú,In-scope Quảng Bình,Commercial Investigation,50,N/A,N/A,N/A,Planner (Trung bình),data/google_planner/quang-binh/Keyword Stats 2026-02-23 at 00_37_49.csv,Viết bài top-list/so sánh; map vào cluster hub; bổ sung schema + ảnh/UGC,B,75.0,0%,0
papa hotel quảng bình,Khách sạn Quảng Bình,Lưu trú,In-scope Quảng Bình,Commercial Investigation,50,N/A,N/A,N/A,Planner (Không xác định),data/google_planner/quang-binh/Keyword Stats 2026-02-23 at 00_37_49.csv,Viết bài top-list/so sánh; map vào cluster hub; bổ sung schema + ảnh/UGC,B,75.0,-100.0%,0
phuong bac luxury hotel 4 sao quảng bình,Khách sạn Quảng Bình,Lưu trú,In-scope Quảng Bình,Commercial Investigation,50,N/A,N/A,N/A,Planner (Không xác định),data/google_planner/quang-binh/Keyword Stats 2026-02-23 at 00_37_49.csv,Viết bài top-list/so sánh; map vào cluster hub; bổ sung schema + ảnh/UGC,B,75.0,0%,0
phuong bac luxury hotel quảng bình 4 sao,Khách sạn Quảng Bình,Lưu trú,In-scope Quảng Bình,Commercial Investigation,50,N/A,N/A,N/A,Planner (Không xác định),data/google_planner/quang-binh/Keyword Stats 2026-02-23 at 00_37_49.csv,Viết bài top-list/so sánh; map vào cluster hub; bổ sung schema + ảnh/UGC,B,75.0,0%,0
phú cường beach hotel quảng bình,Khách sạn Quảng Bình,Lưu trú,In-scope Quảng Bình,Commercial Investigation,50,N/A,N/A,N/A,Planner (Trung bình),data/google_planner/quang-binh/Keyword Stats 2026-02-23 at 00_37_49.csv,Viết bài top-list/so sánh; map vào cluster hub; bổ sung schema + ảnh/UGC,B,75.0,0%,0
phú cường hotel quảng bình,Khách sạn Quảng Bình,Lưu trú,In-scope Quảng Bình,Commercial Investigation,50,N/A,N/A,N/A,Planner (Thấp),data/google_planner/quang-binh/Keyword Stats 2026-02-23 at 00_37_49.csv,Viết bài top-list/so sánh; map vào cluster hub; bổ sung schema + ảnh/UGC,B,75.0,0%,0
quang phú resort quảng bình,Khách sạn Quảng Bình,Lưu trú,In-scope Quảng Bình,Commercial Investigation,50,N/A,N/A,N/A,Planner (Không xác định),data/google_planner/quang-binh/Keyword Stats 2026-02-23 at 00_37_49.csv,Viết bài top-list/so sánh; map vào cluster hub; bổ sung schema + ảnh/UGC,B,75.0,0%,0
quang phú resort quảng bình review,Khách sạn Quảng Bình,Lưu trú,In-scope Quảng Bình,Commercial Investigation,50,N/A,N/A,N/A,Planner (Không xác định),data/google_planner/quang-binh/Keyword Stats 2026-02-23 at 00_37_49.csv,Viết bài top-list/so sánh; map vào cluster hub; bổ sung schema + ảnh/UGC,B,75.0,-100.0%,0
quang phú resort đồng hới,Khách sạn Quảng Bình,Lưu trú,In-scope Quảng Bình,Commercial Investigation,50,N/A,N/A,N/A,Planner (Không xác định),data/google_planner/quang-binh/Keyword Stats 2026-02-23 at 00_37_49.csv,Viết bài top-list/so sánh; map vào cluster hub; bổ sung schema + ảnh/UGC,B,75.0,0%,0
quảng bình sun spa resort,Khách sạn Quảng Bình,Lưu trú,In-scope Quảng Bình,Commercial Investigation,50,N/A,N/A,N/A,Planner (Trung bình),data/google_planner/quang-binh/Keyword Stats 2026-02-23 at 00_37_49.csv,Viết bài top-list/so sánh; map vào cluster hub; bổ sung schema + ảnh/UGC,B,75.0,0%,0
resort biển nhật lệ quảng bình,Khách sạn Quảng Bình,Lưu trú,In-scope Quảng Bình,Commercial Investigation,50,N/A,N/A,N/A,Planner (Cao),data/google_planner/quang-binh/Keyword Stats 2026-02-23 at 00_37_49.csv,Viết bài top-list/so sánh; map vào cluster hub; bổ sung schema + ảnh/UGC,B,75.0,0%,0
resort biển quảng bình,Khách sạn Quảng Bình,Lưu trú,In-scope Quảng Bình,Commercial Investigation,50,N/A,N/A,N/A,Planner (Cao),data/google_planner/quang-binh/Keyword Stats 2026-02-23 at 00_37_49.csv,Viết bài top-list/so sánh; map vào cluster hub; bổ sung schema + ảnh/UGC,B,75.0,0%,0
resort biển vàng quảng bình,Khách sạn Quảng Bình,Lưu trú,In-scope Quảng Bình,Commercial Investigation,50,N/A,N/A,N/A,Planner (Cao),data/google_planner/quang-binh/Keyword Stats 2026-02-23 at 00_37_49.csv,Viết bài top-list/so sánh; map vào cluster hub; bổ sung schema + ảnh/UGC,B,75.0,0%,0
resort bãi đá nhảy quảng bình,Khách sạn Quảng Bình,Lưu trú,In-scope Quảng Bình,Commercial Investigation,50,N/A,N/A,N/A,Planner (Không xác định),data/google_planner/quang-binh/Keyword Stats 2026-02-23 at 00_37_49.csv,Viết bài top-list/so sánh; map vào cluster hub; bổ sung schema + ảnh/UGC,B,75.0,0%,0
resort bảo ninh quảng bình,Khách sạn Quảng Bình,Lưu trú,In-scope Quảng Bình,Commercial Investigation,50,N/A,N/A,N/A,Planner (Trung bình),data/google_planner/quang-binh/Keyword Stats 2026-02-23 at 00_37_49.csv,Viết bài top-list/so sánh; map vào cluster hub; bổ sung schema + ảnh/UGC,B,75.0,0%,0
resort duy tân quảng bình,Khách sạn Quảng Bình,Lưu trú,In-scope Quảng Bình,Commercial Investigation,50,N/A,N/A,N/A,Planner (Trung bình),data/google_planner/quang-binh/Keyword Stats 2026-02-23 at 00_37_49.csv,Viết bài top-list/so sánh; map vào cluster hub; bổ sung schema + ảnh/UGC,B,75.0,0%,0
resort in quang binh,Khách sạn Quảng Bình,Lưu trú,In-scope Quảng Bình,Commercial Investigation,50,N/A,N/A,N/A,Planner (Cao),data/google_planner/quang-binh/Keyword Stats 2026-02-23 at 00_37_49.csv,Viết bài top-list/so sánh; map vào cluster hub; bổ sung schema + ảnh/UGC,B,75.0,0%,0
resort manli quảng bình,Khách sạn Quảng Bình,Lưu trú,In-scope Quảng Bình,Commercial Investigation,50,N/A,N/A,N/A,Planner (Trung bình),data/google_planner/quang-binh/Keyword Stats 2026-02-23 at 00_37_49.csv,Viết bài top-list/so sánh; map vào cluster hub; bổ sung schema + ảnh/UGC,B,75.0,0%,0
resort mới ở quảng bình,Khách sạn Quảng Bình,Lưu trú,In-scope Quảng Bình,Commercial Investigation,50,N/A,N/A,N/A,Planner (Trung bình),data/google_planner/quang-binh/Keyword Stats 2026-02-23 at 00_37_49.csv,Viết bài top-list/so sánh; map vào cluster hub; bổ sung schema + ảnh/UGC,B,75.0,0%,0
resort nhân trạch quảng bình,Khách sạn Quảng Bình,Lưu trú,In-scope Quảng Bình,Commercial Investigation,50,N/A,N/A,N/A,Planner (Trung bình),data/google_planner/quang-binh/Keyword Stats 2026-02-23 at 00_37_49.csv,Viết bài top-list/so sánh; map vào cluster hub; bổ sung schema + ảnh/UGC,B,75.0,0%,0
resort nhật lệ,Khách sạn Quảng Bình,Lưu trú,In-scope Quảng Bình,Commercial Investigation,50,N/A,N/A,N/A,Planner (Không xác định),data/google_planner/quang-binh/Keyword Stats 2026-02-23 at 00_37_49.csv,Viết bài top-list/so sánh; map vào cluster hub; bổ sung schema + ảnh/UGC,B,75.0,-100.0%,0
resort nhật lệ quảng bình,Khách sạn Quảng Bình,Lưu trú,In-scope Quảng Bình,Commercial Investigation,50,N/A,N/A,N/A,Planner (Cao),data/google_planner/quang-binh/Keyword Stats 2026-02-23 at 00_37_49.csv,Viết bài top-list/so sánh; map vào cluster hub; bổ sung schema + ảnh/UGC,B,75.0,0%,0
resort quang phú quảng bình,Khách sạn Quảng Bình,Lưu trú,In-scope Quảng Bình,Commercial Investigation,50,N/A,N/A,N/A,Planner (Không xác định),data/google_planner/quang-binh/Keyword Stats 2026-02-23 at 00_37_49.csv,Viết bài top-list/so sánh; map vào cluster hub; bổ sung schema + ảnh/UGC,B,75.0,-100.0%,0
resort quảng bình đẹp,Khách sạn Quảng Bình,Lưu trú,In-scope Quảng Bình,Commercial Investigation,50,N/A,N/A,N/A,Planner (Không xác định),data/google_planner/quang-binh/Keyword Stats 2026-02-23 at 00_37_49.csv,Viết bài top-list/so sánh; map vào cluster hub; bổ sung schema + ảnh/UGC,B,75.0,0%,0
resort sun spa ở quảng bình,Khách sạn Quảng Bình,Lưu trú,In-scope Quảng Bình,Commercial Investigation,50,N/A,N/A,N/A,Planner (Cao),data/google_planner/quang-binh/Keyword Stats 2026-02-23 at 00_37_49.csv,Viết bài top-list/so sánh; map vào cluster hub; bổ sung schema + ảnh/UGC,B,75.0,0%,0
resort đá nhảy quảng bình,Khách sạn Quảng Bình,Lưu trú,In-scope Quảng Bình,Commercial Investigation,50,N/A,N/A,N/A,Planner (Thấp),data/google_planner/quang-binh/Keyword Stats 2026-02-23 at 00_37_49.csv,Viết bài top-list/so sánh; map vào cluster hub; bổ sung schema + ảnh/UGC,B,75.0,0%,0
resort đẹp nhất quảng bình,Khách sạn Quảng Bình,Lưu trú,In-scope Quảng Bình,Commercial Investigation,50,N/A,N/A,N/A,Planner (Không xác định),data/google_planner/quang-binh/Keyword Stats 2026-02-23 at 00_37_49.csv,Viết bài top-list/so sánh; map vào cluster hub; bổ sung schema + ảnh/UGC,B,75.0,-100.0%,0
resort ở đồng hới quảng bình,Khách sạn Quảng Bình,Lưu trú,In-scope Quảng Bình,Commercial Investigation,50,N/A,N/A,N/A,Planner (Cao),data/google_planner/quang-binh/Keyword Stats 2026-02-23 at 00_37_49.csv,Viết bài top-list/so sánh; map vào cluster hub; bổ sung schema + ảnh/UGC,B,75.0,0%,0
review khách sạn cao minh quảng bình,Khách sạn Quảng Bình,Lưu trú,In-scope Quảng Bình,Commercial Investigation,50,N/A,N/A,N/A,Planner (Không xác định),data/google_planner/quang-binh/Keyword Stats 2026-02-23 at 00_37_49.csv,Viết bài top-list/so sánh; map vào cluster hub; bổ sung schema + ảnh/UGC,B,75.0,-100.0%,0
review khách sạn quảng bình,Khách sạn Quảng Bình,Lưu trú,In-scope Quảng Bình,Commercial Investigation,50,N/A,N/A,N/A,Planner (Trung bình),data/google_planner/quang-binh/Keyword Stats 2026-02-23 at 00_37_49.csv,Viết bài top-list/so sánh; map vào cluster hub; bổ sung schema + ảnh/UGC,B,75.0,0%,0
review manli resort quảng bình,Khách sạn Quảng Bình,Lưu trú,In-scope Quảng Bình,Commercial Investigation,50,N/A,N/A,N/A,Planner (Không xác định),data/google_planner/quang-binh/Keyword Stats 2026-02-23 at 00_37_49.csv,Viết bài top-list/so sánh; map vào cluster hub; bổ sung schema + ảnh/UGC,B,75.0,0%,0
review resort quảng bình,Khách sạn Quảng Bình,Lưu trú,In-scope Quảng Bình,Commercial Investigation,50,N/A,N/A,N/A,Planner (Không xác định),data/google_planner/quang-binh/Keyword Stats 2026-02-23 at 00_37_49.csv,Viết bài top-list/so sánh; map vào cluster hub; bổ sung schema + ảnh/UGC,B,75.0,0%,0
review sea star resort quảng bình,Khách sạn Quảng Bình,Lưu trú,In-scope Quảng Bình,Commercial Investigation,50,N/A,N/A,N/A,Planner (Không xác định),data/google_planner/quang-binh/Keyword Stats 2026-02-23 at 00_37_49.csv,Viết bài top-list/so sánh; map vào cluster hub; bổ sung schema + ảnh/UGC,B,75.0,0%,0
review sun spa resort quảng bình,Khách sạn Quảng Bình,Lưu trú,In-scope Quảng Bình,Commercial Investigation,50,N/A,N/A,N/A,Planner (Không xác định),data/google_planner/quang-binh/Keyword Stats 2026-02-23 at 00_37_49.csv,Viết bài top-list/so sánh; map vào cluster hub; bổ sung schema + ảnh/UGC,B,75.0,0%,0
sao biển resort quảng bình,Khách sạn Quảng Bình,Lưu trú,In-scope Quảng Bình,Commercial Investigation,50,N/A,N/A,N/A,Planner (Không xác định),data/google_planner/quang-binh/Keyword Stats 2026-02-23 at 00_37_49.csv,Viết bài top-list/so sánh; map vào cluster hub; bổ sung schema + ảnh/UGC,B,75.0,-100.0%,0
sao biển resort đồng hới,Khách sạn Quảng Bình,Lưu trú,In-scope Quảng Bình,Commercial Investigation,50,N/A,N/A,N/A,Planner (Không xác định),data/google_planner/quang-binh/Keyword Stats 2026-02-23 at 00_37_49.csv,Viết bài top-list/so sánh; map vào cluster hub; bổ sung schema + ảnh/UGC,B,75.0,0%,0
sea star resort quảng bình review,Khách sạn Quảng Bình,Lưu trú,In-scope Quảng Bình,Commercial Investigation,50,N/A,N/A,N/A,Planner (Trung bình),data/google_planner/quang-binh/Keyword Stats 2026-02-23 at 00_37_49.csv,Viết bài top-list/so sánh; map vào cluster hub; bổ sung schema + ảnh/UGC,B,75.0,0%,0
seastar hotel quảng bình,Khách sạn Quảng Bình,Lưu trú,In-scope Quảng Bình,Commercial Investigation,50,N/A,N/A,N/A,Planner (Trung bình),data/google_planner/quang-binh/Keyword Stats 2026-02-23 at 00_37_49.csv,Viết bài top-list/so sánh; map vào cluster hub; bổ sung schema + ảnh/UGC,B,75.0,0%,0
selina resort quảng bình,Khách sạn Quảng Bình,Lưu trú,In-scope Quảng Bình,Commercial Investigation,50,N/A,N/A,N/A,Planner (Cao),data/google_planner/quang-binh/Keyword Stats 2026-02-23 at 00_37_49.csv,Viết bài top-list/so sánh; map vào cluster hub; bổ sung schema + ảnh/UGC,B,75.0,0%,0
sic hotel quảng bình,Khách sạn Quảng Bình,Lưu trú,In-scope Quảng Bình,Commercial Investigation,50,N/A,N/A,N/A,Planner (Cao),data/google_planner/quang-binh/Keyword Stats 2026-02-23 at 00_37_49.csv,Viết bài top-list/so sánh; map vào cluster hub; bổ sung schema + ảnh/UGC,B,75.0,0%,0
sky hotel quảng bình,Khách sạn Quảng Bình,Lưu trú,In-scope Quảng Bình,Commercial Investigation,50,N/A,N/A,N/A,Planner (Thấp),data/google_planner/quang-binh/Keyword Stats 2026-02-23 at 00_37_49.csv,Viết bài top-list/so sánh; map vào cluster hub; bổ sung schema + ảnh/UGC,B,75.0,0%,0
sun spa resort quảng bình agoda,Khách sạn Quảng Bình,Lưu trú,In-scope Quảng Bình,Commercial Investigation,50,N/A,N/A,N/A,Planner (Cao),data/google_planner/quang-binh/Keyword Stats 2026-02-23 at 00_37_49.csv,Viết bài top-list/so sánh; map vào cluster hub; bổ sung schema + ảnh/UGC,B,75.0,0%,0
sun spa resort quảng bình chudu24,Khách sạn Quảng Bình,Lưu trú,In-scope Quảng Bình,Commercial Investigation,50,N/A,N/A,N/A,Planner (Không xác định),data/google_planner/quang-binh/Keyword Stats 2026-02-23 at 00_37_49.csv,Viết bài top-list/so sánh; map vào cluster hub; bổ sung schema + ảnh/UGC,B,75.0,0%,0
sun spa resort quảng bình việt nam,Khách sạn Quảng Bình,Lưu trú,In-scope Quảng Bình,Commercial Investigation,50,N/A,N/A,N/A,Planner (Thấp),data/google_planner/quang-binh/Keyword Stats 2026-02-23 at 00_37_49.csv,Viết bài top-list/so sánh; map vào cluster hub; bổ sung schema + ảnh/UGC,B,75.0,0%,0
sun spa resort đồng hới,Khách sạn Quảng Bình,Lưu trú,In-scope Quảng Bình,Commercial Investigation,50,N/A,N/A,N/A,Planner (Trung bình),data/google_planner/quang-binh/Keyword Stats 2026-02-23 at 00_37_49.csv,Viết bài top-list/so sánh; map vào cluster hub; bổ sung schema + ảnh/UGC,B,75.0,0%,0
sun spa resort đồng hới quảng bình,Khách sạn Quảng Bình,Lưu trú,In-scope Quảng Bình,Commercial Investigation,50,N/A,N/A,N/A,Planner (Không xác định),data/google_planner/quang-binh/Keyword Stats 2026-02-23 at 00_37_49.csv,Viết bài top-list/so sánh; map vào cluster hub; bổ sung schema + ảnh/UGC,B,75.0,-100.0%,0
sun star resort quảng bình,Khách sạn Quảng Bình,Lưu trú,In-scope Quảng Bình,Commercial Investigation,50,N/A,N/A,N/A,Planner (Cao),data/google_planner/quang-binh/Keyword Stats 2026-02-23 at 00_37_49.csv,Viết bài top-list/so sánh; map vào cluster hub; bổ sung schema + ảnh/UGC,B,75.0,0%,0
sunrise hotel quảng bình,Khách sạn Quảng Bình,Lưu trú,In-scope Quảng Bình,Commercial Investigation,50,N/A,N/A,N/A,Planner (Thấp),data/google_planner/quang-binh/Keyword Stats 2026-02-23 at 00_37_49.csv,Viết bài top-list/so sánh; map vào cluster hub; bổ sung schema + ảnh/UGC,B,75.0,0%,0
số điện thoại sun spa resort quảng bình,Khách sạn Quảng Bình,Lưu trú,In-scope Quảng Bình,Commercial Investigation,50,N/A,N/A,N/A,Planner (Thấp),data/google_planner/quang-binh/Keyword Stats 2026-02-23 at 00_37_49.csv,Viết bài top-list/so sánh; map vào cluster hub; bổ sung schema + ảnh/UGC,B,75.0,0%,0
tân bình hotel quảng bình,Khách sạn Quảng Bình,Lưu trú,In-scope Quảng Bình,Commercial Investigation,50,N/A,N/A,N/A,Planner (Trung bình),data/google_planner/quang-binh/Keyword Stats 2026-02-23 at 00_37_49.csv,Viết bài top-list/so sánh; map vào cluster hub; bổ sung schema + ảnh/UGC,B,75.0,0%,0
thanh phúc hotel quảng bình,Khách sạn Quảng Bình,Lưu trú,In-scope Quảng Bình,Commercial Investigation,50,N/A,N/A,N/A,Planner (Không xác định),data/google_planner/quang-binh/Keyword Stats 2026-02-23 at 00_37_49.csv,Viết bài top-list/so sánh; map vào cluster hub; bổ sung schema + ảnh/UGC,B,75.0,-100.0%,0
thiên thanh hotel quảng bình,Khách sạn Quảng Bình,Lưu trú,In-scope Quảng Bình,Commercial Investigation,50,N/A,N/A,N/A,Planner (Thấp),data/google_planner/quang-binh/Keyword Stats 2026-02-23 at 00_37_49.csv,Viết bài top-list/so sánh; map vào cluster hub; bổ sung schema + ảnh/UGC,B,75.0,0%,0
tour quảng bình sun spa resort,Khách sạn Quảng Bình,Lưu trú,In-scope Quảng Bình,Commercial Investigation,50,N/A,N/A,N/A,Planner (Không xác định),data/google_planner/quang-binh/Keyword Stats 2026-02-23 at 00_37_49.csv,Viết bài top-list/so sánh; map vào cluster hub; bổ sung schema + ảnh/UGC,B,75.0,0%,0
villa sun spa resort quảng bình,Khách sạn Quảng Bình,Lưu trú,In-scope Quảng Bình,Commercial Investigation,50,N/A,N/A,N/A,Planner (Thấp),data/google_planner/quang-binh/Keyword Stats 2026-02-23 at 00_37_49.csv,Viết bài top-list/so sánh; map vào cluster hub; bổ sung schema + ảnh/UGC,B,75.0,0%,0
villa đồng hới,Khách sạn Quảng Bình,Lưu trú,In-scope Quảng Bình,Commercial Investigation,50,N/A,N/A,N/A,Planner (Thấp),data/google_planner/quang-binh/Keyword Stats 2026-02-23 at 00_37_49.csv,Viết bài top-list/so sánh; map vào cluster hub; bổ sung schema + ảnh/UGC,B,75.0,0%,0
villa ở quảng bình,Khách sạn Quảng Bình,Lưu trú,In-scope Quảng Bình,Commercial Investigation,50,N/A,N/A,N/A,Planner (Trung bình),data/google_planner/quang-binh/Keyword Stats 2026-02-23 at 00_37_49.csv,Viết bài top-list/so sánh; map vào cluster hub; bổ sung schema + ảnh/UGC,B,75.0,0%,0
vinpearl hotel quảng bình,Khách sạn Quảng Bình,Lưu trú,In-scope Quảng Bình,Commercial Investigation,50,N/A,N/A,N/A,Planner (Cao),data/google_planner/quang-binh/Keyword Stats 2026-02-23 at 00_37_49.csv,Viết bài top-list/so sánh; map vào cluster hub; bổ sung schema + ảnh/UGC,B,75.0,0%,0
vinpearl resort quảng bình,Khách sạn Quảng Bình,Lưu trú,In-scope Quảng Bình,Commercial Investigation,50,N/A,N/A,N/A,Planner (Thấp),data/google_planner/quang-binh/Keyword Stats 2026-02-23 at 00_37_49.csv,Viết bài top-list/so sánh; map vào cluster hub; bổ sung schema + ảnh/UGC,B,75.0,0%,0
vy anh villa quảng bình,Khách sạn Quảng Bình,Lưu trú,In-scope Quảng Bình,Commercial Investigation,50,N/A,N/A,N/A,Planner (Không xác định),data/google_planner/quang-binh/Keyword Stats 2026-02-23 at 00_37_49.csv,Viết bài top-list/so sánh; map vào cluster hub; bổ sung schema + ảnh/UGC,B,75.0,-100.0%,0
white rose hotel quảng bình,Khách sạn Quảng Bình,Lưu trú,In-scope Quảng Bình,Commercial Investigation,50,N/A,N/A,N/A,Planner (Thấp),data/google_planner/quang-binh/Keyword Stats 2026-02-23 at 00_37_49.csv,Viết bài top-list/so sánh; map vào cluster hub; bổ sung schema + ảnh/UGC,B,75.0,0%,0
xo hotel quảng bình,Khách sạn Quảng Bình,Lưu trú,In-scope Quảng Bình,Commercial Investigation,50,N/A,N/A,N/A,Planner (Không xác định),data/google_planner/quang-binh/Keyword Stats 2026-02-23 at 00_37_49.csv,Viết bài top-list/so sánh; map vào cluster hub; bổ sung schema + ảnh/UGC,B,75.0,0%,0
đi quảng bình nên ở khách sạn nào,Khách sạn Quảng Bình,Lưu trú,In-scope Quảng Bình,Commercial Investigation,50,N/A,N/A,N/A,Planner (Không xác định),data/google_planner/quang-binh/Keyword Stats 2026-02-23 at 00_37_49.csv,Viết bài top-list/so sánh; map vào cluster hub; bổ sung schema + ảnh/UGC,B,75.0,-100.0%,0
đi quảng bình ở khách sạn nào,Khách sạn Quảng Bình,Lưu trú,In-scope Quảng Bình,Commercial Investigation,50,N/A,N/A,N/A,Planner (Không xác định),data/google_planner/quang-binh/Keyword Stats 2026-02-23 at 00_37_49.csv,Viết bài top-list/so sánh; map vào cluster hub; bổ sung schema + ảnh/UGC,B,75.0,0%,0
đặt khách sạn ở quảng bình,Khách sạn Quảng Bình,Lưu trú,In-scope Quảng Bình,Commercial Investigation,50,N/A,N/A,N/A,Planner (Cao),data/google_planner/quang-binh/Keyword Stats 2026-02-23 at 00_37_49.csv,Viết bài top-list/so sánh; map vào cluster hub; bổ sung schema + ảnh/UGC,B,75.0,0%,0
đặt phòng khách sạn tại quảng bình,Khách sạn Quảng Bình,Lưu trú,In-scope Quảng Bình,Commercial Investigation,50,N/A,N/A,N/A,Planner (Không xác định),data/google_planner/quang-binh/Keyword Stats 2026-02-23 at 00_37_49.csv,Viết bài top-list/so sánh; map vào cluster hub; bổ sung schema + ảnh/UGC,B,75.0,0%,0
đặt phòng khách sạn tại đồng hới,Khách sạn Quảng Bình,Lưu trú,In-scope Quảng Bình,Commercial Investigation,50,N/A,N/A,N/A,Planner (Không xác định),data/google_planner/quang-binh/Keyword Stats 2026-02-23 at 00_37_49.csv,Viết bài top-list/so sánh; map vào cluster hub; bổ sung schema + ảnh/UGC,B,75.0,0%,0
đặt phòng khách sạn ở quảng bình,Khách sạn Quảng Bình,Lưu trú,In-scope Quảng Bình,Commercial Investigation,50,N/A,N/A,N/A,Planner (Không xác định),data/google_planner/quang-binh/Keyword Stats 2026-02-23 at 00_37_49.csv,Viết bài top-list/so sánh; map vào cluster hub; bổ sung schema + ảnh/UGC,B,75.0,0%,0
đặt phòng resort quảng bình,Khách sạn Quảng Bình,Lưu trú,In-scope Quảng Bình,Commercial Investigation,50,N/A,N/A,N/A,Planner (Không xác định),data/google_planner/quang-binh/Keyword Stats 2026-02-23 at 00_37_49.csv,Viết bài top-list/so sánh; map vào cluster hub; bổ sung schema + ảnh/UGC,B,75.0,0%,0
địa chỉ khách sạn duy tân quảng bình,Khách sạn Quảng Bình,Lưu trú,In-scope Quảng Bình,Commercial Investigation,50,N/A,N/A,N/A,Planner (Không xác định),data/google_planner/quang-binh/Keyword Stats 2026-02-23 at 00_37_49.csv,Viết bài top-list/so sánh; map vào cluster hub; bổ sung schema + ảnh/UGC,B,75.0,-100.0%,0
địa chỉ khách sạn mường thanh đồng hới,Khách sạn Quảng Bình,Lưu trú,In-scope Quảng Bình,Commercial Investigation,50,N/A,N/A,N/A,Planner (Trung bình),data/google_planner/quang-binh/Keyword Stats 2026-02-23 at 00_37_49.csv,Viết bài top-list/so sánh; map vào cluster hub; bổ sung schema + ảnh/UGC,B,75.0,0%,0
địa chỉ sea star resort quảng bình,Khách sạn Quảng Bình,Lưu trú,In-scope Quảng Bình,Commercial Investigation,50,N/A,N/A,N/A,Planner (Không xác định),data/google_planner/quang-binh/Keyword Stats 2026-02-23 at 00_37_49.csv,Viết bài top-list/so sánh; map vào cluster hub; bổ sung schema + ảnh/UGC,B,75.0,0%,0
địa chỉ sun spa resort quảng bình,Khách sạn Quảng Bình,Lưu trú,In-scope Quảng Bình,Commercial Investigation,50,N/A,N/A,N/A,Planner (Thấp),data/google_planner/quang-binh/Keyword Stats 2026-02-23 at 00_37_49.csv,Viết bài top-list/so sánh; map vào cluster hub; bổ sung schema + ảnh/UGC,B,75.0,0%,0
khách sạn quảng bình,Khách sạn Quảng Bình,Lưu trú,In-scope Quảng Bình,Commercial Investigation,N/A,N/A,N/A,N/A,Trend SI:13 3%,data/google_trend/searched_with_top-queries_VN_20250210-1748_20260210-1748.csv,Viết bài top-list/so sánh; map vào cluster hub; bổ sung schema + ảnh/UGC,B,19.5,3%,N/A
sunspa resort dong hoi,Khách sạn Đồng Hới,Lưu trú,In-scope Quảng Bình,Transaction,5000,N/A,N/A,N/A,Planner (Trung bình),data/google_planner/quang-binh/Keyword Stats 2026-02-23 at 00_37_49.csv,"Tạo landing chuyển đổi (giá/vé/đặt chỗ), gom vào cluster page + build backlink nội bộ",B,8250.0,0%,"9,270"
khach san dong hoi,Khách sạn Đồng Hới,Lưu trú,In-scope Quảng Bình,Transaction,500,N/A,N/A,N/A,Planner (Cao),data/google_planner/quang-binh/Keyword Stats 2026-02-23 at 00_37_49.csv,"Tạo landing chuyển đổi (giá/vé/đặt chỗ), gom vào cluster page + build backlink nội bộ",B,825.0,-90.0%,"20,460"
khach san dong hoi quang binh,Khách sạn Đồng Hới,Lưu trú,In-scope Quảng Bình,Transaction,50,N/A,N/A,N/A,Planner (Cao),data/google_planner/quang-binh/Keyword Stats 2026-02-23 at 00_37_49.csv,"Tạo landing chuyển đổi (giá/vé/đặt chỗ), gom vào cluster page + build backlink nội bộ",B,82.50000000000001,0%,"29,936"
khach san muong thanh dong hoi,Khách sạn Đồng Hới,Lưu trú,In-scope Quảng Bình,Transaction,50,N/A,N/A,N/A,Planner (Trung bình),data/google_planner/quang-binh/Keyword Stats 2026-02-23 at 00_37_49.csv,"Tạo landing chuyển đổi (giá/vé/đặt chỗ), gom vào cluster page + build backlink nội bộ",B,82.50000000000001,0%,"18,520"
khach san o dong hoi,Khách sạn Đồng Hới,Lưu trú,In-scope Quảng Bình,Transaction,50,N/A,N/A,N/A,Planner (Cao),data/google_planner/quang-binh/Keyword Stats 2026-02-23 at 00_37_49.csv,"Tạo landing chuyển đổi (giá/vé/đặt chỗ), gom vào cluster page + build backlink nội bộ",B,82.50000000000001,0%,"26,242"
bao ninh resort dong hoi,Khách sạn Đồng Hới,Lưu trú,In-scope Quảng Bình,Transaction,50,N/A,N/A,N/A,Planner (Không xác định),data/google_planner/quang-binh/Keyword Stats 2026-02-23 at 00_37_49.csv,"Tạo landing chuyển đổi (giá/vé/đặt chỗ), gom vào cluster page + build backlink nội bộ",B,75.0,0%,0
khach san huu nghi dong hoi,Khách sạn Đồng Hới,Lưu trú,In-scope Quảng Bình,Transaction,50,N/A,N/A,N/A,Planner (Trung bình),data/google_planner/quang-binh/Keyword Stats 2026-02-23 at 00_37_49.csv,"Tạo landing chuyển đổi (giá/vé/đặt chỗ), gom vào cluster page + build backlink nội bộ",B,75.0,0%,0
khach san o dong hoi quang binh,Khách sạn Đồng Hới,Lưu trú,In-scope Quảng Bình,Transaction,50,N/A,N/A,N/A,Planner (Không xác định),data/google_planner/quang-binh/Keyword Stats 2026-02-23 at 00_37_49.csv,"Tạo landing chuyển đổi (giá/vé/đặt chỗ), gom vào cluster page + build backlink nội bộ",B,75.0,-100.0%,0
khach san tai dong hoi,Khách sạn Đồng Hới,Lưu trú,In-scope Quảng Bình,Transaction,50,N/A,N/A,N/A,Planner (Cao),data/google_planner/quang-binh/Keyword Stats 2026-02-23 at 00_37_49.csv,"Tạo landing chuyển đổi (giá/vé/đặt chỗ), gom vào cluster page + build backlink nội bộ",B,75.0,0%,0
khach san tai dong hoi quang binh,Khách sạn Đồng Hới,Lưu trú,In-scope Quảng Bình,Transaction,50,N/A,N/A,N/A,Planner (Không xác định),data/google_planner/quang-binh/Keyword Stats 2026-02-23 at 00_37_49.csv,"Tạo landing chuyển đổi (giá/vé/đặt chỗ), gom vào cluster page + build backlink nội bộ",B,75.0,-100.0%,0
khach san tan binh dong hoi,Khách sạn Đồng Hới,Lưu trú,In-scope Quảng Bình,Transaction,50,N/A,N/A,N/A,Planner (Không xác định),data/google_planner/quang-binh/Keyword Stats 2026-02-23 at 00_37_49.csv,"Tạo landing chuyển đổi (giá/vé/đặt chỗ), gom vào cluster page + build backlink nội bộ",B,75.0,-100.0%,0
tan binh hotel dong hoi,Khách sạn Đồng Hới,Lưu trú,In-scope Quảng Bình,Commercial Investigation,50,N/A,N/A,N/A,Planner (Trung bình),data/google_planner/quang-binh/Keyword Stats 2026-02-23 at 00_37_49.csv,Viết bài top-list/so sánh; map vào cluster hub; bổ sung schema + ảnh/UGC,B,75.0,0%,0
khách sạn phong nha quảng bình,Khách sạn/Homestay Phong Nha,Lưu trú,In-scope Quảng Bình,Transaction,50,N/A,N/A,N/A,Planner (Cao),data/google_planner/quang-binh/Keyword Stats 2026-02-23 at 00_37_49.csv,"Tạo landing chuyển đổi (giá/vé/đặt chỗ), gom vào cluster page + build backlink nội bộ",B,82.50000000000001,0%,"16,880"
resort phong nha quảng bình,Khách sạn/Homestay Phong Nha,Lưu trú,In-scope Quảng Bình,Transaction,50,N/A,N/A,N/A,Planner (Cao),data/google_planner/quang-binh/Keyword Stats 2026-02-23 at 00_37_49.csv,"Tạo landing chuyển đổi (giá/vé/đặt chỗ), gom vào cluster page + build backlink nội bộ",B,82.50000000000001,0%,"7,714"
khách sạn tại phong nha quảng bình,Khách sạn/Homestay Phong Nha,Lưu trú,In-scope Quảng Bình,Transaction,50,N/A,N/A,N/A,Planner (Cao),data/google_planner/quang-binh/Keyword Stats 2026-02-23 at 00_37_49.csv,"Tạo landing chuyển đổi (giá/vé/đặt chỗ), gom vào cluster page + build backlink nội bộ",B,75.0,0%,0
khách sạn ở phong nha quảng bình,Khách sạn/Homestay Phong Nha,Lưu trú,In-scope Quảng Bình,Commercial Investigation,50,N/A,N/A,N/A,Planner (Cao),data/google_planner/quang-binh/Keyword Stats 2026-02-23 at 00_37_49.csv,Viết bài top-list/so sánh; map vào cluster hub; bổ sung schema + ảnh/UGC,B,75.0,0%,0
du lịch nghệ an quảng bình,Nghệ An Trip,Tổng hợp,Out-of-scope Nghệ An,Informational,50,N/A,N/A,N/A,Planner (Không xác định),data/google_planner/quang-binh/Keyword Stats 2026-02-23 at 00_37_49.csv,Viết guide/review; ưu tiên long-tail; tạo topic hub và internal link về trang dịch vụ,B,50.0,0%,0
tour du lịch nghệ an quảng bình,Nghệ An Trip,Di chuyển,Out-of-scope Nghệ An,Commercial Investigation,50,N/A,N/A,N/A,Planner (Không xác định),data/google_planner/quang-binh/Keyword Stats 2026-02-23 at 00_37_49.csv,Viết bài top-list/so sánh; map vào cluster hub; bổ sung schema + ảnh/UGC,B,50.0,-100.0%,0
du lịch bình liêu quảng ninh,Quảng Ninh Trip,Tổng hợp,Out-of-scope Quảng Ninh,Informational,N/A,631,84,13.31%,N/A (N/A),data/google_search_console/Queries.csv,"Cập nhật nội dung theo intent, bổ sung FAQ + schema, tối ưu title/meta để đẩy Top 1-3",A,84.0,N/A,N/A
nhà khách 368 quảng ninh,Quảng Ninh Trip,Tổng hợp,Out-of-scope Quảng Ninh,Informational,N/A,249,43,17.27%,N/A (N/A),data/google_search_console/Queries.csv,"Cập nhật nội dung theo intent, bổ sung FAQ + schema, tối ưu title/meta để đẩy Top 1-3",A,43.0,N/A,N/A
bình liêu quảng ninh có gì đẹp,Quảng Ninh Trip,Tổng hợp,Out-of-scope Quảng Ninh,Informational,N/A,201,42,20.9%,N/A (N/A),data/google_search_console/Queries.csv,"Cập nhật nội dung theo intent, bổ sung FAQ + schema, tối ưu title/meta để đẩy Top 1-3",A,42.0,N/A,N/A
khu du lịch bình liêu quảng ninh,Quảng Ninh Trip,Tổng hợp,Out-of-scope Quảng Ninh,Informational,N/A,223,34,15.25%,N/A (N/A),data/google_search_console/Queries.csv,"Cập nhật nội dung theo intent, bổ sung FAQ + schema, tối ưu title/meta để đẩy Top 1-3",A,34.0,N/A,N/A
bình liêu quảng ninh,Quảng Ninh Trip,Tổng hợp,Out-of-scope Quảng Ninh,Informational,N/A,3815,29,0.76%,N/A (N/A),data/google_search_console/Queries.csv,"Cập nhật nội dung theo intent, bổ sung FAQ + schema, tối ưu title/meta để đẩy Top 1-3",A,29.0,N/A,N/A
bình liêu quảng ninh có gì,Quảng Ninh Trip,Tổng hợp,Out-of-scope Quảng Ninh,Informational,N/A,109,21,19.27%,N/A (N/A),data/google_search_console/Queries.csv,"Cập nhật nội dung theo intent, bổ sung FAQ + schema, tối ưu title/meta để đẩy Top 1-3",A,21.0,N/A,N/A
du lịch bình liêu quảng ninh có gì,Quảng Ninh Trip,Tổng hợp,Out-of-scope Quảng Ninh,Informational,N/A,67,17,25.37%,N/A (N/A),data/google_search_console/Queries.csv,"Cập nhật nội dung theo intent, bổ sung FAQ + schema, tối ưu title/meta để đẩy Top 1-3",A,17.0,N/A,N/A
cảnh đẹp bình liêu quảng ninh,Quảng Ninh Trip,Tổng hợp,Out-of-scope Quảng Ninh,Informational,N/A,39,13,33.33%,N/A (N/A),data/google_search_console/Queries.csv,"Cập nhật nội dung theo intent, bổ sung FAQ + schema, tối ưu title/meta để đẩy Top 1-3",A,13.0,N/A,N/A
nhà khách bộ công an quảng ninh,Quảng Ninh Trip,Tổng hợp,Out-of-scope Quảng Ninh,Informational,N/A,34,13,38.24%,N/A (N/A),data/google_search_console/Queries.csv,"Cập nhật nội dung theo intent, bổ sung FAQ + schema, tối ưu title/meta để đẩy Top 1-3",A,13.0,N/A,N/A
du lịch quảng ninh,Quảng Ninh Trip,Tổng hợp,Out-of-scope Quảng Ninh,Informational,N/A,N/A,N/A,N/A,Trend SI:6 10%,data/google_trend/searched_with_rising-queries_VN_20250210-1752_20260210-1752.csv; data/google_trend/searched_with_top-queries_VN_20250210-1752_20260210-1752.csv,Viết guide/review; ưu tiên long-tail; tạo topic hub và internal link về trang dịch vụ,B,6.0,10%,N/A
tour quảng bình quảng trị,Quảng Trị Trip,Di chuyển,Out-of-scope Quảng Trị,Commercial Investigation,50,N/A,N/A,N/A,Planner (Thấp),data/google_planner/quang-binh/Keyword Stats 2026-02-23 at 00_37_49.csv,Viết bài top-list/so sánh; map vào cluster hub; bổ sung schema + ảnh/UGC,B,55.00000000000001,0%,"8,157"
du lịch quảng bình quảng trị,Quảng Trị Trip,Tổng hợp,Out-of-scope Quảng Trị,Informational,50,N/A,N/A,N/A,Planner (Thấp),data/google_planner/quang-binh/Keyword Stats 2026-02-23 at 00_37_49.csv,Viết guide/review; ưu tiên long-tail; tạo topic hub và internal link về trang dịch vụ,B,50.0,0%,0
du lịch quảng trị quảng bình,Quảng Trị Trip,Tổng hợp,Out-of-scope Quảng Trị,Informational,50,N/A,N/A,N/A,Planner (Thấp),data/google_planner/quang-binh/Keyword Stats 2026-02-23 at 00_37_49.csv,Viết guide/review; ưu tiên long-tail; tạo topic hub và internal link về trang dịch vụ,B,50.0,0%,0
tour quảng bình quảng trị 1 ngày,Quảng Trị Trip,Di chuyển,Out-of-scope Quảng Trị,Transaction,50,N/A,N/A,N/A,Planner (Thấp),data/google_planner/quang-binh/Keyword Stats 2026-02-23 at 00_37_49.csv,"Tạo landing chuyển đổi (giá/vé/đặt chỗ), gom vào cluster page + build backlink nội bộ",B,50.0,0%,0
tour quảng bình quảng trị 2 ngày 1 đêm,Quảng Trị Trip,Di chuyển,Out-of-scope Quảng Trị,Transaction,50,N/A,N/A,N/A,Planner (Thấp),data/google_planner/quang-binh/Keyword Stats 2026-02-23 at 00_37_49.csv,"Tạo landing chuyển đổi (giá/vé/đặt chỗ), gom vào cluster page + build backlink nội bộ",B,50.0,0%,0
tour quảng bình quảng trị 3 ngày 2 đêm,Quảng Trị Trip,Di chuyển,Out-of-scope Quảng Trị,Transaction,50,N/A,N/A,N/A,Planner (Thấp),data/google_planner/quang-binh/Keyword Stats 2026-02-23 at 00_37_49.csv,"Tạo landing chuyển đổi (giá/vé/đặt chỗ), gom vào cluster page + build backlink nội bộ",B,50.0,0%,0
tour du lịch huế quảng trị quảng bình,Quảng Trị Trip,Di chuyển,Out-of-scope Quảng Trị,Commercial Investigation,50,N/A,N/A,N/A,Planner (Thấp),data/google_planner/quang-binh/Keyword Stats 2026-02-23 at 00_37_49.csv,Viết bài top-list/so sánh; map vào cluster hub; bổ sung schema + ảnh/UGC,B,50.0,0%,0
tour du lịch quảng bình quảng trị,Quảng Trị Trip,Di chuyển,Out-of-scope Quảng Trị,Commercial Investigation,50,N/A,N/A,N/A,Planner (Thấp),data/google_planner/quang-binh/Keyword Stats 2026-02-23 at 00_37_49.csv,Viết bài top-list/so sánh; map vào cluster hub; bổ sung schema + ảnh/UGC,B,50.0,0%,0
tour huế quảng trị quảng bình,Quảng Trị Trip,Di chuyển,Out-of-scope Quảng Trị,Commercial Investigation,50,N/A,N/A,N/A,Planner (Không xác định),data/google_planner/quang-binh/Keyword Stats 2026-02-23 at 00_37_49.csv,Viết bài top-list/so sánh; map vào cluster hub; bổ sung schema + ảnh/UGC,B,50.0,-100.0%,0
tour quảng trị quảng bình,Quảng Trị Trip,Di chuyển,Out-of-scope Quảng Trị,Commercial Investigation,50,N/A,N/A,N/A,Planner (Thấp),data/google_planner/quang-binh/Keyword Stats 2026-02-23 at 00_37_49.csv,Viết bài top-list/so sánh; map vào cluster hub; bổ sung schema + ảnh/UGC,B,50.0,0%,0
tour tham quan huế quảng trị quảng bình,Quảng Trị Trip,Di chuyển,Out-of-scope Quảng Trị,Commercial Investigation,50,N/A,N/A,N/A,Planner (Không xác định),data/google_planner/quang-binh/Keyword Stats 2026-02-23 at 00_37_49.csv,Viết bài top-list/so sánh; map vào cluster hub; bổ sung schema + ảnh/UGC,B,50.0,0%,0
tour đi quảng bình quảng trị,Quảng Trị Trip,Di chuyển,Out-of-scope Quảng Trị,Commercial Investigation,50,N/A,N/A,N/A,Planner (Cao),data/google_planner/quang-binh/Keyword Stats 2026-02-23 at 00_37_49.csv,Viết bài top-list/so sánh; map vào cluster hub; bổ sung schema + ảnh/UGC,B,50.0,0%,0
khách sạn saigon quảng bình,Saigon Trip,Lưu trú,Out-of-scope Saigon,Transaction,50,N/A,N/A,N/A,Planner (Trung bình),data/google_planner/quang-binh/Keyword Stats 2026-02-23 at 00_37_49.csv,"Tạo landing chuyển đổi (giá/vé/đặt chỗ), gom vào cluster page + build backlink nội bộ",B,75.0,0%,0
tour quảng bình sapa,Sapa Trip,Di chuyển,Out-of-scope Sapa,Commercial Investigation,50,N/A,N/A,N/A,Planner (Thấp),data/google_planner/quang-binh/Keyword Stats 2026-02-23 at 00_37_49.csv,Viết bài top-list/so sánh; map vào cluster hub; bổ sung schema + ảnh/UGC,B,50.0,0%,0
suối moọc ở quảng bình,Suối nước Moọc,Địa danh tham quan / Văn hóa - Lịch sử,In-scope Quảng Bình,Informational,500,N/A,N/A,N/A,Planner (Thấp),data/google_planner/quang-binh/Keyword Stats 2026-02-23 at 00_37_49.csv,Viết guide/review; ưu tiên long-tail; tạo topic hub và internal link về trang dịch vụ,B,500.0,0%,0
du lịch suối moọc quảng bình,Suối nước Moọc,Địa danh tham quan / Văn hóa - Lịch sử,In-scope Quảng Bình,Informational,50,N/A,N/A,N/A,Planner (Thấp),data/google_planner/quang-binh/Keyword Stats 2026-02-23 at 00_37_49.csv,Viết guide/review; ưu tiên long-tail; tạo topic hub và internal link về trang dịch vụ,B,50.0,0%,0
giá vé suối mooc quảng bình,Suối nước Moọc,Địa danh tham quan / Văn hóa - Lịch sử,In-scope Quảng Bình,Transaction,50,N/A,N/A,N/A,Planner (Không xác định),data/google_planner/quang-binh/Keyword Stats 2026-02-23 at 00_37_49.csv,"Tạo landing chuyển đổi (giá/vé/đặt chỗ), gom vào cluster page + build backlink nội bộ",B,50.0,0%,0
giá vé suối moọc quảng bình 2022,Suối nước Moọc,Địa danh tham quan / Văn hóa - Lịch sử,In-scope Quảng Bình,Transaction,50,N/A,N/A,N/A,Planner (Không xác định),data/google_planner/quang-binh/Keyword Stats 2026-02-23 at 00_37_49.csv,"Tạo landing chuyển đổi (giá/vé/đặt chỗ), gom vào cluster page + build backlink nội bộ",B,50.0,0%,0
suối moọc quảng bình giá vé,Suối nước Moọc,Địa danh tham quan / Văn hóa - Lịch sử,In-scope Quảng Bình,Transaction,50,N/A,N/A,N/A,Planner (Thấp),data/google_planner/quang-binh/Keyword Stats 2026-02-23 at 00_37_49.csv,"Tạo landing chuyển đổi (giá/vé/đặt chỗ), gom vào cluster page + build backlink nội bộ",B,50.0,0%,0
kinh nghiệm du lịch suối moọc quảng bình,Suối nước Moọc,Địa danh tham quan / Văn hóa - Lịch sử,In-scope Quảng Bình,Commercial Investigation,50,N/A,N/A,N/A,Planner (Thấp),data/google_planner/quang-binh/Keyword Stats 2026-02-23 at 00_37_49.csv,Viết bài top-list/so sánh; map vào cluster hub; bổ sung schema + ảnh/UGC,B,50.0,0%,0
vé đi suối mooc quảng bình,Suối nước Moọc,Địa danh tham quan / Văn hóa - Lịch sử,In-scope Quảng Bình,Commercial Investigation,50,N/A,N/A,N/A,Planner (Không xác định),data/google_planner/quang-binh/Keyword Stats 2026-02-23 at 00_37_49.csv,Viết bài top-list/so sánh; map vào cluster hub; bổ sung schema + ảnh/UGC,B,50.0,0%,0
khu du lịch suối moọc quảng bình,Suối nước Moọc,Địa danh tham quan / Văn hóa - Lịch sử,In-scope Quảng Bình,Informational,50,N/A,N/A,N/A,Planner (Thấp),data/google_planner/quang-binh/Keyword Stats 2026-02-23 at 00_37_49.csv,Viết guide/review; ưu tiên long-tail; tạo topic hub và internal link về trang dịch vụ,B,50.0,0%,0
quảng bình suối mooc,Suối nước Moọc,Địa danh tham quan / Văn hóa - Lịch sử,In-scope Quảng Bình,Informational,50,N/A,N/A,N/A,Planner (Thấp),data/google_planner/quang-binh/Keyword Stats 2026-02-23 at 00_37_49.csv,Viết guide/review; ưu tiên long-tail; tạo topic hub và internal link về trang dịch vụ,B,50.0,0%,0
suối moọc quảng bình,Suối nước Moọc,Địa danh tham quan / Văn hóa - Lịch sử,In-scope Quảng Bình,Informational,50,N/A,N/A,N/A,Planner (Thấp),data/google_planner/quang-binh/Keyword Stats 2026-02-23 at 00_37_49.csv,Viết guide/review; ưu tiên long-tail; tạo topic hub và internal link về trang dịch vụ,B,50.0,0%,0
suối mooc quảng bình 2021,Suối nước Moọc,Địa danh tham quan / Văn hóa - Lịch sử,In-scope Quảng Bình,Informational,50,N/A,N/A,N/A,Planner (Không xác định),data/google_planner/quang-binh/Keyword Stats 2026-02-23 at 00_37_49.csv,Viết guide/review; ưu tiên long-tail; tạo topic hub và internal link về trang dịch vụ,B,50.0,0%,0
suối mooc quảng bình 2022,Suối nước Moọc,Địa danh tham quan / Văn hóa - Lịch sử,In-scope Quảng Bình,Informational,50,N/A,N/A,N/A,Planner (Không xác định),data/google_planner/quang-binh/Keyword Stats 2026-02-23 at 00_37_49.csv,Viết guide/review; ưu tiên long-tail; tạo topic hub và internal link về trang dịch vụ,B,50.0,0%,0
từ đồng hới đi suối mooc,Suối nước Moọc,Địa danh tham quan / Văn hóa - Lịch sử,In-scope Quảng Bình,Informational,50,N/A,N/A,N/A,Planner (Không xác định),data/google_planner/quang-binh/Keyword Stats 2026-02-23 at 00_37_49.csv,Viết guide/review; ưu tiên long-tail; tạo topic hub và internal link về trang dịch vụ,B,50.0,0%,0
đi suối mooc quảng bình,Suối nước Moọc,Địa danh tham quan / Văn hóa - Lịch sử,In-scope Quảng Bình,Informational,50,N/A,N/A,N/A,Planner (Thấp),data/google_planner/quang-binh/Keyword Stats 2026-02-23 at 00_37_49.csv,Viết guide/review; ưu tiên long-tail; tạo topic hub và internal link về trang dịch vụ,B,50.0,0%,0
địa chỉ suối moọc quảng bình,Suối nước Moọc,Địa danh tham quan / Văn hóa - Lịch sử,In-scope Quảng Bình,Informational,50,N/A,N/A,N/A,Planner (Không xác định),data/google_planner/quang-binh/Keyword Stats 2026-02-23 at 00_37_49.csv,Viết guide/review; ưu tiên long-tail; tạo topic hub và internal link về trang dịch vụ,B,50.0,-100.0%,0
khách sạn sài gòn quang binh,Sài Gòn Trip,Lưu trú,Out-of-scope Sài Gòn,Transaction,5000,N/A,N/A,N/A,Planner (Trung bình),data/google_planner/quang-binh/Keyword Stats 2026-02-23 at 00_37_49.csv,"Tạo landing chuyển đổi (giá/vé/đặt chỗ), gom vào cluster page + build backlink nội bộ",B,8250.0,0%,"9,120"
khách sạn sài gòn quảng bình đồng hới,Sài Gòn Trip,Lưu trú,Out-of-scope Sài Gòn,Transaction,50,N/A,N/A,N/A,Planner (Cao),data/google_planner/quang-binh/Keyword Stats 2026-02-23 at 00_37_49.csv,"Tạo landing chuyển đổi (giá/vé/đặt chỗ), gom vào cluster page + build backlink nội bộ",B,82.50000000000001,0%,"21,289"
khách sạn sài gòn đồng hới,Sài Gòn Trip,Lưu trú,Out-of-scope Sài Gòn,Transaction,50,N/A,N/A,N/A,Planner (Trung bình),data/google_planner/quang-binh/Keyword Stats 2026-02-23 at 00_37_49.csv,"Tạo landing chuyển đổi (giá/vé/đặt chỗ), gom vào cluster page + build backlink nội bộ",B,82.50000000000001,0%,"14,168"
giá phòng khách sạn sài gòn quảng bình,Sài Gòn Trip,Lưu trú,Out-of-scope Sài Gòn,Transaction,50,N/A,N/A,N/A,Planner (Cao),data/google_planner/quang-binh/Keyword Stats 2026-02-23 at 00_37_49.csv,"Tạo landing chuyển đổi (giá/vé/đặt chỗ), gom vào cluster page + build backlink nội bộ",B,75.0,0%,0
tour du lịch sài gòn quảng bình,Sài Gòn Trip,Di chuyển,Out-of-scope Sài Gòn,Commercial Investigation,50,N/A,N/A,N/A,Planner (Trung bình),data/google_planner/quang-binh/Keyword Stats 2026-02-23 at 00_37_49.csv,Viết bài top-list/so sánh; map vào cluster hub; bổ sung schema + ảnh/UGC,B,50.0,0%,0
ks sài gòn quảng bình,Sài Gòn Trip,Tổng hợp,Out-of-scope Sài Gòn,Informational,50,N/A,N/A,N/A,Planner (Trung bình),data/google_planner/quang-binh/Keyword Stats 2026-02-23 at 00_37_49.csv,Viết guide/review; ưu tiên long-tail; tạo topic hub và internal link về trang dịch vụ,B,50.0,0%,0
sông chày hang tối quảng bình,Sông Chày - Hang Tối,Địa danh tham quan / Văn hóa - Lịch sử,In-scope Quảng Bình,Informational,50,N/A,N/A,N/A,Planner (Thấp),data/google_planner/quang-binh/Keyword Stats 2026-02-23 at 00_37_49.csv,Viết guide/review; ưu tiên long-tail; tạo topic hub và internal link về trang dịch vụ,B,50.0,0%,0
thái bình villa quảng bình,Thái Bình Trip,Lưu trú,Out-of-scope Thái Bình,Commercial Investigation,50,N/A,N/A,N/A,Planner (Không xác định),data/google_planner/quang-binh/Keyword Stats 2026-02-23 at 00_37_49.csv,Viết bài top-list/so sánh; map vào cluster hub; bổ sung schema + ảnh/UGC,B,75.0,-100.0%,0
nghĩa trang trường sơn quảng bình,Tổng hợp Quảng Bình,Tổng hợp,In-scope Quảng Bình,Informational,N/A,257,45,17.51%,N/A (N/A),data/google_search_console/Queries.csv,"Cập nhật nội dung theo intent, bổ sung FAQ + schema, tối ưu title/meta để đẩy Top 1-3",A,45.0,N/A,N/A
nghĩa trang quảng bình,Tổng hợp Quảng Bình,Tổng hợp,In-scope Quảng Bình,Informational,N/A,174,36,20.69%,N/A (N/A),data/google_search_console/Queries.csv,"Cập nhật nội dung theo intent, bổ sung FAQ + schema, tối ưu title/meta để đẩy Top 1-3",A,36.0,N/A,N/A
nghĩa trang liệt sĩ quảng bình,Tổng hợp Quảng Bình,Tổng hợp,In-scope Quảng Bình,Informational,N/A,77,14,18.18%,N/A (N/A),data/google_search_console/Queries.csv,"Cập nhật nội dung theo intent, bổ sung FAQ + schema, tối ưu title/meta để đẩy Top 1-3",A,14.0,N/A,N/A
hang sơn đoòng,Tổng hợp Quảng Bình,Tổng hợp,In-scope Quảng Bình,Informational,18100,N/A,N/A,N/A,Low (2),data/seo_insider/advance_search_report.csv,Viết guide/review; ưu tiên long-tail; tạo topic hub và internal link về trang dịch vụ,B,17738.0,N/A,N/A
hải đăng an thới,Tổng hợp Quảng Bình,Tổng hợp,In-scope Quảng Bình,Informational,6600,N/A,N/A,N/A,Low (0),data/seo_insider/advance_search_report.csv,Viết guide/review; ưu tiên long-tail; tạo topic hub và internal link về trang dịch vụ,B,6600.0,N/A,N/A
hải đăng kê gà,Tổng hợp Quảng Bình,Tổng hợp,In-scope Quảng Bình,Commercial Investigation,6600,N/A,N/A,N/A,Low (0),data/seo_insider/advance_search_report.csv,Viết bài top-list/so sánh; map vào cluster hub; bổ sung schema + ảnh/UGC,B,6600.0,N/A,N/A
meliá vinpearl quảng bình,Tổng hợp Quảng Bình,Tổng hợp,In-scope Quảng Bình,Informational,5000,N/A,N/A,N/A,Planner (Thấp),data/google_planner/quang-binh/Keyword Stats 2026-02-23 at 00_37_49.csv,Viết guide/review; ưu tiên long-tail; tạo topic hub và internal link về trang dịch vụ,B,5500.0,0%,"13,322"
sun spa dong hoi,Tổng hợp Quảng Bình,Tổng hợp,In-scope Quảng Bình,Informational,5000,N/A,N/A,N/A,Planner (Thấp),data/google_planner/quang-binh/Keyword Stats 2026-02-23 at 00_37_49.csv,Viết guide/review; ưu tiên long-tail; tạo topic hub và internal link về trang dịch vụ,B,5500.0,0%,"10,524"
động thiên đường quảng bình,Tổng hợp Quảng Bình,Tổng hợp,In-scope Quảng Bình,Informational,5000,N/A,N/A,N/A,Planner (Thấp),data/google_planner/quang-binh/Keyword Stats 2026-02-23 at 00_37_49.csv,Viết guide/review; ưu tiên long-tail; tạo topic hub và internal link về trang dịch vụ,B,5500.0,0%,"1,973"
hava quảng bình,Tổng hợp Quảng Bình,Tổng hợp,In-scope Quảng Bình,Informational,5000,N/A,N/A,N/A,Planner (Thấp),data/google_planner/quang-binh/Keyword Stats 2026-02-23 at 00_37_49.csv,Viết guide/review; ưu tiên long-tail; tạo topic hub và internal link về trang dịch vụ,B,5000.0,0%,0
hải đăng gành đèn,Tổng hợp Quảng Bình,Tổng hợp,In-scope Quảng Bình,Commercial Investigation,4400,N/A,N/A,N/A,Low (0),data/seo_insider/advance_search_report.csv,Viết bài top-list/so sánh; map vào cluster hub; bổ sung schema + ảnh/UGC,B,4400.0,N/A,N/A
hang tối quảng bình,Tổng hợp Quảng Bình,Tổng hợp,In-scope Quảng Bình,Informational,500,N/A,N/A,N/A,Planner (Thấp),data/google_planner/quang-binh/Keyword Stats 2026-02-23 at 00_37_49.csv,Viết guide/review; ưu tiên long-tail; tạo topic hub và internal link về trang dịch vụ,B,600.0,900.0%,0
địa điểm du lịch quảng bình,Tổng hợp Quảng Bình,Tổng hợp,In-scope Quảng Bình,Informational,500,N/A,N/A,N/A,Planner (Thấp),data/google_planner/quang-binh/Keyword Stats 2026-02-23 at 00_37_49.csv,Viết guide/review; ưu tiên long-tail; tạo topic hub và internal link về trang dịch vụ,B,550.0,0%,"1,417"
mường thanh đồng hới,Tổng hợp Quảng Bình,Tổng hợp,In-scope Quảng Bình,Informational,500,N/A,N/A,N/A,Planner (Trung bình),data/google_planner/quang-binh/Keyword Stats 2026-02-23 at 00_37_49.csv,Viết guide/review; ưu tiên long-tail; tạo topic hub và internal link về trang dịch vụ,B,550.0,0%,"15,228"
seastar quảng bình,Tổng hợp Quảng Bình,Tổng hợp,In-scope Quảng Bình,Informational,500,N/A,N/A,N/A,Planner (Thấp),data/google_planner/quang-binh/Keyword Stats 2026-02-23 at 00_37_49.csv,Viết guide/review; ưu tiên long-tail; tạo topic hub và internal link về trang dịch vụ,B,550.0,0%,"5,932"
ks quảng bình,Tổng hợp Quảng Bình,Tổng hợp,In-scope Quảng Bình,Informational,500,N/A,N/A,N/A,Planner (Cao),data/google_planner/quang-binh/Keyword Stats 2026-02-23 at 00_37_49.csv,Viết guide/review; ưu tiên long-tail; tạo topic hub và internal link về trang dịch vụ,B,550.0,0%,"9,349"
sun spa quang binh,Tổng hợp Quảng Bình,Tổng hợp,In-scope Quảng Bình,Informational,500,N/A,N/A,N/A,Planner (Trung bình),data/google_planner/quang-binh/Keyword Stats 2026-02-23 at 00_37_49.csv,Viết guide/review; ưu tiên long-tail; tạo topic hub và internal link về trang dịch vụ,B,550.0,0%,"4,173"
melia quảng bình,Tổng hợp Quảng Bình,Tổng hợp,In-scope Quảng Bình,Informational,500,N/A,N/A,N/A,Planner (Cao),data/google_planner/quang-binh/Keyword Stats 2026-02-23 at 00_37_49.csv,Viết guide/review; ưu tiên long-tail; tạo topic hub và internal link về trang dịch vụ,B,550.0,0%,"13,338"
vĩnh hoàng quảng bình,Tổng hợp Quảng Bình,Tổng hợp,In-scope Quảng Bình,Informational,500,N/A,N/A,N/A,Planner (Thấp),data/google_planner/quang-binh/Keyword Stats 2026-02-23 at 00_37_49.csv,Viết guide/review; ưu tiên long-tail; tạo topic hub và internal link về trang dịch vụ,B,550.0,0%,"2,532"
amanda quảng bình,Tổng hợp Quảng Bình,Tổng hợp,In-scope Quảng Bình,Informational,500,N/A,N/A,N/A,Planner (Thấp),data/google_planner/quang-binh/Keyword Stats 2026-02-23 at 00_37_49.csv,Viết guide/review; ưu tiên long-tail; tạo topic hub và internal link về trang dịch vụ,B,550.0,0%,"6,752"
biển vàng quảng bình,Tổng hợp Quảng Bình,Tổng hợp,In-scope Quảng Bình,Informational,500,N/A,N/A,N/A,Planner (Thấp),data/google_planner/quang-binh/Keyword Stats 2026-02-23 at 00_37_49.csv,Viết guide/review; ưu tiên long-tail; tạo topic hub và internal link về trang dịch vụ,B,550.0,0%,"2,443"
các điểm du lịch quảng bình,Tổng hợp Quảng Bình,Tổng hợp,In-scope Quảng Bình,Informational,500,N/A,N/A,N/A,Planner (Thấp),data/google_planner/quang-binh/Keyword Stats 2026-02-23 at 00_37_49.csv,Viết guide/review; ưu tiên long-tail; tạo topic hub và internal link về trang dịch vụ,B,550.0,0%,134
các điểm du lịch ở quảng bình,Tổng hợp Quảng Bình,Tổng hợp,In-scope Quảng Bình,Informational,500,N/A,N/A,N/A,Planner (Thấp),data/google_planner/quang-binh/Keyword Stats 2026-02-23 at 00_37_49.csv,Viết guide/review; ưu tiên long-tail; tạo topic hub và internal link về trang dịch vụ,B,550.0,0%,"1,970"
du lich đồng hới,Tổng hợp Quảng Bình,Tổng hợp,In-scope Quảng Bình,Informational,500,N/A,N/A,N/A,Planner (Thấp),data/google_planner/quang-binh/Keyword Stats 2026-02-23 at 00_37_49.csv,Viết guide/review; ưu tiên long-tail; tạo topic hub và internal link về trang dịch vụ,B,550.0,0%,"7,176"
du lịch quảng bình 2 ngày 1 đêm tự túc,Tổng hợp Quảng Bình,Tổng hợp,In-scope Quảng Bình,Informational,500,N/A,N/A,N/A,Planner (Thấp),data/google_planner/quang-binh/Keyword Stats 2026-02-23 at 00_37_49.csv,Viết guide/review; ưu tiên long-tail; tạo topic hub và internal link về trang dịch vụ,B,550.0,0%,"3,789"
du lịch quảng bình 3 ngày 2 đêm,Tổng hợp Quảng Bình,Tổng hợp,In-scope Quảng Bình,Informational,500,N/A,N/A,N/A,Planner (Thấp),data/google_planner/quang-binh/Keyword Stats 2026-02-23 at 00_37_49.csv,Viết guide/review; ưu tiên long-tail; tạo topic hub và internal link về trang dịch vụ,B,550.0,0%,"1,970"
du lịch quảng bình tự túc 3 ngày 2 đêm,Tổng hợp Quảng Bình,Tổng hợp,In-scope Quảng Bình,Informational,500,N/A,N/A,N/A,Planner (Thấp),data/google_planner/quang-binh/Keyword Stats 2026-02-23 at 00_37_49.csv,Viết guide/review; ưu tiên long-tail; tạo topic hub và internal link về trang dịch vụ,B,550.0,0%,"1,970"
hang động quảng bình,Tổng hợp Quảng Bình,Tổng hợp,In-scope Quảng Bình,Informational,500,N/A,N/A,N/A,Planner (Thấp),data/google_planner/quang-binh/Keyword Stats 2026-02-23 at 00_37_49.csv,Viết guide/review; ưu tiên long-tail; tạo topic hub và internal link về trang dịch vụ,B,550.0,0%,196
khu du lịch quảng bình,Tổng hợp Quảng Bình,Tổng hợp,In-scope Quảng Bình,Informational,500,N/A,N/A,N/A,Planner (Thấp),data/google_planner/quang-binh/Keyword Stats 2026-02-23 at 00_37_49.csv,Viết guide/review; ưu tiên long-tail; tạo topic hub và internal link về trang dịch vụ,B,550.0,-90.0%,110
quảng bình du lịch,Tổng hợp Quảng Bình,Tổng hợp,In-scope Quảng Bình,Informational,500,N/A,N/A,N/A,Planner (Thấp),data/google_planner/quang-binh/Keyword Stats 2026-02-23 at 00_37_49.csv,Viết guide/review; ưu tiên long-tail; tạo topic hub và internal link về trang dịch vụ,B,550.0,-90.0%,"3,891"
suối bang quảng bình,Tổng hợp Quảng Bình,Tổng hợp,In-scope Quảng Bình,Informational,500,N/A,N/A,N/A,Planner (Thấp),data/google_planner/quang-binh/Keyword Stats 2026-02-23 at 00_37_49.csv,Viết guide/review; ưu tiên long-tail; tạo topic hub và internal link về trang dịch vụ,B,550.0,0%,"11,251"
điểm du lịch quảng bình,Tổng hợp Quảng Bình,Tổng hợp,In-scope Quảng Bình,Informational,500,N/A,N/A,N/A,Planner (Thấp),data/google_planner/quang-binh/Keyword Stats 2026-02-23 at 00_37_49.csv,Viết guide/review; ưu tiên long-tail; tạo topic hub và internal link về trang dịch vụ,B,550.0,-90.0%,401
kinh nghiệm du lịch quảng bình,Tổng hợp Quảng Bình,Tổng hợp,In-scope Quảng Bình,Commercial Investigation,500,N/A,N/A,N/A,Planner (Trung bình),data/google_planner/quang-binh/Keyword Stats 2026-02-23 at 00_37_49.csv,Viết bài top-list/so sánh; map vào cluster hub; bổ sung schema + ảnh/UGC,B,550.0,0%,"1,064"
bảo ninh đồng hới quảng bình,Tổng hợp Quảng Bình,Tổng hợp,In-scope Quảng Bình,Informational,500,N/A,N/A,N/A,Planner (Thấp),data/google_planner/quang-binh/Keyword Stats 2026-02-23 at 00_37_49.csv,Viết guide/review; ưu tiên long-tail; tạo topic hub và internal link về trang dịch vụ,B,500.0,0%,0
công viên ozo quảng bình,Tổng hợp Quảng Bình,Tổng hợp,In-scope Quảng Bình,Informational,500,N/A,N/A,N/A,Planner (Thấp),data/google_planner/quang-binh/Keyword Stats 2026-02-23 at 00_37_49.csv,Viết guide/review; ưu tiên long-tail; tạo topic hub và internal link về trang dịch vụ,B,500.0,0%,0
các địa điểm du lịch ở quảng bình,Tổng hợp Quảng Bình,Tổng hợp,In-scope Quảng Bình,Informational,500,N/A,N/A,N/A,Planner (Thấp),data/google_planner/quang-binh/Keyword Stats 2026-02-23 at 00_37_49.csv,Viết guide/review; ưu tiên long-tail; tạo topic hub và internal link về trang dịch vụ,B,500.0,0%,0
cồn cát quang phú quảng bình,Tổng hợp Quảng Bình,Tổng hợp,In-scope Quảng Bình,Informational,500,N/A,N/A,N/A,Planner (Thấp),data/google_planner/quang-binh/Keyword Stats 2026-02-23 at 00_37_49.csv,Viết guide/review; ưu tiên long-tail; tạo topic hub và internal link về trang dịch vụ,B,500.0,0%,0
cồn cát quảng bình,Tổng hợp Quảng Bình,Tổng hợp,In-scope Quảng Bình,Informational,500,N/A,N/A,N/A,Planner (Thấp),data/google_planner/quang-binh/Keyword Stats 2026-02-23 at 00_37_49.csv,Viết guide/review; ưu tiên long-tail; tạo topic hub và internal link về trang dịch vụ,B,500.0,-90.0%,0
khu du lịch hava quảng bình,Tổng hợp Quảng Bình,Tổng hợp,In-scope Quảng Bình,Informational,500,N/A,N/A,N/A,Planner (Thấp),data/google_planner/quang-binh/Keyword Stats 2026-02-23 at 00_37_49.csv,Viết guide/review; ưu tiên long-tail; tạo topic hub và internal link về trang dịch vụ,B,500.0,0%,0
ozo park quảng bình,Tổng hợp Quảng Bình,Tổng hợp,In-scope Quảng Bình,Informational,500,N/A,N/A,N/A,Planner (Thấp),data/google_planner/quang-binh/Keyword Stats 2026-02-23 at 00_37_49.csv,Viết guide/review; ưu tiên long-tail; tạo topic hub và internal link về trang dịch vụ,B,500.0,0%,0
ozo quảng bình,Tổng hợp Quảng Bình,Tổng hợp,In-scope Quảng Bình,Informational,500,N/A,N/A,N/A,Planner (Thấp),data/google_planner/quang-binh/Keyword Stats 2026-02-23 at 00_37_49.csv,Viết guide/review; ưu tiên long-tail; tạo topic hub và internal link về trang dịch vụ,B,500.0,0%,0
suối nước moọc quảng bình,Tổng hợp Quảng Bình,Tổng hợp,In-scope Quảng Bình,Informational,500,N/A,N/A,N/A,Planner (Thấp),data/google_planner/quang-binh/Keyword Stats 2026-02-23 at 00_37_49.csv,Viết guide/review; ưu tiên long-tail; tạo topic hub và internal link về trang dịch vụ,B,500.0,0%,0
suối quảng bình,Tổng hợp Quảng Bình,Tổng hợp,In-scope Quảng Bình,Informational,500,N/A,N/A,N/A,Planner (Thấp),data/google_planner/quang-binh/Keyword Stats 2026-02-23 at 00_37_49.csv,Viết guide/review; ưu tiên long-tail; tạo topic hub và internal link về trang dịch vụ,B,500.0,0%,0
đá nhảy quảng bình,Tổng hợp Quảng Bình,Tổng hợp,In-scope Quảng Bình,Informational,500,N/A,N/A,N/A,Planner (Thấp),data/google_planner/quang-binh/Keyword Stats 2026-02-23 at 00_37_49.csv,Viết guide/review; ưu tiên long-tail; tạo topic hub và internal link về trang dịch vụ,B,500.0,-90.0%,0
đồi cát quang phú quảng bình,Tổng hợp Quảng Bình,Tổng hợp,In-scope Quảng Bình,Informational,500,N/A,N/A,N/A,Planner (Thấp),data/google_planner/quang-binh/Keyword Stats 2026-02-23 at 00_37_49.csv,Viết guide/review; ưu tiên long-tail; tạo topic hub và internal link về trang dịch vụ,B,500.0,0%,0
đồi cát quảng bình,Tổng hợp Quảng Bình,Tổng hợp,In-scope Quảng Bình,Informational,500,N/A,N/A,N/A,Planner (Thấp),data/google_planner/quang-binh/Keyword Stats 2026-02-23 at 00_37_49.csv,Viết guide/review; ưu tiên long-tail; tạo topic hub và internal link về trang dịch vụ,B,500.0,0%,0
động tiên sơn quảng bình,Tổng hợp Quảng Bình,Tổng hợp,In-scope Quảng Bình,Informational,500,N/A,N/A,N/A,Planner (Thấp),data/google_planner/quang-binh/Keyword Stats 2026-02-23 at 00_37_49.csv,Viết guide/review; ưu tiên long-tail; tạo topic hub và internal link về trang dịch vụ,B,500.0,0%,0
vinpearl quang binh,Tổng hợp Quảng Bình,Tổng hợp,In-scope Quảng Bình,Informational,50,N/A,N/A,N/A,Planner (Cao),data/google_planner/quang-binh/Keyword Stats 2026-02-23 at 00_37_49.csv,Viết guide/review; ưu tiên long-tail; tạo topic hub và internal link về trang dịch vụ,B,55.00000000000001,0%,"14,909"
muong thanh holiday quang binh,Tổng hợp Quảng Bình,Tổng hợp,In-scope Quảng Bình,Informational,50,N/A,N/A,N/A,Planner (Trung bình),data/google_planner/quang-binh/Keyword Stats 2026-02-23 at 00_37_49.csv,Viết guide/review; ưu tiên long-tail; tạo topic hub và internal link về trang dịch vụ,B,55.00000000000001,0%,"12,349"
muong thanh luxury quang binh,Tổng hợp Quảng Bình,Tổng hợp,In-scope Quảng Bình,Informational,50,N/A,N/A,N/A,Planner (Cao),data/google_planner/quang-binh/Keyword Stats 2026-02-23 at 00_37_49.csv,Viết guide/review; ưu tiên long-tail; tạo topic hub và internal link về trang dịch vụ,B,55.00000000000001,0%,"8,998"
mường thanh quảng bình 5 sao,Tổng hợp Quảng Bình,Tổng hợp,In-scope Quảng Bình,Informational,50,N/A,N/A,N/A,Planner (Trung bình),data/google_planner/quang-binh/Keyword Stats 2026-02-23 at 00_37_49.csv,Viết guide/review; ưu tiên long-tail; tạo topic hub và internal link về trang dịch vụ,B,55.00000000000001,0%,"6,914"
mường thanh luxury đồng hới,Tổng hợp Quảng Bình,Tổng hợp,In-scope Quảng Bình,Informational,50,N/A,N/A,N/A,Planner (Cao),data/google_planner/quang-binh/Keyword Stats 2026-02-23 at 00_37_49.csv,Viết guide/review; ưu tiên long-tail; tạo topic hub và internal link về trang dịch vụ,B,55.00000000000001,0%,"20,123"
agoda quảng bình,Tổng hợp Quảng Bình,Tổng hợp,In-scope Quảng Bình,Informational,50,N/A,N/A,N/A,Planner (Trung bình),data/google_planner/quang-binh/Keyword Stats 2026-02-23 at 00_37_49.csv,Viết guide/review; ưu tiên long-tail; tạo topic hub và internal link về trang dịch vụ,B,55.00000000000001,0%,"11,946"
ckc thiên đường quảng bình,Tổng hợp Quảng Bình,Tổng hợp,In-scope Quảng Bình,Informational,50,N/A,N/A,N/A,Planner (Trung bình),data/google_planner/quang-binh/Keyword Stats 2026-02-23 at 00_37_49.csv,Viết guide/review; ưu tiên long-tail; tạo topic hub và internal link về trang dịch vụ,B,55.00000000000001,0%,"3,685"
các điểm du lịch tại quảng bình,Tổng hợp Quảng Bình,Tổng hợp,In-scope Quảng Bình,Informational,50,N/A,N/A,N/A,Planner (Thấp),data/google_planner/quang-binh/Keyword Stats 2026-02-23 at 00_37_49.csv,Viết guide/review; ưu tiên long-tail; tạo topic hub và internal link về trang dịch vụ,B,55.00000000000001,0%,173
các điểm tham quan tại quảng bình,Tổng hợp Quảng Bình,Tổng hợp,In-scope Quảng Bình,Informational,50,N/A,N/A,N/A,Planner (Thấp),data/google_planner/quang-binh/Keyword Stats 2026-02-23 at 00_37_49.csv,Viết guide/review; ưu tiên long-tail; tạo topic hub và internal link về trang dịch vụ,B,55.00000000000001,0%,"1,973"
các điểm tham quan ở quảng bình,Tổng hợp Quảng Bình,Tổng hợp,In-scope Quảng Bình,Informational,50,N/A,N/A,N/A,Planner (Thấp),data/google_planner/quang-binh/Keyword Stats 2026-02-23 at 00_37_49.csv,Viết guide/review; ưu tiên long-tail; tạo topic hub và internal link về trang dịch vụ,B,55.00000000000001,0%,252
các địa điểm du lịch quảng bình,Tổng hợp Quảng Bình,Tổng hợp,In-scope Quảng Bình,Informational,50,N/A,N/A,N/A,Planner (Thấp),data/google_planner/quang-binh/Keyword Stats 2026-02-23 at 00_37_49.csv,Viết guide/review; ưu tiên long-tail; tạo topic hub và internal link về trang dịch vụ,B,55.00000000000001,0%,461
du lich dong hoi,Tổng hợp Quảng Bình,Tổng hợp,In-scope Quảng Bình,Informational,50,N/A,N/A,N/A,Planner (Cao),data/google_planner/quang-binh/Keyword Stats 2026-02-23 at 00_37_49.csv,Viết guide/review; ưu tiên long-tail; tạo topic hub và internal link về trang dịch vụ,B,55.00000000000001,0%,"11,686"
du lịch quảng bình tháng 12,Tổng hợp Quảng Bình,Tổng hợp,In-scope Quảng Bình,Informational,50,N/A,N/A,N/A,Planner (Trung bình),data/google_planner/quang-binh/Keyword Stats 2026-02-23 at 00_37_49.csv,Viết guide/review; ưu tiên long-tail; tạo topic hub và internal link về trang dịch vụ,B,55.00000000000001,0%,"3,722"
du lịch đồng hới quảng bình,Tổng hợp Quảng Bình,Tổng hợp,In-scope Quảng Bình,Informational,50,N/A,N/A,N/A,Planner (Trung bình),data/google_planner/quang-binh/Keyword Stats 2026-02-23 at 00_37_49.csv,Viết guide/review; ưu tiên long-tail; tạo topic hub và internal link về trang dịch vụ,B,55.00000000000001,0%,"5,191"
du lịch ở quảng bình,Tổng hợp Quảng Bình,Tổng hợp,In-scope Quảng Bình,Informational,50,N/A,N/A,N/A,Planner (Thấp),data/google_planner/quang-binh/Keyword Stats 2026-02-23 at 00_37_49.csv,Viết guide/review; ưu tiên long-tail; tạo topic hub và internal link về trang dịch vụ,B,55.00000000000001,0%,962
khu nghỉ dưỡng ở quảng bình,Tổng hợp Quảng Bình,Tổng hợp,In-scope Quảng Bình,Informational,50,N/A,N/A,N/A,Planner (Cao),data/google_planner/quang-binh/Keyword Stats 2026-02-23 at 00_37_49.csv,Viết guide/review; ưu tiên long-tail; tạo topic hub và internal link về trang dịch vụ,B,55.00000000000001,0%,"1,783"
khám phá quảng bình,Tổng hợp Quảng Bình,Tổng hợp,In-scope Quảng Bình,Informational,50,N/A,N/A,N/A,Planner (Trung bình),data/google_planner/quang-binh/Keyword Stats 2026-02-23 at 00_37_49.csv,Viết guide/review; ưu tiên long-tail; tạo topic hub và internal link về trang dịch vụ,B,55.00000000000001,0%,"5,333"
ks mường thanh luxury quảng bình,Tổng hợp Quảng Bình,Tổng hợp,In-scope Quảng Bình,Informational,50,N/A,N/A,N/A,Planner (Cao),data/google_planner/quang-binh/Keyword Stats 2026-02-23 at 00_37_49.csv,Viết guide/review; ưu tiên long-tail; tạo topic hub và internal link về trang dịch vụ,B,55.00000000000001,0%,"7,775"
ks mường thanh đồng hới,Tổng hợp Quảng Bình,Tổng hợp,In-scope Quảng Bình,Informational,50,N/A,N/A,N/A,Planner (Trung bình),data/google_planner/quang-binh/Keyword Stats 2026-02-23 at 00_37_49.csv,Viết guide/review; ưu tiên long-tail; tạo topic hub và internal link về trang dịch vụ,B,55.00000000000001,0%,"14,484"
ks tân bình đồng hới,Tổng hợp Quảng Bình,Tổng hợp,In-scope Quảng Bình,Informational,50,N/A,N/A,N/A,Planner (Cao),data/google_planner/quang-binh/Keyword Stats 2026-02-23 at 00_37_49.csv,Viết guide/review; ưu tiên long-tail; tạo topic hub và internal link về trang dịch vụ,B,55.00000000000001,0%,"4,911"
ks ở quảng bình,Tổng hợp Quảng Bình,Tổng hợp,In-scope Quảng Bình,Informational,50,N/A,N/A,N/A,Planner (Cao),data/google_planner/quang-binh/Keyword Stats 2026-02-23 at 00_37_49.csv,Viết guide/review; ưu tiên long-tail; tạo topic hub và internal link về trang dịch vụ,B,55.00000000000001,0%,"3,291"
mường thanh đồng hới quảng bình,Tổng hợp Quảng Bình,Tổng hợp,In-scope Quảng Bình,Informational,50,N/A,N/A,N/A,Planner (Cao),data/google_planner/quang-binh/Keyword Stats 2026-02-23 at 00_37_49.csv,Viết guide/review; ưu tiên long-tail; tạo topic hub và internal link về trang dịch vụ,B,55.00000000000001,0%,"11,359"
nghỉ dưỡng quảng bình,Tổng hợp Quảng Bình,Tổng hợp,In-scope Quảng Bình,Informational,50,N/A,N/A,N/A,Planner (Cao),data/google_planner/quang-binh/Keyword Stats 2026-02-23 at 00_37_49.csv,Viết guide/review; ưu tiên long-tail; tạo topic hub và internal link về trang dịch vụ,B,55.00000000000001,0%,"3,734"
những điểm du lịch ở quảng bình,Tổng hợp Quảng Bình,Tổng hợp,In-scope Quảng Bình,Informational,50,N/A,N/A,N/A,Planner (Thấp),data/google_planner/quang-binh/Keyword Stats 2026-02-23 at 00_37_49.csv,Viết guide/review; ưu tiên long-tail; tạo topic hub và internal link về trang dịch vụ,B,55.00000000000001,0%,125
quảng bình có khu du lịch nào,Tổng hợp Quảng Bình,Tổng hợp,In-scope Quảng Bình,Informational,50,N/A,N/A,N/A,Planner (Thấp),data/google_planner/quang-binh/Keyword Stats 2026-02-23 at 00_37_49.csv,Viết guide/review; ưu tiên long-tail; tạo topic hub và internal link về trang dịch vụ,B,55.00000000000001,0%,105
suối khoáng bang quảng bình,Tổng hợp Quảng Bình,Tổng hợp,In-scope Quảng Bình,Informational,50,N/A,N/A,N/A,Planner (Thấp),data/google_planner/quang-binh/Keyword Stats 2026-02-23 at 00_37_49.csv,Viết guide/review; ưu tiên long-tail; tạo topic hub và internal link về trang dịch vụ,B,55.00000000000001,0%,"14,369"
tham quan quảng bình,Tổng hợp Quảng Bình,Tổng hợp,In-scope Quảng Bình,Informational,50,N/A,N/A,N/A,Planner (Thấp),data/google_planner/quang-binh/Keyword Stats 2026-02-23 at 00_37_49.csv,Viết guide/review; ưu tiên long-tail; tạo topic hub và internal link về trang dịch vụ,B,55.00000000000001,0%,"1,005"
tham quan đồng hới,Tổng hợp Quảng Bình,Tổng hợp,In-scope Quảng Bình,Informational,50,N/A,N/A,N/A,Planner (Thấp),data/google_planner/quang-binh/Keyword Stats 2026-02-23 at 00_37_49.csv,Viết guide/review; ưu tiên long-tail; tạo topic hub và internal link về trang dịch vụ,B,55.00000000000001,0%,842
vinpearl dong hoi,Tổng hợp Quảng Bình,Tổng hợp,In-scope Quảng Bình,Informational,50,N/A,N/A,N/A,Planner (Cao),data/google_planner/quang-binh/Keyword Stats 2026-02-23 at 00_37_49.csv,Viết guide/review; ưu tiên long-tail; tạo topic hub và internal link về trang dịch vụ,B,55.00000000000001,0%,"18,489"
vinpearl melia quảng bình,Tổng hợp Quảng Bình,Tổng hợp,In-scope Quảng Bình,Informational,50,N/A,N/A,N/A,Planner (Cao),data/google_planner/quang-binh/Keyword Stats 2026-02-23 at 00_37_49.csv,Viết guide/review; ưu tiên long-tail; tạo topic hub và internal link về trang dịch vụ,B,55.00000000000001,0%,"9,871"
vinpearl đồng hới quảng bình,Tổng hợp Quảng Bình,Tổng hợp,In-scope Quảng Bình,Informational,50,N/A,N/A,N/A,Planner (Cao),data/google_planner/quang-binh/Keyword Stats 2026-02-23 at 00_37_49.csv,Viết guide/review; ưu tiên long-tail; tạo topic hub và internal link về trang dịch vụ,B,55.00000000000001,0%,"13,564"
đặt phòng flc quảng bình,Tổng hợp Quảng Bình,Tổng hợp,In-scope Quảng Bình,Informational,50,N/A,N/A,N/A,Planner (Trung bình),data/google_planner/quang-binh/Keyword Stats 2026-02-23 at 00_37_49.csv,Viết guide/review; ưu tiên long-tail; tạo topic hub và internal link về trang dịch vụ,B,55.00000000000001,0%,"7,997"
địa điểm chơi ở quảng bình,Tổng hợp Quảng Bình,Tổng hợp,In-scope Quảng Bình,Informational,50,N/A,N/A,N/A,Planner (Thấp),data/google_planner/quang-binh/Keyword Stats 2026-02-23 at 00_37_49.csv,Viết guide/review; ưu tiên long-tail; tạo topic hub và internal link về trang dịch vụ,B,55.00000000000001,0%,"2,857"
địa điểm du lịch ở quảng bình,Tổng hợp Quảng Bình,Tổng hợp,In-scope Quảng Bình,Informational,50,N/A,N/A,N/A,Planner (Thấp),data/google_planner/quang-binh/Keyword Stats 2026-02-23 at 00_37_49.csv,Viết guide/review; ưu tiên long-tail; tạo topic hub và internal link về trang dịch vụ,B,55.00000000000001,0%,117
booking quảng bình,Tổng hợp Quảng Bình,Tổng hợp,In-scope Quảng Bình,Transaction,50,N/A,N/A,N/A,Planner (Cao),data/google_planner/quang-binh/Keyword Stats 2026-02-23 at 00_37_49.csv,"Tạo landing chuyển đổi (giá/vé/đặt chỗ), gom vào cluster page + build backlink nội bộ",B,55.00000000000001,0%,"35,380"
đi chơi quảng bình,Tổng hợp Quảng Bình,Tổng hợp,In-scope Quảng Bình,Informational,50,N/A,N/A,N/A,Planner (Thấp),data/google_planner/quang-binh/Keyword Stats 2026-02-23 at 00_37_49.csv,Viết guide/review; ưu tiên long-tail; tạo topic hub và internal link về trang dịch vụ,B,50.0,0%,0
mường thanh quảng binh,Tổng hợp Quảng Bình,Tổng hợp,In-scope Quảng Bình,Informational,50,N/A,N/A,N/A,Planner (Trung bình),data/google_planner/quang-binh/Keyword Stats 2026-02-23 at 00_37_49.csv,Viết guide/review; ưu tiên long-tail; tạo topic hub và internal link về trang dịch vụ,B,50.0,0%,0
đặt phòng quảng bình,Tổng hợp Quảng Bình,Tổng hợp,In-scope Quảng Bình,Informational,50,N/A,N/A,N/A,Planner (Cao),data/google_planner/quang-binh/Keyword Stats 2026-02-23 at 00_37_49.csv,Viết guide/review; ưu tiên long-tail; tạo topic hub và internal link về trang dịch vụ,B,50.0,0%,0
ks muong thanh quang binh,Tổng hợp Quảng Bình,Tổng hợp,In-scope Quảng Bình,Informational,50,N/A,N/A,N/A,Planner (Cao),data/google_planner/quang-binh/Keyword Stats 2026-02-23 at 00_37_49.csv,Viết guide/review; ưu tiên long-tail; tạo topic hub và internal link về trang dịch vụ,B,50.0,0%,0
du lịch quảng bình 4 ngày 3 đêm,Tổng hợp Quảng Bình,Tổng hợp,In-scope Quảng Bình,Informational,50,N/A,N/A,N/A,Planner (Thấp),data/google_planner/quang-binh/Keyword Stats 2026-02-23 at 00_37_49.csv,Viết guide/review; ưu tiên long-tail; tạo topic hub và internal link về trang dịch vụ,B,50.0,0%,0
du lich quang binh tu tuc,Tổng hợp Quảng Bình,Tổng hợp,In-scope Quảng Bình,Informational,50,N/A,N/A,N/A,Planner (Không xác định),data/google_planner/quang-binh/Keyword Stats 2026-02-23 at 00_37_49.csv,Viết guide/review; ưu tiên long-tail; tạo topic hub và internal link về trang dịch vụ,B,50.0,-100.0%,0
ks vĩnh hoàng quảng bình,Tổng hợp Quảng Bình,Tổng hợp,In-scope Quảng Bình,Informational,50,N/A,N/A,N/A,Planner (Cao),data/google_planner/quang-binh/Keyword Stats 2026-02-23 at 00_37_49.csv,Viết guide/review; ưu tiên long-tail; tạo topic hub và internal link về trang dịch vụ,B,50.0,0%,0
2 ngày 1 đêm quảng bình,Tổng hợp Quảng Bình,Tổng hợp,In-scope Quảng Bình,Informational,50,N/A,N/A,N/A,Planner (Thấp),data/google_planner/quang-binh/Keyword Stats 2026-02-23 at 00_37_49.csv,Viết guide/review; ưu tiên long-tail; tạo topic hub và internal link về trang dịch vụ,B,50.0,0%,0
amanda đồng hới,Tổng hợp Quảng Bình,Tổng hợp,In-scope Quảng Bình,Informational,50,N/A,N/A,N/A,Planner (Cao),data/google_planner/quang-binh/Keyword Stats 2026-02-23 at 00_37_49.csv,Viết guide/review; ưu tiên long-tail; tạo topic hub và internal link về trang dịch vụ,B,50.0,0%,0
areca bungalow quảng bình,Tổng hợp Quảng Bình,Tổng hợp,In-scope Quảng Bình,Informational,50,N/A,N/A,N/A,Planner (Không xác định),data/google_planner/quang-binh/Keyword Stats 2026-02-23 at 00_37_49.csv,Viết guide/review; ưu tiên long-tail; tạo topic hub và internal link về trang dịch vụ,B,50.0,-100.0%,0
ban do du lich quang binh,Tổng hợp Quảng Bình,Tổng hợp,In-scope Quảng Bình,Informational,50,N/A,N/A,N/A,Planner (Không xác định),data/google_planner/quang-binh/Keyword Stats 2026-02-23 at 00_37_49.csv,Viết guide/review; ưu tiên long-tail; tạo topic hub và internal link về trang dịch vụ,B,50.0,-100.0%,0
biển đá nhảy quảng bình,Tổng hợp Quảng Bình,Tổng hợp,In-scope Quảng Bình,Informational,50,N/A,N/A,N/A,Planner (Thấp),data/google_planner/quang-binh/Keyword Stats 2026-02-23 at 00_37_49.csv,Viết guide/review; ưu tiên long-tail; tạo topic hub và internal link về trang dịch vụ,B,50.0,0%,0
blue diamond camp quảng bình,Tổng hợp Quảng Bình,Tổng hợp,In-scope Quảng Bình,Informational,50,N/A,N/A,N/A,Planner (Thấp),data/google_planner/quang-binh/Keyword Stats 2026-02-23 at 00_37_49.csv,Viết guide/review; ưu tiên long-tail; tạo topic hub và internal link về trang dịch vụ,B,50.0,0%,0
bảo ninh beach quảng bình,Tổng hợp Quảng Bình,Tổng hợp,In-scope Quảng Bình,Informational,50,N/A,N/A,N/A,Planner (Không xác định),data/google_planner/quang-binh/Keyword Stats 2026-02-23 at 00_37_49.csv,Viết guide/review; ưu tiên long-tail; tạo topic hub và internal link về trang dịch vụ,B,50.0,-100.0%,0
bảo ninh quảng bình,Tổng hợp Quảng Bình,Tổng hợp,In-scope Quảng Bình,Informational,50,N/A,N/A,N/A,Planner (Thấp),data/google_planner/quang-binh/Keyword Stats 2026-02-23 at 00_37_49.csv,Viết guide/review; ưu tiên long-tail; tạo topic hub và internal link về trang dịch vụ,B,50.0,0%,0
cac diem du lich quang binh,Tổng hợp Quảng Bình,Tổng hợp,In-scope Quảng Bình,Informational,50,N/A,N/A,N/A,Planner (Trung bình),data/google_planner/quang-binh/Keyword Stats 2026-02-23 at 00_37_49.csv,Viết guide/review; ưu tiên long-tail; tạo topic hub và internal link về trang dịch vụ,B,50.0,0%,0
carambola bungalow quảng bình,Tổng hợp Quảng Bình,Tổng hợp,In-scope Quảng Bình,Informational,50,N/A,N/A,N/A,Planner (Trung bình),data/google_planner/quang-binh/Keyword Stats 2026-02-23 at 00_37_49.csv,Viết guide/review; ưu tiên long-tail; tạo topic hub và internal link về trang dịch vụ,B,50.0,0%,0
celina peninsula quảng bình,Tổng hợp Quảng Bình,Tổng hợp,In-scope Quảng Bình,Informational,50,N/A,N/A,N/A,Planner (Không xác định),data/google_planner/quang-binh/Keyword Stats 2026-02-23 at 00_37_49.csv,Viết guide/review; ưu tiên long-tail; tạo topic hub và internal link về trang dịch vụ,B,50.0,-100.0%,0
chi phí du lịch quảng bình,Tổng hợp Quảng Bình,Tổng hợp,In-scope Quảng Bình,Informational,50,N/A,N/A,N/A,Planner (Thấp),data/google_planner/quang-binh/Keyword Stats 2026-02-23 at 00_37_49.csv,Viết guide/review; ưu tiên long-tail; tạo topic hub và internal link về trang dịch vụ,B,50.0,0%,0
chudu24 quảng bình,Tổng hợp Quảng Bình,Tổng hợp,In-scope Quảng Bình,Informational,50,N/A,N/A,N/A,Planner (Không xác định),data/google_planner/quang-binh/Keyword Stats 2026-02-23 at 00_37_49.csv,Viết guide/review; ưu tiên long-tail; tạo topic hub và internal link về trang dịch vụ,B,50.0,-100.0%,0
chương trình du lịch quảng bình,Tổng hợp Quảng Bình,Tổng hợp,In-scope Quảng Bình,Informational,50,N/A,N/A,N/A,Planner (Thấp),data/google_planner/quang-binh/Keyword Stats 2026-02-23 at 00_37_49.csv,Viết guide/review; ưu tiên long-tail; tạo topic hub và internal link về trang dịch vụ,B,50.0,0%,0
chương trình quảng bình 3 ngày 2 đêm,Tổng hợp Quảng Bình,Tổng hợp,In-scope Quảng Bình,Informational,50,N/A,N/A,N/A,Planner (Thấp),data/google_planner/quang-binh/Keyword Stats 2026-02-23 at 00_37_49.csv,Viết guide/review; ưu tiên long-tail; tạo topic hub và internal link về trang dịch vụ,B,50.0,0%,0
chỗ chơi ở quảng bình,Tổng hợp Quảng Bình,Tổng hợp,In-scope Quảng Bình,Informational,50,N/A,N/A,N/A,Planner (Thấp),data/google_planner/quang-binh/Keyword Stats 2026-02-23 at 00_37_49.csv,Viết guide/review; ưu tiên long-tail; tạo topic hub và internal link về trang dịch vụ,B,50.0,0%,0
chỗ đi chơi ở quảng bình,Tổng hợp Quảng Bình,Tổng hợp,In-scope Quảng Bình,Informational,50,N/A,N/A,N/A,Planner (Thấp),data/google_planner/quang-binh/Keyword Stats 2026-02-23 at 00_37_49.csv,Viết guide/review; ưu tiên long-tail; tạo topic hub và internal link về trang dịch vụ,B,50.0,0%,0
các công ty du lịch tại quảng bình,Tổng hợp Quảng Bình,Tổng hợp,In-scope Quảng Bình,Informational,50,N/A,N/A,N/A,Planner (Thấp),data/google_planner/quang-binh/Keyword Stats 2026-02-23 at 00_37_49.csv,Viết guide/review; ưu tiên long-tail; tạo topic hub và internal link về trang dịch vụ,B,50.0,0%,0
các danh lam thắng cảnh ở quảng bình,Tổng hợp Quảng Bình,Tổng hợp,In-scope Quảng Bình,Informational,50,N/A,N/A,N/A,Planner (Thấp),data/google_planner/quang-binh/Keyword Stats 2026-02-23 at 00_37_49.csv,Viết guide/review; ưu tiên long-tail; tạo topic hub và internal link về trang dịch vụ,B,50.0,0%,0
các khu du lịch quảng bình,Tổng hợp Quảng Bình,Tổng hợp,In-scope Quảng Bình,Informational,50,N/A,N/A,N/A,Planner (Trung bình),data/google_planner/quang-binh/Keyword Stats 2026-02-23 at 00_37_49.csv,Viết guide/review; ưu tiên long-tail; tạo topic hub và internal link về trang dịch vụ,B,50.0,0%,0
các khu du lịch ở quảng bình,Tổng hợp Quảng Bình,Tổng hợp,In-scope Quảng Bình,Informational,50,N/A,N/A,N/A,Planner (Thấp),data/google_planner/quang-binh/Keyword Stats 2026-02-23 at 00_37_49.csv,Viết guide/review; ưu tiên long-tail; tạo topic hub và internal link về trang dịch vụ,B,50.0,0%,0
các khu nghỉ dưỡng ở quảng bình,Tổng hợp Quảng Bình,Tổng hợp,In-scope Quảng Bình,Informational,50,N/A,N/A,N/A,Planner (Cao),data/google_planner/quang-binh/Keyword Stats 2026-02-23 at 00_37_49.csv,Viết guide/review; ưu tiên long-tail; tạo topic hub và internal link về trang dịch vụ,B,50.0,0%,0
các điểm chơi ở quảng bình,Tổng hợp Quảng Bình,Tổng hợp,In-scope Quảng Bình,Informational,50,N/A,N/A,N/A,Planner (Không xác định),data/google_planner/quang-binh/Keyword Stats 2026-02-23 at 00_37_49.csv,Viết guide/review; ưu tiên long-tail; tạo topic hub và internal link về trang dịch vụ,B,50.0,-100.0%,0
các điểm du lịch nổi tiếng ở quảng bình,Tổng hợp Quảng Bình,Tổng hợp,In-scope Quảng Bình,Informational,50,N/A,N/A,N/A,Planner (Thấp),data/google_planner/quang-binh/Keyword Stats 2026-02-23 at 00_37_49.csv,Viết guide/review; ưu tiên long-tail; tạo topic hub và internal link về trang dịch vụ,B,50.0,0%,0
các điểm tham quan quảng bình,Tổng hợp Quảng Bình,Tổng hợp,In-scope Quảng Bình,Informational,50,N/A,N/A,N/A,Planner (Thấp),data/google_planner/quang-binh/Keyword Stats 2026-02-23 at 00_37_49.csv,Viết guide/review; ưu tiên long-tail; tạo topic hub và internal link về trang dịch vụ,B,50.0,0%,0
các điểm vui chơi quảng bình,Tổng hợp Quảng Bình,Tổng hợp,In-scope Quảng Bình,Informational,50,N/A,N/A,N/A,Planner (Trung bình),data/google_planner/quang-binh/Keyword Stats 2026-02-23 at 00_37_49.csv,Viết guide/review; ưu tiên long-tail; tạo topic hub và internal link về trang dịch vụ,B,50.0,0%,0
các điểm vui chơi ở quảng bình,Tổng hợp Quảng Bình,Tổng hợp,In-scope Quảng Bình,Informational,50,N/A,N/A,N/A,Planner (Trung bình),data/google_planner/quang-binh/Keyword Stats 2026-02-23 at 00_37_49.csv,Viết guide/review; ưu tiên long-tail; tạo topic hub và internal link về trang dịch vụ,B,50.0,0%,0
các địa danh ở quảng bình,Tổng hợp Quảng Bình,Tổng hợp,In-scope Quảng Bình,Informational,50,N/A,N/A,N/A,Planner (Thấp),data/google_planner/quang-binh/Keyword Stats 2026-02-23 at 00_37_49.csv,Viết guide/review; ưu tiên long-tail; tạo topic hub và internal link về trang dịch vụ,B,50.0,0%,0
các địa điểm chơi ở quảng bình,Tổng hợp Quảng Bình,Tổng hợp,In-scope Quảng Bình,Informational,50,N/A,N/A,N/A,Planner (Trung bình),data/google_planner/quang-binh/Keyword Stats 2026-02-23 at 00_37_49.csv,Viết guide/review; ưu tiên long-tail; tạo topic hub và internal link về trang dịch vụ,B,50.0,0%,0
các địa điểm chụp ảnh đẹp ở quảng bình,Tổng hợp Quảng Bình,Tổng hợp,In-scope Quảng Bình,Informational,50,N/A,N/A,N/A,Planner (Thấp),data/google_planner/quang-binh/Keyword Stats 2026-02-23 at 00_37_49.csv,Viết guide/review; ưu tiên long-tail; tạo topic hub và internal link về trang dịch vụ,B,50.0,0%,0
các địa điểm du lịch nổi tiếng ở quảng bình,Tổng hợp Quảng Bình,Tổng hợp,In-scope Quảng Bình,Informational,50,N/A,N/A,N/A,Planner (Thấp),data/google_planner/quang-binh/Keyword Stats 2026-02-23 at 00_37_49.csv,Viết guide/review; ưu tiên long-tail; tạo topic hub và internal link về trang dịch vụ,B,50.0,0%,0
các địa điểm du lịch tại quảng bình,Tổng hợp Quảng Bình,Tổng hợp,In-scope Quảng Bình,Informational,50,N/A,N/A,N/A,Planner (Thấp),data/google_planner/quang-binh/Keyword Stats 2026-02-23 at 00_37_49.csv,Viết guide/review; ưu tiên long-tail; tạo topic hub và internal link về trang dịch vụ,B,50.0,0%,0
các địa điểm du lịch ở đồng hới,Tổng hợp Quảng Bình,Tổng hợp,In-scope Quảng Bình,Informational,50,N/A,N/A,N/A,Planner (Thấp),data/google_planner/quang-binh/Keyword Stats 2026-02-23 at 00_37_49.csv,Viết guide/review; ưu tiên long-tail; tạo topic hub và internal link về trang dịch vụ,B,50.0,0%,0
các địa điểm nổi tiếng ở quảng bình,Tổng hợp Quảng Bình,Tổng hợp,In-scope Quảng Bình,Informational,50,N/A,N/A,N/A,Planner (Thấp),data/google_planner/quang-binh/Keyword Stats 2026-02-23 at 00_37_49.csv,Viết guide/review; ưu tiên long-tail; tạo topic hub và internal link về trang dịch vụ,B,50.0,0%,0
các địa điểm tham quan ở quảng bình,Tổng hợp Quảng Bình,Tổng hợp,In-scope Quảng Bình,Informational,50,N/A,N/A,N/A,Planner (Thấp),data/google_planner/quang-binh/Keyword Stats 2026-02-23 at 00_37_49.csv,Viết guide/review; ưu tiên long-tail; tạo topic hub và internal link về trang dịch vụ,B,50.0,0%,0
các địa điểm vui chơi ở quảng bình,Tổng hợp Quảng Bình,Tổng hợp,In-scope Quảng Bình,Informational,50,N/A,N/A,N/A,Planner (Thấp),data/google_planner/quang-binh/Keyword Stats 2026-02-23 at 00_37_49.csv,Viết guide/review; ưu tiên long-tail; tạo topic hub và internal link về trang dịch vụ,B,50.0,0%,0
các địa điểm đẹp ở quảng bình,Tổng hợp Quảng Bình,Tổng hợp,In-scope Quảng Bình,Informational,50,N/A,N/A,N/A,Planner (Thấp),data/google_planner/quang-binh/Keyword Stats 2026-02-23 at 00_37_49.csv,Viết guide/review; ưu tiên long-tail; tạo topic hub và internal link về trang dịch vụ,B,50.0,0%,0
công ty du lịch quảng bình,Tổng hợp Quảng Bình,Tổng hợp,In-scope Quảng Bình,Informational,50,N/A,N/A,N/A,Planner (Thấp),data/google_planner/quang-binh/Keyword Stats 2026-02-23 at 00_37_49.csv,Viết guide/review; ưu tiên long-tail; tạo topic hub và internal link về trang dịch vụ,B,50.0,0%,0
công ty du lịch tại quảng bình,Tổng hợp Quảng Bình,Tổng hợp,In-scope Quảng Bình,Informational,50,N/A,N/A,N/A,Planner (Thấp),data/google_planner/quang-binh/Keyword Stats 2026-02-23 at 00_37_49.csv,Viết guide/review; ưu tiên long-tail; tạo topic hub và internal link về trang dịch vụ,B,50.0,0%,0
công ty du lịch ở quảng bình,Tổng hợp Quảng Bình,Tổng hợp,In-scope Quảng Bình,Informational,50,N/A,N/A,N/A,Planner (Thấp),data/google_planner/quang-binh/Keyword Stats 2026-02-23 at 00_37_49.csv,Viết guide/review; ưu tiên long-tail; tạo topic hub và internal link về trang dịch vụ,B,50.0,0%,0
công viên ozo ở quảng bình,Tổng hợp Quảng Bình,Tổng hợp,In-scope Quảng Bình,Informational,50,N/A,N/A,N/A,Planner (Không xác định),data/google_planner/quang-binh/Keyword Stats 2026-02-23 at 00_37_49.csv,Viết guide/review; ưu tiên long-tail; tạo topic hub và internal link về trang dịch vụ,B,50.0,0%,0
cảnh đẹp ở quảng bình,Tổng hợp Quảng Bình,Tổng hợp,In-scope Quảng Bình,Informational,50,N/A,N/A,N/A,Planner (Thấp),data/google_planner/quang-binh/Keyword Stats 2026-02-23 at 00_37_49.csv,Viết guide/review; ưu tiên long-tail; tạo topic hub và internal link về trang dịch vụ,B,50.0,0%,0
cẩm nang du lịch quảng bình,Tổng hợp Quảng Bình,Tổng hợp,In-scope Quảng Bình,Informational,50,N/A,N/A,N/A,Planner (Thấp),data/google_planner/quang-binh/Keyword Stats 2026-02-23 at 00_37_49.csv,Viết guide/review; ưu tiên long-tail; tạo topic hub và internal link về trang dịch vụ,B,50.0,0%,0
da nang quang binh,Tổng hợp Quảng Bình,Tổng hợp,In-scope Quảng Bình,Informational,50,N/A,N/A,N/A,Planner (Thấp),data/google_planner/quang-binh/Keyword Stats 2026-02-23 at 00_37_49.csv,Viết guide/review; ưu tiên long-tail; tạo topic hub và internal link về trang dịch vụ,B,50.0,0%,0
di du lich quang binh,Tổng hợp Quảng Bình,Tổng hợp,In-scope Quảng Bình,Informational,50,N/A,N/A,N/A,Planner (Cao),data/google_planner/quang-binh/Keyword Stats 2026-02-23 at 00_37_49.csv,Viết guide/review; ưu tiên long-tail; tạo topic hub và internal link về trang dịch vụ,B,50.0,0%,0
dia diem du lich o quang binh,Tổng hợp Quảng Bình,Tổng hợp,In-scope Quảng Bình,Informational,50,N/A,N/A,N/A,Planner (Thấp),data/google_planner/quang-binh/Keyword Stats 2026-02-23 at 00_37_49.csv,Viết guide/review; ưu tiên long-tail; tạo topic hub và internal link về trang dịch vụ,B,50.0,0%,0
dia diem du lich quang binh,Tổng hợp Quảng Bình,Tổng hợp,In-scope Quảng Bình,Informational,50,N/A,N/A,N/A,Planner (Cao),data/google_planner/quang-binh/Keyword Stats 2026-02-23 at 00_37_49.csv,Viết guide/review; ưu tiên long-tail; tạo topic hub và internal link về trang dịch vụ,B,50.0,0%,0
diem du lich o quang binh,Tổng hợp Quảng Bình,Tổng hợp,In-scope Quảng Bình,Informational,50,N/A,N/A,N/A,Planner (Không xác định),data/google_planner/quang-binh/Keyword Stats 2026-02-23 at 00_37_49.csv,Viết guide/review; ưu tiên long-tail; tạo topic hub và internal link về trang dịch vụ,B,50.0,0%,0
diem du lich quang binh,Tổng hợp Quảng Bình,Tổng hợp,In-scope Quảng Bình,Informational,50,N/A,N/A,N/A,Planner (Trung bình),data/google_planner/quang-binh/Keyword Stats 2026-02-23 at 00_37_49.csv,Viết guide/review; ưu tiên long-tail; tạo topic hub và internal link về trang dịch vụ,B,50.0,0%,0
du lịch biển quảng bình,Tổng hợp Quảng Bình,Tổng hợp,In-scope Quảng Bình,Informational,50,N/A,N/A,N/A,Planner (Thấp),data/google_planner/quang-binh/Keyword Stats 2026-02-23 at 00_37_49.csv,Viết guide/review; ưu tiên long-tail; tạo topic hub và internal link về trang dịch vụ,B,50.0,0%,0
du lich dong hoi quang binh,Tổng hợp Quảng Bình,Tổng hợp,In-scope Quảng Bình,Informational,50,N/A,N/A,N/A,Planner (Cao),data/google_planner/quang-binh/Keyword Stats 2026-02-23 at 00_37_49.csv,Viết guide/review; ưu tiên long-tail; tạo topic hub và internal link về trang dịch vụ,B,50.0,0%,0
du lich quang binh co gi,Tổng hợp Quảng Bình,Tổng hợp,In-scope Quảng Bình,Informational,50,N/A,N/A,N/A,Planner (Trung bình),data/google_planner/quang-binh/Keyword Stats 2026-02-23 at 00_37_49.csv,Viết guide/review; ưu tiên long-tail; tạo topic hub và internal link về trang dịch vụ,B,50.0,0%,0
du lich quang binh thang nao dep nhat,Tổng hợp Quảng Bình,Tổng hợp,In-scope Quảng Bình,Informational,50,N/A,N/A,N/A,Planner (Trung bình),data/google_planner/quang-binh/Keyword Stats 2026-02-23 at 00_37_49.csv,Viết guide/review; ưu tiên long-tail; tạo topic hub và internal link về trang dịch vụ,B,50.0,0%,0
du lịch ba đồn quảng bình,Tổng hợp Quảng Bình,Tổng hợp,In-scope Quảng Bình,Informational,50,N/A,N/A,N/A,Planner (Thấp),data/google_planner/quang-binh/Keyword Stats 2026-02-23 at 00_37_49.csv,Viết guide/review; ưu tiên long-tail; tạo topic hub và internal link về trang dịch vụ,B,50.0,0%,0
du lịch bố trạch quảng bình,Tổng hợp Quảng Bình,Tổng hợp,In-scope Quảng Bình,Informational,50,N/A,N/A,N/A,Planner (Thấp),data/google_planner/quang-binh/Keyword Stats 2026-02-23 at 00_37_49.csv,Viết guide/review; ưu tiên long-tail; tạo topic hub và internal link về trang dịch vụ,B,50.0,0%,0
du lịch bụi quảng bình,Tổng hợp Quảng Bình,Tổng hợp,In-scope Quảng Bình,Informational,50,N/A,N/A,N/A,Planner (Thấp),data/google_planner/quang-binh/Keyword Stats 2026-02-23 at 00_37_49.csv,Viết guide/review; ưu tiên long-tail; tạo topic hub và internal link về trang dịch vụ,B,50.0,0%,0
du lịch hang sơn đoòng quảng bình,Tổng hợp Quảng Bình,Tổng hợp,In-scope Quảng Bình,Informational,50,N/A,N/A,N/A,Planner (Trung bình),data/google_planner/quang-binh/Keyword Stats 2026-02-23 at 00_37_49.csv,Viết guide/review; ưu tiên long-tail; tạo topic hub và internal link về trang dịch vụ,B,50.0,0%,0
du lịch hava quảng bình,Tổng hợp Quảng Bình,Tổng hợp,In-scope Quảng Bình,Informational,50,N/A,N/A,N/A,Planner (Không xác định),data/google_planner/quang-binh/Keyword Stats 2026-02-23 at 00_37_49.csv,Viết guide/review; ưu tiên long-tail; tạo topic hub và internal link về trang dịch vụ,B,50.0,-100.0%,0
du lịch lệ thủy quảng bình,Tổng hợp Quảng Bình,Tổng hợp,In-scope Quảng Bình,Informational,50,N/A,N/A,N/A,Planner (Thấp),data/google_planner/quang-binh/Keyword Stats 2026-02-23 at 00_37_49.csv,Viết guide/review; ưu tiên long-tail; tạo topic hub và internal link về trang dịch vụ,B,50.0,0%,0
du lịch ozo quảng bình,Tổng hợp Quảng Bình,Tổng hợp,In-scope Quảng Bình,Informational,50,N/A,N/A,N/A,Planner (Không xác định),data/google_planner/quang-binh/Keyword Stats 2026-02-23 at 00_37_49.csv,Viết guide/review; ưu tiên long-tail; tạo topic hub và internal link về trang dịch vụ,B,50.0,0%,0
du lịch quảng bình 1 ngày,Tổng hợp Quảng Bình,Tổng hợp,In-scope Quảng Bình,Informational,50,N/A,N/A,N/A,Planner (Thấp),data/google_planner/quang-binh/Keyword Stats 2026-02-23 at 00_37_49.csv,Viết guide/review; ưu tiên long-tail; tạo topic hub và internal link về trang dịch vụ,B,50.0,0%,0
du lịch quảng bình 2 ngày 1 đêm,Tổng hợp Quảng Bình,Tổng hợp,In-scope Quảng Bình,Informational,50,N/A,N/A,N/A,Planner (Thấp),data/google_planner/quang-binh/Keyword Stats 2026-02-23 at 00_37_49.csv,Viết guide/review; ưu tiên long-tail; tạo topic hub và internal link về trang dịch vụ,B,50.0,0%,0
du lịch quảng bình 2 ngày 2 đêm,Tổng hợp Quảng Bình,Tổng hợp,In-scope Quảng Bình,Informational,50,N/A,N/A,N/A,Planner (Trung bình),data/google_planner/quang-binh/Keyword Stats 2026-02-23 at 00_37_49.csv,Viết guide/review; ưu tiên long-tail; tạo topic hub và internal link về trang dịch vụ,B,50.0,0%,0
du lịch quảng bình 2022,Tổng hợp Quảng Bình,Tổng hợp,In-scope Quảng Bình,Informational,50,N/A,N/A,N/A,Planner (Không xác định),data/google_planner/quang-binh/Keyword Stats 2026-02-23 at 00_37_49.csv,Viết guide/review; ưu tiên long-tail; tạo topic hub và internal link về trang dịch vụ,B,50.0,0%,0
du lịch quảng bình 3 ngày,Tổng hợp Quảng Bình,Tổng hợp,In-scope Quảng Bình,Informational,50,N/A,N/A,N/A,Planner (Thấp),data/google_planner/quang-binh/Keyword Stats 2026-02-23 at 00_37_49.csv,Viết guide/review; ưu tiên long-tail; tạo topic hub và internal link về trang dịch vụ,B,50.0,0%,0
du lịch quảng bình 3 ngày 2 đêm tự túc,Tổng hợp Quảng Bình,Tổng hợp,In-scope Quảng Bình,Informational,50,N/A,N/A,N/A,Planner (Thấp),data/google_planner/quang-binh/Keyword Stats 2026-02-23 at 00_37_49.csv,Viết guide/review; ưu tiên long-tail; tạo topic hub và internal link về trang dịch vụ,B,50.0,0%,0
du lịch quảng bình 30 4,Tổng hợp Quảng Bình,Tổng hợp,In-scope Quảng Bình,Informational,50,N/A,N/A,N/A,Planner (Không xác định),data/google_planner/quang-binh/Keyword Stats 2026-02-23 at 00_37_49.csv,Viết guide/review; ưu tiên long-tail; tạo topic hub và internal link về trang dịch vụ,B,50.0,0%,0
du lịch quảng bình 4 ngày 3 đêm tự túc,Tổng hợp Quảng Bình,Tổng hợp,In-scope Quảng Bình,Informational,50,N/A,N/A,N/A,Planner (Thấp),data/google_planner/quang-binh/Keyword Stats 2026-02-23 at 00_37_49.csv,Viết guide/review; ưu tiên long-tail; tạo topic hub và internal link về trang dịch vụ,B,50.0,0%,0
du lịch quảng bình dịp tết,Tổng hợp Quảng Bình,Tổng hợp,In-scope Quảng Bình,Informational,50,N/A,N/A,N/A,Planner (Thấp),data/google_planner/quang-binh/Keyword Stats 2026-02-23 at 00_37_49.csv,Viết guide/review; ưu tiên long-tail; tạo topic hub và internal link về trang dịch vụ,B,50.0,0%,0
du lịch quảng bình otofun,Tổng hợp Quảng Bình,Tổng hợp,In-scope Quảng Bình,Informational,50,N/A,N/A,N/A,Planner (Thấp),data/google_planner/quang-binh/Keyword Stats 2026-02-23 at 00_37_49.csv,Viết guide/review; ưu tiên long-tail; tạo topic hub và internal link về trang dịch vụ,B,50.0,0%,0
du lịch quảng bình suối nước mooc,Tổng hợp Quảng Bình,Tổng hợp,In-scope Quảng Bình,Informational,50,N/A,N/A,N/A,Planner (Thấp),data/google_planner/quang-binh/Keyword Stats 2026-02-23 at 00_37_49.csv,Viết guide/review; ưu tiên long-tail; tạo topic hub và internal link về trang dịch vụ,B,50.0,0%,0
du lịch quảng bình tháng 10,Tổng hợp Quảng Bình,Tổng hợp,In-scope Quảng Bình,Informational,50,N/A,N/A,N/A,Planner (Không xác định),data/google_planner/quang-binh/Keyword Stats 2026-02-23 at 00_37_49.csv,Viết guide/review; ưu tiên long-tail; tạo topic hub và internal link về trang dịch vụ,B,50.0,-100.0%,0
du lịch quảng bình tháng 11,Tổng hợp Quảng Bình,Tổng hợp,In-scope Quảng Bình,Informational,50,N/A,N/A,N/A,Planner (Không xác định),data/google_planner/quang-binh/Keyword Stats 2026-02-23 at 00_37_49.csv,Viết guide/review; ưu tiên long-tail; tạo topic hub và internal link về trang dịch vụ,B,50.0,-100.0%,0
du lịch quảng bình tháng 3,Tổng hợp Quảng Bình,Tổng hợp,In-scope Quảng Bình,Informational,50,N/A,N/A,N/A,Planner (Thấp),data/google_planner/quang-binh/Keyword Stats 2026-02-23 at 00_37_49.csv,Viết guide/review; ưu tiên long-tail; tạo topic hub và internal link về trang dịch vụ,B,50.0,0%,0
du lịch quảng bình tháng 4,Tổng hợp Quảng Bình,Tổng hợp,In-scope Quảng Bình,Informational,50,N/A,N/A,N/A,Planner (Thấp),data/google_planner/quang-binh/Keyword Stats 2026-02-23 at 00_37_49.csv,Viết guide/review; ưu tiên long-tail; tạo topic hub và internal link về trang dịch vụ,B,50.0,0%,0
du lịch quảng bình tháng 7,Tổng hợp Quảng Bình,Tổng hợp,In-scope Quảng Bình,Informational,50,N/A,N/A,N/A,Planner (Không xác định),data/google_planner/quang-binh/Keyword Stats 2026-02-23 at 00_37_49.csv,Viết guide/review; ưu tiên long-tail; tạo topic hub và internal link về trang dịch vụ,B,50.0,0%,0
du lịch quảng bình tháng 9,Tổng hợp Quảng Bình,Tổng hợp,In-scope Quảng Bình,Informational,50,N/A,N/A,N/A,Planner (Không xác định),data/google_planner/quang-binh/Keyword Stats 2026-02-23 at 00_37_49.csv,Viết guide/review; ưu tiên long-tail; tạo topic hub và internal link về trang dịch vụ,B,50.0,0%,0
du lịch quảng bình từ a đến z,Tổng hợp Quảng Bình,Tổng hợp,In-scope Quảng Bình,Informational,50,N/A,N/A,N/A,Planner (Thấp),data/google_planner/quang-binh/Keyword Stats 2026-02-23 at 00_37_49.csv,Viết guide/review; ưu tiên long-tail; tạo topic hub và internal link về trang dịch vụ,B,50.0,0%,0
du lịch quảng bình vietravel,Tổng hợp Quảng Bình,Tổng hợp,In-scope Quảng Bình,Informational,50,N/A,N/A,N/A,Planner (Không xác định),data/google_planner/quang-binh/Keyword Stats 2026-02-23 at 00_37_49.csv,Viết guide/review; ưu tiên long-tail; tạo topic hub và internal link về trang dịch vụ,B,50.0,-100.0%,0
du lịch quảng trạch,Tổng hợp Quảng Bình,Tổng hợp,In-scope Quảng Bình,Informational,50,N/A,N/A,N/A,Planner (Thấp),data/google_planner/quang-binh/Keyword Stats 2026-02-23 at 00_37_49.csv,Viết guide/review; ưu tiên long-tail; tạo topic hub và internal link về trang dịch vụ,B,50.0,0%,0
du lịch sinh thái quảng bình,Tổng hợp Quảng Bình,Tổng hợp,In-scope Quảng Bình,Informational,50,N/A,N/A,N/A,Planner (Thấp),data/google_planner/quang-binh/Keyword Stats 2026-02-23 at 00_37_49.csv,Viết guide/review; ưu tiên long-tail; tạo topic hub và internal link về trang dịch vụ,B,50.0,0%,0
du lịch suối nước moọc quảng bình,Tổng hợp Quảng Bình,Tổng hợp,In-scope Quảng Bình,Informational,50,N/A,N/A,N/A,Planner (Không xác định),data/google_planner/quang-binh/Keyword Stats 2026-02-23 at 00_37_49.csv,Viết guide/review; ưu tiên long-tail; tạo topic hub và internal link về trang dịch vụ,B,50.0,-100.0%,0
du lịch suối đá quảng bình,Tổng hợp Quảng Bình,Tổng hợp,In-scope Quảng Bình,Informational,50,N/A,N/A,N/A,Planner (Thấp),data/google_planner/quang-binh/Keyword Stats 2026-02-23 at 00_37_49.csv,Viết guide/review; ưu tiên long-tail; tạo topic hub và internal link về trang dịch vụ,B,50.0,0%,0
du lịch thành phố đồng hới,Tổng hợp Quảng Bình,Tổng hợp,In-scope Quảng Bình,Informational,50,N/A,N/A,N/A,Planner (Thấp),data/google_planner/quang-binh/Keyword Stats 2026-02-23 at 00_37_49.csv,Viết guide/review; ưu tiên long-tail; tạo topic hub và internal link về trang dịch vụ,B,50.0,0%,0
du lịch tại quảng bình,Tổng hợp Quảng Bình,Tổng hợp,In-scope Quảng Bình,Informational,50,N/A,N/A,N/A,Planner (Thấp),data/google_planner/quang-binh/Keyword Stats 2026-02-23 at 00_37_49.csv,Viết guide/review; ưu tiên long-tail; tạo topic hub và internal link về trang dịch vụ,B,50.0,0%,0
du lịch tỉnh quảng bình,Tổng hợp Quảng Bình,Tổng hợp,In-scope Quảng Bình,Informational,50,N/A,N/A,N/A,Planner (Thấp),data/google_planner/quang-binh/Keyword Stats 2026-02-23 at 00_37_49.csv,Viết guide/review; ưu tiên long-tail; tạo topic hub và internal link về trang dịch vụ,B,50.0,0%,0
combo quảng bình,Tổng hợp Quảng Bình,Tổng hợp,In-scope Quảng Bình,Transaction,50,N/A,N/A,N/A,Planner (Không xác định),data/google_planner/quang-binh/Keyword Stats 2026-02-23 at 00_37_49.csv,"Tạo landing chuyển đổi (giá/vé/đặt chỗ), gom vào cluster page + build backlink nội bộ",B,50.0,0%,0
dat phong quang binh,Tổng hợp Quảng Bình,Tổng hợp,In-scope Quảng Bình,Transaction,50,N/A,N/A,N/A,Planner (Trung bình),data/google_planner/quang-binh/Keyword Stats 2026-02-23 at 00_37_49.csv,"Tạo landing chuyển đổi (giá/vé/đặt chỗ), gom vào cluster page + build backlink nội bộ",B,50.0,0%,0
du lich quang binh mua nao dep nhat,Tổng hợp Quảng Bình,Tổng hợp,In-scope Quảng Bình,Transaction,50,N/A,N/A,N/A,Planner (Thấp),data/google_planner/quang-binh/Keyword Stats 2026-02-23 at 00_37_49.csv,"Tạo landing chuyển đổi (giá/vé/đặt chỗ), gom vào cluster page + build backlink nội bộ",B,50.0,0%,0
du lịch quảng bình giá rẻ,Tổng hợp Quảng Bình,Tổng hợp,In-scope Quảng Bình,Transaction,50,N/A,N/A,N/A,Planner (Không xác định),data/google_planner/quang-binh/Keyword Stats 2026-02-23 at 00_37_49.csv,"Tạo landing chuyển đổi (giá/vé/đặt chỗ), gom vào cluster page + build backlink nội bộ",B,50.0,0%,0
giá phòng mường thanh quảng bình,Tổng hợp Quảng Bình,Tổng hợp,In-scope Quảng Bình,Transaction,50,N/A,N/A,N/A,Planner (Cao),data/google_planner/quang-binh/Keyword Stats 2026-02-23 at 00_37_49.csv,"Tạo landing chuyển đổi (giá/vé/đặt chỗ), gom vào cluster page + build backlink nội bộ",B,50.0,0%,0
giá vé công viên ozo quảng bình,Tổng hợp Quảng Bình,Tổng hợp,In-scope Quảng Bình,Transaction,50,N/A,N/A,N/A,Planner (Thấp),data/google_planner/quang-binh/Keyword Stats 2026-02-23 at 00_37_49.csv,"Tạo landing chuyển đổi (giá/vé/đặt chỗ), gom vào cluster page + build backlink nội bộ",B,50.0,0%,0
giá vé du lịch quảng bình,Tổng hợp Quảng Bình,Tổng hợp,In-scope Quảng Bình,Transaction,50,N/A,N/A,N/A,Planner (Không xác định),data/google_planner/quang-binh/Keyword Stats 2026-02-23 at 00_37_49.csv,"Tạo landing chuyển đổi (giá/vé/đặt chỗ), gom vào cluster page + build backlink nội bộ",B,50.0,-100.0%,0
giá vé ozo quảng bình,Tổng hợp Quảng Bình,Tổng hợp,In-scope Quảng Bình,Transaction,50,N/A,N/A,N/A,Planner (Thấp),data/google_planner/quang-binh/Keyword Stats 2026-02-23 at 00_37_49.csv,"Tạo landing chuyển đổi (giá/vé/đặt chỗ), gom vào cluster page + build backlink nội bộ",B,50.0,0%,0
giá vé tham quan quảng bình,Tổng hợp Quảng Bình,Tổng hợp,In-scope Quảng Bình,Transaction,50,N/A,N/A,N/A,Planner (Không xác định),data/google_planner/quang-binh/Keyword Stats 2026-02-23 at 00_37_49.csv,"Tạo landing chuyển đổi (giá/vé/đặt chỗ), gom vào cluster page + build backlink nội bộ",B,50.0,-100.0%,0
giá vé tham quan quảng bình 2022,Tổng hợp Quảng Bình,Tổng hợp,In-scope Quảng Bình,Transaction,50,N/A,N/A,N/A,Planner (Thấp),data/google_planner/quang-binh/Keyword Stats 2026-02-23 at 00_37_49.csv,"Tạo landing chuyển đổi (giá/vé/đặt chỗ), gom vào cluster page + build backlink nội bộ",B,50.0,0%,0
giá vé động thiên đường quảng bình,Tổng hợp Quảng Bình,Tổng hợp,In-scope Quảng Bình,Transaction,50,N/A,N/A,N/A,Planner (Thấp),data/google_planner/quang-binh/Keyword Stats 2026-02-23 at 00_37_49.csv,"Tạo landing chuyển đổi (giá/vé/đặt chỗ), gom vào cluster page + build backlink nội bộ",B,50.0,0%,0
kinh nghiệm du lịch quảng bình cho gia đình,Tổng hợp Quảng Bình,Tổng hợp,In-scope Quảng Bình,Transaction,50,N/A,N/A,N/A,Planner (Thấp),data/google_planner/quang-binh/Keyword Stats 2026-02-23 at 00_37_49.csv,"Tạo landing chuyển đổi (giá/vé/đặt chỗ), gom vào cluster page + build backlink nội bộ",B,50.0,0%,0
suối bang quảng bình giá vé,Tổng hợp Quảng Bình,Tổng hợp,In-scope Quảng Bình,Transaction,50,N/A,N/A,N/A,Planner (Thấp),data/google_planner/quang-binh/Keyword Stats 2026-02-23 at 00_37_49.csv,"Tạo landing chuyển đổi (giá/vé/đặt chỗ), gom vào cluster page + build backlink nội bộ",B,50.0,0%,0
voucher flc quảng bình,Tổng hợp Quảng Bình,Tổng hợp,In-scope Quảng Bình,Transaction,50,N/A,N/A,N/A,Planner (Không xác định),data/google_planner/quang-binh/Keyword Stats 2026-02-23 at 00_37_49.csv,"Tạo landing chuyển đổi (giá/vé/đặt chỗ), gom vào cluster page + build backlink nội bộ",B,50.0,0%,0
du lịch quảng bình kinh nghiệm,Tổng hợp Quảng Bình,Tổng hợp,In-scope Quảng Bình,Commercial Investigation,50,N/A,N/A,N/A,Planner (Không xác định),data/google_planner/quang-binh/Keyword Stats 2026-02-23 at 00_37_49.csv,Viết bài top-list/so sánh; map vào cluster hub; bổ sung schema + ảnh/UGC,B,50.0,0%,0
kinh nghiệm du lịch quảng bình 2 ngày 1 đêm,Tổng hợp Quảng Bình,Tổng hợp,In-scope Quảng Bình,Commercial Investigation,50,N/A,N/A,N/A,Planner (Không xác định),data/google_planner/quang-binh/Keyword Stats 2026-02-23 at 00_37_49.csv,Viết bài top-list/so sánh; map vào cluster hub; bổ sung schema + ảnh/UGC,B,50.0,-100.0%,0
kinh nghiệm du lịch quảng bình 3 ngày 2 đêm,Tổng hợp Quảng Bình,Tổng hợp,In-scope Quảng Bình,Commercial Investigation,50,N/A,N/A,N/A,Planner (Thấp),data/google_planner/quang-binh/Keyword Stats 2026-02-23 at 00_37_49.csv,Viết bài top-list/so sánh; map vào cluster hub; bổ sung schema + ảnh/UGC,B,50.0,0%,0
kinh nghiệm du lịch quảng bình 4 ngày 3 đêm,Tổng hợp Quảng Bình,Tổng hợp,In-scope Quảng Bình,Commercial Investigation,50,N/A,N/A,N/A,Planner (Thấp),data/google_planner/quang-binh/Keyword Stats 2026-02-23 at 00_37_49.csv,Viết bài top-list/so sánh; map vào cluster hub; bổ sung schema + ảnh/UGC,B,50.0,0%,0
kinh nghiệm du lịch quảng bình otofun,Tổng hợp Quảng Bình,Tổng hợp,In-scope Quảng Bình,Commercial Investigation,50,N/A,N/A,N/A,Planner (Không xác định),data/google_planner/quang-binh/Keyword Stats 2026-02-23 at 00_37_49.csv,Viết bài top-list/so sánh; map vào cluster hub; bổ sung schema + ảnh/UGC,B,50.0,0%,0
kinh nghiệm du lịch quảng bình tự túc,Tổng hợp Quảng Bình,Tổng hợp,In-scope Quảng Bình,Commercial Investigation,50,N/A,N/A,N/A,Planner (Thấp),data/google_planner/quang-binh/Keyword Stats 2026-02-23 at 00_37_49.csv,Viết bài top-list/so sánh; map vào cluster hub; bổ sung schema + ảnh/UGC,B,50.0,0%,0
kinh nghiệm du lịch tự túc quảng bình,Tổng hợp Quảng Bình,Tổng hợp,In-scope Quảng Bình,Commercial Investigation,50,N/A,N/A,N/A,Planner (Không xác định),data/google_planner/quang-binh/Keyword Stats 2026-02-23 at 00_37_49.csv,Viết bài top-list/so sánh; map vào cluster hub; bổ sung schema + ảnh/UGC,B,50.0,-100.0%,0
kinh nghiệm du lịch đồng hới,Tổng hợp Quảng Bình,Tổng hợp,In-scope Quảng Bình,Commercial Investigation,50,N/A,N/A,N/A,Planner (Không xác định),data/google_planner/quang-binh/Keyword Stats 2026-02-23 at 00_37_49.csv,Viết bài top-list/so sánh; map vào cluster hub; bổ sung schema + ảnh/UGC,B,50.0,-100.0%,0
kinh nghiệm du lịch đồng hới quảng bình,Tổng hợp Quảng Bình,Tổng hợp,In-scope Quảng Bình,Commercial Investigation,50,N/A,N/A,N/A,Planner (Cao),data/google_planner/quang-binh/Keyword Stats 2026-02-23 at 00_37_49.csv,Viết bài top-list/so sánh; map vào cluster hub; bổ sung schema + ảnh/UGC,B,50.0,0%,0
kinh nghiệm đi chơi quảng bình,Tổng hợp Quảng Bình,Tổng hợp,In-scope Quảng Bình,Commercial Investigation,50,N/A,N/A,N/A,Planner (Không xác định),data/google_planner/quang-binh/Keyword Stats 2026-02-23 at 00_37_49.csv,Viết bài top-list/so sánh; map vào cluster hub; bổ sung schema + ảnh/UGC,B,50.0,0%,0
kinh nghiệm đi công viên ozo quảng bình,Tổng hợp Quảng Bình,Tổng hợp,In-scope Quảng Bình,Commercial Investigation,50,N/A,N/A,N/A,Planner (Không xác định),data/google_planner/quang-binh/Keyword Stats 2026-02-23 at 00_37_49.csv,Viết bài top-list/so sánh; map vào cluster hub; bổ sung schema + ảnh/UGC,B,50.0,-100.0%,0
kinh nghiệm đi du lịch quảng bình,Tổng hợp Quảng Bình,Tổng hợp,In-scope Quảng Bình,Commercial Investigation,50,N/A,N/A,N/A,Planner (Trung bình),data/google_planner/quang-binh/Keyword Stats 2026-02-23 at 00_37_49.csv,Viết bài top-list/so sánh; map vào cluster hub; bổ sung schema + ảnh/UGC,B,50.0,0%,0
kinh nghiệm đi du lịch quảng bình tự túc,Tổng hợp Quảng Bình,Tổng hợp,In-scope Quảng Bình,Commercial Investigation,50,N/A,N/A,N/A,Planner (Trung bình),data/google_planner/quang-binh/Keyword Stats 2026-02-23 at 00_37_49.csv,Viết bài top-list/so sánh; map vào cluster hub; bổ sung schema + ảnh/UGC,B,50.0,0%,0
kinh nghiệm đi quảng bình,Tổng hợp Quảng Bình,Tổng hợp,In-scope Quảng Bình,Commercial Investigation,50,N/A,N/A,N/A,Planner (Trung bình),data/google_planner/quang-binh/Keyword Stats 2026-02-23 at 00_37_49.csv,Viết bài top-list/so sánh; map vào cluster hub; bổ sung schema + ảnh/UGC,B,50.0,0%,0
kinh nghiệm đi quảng bình bằng ô tô,Tổng hợp Quảng Bình,Tổng hợp,In-scope Quảng Bình,Commercial Investigation,50,N/A,N/A,N/A,Planner (Thấp),data/google_planner/quang-binh/Keyword Stats 2026-02-23 at 00_37_49.csv,Viết bài top-list/so sánh; map vào cluster hub; bổ sung schema + ảnh/UGC,B,50.0,0%,0
kinh nghiệm đi quảng bình tự túc,Tổng hợp Quảng Bình,Tổng hợp,In-scope Quảng Bình,Commercial Investigation,50,N/A,N/A,N/A,Planner (Không xác định),data/google_planner/quang-binh/Keyword Stats 2026-02-23 at 00_37_49.csv,Viết bài top-list/so sánh; map vào cluster hub; bổ sung schema + ảnh/UGC,B,50.0,-100.0%,0
vé công viên ozo quảng bình,Tổng hợp Quảng Bình,Tổng hợp,In-scope Quảng Bình,Commercial Investigation,50,N/A,N/A,N/A,Planner (Không xác định),data/google_planner/quang-binh/Keyword Stats 2026-02-23 at 00_37_49.csv,Viết bài top-list/so sánh; map vào cluster hub; bổ sung schema + ảnh/UGC,B,50.0,-100.0%,0
vé tham quan quảng bình,Tổng hợp Quảng Bình,Tổng hợp,In-scope Quảng Bình,Commercial Investigation,50,N/A,N/A,N/A,Planner (Thấp),data/google_planner/quang-binh/Keyword Stats 2026-02-23 at 00_37_49.csv,Viết bài top-list/so sánh; map vào cluster hub; bổ sung schema + ảnh/UGC,B,50.0,0%,0
vé tham quan quảng bình 2022,Tổng hợp Quảng Bình,Tổng hợp,In-scope Quảng Bình,Commercial Investigation,50,N/A,N/A,N/A,Planner (Không xác định),data/google_planner/quang-binh/Keyword Stats 2026-02-23 at 00_37_49.csv,Viết bài top-list/so sánh; map vào cluster hub; bổ sung schema + ảnh/UGC,B,50.0,0%,0
du lịch tự túc quảng bình,Tổng hợp Quảng Bình,Tổng hợp,In-scope Quảng Bình,Informational,50,N/A,N/A,N/A,Planner (Thấp),data/google_planner/quang-binh/Keyword Stats 2026-02-23 at 00_37_49.csv,Viết guide/review; ưu tiên long-tail; tạo topic hub và internal link về trang dịch vụ,B,50.0,0%,0
du lịch đảo yến quảng bình,Tổng hợp Quảng Bình,Tổng hợp,In-scope Quảng Bình,Informational,50,N/A,N/A,N/A,Planner (Thấp),data/google_planner/quang-binh/Keyword Stats 2026-02-23 at 00_37_49.csv,Viết guide/review; ưu tiên long-tail; tạo topic hub và internal link về trang dịch vụ,B,50.0,0%,0
du lịch đồng hới 2022,Tổng hợp Quảng Bình,Tổng hợp,In-scope Quảng Bình,Informational,50,N/A,N/A,N/A,Planner (Không xác định),data/google_planner/quang-binh/Keyword Stats 2026-02-23 at 00_37_49.csv,Viết guide/review; ưu tiên long-tail; tạo topic hub và internal link về trang dịch vụ,B,50.0,0%,0
du lịch đồng hới tự túc,Tổng hợp Quảng Bình,Tổng hợp,In-scope Quảng Bình,Informational,50,N/A,N/A,N/A,Planner (Thấp),data/google_planner/quang-binh/Keyword Stats 2026-02-23 at 00_37_49.csv,Viết guide/review; ưu tiên long-tail; tạo topic hub và internal link về trang dịch vụ,B,50.0,0%,0
du lịch động thiên đường quảng bình,Tổng hợp Quảng Bình,Tổng hợp,In-scope Quảng Bình,Informational,50,N/A,N/A,N/A,Planner (Thấp),data/google_planner/quang-binh/Keyword Stats 2026-02-23 at 00_37_49.csv,Viết guide/review; ưu tiên long-tail; tạo topic hub và internal link về trang dịch vụ,B,50.0,0%,0
flc quảng bình giai đoạn 2,Tổng hợp Quảng Bình,Tổng hợp,In-scope Quảng Bình,Informational,50,N/A,N/A,N/A,Planner (Không xác định),data/google_planner/quang-binh/Keyword Stats 2026-02-23 at 00_37_49.csv,Viết guide/review; ưu tiên long-tail; tạo topic hub và internal link về trang dịch vụ,B,50.0,0%,0
flc quảng bình đặt phòng,Tổng hợp Quảng Bình,Tổng hợp,In-scope Quảng Bình,Informational,50,N/A,N/A,N/A,Planner (Trung bình),data/google_planner/quang-binh/Keyword Stats 2026-02-23 at 00_37_49.csv,Viết guide/review; ưu tiên long-tail; tạo topic hub và internal link về trang dịch vụ,B,50.0,0%,0
fusion quang binh,Tổng hợp Quảng Bình,Tổng hợp,In-scope Quảng Bình,Informational,50,N/A,N/A,N/A,Planner (Thấp),data/google_planner/quang-binh/Keyword Stats 2026-02-23 at 00_37_49.csv,Viết guide/review; ưu tiên long-tail; tạo topic hub và internal link về trang dịch vụ,B,50.0,0%,0
gold coast quang binh,Tổng hợp Quảng Bình,Tổng hợp,In-scope Quảng Bình,Informational,50,N/A,N/A,N/A,Planner (Trung bình),data/google_planner/quang-binh/Keyword Stats 2026-02-23 at 00_37_49.csv,Viết guide/review; ưu tiên long-tail; tạo topic hub và internal link về trang dịch vụ,B,50.0,0%,0
hang dong o quang binh,Tổng hợp Quảng Bình,Tổng hợp,In-scope Quảng Bình,Informational,50,N/A,N/A,N/A,Planner (Thấp),data/google_planner/quang-binh/Keyword Stats 2026-02-23 at 00_37_49.csv,Viết guide/review; ưu tiên long-tail; tạo topic hub và internal link về trang dịch vụ,B,50.0,0%,0
hang dong quang binh,Tổng hợp Quảng Bình,Tổng hợp,In-scope Quảng Bình,Informational,50,N/A,N/A,N/A,Planner (Thấp),data/google_planner/quang-binh/Keyword Stats 2026-02-23 at 00_37_49.csv,Viết guide/review; ưu tiên long-tail; tạo topic hub và internal link về trang dịch vụ,B,50.0,0%,0
hang mooc quang binh,Tổng hợp Quảng Bình,Tổng hợp,In-scope Quảng Bình,Informational,50,N/A,N/A,N/A,Planner (Không xác định),data/google_planner/quang-binh/Keyword Stats 2026-02-23 at 00_37_49.csv,Viết guide/review; ưu tiên long-tail; tạo topic hub và internal link về trang dịch vụ,B,50.0,0%,0
hang sơn đoòng quảng bình,Tổng hợp Quảng Bình,Tổng hợp,In-scope Quảng Bình,Informational,50,N/A,N/A,N/A,Planner (Thấp),data/google_planner/quang-binh/Keyword Stats 2026-02-23 at 00_37_49.csv,Viết guide/review; ưu tiên long-tail; tạo topic hub và internal link về trang dịch vụ,B,50.0,0%,0
hang sơn đoòng quảng bình việt nam,Tổng hợp Quảng Bình,Tổng hợp,In-scope Quảng Bình,Informational,50,N/A,N/A,N/A,Planner (Thấp),data/google_planner/quang-binh/Keyword Stats 2026-02-23 at 00_37_49.csv,Viết guide/review; ưu tiên long-tail; tạo topic hub và internal link về trang dịch vụ,B,50.0,0%,0
hang sơn đoòng ở quảng bình,Tổng hợp Quảng Bình,Tổng hợp,In-scope Quảng Bình,Informational,50,N/A,N/A,N/A,Planner (Thấp),data/google_planner/quang-binh/Keyword Stats 2026-02-23 at 00_37_49.csv,Viết guide/review; ưu tiên long-tail; tạo topic hub và internal link về trang dịch vụ,B,50.0,0%,0
hang thiên đường quảng bình,Tổng hợp Quảng Bình,Tổng hợp,In-scope Quảng Bình,Informational,50,N/A,N/A,N/A,Planner (Thấp),data/google_planner/quang-binh/Keyword Stats 2026-02-23 at 00_37_49.csv,Viết guide/review; ưu tiên long-tail; tạo topic hub và internal link về trang dịch vụ,B,50.0,0%,0
hang thiên đường ở quảng bình,Tổng hợp Quảng Bình,Tổng hợp,In-scope Quảng Bình,Informational,50,N/A,N/A,N/A,Planner (Thấp),data/google_planner/quang-binh/Keyword Stats 2026-02-23 at 00_37_49.csv,Viết guide/review; ưu tiên long-tail; tạo topic hub và internal link về trang dịch vụ,B,50.0,0%,0
hang động lớn nhất ở quảng bình,Tổng hợp Quảng Bình,Tổng hợp,In-scope Quảng Bình,Informational,50,N/A,N/A,N/A,Planner (Không xác định),data/google_planner/quang-binh/Keyword Stats 2026-02-23 at 00_37_49.csv,Viết guide/review; ưu tiên long-tail; tạo topic hub và internal link về trang dịch vụ,B,50.0,-100.0%,0
hang động sơn đoòng quảng bình,Tổng hợp Quảng Bình,Tổng hợp,In-scope Quảng Bình,Informational,50,N/A,N/A,N/A,Planner (Thấp),data/google_planner/quang-binh/Keyword Stats 2026-02-23 at 00_37_49.csv,Viết guide/review; ưu tiên long-tail; tạo topic hub và internal link về trang dịch vụ,B,50.0,0%,0
hang động ở quảng bình,Tổng hợp Quảng Bình,Tổng hợp,In-scope Quảng Bình,Informational,50,N/A,N/A,N/A,Planner (Thấp),data/google_planner/quang-binh/Keyword Stats 2026-02-23 at 00_37_49.csv,Viết guide/review; ưu tiên long-tail; tạo topic hub và internal link về trang dịch vụ,B,50.0,0%,0
hướng dẫn du lịch quảng bình,Tổng hợp Quảng Bình,Tổng hợp,In-scope Quảng Bình,Informational,50,N/A,N/A,N/A,Planner (Cao),data/google_planner/quang-binh/Keyword Stats 2026-02-23 at 00_37_49.csv,Viết guide/review; ưu tiên long-tail; tạo topic hub và internal link về trang dịch vụ,B,50.0,0%,0
ivivu quảng bình,Tổng hợp Quảng Bình,Tổng hợp,In-scope Quảng Bình,Informational,50,N/A,N/A,N/A,Planner (Không xác định),data/google_planner/quang-binh/Keyword Stats 2026-02-23 at 00_37_49.csv,Viết guide/review; ưu tiên long-tail; tạo topic hub và internal link về trang dịch vụ,B,50.0,0%,0
jungle boss quang binh,Tổng hợp Quảng Bình,Tổng hợp,In-scope Quảng Bình,Informational,50,N/A,N/A,N/A,Planner (Cao),data/google_planner/quang-binh/Keyword Stats 2026-02-23 at 00_37_49.csv,Viết guide/review; ưu tiên long-tail; tạo topic hub và internal link về trang dịch vụ,B,50.0,0%,0
khu du lịch ở quảng bình,Tổng hợp Quảng Bình,Tổng hợp,In-scope Quảng Bình,Informational,50,N/A,N/A,N/A,Planner (Thấp),data/google_planner/quang-binh/Keyword Stats 2026-02-23 at 00_37_49.csv,Viết guide/review; ưu tiên long-tail; tạo topic hub và internal link về trang dịch vụ,B,50.0,0%,0
khu du lịch mới ở quảng bình,Tổng hợp Quảng Bình,Tổng hợp,In-scope Quảng Bình,Informational,50,N/A,N/A,N/A,Planner (Không xác định),data/google_planner/quang-binh/Keyword Stats 2026-02-23 at 00_37_49.csv,Viết guide/review; ưu tiên long-tail; tạo topic hub và internal link về trang dịch vụ,B,50.0,-100.0%,0
khu du lịch ozo quảng bình,Tổng hợp Quảng Bình,Tổng hợp,In-scope Quảng Bình,Informational,50,N/A,N/A,N/A,Planner (Thấp),data/google_planner/quang-binh/Keyword Stats 2026-02-23 at 00_37_49.csv,Viết guide/review; ưu tiên long-tail; tạo topic hub và internal link về trang dịch vụ,B,50.0,0%,0
khu du lịch sinh thái ozo park quảng bình,Tổng hợp Quảng Bình,Tổng hợp,In-scope Quảng Bình,Informational,50,N/A,N/A,N/A,Planner (Thấp),data/google_planner/quang-binh/Keyword Stats 2026-02-23 at 00_37_49.csv,Viết guide/review; ưu tiên long-tail; tạo topic hub và internal link về trang dịch vụ,B,50.0,0%,0
khu du lịch sinh thái ozo quảng bình,Tổng hợp Quảng Bình,Tổng hợp,In-scope Quảng Bình,Informational,50,N/A,N/A,N/A,Planner (Thấp),data/google_planner/quang-binh/Keyword Stats 2026-02-23 at 00_37_49.csv,Viết guide/review; ưu tiên long-tail; tạo topic hub và internal link về trang dịch vụ,B,50.0,0%,0
khu du lịch sinh thái quảng bình,Tổng hợp Quảng Bình,Tổng hợp,In-scope Quảng Bình,Informational,50,N/A,N/A,N/A,Planner (Thấp),data/google_planner/quang-binh/Keyword Stats 2026-02-23 at 00_37_49.csv,Viết guide/review; ưu tiên long-tail; tạo topic hub và internal link về trang dịch vụ,B,50.0,0%,0
khu du lịch sinh thái suối đá quảng bình,Tổng hợp Quảng Bình,Tổng hợp,In-scope Quảng Bình,Informational,50,N/A,N/A,N/A,Planner (Thấp),data/google_planner/quang-binh/Keyword Stats 2026-02-23 at 00_37_49.csv,Viết guide/review; ưu tiên long-tail; tạo topic hub và internal link về trang dịch vụ,B,50.0,0%,0
khu du lịch suối nước mooc quảng bình,Tổng hợp Quảng Bình,Tổng hợp,In-scope Quảng Bình,Informational,50,N/A,N/A,N/A,Planner (Thấp),data/google_planner/quang-binh/Keyword Stats 2026-02-23 at 00_37_49.csv,Viết guide/review; ưu tiên long-tail; tạo topic hub và internal link về trang dịch vụ,B,50.0,0%,0
khu du lịch suối đá quảng bình,Tổng hợp Quảng Bình,Tổng hợp,In-scope Quảng Bình,Informational,50,N/A,N/A,N/A,Planner (Thấp),data/google_planner/quang-binh/Keyword Stats 2026-02-23 at 00_37_49.csv,Viết guide/review; ưu tiên long-tail; tạo topic hub và internal link về trang dịch vụ,B,50.0,0%,0
khu du lịch đá nhảy quảng bình,Tổng hợp Quảng Bình,Tổng hợp,In-scope Quảng Bình,Informational,50,N/A,N/A,N/A,Planner (Thấp),data/google_planner/quang-binh/Keyword Stats 2026-02-23 at 00_37_49.csv,Viết guide/review; ưu tiên long-tail; tạo topic hub và internal link về trang dịch vụ,B,50.0,0%,0
khu du lịch đồng hới,Tổng hợp Quảng Bình,Tổng hợp,In-scope Quảng Bình,Informational,50,N/A,N/A,N/A,Planner (Thấp),data/google_planner/quang-binh/Keyword Stats 2026-02-23 at 00_37_49.csv,Viết guide/review; ưu tiên long-tail; tạo topic hub và internal link về trang dịch vụ,B,50.0,0%,0
khu nghỉ dưỡng hải đăng quảng bình,Tổng hợp Quảng Bình,Tổng hợp,In-scope Quảng Bình,Informational,50,N/A,N/A,N/A,Planner (Không xác định),data/google_planner/quang-binh/Keyword Stats 2026-02-23 at 00_37_49.csv,Viết guide/review; ưu tiên long-tail; tạo topic hub và internal link về trang dịch vụ,B,50.0,-100.0%,0
khu nghỉ dưỡng quảng bình,Tổng hợp Quảng Bình,Tổng hợp,In-scope Quảng Bình,Informational,50,N/A,N/A,N/A,Planner (Cao),data/google_planner/quang-binh/Keyword Stats 2026-02-23 at 00_37_49.csv,Viết guide/review; ưu tiên long-tail; tạo topic hub và internal link về trang dịch vụ,B,50.0,0%,0
khu sinh thái ozo quảng bình,Tổng hợp Quảng Bình,Tổng hợp,In-scope Quảng Bình,Informational,50,N/A,N/A,N/A,Planner (Thấp),data/google_planner/quang-binh/Keyword Stats 2026-02-23 at 00_37_49.csv,Viết guide/review; ưu tiên long-tail; tạo topic hub và internal link về trang dịch vụ,B,50.0,0%,0
ks anh linh 2 quảng bình,Tổng hợp Quảng Bình,Tổng hợp,In-scope Quảng Bình,Informational,50,N/A,N/A,N/A,Planner (Cao),data/google_planner/quang-binh/Keyword Stats 2026-02-23 at 00_37_49.csv,Viết guide/review; ưu tiên long-tail; tạo topic hub và internal link về trang dịch vụ,B,50.0,0%,0
ks ban mai quang binh,Tổng hợp Quảng Bình,Tổng hợp,In-scope Quảng Bình,Informational,50,N/A,N/A,N/A,Planner (Không xác định),data/google_planner/quang-binh/Keyword Stats 2026-02-23 at 00_37_49.csv,Viết guide/review; ưu tiên long-tail; tạo topic hub và internal link về trang dịch vụ,B,50.0,0%,0
ks cao minh quảng bình,Tổng hợp Quảng Bình,Tổng hợp,In-scope Quảng Bình,Informational,50,N/A,N/A,N/A,Planner (Không xác định),data/google_planner/quang-binh/Keyword Stats 2026-02-23 at 00_37_49.csv,Viết guide/review; ưu tiên long-tail; tạo topic hub và internal link về trang dịch vụ,B,50.0,-100.0%,0
ks duy tân quảng bình,Tổng hợp Quảng Bình,Tổng hợp,In-scope Quảng Bình,Informational,50,N/A,N/A,N/A,Planner (Trung bình),data/google_planner/quang-binh/Keyword Stats 2026-02-23 at 00_37_49.csv,Viết guide/review; ưu tiên long-tail; tạo topic hub và internal link về trang dịch vụ,B,50.0,0%,0
ks gold coast quảng bình,Tổng hợp Quảng Bình,Tổng hợp,In-scope Quảng Bình,Informational,50,N/A,N/A,N/A,Planner (Trung bình),data/google_planner/quang-binh/Keyword Stats 2026-02-23 at 00_37_49.csv,Viết guide/review; ưu tiên long-tail; tạo topic hub và internal link về trang dịch vụ,B,50.0,0%,0
ks hữu nghị quảng bình,Tổng hợp Quảng Bình,Tổng hợp,In-scope Quảng Bình,Informational,50,N/A,N/A,N/A,Planner (Không xác định),data/google_planner/quang-binh/Keyword Stats 2026-02-23 at 00_37_49.csv,Viết guide/review; ưu tiên long-tail; tạo topic hub và internal link về trang dịch vụ,B,50.0,-100.0%,0
ks ngân hà quảng bình,Tổng hợp Quảng Bình,Tổng hợp,In-scope Quảng Bình,Informational,50,N/A,N/A,N/A,Planner (Không xác định),data/google_planner/quang-binh/Keyword Stats 2026-02-23 at 00_37_49.csv,Viết guide/review; ưu tiên long-tail; tạo topic hub và internal link về trang dịch vụ,B,50.0,-100.0%,0
ks osaka quảng bình,Tổng hợp Quảng Bình,Tổng hợp,In-scope Quảng Bình,Informational,50,N/A,N/A,N/A,Planner (Thấp),data/google_planner/quang-binh/Keyword Stats 2026-02-23 at 00_37_49.csv,Viết guide/review; ưu tiên long-tail; tạo topic hub và internal link về trang dịch vụ,B,50.0,0%,0
ks phú cường quảng bình,Tổng hợp Quảng Bình,Tổng hợp,In-scope Quảng Bình,Informational,50,N/A,N/A,N/A,Planner (Không xác định),data/google_planner/quang-binh/Keyword Stats 2026-02-23 at 00_37_49.csv,Viết guide/review; ưu tiên long-tail; tạo topic hub và internal link về trang dịch vụ,B,50.0,-100.0%,0
ks riverside quảng bình,Tổng hợp Quảng Bình,Tổng hợp,In-scope Quảng Bình,Informational,50,N/A,N/A,N/A,Planner (Trung bình),data/google_planner/quang-binh/Keyword Stats 2026-02-23 at 00_37_49.csv,Viết guide/review; ưu tiên long-tail; tạo topic hub và internal link về trang dịch vụ,B,50.0,0%,0
ks royal quảng bình,Tổng hợp Quảng Bình,Tổng hợp,In-scope Quảng Bình,Informational,50,N/A,N/A,N/A,Planner (Thấp),data/google_planner/quang-binh/Keyword Stats 2026-02-23 at 00_37_49.csv,Viết guide/review; ưu tiên long-tail; tạo topic hub và internal link về trang dịch vụ,B,50.0,0%,0
ks thiên đường quảng bình,Tổng hợp Quảng Bình,Tổng hợp,In-scope Quảng Bình,Informational,50,N/A,N/A,N/A,Planner (Trung bình),data/google_planner/quang-binh/Keyword Stats 2026-02-23 at 00_37_49.csv,Viết guide/review; ưu tiên long-tail; tạo topic hub và internal link về trang dịch vụ,B,50.0,0%,0
ks vinpearl quảng bình,Tổng hợp Quảng Bình,Tổng hợp,In-scope Quảng Bình,Informational,50,N/A,N/A,N/A,Planner (Cao),data/google_planner/quang-binh/Keyword Stats 2026-02-23 at 00_37_49.csv,Viết guide/review; ưu tiên long-tail; tạo topic hub và internal link về trang dịch vụ,B,50.0,0%,0
làng bích họa quảng bình,Tổng hợp Quảng Bình,Tổng hợp,In-scope Quảng Bình,Informational,50,N/A,N/A,N/A,Planner (Thấp),data/google_planner/quang-binh/Keyword Stats 2026-02-23 at 00_37_49.csv,Viết guide/review; ưu tiên long-tail; tạo topic hub và internal link về trang dịch vụ,B,50.0,0%,0
lịch trình du lịch quảng bình,Tổng hợp Quảng Bình,Tổng hợp,In-scope Quảng Bình,Informational,50,N/A,N/A,N/A,Planner (Thấp),data/google_planner/quang-binh/Keyword Stats 2026-02-23 at 00_37_49.csv,Viết guide/review; ưu tiên long-tail; tạo topic hub và internal link về trang dịch vụ,B,50.0,0%,0
lịch trình du lịch quảng bình 3 ngày 2 đêm,Tổng hợp Quảng Bình,Tổng hợp,In-scope Quảng Bình,Informational,50,N/A,N/A,N/A,Planner (Thấp),data/google_planner/quang-binh/Keyword Stats 2026-02-23 at 00_37_49.csv,Viết guide/review; ưu tiên long-tail; tạo topic hub và internal link về trang dịch vụ,B,50.0,0%,0
lịch trình du lịch quảng bình 4 ngày 3 đêm,Tổng hợp Quảng Bình,Tổng hợp,In-scope Quảng Bình,Informational,50,N/A,N/A,N/A,Planner (Không xác định),data/google_planner/quang-binh/Keyword Stats 2026-02-23 at 00_37_49.csv,Viết guide/review; ưu tiên long-tail; tạo topic hub và internal link về trang dịch vụ,B,50.0,0%,0
lịch trình quảng bình,Tổng hợp Quảng Bình,Tổng hợp,In-scope Quảng Bình,Informational,50,N/A,N/A,N/A,Planner (Thấp),data/google_planner/quang-binh/Keyword Stats 2026-02-23 at 00_37_49.csv,Viết guide/review; ưu tiên long-tail; tạo topic hub và internal link về trang dịch vụ,B,50.0,0%,0
lịch trình quảng bình 4 ngày 3 đêm,Tổng hợp Quảng Bình,Tổng hợp,In-scope Quảng Bình,Informational,50,N/A,N/A,N/A,Planner (Thấp),data/google_planner/quang-binh/Keyword Stats 2026-02-23 at 00_37_49.csv,Viết guide/review; ưu tiên long-tail; tạo topic hub và internal link về trang dịch vụ,B,50.0,0%,0
lịch trình đi quảng bình,Tổng hợp Quảng Bình,Tổng hợp,In-scope Quảng Bình,Informational,50,N/A,N/A,N/A,Planner (Thấp),data/google_planner/quang-binh/Keyword Stats 2026-02-23 at 00_37_49.csv,Viết guide/review; ưu tiên long-tail; tạo topic hub và internal link về trang dịch vụ,B,50.0,0%,0
lịch trình đi quảng bình 3 ngày 2 đêm,Tổng hợp Quảng Bình,Tổng hợp,In-scope Quảng Bình,Informational,50,N/A,N/A,N/A,Planner (Thấp),data/google_planner/quang-binh/Keyword Stats 2026-02-23 at 00_37_49.csv,Viết guide/review; ưu tiên long-tail; tạo topic hub và internal link về trang dịch vụ,B,50.0,0%,0
movenpick quảng bình,Tổng hợp Quảng Bình,Tổng hợp,In-scope Quảng Bình,Informational,50,N/A,N/A,N/A,Planner (Thấp),data/google_planner/quang-binh/Keyword Stats 2026-02-23 at 00_37_49.csv,Viết guide/review; ưu tiên long-tail; tạo topic hub và internal link về trang dịch vụ,B,50.0,0%,0
muong thanh quang binh dong hoi,Tổng hợp Quảng Bình,Tổng hợp,In-scope Quảng Bình,Informational,50,N/A,N/A,N/A,Planner (Không xác định),data/google_planner/quang-binh/Keyword Stats 2026-02-23 at 00_37_49.csv,Viết guide/review; ưu tiên long-tail; tạo topic hub và internal link về trang dịch vụ,B,50.0,0%,0
mường thanh 4 sao quảng bình,Tổng hợp Quảng Bình,Tổng hợp,In-scope Quảng Bình,Informational,50,N/A,N/A,N/A,Planner (Thấp),data/google_planner/quang-binh/Keyword Stats 2026-02-23 at 00_37_49.csv,Viết guide/review; ưu tiên long-tail; tạo topic hub và internal link về trang dịch vụ,B,50.0,0%,0
mường thanh 5 sao quảng bình,Tổng hợp Quảng Bình,Tổng hợp,In-scope Quảng Bình,Informational,50,N/A,N/A,N/A,Planner (Thấp),data/google_planner/quang-binh/Keyword Stats 2026-02-23 at 00_37_49.csv,Viết guide/review; ưu tiên long-tail; tạo topic hub và internal link về trang dịch vụ,B,50.0,0%,0
mường thanh quảng bình 4 sao,Tổng hợp Quảng Bình,Tổng hợp,In-scope Quảng Bình,Informational,50,N/A,N/A,N/A,Planner (Thấp),data/google_planner/quang-binh/Keyword Stats 2026-02-23 at 00_37_49.csv,Viết guide/review; ưu tiên long-tail; tạo topic hub và internal link về trang dịch vụ,B,50.0,0%,0
nghỉ dưỡng ở quảng bình,Tổng hợp Quảng Bình,Tổng hợp,In-scope Quảng Bình,Informational,50,N/A,N/A,N/A,Planner (Không xác định),data/google_planner/quang-binh/Keyword Stats 2026-02-23 at 00_37_49.csv,Viết guide/review; ưu tiên long-tail; tạo topic hub và internal link về trang dịch vụ,B,50.0,-100.0%,0
nhung diem du lich quang binh,Tổng hợp Quảng Bình,Tổng hợp,In-scope Quảng Bình,Informational,50,N/A,N/A,N/A,Planner (Không xác định),data/google_planner/quang-binh/Keyword Stats 2026-02-23 at 00_37_49.csv,Viết guide/review; ưu tiên long-tail; tạo topic hub và internal link về trang dịch vụ,B,50.0,-100.0%,0
những cảnh đẹp ở quảng bình,Tổng hợp Quảng Bình,Tổng hợp,In-scope Quảng Bình,Informational,50,N/A,N/A,N/A,Planner (Thấp),data/google_planner/quang-binh/Keyword Stats 2026-02-23 at 00_37_49.csv,Viết guide/review; ưu tiên long-tail; tạo topic hub và internal link về trang dịch vụ,B,50.0,0%,0
những khu du lịch ở quảng bình,Tổng hợp Quảng Bình,Tổng hợp,In-scope Quảng Bình,Informational,50,N/A,N/A,N/A,Planner (Thấp),data/google_planner/quang-binh/Keyword Stats 2026-02-23 at 00_37_49.csv,Viết guide/review; ưu tiên long-tail; tạo topic hub và internal link về trang dịch vụ,B,50.0,0%,0
những điểm du lịch nổi tiếng ở quảng bình,Tổng hợp Quảng Bình,Tổng hợp,In-scope Quảng Bình,Informational,50,N/A,N/A,N/A,Planner (Thấp),data/google_planner/quang-binh/Keyword Stats 2026-02-23 at 00_37_49.csv,Viết guide/review; ưu tiên long-tail; tạo topic hub và internal link về trang dịch vụ,B,50.0,0%,0
những điểm du lịch quảng bình,Tổng hợp Quảng Bình,Tổng hợp,In-scope Quảng Bình,Informational,50,N/A,N/A,N/A,Planner (Thấp),data/google_planner/quang-binh/Keyword Stats 2026-02-23 at 00_37_49.csv,Viết guide/review; ưu tiên long-tail; tạo topic hub và internal link về trang dịch vụ,B,50.0,0%,0
những điểm du lịch tại quảng bình,Tổng hợp Quảng Bình,Tổng hợp,In-scope Quảng Bình,Informational,50,N/A,N/A,N/A,Planner (Thấp),data/google_planner/quang-binh/Keyword Stats 2026-02-23 at 00_37_49.csv,Viết guide/review; ưu tiên long-tail; tạo topic hub và internal link về trang dịch vụ,B,50.0,0%,0
những điểm du lịch đẹp ở quảng bình,Tổng hợp Quảng Bình,Tổng hợp,In-scope Quảng Bình,Informational,50,N/A,N/A,N/A,Planner (Không xác định),data/google_planner/quang-binh/Keyword Stats 2026-02-23 at 00_37_49.csv,Viết guide/review; ưu tiên long-tail; tạo topic hub và internal link về trang dịch vụ,B,50.0,-100.0%,0
những điểm du lịch ở đồng hới,Tổng hợp Quảng Bình,Tổng hợp,In-scope Quảng Bình,Informational,50,N/A,N/A,N/A,Planner (Thấp),data/google_planner/quang-binh/Keyword Stats 2026-02-23 at 00_37_49.csv,Viết guide/review; ưu tiên long-tail; tạo topic hub và internal link về trang dịch vụ,B,50.0,0%,0
những điểm nên đến ở quảng bình,Tổng hợp Quảng Bình,Tổng hợp,In-scope Quảng Bình,Informational,50,N/A,N/A,N/A,Planner (Thấp),data/google_planner/quang-binh/Keyword Stats 2026-02-23 at 00_37_49.csv,Viết guide/review; ưu tiên long-tail; tạo topic hub và internal link về trang dịch vụ,B,50.0,0%,0
những điểm tham quan ở quảng bình,Tổng hợp Quảng Bình,Tổng hợp,In-scope Quảng Bình,Informational,50,N/A,N/A,N/A,Planner (Thấp),data/google_planner/quang-binh/Keyword Stats 2026-02-23 at 00_37_49.csv,Viết guide/review; ưu tiên long-tail; tạo topic hub và internal link về trang dịch vụ,B,50.0,0%,0
những điểm vui chơi ở quảng bình,Tổng hợp Quảng Bình,Tổng hợp,In-scope Quảng Bình,Informational,50,N/A,N/A,N/A,Planner (Cao),data/google_planner/quang-binh/Keyword Stats 2026-02-23 at 00_37_49.csv,Viết guide/review; ưu tiên long-tail; tạo topic hub và internal link về trang dịch vụ,B,50.0,0%,0
những địa điểm chơi ở quảng bình,Tổng hợp Quảng Bình,Tổng hợp,In-scope Quảng Bình,Informational,50,N/A,N/A,N/A,Planner (Trung bình),data/google_planner/quang-binh/Keyword Stats 2026-02-23 at 00_37_49.csv,Viết guide/review; ưu tiên long-tail; tạo topic hub và internal link về trang dịch vụ,B,50.0,0%,0
những địa điểm chụp hình đẹp ở quảng bình,Tổng hợp Quảng Bình,Tổng hợp,In-scope Quảng Bình,Informational,50,N/A,N/A,N/A,Planner (Không xác định),data/google_planner/quang-binh/Keyword Stats 2026-02-23 at 00_37_49.csv,Viết guide/review; ưu tiên long-tail; tạo topic hub và internal link về trang dịch vụ,B,50.0,0%,0
những địa điểm chụp ảnh đẹp ở đồng hới,Tổng hợp Quảng Bình,Tổng hợp,In-scope Quảng Bình,Informational,50,N/A,N/A,N/A,Planner (Thấp),data/google_planner/quang-binh/Keyword Stats 2026-02-23 at 00_37_49.csv,Viết guide/review; ưu tiên long-tail; tạo topic hub và internal link về trang dịch vụ,B,50.0,0%,0
những địa điểm du lịch quảng bình,Tổng hợp Quảng Bình,Tổng hợp,In-scope Quảng Bình,Informational,50,N/A,N/A,N/A,Planner (Thấp),data/google_planner/quang-binh/Keyword Stats 2026-02-23 at 00_37_49.csv,Viết guide/review; ưu tiên long-tail; tạo topic hub và internal link về trang dịch vụ,B,50.0,0%,0
những địa điểm du lịch tại quảng bình,Tổng hợp Quảng Bình,Tổng hợp,In-scope Quảng Bình,Informational,50,N/A,N/A,N/A,Planner (Thấp),data/google_planner/quang-binh/Keyword Stats 2026-02-23 at 00_37_49.csv,Viết guide/review; ưu tiên long-tail; tạo topic hub và internal link về trang dịch vụ,B,50.0,0%,0
những địa điểm du lịch ở quảng bình,Tổng hợp Quảng Bình,Tổng hợp,In-scope Quảng Bình,Informational,50,N/A,N/A,N/A,Planner (Thấp),data/google_planner/quang-binh/Keyword Stats 2026-02-23 at 00_37_49.csv,Viết guide/review; ưu tiên long-tail; tạo topic hub và internal link về trang dịch vụ,B,50.0,0%,0
những địa điểm nổi tiếng ở quảng bình,Tổng hợp Quảng Bình,Tổng hợp,In-scope Quảng Bình,Informational,50,N/A,N/A,N/A,Planner (Thấp),data/google_planner/quang-binh/Keyword Stats 2026-02-23 at 00_37_49.csv,Viết guide/review; ưu tiên long-tail; tạo topic hub và internal link về trang dịch vụ,B,50.0,0%,0
những địa điểm vui chơi ở quảng bình,Tổng hợp Quảng Bình,Tổng hợp,In-scope Quảng Bình,Informational,50,N/A,N/A,N/A,Planner (Thấp),data/google_planner/quang-binh/Keyword Stats 2026-02-23 at 00_37_49.csv,Viết guide/review; ưu tiên long-tail; tạo topic hub và internal link về trang dịch vụ,B,50.0,0%,0
những địa điểm đi chơi ở quảng bình,Tổng hợp Quảng Bình,Tổng hợp,In-scope Quảng Bình,Informational,50,N/A,N/A,N/A,Planner (Không xác định),data/google_planner/quang-binh/Keyword Stats 2026-02-23 at 00_37_49.csv,Viết guide/review; ưu tiên long-tail; tạo topic hub và internal link về trang dịch vụ,B,50.0,-100.0%,0
những địa điểm đẹp ở lệ thủy quảng bình,Tổng hợp Quảng Bình,Tổng hợp,In-scope Quảng Bình,Informational,50,N/A,N/A,N/A,Planner (Thấp),data/google_planner/quang-binh/Keyword Stats 2026-02-23 at 00_37_49.csv,Viết guide/review; ưu tiên long-tail; tạo topic hub và internal link về trang dịch vụ,B,50.0,0%,0
những địa điểm đẹp ở quảng bình,Tổng hợp Quảng Bình,Tổng hợp,In-scope Quảng Bình,Informational,50,N/A,N/A,N/A,Planner (Thấp),data/google_planner/quang-binh/Keyword Stats 2026-02-23 at 00_37_49.csv,Viết guide/review; ưu tiên long-tail; tạo topic hub và internal link về trang dịch vụ,B,50.0,0%,0
novotel quảng bình,Tổng hợp Quảng Bình,Tổng hợp,In-scope Quảng Bình,Informational,50,N/A,N/A,N/A,Planner (Trung bình),data/google_planner/quang-binh/Keyword Stats 2026-02-23 at 00_37_49.csv,Viết guide/review; ưu tiên long-tail; tạo topic hub và internal link về trang dịch vụ,B,50.0,0%,0
oxalis quảng bình,Tổng hợp Quảng Bình,Tổng hợp,In-scope Quảng Bình,Informational,50,N/A,N/A,N/A,Planner (Thấp),data/google_planner/quang-binh/Keyword Stats 2026-02-23 at 00_37_49.csv,Viết guide/review; ưu tiên long-tail; tạo topic hub và internal link về trang dịch vụ,B,50.0,0%,0
pullman quảng bình,Tổng hợp Quảng Bình,Tổng hợp,In-scope Quảng Bình,Informational,50,N/A,N/A,N/A,Planner (Thấp),data/google_planner/quang-binh/Keyword Stats 2026-02-23 at 00_37_49.csv,Viết guide/review; ưu tiên long-tail; tạo topic hub và internal link về trang dịch vụ,B,50.0,0%,0
qb casa quảng bình,Tổng hợp Quảng Bình,Tổng hợp,In-scope Quảng Bình,Informational,50,N/A,N/A,N/A,Planner (Không xác định),data/google_planner/quang-binh/Keyword Stats 2026-02-23 at 00_37_49.csv,Viết guide/review; ưu tiên long-tail; tạo topic hub và internal link về trang dịch vụ,B,50.0,-100.0%,0
quang binh co gi dep,Tổng hợp Quảng Bình,Tổng hợp,In-scope Quảng Bình,Informational,50,N/A,N/A,N/A,Planner (Không xác định),data/google_planner/quang-binh/Keyword Stats 2026-02-23 at 00_37_49.csv,Viết guide/review; ưu tiên long-tail; tạo topic hub và internal link về trang dịch vụ,B,50.0,-100.0%,0
quảng bình 2 ngày 1 đêm,Tổng hợp Quảng Bình,Tổng hợp,In-scope Quảng Bình,Informational,50,N/A,N/A,N/A,Planner (Thấp),data/google_planner/quang-binh/Keyword Stats 2026-02-23 at 00_37_49.csv,Viết guide/review; ưu tiên long-tail; tạo topic hub và internal link về trang dịch vụ,B,50.0,0%,0
quảng bình 3 ngày 2 đêm,Tổng hợp Quảng Bình,Tổng hợp,In-scope Quảng Bình,Informational,50,N/A,N/A,N/A,Planner (Thấp),data/google_planner/quang-binh/Keyword Stats 2026-02-23 at 00_37_49.csv,Viết guide/review; ưu tiên long-tail; tạo topic hub và internal link về trang dịch vụ,B,50.0,0%,0
quảng bình 4 ngày 3 đêm,Tổng hợp Quảng Bình,Tổng hợp,In-scope Quảng Bình,Informational,50,N/A,N/A,N/A,Planner (Thấp),data/google_planner/quang-binh/Keyword Stats 2026-02-23 at 00_37_49.csv,Viết guide/review; ưu tiên long-tail; tạo topic hub và internal link về trang dịch vụ,B,50.0,0%,0
quảng bình có những điểm du lịch nào,Tổng hợp Quảng Bình,Tổng hợp,In-scope Quảng Bình,Informational,50,N/A,N/A,N/A,Planner (Thấp),data/google_planner/quang-binh/Keyword Stats 2026-02-23 at 00_37_49.csv,Viết guide/review; ưu tiên long-tail; tạo topic hub và internal link về trang dịch vụ,B,50.0,0%,0
quảng bình có những địa điểm du lịch nào,Tổng hợp Quảng Bình,Tổng hợp,In-scope Quảng Bình,Informational,50,N/A,N/A,N/A,Planner (Thấp),data/google_planner/quang-binh/Keyword Stats 2026-02-23 at 00_37_49.csv,Viết guide/review; ưu tiên long-tail; tạo topic hub và internal link về trang dịch vụ,B,50.0,0%,0
quảng bình có địa điểm du lịch nào,Tổng hợp Quảng Bình,Tổng hợp,In-scope Quảng Bình,Informational,50,N/A,N/A,N/A,Planner (Thấp),data/google_planner/quang-binh/Keyword Stats 2026-02-23 at 00_37_49.csv,Viết guide/review; ưu tiên long-tail; tạo topic hub và internal link về trang dịch vụ,B,50.0,0%,0
quảng bình hang tối,Tổng hợp Quảng Bình,Tổng hợp,In-scope Quảng Bình,Informational,50,N/A,N/A,N/A,Planner (Thấp),data/google_planner/quang-binh/Keyword Stats 2026-02-23 at 00_37_49.csv,Viết guide/review; ưu tiên long-tail; tạo topic hub và internal link về trang dịch vụ,B,50.0,0%,0
quảng bình ivivu,Tổng hợp Quảng Bình,Tổng hợp,In-scope Quảng Bình,Informational,50,N/A,N/A,N/A,Planner (Không xác định),data/google_planner/quang-binh/Keyword Stats 2026-02-23 at 00_37_49.csv,Viết guide/review; ưu tiên long-tail; tạo topic hub và internal link về trang dịch vụ,B,50.0,0%,0
quảng bình khu du lịch,Tổng hợp Quảng Bình,Tổng hợp,In-scope Quảng Bình,Informational,50,N/A,N/A,N/A,Planner (Thấp),data/google_planner/quang-binh/Keyword Stats 2026-02-23 at 00_37_49.csv,Viết guide/review; ưu tiên long-tail; tạo topic hub và internal link về trang dịch vụ,B,50.0,0%,0
quảng bình trip,Tổng hợp Quảng Bình,Tổng hợp,In-scope Quảng Bình,Informational,50,N/A,N/A,N/A,Planner (Thấp),data/google_planner/quang-binh/Keyword Stats 2026-02-23 at 00_37_49.csv,Viết guide/review; ưu tiên long-tail; tạo topic hub và internal link về trang dịch vụ,B,50.0,0%,0
quảng bình vinpearl,Tổng hợp Quảng Bình,Tổng hợp,In-scope Quảng Bình,Informational,50,N/A,N/A,N/A,Planner (Không xác định),data/google_planner/quang-binh/Keyword Stats 2026-02-23 at 00_37_49.csv,Viết guide/review; ưu tiên long-tail; tạo topic hub và internal link về trang dịch vụ,B,50.0,-100.0%,0
quảng bình địa điểm du lịch,Tổng hợp Quảng Bình,Tổng hợp,In-scope Quảng Bình,Informational,50,N/A,N/A,N/A,Planner (Thấp),data/google_planner/quang-binh/Keyword Stats 2026-02-23 at 00_37_49.csv,Viết guide/review; ưu tiên long-tail; tạo topic hub và internal link về trang dịch vụ,B,50.0,0%,0
quảng bình động thiên đường,Tổng hợp Quảng Bình,Tổng hợp,In-scope Quảng Bình,Informational,50,N/A,N/A,N/A,Planner (Trung bình),data/google_planner/quang-binh/Keyword Stats 2026-02-23 at 00_37_49.csv,Viết guide/review; ưu tiên long-tail; tạo topic hub và internal link về trang dịch vụ,B,50.0,0%,0
sea star quang binh,Tổng hợp Quảng Bình,Tổng hợp,In-scope Quảng Bình,Informational,50,N/A,N/A,N/A,Planner (Thấp),data/google_planner/quang-binh/Keyword Stats 2026-02-23 at 00_37_49.csv,Viết guide/review; ưu tiên long-tail; tạo topic hub và internal link về trang dịch vụ,B,50.0,0%,0
serena quảng bình,Tổng hợp Quảng Bình,Tổng hợp,In-scope Quảng Bình,Informational,50,N/A,N/A,N/A,Planner (Thấp),data/google_planner/quang-binh/Keyword Stats 2026-02-23 at 00_37_49.csv,Viết guide/review; ưu tiên long-tail; tạo topic hub và internal link về trang dịch vụ,B,50.0,0%,0
sở du lịch quảng bình,Tổng hợp Quảng Bình,Tổng hợp,In-scope Quảng Bình,Informational,50,N/A,N/A,N/A,Planner (Thấp),data/google_planner/quang-binh/Keyword Stats 2026-02-23 at 00_37_49.csv,Viết guide/review; ưu tiên long-tail; tạo topic hub và internal link về trang dịch vụ,B,50.0,-90.0%,0
sun spa quảng bình ivivu,Tổng hợp Quảng Bình,Tổng hợp,In-scope Quảng Bình,Informational,50,N/A,N/A,N/A,Planner (Trung bình),data/google_planner/quang-binh/Keyword Stats 2026-02-23 at 00_37_49.csv,Viết guide/review; ưu tiên long-tail; tạo topic hub và internal link về trang dịch vụ,B,50.0,0%,0
suoi da quang binh,Tổng hợp Quảng Bình,Tổng hợp,In-scope Quảng Bình,Informational,50,N/A,N/A,N/A,Planner (Không xác định),data/google_planner/quang-binh/Keyword Stats 2026-02-23 at 00_37_49.csv,Viết guide/review; ưu tiên long-tail; tạo topic hub và internal link về trang dịch vụ,B,50.0,0%,0
suối bang lệ thủy,Tổng hợp Quảng Bình,Tổng hợp,In-scope Quảng Bình,Informational,50,N/A,N/A,N/A,Planner (Thấp),data/google_planner/quang-binh/Keyword Stats 2026-02-23 at 00_37_49.csv,Viết guide/review; ưu tiên long-tail; tạo topic hub và internal link về trang dịch vụ,B,50.0,0%,0
suối nước moọc ở quảng bình,Tổng hợp Quảng Bình,Tổng hợp,In-scope Quảng Bình,Informational,50,N/A,N/A,N/A,Planner (Thấp),data/google_planner/quang-binh/Keyword Stats 2026-02-23 at 00_37_49.csv,Viết guide/review; ưu tiên long-tail; tạo topic hub và internal link về trang dịch vụ,B,50.0,0%,0
suối ozo quảng bình,Tổng hợp Quảng Bình,Tổng hợp,In-scope Quảng Bình,Informational,50,N/A,N/A,N/A,Planner (Thấp),data/google_planner/quang-binh/Keyword Stats 2026-02-23 at 00_37_49.csv,Viết guide/review; ưu tiên long-tail; tạo topic hub và internal link về trang dịch vụ,B,50.0,0%,0
suối ở quảng bình,Tổng hợp Quảng Bình,Tổng hợp,In-scope Quảng Bình,Informational,50,N/A,N/A,N/A,Planner (Thấp),data/google_planner/quang-binh/Keyword Stats 2026-02-23 at 00_37_49.csv,Viết guide/review; ưu tiên long-tail; tạo topic hub và internal link về trang dịch vụ,B,50.0,0%,0
sơn đoòng quảng bình,Tổng hợp Quảng Bình,Tổng hợp,In-scope Quảng Bình,Informational,50,N/A,N/A,N/A,Planner (Thấp),data/google_planner/quang-binh/Keyword Stats 2026-02-23 at 00_37_49.csv,Viết guide/review; ưu tiên long-tail; tạo topic hub và internal link về trang dịch vụ,B,50.0,0%,0
sở du lịch tỉnh quảng bình,Tổng hợp Quảng Bình,Tổng hợp,In-scope Quảng Bình,Informational,50,N/A,N/A,N/A,Planner (Thấp),data/google_planner/quang-binh/Keyword Stats 2026-02-23 at 00_37_49.csv,Viết guide/review; ưu tiên long-tail; tạo topic hub và internal link về trang dịch vụ,B,50.0,0%,0
thiên cầm quảng bình,Tổng hợp Quảng Bình,Tổng hợp,In-scope Quảng Bình,Informational,50,N/A,N/A,N/A,Planner (Không xác định),data/google_planner/quang-binh/Keyword Stats 2026-02-23 at 00_37_49.csv,Viết guide/review; ưu tiên long-tail; tạo topic hub và internal link về trang dịch vụ,B,50.0,-100.0%,0
thiên đường quảng bình,Tổng hợp Quảng Bình,Tổng hợp,In-scope Quảng Bình,Informational,50,N/A,N/A,N/A,Planner (Thấp),data/google_planner/quang-binh/Keyword Stats 2026-02-23 at 00_37_49.csv,Viết guide/review; ưu tiên long-tail; tạo topic hub và internal link về trang dịch vụ,B,50.0,0%,0
thông tin du lịch quảng bình,Tổng hợp Quảng Bình,Tổng hợp,In-scope Quảng Bình,Informational,50,N/A,N/A,N/A,Planner (Thấp),data/google_planner/quang-binh/Keyword Stats 2026-02-23 at 00_37_49.csv,Viết guide/review; ưu tiên long-tail; tạo topic hub và internal link về trang dịch vụ,B,50.0,0%,0
trang phục du lịch quảng bình,Tổng hợp Quảng Bình,Tổng hợp,In-scope Quảng Bình,Informational,50,N/A,N/A,N/A,Planner (Không xác định),data/google_planner/quang-binh/Keyword Stats 2026-02-23 at 00_37_49.csv,Viết guide/review; ưu tiên long-tail; tạo topic hub và internal link về trang dịch vụ,B,50.0,-100.0%,0
trekking quang binh,Tổng hợp Quảng Bình,Tổng hợp,In-scope Quảng Bình,Informational,50,N/A,N/A,N/A,Planner (Thấp),data/google_planner/quang-binh/Keyword Stats 2026-02-23 at 00_37_49.csv,Viết guide/review; ưu tiên long-tail; tạo topic hub và internal link về trang dịch vụ,B,50.0,0%,0
tỉnh quảng bình có những địa điểm du lịch nào,Tổng hợp Quảng Bình,Tổng hợp,In-scope Quảng Bình,Informational,50,N/A,N/A,N/A,Planner (Thấp),data/google_planner/quang-binh/Keyword Stats 2026-02-23 at 00_37_49.csv,Viết guide/review; ưu tiên long-tail; tạo topic hub và internal link về trang dịch vụ,B,50.0,0%,0
vui chơi quảng bình,Tổng hợp Quảng Bình,Tổng hợp,In-scope Quảng Bình,Informational,50,N/A,N/A,N/A,Planner (Trung bình),data/google_planner/quang-binh/Keyword Stats 2026-02-23 at 00_37_49.csv,Viết guide/review; ưu tiên long-tail; tạo topic hub và internal link về trang dịch vụ,B,50.0,0%,0
wyndham quảng bình,Tổng hợp Quảng Bình,Tổng hợp,In-scope Quảng Bình,Informational,50,N/A,N/A,N/A,Planner (Thấp),data/google_planner/quang-binh/Keyword Stats 2026-02-23 at 00_37_49.csv,Viết guide/review; ưu tiên long-tail; tạo topic hub và internal link về trang dịch vụ,B,50.0,0%,0
đi chơi ở quảng bình,Tổng hợp Quảng Bình,Tổng hợp,In-scope Quảng Bình,Informational,50,N/A,N/A,N/A,Planner (Thấp),data/google_planner/quang-binh/Keyword Stats 2026-02-23 at 00_37_49.csv,Viết guide/review; ưu tiên long-tail; tạo topic hub và internal link về trang dịch vụ,B,50.0,0%,0
đi du lịch quảng bình,Tổng hợp Quảng Bình,Tổng hợp,In-scope Quảng Bình,Informational,50,N/A,N/A,N/A,Planner (Trung bình),data/google_planner/quang-binh/Keyword Stats 2026-02-23 at 00_37_49.csv,Viết guide/review; ưu tiên long-tail; tạo topic hub và internal link về trang dịch vụ,B,50.0,0%,0
đi du lịch quảng bình tự túc,Tổng hợp Quảng Bình,Tổng hợp,In-scope Quảng Bình,Informational,50,N/A,N/A,N/A,Planner (Không xác định),data/google_planner/quang-binh/Keyword Stats 2026-02-23 at 00_37_49.csv,Viết guide/review; ưu tiên long-tail; tạo topic hub và internal link về trang dịch vụ,B,50.0,-100.0%,0
đi quảng bình tự túc,Tổng hợp Quảng Bình,Tổng hợp,In-scope Quảng Bình,Informational,50,N/A,N/A,N/A,Planner (Thấp),data/google_planner/quang-binh/Keyword Stats 2026-02-23 at 00_37_49.csv,Viết guide/review; ưu tiên long-tail; tạo topic hub và internal link về trang dịch vụ,B,50.0,0%,0
điểm chơi ở quảng bình,Tổng hợp Quảng Bình,Tổng hợp,In-scope Quảng Bình,Informational,50,N/A,N/A,N/A,Planner (Thấp),data/google_planner/quang-binh/Keyword Stats 2026-02-23 at 00_37_49.csv,Viết guide/review; ưu tiên long-tail; tạo topic hub và internal link về trang dịch vụ,B,50.0,0%,0
điểm du lịch mới ở quảng bình,Tổng hợp Quảng Bình,Tổng hợp,In-scope Quảng Bình,Informational,50,N/A,N/A,N/A,Planner (Thấp),data/google_planner/quang-binh/Keyword Stats 2026-02-23 at 00_37_49.csv,Viết guide/review; ưu tiên long-tail; tạo topic hub và internal link về trang dịch vụ,B,50.0,0%,0
điểm du lịch quảng bình đẹp,Tổng hợp Quảng Bình,Tổng hợp,In-scope Quảng Bình,Informational,50,N/A,N/A,N/A,Planner (Thấp),data/google_planner/quang-binh/Keyword Stats 2026-02-23 at 00_37_49.csv,Viết guide/review; ưu tiên long-tail; tạo topic hub và internal link về trang dịch vụ,B,50.0,0%,0
điểm du lịch ở quảng bình,Tổng hợp Quảng Bình,Tổng hợp,In-scope Quảng Bình,Informational,50,N/A,N/A,N/A,Planner (Thấp),data/google_planner/quang-binh/Keyword Stats 2026-02-23 at 00_37_49.csv,Viết guide/review; ưu tiên long-tail; tạo topic hub và internal link về trang dịch vụ,B,50.0,0%,0
điểm tham quan quảng bình,Tổng hợp Quảng Bình,Tổng hợp,In-scope Quảng Bình,Informational,50,N/A,N/A,N/A,Planner (Thấp),data/google_planner/quang-binh/Keyword Stats 2026-02-23 at 00_37_49.csv,Viết guide/review; ưu tiên long-tail; tạo topic hub và internal link về trang dịch vụ,B,50.0,0%,0
điểm tham quan ở quảng bình,Tổng hợp Quảng Bình,Tổng hợp,In-scope Quảng Bình,Informational,50,N/A,N/A,N/A,Planner (Thấp),data/google_planner/quang-binh/Keyword Stats 2026-02-23 at 00_37_49.csv,Viết guide/review; ưu tiên long-tail; tạo topic hub và internal link về trang dịch vụ,B,50.0,0%,0
điểm vui chơi quảng bình,Tổng hợp Quảng Bình,Tổng hợp,In-scope Quảng Bình,Informational,50,N/A,N/A,N/A,Planner (Thấp),data/google_planner/quang-binh/Keyword Stats 2026-02-23 at 00_37_49.csv,Viết guide/review; ưu tiên long-tail; tạo topic hub và internal link về trang dịch vụ,B,50.0,0%,0
điểm vui chơi ở quảng bình,Tổng hợp Quảng Bình,Tổng hợp,In-scope Quảng Bình,Informational,50,N/A,N/A,N/A,Planner (Thấp),data/google_planner/quang-binh/Keyword Stats 2026-02-23 at 00_37_49.csv,Viết guide/review; ưu tiên long-tail; tạo topic hub và internal link về trang dịch vụ,B,50.0,0%,0
đảo yến quang binh,Tổng hợp Quảng Bình,Tổng hợp,In-scope Quảng Bình,Informational,50,N/A,N/A,N/A,Planner (Không xác định),data/google_planner/quang-binh/Keyword Stats 2026-02-23 at 00_37_49.csv,Viết guide/review; ưu tiên long-tail; tạo topic hub và internal link về trang dịch vụ,B,50.0,0%,0
đặt phòng mường thanh quảng bình,Tổng hợp Quảng Bình,Tổng hợp,In-scope Quảng Bình,Informational,50,N/A,N/A,N/A,Planner (Trung bình),data/google_planner/quang-binh/Keyword Stats 2026-02-23 at 00_37_49.csv,Viết guide/review; ưu tiên long-tail; tạo topic hub và internal link về trang dịch vụ,B,50.0,0%,0
đặt phòng vinpearl quảng bình,Tổng hợp Quảng Bình,Tổng hợp,In-scope Quảng Bình,Informational,50,N/A,N/A,N/A,Planner (Không xác định),data/google_planner/quang-binh/Keyword Stats 2026-02-23 at 00_37_49.csv,Viết guide/review; ưu tiên long-tail; tạo topic hub và internal link về trang dịch vụ,B,50.0,-100.0%,0
địa danh du lịch quảng bình,Tổng hợp Quảng Bình,Tổng hợp,In-scope Quảng Bình,Informational,50,N/A,N/A,N/A,Planner (Trung bình),data/google_planner/quang-binh/Keyword Stats 2026-02-23 at 00_37_49.csv,Viết guide/review; ưu tiên long-tail; tạo topic hub và internal link về trang dịch vụ,B,50.0,0%,0
địa danh nổi tiếng ở quảng bình,Tổng hợp Quảng Bình,Tổng hợp,In-scope Quảng Bình,Informational,50,N/A,N/A,N/A,Planner (Thấp),data/google_planner/quang-binh/Keyword Stats 2026-02-23 at 00_37_49.csv,Viết guide/review; ưu tiên long-tail; tạo topic hub và internal link về trang dịch vụ,B,50.0,0%,0
địa danh quảng bình,Tổng hợp Quảng Bình,Tổng hợp,In-scope Quảng Bình,Informational,50,N/A,N/A,N/A,Planner (Thấp),data/google_planner/quang-binh/Keyword Stats 2026-02-23 at 00_37_49.csv,Viết guide/review; ưu tiên long-tail; tạo topic hub và internal link về trang dịch vụ,B,50.0,0%,0
địa danh ở quảng bình,Tổng hợp Quảng Bình,Tổng hợp,In-scope Quảng Bình,Informational,50,N/A,N/A,N/A,Planner (Thấp),data/google_planner/quang-binh/Keyword Stats 2026-02-23 at 00_37_49.csv,Viết guide/review; ưu tiên long-tail; tạo topic hub và internal link về trang dịch vụ,B,50.0,0%,0
địa điểm check in quảng bình,Tổng hợp Quảng Bình,Tổng hợp,In-scope Quảng Bình,Informational,50,N/A,N/A,N/A,Planner (Thấp),data/google_planner/quang-binh/Keyword Stats 2026-02-23 at 00_37_49.csv,Viết guide/review; ưu tiên long-tail; tạo topic hub và internal link về trang dịch vụ,B,50.0,0%,0
địa điểm chơi quảng bình,Tổng hợp Quảng Bình,Tổng hợp,In-scope Quảng Bình,Informational,50,N/A,N/A,N/A,Planner (Thấp),data/google_planner/quang-binh/Keyword Stats 2026-02-23 at 00_37_49.csv,Viết guide/review; ưu tiên long-tail; tạo topic hub và internal link về trang dịch vụ,B,50.0,0%,0
địa điểm chụp ảnh đẹp ở quảng bình,Tổng hợp Quảng Bình,Tổng hợp,In-scope Quảng Bình,Informational,50,N/A,N/A,N/A,Planner (Thấp),data/google_planner/quang-binh/Keyword Stats 2026-02-23 at 00_37_49.csv,Viết guide/review; ưu tiên long-tail; tạo topic hub và internal link về trang dịch vụ,B,50.0,0%,0
địa điểm du lịch tại quảng bình,Tổng hợp Quảng Bình,Tổng hợp,In-scope Quảng Bình,Informational,50,N/A,N/A,N/A,Planner (Thấp),data/google_planner/quang-binh/Keyword Stats 2026-02-23 at 00_37_49.csv,Viết guide/review; ưu tiên long-tail; tạo topic hub và internal link về trang dịch vụ,B,50.0,0%,0
địa điểm du lịch đồng hới,Tổng hợp Quảng Bình,Tổng hợp,In-scope Quảng Bình,Informational,50,N/A,N/A,N/A,Planner (Thấp),data/google_planner/quang-binh/Keyword Stats 2026-02-23 at 00_37_49.csv,Viết guide/review; ưu tiên long-tail; tạo topic hub và internal link về trang dịch vụ,B,50.0,0%,0
địa điểm du lịch ở đồng hới,Tổng hợp Quảng Bình,Tổng hợp,In-scope Quảng Bình,Informational,50,N/A,N/A,N/A,Planner (Thấp),data/google_planner/quang-binh/Keyword Stats 2026-02-23 at 00_37_49.csv,Viết guide/review; ưu tiên long-tail; tạo topic hub và internal link về trang dịch vụ,B,50.0,0%,0
địa điểm nổi tiếng ở quảng bình,Tổng hợp Quảng Bình,Tổng hợp,In-scope Quảng Bình,Informational,50,N/A,N/A,N/A,Planner (Thấp),data/google_planner/quang-binh/Keyword Stats 2026-02-23 at 00_37_49.csv,Viết guide/review; ưu tiên long-tail; tạo topic hub và internal link về trang dịch vụ,B,50.0,0%,0
địa điểm phượt quảng bình,Tổng hợp Quảng Bình,Tổng hợp,In-scope Quảng Bình,Informational,50,N/A,N/A,N/A,Planner (Không xác định),data/google_planner/quang-binh/Keyword Stats 2026-02-23 at 00_37_49.csv,Viết guide/review; ưu tiên long-tail; tạo topic hub và internal link về trang dịch vụ,B,50.0,0%,0
địa điểm quảng bình,Tổng hợp Quảng Bình,Tổng hợp,In-scope Quảng Bình,Informational,50,N/A,N/A,N/A,Planner (Thấp),data/google_planner/quang-binh/Keyword Stats 2026-02-23 at 00_37_49.csv,Viết guide/review; ưu tiên long-tail; tạo topic hub và internal link về trang dịch vụ,B,50.0,0%,0
địa điểm tham quan quảng bình,Tổng hợp Quảng Bình,Tổng hợp,In-scope Quảng Bình,Informational,50,N/A,N/A,N/A,Planner (Thấp),data/google_planner/quang-binh/Keyword Stats 2026-02-23 at 00_37_49.csv,Viết guide/review; ưu tiên long-tail; tạo topic hub và internal link về trang dịch vụ,B,50.0,0%,0
địa điểm vui chơi quảng bình,Tổng hợp Quảng Bình,Tổng hợp,In-scope Quảng Bình,Informational,50,N/A,N/A,N/A,Planner (Trung bình),data/google_planner/quang-binh/Keyword Stats 2026-02-23 at 00_37_49.csv,Viết guide/review; ưu tiên long-tail; tạo topic hub và internal link về trang dịch vụ,B,50.0,0%,0
địa điểm vui chơi tại quảng bình,Tổng hợp Quảng Bình,Tổng hợp,In-scope Quảng Bình,Informational,50,N/A,N/A,N/A,Planner (Thấp),data/google_planner/quang-binh/Keyword Stats 2026-02-23 at 00_37_49.csv,Viết guide/review; ưu tiên long-tail; tạo topic hub và internal link về trang dịch vụ,B,50.0,0%,0
địa điểm vui chơi ở quảng bình,Tổng hợp Quảng Bình,Tổng hợp,In-scope Quảng Bình,Informational,50,N/A,N/A,N/A,Planner (Thấp),data/google_planner/quang-binh/Keyword Stats 2026-02-23 at 00_37_49.csv,Viết guide/review; ưu tiên long-tail; tạo topic hub và internal link về trang dịch vụ,B,50.0,0%,0
địa điểm ăn chơi quảng bình,Tổng hợp Quảng Bình,Tổng hợp,In-scope Quảng Bình,Informational,50,N/A,N/A,N/A,Planner (Thấp),data/google_planner/quang-binh/Keyword Stats 2026-02-23 at 00_37_49.csv,Viết guide/review; ưu tiên long-tail; tạo topic hub và internal link về trang dịch vụ,B,50.0,0%,0
địa điểm ăn chơi đồng hới,Tổng hợp Quảng Bình,Tổng hợp,In-scope Quảng Bình,Informational,50,N/A,N/A,N/A,Planner (Không xác định),data/google_planner/quang-binh/Keyword Stats 2026-02-23 at 00_37_49.csv,Viết guide/review; ưu tiên long-tail; tạo topic hub và internal link về trang dịch vụ,B,50.0,-100.0%,0
địa điểm ăn chơi ở quảng bình,Tổng hợp Quảng Bình,Tổng hợp,In-scope Quảng Bình,Informational,50,N/A,N/A,N/A,Planner (Thấp),data/google_planner/quang-binh/Keyword Stats 2026-02-23 at 00_37_49.csv,Viết guide/review; ưu tiên long-tail; tạo topic hub và internal link về trang dịch vụ,B,50.0,0%,0
địa điểm ăn chơi ở đồng hới,Tổng hợp Quảng Bình,Tổng hợp,In-scope Quảng Bình,Informational,50,N/A,N/A,N/A,Planner (Thấp),data/google_planner/quang-binh/Keyword Stats 2026-02-23 at 00_37_49.csv,Viết guide/review; ưu tiên long-tail; tạo topic hub và internal link về trang dịch vụ,B,50.0,0%,0
địa điểm đi chơi quảng bình,Tổng hợp Quảng Bình,Tổng hợp,In-scope Quảng Bình,Informational,50,N/A,N/A,N/A,Planner (Thấp),data/google_planner/quang-binh/Keyword Stats 2026-02-23 at 00_37_49.csv,Viết guide/review; ưu tiên long-tail; tạo topic hub và internal link về trang dịch vụ,B,50.0,0%,0
địa điểm đi chơi ở quảng bình,Tổng hợp Quảng Bình,Tổng hợp,In-scope Quảng Bình,Informational,50,N/A,N/A,N/A,Planner (Thấp),data/google_planner/quang-binh/Keyword Stats 2026-02-23 at 00_37_49.csv,Viết guide/review; ưu tiên long-tail; tạo topic hub và internal link về trang dịch vụ,B,50.0,0%,0
địa điểm đẹp quảng bình,Tổng hợp Quảng Bình,Tổng hợp,In-scope Quảng Bình,Informational,50,N/A,N/A,N/A,Planner (Thấp),data/google_planner/quang-binh/Keyword Stats 2026-02-23 at 00_37_49.csv,Viết guide/review; ưu tiên long-tail; tạo topic hub và internal link về trang dịch vụ,B,50.0,0%,0
địa điểm đẹp ở quảng bình,Tổng hợp Quảng Bình,Tổng hợp,In-scope Quảng Bình,Informational,50,N/A,N/A,N/A,Planner (Thấp),data/google_planner/quang-binh/Keyword Stats 2026-02-23 at 00_37_49.csv,Viết guide/review; ưu tiên long-tail; tạo topic hub và internal link về trang dịch vụ,B,50.0,0%,0
đồng hới du lịch,Tổng hợp Quảng Bình,Tổng hợp,In-scope Quảng Bình,Informational,50,N/A,N/A,N/A,Planner (Trung bình),data/google_planner/quang-binh/Keyword Stats 2026-02-23 at 00_37_49.csv,Viết guide/review; ưu tiên long-tail; tạo topic hub và internal link về trang dịch vụ,B,50.0,0%,0
đồng hới quảng bình du lịch,Tổng hợp Quảng Bình,Tổng hợp,In-scope Quảng Bình,Informational,50,N/A,N/A,N/A,Planner (Thấp),data/google_planner/quang-binh/Keyword Stats 2026-02-23 at 00_37_49.csv,Viết guide/review; ưu tiên long-tail; tạo topic hub và internal link về trang dịch vụ,B,50.0,0%,0
động sơn đoòng quảng bình,Tổng hợp Quảng Bình,Tổng hợp,In-scope Quảng Bình,Informational,50,N/A,N/A,N/A,Planner (Thấp),data/google_planner/quang-binh/Keyword Stats 2026-02-23 at 00_37_49.csv,Viết guide/review; ưu tiên long-tail; tạo topic hub và internal link về trang dịch vụ,B,50.0,0%,0
động thiên đường tỉnh quảng bình,Tổng hợp Quảng Bình,Tổng hợp,In-scope Quảng Bình,Informational,50,N/A,N/A,N/A,Planner (Thấp),data/google_planner/quang-binh/Keyword Stats 2026-02-23 at 00_37_49.csv,Viết guide/review; ưu tiên long-tail; tạo topic hub và internal link về trang dịch vụ,B,50.0,-90.0%,0
động thiên đường ở quảng bình,Tổng hợp Quảng Bình,Tổng hợp,In-scope Quảng Bình,Informational,50,N/A,N/A,N/A,Planner (Thấp),data/google_planner/quang-binh/Keyword Stats 2026-02-23 at 00_37_49.csv,Viết guide/review; ưu tiên long-tail; tạo topic hub và internal link về trang dịch vụ,B,50.0,0%,0
du lịch quảng bình,Tổng hợp Quảng Bình,Tổng hợp,In-scope Quảng Bình,Informational,N/A,N/A,N/A,N/A,Trend SI:18 3%,data/google_trend/searched_with_rising-queries_VN_20250210-1750_20260210-1750.csv; data/google_trend/searched_with_top-queries_VN_20250210-1752_20260210-1752.csv,Viết guide/review; ưu tiên long-tail; tạo topic hub và internal link về trang dịch vụ,B,18.0,3%,N/A
vũng chùa đảo yến,Vũng Chùa - Đảo Yến,Địa danh tham quan / Văn hóa - Lịch sử,In-scope Quảng Bình,Commercial Investigation,5400,N/A,N/A,N/A,Low (0),data/seo_insider/advance_search_report.csv,Viết bài top-list/so sánh; map vào cluster hub; bổ sung schema + ảnh/UGC,B,5400.0,N/A,N/A
du lịch vũng chùa đảo yến,Vũng Chùa - Đảo Yến,Địa danh tham quan / Văn hóa - Lịch sử,In-scope Quảng Bình,Informational,50,N/A,N/A,N/A,Planner (Thấp),data/google_planner/quang-binh/Keyword Stats 2026-02-23 at 00_37_49.csv,Viết guide/review; ưu tiên long-tail; tạo topic hub và internal link về trang dịch vụ,B,50.0,0%,0
khu du lịch vũng chùa đảo yến,Vũng Chùa - Đảo Yến,Địa danh tham quan / Văn hóa - Lịch sử,In-scope Quảng Bình,Informational,50,N/A,N/A,N/A,Planner (Thấp),data/google_planner/quang-binh/Keyword Stats 2026-02-23 at 00_37_49.csv,Viết guide/review; ưu tiên long-tail; tạo topic hub và internal link về trang dịch vụ,B,50.0,0%,0
hang chà lòi quảng bình,Ăn uống Quảng Bình,Ẩm thực (F&B),In-scope Quảng Bình,Informational,50,N/A,N/A,N/A,Planner (Thấp),data/google_planner/quang-binh/Keyword Stats 2026-02-23 at 00_37_49.csv,Viết guide/review; ưu tiên long-tail; tạo topic hub và internal link về trang dịch vụ,B,50.0,0%,0
bảo tàng dân tộc học việt nam,Điểm tham quan Quảng Bình,Địa danh tham quan / Văn hóa - Lịch sử,In-scope Quảng Bình,Informational,N/A,36615,18,0.05%,N/A (N/A),data/google_search_console/Queries.csv,"Cập nhật nội dung theo intent, bổ sung FAQ + schema, tối ưu title/meta để đẩy Top 1-3",A,18.0,N/A,N/A
bảo tàng dân tộc việt nam,Điểm tham quan Quảng Bình,Địa danh tham quan / Văn hóa - Lịch sử,In-scope Quảng Bình,Informational,N/A,20228,15,0.07%,N/A (N/A),data/google_search_console/Queries.csv,"Cập nhật nội dung theo intent, bổ sung FAQ + schema, tối ưu title/meta để đẩy Top 1-3",A,15.0,N/A,N/A
bảo tàng quảng ninh,Điểm tham quan Quảng Bình,Địa danh tham quan / Văn hóa - Lịch sử,In-scope Quảng Bình,Commercial Investigation,40500,N/A,N/A,N/A,Low (0),data/seo_insider/advance_search_report.csv,Viết bài top-list/so sánh; map vào cluster hub; bổ sung schema + ảnh/UGC,B,40500.0,N/A,N/A
bảo tàng áo dài,Điểm tham quan Quảng Bình,Địa danh tham quan / Văn hóa - Lịch sử,In-scope Quảng Bình,Informational,22200,N/A,N/A,N/A,Low (0),data/seo_insider/advance_search_report.csv,Viết guide/review; ưu tiên long-tail; tạo topic hub và internal link về trang dịch vụ,B,22200.0,N/A,N/A
bảo tàng dân tộc học,Điểm tham quan Quảng Bình,Địa danh tham quan / Văn hóa - Lịch sử,In-scope Quảng Bình,Informational,12100,N/A,N/A,N/A,Low (2),data/seo_insider/advance_search_report.csv,Viết guide/review; ưu tiên long-tail; tạo topic hub và internal link về trang dịch vụ,B,11858.0,N/A,N/A
bảo tàng 3d art in paradise,Điểm tham quan Quảng Bình,Địa danh tham quan / Văn hóa - Lịch sử,In-scope Quảng Bình,Informational,6600,N/A,N/A,N/A,Low (0),data/seo_insider/advance_search_report.csv,Viết guide/review; ưu tiên long-tail; tạo topic hub và internal link về trang dịch vụ,B,6600.0,N/A,N/A
bảo tàng điêu khắc chăm đà nẵng,Điểm tham quan Quảng Bình,Địa danh tham quan / Văn hóa - Lịch sử,In-scope Quảng Bình,Commercial Investigation,5400,N/A,N/A,N/A,Low (0),data/seo_insider/advance_search_report.csv,Viết bài top-list/so sánh; map vào cluster hub; bổ sung schema + ảnh/UGC,B,5400.0,N/A,N/A
hang én quảng bình,Điểm tham quan Quảng Bình,Địa danh tham quan / Văn hóa - Lịch sử,In-scope Quảng Bình,Informational,500,N/A,N/A,N/A,Planner (Thấp),data/google_planner/quang-binh/Keyword Stats 2026-02-23 at 00_37_49.csv,Viết guide/review; ưu tiên long-tail; tạo topic hub và internal link về trang dịch vụ,B,500.0,0%,0
tú làn quảng bình,Điểm tham quan Quảng Bình,Địa danh tham quan / Văn hóa - Lịch sử,In-scope Quảng Bình,Informational,500,N/A,N/A,N/A,Planner (Thấp),data/google_planner/quang-binh/Keyword Stats 2026-02-23 at 00_37_49.csv,Viết guide/review; ưu tiên long-tail; tạo topic hub và internal link về trang dịch vụ,B,500.0,-90.0%,0
chùa hoằng phúc quảng bình,Điểm tham quan Quảng Bình,Địa danh tham quan / Văn hóa - Lịch sử,In-scope Quảng Bình,Informational,50,N/A,N/A,N/A,Planner (Thấp),data/google_planner/quang-binh/Keyword Stats 2026-02-23 at 00_37_49.csv,Viết guide/review; ưu tiên long-tail; tạo topic hub và internal link về trang dịch vụ,B,50.0,0%,0
du lịch hang én quảng bình,Điểm tham quan Quảng Bình,Địa danh tham quan / Văn hóa - Lịch sử,In-scope Quảng Bình,Informational,50,N/A,N/A,N/A,Planner (Thấp),data/google_planner/quang-binh/Keyword Stats 2026-02-23 at 00_37_49.csv,Viết guide/review; ưu tiên long-tail; tạo topic hub và internal link về trang dịch vụ,B,50.0,0%,0
du lịch tú làn quảng bình,Điểm tham quan Quảng Bình,Địa danh tham quan / Văn hóa - Lịch sử,In-scope Quảng Bình,Informational,50,N/A,N/A,N/A,Planner (Thấp),data/google_planner/quang-binh/Keyword Stats 2026-02-23 at 00_37_49.csv,Viết guide/review; ưu tiên long-tail; tạo topic hub và internal link về trang dịch vụ,B,50.0,0%,0
hang tú làn quảng bình,Điểm tham quan Quảng Bình,Địa danh tham quan / Văn hóa - Lịch sử,In-scope Quảng Bình,Informational,50,N/A,N/A,N/A,Planner (Thấp),data/google_planner/quang-binh/Keyword Stats 2026-02-23 at 00_37_49.csv,Viết guide/review; ưu tiên long-tail; tạo topic hub và internal link về trang dịch vụ,B,50.0,0%,0
hang én ở quảng bình,Điểm tham quan Quảng Bình,Địa danh tham quan / Văn hóa - Lịch sử,In-scope Quảng Bình,Informational,50,N/A,N/A,N/A,Planner (Thấp),data/google_planner/quang-binh/Keyword Stats 2026-02-23 at 00_37_49.csv,Viết guide/review; ưu tiên long-tail; tạo topic hub và internal link về trang dịch vụ,B,50.0,0%,0
tour đà nẵng huế quảng bình 4 ngày 3 đêm,Đà Nẵng Trip,Di chuyển,Out-of-scope Đà Nẵng,Transaction,50,N/A,N/A,N/A,Planner (Trung bình),data/google_planner/quang-binh/Keyword Stats 2026-02-23 at 00_37_49.csv,"Tạo landing chuyển đổi (giá/vé/đặt chỗ), gom vào cluster page + build backlink nội bộ",B,55.00000000000001,0%,"8,074"
tour đà nẵng quảng bình 2 ngày 1 đêm,Đà Nẵng Trip,Di chuyển,Out-of-scope Đà Nẵng,Transaction,50,N/A,N/A,N/A,Planner (Trung bình),data/google_planner/quang-binh/Keyword Stats 2026-02-23 at 00_37_49.csv,"Tạo landing chuyển đổi (giá/vé/đặt chỗ), gom vào cluster page + build backlink nội bộ",B,55.00000000000001,0%,"12,720"
tour đà nẵng quảng bình 3 ngày 2 đêm,Đà Nẵng Trip,Di chuyển,Out-of-scope Đà Nẵng,Transaction,50,N/A,N/A,N/A,Planner (Trung bình),data/google_planner/quang-binh/Keyword Stats 2026-02-23 at 00_37_49.csv,"Tạo landing chuyển đổi (giá/vé/đặt chỗ), gom vào cluster page + build backlink nội bộ",B,55.00000000000001,0%,"6,020"
tour đà nẵng huế quảng bình,Đà Nẵng Trip,Di chuyển,Out-of-scope Đà Nẵng,Commercial Investigation,50,N/A,N/A,N/A,Planner (Trung bình),data/google_planner/quang-binh/Keyword Stats 2026-02-23 at 00_37_49.csv,Viết bài top-list/so sánh; map vào cluster hub; bổ sung schema + ảnh/UGC,B,55.00000000000001,0%,"6,423"
tour đà nẵng huế quảng trị quảng bình,Đà Nẵng Trip,Di chuyển,Out-of-scope Đà Nẵng,Commercial Investigation,50,N/A,N/A,N/A,Planner (Thấp),data/google_planner/quang-binh/Keyword Stats 2026-02-23 at 00_37_49.csv,Viết bài top-list/so sánh; map vào cluster hub; bổ sung schema + ảnh/UGC,B,55.00000000000001,0%,"3,816"
tour đà nẵng quảng bình,Đà Nẵng Trip,Di chuyển,Out-of-scope Đà Nẵng,Commercial Investigation,50,N/A,N/A,N/A,Planner (Thấp),data/google_planner/quang-binh/Keyword Stats 2026-02-23 at 00_37_49.csv,Viết bài top-list/so sánh; map vào cluster hub; bổ sung schema + ảnh/UGC,B,55.00000000000001,0%,"5,573"
tour đà nẵng huế quảng bình 3 ngày 2 đêm,Đà Nẵng Trip,Di chuyển,Out-of-scope Đà Nẵng,Transaction,50,N/A,N/A,N/A,Planner (Thấp),data/google_planner/quang-binh/Keyword Stats 2026-02-23 at 00_37_49.csv,"Tạo landing chuyển đổi (giá/vé/đặt chỗ), gom vào cluster page + build backlink nội bộ",B,50.0,0%,0
tour đà nẵng huế quảng bình 5 ngày 4 đêm,Đà Nẵng Trip,Di chuyển,Out-of-scope Đà Nẵng,Transaction,50,N/A,N/A,N/A,Planner (Trung bình),data/google_planner/quang-binh/Keyword Stats 2026-02-23 at 00_37_49.csv,"Tạo landing chuyển đổi (giá/vé/đặt chỗ), gom vào cluster page + build backlink nội bộ",B,50.0,0%,0
tour du lịch đà nẵng huế quảng bình,Đà Nẵng Trip,Di chuyển,Out-of-scope Đà Nẵng,Commercial Investigation,50,N/A,N/A,N/A,Planner (Không xác định),data/google_planner/quang-binh/Keyword Stats 2026-02-23 at 00_37_49.csv,Viết bài top-list/so sánh; map vào cluster hub; bổ sung schema + ảnh/UGC,B,50.0,-100.0%,0
tour du lịch đà nẵng quảng bình,Đà Nẵng Trip,Di chuyển,Out-of-scope Đà Nẵng,Commercial Investigation,50,N/A,N/A,N/A,Planner (Thấp),data/google_planner/quang-binh/Keyword Stats 2026-02-23 at 00_37_49.csv,Viết bài top-list/so sánh; map vào cluster hub; bổ sung schema + ảnh/UGC,B,50.0,0%,0
tour đà nẵng hội an huế quảng bình,Đà Nẵng Trip,Di chuyển,Out-of-scope Đà Nẵng,Commercial Investigation,50,N/A,N/A,N/A,Planner (Trung bình),data/google_planner/quang-binh/Keyword Stats 2026-02-23 at 00_37_49.csv,Viết bài top-list/so sánh; map vào cluster hub; bổ sung schema + ảnh/UGC,B,50.0,0%,0
tour đà nẵng hội an quảng bình,Đà Nẵng Trip,Di chuyển,Out-of-scope Đà Nẵng,Commercial Investigation,50,N/A,N/A,N/A,Planner (Thấp),data/google_planner/quang-binh/Keyword Stats 2026-02-23 at 00_37_49.csv,Viết bài top-list/so sánh; map vào cluster hub; bổ sung schema + ảnh/UGC,B,50.0,0%,0
du lịch đà nẵng huế quảng bình,Đà Nẵng Trip,Tổng hợp,Out-of-scope Đà Nẵng,Informational,50,N/A,N/A,N/A,Planner (Cao),data/google_planner/quang-binh/Keyword Stats 2026-02-23 at 00_37_49.csv,Viết guide/review; ưu tiên long-tail; tạo topic hub và internal link về trang dịch vụ,B,50.0,0%,0
du lịch đà nẵng quảng bình,Đà Nẵng Trip,Tổng hợp,Out-of-scope Đà Nẵng,Informational,50,N/A,N/A,N/A,Planner (Không xác định),data/google_planner/quang-binh/Keyword Stats 2026-02-23 at 00_37_49.csv,Viết guide/review; ưu tiên long-tail; tạo topic hub và internal link về trang dịch vụ,B,50.0,-100.0%,0
đà nẵng huế quảng bình,Đà Nẵng Trip,Tổng hợp,Out-of-scope Đà Nẵng,Informational,50,N/A,N/A,N/A,Planner (Thấp),data/google_planner/quang-binh/Keyword Stats 2026-02-23 at 00_37_49.csv,Viết guide/review; ưu tiên long-tail; tạo topic hub và internal link về trang dịch vụ,B,50.0,0%,0
động phong nha quảng bình,Động Phong Nha,Địa danh tham quan / Văn hóa - Lịch sử,In-scope Quảng Bình,Informational,500,N/A,N/A,N/A,Planner (Thấp),data/google_planner/quang-binh/Keyword Stats 2026-02-23 at 00_37_49.csv,Viết guide/review; ưu tiên long-tail; tạo topic hub và internal link về trang dịch vụ,B,550.0,0%,"4,741"
du lịch phong nha quảng bình,Động Phong Nha,Địa danh tham quan / Văn hóa - Lịch sử,In-scope Quảng Bình,Informational,50,N/A,N/A,N/A,Planner (Trung bình),data/google_planner/quang-binh/Keyword Stats 2026-02-23 at 00_37_49.csv,Viết guide/review; ưu tiên long-tail; tạo topic hub và internal link về trang dịch vụ,B,55.00000000000001,0%,"3,951"
dong phong nha o quang binh,Động Phong Nha,Địa danh tham quan / Văn hóa - Lịch sử,In-scope Quảng Bình,Informational,50,N/A,N/A,N/A,Planner (Không xác định),data/google_planner/quang-binh/Keyword Stats 2026-02-23 at 00_37_49.csv,Viết guide/review; ưu tiên long-tail; tạo topic hub và internal link về trang dịch vụ,B,50.0,-100.0%,0
dong phong nha quang binh,Động Phong Nha,Địa danh tham quan / Văn hóa - Lịch sử,In-scope Quảng Bình,Informational,50,N/A,N/A,N/A,Planner (Thấp),data/google_planner/quang-binh/Keyword Stats 2026-02-23 at 00_37_49.csv,Viết guide/review; ưu tiên long-tail; tạo topic hub và internal link về trang dịch vụ,B,50.0,0%,0
du lich dong phong nha ke bang quang binh,Động Phong Nha,Địa danh tham quan / Văn hóa - Lịch sử,In-scope Quảng Bình,Informational,50,N/A,N/A,N/A,Planner (Không xác định),data/google_planner/quang-binh/Keyword Stats 2026-02-23 at 00_37_49.csv,Viết guide/review; ưu tiên long-tail; tạo topic hub và internal link về trang dịch vụ,B,50.0,-100.0%,0
du lich dong phong nha quang binh,Động Phong Nha,Địa danh tham quan / Văn hóa - Lịch sử,In-scope Quảng Bình,Informational,50,N/A,N/A,N/A,Planner (Không xác định),data/google_planner/quang-binh/Keyword Stats 2026-02-23 at 00_37_49.csv,Viết guide/review; ưu tiên long-tail; tạo topic hub và internal link về trang dịch vụ,B,50.0,0%,0
hang dong phong nha quang binh,Động Phong Nha,Địa danh tham quan / Văn hóa - Lịch sử,In-scope Quảng Bình,Informational,50,N/A,N/A,N/A,Planner (Không xác định),data/google_planner/quang-binh/Keyword Stats 2026-02-23 at 00_37_49.csv,Viết guide/review; ưu tiên long-tail; tạo topic hub và internal link về trang dịch vụ,B,50.0,0%,0
khu du lich phong nha ke bang quang binh,Động Phong Nha,Địa danh tham quan / Văn hóa - Lịch sử,In-scope Quảng Bình,Informational,50,N/A,N/A,N/A,Planner (Không xác định),data/google_planner/quang-binh/Keyword Stats 2026-02-23 at 00_37_49.csv,Viết guide/review; ưu tiên long-tail; tạo topic hub và internal link về trang dịch vụ,B,50.0,0%,0
phong nha kẻ bàng ở quảng bình,Động Phong Nha,Địa danh tham quan / Văn hóa - Lịch sử,In-scope Quảng Bình,Informational,50,N/A,N/A,N/A,Planner (Thấp),data/google_planner/quang-binh/Keyword Stats 2026-02-23 at 00_37_49.csv,Viết guide/review; ưu tiên long-tail; tạo topic hub và internal link về trang dịch vụ,B,50.0,-90.0%,0
quang binh dong phong nha,Động Phong Nha,Địa danh tham quan / Văn hóa - Lịch sử,In-scope Quảng Bình,Informational,50,N/A,N/A,N/A,Planner (Không xác định),data/google_planner/quang-binh/Keyword Stats 2026-02-23 at 00_37_49.csv,Viết guide/review; ưu tiên long-tail; tạo topic hub và internal link về trang dịch vụ,B,50.0,-100.0%,0
quảng bình có động phong nha,Động Phong Nha,Địa danh tham quan / Văn hóa - Lịch sử,In-scope Quảng Bình,Informational,50,N/A,N/A,N/A,Planner (Thấp),data/google_planner/quang-binh/Keyword Stats 2026-02-23 at 00_37_49.csv,Viết guide/review; ưu tiên long-tail; tạo topic hub và internal link về trang dịch vụ,B,50.0,0%,0
quảng bình phong nha,Động Phong Nha,Địa danh tham quan / Văn hóa - Lịch sử,In-scope Quảng Bình,Informational,50,N/A,N/A,N/A,Planner (Thấp),data/google_planner/quang-binh/Keyword Stats 2026-02-23 at 00_37_49.csv,Viết guide/review; ưu tiên long-tail; tạo topic hub và internal link về trang dịch vụ,B,50.0,0%,0
quảng bình động phong nha,Động Phong Nha,Địa danh tham quan / Văn hóa - Lịch sử,In-scope Quảng Bình,Informational,50,N/A,N/A,N/A,Planner (Thấp),data/google_planner/quang-binh/Keyword Stats 2026-02-23 at 00_37_49.csv,Viết guide/review; ưu tiên long-tail; tạo topic hub và internal link về trang dịch vụ,B,50.0,0%,0
từ thành phố đồng hới đi phong nha,Động Phong Nha,Địa danh tham quan / Văn hóa - Lịch sử,In-scope Quảng Bình,Informational,50,N/A,N/A,N/A,Planner (Thấp),data/google_planner/quang-binh/Keyword Stats 2026-02-23 at 00_37_49.csv,Viết guide/review; ưu tiên long-tail; tạo topic hub và internal link về trang dịch vụ,B,50.0,0%,0
từ đồng hới đi phong nha,Động Phong Nha,Địa danh tham quan / Văn hóa - Lịch sử,In-scope Quảng Bình,Informational,50,N/A,N/A,N/A,Planner (Không xác định),data/google_planner/quang-binh/Keyword Stats 2026-02-23 at 00_37_49.csv,Viết guide/review; ưu tiên long-tail; tạo topic hub và internal link về trang dịch vụ,B,50.0,-100.0%,0
từ đồng hới đi phong nha kẻ bàng,Động Phong Nha,Địa danh tham quan / Văn hóa - Lịch sử,In-scope Quảng Bình,Informational,50,N/A,N/A,N/A,Planner (Thấp),data/google_planner/quang-binh/Keyword Stats 2026-02-23 at 00_37_49.csv,Viết guide/review; ưu tiên long-tail; tạo topic hub và internal link về trang dịch vụ,B,50.0,0%,0
đi phong nha kẻ bàng từ đồng hới,Động Phong Nha,Địa danh tham quan / Văn hóa - Lịch sử,In-scope Quảng Bình,Informational,50,N/A,N/A,N/A,Planner (Không xác định),data/google_planner/quang-binh/Keyword Stats 2026-02-23 at 00_37_49.csv,Viết guide/review; ưu tiên long-tail; tạo topic hub và internal link về trang dịch vụ,B,50.0,0%,0
đi từ đồng hới đến phong nha,Động Phong Nha,Địa danh tham quan / Văn hóa - Lịch sử,In-scope Quảng Bình,Informational,50,N/A,N/A,N/A,Planner (Không xác định),data/google_planner/quang-binh/Keyword Stats 2026-02-23 at 00_37_49.csv,Viết guide/review; ưu tiên long-tail; tạo topic hub và internal link về trang dịch vụ,B,50.0,-100.0%,0
động phong nha ở quảng bình,Động Phong Nha,Địa danh tham quan / Văn hóa - Lịch sử,In-scope Quảng Bình,Informational,50,N/A,N/A,N/A,Planner (Thấp),data/google_planner/quang-binh/Keyword Stats 2026-02-23 at 00_37_49.csv,Viết guide/review; ưu tiên long-tail; tạo topic hub và internal link về trang dịch vụ,B,50.0,0%,0
đồng hới phong nha,Động Phong Nha,Địa danh tham quan / Văn hóa - Lịch sử,In-scope Quảng Bình,Informational,50,N/A,N/A,N/A,Planner (Thấp),data/google_planner/quang-binh/Keyword Stats 2026-02-23 at 00_37_49.csv,Viết guide/review; ưu tiên long-tail; tạo topic hub và internal link về trang dịch vụ,B,50.0,0%,0
đồng hới đi phong nha,Động Phong Nha,Địa danh tham quan / Văn hóa - Lịch sử,In-scope Quảng Bình,Informational,50,N/A,N/A,N/A,Planner (Thấp),data/google_planner/quang-binh/Keyword Stats 2026-02-23 at 00_37_49.csv,Viết guide/review; ưu tiên long-tail; tạo topic hub và internal link về trang dịch vụ,B,50.0,0%,0
đồng hới đi phong nha kẻ bàng,Động Phong Nha,Địa danh tham quan / Văn hóa - Lịch sử,In-scope Quảng Bình,Informational,50,N/A,N/A,N/A,Planner (Thấp),data/google_planner/quang-binh/Keyword Stats 2026-02-23 at 00_37_49.csv,Viết guide/review; ưu tiên long-tail; tạo topic hub và internal link về trang dịch vụ,B,50.0,0%,0
động phong nha kẻ bàng quảng bình,Động Phong Nha,Địa danh tham quan / Văn hóa - Lịch sử,In-scope Quảng Bình,Informational,50,N/A,N/A,N/A,Planner (Thấp),data/google_planner/quang-binh/Keyword Stats 2026-02-23 at 00_37_49.csv,Viết guide/review; ưu tiên long-tail; tạo topic hub và internal link về trang dịch vụ,B,50.0,0%,0
dong thien duong o quang binh,Động Thiên Đường,Địa danh tham quan / Văn hóa - Lịch sử,In-scope Quảng Bình,Informational,50,N/A,N/A,N/A,Planner (Không xác định),data/google_planner/quang-binh/Keyword Stats 2026-02-23 at 00_37_49.csv,Viết guide/review; ưu tiên long-tail; tạo topic hub và internal link về trang dịch vụ,B,50.0,-100.0%,0
dong thien duong quang binh,Động Thiên Đường,Địa danh tham quan / Văn hóa - Lịch sử,In-scope Quảng Bình,Informational,50,N/A,N/A,N/A,Planner (Thấp),data/google_planner/quang-binh/Keyword Stats 2026-02-23 at 00_37_49.csv,Viết guide/review; ưu tiên long-tail; tạo topic hub và internal link về trang dịch vụ,B,50.0,0%,0
dong thien duong quang binh viet nam,Động Thiên Đường,Địa danh tham quan / Văn hóa - Lịch sử,In-scope Quảng Bình,Informational,50,N/A,N/A,N/A,Planner (Trung bình),data/google_planner/quang-binh/Keyword Stats 2026-02-23 at 00_37_49.csv,Viết guide/review; ưu tiên long-tail; tạo topic hub và internal link về trang dịch vụ,B,50.0,0%,0
du lich dong thien duong quang binh,Động Thiên Đường,Địa danh tham quan / Văn hóa - Lịch sử,In-scope Quảng Bình,Informational,50,N/A,N/A,N/A,Planner (Thấp),data/google_planner/quang-binh/Keyword Stats 2026-02-23 at 00_37_49.csv,Viết guide/review; ưu tiên long-tail; tạo topic hub và internal link về trang dịch vụ,B,50.0,0%,0
hang dong thien duong o quang binh,Động Thiên Đường,Địa danh tham quan / Văn hóa - Lịch sử,In-scope Quảng Bình,Informational,50,N/A,N/A,N/A,Planner (Không xác định),data/google_planner/quang-binh/Keyword Stats 2026-02-23 at 00_37_49.csv,Viết guide/review; ưu tiên long-tail; tạo topic hub và internal link về trang dịch vụ,B,50.0,0%,0
đong thien duong o quang binh,Động Thiên Đường,Địa danh tham quan / Văn hóa - Lịch sử,In-scope Quảng Bình,Informational,50,N/A,N/A,N/A,Planner (Thấp),data/google_planner/quang-binh/Keyword Stats 2026-02-23 at 00_37_49.csv,Viết guide/review; ưu tiên long-tail; tạo topic hub và internal link về trang dịch vụ,B,50.0,0%,0
